timestamp,rpm,mold_index,indoor_temp_c,indoor_rh_pct,indoor_abs_humidity_g_m3,outdoor_temp_c,outdoor_rh_pct,outdoor_abs_humidity_g_m3
2025-05-14T06:11:20Z,855,,,,,,,
2025-05-14T07:21:55Z,2370,,8.3,86.4,7.28,8.1,64.8,5.39
2025-05-14T09:21:42Z,2595,,8.4,79.1,6.71,9.7,38.5,3.55
2025-05-14T11:20:58Z,2565,,8.5,75.1,6.41,10.4,35.9,3.46
2025-05-14T13:21:44Z,2430,,8.5,75.7,6.46,9.1,53.4,4.74
2025-05-14T15:21:26Z,2190,,8.4,80,6.79,6.8,69.2,5.29
2025-05-14T17:21:52Z,2325,,8.3,83.9,7.07,5.5,75.2,5.28
2025-05-14T19:22:38Z,2070,,8.2,85.5,7.16,4.3,87.3,5.66
2025-05-14T21:22:58Z,2220,,8.2,87,7.28,3.8,86.7,5.44
2025-05-14T23:22:49Z,2190,,8.1,88,7.32,3.5,88.7,5.46
2025-05-15T01:22:39Z,2025,,8.1,88.5,7.36,4,91.9,5.84
2025-05-15T03:22:34Z,1440,,8.2,89.3,7.48,5.6,98.8,6.99
2025-05-15T05:22:17Z,1455,,8.3,89.5,7.54,7.8,87,7.1
2025-05-15T07:21:57Z,1440,,8.4,88.7,7.52,9.6,77.1,7.06
2025-05-15T09:22:05Z,1515,,8.5,88.2,7.53,10.2,73.2,6.96
2025-05-15T11:22:31Z,1635,,8.6,86.9,7.47,10.5,68.7,6.66
2025-05-15T13:22:12Z,1875,,8.8,86.3,7.51,12.7,56.8,6.32
2025-05-15T15:22:20Z,1935,,8.9,84.2,7.37,12.3,56.2,6.1
2025-05-15T17:22:07Z,1830,,8.8,84.9,7.39,11.1,62.8,6.32
2025-05-15T19:22:32Z,1650,,8.7,86,7.44,9.7,72.5,6.68
2025-05-15T21:22:47Z,1650,,8.6,87.3,7.5,8.6,78.2,6.72
2025-05-15T23:22:32Z,1560,,8.6,88.8,7.63,7.8,85,6.94
2025-05-16T01:22:05Z,1575,,8.4,90,7.63,6.5,91.8,6.88
2025-05-16T03:21:33Z,1380,,8.5,90.3,7.71,8.3,87.5,7.37
2025-05-16T05:21:33Z,1290,,8.6,89.9,7.72,13.3,65.2,7.53
2025-05-16T07:21:43Z,1425,,8.8,89.6,7.8,18.9,44.9,7.27
2025-05-16T09:22:16Z,1710,,9,89.1,7.85,19.6,40.6,6.85
2025-05-16T11:22:29Z,2085,,9,90.6,7.99,17.6,42.3,6.34
2025-05-16T13:22:12Z,2085,,9.1,89.6,7.95,18.3,40.8,6.38
2025-05-16T15:21:45Z,2295,,9.1,90,7.98,18,39.2,6.02
2025-05-16T17:21:50Z,2340,,9.2,88.4,7.89,17.6,39.2,5.88
2025-05-16T19:22:00Z,1470,,9.2,89,7.95,12.7,66.6,7.41
2025-05-16T21:22:25Z,1560,,9,91.2,8.04,9.8,78.6,7.29
2025-05-16T23:21:35Z,1410,,8.8,92,8.01,8.3,89.9,7.58
2025-05-17T01:21:34Z,1515,,8.8,93.3,8.12,7.4,93.8,7.46
2025-05-17T03:21:34Z,1560,,8.7,94,8.13,7.1,94.1,7.34
2025-05-17T05:21:31Z,1500,,8.7,94.3,8.15,7.5,93.8,7.51
2025-05-17T07:21:11Z,1215,,8.8,94.2,8.2,11.7,77.8,8.13
2025-05-17T11:21:36Z,1530,,9,92.9,8.19,15.6,56,7.44
2025-05-17T13:22:13Z,2040,,9,93.1,8.21,14,54.9,6.62
2025-05-17T15:22:29Z,2265,,9,92.8,8.18,12.3,57.8,6.27
2025-05-17T17:22:42Z,1875,,9.1,92.5,8.21,12.1,64.8,6.95
2025-05-17T19:22:59Z,1680,,9,91.8,8.09,10.6,73.5,7.17
2025-05-17T21:22:33Z,1875,,8.8,92.6,8.06,8.3,80.5,6.78
2025-05-17T23:22:41Z,1560,,8.7,93.4,8.08,7.3,93.1,7.35
2025-05-18T01:21:51Z,1560,,8.7,93.8,8.11,6.8,97,7.42
2025-05-18T03:21:57Z,1410,,8.7,93.9,8.12,7.5,95.5,7.64
2025-05-18T05:22:22Z,1230,,8.8,93.7,8.15,9.7,87.8,8.09
2025-05-18T07:22:36Z,1320,,8.9,94.2,8.25,13.4,69.1,8.03
2025-05-18T09:21:57Z,1530,,9,93.8,8.27,16.9,52.5,7.55
2025-05-18T11:22:33Z,2010,,9.1,93.8,8.32,16.9,47.4,6.82
2025-05-18T13:22:41Z,2130,,9.3,91.4,8.21,18.4,41.4,6.51
2025-05-18T15:23:14Z,2325,,9.3,90.9,8.17,18.5,39.1,6.18
2025-05-18T17:22:37Z,1950,,9.4,90.8,8.21,18.1,43.8,6.77
2025-05-18T19:22:32Z,1875,,9.4,91.7,8.29,17.1,48.3,7.03
2025-05-18T21:21:41Z,1920,,9.3,91.8,8.25,14.9,54,6.88
2025-05-18T23:21:14Z,1785,,9.3,89.7,8.06,12.4,63.5,6.94
2025-05-19T01:21:42Z,1815,,9.2,89.7,8.01,11.3,67.2,6.85
2025-05-19T03:21:20Z,1800,,9.1,90,7.98,12.3,63.7,6.91
2025-05-19T05:21:10Z,1785,,9.2,91.3,8.15,18,45.3,6.96
2025-05-19T07:21:06Z,2130,,9.2,90.6,8.09,22.1,32.7,6.38
2025-05-19T09:20:39Z,2355,,9.3,90.1,8.09,23,29.2,6.0
2025-05-19T11:20:12Z,2550,,9.4,88.7,8.02,19.4,32.3,5.39
2025-05-19T13:19:51Z,2385,,9.4,89.5,8.09,17.1,41,5.97
2025-05-19T15:20:19Z,2340,,9.4,88.8,8.03,16,44,5.99
2025-05-19T17:20:45Z,2220,,9.4,91,8.23,16.6,45,6.35
2025-05-19T19:21:24Z,2130,,9.4,89.4,8.08,14.2,52.7,6.43
2025-05-19T21:20:42Z,2520,,9.1,89.4,7.93,10.4,58.7,5.66
2025-05-19T23:20:58Z,2565,,9,85.8,7.56,9.1,54.6,4.84
2025-05-20T01:21:01Z,2550,,8.9,85.6,7.5,7.5,60.9,4.87
2025-05-20T03:21:01Z,2295,,8.8,86.2,7.5,9.6,61.7,5.65
2025-05-20T05:21:21Z,1875,,9.1,86.6,7.68,16.2,47.4,6.53
2025-05-20T07:21:09Z,1650,,9.2,88.9,7.94,22.5,35.4,7.07
2025-05-20T09:21:05Z,2475,,9.4,86.1,7.79,22.1,28.6,5.58
2025-05-20T11:21:53Z,2100,,9.6,82.6,7.56,18.6,38,6.05
2025-05-20T13:21:39Z,2565,,9.7,80.9,7.46,17.7,34,5.13
2025-05-20T15:21:43Z,2550,,9.8,75.9,7.04,16.4,30.4,4.24
2025-05-20T17:22:15Z,2580,,9.7,73.5,6.77,14.6,32.4,4.05
2025-05-20T19:22:50Z,2550,,9.4,74.9,6.77,11.5,41.3,4.26
2025-05-20T21:22:29Z,2550,,9.1,76.1,6.75,8.7,45,3.89
2025-05-20T23:22:24Z,2550,,8.8,80.8,7.03,5.1,53.7,3.67
2025-05-21T01:22:14Z,2565,,8.7,80.6,6.97,4.3,59,3.83
2025-05-21T03:22:46Z,2550,,8.6,80.5,6.92,7.3,54.7,4.32
2025-05-21T05:23:33Z,2535,,8.8,79,6.87,15.6,36.3,4.83
2025-05-21T07:23:51Z,2550,,9.1,76.7,6.8,19.3,26.2,4.34
2025-05-21T09:24:14Z,2550,,9.2,80.5,7.19,16,33.8,4.6
2025-05-21T11:23:45Z,2565,,9.2,84.6,7.55,13.6,35.7,4.2
2025-05-21T13:23:24Z,2565,,9.3,84.3,7.57,15.2,34.9,4.53
2025-05-21T15:24:06Z,2550,,9.3,82.5,7.41,14,38.4,4.63
2025-05-21T17:24:09Z,2565,,9.2,85.4,7.62,11.4,50.2,5.15
2025-05-21T19:24:03Z,2310,,9,84.6,7.46,8.6,65.1,5.59
2025-05-21T21:24:40Z,2550,,9,83.9,7.39,9,56.3,4.96
2025-05-21T23:24:03Z,2550,,9,83.3,7.34,9.4,49.8,4.5
2025-05-22T01:24:47Z,2565,,9,85.1,7.5,9.8,55.4,5.14
2025-05-22T03:24:36Z,2190,,9,85.6,7.54,9.8,63.4,5.88
2025-05-22T05:24:03Z,1725,,9.1,87,7.72,12.4,62.1,6.78
2025-05-22T07:24:15Z,1710,,9.2,89,7.95,12.9,62.2,7.01
2025-05-22T09:23:57Z,1680,,9.2,90.1,8.04,13.6,60.5,7.12
2025-05-22T11:24:21Z,1710,,9.3,90.6,8.14,15.1,55.2,7.12
2025-05-22T13:24:58Z,1590,,9.3,91.2,8.19,13.8,62.2,7.41
2025-05-22T15:24:53Z,1860,,9.3,91.5,8.22,14.8,55.2,6.99
2025-05-22T17:24:53Z,1875,,9.4,91.1,8.24,14.8,54.9,6.95
2025-05-22T21:24:37Z,1800,,9.3,91.9,8.26,10.7,72.4,7.11
2025-05-22T23:24:56Z,1335,,9.3,92.9,8.35,10.7,81.9,8.04
2025-05-23T01:25:53Z,1245,,9.3,95,8.54,11,84.3,8.44
2025-05-23T03:25:06Z,1080,,9.3,97.2,8.73,11,89.8,8.99
2025-05-23T05:26:01Z,915,,9.3,97.8,8.79,10.6,96.8,9.44
2025-05-23T07:26:24Z,1095,,9.2,97.7,8.72,9.9,95.7,8.93
2025-05-23T09:26:19Z,1020,,9.2,97.8,8.73,10.4,95,9.15
2025-05-23T11:26:58Z,1110,,9.2,97.6,8.71,10.4,92.4,8.9
2025-05-23T13:26:23Z,1560,,9.2,96.9,8.65,10.8,79.3,7.84
2025-05-23T15:25:57Z,2070,,9.2,95.9,8.56,10.9,69.3,6.89
2025-05-23T17:25:16Z,1935,,9.3,93.7,8.42,10.6,71.9,7.02
2025-05-23T19:25:39Z,1920,,9.1,92,8.16,9.1,77.2,6.85
2025-05-23T21:26:04Z,2220,,8.9,93.3,8.17,6.4,84.4,6.29
2025-05-23T23:25:09Z,2310,,8.8,93.3,8.12,4.9,90.3,6.1
2025-05-24T01:25:17Z,2235,,8.7,92.9,8.03,4.3,93.1,6.04
2025-05-24T03:26:00Z,2100,,8.7,93,8.04,5,94.3,6.41
2025-05-24T05:26:13Z,2085,,8.9,91.6,8.02,9.7,70.1,6.46
2025-05-24T07:25:28Z,2370,,9.1,89.5,7.94,13,51.4,5.83
2025-05-24T09:25:44Z,2550,,9.2,89,7.95,14.1,43.1,5.23
2025-05-24T11:25:30Z,2535,,9.2,89.6,8.0,13.2,40.3,4.63
2025-05-24T13:25:30Z,2535,,9.3,86.7,7.79,12.6,45.3,5.01
2025-05-24T15:25:44Z,2550,,9.2,87.6,7.82,11.7,49.8,5.21
2025-05-24T17:25:47Z,2100,,9.2,87.4,7.8,10.3,65.3,6.25
2025-05-24T19:25:49Z,2010,,9,90.7,7.99,9.1,74,6.56
2025-05-24T21:26:31Z,2040,,8.9,91.9,8.05,7.8,79.6,6.5
2025-05-24T23:26:19Z,1950,,8.9,92.7,8.12,7.2,85.6,6.72
2025-05-25T01:25:44Z,1980,,8.9,93.1,8.15,6.7,87.9,6.68
2025-05-25T03:25:53Z,1980,,8.8,93,8.09,6.4,89.3,6.65
2025-05-25T05:25:57Z,1605,,8.9,93.1,8.15,7.9,88.9,7.3
2025-05-25T07:26:35Z,1545,,9,92.6,8.16,12.4,69,7.54
2025-05-25T09:27:01Z,2550,,9.2,92.4,8.25,17.9,36,5.49
2025-05-25T11:26:25Z,2535,,9.3,91.5,8.22,15.6,39.8,5.29
2025-05-25T13:26:37Z,2535,,9.3,91,8.18,15.2,43.8,5.68
2025-05-25T15:26:32Z,2535,,9.3,91.1,8.18,14.4,43.3,5.35
2025-05-25T17:26:10Z,2010,,9.4,89.9,8.13,12.4,60.8,6.64
2025-05-25T19:27:00Z,1965,,9.3,89.7,8.06,10.7,68,6.68
2025-05-25T21:26:25Z,2010,,9,90.8,8.0,8.6,75.8,6.51
2025-05-25T23:26:44Z,2025,,8.8,91.9,8.0,7.1,83.6,6.52
2025-05-26T01:25:58Z,2130,,8.8,92.1,8.01,5.9,87.8,6.33
2025-05-26T03:25:24Z,1200,,8.8,92.4,8.04,9.7,87,8.02
2025-05-26T05:25:50Z,1215,,9.1,93.7,8.31,15.5,62.8,8.3
2025-05-26T07:26:25Z,1425,,9.2,94.3,8.42,18.8,49.4,7.95
2025-05-26T09:25:57Z,2025,,9.3,94.3,8.47,18.8,42.9,6.91
2025-05-26T11:25:47Z,1920,,9.4,92.7,8.38,15.7,52.6,7.03
2025-05-26T13:25:23Z,1650,,9.4,93.3,8.44,14.8,59.4,7.52
2025-05-26T15:25:45Z,1530,,9.4,94.2,8.52,13.8,65.7,7.82
2025-05-26T17:25:23Z,1530,,9.4,94.5,8.54,12.5,71.7,7.88
2025-05-26T19:24:50Z,1215,,9.4,95.3,8.62,10.7,86.6,8.5
2025-05-26T23:25:25Z,1305,,9.2,97.2,8.68,9.6,92.8,8.5
2025-05-27T01:25:39Z,1245,,9.2,97.6,8.71,9.4,95.3,8.62
2025-05-27T03:25:28Z,1080,,9.2,97.8,8.73,9.7,97.6,9.0
2025-05-27T05:25:31Z,975,,9.3,97.7,8.78,16.3,66.9,9.28
2025-05-27T07:26:04Z,1215,,9.4,97.7,8.83,19.5,52.3,8.78
2025-05-27T09:26:41Z,1650,,9.4,97.4,8.81,20.8,43.2,7.82
2025-05-27T11:27:22Z,2490,,9.5,96.4,8.77,18.2,40.3,6.26
2025-05-27T13:27:51Z,2550,,9.6,93.8,8.59,17.6,38.6,5.79
2025-05-27T15:27:42Z,2535,,9.6,92.4,8.46,16.9,41.2,5.92
2025-05-27T17:27:42Z,2445,,9.6,91.7,8.4,16.4,43.6,6.08
2025-05-27T19:27:16Z,1860,,9.6,92.1,8.43,13,63.5,7.2
2025-05-27T21:27:17Z,1860,,9.4,92.4,8.35,10.1,75.1,7.1
2025-05-27T23:27:03Z,2220,,9.2,93.3,8.33,8,77.3,6.39
2025-05-28T01:27:44Z,2100,,9,93.6,8.25,7.2,83.8,6.58
2025-05-28T03:28:13Z,1605,,9.2,93.9,8.38,10.4,78.4,7.55
2025-05-28T05:28:25Z,1725,,9.4,94,8.5,12.9,65.7,7.4
2025-05-28T07:27:29Z,1650,,9.4,94.4,8.54,15.8,56.4,7.59
2025-05-28T09:27:57Z,1725,,9.5,94.5,8.6,17.9,49,7.48
2025-05-28T11:28:09Z,1995,,9.6,94.2,8.63,18.8,43.8,7.05
2025-05-28T13:28:59Z,1905,,9.6,93.3,8.54,17.4,48.8,7.23
2025-05-28T15:29:10Z,1755,,9.6,93.7,8.58,17.2,51.4,7.52
2025-05-28T17:29:33Z,1410,,9.7,94.2,8.68,17,57,8.24
2025-05-28T19:28:53Z,1500,,9.6,95.3,8.73,14.8,63.8,8.08
2025-05-28T21:28:40Z,1470,,9.6,95.8,8.77,13.5,69.9,8.17
2025-05-28T23:27:47Z,1500,,9.6,97,8.88,12,77.1,8.21
2025-05-29T01:28:38Z,1545,,9.5,97.5,8.87,11.1,81,8.16
2025-05-29T03:28:35Z,1155,,9.5,98,8.92,11.6,87.1,9.05
2025-05-29T07:29:56Z,690,,9.6,99.2,9.08,18.2,67.1,10.43
2025-05-29T09:30:32Z,750,,9.6,99.8,9.14,18.6,63.9,10.17
2025-05-29T11:29:54Z,660,,9.6,99.9,9.15,19.9,61.6,10.58
2025-05-29T13:30:06Z,540,,9.7,100,9.22,19.6,65.5,11.05
2025-05-29T15:30:20Z,585,,9.7,100,9.22,17.6,72.2,10.82
2025-05-29T17:31:05Z,540,,9.6,100,9.16,16.9,76.9,11.06
2025-05-29T19:30:18Z,690,,9.7,100,9.22,14.6,83.4,10.43
2025-05-29T21:30:45Z,750,,9.7,100,9.22,13.3,89.1,10.29
2025-05-29T23:29:59Z,645,,9.7,100,9.22,13.4,91.8,10.67
2025-05-30T01:30:29Z,690,,9.7,100,9.22,12.9,92.5,10.42
2025-05-30T03:30:20Z,705,,9.7,100,9.22,12.6,93.4,10.33
2025-05-30T05:29:30Z,720,,9.6,100,9.16,14.1,85.9,10.42
2025-05-30T07:29:08Z,810,,9.6,100,9.16,18.6,63.3,10.07
2025-05-30T09:28:26Z,900,,9.7,100,9.22,21.8,51.4,9.86
2025-05-30T11:27:52Z,1020,,9.7,100,9.22,19,58.7,9.56
2025-05-30T13:27:05Z,1530,,9.7,100,9.22,18.8,52.1,8.39
2025-05-30T15:26:39Z,2340,,9.7,100,9.22,17.9,44.7,6.82
2025-05-30T17:27:09Z,2445,,9.7,98.5,9.08,15.4,49.8,6.54
2025-05-30T19:27:34Z,1725,,9.7,97.7,9.0,11.5,76.7,7.92
2025-05-30T21:27:11Z,1005,,9.6,99.7,9.13,10.2,100,9.51
2025-05-30T23:27:30Z,945,,9.6,100,9.16,10.6,100,9.76
2025-05-31T01:27:29Z,945,,9.6,100,9.16,10.4,100,9.63
2025-05-31T03:27:04Z,1065,,9.6,100,9.16,10.1,99,9.36
2025-05-31T05:26:31Z,1020,,9.6,100,9.16,10.7,97.1,9.53
2025-05-31T07:27:09Z,1035,,9.6,100,9.16,12.5,85.9,9.44
2025-05-31T09:27:02Z,1545,,9.6,99.9,9.15,17.9,54.9,8.38
2025-05-31T11:27:40Z,2025,,9.7,98.2,9.05,17.3,49.7,7.32
2025-05-31T13:27:30Z,2265,,9.8,95.8,8.89,16.2,48.9,6.74
2025-05-31T15:27:09Z,2445,,9.8,92,8.53,14.6,48.8,6.1
2025-05-31T17:27:47Z,2520,,9.8,89.2,8.27,12.9,52.1,5.87
2025-05-31T19:27:11Z,2505,,9.6,89.2,8.17,10.3,60.5,5.79
2025-05-31T21:26:54Z,2550,,9.3,90.6,8.14,7.9,67.7,5.56
2025-05-31T23:26:42Z,2415,,9.3,91.4,8.21,7.1,76.8,5.99
2025-06-01T01:26:31Z,2355,,9.2,92.6,8.27,6.2,84.2,6.19
2025-06-01T03:27:02Z,1770,,9.2,93,8.3,9.4,79.7,7.21
2025-06-01T05:27:31Z,2130,,9.4,92.2,8.34,17.9,42.9,6.55
2025-06-01T07:28:11Z,2415,,9.6,89,8.15,21.2,32.1,5.95
2025-06-01T09:28:32Z,2565,,9.7,88.7,8.17,21.8,28.3,5.43
2025-06-01T11:28:38Z,2550,,9.8,87.2,8.09,19.2,30.5,5.03
2025-06-01T13:28:20Z,2535,,9.9,86.5,8.07,18.9,29.6,4.79
2025-06-01T15:28:41Z,2550,,10,85.3,8.01,18.8,30.9,4.98
2025-06-01T17:29:14Z,2535,,9.9,86.2,8.05,17.6,36.6,5.49
2025-06-01T19:28:37Z,2550,,9.9,86.6,8.08,14.4,44,5.44
2025-06-01T21:28:04Z,2550,,9.6,87.5,8.01,10.5,55.9,5.42
2025-06-01T23:27:53Z,2535,,9.3,88.7,7.97,7.8,62.4,5.09
2025-06-02T01:28:41Z,2370,,9.2,90.3,8.06,7.6,73.9,5.95
2025-06-02T03:29:15Z,1890,,9.6,90.2,8.26,12.4,63.6,6.95
2025-06-02T05:29:07Z,1920,,9.6,92.4,8.46,13.7,59.7,7.07
2025-06-02T07:28:16Z,1815,,9.7,92.6,8.53,15.7,54.5,7.29
2025-06-02T09:28:21Z,825,,9.7,94.2,8.68,12.6,86.2,9.53
2025-06-02T11:28:51Z,615,,9.6,96.4,8.83,11.7,99.7,10.42
2025-06-02T13:29:25Z,615,,9.7,97.7,9.0,12,100,10.65
2025-06-02T15:29:15Z,510,,9.7,98.9,9.11,12.9,97.5,10.98
2025-06-02T17:28:38Z,720,,9.7,99.4,9.16,12.4,94.2,10.29
2025-06-02T19:28:36Z,1155,,9.6,99.8,9.14,10.3,96.4,9.23
2025-06-02T21:29:04Z,1365,,9.5,99.6,9.06,9,98.4,8.67
2025-06-02T23:28:47Z,1425,,9.4,99.1,8.96,8.4,98.8,8.38
2025-06-03T01:28:01Z,1395,,9.4,98.9,8.94,8.6,100,8.59
2025-06-03T03:28:42Z,1155,,9.5,99.2,9.03,9.6,100,9.16
2025-06-03T05:28:48Z,540,,9.6,99.7,9.13,13.3,95.1,10.98
2025-06-03T07:28:52Z,960,,9.6,99.9,9.15,22.7,48.1,9.72
2025-06-03T09:29:05Z,1530,,9.7,99.6,9.18,22.1,43.2,8.43
2025-06-03T11:29:50Z,1410,,9.8,99.1,9.19,19.8,51,8.71
2025-06-03T13:29:56Z,1635,,9.8,98.9,9.17,18.6,51.6,8.21
2025-06-03T15:30:12Z,1530,,9.8,98.6,9.15,17.2,57.8,8.46
2025-06-03T17:30:45Z,1455,,9.8,98.8,9.16,15.8,64,8.61
2025-06-03T19:30:03Z,1515,,9.8,98.8,9.16,12.4,76.8,8.39
2025-06-03T21:29:24Z,1545,,9.7,98.8,9.11,9.6,90.3,8.27
2025-06-03T23:29:35Z,1950,,9.5,98.5,8.96,8,89.7,7.41
2025-06-04T01:28:55Z,2100,,9.4,98,8.86,6.7,92.4,7.02
2025-06-04T03:28:36Z,1320,,9.4,97.4,8.81,10.5,88.3,8.56
2025-06-04T05:28:34Z,1305,,9.6,97.7,8.95,16.8,60.9,8.7
2025-06-04T07:28:00Z,1425,,9.7,97.6,9.0,20.8,46.4,8.4
2025-06-04T09:27:55Z,1710,,9.8,97.1,9.01,20.6,43.9,7.86
2025-06-04T11:28:05Z,2355,,9.8,96.7,8.97,18.6,41.6,6.62
2025-06-04T13:28:23Z,2280,,9.9,95.3,8.9,18.2,43.7,6.79
2025-06-04T15:27:38Z,2115,,9.9,95,8.87,17.5,47.2,7.03
2025-06-04T17:28:32Z,1710,,9.9,95.3,8.9,16.8,54.6,7.8
2025-06-04T19:29:07Z,1365,,9.9,96.4,9.0,13.9,71.9,8.62
2025-06-04T21:29:55Z,1425,,9.8,97.1,9.01,12.6,77.1,8.53
2025-06-04T23:30:20Z,2010,,9.8,97.2,9.02,14.5,59.7,7.42
2025-06-05T01:30:01Z,1605,,9.9,96.4,9.0,14,67.1,8.09
2025-06-05T03:29:53Z,1470,,9.8,97.1,9.01,13.4,72.1,8.38
2025-06-05T05:28:58Z,1215,,9.9,97.5,9.1,13.1,78.9,9.0
2025-06-05T07:28:43Z,825,,9.8,99.2,9.2,11.9,95.6,10.12
2025-06-05T09:28:40Z,600,,9.8,99.9,9.27,12.5,100,10.99
2025-06-05T11:28:29Z,480,,9.9,100,9.33,13.9,100,11.98
2025-06-05T13:28:20Z,480,,9.9,100,9.33,16.6,85.1,12.02
2025-06-05T15:27:52Z,465,,9.9,100,9.33,17.6,77.9,11.68
2025-06-05T17:27:22Z,1260,,9.9,100,9.33,16.6,64.9,9.16
2025-06-05T19:26:32Z,2235,,9.8,100,9.27,13.3,62.2,7.18
2025-06-05T21:27:07Z,2175,,9.6,98.1,8.98,10,74.8,7.03
2025-06-05T23:26:44Z,2115,,9.4,98,8.86,8,85.4,7.06
2025-06-06T01:27:23Z,2010,,9.4,97.9,8.85,7.3,92.4,7.3
2025-06-06T03:27:51Z,1410,,9.4,98,8.86,9.6,91.4,8.37
2025-06-06T05:28:21Z,1200,,9.7,98.4,9.07,12.1,84.9,9.1
2025-06-06T07:27:47Z,1425,,9.8,98.9,9.17,18.4,54.3,8.54
2025-06-06T09:27:09Z,1635,,9.8,98.8,9.16,17,56.5,8.17
2025-06-06T11:26:35Z,1410,,9.9,98.4,9.18,16.6,61.5,8.68
2025-06-06T13:26:50Z,1200,,9.9,98.9,9.23,16.5,65.8,9.24
2025-06-06T15:26:14Z,1470,,9.9,99.1,9.25,16.5,61.3,8.6
2025-06-06T17:25:56Z,1410,,10,99,9.3,15.4,67,8.8
2025-06-06T19:26:02Z,1155,,9.9,99.3,9.27,13.8,78.7,9.37
2025-06-06T21:26:51Z,1095,,9.9,100,9.33,12.7,86.2,9.59
2025-06-06T23:26:25Z,735,,9.9,100,9.33,12.7,94.5,10.52
2025-06-07T03:25:57Z,525,,9.9,100,9.33,12.9,99.6,11.22
2025-06-07T05:25:07Z,765,,9.8,100,9.27,13.4,89.2,10.36
2025-06-07T07:25:59Z,1035,,9.9,100,9.33,15.2,74.4,9.65
2025-06-07T09:26:11Z,1230,,9.9,100,9.33,15.7,69.2,9.26
2025-06-07T11:26:41Z,1815,,9.9,100,9.33,16.3,57.6,7.99
2025-06-07T13:27:01Z,2175,,9.9,99.8,9.32,16.4,52.2,7.28
2025-06-07T15:26:47Z,2055,,9.9,98.4,9.18,15.4,56.8,7.46
2025-06-07T17:27:36Z,2025,,9.9,98.2,9.17,14.4,60.7,7.5
2025-06-07T19:27:36Z,1755,,9.9,97.6,9.11,12.4,72.8,7.95
2025-06-07T21:27:39Z,1695,,9.9,97.6,9.11,11.3,78.7,8.02
2025-06-07T23:27:36Z,1560,,9.8,96.6,8.96,10.6,84.1,8.21
2025-06-08T01:27:03Z,1590,,9.7,97.5,8.99,9.7,87.8,8.09
2025-06-08T03:27:51Z,1230,,9.7,98.3,9.06,10.3,94.3,9.03
2025-06-08T05:28:21Z,975,,9.8,99.1,9.19,16,71.5,9.74
2025-06-08T07:28:24Z,1560,,9.9,99.4,9.28,22,43.1,8.36
2025-06-08T09:28:52Z,1980,,9.9,97.8,9.13,23.4,35.7,7.51
2025-06-08T11:28:11Z,1980,,10,96.5,9.06,19.8,43.9,7.5
2025-06-08T13:29:05Z,1980,,10.1,95.4,9.02,19.4,44.5,7.42
2025-06-08T15:28:26Z,2130,,10.1,95.2,9.0,18.5,44.6,7.05
2025-06-08T17:28:36Z,2220,,10.1,95.7,9.05,17.2,47.7,6.98
2025-06-08T19:27:42Z,2070,,10.1,95,8.98,14.5,58.6,7.29
2025-06-08T21:27:53Z,2160,,9.9,94.8,8.85,10.8,70.1,6.93
2025-06-08T23:28:02Z,2265,,9.6,95.8,8.77,8.1,80.4,6.69
2025-06-09T01:28:51Z,2340,,9.5,95.9,8.73,6.9,84.4,6.5
2025-06-09T03:28:51Z,1740,,9.6,95.7,8.76,8.8,87.7,7.63
2025-06-09T05:29:36Z,1470,,9.8,95.6,8.87,13.1,72.4,8.26
2025-06-09T07:29:52Z,1485,,9.9,96.4,9.0,16.9,57.8,8.31
2025-06-09T09:30:16Z,1575,,10,96.9,9.1,17.7,54.6,8.24
2025-06-09T11:30:07Z,1245,,10,97.2,9.13,14.5,72.3,8.99
2025-06-09T13:29:38Z,1125,,10,99.3,9.33,12,88.7,9.45
2025-06-09T15:30:01Z,945,,9.9,100,9.33,11.8,94.7,9.96
2025-06-09T17:30:23Z,945,,9.9,100,9.33,11.9,93.5,9.9
2025-06-09T19:31:08Z,990,,9.9,100,9.33,11.6,94.8,9.85
2025-06-09T21:31:17Z,990,,9.9,100,9.33,11.1,97.2,9.79
2025-06-09T23:30:20Z,1275,,9.8,100,9.27,10.1,96.7,9.14
2025-06-10T01:30:28Z,1425,,9.7,100,9.22,9.3,96.2,8.64
2025-06-10T03:30:35Z,1395,,9.7,100,9.22,9.7,94.9,8.75
2025-06-10T05:30:22Z,1020,,9.9,100,9.33,12.4,88.9,9.71
2025-06-10T07:30:48Z,870,,9.9,100,9.33,16.1,73.8,10.11
2025-06-10T09:31:39Z,1425,,9.9,100,9.33,20.7,48.8,8.78
2025-06-10T11:31:39Z,1710,,10,99.3,9.33,20.1,46.8,8.13
2025-06-10T13:31:23Z,2025,,10,98.6,9.26,18.4,47.9,7.53
2025-06-10T15:31:40Z,1545,,10.1,98.5,9.31,16.6,60,8.47
2025-06-10T17:30:49Z,1290,,10,99.5,9.35,14.6,73.1,9.14
2025-06-10T19:31:18Z,1275,,10,100,9.39,12.1,85.6,9.18
2025-06-10T21:31:03Z,1575,,9.9,100,9.33,10.2,88.7,8.44
2025-06-11T01:31:01Z,1815,,9.7,99.7,9.19,8.3,93.1,7.85
2025-06-11T03:31:04Z,1485,,9.7,100,9.22,9.4,95,8.59
2025-06-11T05:30:49Z,915,,9.9,100,9.33,11.5,97.2,10.04
2025-06-11T07:30:38Z,1005,,9.9,100,9.33,11.8,92.9,9.77
2025-06-11T09:31:03Z,990,,9.9,100,9.33,11.3,95.9,9.78
2025-06-11T11:30:21Z,825,,9.9,100,9.33,11.3,100,10.2
2025-06-11T13:30:27Z,660,,9.9,100,9.33,12.3,99.8,10.83
2025-06-11T15:30:25Z,705,,9.9,100,9.33,12,100,10.65
2025-06-11T17:30:53Z,885,,9.9,100,9.33,11.2,100,10.13
2025-06-11T19:31:30Z,930,,9.9,100,9.33,11,100,10.01
2025-06-11T21:31:11Z,990,,9.9,100,9.33,10.6,100,9.76
2025-06-11T23:31:23Z,1035,,9.9,100,9.33,10.4,100,9.63
2025-06-12T01:31:55Z,1035,,9.9,100,9.33,10.5,100,9.7
2025-06-12T03:31:30Z,900,,9.9,100,9.33,11.2,100,10.13
2025-06-12T05:31:57Z,900,,10,100,9.39,,,
2025-06-12T07:31:51Z,810,,10,100,9.39,11.6,100,10.39
2025-06-12T09:30:58Z,615,,10,100,9.39,12.7,100,11.13
2025-06-12T11:30:24Z,525,,10.1,100,9.45,14.3,93.4,11.47
2025-06-12T13:29:41Z,765,,10.2,100,9.51,15.3,80.9,10.56
2025-06-12T15:30:21Z,900,,10.3,100,9.57,16.4,73.7,10.28
2025-06-12T17:30:23Z,675,,10.2,100,9.51,15.6,83,11.03
2025-06-12T19:30:26Z,780,,10.1,100,9.45,14.2,86,10.5
2025-06-12T21:30:00Z,795,,10.1,100,9.45,12.9,92.8,10.45
2025-06-12T23:30:29Z,960,,10.1,100,9.45,11.7,95.4,9.97
2025-06-13T01:31:19Z,1365,,10,100,9.39,10.8,90.6,8.95
2025-06-13T05:30:04Z,1410,,10,98.6,9.26,16.4,62.9,8.78
2025-06-13T07:29:35Z,1500,,10.1,98.1,9.27,21.5,45.7,8.62
2025-06-13T09:29:40Z,1815,,10.3,94.5,9.05,21.1,41.7,7.68
2025-06-13T11:29:37Z,2235,,10.3,92.6,8.87,18.9,42.2,6.83
2025-06-13T13:29:00Z,2325,,10.5,90.2,8.75,18.6,40.8,6.49
2025-06-13T15:29:27Z,2040,,10.6,88.6,8.64,19,43.3,7.05
2025-06-13T17:30:07Z,2085,,10.6,88.8,8.66,18.6,43.4,6.91
2025-06-13T19:30:05Z,1815,,10.4,92.2,8.88,16.1,55.7,7.63
2025-06-13T21:29:18Z,2055,,10.1,94.7,8.95,11.8,68.4,7.2
2025-06-13T23:29:51Z,2310,,9.8,95.8,8.89,8.9,76.2,6.67
2025-06-14T01:30:14Z,2355,,9.7,96.1,8.86,7.4,82,6.52
2025-06-14T03:29:58Z,1515,,9.8,96,8.9,12.4,74.8,8.17
2025-06-14T05:28:59Z,1200,,10.1,96.5,9.12,21.9,47.1,9.09
2025-06-14T07:29:41Z,1860,,10.1,96.1,9.08,26.8,30.2,7.69
2025-06-14T09:30:16Z,1770,,10.2,94.8,9.02,27,30.6,7.88
2025-06-14T11:30:48Z,2055,,10.3,93.4,8.94,23.3,34.6,7.23
2025-06-14T13:30:11Z,1950,,10.4,93.1,8.97,23,36.6,7.52
2025-06-14T15:29:35Z,1695,,10.5,93.5,9.07,23.2,38.4,7.98
2025-06-14T17:29:36Z,1515,,10.5,94.4,9.15,22.7,41.8,8.45
2025-06-14T19:29:49Z,1320,,10.4,96.8,9.33,19.8,53,9.05
2025-06-14T21:29:23Z,1875,,10.3,97.5,9.33,16.2,57,7.86
2025-06-14T23:29:46Z,2100,,10.3,96.9,9.28,13.3,63.7,7.36
2025-06-15T01:29:11Z,2160,,10.1,96.7,9.14,11.3,70.4,7.18
2025-06-15T03:29:28Z,1770,,10.1,96.7,9.14,14.4,64.3,7.95
2025-06-15T05:29:32Z,1410,,10.2,97,9.23,22.5,43.9,8.77
2025-06-15T07:29:41Z,1185,,10.3,97.6,9.34,28,34.3,9.33
2025-06-15T09:29:47Z,1065,,10.3,98.4,9.42,29.4,33.2,9.75
2025-06-15T11:29:29Z,1275,,10.4,99,9.54,27.4,35.1,9.24
2025-06-15T13:29:07Z,1470,,10.4,98.3,9.47,26.7,34.6,8.76
2025-06-15T15:28:17Z,1455,,10.5,98.6,9.56,26.2,36.5,8.99
2025-06-15T17:28:17Z,1365,,10.5,99.3,9.63,24.3,41.8,9.25
2025-06-15T19:28:41Z,1380,,10.5,100,9.7,20.6,51,9.13
2025-06-15T21:28:38Z,1695,,10.4,100,9.63,16.9,59.1,8.5
2025-06-15T23:28:13Z,1815,,10.4,100,9.63,14.2,67.8,8.28
2025-06-16T01:28:17Z,2025,,10.4,99.3,9.57,12.9,68.9,7.76
2025-06-16T03:28:12Z,1875,,10.4,98.7,9.51,13.3,69.8,8.06
2025-06-16T05:27:56Z,1455,,10.4,99,9.54,16.3,64.1,8.89
2025-06-16T07:28:30Z,975,,10.4,100,9.63,23.6,48.2,10.25
2025-06-16T09:28:20Z,1065,,10.4,100,9.63,24.7,43.7,9.89
2025-06-16T11:27:44Z,1665,,10.4,100,9.63,25,36.8,8.47
2025-06-16T13:27:55Z,1245,,10.5,100,9.7,24.1,43.7,9.56
2025-06-16T15:27:05Z,660,,10.5,100,9.7,22.1,57.4,11.2
2025-06-16T17:27:09Z,1125,,10.4,100,9.63,19.6,58.1,9.81
2025-06-16T19:26:47Z,1080,,10.5,100,9.7,17.5,66.6,9.93
2025-06-16T21:27:19Z,885,,10.5,100,9.7,16.4,75,10.46
2025-06-16T23:26:26Z,720,,10.5,100,9.7,15.3,84.5,11.03
2025-06-17T01:26:54Z,690,,10.5,100,9.7,14.7,88.1,11.09
2025-06-17T03:27:43Z,555,,10.5,100,9.7,14.8,91.1,11.54
2025-06-17T05:27:53Z,480,,10.5,100,9.7,16.2,92.1,12.7
2025-06-17T07:27:08Z,465,,10.5,100,9.7,16.7,91.8,13.04
2025-06-17T09:27:16Z,480,,10.5,100,9.7,16.5,92.9,13.04
2025-06-17T11:27:41Z,525,,10.6,100,9.76,16.2,84.9,11.7
2025-06-17T13:27:55Z,810,,10.5,100,9.7,17.4,72.3,10.71
2025-06-17T15:28:28Z,1050,,10.5,100,9.7,18.1,65,10.04
2025-06-17T17:28:01Z,1440,,10.5,100,9.7,17.9,59.4,9.07
2025-06-17T19:27:51Z,1575,,10.5,100,9.7,15.3,66.9,8.73
2025-06-17T21:27:13Z,1710,,10.4,100,9.63,13.1,73.9,8.43
2025-06-17T23:26:33Z,1650,,10.4,100,9.63,12.8,76.6,8.58
2025-06-18T01:26:57Z,1380,,10.4,100,9.63,12.7,82.9,9.22
2025-06-18T03:27:28Z,735,,10.4,100,9.63,13.3,94.6,10.92
2025-06-18T05:27:15Z,585,,10.4,100,9.63,14.6,91.3,11.42
2025-06-18T07:27:36Z,480,,10.4,100,9.63,20.6,70,12.53
2025-06-18T09:27:02Z,480,,10.4,100,9.63,19.5,75.3,12.63
2025-06-18T11:27:21Z,465,,10.5,100,9.7,17.7,84.7,12.77
2025-06-18T13:27:55Z,630,,10.5,100,9.7,15.6,84.4,11.22
2025-06-18T15:28:00Z,480,,10.6,100,9.76,16,89.3,12.16
2025-06-18T17:27:53Z,810,,10.6,100,9.76,14.8,84.8,10.74
2025-06-18T19:28:26Z,1125,,10.5,100,9.7,13.7,83.5,9.88
2025-06-18T21:29:02Z,1425,,10.4,100,9.63,12.3,82.7,8.98
2025-06-18T23:29:33Z,1650,,10.3,100,9.57,11.4,82.9,8.51
2025-06-19T01:29:47Z,1755,,10.1,100,9.45,9.9,87.8,8.2
2025-06-19T03:30:12Z,1605,,10.1,100,9.45,10.2,89.6,8.52
2025-06-19T05:29:29Z,1395,,10.2,100,9.51,11.5,88.2,9.11
2025-06-19T07:29:51Z,1185,,10.3,100,9.57,13.7,81.6,9.66
2025-06-19T09:30:10Z,1185,,10.4,100,9.63,15.8,72.2,9.71
2025-06-19T11:30:35Z,705,,10.4,100,9.63,14.8,86.5,10.95
2025-06-19T13:30:26Z,825,,10.4,100,9.63,14.2,86.2,10.52
2025-06-19T15:30:03Z,825,,10.4,100,9.63,13.8,89.3,10.64
2025-06-19T17:29:43Z,855,,10.4,100,9.63,13.5,89.6,10.48
2025-06-19T19:29:46Z,900,,10.4,100,9.63,13.1,90.8,10.36
2025-06-19T21:29:06Z,915,,10.4,100,9.63,12.2,95.5,10.3
2025-06-19T23:28:29Z,1065,,10.3,100,9.57,11.9,93.3,9.88
2025-06-20T01:28:29Z,1260,,10.3,100,9.57,11.6,91.1,9.47
2025-06-20T03:28:35Z,1275,,10.3,100,9.57,11.6,90.4,9.39
2025-06-20T05:27:45Z,1305,,10.3,100,9.57,13.2,81,9.3
2025-06-20T07:26:59Z,1650,,10.4,98.7,9.51,17.7,56,8.45
2025-06-20T09:27:18Z,2085,,10.5,95.2,9.23,19.7,43.2,7.33
2025-06-20T11:27:44Z,2565,,10.6,91.9,8.97,18,40.4,6.2
2025-06-20T13:27:29Z,2295,,10.7,91.2,8.95,19.3,41,6.8
2025-06-20T15:28:18Z,2070,,10.7,92.4,9.07,20.1,42.5,7.39
2025-06-20T17:28:36Z,1695,,10.8,94.5,9.34,17.3,55.9,8.23
2025-06-20T19:29:04Z,1575,,10.6,96.3,9.4,15.7,63.6,8.51
2025-06-20T21:29:03Z,1890,,10.5,97.8,9.48,12.5,73.2,8.04
2025-06-20T23:29:08Z,1935,,10.3,97.3,9.32,10.3,81,7.75
2025-06-21T01:29:40Z,2085,,10.2,97.7,9.29,8.9,85.2,7.46
2025-06-21T03:29:34Z,1410,,10.2,98.2,9.34,12.2,82.4,8.89
2025-06-21T05:28:57Z,1320,,10.3,99.2,9.5,14.4,75,9.27
2025-06-21T07:28:55Z,1275,,10.4,99.7,9.61,14.4,75.9,9.38
2025-06-21T09:29:40Z,1425,,10.4,100,9.63,11.6,86.4,8.98
2025-06-21T11:29:44Z,945,,10.4,100,9.63,11.8,97.7,10.28
2025-06-21T13:30:01Z,1350,,10.4,100,9.63,13.8,77.6,9.24
2025-06-21T15:29:43Z,915,,10.4,100,9.63,13,90.9,10.3
2025-06-21T17:29:27Z,1545,,10.4,100,9.63,11.9,82.9,8.78
2025-06-21T19:29:31Z,1575,,10.3,100,9.57,10.6,88.4,8.63
2025-06-21T21:28:41Z,1335,,10.2,100,9.51,9.9,98.4,9.18
2025-06-21T23:28:33Z,1245,,10.1,100,9.45,10,100,9.39
2025-06-22T01:27:49Z,1485,,10.1,100,9.45,9.5,96.5,8.78
2025-06-22T03:28:43Z,1410,,10.1,98.8,9.34,10.4,91.9,8.85
2025-06-22T05:28:35Z,1275,,10.3,98.1,9.39,14.3,75.1,9.22
2025-06-22T07:28:21Z,1905,,10.4,97.1,9.36,20.4,44.3,7.84
2025-06-22T09:28:48Z,1650,,10.5,94.5,9.16,19.5,48.5,8.14
2025-06-22T11:28:55Z,2100,,10.5,95.6,9.27,18.1,47.8,7.38
2025-06-22T13:28:31Z,2010,,10.6,93.3,9.1,17.8,49.5,7.51
2025-06-22T15:28:26Z,1785,,10.6,93.2,9.09,18.1,50.8,7.85
2025-06-22T17:27:44Z,1875,,10.6,93.4,9.11,17.3,52.2,7.69
2025-06-22T19:27:10Z,1830,,10.6,94.9,9.26,15.7,58.9,7.88
2025-06-22T21:26:54Z,1995,,10.4,96.3,9.28,12.2,70.3,7.58
2025-06-22T23:27:29Z,2340,,10.1,96.8,9.15,8.8,78.9,6.87
2025-06-23T01:28:18Z,2445,,10,96.9,9.1,6.9,85,6.54
2025-06-23T03:28:02Z,1650,,10,97.2,9.13,10.6,84.1,8.21
2025-06-23T05:27:11Z,2070,,10.3,97.5,9.33,16,55.3,7.53
2025-06-23T07:27:54Z,2415,,10.4,96.2,9.27,16.3,48.8,6.77
2025-06-23T09:28:17Z,1680,,10.5,96.7,9.38,15.8,61.6,8.29
2025-06-23T11:28:51Z,2055,,10.4,97.5,9.39,16.5,54.2,7.61
2025-06-23T13:28:48Z,1905,,10.5,96.8,9.39,16.6,56.1,7.92
2025-06-23T15:29:25Z,1320,,10.5,97,9.4,15.1,71.1,9.17
2025-06-23T17:29:22Z,1245,,10.5,99.1,9.61,13.9,79.1,9.48
2025-06-23T19:29:23Z,915,,10.4,100,9.63,12.1,96.6,10.36
2025-06-23T21:29:52Z,840,,10.4,100,9.63,11.8,100,10.52
2025-06-23T23:29:18Z,825,,10.4,100,9.63,11.9,100,10.59
2025-06-24T01:28:28Z,825,,10.4,100,9.63,11.9,100,10.59
2025-06-24T03:28:55Z,645,,10.4,100,9.63,12.8,100,11.2
2025-06-24T05:28:28Z,585,,10.4,100,9.63,13.2,99.5,11.42
2025-06-24T07:28:49Z,495,,10.4,100,9.63,13.6,100,11.76
2025-06-24T09:29:03Z,690,,10.4,100,9.63,12.5,100,10.99
2025-06-24T11:29:08Z,765,,10.4,100,9.63,12.1,100,10.72
2025-06-24T13:29:52Z,855,,10.4,100,9.63,12.7,93.5,10.4
2025-06-24T15:29:04Z,930,,10.4,100,9.63,12.5,93.2,10.24
2025-06-24T17:29:40Z,810,,10.4,100,9.63,12,100,10.65
2025-06-24T19:29:34Z,885,,10.3,100,9.57,11.6,100,10.39
2025-06-24T21:30:05Z,990,,10.3,100,9.57,11.1,100,10.07
2025-06-24T23:30:05Z,1005,,10.4,100,9.63,11.2,100,10.13
2025-06-25T01:30:29Z,870,,10.4,100,9.63,11.6,100,10.39
2025-06-25T03:29:54Z,720,,10.4,100,9.63,12.6,100,11.06
2025-06-25T05:29:48Z,615,,10.5,100,9.7,13,100,11.34
2025-06-25T07:29:52Z,525,,10.4,100,9.63,13.5,100,11.69
2025-06-25T09:30:24Z,570,,10.5,100,9.7,14.4,92.6,11.44
2025-06-25T11:29:43Z,570,,10.5,100,9.7,16.3,83.8,11.62
2025-06-25T13:29:52Z,645,,10.6,100,9.76,16.3,81,11.23
2025-06-25T15:30:18Z,600,,10.6,100,9.76,16.2,84.3,11.62
2025-06-25T19:29:48Z,1020,,10.5,100,9.7,12.9,89.7,10.11
2025-06-25T21:30:32Z,1530,,10.4,100,9.63,12,83.1,8.85
2025-06-25T23:31:10Z,1710,,10.3,100,9.57,11.2,83,8.41
2025-06-26T01:30:37Z,1935,,10.2,100,9.51,8.7,91.8,7.94
2025-06-26T03:30:25Z,1920,,10.1,99.3,9.39,8.9,89.9,7.87
2025-06-26T05:30:14Z,1755,,10.1,97.6,9.23,11.6,77.5,8.05
2025-06-26T07:30:03Z,1410,,10.3,97.2,9.31,17.8,58.4,8.86
2025-06-26T09:30:53Z,1485,,10.4,96.8,9.33,18.3,55.3,8.64
2025-06-26T11:30:35Z,1575,,10.5,96,9.31,16.1,61.5,8.43
2025-06-26T13:29:55Z,1515,,10.5,95.9,9.3,15.4,65.4,8.59
2025-06-26T15:30:16Z,1485,,10.6,97.2,9.48,16.5,63,8.84
2025-06-26T17:29:55Z,1365,,10.5,98.4,9.54,15.5,69.4,9.17
2025-06-26T19:29:49Z,1515,,10.5,99.5,9.65,12.8,79.4,8.89
2025-06-26T21:29:07Z,1845,,10.3,99.3,9.51,10.1,85.4,8.07
2025-06-26T23:29:14Z,2040,,10.1,99.3,9.39,8.3,90.3,7.61
2025-06-27T01:29:32Z,2040,,10,99,9.3,7.5,94.3,7.55
2025-06-27T03:29:19Z,1020,,10.2,99.9,9.5,10.9,100,9.94
2025-06-27T05:28:56Z,855,,10.4,100,9.63,18.6,65.9,10.49
2025-06-27T07:29:28Z,1635,,10.4,100,9.63,20.8,47.7,8.64
2025-06-27T09:28:57Z,1620,,10.5,99.9,9.69,18.9,53.5,8.66
2025-06-27T11:28:49Z,1590,,10.5,100,9.7,17.6,58.4,8.76
2025-06-27T13:28:02Z,1245,,10.5,100,9.7,17.8,63.2,9.59
2025-06-27T15:28:41Z,1080,,10.5,100,9.7,16.8,70.1,10.02
2025-06-27T17:28:52Z,825,,10.6,100,9.76,15.6,80.6,10.71
2025-06-27T19:28:14Z,720,,10.6,100,9.76,14.5,89.2,11.09
2025-06-27T21:29:01Z,705,,10.6,100,9.76,13.5,95.2,11.13
2025-06-27T23:29:12Z,720,,10.5,100,9.7,12.6,100,11.06
2025-06-28T01:28:40Z,810,,10.5,100,9.7,12,100,10.65
2025-06-28T03:28:19Z,825,,10.5,100,9.7,11.9,100,10.59
2025-06-28T05:28:54Z,765,,10.5,100,9.7,12.7,97.5,10.85
2025-06-28T07:29:30Z,615,,10.5,100,9.7,13.6,97.3,11.45
2025-06-28T09:29:14Z,585,,10.5,100,9.7,14.3,93.7,11.51
2025-06-28T11:29:13Z,780,,10.6,100,9.76,16.9,75.1,10.8
2025-06-28T13:28:32Z,855,,10.6,100,9.76,18.3,67.6,10.57
2025-06-28T15:27:51Z,870,,10.5,100,9.7,18.3,67.1,10.49
2025-06-28T17:27:10Z,855,,10.5,100,9.7,16.5,75.7,10.63
2025-06-28T19:26:56Z,750,,10.6,100,9.76,14.7,87.5,11.01
2025-06-28T21:27:15Z,1065,,10.5,100,9.7,12.9,88.5,9.97
2025-06-28T23:27:06Z,690,,10.5,100,9.7,12.7,100,11.13
2025-06-29T01:27:16Z,645,,10.5,100,9.7,12.9,100,11.27
2025-06-29T03:26:59Z,570,,10.5,100,9.7,13.3,100,11.55
2025-06-29T05:26:17Z,465,,10.5,100,9.7,13.9,100,11.98
2025-06-29T07:26:26Z,480,,10.5,100,9.7,14.5,100,12.43
2025-06-29T09:25:52Z,480,,10.6,100,9.76,15.6,97.4,12.95
2025-06-29T11:25:57Z,1275,,10.6,100,9.76,17.6,64,9.6
2025-06-29T13:25:41Z,1785,,10.7,100,9.82,18.6,52.9,8.42
2025-06-29T15:25:47Z,2370,,10.8,97.1,9.59,17.6,47.7,7.15
2025-06-29T17:24:49Z,2130,,10.9,95.4,9.49,16.7,52.8,7.5
2025-06-29T19:24:07Z,2040,,10.8,94.6,9.35,14.7,60.7,7.64
2025-06-29T21:24:19Z,1950,,10.7,94.7,9.3,12.7,69.7,7.76
2025-06-29T23:24:04Z,1830,,10.6,95.7,9.34,11.6,76.6,7.96
2025-06-30T01:23:36Z,1725,,10.5,96.5,9.36,10.7,83.4,8.19
2025-06-30T03:24:15Z,1410,,10.5,96.9,9.39,13,78,8.84
2025-06-30T05:24:25Z,1200,,10.6,97.4,9.5,18.3,60.9,9.52
2025-06-30T07:25:05Z,1485,,10.8,95.4,9.43,19.7,51.7,8.78
2025-06-30T09:25:06Z,1395,,10.9,95.1,9.46,18.9,55.8,9.04
2025-06-30T11:24:26Z,1515,,11,94.3,9.44,19.1,53.4,8.75
2025-06-30T13:24:21Z,1500,,11.1,94.4,9.51,19.8,51.6,8.81
2025-06-30T15:24:49Z,1410,,11,94.2,9.43,18.6,56.5,8.99
2025-06-30T17:25:27Z,1320,,11,95.3,9.54,17.6,61.5,9.22
2025-06-30T19:25:10Z,1215,,10.9,97.7,9.71,16.1,70.7,9.69
2025-06-30T21:24:30Z,1260,,10.8,99.3,9.81,14.1,79.7,9.67
2025-06-30T23:24:18Z,1395,,10.7,99.4,9.76,12.9,82.2,9.26
2025-07-01T01:23:37Z,1395,,10.6,99.2,9.68,11.8,87.1,9.16
2025-07-01T03:23:07Z,1110,,10.7,99.7,9.79,14.8,79.1,10.02
2025-07-01T05:23:07Z,960,,10.7,100,9.82,21.4,56.2,10.54
2025-07-01T07:22:23Z,1095,,10.9,98.9,9.83,24.7,44.3,10.03
2025-07-01T09:21:47Z,1725,,11.1,96.6,9.73,25,36.9,8.5
2025-07-01T11:21:07Z,1695,,11.4,92.7,9.51,23.2,40.3,8.38
2025-07-01T13:20:56Z,1455,,11.4,94.5,9.7,23.8,42.2,9.08
2025-07-01T15:20:54Z,1290,,11.2,96.2,9.75,24,43.9,9.55
2025-07-01T17:21:50Z,1290,,11.1,97.9,9.86,22.2,48.7,9.56
2025-07-01T19:21:46Z,1500,,11,98.8,9.89,19.9,53,9.1
2025-07-01T21:21:53Z,1635,,10.9,99.1,9.85,16.6,62.3,8.8
2025-07-01T23:20:58Z,1875,,10.9,98.4,9.78,14.7,65.6,8.26
2025-07-02T01:20:32Z,1890,,10.7,98.5,9.67,12.5,74.6,8.2
2025-07-02T03:20:56Z,1305,,10.8,98.9,9.77,16,69.9,9.52
2025-07-02T05:20:26Z,945,,10.8,99.7,9.85,25.3,45.2,10.58
2025-07-02T07:20:25Z,1155,,10.8,100,9.88,28.2,36.3,9.99
2025-07-02T09:19:43Z,1365,,10.9,100,9.94,28.4,34.1,9.49
2025-07-02T11:20:24Z,555,,10.9,100,9.94,26.3,47.9,11.86
2025-07-02T13:20:32Z,495,,10.9,100,9.94,27.1,51.8,13.41
2025-07-02T15:19:49Z,480,,10.9,100,9.94,26.8,51.4,13.09
2025-07-02T17:19:20Z,555,,11.2,100,10.13,24.6,53.4,12.02
2025-07-02T19:18:52Z,765,,11,100,10.01,21.6,58.5,11.09
2025-07-02T21:18:11Z,780,,10.9,100,9.94,18.8,68.3,11.0
2025-07-02T23:17:36Z,795,,10.9,100,9.94,16.9,76,10.93
2025-07-03T01:17:55Z,810,,10.9,100,9.94,16.1,80.7,11.06
2025-07-03T03:17:05Z,660,,10.9,100,9.94,16.3,82.7,11.47
2025-07-03T05:17:32Z,465,,10.9,100,9.94,18.6,78.7,12.52
2025-07-03T07:17:58Z,810,,10.9,100,9.94,20.8,60.2,10.9
2025-07-03T09:17:10Z,855,,10.9,100,9.94,22.6,53.7,10.79
2025-07-03T11:17:39Z,855,,10.9,100,9.94,22,55.9,10.85
2025-07-03T13:17:12Z,780,,10.9,100,9.94,20.6,62,11.09
2025-07-03T15:16:31Z,465,,11,100,10.01,20.5,76.8,13.66
2025-07-03T17:16:19Z,480,,11,100,10.01,18.5,77.2,12.21
2025-07-03T19:16:23Z,900,,10.9,100,9.94,15.8,79.3,10.67
2025-07-03T21:16:03Z,1185,,10.8,100,9.88,13.8,83.3,9.92
2025-07-03T23:16:17Z,1350,,10.8,100,9.88,12.6,85.2,9.42
2025-07-04T01:16:58Z,1275,,10.7,100,9.82,10.7,98.2,9.64
2025-07-04T03:16:59Z,1485,,10.7,100,9.82,11.6,87.3,9.07
2025-07-04T05:17:37Z,1545,,10.7,100,9.82,16.4,64.5,9.0
2025-07-04T07:16:57Z,1665,,10.8,100,9.88,21.3,46.9,8.74
2025-07-04T09:17:23Z,2190,,10.8,100,9.88,21.7,40.4,7.71
2025-07-04T11:16:40Z,2220,,11,97.4,9.75,19.3,45.1,7.48
2025-07-04T13:16:16Z,2340,,11,94.7,9.48,18,46,7.06
2025-07-04T15:15:39Z,2550,,11.1,93.5,9.41,17.2,45.1,6.6
2025-07-04T17:15:55Z,2535,,11.1,92.5,9.31,16,47.9,6.52
2025-07-04T19:16:33Z,2550,,11,89.6,8.97,13.8,52.6,6.26
2025-07-04T21:16:29Z,2535,,10.7,91.6,8.99,10.7,62.6,6.15
2025-07-04T23:16:48Z,2550,,10.5,94.7,9.18,8,75,6.2
2025-07-05T01:16:21Z,2550,,10.4,95.7,9.22,7.1,81.7,6.37
2025-07-05T03:17:03Z,1845,,10.4,96.8,9.33,9.4,88.3,7.98
2025-07-05T05:17:09Z,1155,,10.7,98.2,9.64,14,80.9,9.75
2025-07-05T07:16:24Z,1305,,10.7,98.9,9.71,20.7,52.5,9.45
2025-07-05T09:17:01Z,1200,,10.8,99.9,9.87,19,60.6,9.87
2025-07-05T11:16:27Z,975,,10.9,100,9.94,18,68.3,10.49
2025-07-05T13:15:48Z,1470,,10.9,100,9.94,17.9,60.6,9.25
2025-07-05T15:15:57Z,1350,,10.9,100,9.94,16,70.2,9.56
2025-07-05T17:15:59Z,975,,10.9,100,9.94,13.5,89.7,10.49
2025-07-05T19:16:18Z,900,,10.8,100,9.88,12.3,98.5,10.69
2025-07-05T21:15:52Z,1005,,10.8,100,9.88,11.5,100,10.33
2025-07-05T23:16:25Z,1020,,10.8,100,9.88,11.4,100,10.26
2025-07-06T01:15:54Z,915,,10.8,100,9.88,11.9,100,10.59
2025-07-06T03:15:33Z,855,,10.8,100,9.88,12.2,100,10.79
2025-07-06T05:14:34Z,660,,10.9,100,9.94,13.3,100,11.55
2025-07-06T07:13:58Z,465,,10.9,100,9.94,14.1,100,12.13
2025-07-06T09:13:14Z,465,,10.9,100,9.94,14.2,100,12.21
2025-07-06T11:13:21Z,480,,10.9,100,9.94,15.2,100,12.97
2025-07-06T13:13:17Z,465,,10.9,100,9.94,15.2,100,12.97
2025-07-06T15:12:38Z,480,,10.9,100,9.94,15,100,12.82
2025-07-06T17:12:17Z,465,,10.9,100,9.94,14.7,100,12.59
2025-07-06T19:11:47Z,480,,10.9,100,9.94,14.2,100,12.21
2025-07-06T21:11:05Z,600,,10.9,100,9.94,13.4,100,11.62
2025-07-06T23:10:48Z,630,,10.9,100,9.94,13.3,100,11.55
2025-07-07T01:10:32Z,555,,10.9,100,9.94,13.7,100,11.84
2025-07-07T03:11:06Z,480,,10.9,100,9.94,14.4,100,12.36
2025-07-07T05:11:24Z,465,,10.9,100,9.94,14.5,100,12.43
2025-07-07T07:10:58Z,480,,10.9,100,9.94,15,100,12.82
2025-07-07T09:10:59Z,480,,10.9,100,9.94,15.5,100,13.21
2025-07-07T11:10:46Z,480,,11,100,10.01,17.4,93.4,13.84
2025-07-07T13:09:57Z,480,,11,100,10.01,20.1,75.9,13.19
2025-07-07T15:10:15Z,480,,11,100,10.01,19.1,79.7,13.06
2025-07-07T17:09:49Z,465,,11,100,10.01,17.2,91.1,13.34
2025-07-07T19:09:18Z,480,,11,100,10.01,15.7,99.8,13.35
2025-07-07T21:09:24Z,480,,11,100,10.01,15.1,100,12.9
2025-07-07T23:08:43Z,465,,11,100,10.01,14.6,100,12.51
2025-07-08T01:08:04Z,465,,11,100,10.01,14.6,100,12.51
2025-07-08T03:07:32Z,480,,11.1,100,10.07,14.7,100,12.59
2025-07-08T05:08:10Z,495,,11.2,100,10.13,14.8,100,12.66
2025-07-08T07:08:31Z,480,,11.3,100,10.2,15.3,100,13.05
2025-07-08T09:08:49Z,480,,11.3,100,10.2,16,100,13.62
2025-07-08T11:09:34Z,495,,11.3,100,10.2,16,95.4,12.99
2025-07-08T13:09:05Z,585,,11.1,100,10.07,15.3,90.5,11.81
2025-07-08T15:09:46Z,810,,11,100,10.01,15.9,81.7,11.06
2025-07-08T17:09:32Z,855,,11.1,100,10.07,16.9,76,10.93
2025-07-08T19:09:48Z,855,,11.1,100,10.07,14.6,87,10.88
2025-07-08T21:09:17Z,1230,,10.9,100,9.94,11.4,95.7,9.82
2025-07-08T23:09:48Z,1425,,10.8,100,9.88,9.8,99.4,9.22
2025-07-09T01:09:38Z,1620,,10.6,100,9.76,8.8,100,8.7
2025-07-09T03:09:24Z,1065,,10.6,100,9.76,11.8,96.4,10.14
2025-07-09T05:09:09Z,1245,,10.8,100,9.88,17.1,67.1,9.76
2025-07-09T07:09:16Z,1545,,10.8,100,9.88,22.2,46.2,9.07
2025-07-09T09:10:05Z,1545,,10.9,100,9.94,24,42,9.14
2025-07-09T11:09:52Z,1935,,11,100,10.01,20.3,46.9,8.25
2025-07-09T13:09:35Z,1920,,11,100,10.01,20.1,48.4,8.41
2025-07-09T15:08:52Z,2025,,11,100,10.01,20.4,46.3,8.19
2025-07-09T17:09:24Z,1380,,11.1,100,10.07,18.8,59.7,9.61
2025-07-09T19:08:39Z,1515,,11.1,100,10.07,17.7,61.4,9.26
2025-07-09T21:08:27Z,1590,,11.1,100,10.07,14.3,73.6,9.04
2025-07-09T23:08:58Z,1560,,11,100,10.01,12.7,82.3,9.16
2025-07-10T01:09:05Z,1575,,10.9,100,9.94,11.2,88.5,8.97
2025-07-10T03:09:12Z,1455,,10.8,100,9.88,12,87.2,9.29
2025-07-10T05:09:25Z,975,,10.9,100,9.94,16.7,74.3,10.56
2025-07-10T09:09:58Z,1020,,11.1,100,10.07,21.4,55.6,10.42
2025-07-10T11:09:46Z,1245,,11.1,100,10.07,20.4,56,9.9
2025-07-10T13:09:15Z,1170,,11.1,100,10.07,19.7,59.6,10.12
2025-07-10T15:09:09Z,1245,,11.1,100,10.07,19.2,60.4,9.96
2025-07-10T17:09:26Z,1200,,11.1,100,10.07,17.9,66,10.07
2025-07-10T19:10:10Z,825,,11.1,100,10.07,15.3,84.8,11.07
2025-07-10T21:10:39Z,840,,11.1,100,10.07,14.4,89.4,11.05
2025-07-10T23:10:57Z,840,,11.1,100,10.07,14.3,89.6,11.0
2025-07-11T01:11:04Z,990,,11.1,100,10.07,14.3,85.5,10.5
2025-07-11T03:10:37Z,1050,,11.1,100,10.07,14.6,83.1,10.39
2025-07-11T05:11:06Z,960,,11.1,100,10.07,15.7,80.4,10.75
2025-07-11T07:10:25Z,705,,11.1,100,10.07,15.8,85.5,11.5
2025-07-11T09:10:21Z,555,,11.1,100,10.07,16.3,86.7,12.02
2025-07-11T11:09:44Z,495,,11.1,100,10.07,17.3,85.2,12.55
2025-07-11T13:09:42Z,465,,11.1,100,10.07,19.3,79.2,13.13
2025-07-11T15:10:32Z,480,,11.2,100,10.13,20.3,76.9,13.52
2025-07-11T17:11:27Z,480,,11.3,100,10.2,20.2,78.5,13.72
2025-07-11T19:11:32Z,465,,11.3,100,10.2,18.9,84.3,13.65
2025-07-11T21:11:04Z,465,,11.3,100,10.2,18.5,88.5,14.0
2025-07-11T23:10:25Z,480,,11.3,100,10.2,18.1,90.3,13.95
2025-07-12T01:09:55Z,480,,11.3,100,10.2,17.5,94.7,14.11
2025-07-12T03:10:20Z,465,,11.3,100,10.2,17.2,94.4,13.82
2025-07-12T05:09:55Z,480,,11.3,100,10.2,18.4,92.4,14.53
2025-07-12T07:09:55Z,480,,11.3,100,10.2,26.3,63.8,15.8
2025-07-12T09:09:57Z,480,,11.5,100,10.33,28.1,60.1,16.44
2025-07-12T11:10:38Z,465,,11.5,100,10.33,28.7,60.5,17.11
2025-07-12T13:10:27Z,480,,11.4,100,10.26,24.7,70.7,16.01
2025-07-12T15:09:45Z,465,,11.4,100,10.26,25.4,71.7,16.88
2025-07-12T17:08:50Z,465,,11.4,100,10.26,24.8,73.7,16.78
2025-07-12T19:08:41Z,465,,11.4,100,10.26,22.5,80.5,16.08
2025-07-12T21:08:21Z,465,,11.4,100,10.26,19.3,88.8,14.73
2025-07-12T23:08:49Z,465,,11.4,100,10.26,17.9,90,13.74
2025-07-13T01:08:06Z,480,,11.4,100,10.26,17.5,94.4,14.07
2025-07-13T03:09:04Z,480,,11.4,100,10.26,17.7,96.9,14.61
2025-07-13T05:08:55Z,465,,11.5,100,10.33,21.1,89.8,16.54
2025-07-13T07:08:23Z,465,,11.5,100,10.33,26.6,71.8,18.08
2025-07-13T09:09:09Z,480,,11.5,100,10.33,28.9,58.8,16.81
2025-07-13T11:08:51Z,480,,11.5,100,10.33,27.3,64.6,16.91
2025-07-13T13:08:12Z,465,,11.5,100,10.33,25.3,67.7,15.85
2025-07-13T15:07:54Z,465,,11.5,100,10.33,25.2,63.1,14.69
2025-07-13T17:08:14Z,480,,11.5,100,10.33,25,66.3,15.27
2025-07-13T19:08:57Z,465,,11.6,100,10.39,24.2,73.4,16.15
2025-07-13T21:08:51Z,480,,11.6,100,10.39,21.5,81.1,15.29
2025-07-13T23:09:01Z,465,,11.5,100,10.33,19.7,84.9,14.41
2025-07-14T01:09:32Z,480,,11.5,100,10.33,18.2,89,13.83
2025-07-14T03:09:37Z,480,,11.5,100,10.33,19.3,89.2,14.79
2025-07-14T05:09:51Z,480,,11.5,100,10.33,26.1,67.2,16.46
2025-07-14T07:09:11Z,465,,11.5,100,10.33,30.2,51.7,15.86
2025-07-14T09:09:51Z,480,,11.5,100,10.33,32.1,44,14.95
2025-07-14T11:10:30Z,480,,11.5,100,10.33,28.2,53.9,14.83
2025-07-14T13:10:37Z,480,,11.5,100,10.33,27.4,54.6,14.37
2025-07-14T15:10:05Z,480,,11.6,100,10.39,26.1,59.5,14.57
2025-07-14T17:09:34Z,480,,11.7,100,10.46,22.8,71.6,14.55
2025-07-14T19:09:44Z,465,,11.6,100,10.39,21.2,78.8,14.6
2025-07-14T21:09:18Z,465,,11.6,100,10.39,19.3,85.8,14.23
2025-07-14T23:09:42Z,465,,11.6,100,10.39,18.1,91,14.06
2025-07-15T01:09:14Z,480,,11.6,100,10.39,17.5,95.3,14.2
2025-07-15T03:09:14Z,480,,11.7,100,10.46,19.1,95.9,15.72
2025-07-15T05:08:45Z,480,,11.8,100,10.52,25.3,73.1,17.12
2025-07-15T07:09:08Z,465,,11.7,100,10.46,33.2,45.2,16.29
2025-07-15T09:09:54Z,465,,11.6,100,10.39,32.9,41.9,14.86
2025-07-15T11:10:04Z,645,,11.7,100,10.46,28.2,44,12.11
2025-07-15T13:09:58Z,600,,11.7,100,10.46,27.4,46.8,12.32
2025-07-15T15:10:30Z,765,,11.7,100,10.46,27.6,43.6,11.61
2025-07-15T17:10:55Z,495,,11.8,100,10.52,23.1,72.1,14.9
2025-07-15T19:10:07Z,480,,11.8,100,10.52,19.4,89.6,14.95
2025-07-15T21:11:06Z,465,,11.8,100,10.52,17.9,92.8,14.16
2025-07-15T23:10:45Z,465,,11.7,100,10.46,16.9,96.6,13.89
2025-07-16T01:10:19Z,465,,11.7,100,10.46,16.5,99.2,13.92
2025-07-16T03:10:31Z,480,,11.7,100,10.46,18.2,98.4,15.29
2025-07-16T05:11:23Z,480,,11.8,100,10.52,23.8,80.5,17.32
2025-07-16T07:11:34Z,465,,11.8,100,10.52,31.1,47.4,15.27
2025-07-16T09:10:54Z,480,,11.8,100,10.52,30.8,41.1,13.03
2025-07-16T11:11:17Z,855,,11.7,100,10.46,27.3,43.4,11.36
2025-07-16T13:11:49Z,1170,,11.7,100,10.46,26.6,41.6,10.48
2025-07-16T15:12:16Z,1485,,11.9,100,10.59,27,38.2,9.84
2025-07-16T17:12:28Z,1500,,11.8,100,10.52,26.3,39.3,9.73
2025-07-16T19:13:02Z,1170,,11.9,100,10.59,22.5,53.6,10.71
2025-07-16T23:11:47Z,1560,,11.7,100,10.46,15.1,73.3,9.45
2025-07-17T01:12:21Z,1305,,11.7,100,10.46,14.5,82.4,10.24
2025-07-17T03:11:44Z,1020,,11.7,100,10.46,16.2,79.7,10.99
2025-07-17T05:11:05Z,555,,11.7,100,10.46,25,54.1,12.46
2025-07-17T07:10:50Z,540,,11.7,100,10.46,33.1,35,12.54
2025-07-17T09:11:32Z,480,,11.8,100,10.52,34.6,33.6,13.03
2025-07-17T11:11:55Z,495,,11.8,100,10.52,30.4,41.4,12.84
2025-07-17T13:12:11Z,495,,11.8,100,10.52,28.8,45.4,12.91
2025-07-17T15:11:21Z,780,,11.8,100,10.52,28.3,42,11.62
2025-07-17T17:10:35Z,720,,11.8,100,10.52,25.5,50.6,11.98
2025-07-17T19:09:57Z,1065,,11.8,100,10.52,23.8,50.3,10.82
2025-07-17T21:09:03Z,885,,11.8,100,10.52,21.3,61.4,11.44
2025-07-17T23:09:41Z,900,,11.9,100,10.59,18.9,70,11.34
2025-07-18T01:09:17Z,1140,,11.8,100,10.52,16.9,74.2,10.67
2025-07-18T03:08:29Z,1185,,11.8,100,10.52,17.3,71.3,10.5
2025-07-18T05:08:14Z,945,,11.8,100,10.52,23.9,51.6,11.16
2025-07-18T07:07:57Z,1500,,11.8,100,10.52,27,37.6,9.68
2025-07-18T09:07:08Z,1995,,11.7,100,10.46,26.8,33.7,8.58
2025-07-18T11:06:38Z,1920,,11.8,100,10.52,24.6,39.2,8.82
2025-07-18T13:07:03Z,2040,,11.8,100,10.52,24.1,38.9,8.51
2025-07-18T15:07:56Z,2010,,11.8,100,10.52,23.8,40.4,8.69
2025-07-18T17:07:04Z,1905,,11.9,100,10.59,23.3,42.9,8.97
2025-07-18T19:07:25Z,1560,,12,100,10.65,20.8,53.5,9.69
2025-07-18T21:06:45Z,1695,,11.9,100,10.59,16.9,64.9,9.33
2025-07-18T23:06:37Z,1560,,11.8,100,10.52,15.5,73.1,9.66
2025-07-19T01:07:18Z,1455,,11.8,100,10.52,15.2,75.9,9.85
2025-07-19T03:06:31Z,1065,,11.8,100,10.52,16.1,79.3,10.87
2025-07-19T05:06:11Z,480,,11.8,100,10.52,22.9,65.6,13.41
2025-07-19T07:06:02Z,465,,11.8,100,10.52,27.5,50.1,13.26
2025-07-19T09:06:10Z,1215,,11.8,100,10.52,27.4,39.7,10.45
2025-07-19T11:05:19Z,1470,,11.8,100,10.52,24.9,43,9.85
2025-07-19T13:05:58Z,1860,,11.9,100,10.59,24.6,39.7,8.94
2025-07-19T15:06:24Z,1650,,11.9,100,10.59,24.2,43,9.46
2025-07-19T17:06:42Z,1545,,11.9,100,10.59,23.8,45.4,9.77
2025-07-19T19:06:11Z,1380,,12,100,10.65,21.2,55.2,10.23
2025-07-19T21:05:41Z,1350,,12,100,10.65,17.6,68.1,10.21
2025-07-19T23:05:02Z,1335,,11.9,100,10.59,15.2,78.6,10.2
2025-07-20T01:05:15Z,1470,,11.8,100,10.52,13.9,81.8,9.8
2025-07-20T03:05:40Z,1110,,11.8,100,10.52,15.1,83.7,10.79
2025-07-20T05:05:22Z,735,,11.9,100,10.59,22.5,59.9,11.96
2025-07-20T07:06:18Z,1020,,11.8,100,10.52,29.6,36.9,10.96
2025-07-20T09:05:35Z,1155,,11.9,100,10.59,31.3,32.8,10.68
2025-07-20T11:05:49Z,1380,,11.9,100,10.59,27.3,38.4,10.05
2025-07-20T13:05:22Z,1635,,12,100,10.65,26.7,37.4,9.47
2025-07-20T15:05:04Z,1455,,12,100,10.65,24.9,43.3,9.91
2025-07-20T17:04:52Z,1275,,12.1,100,10.72,25.8,43.8,10.55
2025-07-20T19:05:19Z,960,,12.1,100,10.72,24,52.9,11.51
2025-07-20T21:05:54Z,1260,,12,100,10.65,20.5,59.2,10.53
2025-07-20T23:06:17Z,1095,,12,100,10.65,17.8,72.6,11.02
2025-07-21T01:05:49Z,1020,,12,100,10.65,16.9,77.5,11.14
2025-07-21T03:05:10Z,960,,12,100,10.65,17.1,77.7,11.31
2025-07-21T05:04:40Z,720,,12,100,10.65,21.9,62.5,12.06
2025-07-21T07:05:11Z,495,,12,100,10.65,29.3,45.2,13.21
2025-07-21T09:04:52Z,465,,12,100,10.65,27.7,50.3,13.46
2025-07-21T11:04:25Z,465,,12.1,100,10.72,24.2,69.9,15.38
2025-07-21T13:04:34Z,480,,12.2,100,10.79,21.5,81.3,15.33
2025-07-21T15:04:48Z,465,,12.2,100,10.79,21.5,77.9,14.69
2025-07-21T17:05:17Z,465,,12.2,100,10.79,22.2,83.5,16.39
2025-07-21T19:05:18Z,465,,12.2,100,10.79,21.3,87.1,16.23
2025-07-21T21:04:52Z,480,,12.2,100,10.79,19.5,87.2,14.63
2025-07-21T23:04:39Z,480,,12.2,100,10.79,18.5,86.2,13.63
2025-07-22T01:04:43Z,480,,12.1,100,10.72,18.2,86.2,13.39
2025-07-22T03:04:12Z,480,,12.2,100,10.79,17.9,97.3,14.85
2025-07-22T05:04:05Z,480,,12.3,100,10.85,18,99.7,15.31
2025-07-22T07:04:00Z,465,,12.3,100,10.85,19.8,95.2,16.26
2025-07-22T09:04:28Z,480,,12.3,100,10.85,23.5,76,16.07
2025-07-22T11:03:44Z,480,,12.3,100,10.85,25.3,65.9,15.43
2025-07-22T13:03:07Z,480,,12.2,100,10.79,26.7,52.7,13.35
2025-07-22T15:03:23Z,540,,12.2,100,10.79,26.5,51.6,12.92
2025-07-22T17:04:03Z,465,,12.2,100,10.79,25.3,58.1,13.61
2025-07-22T19:04:15Z,480,,12.3,100,10.85,22,74.8,14.52
2025-07-22T21:03:53Z,480,,12.3,100,10.85,20.4,82.5,14.59
2025-07-22T23:03:19Z,480,,12.3,100,10.85,19.1,88,14.42
2025-07-23T01:02:56Z,465,,12.3,100,10.85,18,90.9,13.96
2025-07-23T03:02:06Z,480,,12.2,100,10.79,17.5,92.8,13.83
2025-07-23T05:02:35Z,480,,12.2,100,10.79,24.1,71.3,15.6
2025-07-23T07:02:54Z,465,,12.2,100,10.79,29.9,50.1,15.13
2025-07-23T09:03:27Z,480,,12.3,100,10.85,32,45.6,15.41
2025-07-23T11:03:16Z,480,,12.2,100,10.79,26.8,55.1,14.03
2025-07-23T13:02:36Z,465,,12.3,100,10.85,25.9,56,13.56
2025-07-23T15:03:26Z,720,,12.3,100,10.85,25.3,52.2,12.22
2025-07-23T17:02:36Z,795,,12.3,100,10.85,25.1,51.9,12.02
2025-07-23T19:02:45Z,510,,12.3,100,10.85,23,64,13.15
2025-07-23T21:03:31Z,600,,12.3,100,10.85,19.3,76.4,12.67
2025-07-23T23:03:00Z,675,,12.3,100,10.85,17.4,84.5,12.52
2025-07-24T01:02:20Z,645,,12.3,100,10.85,16.5,89.6,12.58
2025-07-24T03:02:59Z,495,,12.3,100,10.85,18.1,92.8,14.33
2025-07-24T05:03:03Z,480,,12.3,100,10.85,25,68.7,15.82
2025-07-24T07:02:45Z,480,,12.3,100,10.85,33.2,38.2,13.76
2025-07-24T09:02:55Z,615,,12.3,100,10.85,32.7,36,12.63
2025-07-24T11:02:34Z,915,,12.3,100,10.85,29.2,39.9,11.6
2025-07-24T13:01:47Z,990,,12.3,100,10.85,28,42,11.43
2025-07-24T15:01:17Z,990,,12.4,100,10.92,27.9,42.7,11.56
2025-07-24T17:00:24Z,1260,,12.3,100,10.85,27.1,41.2,10.67
2025-07-24T19:00:39Z,600,,12.5,100,10.99,23.6,60.6,12.89
2025-07-24T21:00:23Z,810,,12.4,100,10.92,19.3,72.4,12.01
2025-07-24T23:00:50Z,930,,12.4,100,10.92,16.8,81.6,11.66
2025-07-25T01:01:04Z,1050,,12.3,100,10.85,15.5,85.2,11.26
2025-07-25T03:00:30Z,825,,12.3,100,10.85,16.1,87.1,11.93
2025-07-25T05:00:14Z,495,,12.4,100,10.92,25,66,15.2
2025-07-25T07:00:26Z,465,,12.4,100,10.92,33,39.2,13.98
2025-07-25T09:00:34Z,585,,12.3,100,10.85,34.5,33,12.73
2025-07-25T11:00:12Z,975,,12.4,100,10.92,30.7,36.6,11.54
2025-07-25T13:00:52Z,1065,,12.4,100,10.92,29.1,39,11.27
2025-07-25T15:01:21Z,1335,,12.4,100,10.92,28.4,37.7,10.49
2025-07-25T17:01:19Z,1230,,12.5,100,10.99,27.5,41.2,10.91
2025-07-25T19:01:13Z,780,,12.6,100,11.06,24.6,54.6,12.29
2025-07-25T21:01:45Z,885,,12.5,100,10.99,20.4,67.2,11.89
2025-07-25T23:01:28Z,945,,12.5,100,10.99,18.2,74.9,11.64
2025-07-26T01:01:31Z,1005,,12.5,100,10.99,16.7,81.4,11.56
2025-07-26T03:02:16Z,810,,12.4,100,10.92,17.3,82.1,12.09
2025-07-26T05:01:32Z,495,,12.5,100,10.99,25.3,64.9,15.2
2025-07-26T07:01:52Z,480,,12.5,100,10.99,31.6,47.5,15.72
2025-07-26T09:02:08Z,465,,12.5,100,10.99,32.5,41.1,14.27
2025-07-26T11:01:39Z,465,,12.6,100,11.06,28.3,51.5,14.25
2025-07-26T13:00:57Z,495,,12.6,100,11.06,26.6,53.2,13.4
2025-07-26T15:00:10Z,495,,12.6,100,11.06,26,60.8,14.81
2025-07-26T17:00:57Z,495,,12.6,100,11.06,25,62.7,14.44
2025-07-26T19:00:28Z,465,,12.6,100,11.06,23.4,70.7,14.87
2025-07-26T21:00:25Z,480,,12.6,100,11.06,20.7,78.8,14.18
2025-07-26T23:00:39Z,465,,12.6,100,11.06,18.6,85.5,13.6
2025-07-27T01:01:01Z,570,,12.5,100,10.99,17.2,89.2,13.06
2025-07-27T03:00:48Z,495,,12.5,100,10.99,17.7,91,13.73
2025-07-27T05:00:11Z,480,,12.6,100,11.06,25.1,70.8,16.39
2025-07-27T06:59:31Z,480,,12.6,100,11.06,32.3,46.2,15.87
2025-07-27T08:58:58Z,465,,12.6,100,11.06,29.2,54.4,15.81
2025-07-27T10:58:53Z,480,,12.7,100,11.13,26.8,58.6,14.92
2025-07-27T12:59:03Z,765,,12.6,100,11.06,26.2,50.1,12.34
2025-07-27T14:58:30Z,765,,12.6,100,11.06,25.8,51.2,12.33
2025-07-27T16:58:20Z,495,,12.7,100,11.13,24.8,64.7,14.73
2025-07-27T18:58:26Z,465,,12.6,100,11.06,23.3,75.9,15.87
2025-07-27T20:58:51Z,480,,12.6,100,11.06,21.8,82.5,15.83
2025-07-27T22:59:24Z,480,,12.7,100,11.13,20,87,15.03
2025-07-28T00:59:31Z,480,,12.6,100,11.06,18.6,92.5,14.72
2025-07-28T02:59:41Z,480,,12.6,100,11.06,18.8,94.2,15.17
2025-07-28T04:59:45Z,465,,12.6,100,11.06,23.2,84.1,17.49
2025-07-28T06:59:34Z,480,,12.7,100,11.13,26.8,68,17.32
2025-07-28T09:00:15Z,465,,12.8,100,11.2,27.3,57.5,15.05
2025-07-28T11:00:45Z,465,,12.8,100,11.2,25.3,62.2,14.57
2025-07-28T13:01:13Z,480,,12.8,100,11.2,25.7,65.3,15.64
2025-07-28T15:00:41Z,480,,12.8,100,11.2,25,65.2,15.01
2025-07-28T17:00:07Z,480,,12.8,100,11.2,24.8,66.1,15.05
2025-07-28T19:00:05Z,480,,12.7,100,11.13,23.6,73.2,15.57
2025-07-28T20:59:24Z,465,,12.7,100,11.13,22.2,80.9,15.88
2025-07-28T22:59:28Z,465,,12.8,100,11.2,22.5,82.3,16.44
2025-07-29T00:59:57Z,480,,12.7,100,11.13,21.7,88,16.79
2025-07-29T03:00:20Z,480,,12.8,100,11.2,21.5,94.1,17.74
2025-07-29T05:00:48Z,480,,12.8,100,11.2,21.5,94.3,17.78
2025-07-29T07:00:34Z,480,,12.9,100,11.27,22.3,89.7,17.71
2025-07-29T09:00:26Z,465,,13,100,11.34,24.6,78.4,17.65
2025-07-29T10:59:59Z,480,,12.9,100,11.27,22.6,86.8,17.44
2025-07-29T13:00:06Z,480,,12.9,100,11.27,23.5,84.5,17.87
2025-07-29T15:00:51Z,480,,13,100,11.34,24.6,73.7,16.59
2025-07-29T17:01:02Z,480,,13,100,11.34,23.4,78.5,16.51
2025-07-29T19:00:41Z,480,,12.9,100,11.27,22.7,78.3,15.82
2025-07-29T21:00:03Z,465,,12.9,100,11.27,21.4,85.3,15.99
2025-07-29T22:59:55Z,465,,12.9,100,11.27,21,92.3,16.91
2025-07-30T00:59:02Z,480,,12.9,100,11.27,19.8,92.2,15.74
2025-07-30T02:58:41Z,465,,12.8,100,11.2,19.5,97.4,16.34
2025-07-30T04:58:02Z,465,,12.8,100,11.2,22.1,84.7,16.53
2025-07-30T06:57:16Z,480,,12.9,100,11.27,24.4,77,17.14
2025-07-30T08:56:52Z,465,,12.9,100,11.27,28.1,60.9,16.66
2025-07-30T10:56:22Z,465,,13,100,11.34,27.3,57.6,15.08
2025-07-30T12:56:50Z,480,,13,100,11.34,27.3,57.6,15.08
2025-07-30T14:57:13Z,675,,13,100,11.34,27.7,48.5,12.98
2025-07-30T16:57:14Z,495,,13,100,11.34,27,53.4,13.75
2025-07-30T18:57:09Z,495,,12.9,100,11.27,25.2,61,14.2
2025-07-30T20:56:33Z,465,,12.9,100,11.27,23.2,70.7,14.7
2025-07-30T22:57:10Z,480,,12.9,100,11.27,21.4,76.4,14.32
2025-07-31T00:57:18Z,465,,12.9,100,11.27,20.7,83.1,14.96
2025-07-31T02:56:37Z,465,,12.9,100,11.27,20.5,88.6,15.76
2025-07-31T04:57:21Z,465,,12.9,100,11.27,25.4,74.3,17.5
2025-07-31T06:57:06Z,465,,13,100,11.34,29.4,59.5,17.48
2025-07-31T08:57:35Z,480,,13,100,11.34,31.6,48.8,16.15
2025-07-31T10:57:49Z,465,,13.1,100,11.41,29.3,47.9,14.0
2025-07-31T12:57:59Z,480,,13.1,100,11.41,25.7,67.5,16.17
2025-07-31T14:58:21Z,480,,13,100,11.34,24.7,70.4,15.94
2025-07-31T16:58:03Z,480,,13,100,11.34,24.6,70.4,15.85
2025-07-31T18:58:50Z,480,,13,100,11.34,23.8,75.9,16.33
2025-07-31T20:59:40Z,480,,13,100,11.34,22.1,81.5,15.91
2025-07-31T22:59:26Z,465,,13,100,11.34,20,90,15.55
2025-08-01T00:59:27Z,480,,13,100,11.34,18.9,92.2,14.93
2025-08-01T02:59:12Z,480,,13,100,11.34,18.8,95.5,15.38
2025-08-01T04:58:52Z,480,,13,100,11.34,21.8,82.8,15.88
2025-08-01T06:58:09Z,480,,13,100,11.34,23.1,69.6,14.39
2025-08-01T08:58:02Z,480,,13,100,11.34,25.2,62.8,14.62
2025-08-01T10:58:28Z,480,,13,100,11.34,24.7,63.2,14.31
2025-08-01T12:58:56Z,480,,13,100,11.34,23.3,68.7,14.37
2025-08-01T14:58:46Z,480,,13,100,11.34,23.6,65.3,13.89
2025-08-01T16:58:04Z,480,,13.1,100,11.41,22,80.2,15.56
2025-08-01T18:57:49Z,480,,13,100,11.34,20.4,92.1,16.29
2025-08-01T20:57:21Z,465,,13,100,11.34,19.5,92.4,15.5
2025-08-01T22:57:27Z,480,,13,100,11.34,19,92.9,15.14
2025-08-02T00:56:39Z,480,,13,100,11.34,17.9,95,14.5
2025-08-02T02:56:06Z,555,,13,100,11.34,16.2,98.7,13.61
2025-08-02T04:55:13Z,480,,13,100,11.34,16.8,99.5,14.22
2025-08-02T06:54:45Z,480,,13,100,11.34,19.7,89.5,15.19
2025-08-02T08:54:21Z,480,,13,100,11.34,24.4,64.3,14.31
2025-08-02T10:53:44Z,1245,,13,100,11.34,24.1,51,11.16
2025-08-02T12:53:09Z,1380,,13.1,100,11.41,22.8,53.2,10.81
2025-08-02T14:52:27Z,1260,,13,100,11.34,22.4,56.3,11.18
2025-08-02T16:51:33Z,1155,,13,100,11.34,22,58.9,11.43
2025-08-02T18:51:45Z,720,,13,100,11.34,20.2,73.8,12.9
2025-08-02T20:51:29Z,810,,13,100,11.34,17.3,84.4,12.43
2025-08-02T22:50:38Z,975,,13,100,11.34,15.6,89.9,11.95
2025-08-03T00:51:06Z,990,,12.9,100,11.27,14.4,95.1,11.75
2025-08-03T02:51:21Z,1080,,12.8,100,11.2,13.9,96.2,11.53
2025-08-03T04:50:27Z,480,,12.9,100,11.27,21.2,82.2,15.23
2025-08-03T06:50:54Z,540,,12.9,100,11.27,25.7,56,13.41
2025-08-03T08:50:22Z,795,,13,100,11.34,27.2,48.2,12.55
2025-08-03T10:51:09Z,930,,13,100,11.34,25.3,51.7,12.11
2025-08-03T12:50:51Z,840,,13,100,11.34,25,54.6,12.57
2025-08-03T14:50:40Z,600,,13,100,11.34,24.4,60.1,13.38
2025-08-03T16:51:10Z,480,,13,100,11.34,23.2,66.8,13.89
2025-08-03T18:50:33Z,465,,13,100,11.34,21.5,76.7,14.46
2025-08-03T20:51:03Z,465,,13,100,11.34,20.4,84.2,14.89
2025-08-03T22:51:46Z,480,,13,100,11.34,19.7,89.4,15.18
2025-08-04T00:52:31Z,480,,13,100,11.34,19,90.8,14.79
2025-08-04T02:52:44Z,480,,13,100,11.34,18.8,94.3,15.18
2025-08-04T04:52:09Z,480,,13,100,11.34,23,82,16.85
2025-08-04T06:51:44Z,480,,13.1,100,11.41,27.3,57,14.92
2025-08-04T08:52:08Z,480,,13.1,100,11.41,28,53.6,14.59
2025-08-04T10:52:39Z,465,,13.2,100,11.48,27,57,14.68
2025-08-04T12:52:03Z,480,,13.2,100,11.48,27,56.5,14.55
2025-08-04T14:51:19Z,465,,13.2,100,11.48,23.8,69.7,15.0
2025-08-04T16:51:22Z,480,,13.1,100,11.41,18.6,90.5,14.4
2025-08-04T18:50:42Z,465,,13.1,100,11.41,18.8,95.7,15.41
2025-08-04T20:50:23Z,465,,13.1,100,11.41,17.7,100,15.08
2025-08-04T22:50:21Z,525,,13.1,100,11.41,16.8,96.1,13.73
2025-08-05T00:50:35Z,480,,13.1,100,11.41,17.8,100,15.17
2025-08-05T02:50:33Z,465,,13.1,100,11.41,17.6,100,14.99
2025-08-05T04:51:10Z,480,,13.1,100,11.41,17.9,96.9,14.79
2025-08-05T06:51:45Z,480,,13.1,100,11.41,20.4,79.1,13.99
2025-08-05T08:52:18Z,690,,13.1,100,11.41,20.8,71.5,12.94
2025-08-05T10:53:02Z,780,,13,100,11.34,20.4,71,12.56
2025-08-05T12:53:10Z,585,,13.1,100,11.41,20.6,75.6,13.53
2025-08-05T14:52:31Z,585,,13,100,11.34,18.7,84.3,13.49
2025-08-05T16:51:32Z,480,,13.1,100,11.41,17.6,99.8,14.96
2025-08-05T18:51:50Z,480,,13,100,11.34,17.2,98.4,14.4
2025-08-05T20:51:57Z,540,,13,100,11.34,16.1,98.4,13.48
2025-08-05T22:51:49Z,1005,,12.9,100,11.27,14.1,97.4,11.82
2025-08-06T00:51:50Z,810,,12.9,100,11.27,14.6,100,12.51
2025-08-06T02:50:56Z,630,,12.9,100,11.27,15.6,98.8,13.13
2025-08-06T04:50:53Z,1170,,12.9,100,11.27,17.7,75,11.31
2025-08-06T06:50:21Z,1245,,12.9,100,11.27,20.1,63.8,11.09
2025-08-06T08:50:17Z,1635,,12.9,100,11.27,21.1,54.7,10.08
2025-08-06T10:50:35Z,1605,,12.9,100,11.27,19.4,60.7,10.12
2025-08-06T12:50:45Z,1890,,12.8,100,11.2,18.9,58.5,9.47
2025-08-06T14:50:06Z,1950,,12.8,100,11.2,18.3,59.3,9.27
2025-08-06T16:50:20Z,1815,,12.8,100,11.2,17.1,66.5,9.68
2025-08-06T18:50:59Z,1575,,12.8,100,11.2,15.4,77.8,10.22
2025-08-06T20:51:15Z,1320,,12.8,100,11.2,14.2,89.2,10.89
2025-08-06T22:51:20Z,1320,,12.6,100,11.06,12.5,97.1,10.67
2025-08-07T00:51:23Z,1485,,12.6,100,11.06,12,96.8,10.31
2025-08-07T02:51:04Z,1635,,12.5,100,10.99,11.1,97.4,9.81
2025-08-07T04:50:52Z,675,,12.6,100,11.06,17,88.7,12.83
2025-08-07T06:50:20Z,1125,,12.7,100,11.13,23.9,52.3,11.32
2025-08-07T08:50:17Z,1185,,12.7,100,11.13,26.2,45.3,11.16
2025-08-07T10:50:02Z,1320,,12.8,100,11.2,22,55.4,10.75
2025-08-07T12:49:17Z,1215,,12.8,100,11.2,21.3,60.4,11.26
2025-08-07T14:49:12Z,1050,,12.8,100,11.2,20.5,65.4,11.64
2025-08-07T16:48:56Z,1185,,12.8,100,11.2,18.8,69.5,11.19
2025-08-07T18:48:31Z,1305,,12.8,100,11.2,16.4,77.9,10.87
2025-08-07T20:48:08Z,1545,,12.7,100,11.13,14,84.2,10.15
2025-08-07T22:48:18Z,1695,,12.5,100,10.99,12.2,89.9,9.7
2025-08-08T00:48:23Z,1695,,12.4,100,10.92,11.5,93.2,9.62
2025-08-08T02:47:48Z,1590,,12.4,100,10.92,11.4,95.9,9.84
2025-08-08T04:47:49Z,690,,12.6,100,11.06,16,93.3,12.71
2025-08-08T06:48:08Z,495,,12.7,100,11.13,17.9,88.8,13.55
2025-08-08T08:47:22Z,810,,12.7,100,11.13,20,71.3,12.32
2025-08-08T10:47:21Z,990,,12.7,100,11.13,16.2,85,11.72
2025-08-08T12:46:58Z,1080,,12.8,100,11.2,18.1,74.4,11.49
2025-08-08T14:46:25Z,1080,,12.8,100,11.2,15.4,87.8,11.53
2025-08-08T16:45:58Z,900,,12.8,100,11.2,15.7,90,12.04
2025-08-08T18:46:32Z,1020,,12.8,100,11.2,14.1,95.5,11.59
2025-08-08T20:46:31Z,1350,,12.6,100,11.06,12.2,97.9,10.56
2025-08-08T22:46:15Z,1500,,12.5,100,10.99,11.2,100,10.13
2025-08-09T00:46:09Z,1515,,12.4,100,10.92,11,100,10.01
2025-08-09T02:46:15Z,1710,,12.3,100,10.85,10.3,100,9.57
2025-08-09T04:45:46Z,750,,12.4,100,10.92,14.6,98.9,12.37
2025-08-09T06:46:08Z,480,,12.6,100,11.06,21.6,75.5,14.32
2025-08-09T08:46:14Z,480,,12.7,100,11.13,24.7,60,13.58
2025-08-09T10:45:49Z,675,,12.7,100,11.13,23.2,61.5,12.79
2025-08-09T12:46:05Z,960,,12.7,100,11.13,22.4,59.6,11.84
2025-08-09T14:46:29Z,585,,12.8,100,11.2,21.1,71.9,13.25
2025-08-09T16:47:20Z,900,,12.7,100,11.13,20.2,68.6,11.99
2025-08-09T18:48:02Z,1065,,12.7,100,11.13,16.8,80.4,11.49
2025-08-09T20:47:28Z,1395,,12.7,100,11.13,14.3,86.4,10.61
2025-08-09T22:48:02Z,1410,,12.5,100,10.99,12.9,92,10.36
2025-08-10T00:47:48Z,1575,,12.4,100,10.92,11.6,95.3,9.9
2025-08-10T02:47:10Z,1635,,12.3,100,10.85,10.9,98,9.74
2025-08-10T04:46:23Z,1125,,12.4,100,10.92,13.2,98,11.25
2025-08-10T06:46:38Z,480,,12.6,100,11.06,19.1,84.8,13.9
2025-08-10T08:46:10Z,570,,12.6,100,11.06,23.9,60.3,13.05
2025-08-10T10:45:28Z,870,,12.6,100,11.06,21.6,63.3,12.0
2025-08-10T12:45:52Z,795,,12.7,100,11.13,19.3,74.5,12.35
2025-08-10T14:46:13Z,990,,12.7,100,11.13,19.1,71.4,11.7
2025-08-10T16:45:29Z,885,,12.8,100,11.2,18.9,74.8,12.11
2025-08-10T18:45:12Z,1020,,12.7,100,11.13,16.7,81.7,11.61
2025-08-10T20:45:16Z,1515,,12.6,100,11.06,13.8,85.3,10.16
2025-08-10T22:44:38Z,1545,,12.5,100,10.99,12.3,92.8,10.07
2025-08-11T00:45:16Z,1545,,12.4,100,10.92,11.6,96.4,10.02
2025-08-11T02:44:40Z,1500,,12.4,100,10.92,11.2,100,10.13
2025-08-11T04:45:03Z,885,,12.4,100,10.92,15.4,90.2,11.85
2025-08-11T06:44:25Z,615,,12.5,100,10.99,22.8,63.4,12.88
2025-08-11T08:44:01Z,930,,12.6,100,11.06,26.1,48.1,11.78
2025-08-11T10:43:39Z,1950,,12.7,100,11.13,22.6,45.8,9.2
2025-08-11T12:44:12Z,2055,,12.7,100,11.13,21.8,46.8,8.98
2025-08-11T14:43:53Z,2145,,12.7,100,11.13,21.3,46.9,8.74
2025-08-11T16:43:27Z,1950,,12.7,100,11.13,19.8,54.3,9.27
2025-08-11T18:44:03Z,2010,,12.6,100,11.06,17.2,61.8,9.05
2025-08-11T20:43:53Z,2100,,12.4,100,10.92,13.8,73.5,8.75
2025-08-11T22:44:08Z,2130,,12.3,100,10.85,11.9,80.8,8.55
2025-08-12T00:44:36Z,2115,,12.2,100,10.79,10.9,86.4,8.59
2025-08-12T02:44:18Z,2115,,12.1,100,10.72,10.2,90,8.56
2025-08-12T04:44:31Z,1590,,12.1,100,10.72,11.9,91.8,9.72
2025-08-12T06:44:23Z,1275,,12.3,100,10.85,13.2,93.3,10.71
2025-08-12T08:44:02Z,1365,,12.4,100,10.92,19.6,62,10.46
2025-08-12T10:43:15Z,1200,,12.5,100,10.99,20.2,63.3,11.07
2025-08-12T12:43:47Z,900,,12.4,100,10.92,13.7,100,11.84
2025-08-12T14:44:08Z,630,,12.5,100,10.99,15.8,95.4,12.84
2025-08-12T16:44:32Z,705,,12.5,100,10.99,16,92.6,12.61
2025-08-12T18:44:50Z,975,,12.5,100,10.99,13.8,98.1,11.68
2025-08-12T20:44:49Z,1185,,12.4,100,10.92,12.4,100,10.92
2025-08-12T22:45:13Z,1500,,12.3,100,10.85,11.1,100,10.07
2025-08-13T00:46:01Z,1770,,12.2,100,10.79,9.9,100,9.33
2025-08-13T02:45:46Z,1905,,12.1,100,10.72,9.3,100,8.98
2025-08-13T04:45:14Z,690,,12.1,100,10.72,14.5,100,12.43
2025-08-13T06:45:46Z,480,,12.3,100,10.85,22.2,71.1,13.96
2025-08-13T08:45:53Z,480,,12.4,100,10.92,25.9,56,13.56
2025-08-13T10:45:54Z,1920,,12.4,100,10.92,22.2,46.9,9.21
2025-08-13T12:45:15Z,1830,,12.5,100,10.99,21.3,50.5,9.41
2025-08-13T14:45:28Z,1950,,12.5,100,10.99,21.1,49.3,9.08
2025-08-13T16:44:43Z,1575,,12.5,100,10.99,20.5,56.5,10.05
2025-08-13T18:44:17Z,1560,,12.5,100,10.99,17.1,69.2,10.07
2025-08-13T20:43:37Z,1725,,12.3,100,10.85,14.1,78.7,9.55
2025-08-13T22:43:52Z,1770,,12.2,100,10.79,12,87.3,9.3
2025-08-14T00:43:40Z,1890,,12.1,100,10.72,10.7,92.1,9.04
2025-08-14T02:43:03Z,1935,,12,100,10.65,10,94.7,8.9
2025-08-14T04:43:33Z,1200,,12.1,100,10.72,13.6,91.4,10.75
2025-08-14T06:44:21Z,480,,12.4,100,10.92,18.7,86.4,13.83
2025-08-14T08:43:56Z,570,,12.4,100,10.92,26.5,51.8,12.97
2025-08-14T10:43:30Z,480,,12.5,100,10.99,23.4,64.4,13.54
2025-08-14T12:42:33Z,480,,12.6,100,11.06,22.3,68.7,13.57
2025-08-14T14:42:52Z,660,,12.6,100,11.06,22.3,64.5,12.74
2025-08-14T16:42:54Z,1230,,12.5,100,10.99,21.4,58.2,10.91
2025-08-14T18:43:17Z,1020,,12.6,100,11.06,18.7,72.5,11.6
2025-08-14T20:42:35Z,1080,,12.5,100,10.99,15.8,83.7,11.26
2025-08-14T22:43:24Z,1230,,12.5,100,10.99,14.2,89,10.86
2025-08-15T00:43:23Z,1305,,12.4,100,10.92,13.1,93.1,10.62
2025-08-15T02:42:57Z,1050,,12.4,100,10.92,13.4,97.4,11.32
2025-08-15T04:42:48Z,480,,12.5,100,10.99,17.7,94.2,14.21
2025-08-15T06:43:23Z,810,,12.5,100,10.99,21.7,63.2,12.05
2025-08-15T08:42:44Z,810,,12.5,100,10.99,21.7,63.3,12.07
2025-08-15T10:42:31Z,495,,12.6,100,11.06,22.4,67.7,13.44
2025-08-15T12:42:05Z,540,,12.6,100,11.06,23.4,62.8,13.21
2025-08-15T14:42:06Z,675,,12.7,100,11.13,23.6,60,12.76
2025-08-15T16:42:24Z,570,,12.7,100,11.13,21.8,68.9,13.22
2025-08-15T18:42:09Z,480,,12.7,100,11.13,19.4,84.4,14.08
2025-08-15T20:42:50Z,480,,12.6,100,11.06,17.1,100,14.55
2025-08-15T22:42:37Z,480,,12.7,100,11.13,17.2,100,14.64
2025-08-16T00:42:35Z,480,,12.6,100,11.06,17,100,14.46
2025-08-16T02:43:10Z,1230,,12.5,100,10.99,12.6,98.3,10.87
2025-08-16T04:43:26Z,1095,,12.4,100,10.92,14.1,92.4,11.21
2025-08-16T06:43:08Z,1395,,12.4,100,10.92,17.3,70.8,10.43
2025-08-16T08:42:23Z,2025,,12.4,100,10.92,17.7,59.1,8.91
2025-08-16T10:42:57Z,2310,,12.4,100,10.92,17.8,54.6,8.28
2025-08-16T12:43:21Z,1980,,12.4,100,10.92,16.5,64.7,9.08
2025-08-16T14:42:34Z,1980,,12.3,100,10.85,13,79.1,8.97
2025-08-16T16:42:12Z,1950,,12.2,100,10.79,12.6,81.1,8.97
2025-08-16T18:41:59Z,1905,,12.2,100,10.79,11.7,87.1,9.11
2025-08-16T20:41:47Z,1755,,12.1,100,10.72,11.1,93.3,9.39
2025-08-16T22:41:47Z,1755,,12.1,100,10.72,10.5,97.1,9.41
2025-08-17T00:42:06Z,1650,,12,100,10.65,10.3,100,9.57
2025-08-17T02:42:26Z,1725,,12,100,10.65,9.8,100,9.27
2025-08-17T04:42:41Z,1665,,12,100,10.65,10.2,100,9.51
2025-08-17T06:43:16Z,1470,,12,100,10.65,12.8,88.3,9.89
2025-08-17T08:42:30Z,1545,,12.1,100,10.72,16.8,68.2,9.75
2025-08-17T10:41:46Z,1935,,12.3,100,10.85,17.9,59.4,9.07
2025-08-17T12:41:03Z,1815,,12.3,100,10.85,18,60.9,9.35
2025-08-17T14:41:23Z,1935,,12.4,100,10.92,18.5,57.6,9.11
2025-08-17T16:42:09Z,1995,,12.4,100,10.92,18.2,57.9,9.0
2025-08-17T18:42:39Z,1305,,12.4,100,10.92,15.3,81.4,10.63
2025-08-17T20:41:48Z,1260,,12.3,100,10.85,14.2,88,10.74
2025-08-17T22:42:13Z,1305,,12.3,100,10.85,13.5,89.7,10.49
2025-08-18T00:41:48Z,1335,,12.2,100,10.79,13.1,90.7,10.35
2025-08-18T02:42:07Z,1425,,12.2,100,10.79,12.8,90.1,10.09
2025-08-18T04:41:54Z,1395,,12.1,100,10.72,13.2,89,10.21
2025-08-18T06:42:08Z,1305,,12.1,100,10.72,14,87.1,10.5
2025-08-18T08:41:42Z,1305,,12.3,100,10.85,20.7,58.2,10.48
2025-08-18T10:41:01Z,2280,,12.3,100,10.85,19.7,48.8,8.28
2025-08-18T12:40:19Z,2235,,12.4,100,10.92,19.8,49.3,8.42
2025-08-18T14:40:17Z,2205,,12.4,100,10.92,19.9,50,8.59
2025-08-18T16:40:50Z,1785,,12.5,100,10.99,19.6,56.7,9.57
2025-08-18T18:41:18Z,1665,,12.4,100,10.92,16.3,70.1,9.72
2025-08-18T20:41:32Z,1695,,12.3,100,10.85,13.8,79.6,9.48
2025-08-18T22:41:32Z,1680,,12.2,100,10.79,13.1,84,9.58
2025-08-19T00:42:16Z,1830,,12.1,100,10.72,11.4,88.8,9.11
2025-08-19T02:42:20Z,1890,,12,100,10.65,10.3,93.4,8.94
2025-08-19T04:42:08Z,1080,,12.1,100,10.72,13.8,92.8,11.05
2025-08-19T06:41:30Z,1020,,12.3,100,10.85,19.1,69.1,11.32
2025-08-19T08:42:02Z,1245,,12.3,100,10.85,24.3,48.3,10.69
2025-08-19T10:41:06Z,1590,,12.3,100,10.85,20.1,56.2,9.77
2025-08-19T12:41:05Z,1950,,12.3,100,10.85,19.6,53.4,9.01
2025-08-19T14:41:23Z,2340,,12.3,100,10.85,18.7,51.1,8.18
2025-08-19T16:41:35Z,2475,,12.3,100,10.85,17,54.2,7.84
2025-08-19T18:42:04Z,2400,,12.2,100,10.79,13.6,67.9,7.99
2025-08-19T20:42:05Z,2265,,12,100,10.65,12.2,76.1,8.21
2025-08-19T22:41:26Z,2265,,11.9,100,10.59,11.2,80.3,8.14
2025-08-20T00:41:44Z,2385,,11.8,100,10.52,9.4,85.5,7.73
2025-08-20T02:40:53Z,2505,,11.7,100,10.46,7.8,91.3,7.45
2025-08-20T04:40:49Z,1965,,11.7,100,10.46,11.2,85.3,8.64
2025-08-20T06:40:32Z,2115,,11.7,100,10.46,18.2,53.7,8.34
2025-08-20T10:40:19Z,2565,,11.9,99,10.48,15.5,49.9,6.59
2025-08-20T12:41:15Z,2565,,11.8,97,10.21,14.6,50.3,6.29
2025-08-20T14:40:40Z,2550,,12,96.4,10.27,14.9,48.5,6.18
2025-08-20T16:40:22Z,2535,,12,96.4,10.27,14.7,51.4,6.47
2025-08-20T18:40:08Z,2550,,11.8,98,10.31,11.2,65.8,6.67
2025-08-20T20:40:31Z,2550,,11.6,100,10.39,8.3,77.5,6.53
2025-08-20T22:40:51Z,2565,,11.5,100,10.33,6.6,84,6.34
2025-08-21T00:41:30Z,2535,,11.5,100,10.33,7.2,89.3,7.01
2025-08-21T02:40:38Z,2550,,11.4,100,10.26,5.9,91.4,6.59
2025-08-21T04:40:42Z,2235,,11.4,100,10.26,9.2,87.8,7.84
2025-08-21T06:40:19Z,1725,,11.6,100,10.39,18,59.4,9.12
2025-08-21T08:40:28Z,2100,,11.8,100,10.52,16.1,61.1,8.37
2025-08-21T10:40:55Z,2280,,11.9,99.7,10.55,15.9,59.1,8.0
2025-08-21T12:41:37Z,2355,,12,100,10.65,16.2,57.6,7.94
2025-08-21T14:40:55Z,2370,,12,100,10.65,13.7,66.6,7.88
2025-08-21T16:41:26Z,2370,,11.9,99.6,10.54,12.3,72,7.81
2025-08-21T18:41:28Z,2355,,11.7,100,10.46,10.2,81.9,7.79
2025-08-21T20:41:19Z,2145,,11.7,100,10.46,10,87.5,8.22
2025-08-21T22:42:00Z,2280,,11.6,100,10.39,8.8,91.5,7.96
2025-08-22T00:42:11Z,2565,,11.5,100,10.33,6.6,93.4,7.05
2025-08-22T02:41:54Z,2550,,11.3,100,10.2,5,95.9,6.52
2025-08-22T04:42:01Z,2250,,11.3,100,10.2,7.6,96.7,7.79
2025-08-22T06:42:40Z,1410,,11.4,100,10.26,12.7,87.3,9.71
2025-08-22T08:42:52Z,1725,,11.7,100,10.46,17,62.9,9.1
2025-08-22T10:43:04Z,2235,,11.8,99.4,10.46,16.6,57,8.05
2025-08-22T12:43:41Z,2265,,11.9,98.9,10.47,15.7,59.9,8.01
2025-08-22T14:43:28Z,2340,,12,99.4,10.59,15.3,60.7,7.92
2025-08-22T16:43:12Z,2250,,12,98.8,10.53,13.7,68.3,8.08
2025-08-22T18:43:58Z,2265,,11.7,100,10.46,10.9,79.7,7.92
2025-08-22T20:44:04Z,2475,,11.6,100,10.39,8.6,86.4,7.42
2025-08-22T22:43:21Z,2550,,11.4,100,10.26,6.7,90.7,6.89
2025-08-23T00:43:04Z,2565,,11.3,99.4,10.14,5.3,93.6,6.49
2025-08-23T02:42:56Z,2550,,11.2,99,10.03,5.2,98.7,6.8
2025-08-23T04:43:30Z,2265,,11.2,99,10.03,7.8,94.4,7.7
2025-08-23T06:43:19Z,1410,,11.4,99.4,10.2,15.4,73.6,9.67
2025-08-23T08:42:44Z,2055,,11.7,98.7,10.32,20.4,47,8.31
2025-08-23T10:43:18Z,2535,,11.8,97.1,10.22,18,46.7,7.17
2025-08-23T12:43:00Z,2445,,11.9,94.4,9.99,16.9,50.7,7.29
2025-08-23T14:42:53Z,2520,,12,94.6,10.08,17.2,48.5,7.1
2025-08-23T16:42:24Z,2385,,12,93.6,9.97,16.2,53.6,7.39
2025-08-23T18:42:10Z,2355,,11.8,96.5,10.15,12.8,67.7,7.58
2025-08-23T20:42:58Z,2505,,11.6,98.6,10.24,9.7,79.2,7.3
2025-08-23T22:42:44Z,2475,,11.5,98.7,10.19,8.4,86.3,7.32
2025-08-24T00:43:14Z,2505,,11.4,98.9,10.15,7.4,91.1,7.24
2025-08-24T02:42:20Z,2565,,11.3,98.6,10.05,6.1,93.4,6.82
2025-08-24T04:41:49Z,2085,,11.3,98.3,10.02,9.4,89.8,8.12
2025-08-24T06:41:08Z,1725,,11.4,98,10.06,15.1,68.9,8.89
2025-08-24T08:41:53Z,1935,,11.7,97,10.14,19.2,50.9,8.39
2025-08-24T10:42:35Z,2025,,11.7,97.4,10.18,15.9,61.3,8.3
2025-08-24T12:41:48Z,2055,,11.8,96.9,10.19,16.7,58.2,8.27
2025-08-24T14:41:45Z,2055,,11.9,96.5,10.22,16.3,59.7,8.28
2025-08-24T16:41:49Z,1950,,11.6,99,10.29,10.2,90,8.56
2025-08-24T18:41:20Z,1950,,11.6,100,10.39,9.3,96.2,8.64
2025-08-24T20:40:51Z,2040,,11.5,100,10.33,8.7,97.3,8.41
2025-08-24T22:41:02Z,1905,,11.5,100,10.33,8.8,100,8.7
2025-08-25T00:41:31Z,1800,,11.5,100,10.33,9.1,100,8.87
2025-08-25T02:41:48Z,1830,,11.5,100,10.33,9,100,8.81
2025-08-25T04:42:27Z,1830,,11.4,100,10.26,9,100,8.81
2025-08-25T06:42:12Z,1290,,11.5,100,10.33,11.6,97.5,10.13
2025-08-25T08:42:20Z,1350,,11.7,100,10.46,15.3,76.6,10.0
2025-08-25T10:42:56Z,1365,,11.8,98.1,10.32,15.2,76.2,9.89
2025-08-25T12:42:42Z,1650,,11.9,97.4,10.31,14.2,75.5,9.22
2025-08-25T14:43:10Z,1995,,11.9,96.2,10.18,14.1,69.2,8.39
2025-08-25T16:43:05Z,2010,,11.9,94.9,10.05,13.5,70.3,8.22
2025-08-25T18:43:48Z,1935,,11.7,97.5,10.19,10.9,86,8.55
2025-08-25T20:43:19Z,2145,,11.6,98.1,10.19,9.4,88.5,8.0
2025-08-25T22:43:27Z,2235,,11.5,98.4,10.16,8.1,93.4,7.77
2025-08-26T00:44:07Z,2235,,11.4,98.6,10.12,7.5,97.6,7.81
2025-08-26T02:44:49Z,2100,,11.4,98.6,10.12,7.8,99.9,8.15
2025-08-26T04:44:45Z,1845,,11.4,98.8,10.14,8.9,99.3,8.7
2025-08-26T06:44:55Z,1575,,11.5,98.5,10.17,16.1,68.2,9.34
2025-08-26T08:44:21Z,1665,,11.7,97.7,10.21,16.7,63.7,9.05
2025-08-26T10:44:00Z,1935,,11.8,96.5,10.15,17.4,57.5,8.52
2025-08-26T12:44:21Z,2115,,11.9,94.8,10.04,17.7,52.8,7.96
2025-08-26T14:44:28Z,2010,,12,93.1,9.92,16,59.8,8.14
2025-08-26T16:44:14Z,1905,,12,95,10.12,15,66.2,8.49
2025-08-26T18:44:08Z,2010,,11.7,98.1,10.26,12.2,78.1,8.42
2025-08-26T20:44:23Z,2355,,11.6,99,10.29,9.7,83.5,7.7
2025-08-26T22:44:20Z,2370,,11.5,98.5,10.17,8.7,87.3,7.55
2025-08-27T00:43:52Z,2385,,11.4,98.4,10.1,7.6,92.1,7.42
2025-08-27T02:44:02Z,2235,,11.4,98.7,10.13,7.8,95.5,7.79
2025-08-27T04:44:01Z,2025,,11.4,99.2,10.18,8.2,100,8.37
2025-08-27T06:43:25Z,1380,,11.5,99.7,10.29,10.8,99.8,9.86
2025-08-27T08:42:46Z,1545,,11.7,98.4,10.29,18.7,58.5,9.36
2025-08-27T10:42:51Z,1995,,11.8,96.3,10.13,17.6,55.9,8.38
2025-08-27T12:42:23Z,1905,,11.9,95,10.06,17.4,57.6,8.53
2025-08-27T14:43:07Z,1950,,12,95.2,10.14,17.2,57.3,8.39
2025-08-27T16:43:15Z,1845,,12,95.6,10.18,15.9,64.5,8.73
2025-08-27T18:43:12Z,2070,,11.8,97.4,10.25,13,72.7,8.24
2025-08-27T20:42:50Z,2310,,11.6,98.6,10.24,10.2,81.2,7.72
2025-08-27T22:43:27Z,2490,,11.4,98.5,10.11,8.1,87,7.24
2025-08-28T00:43:50Z,2550,,11.4,98.1,10.07,6.6,92.5,6.98
2025-08-28T02:43:55Z,2550,,11.2,97.4,9.87,5.4,94.5,6.59
2025-08-28T04:44:09Z,2070,,11.2,96.9,9.82,8.7,92,7.95
2025-08-28T06:44:59Z,1110,,11.5,98.7,10.19,16,76.6,10.43
2025-08-28T08:45:41Z,1590,,11.7,99.4,10.39,19,57.4,9.35
2025-08-28T10:45:15Z,2040,,11.8,99.8,10.5,17.2,58.3,8.53
2025-08-28T12:46:00Z,1065,,12,99.7,10.62,17.1,75.1,10.93
2025-08-28T14:46:30Z,930,,11.9,100,10.59,16.8,79.7,11.39
2025-08-28T16:47:07Z,900,,11.9,100,10.59,15.9,84.3,11.41
2025-08-28T18:47:26Z,945,,11.9,100,10.59,14.4,91.1,11.26
2025-08-28T20:46:43Z,1065,,11.8,100,10.52,13.2,94.3,10.82
2025-08-28T22:46:31Z,1125,,11.8,100,10.52,12.4,97,10.59
2025-08-29T00:46:47Z,1140,,11.7,100,10.46,12.2,99,10.68
2025-08-29T02:46:11Z,1110,,11.7,100,10.46,12.1,100,10.72
2025-08-29T04:46:50Z,975,,11.8,100,10.52,12.7,100,11.13
2025-08-29T06:47:24Z,645,,11.9,100,10.59,14.3,100,12.28
2025-08-29T08:48:06Z,615,,11.9,100,10.59,14.5,100,12.43
2025-08-29T10:48:43Z,1005,,11.8,100,10.52,12.6,100,11.06
2025-08-29T12:49:35Z,840,,11.9,100,10.59,13.4,100,11.62
2025-08-29T14:49:46Z,885,,11.9,100,10.59,13.1,100,11.41
2025-08-29T16:50:03Z,810,,11.9,100,10.59,13.6,100,11.76
2025-08-29T18:50:34Z,795,,11.9,100,10.59,13.6,100,11.76
2025-08-29T20:51:07Z,735,,11.9,100,10.59,13.8,100,11.91
2025-08-29T22:50:19Z,825,,11.9,100,10.59,13.5,100,11.69
2025-08-30T00:50:31Z,750,,11.9,100,10.59,13.9,100,11.98
2025-08-30T02:51:17Z,630,,12,100,10.65,14.4,100,12.36
2025-08-30T04:51:09Z,585,,12,100,10.65,14.8,100,12.66
2025-08-30T06:51:04Z,495,,12,100,10.65,15.2,100,12.97
2025-08-30T08:50:45Z,465,,12,100,10.65,16,100,13.62
2025-08-30T10:50:57Z,480,,12,100,10.65,16.4,100,13.95
2025-08-30T12:50:18Z,465,,12.1,100,10.72,16.4,100,13.95
2025-08-30T14:50:16Z,480,,12.1,100,10.72,16,100,13.62
2025-08-30T16:49:39Z,465,,12.1,100,10.72,15.9,100,13.54
2025-08-30T18:49:13Z,540,,12.1,100,10.72,15,100,12.82
2025-08-30T20:49:42Z,645,,12.1,100,10.72,14.4,100,12.36
2025-08-30T22:49:43Z,675,,12.1,100,10.72,14.3,100,12.28
2025-08-31T00:49:25Z,675,,12.1,100,10.72,14.3,100,12.28
2025-08-31T02:48:52Z,720,,12,100,10.65,14,100,12.06
2025-08-31T04:49:12Z,720,,12,100,10.65,14,100,12.06
2025-08-31T06:49:43Z,675,,12,100,10.65,14.4,100,12.36
2025-08-31T08:49:06Z,540,,12.1,100,10.72,15.1,100,12.9
2025-08-31T10:49:15Z,480,,12.1,100,10.72,16.5,100,14.04
2025-08-31T12:49:57Z,465,,12.1,100,10.72,16.6,100,14.12
2025-08-31T14:49:43Z,480,,12.1,100,10.72,15.8,100,13.46
2025-08-31T16:49:43Z,480,,12.1,100,10.72,15.5,100,13.21
2025-08-31T18:49:58Z,585,,12.1,100,10.72,14.7,100,12.59
2025-08-31T20:50:27Z,660,,12.1,100,10.72,14.4,100,12.36
2025-08-31T22:50:14Z,735,,12.1,100,10.72,14,100,12.06
2025-09-01T00:49:51Z,990,,12,100,10.65,12.9,100,11.27
2025-09-01T02:49:45Z,1035,,12,100,10.65,12.7,100,11.13
2025-09-01T04:50:25Z,930,,12,100,10.65,13.2,100,11.48
2025-09-01T06:50:27Z,840,,12,100,10.65,13.6,100,11.76
2025-09-01T08:50:31Z,600,,12,100,10.65,14.6,100,12.51
2025-09-01T10:50:00Z,555,,12,100,10.65,15.2,98.4,12.77
2025-09-01T12:50:20Z,585,,12,100,10.65,15.5,94.8,12.53
2025-09-01T14:50:51Z,585,,12,100,10.65,15.7,94.6,12.65
2025-09-01T16:50:14Z,585,,12,100,10.65,14.8,99.3,12.57
2025-09-01T18:50:35Z,1185,,11.9,100,10.59,12,100,10.65
2025-09-01T20:50:35Z,1590,,11.8,100,10.52,10.1,100,9.45
2025-09-01T22:50:12Z,1920,,11.6,100,10.39,8.8,100,8.7
2025-09-02T00:49:58Z,1905,,11.6,100,10.39,8.9,100,8.76
2025-09-02T02:49:20Z,1455,,11.6,100,10.39,10.6,100,9.76
2025-09-02T04:48:59Z,1200,,11.7,100,10.46,11.7,100,10.46
2025-09-02T06:48:08Z,915,,11.9,100,10.59,13.1,100,11.41
2025-09-02T08:47:55Z,525,,11.9,100,10.59,15,100,12.82
2025-09-02T10:47:15Z,630,,11.9,100,10.59,16.3,88.4,12.26
2025-09-02T12:47:20Z,735,,11.9,100,10.59,16.1,86.3,11.82
2025-09-02T14:46:48Z,705,,12,100,10.65,16.1,89.4,12.25
2025-09-02T16:47:24Z,690,,12,100,10.65,15.3,93.6,12.22
2025-09-02T18:47:56Z,555,,12,100,10.65,14.8,100,12.66
2025-09-02T20:48:38Z,720,,12,100,10.65,13.9,100,11.98
2025-09-02T22:48:05Z,810,,11.9,100,10.59,13.4,100,11.62
2025-09-03T00:47:52Z,750,,12,100,10.65,13.9,100,11.98
2025-09-03T02:48:18Z,735,,12,100,10.65,13.9,100,11.98
2025-09-03T04:48:49Z,555,,12,100,10.65,14.9,100,12.74
2025-09-03T06:48:14Z,630,,12,100,10.65,16.8,86.9,12.42
2025-09-03T08:48:47Z,705,,12.1,100,10.72,18.3,78.4,12.25
2025-09-03T10:48:02Z,600,,12.1,100,10.72,17.1,86.7,12.62
2025-09-03T12:47:25Z,480,,12.1,100,10.72,17.7,87.1,13.14
2025-09-03T14:47:35Z,480,,12.1,100,10.72,17.9,88.7,13.54
2025-09-03T16:48:12Z,465,,12.1,100,10.72,16.6,100,14.12
2025-09-03T18:48:41Z,465,,12.1,100,10.72,16.3,100,13.87
2025-09-03T20:48:21Z,510,,12.1,100,10.72,15.3,100,13.05
2025-09-03T22:47:30Z,720,,12.1,100,10.72,14.1,100,12.13
2025-09-04T00:47:28Z,720,,12.1,100,10.72,14.2,100,12.21
2025-09-04T02:47:28Z,750,,12.1,100,10.72,13.9,100,11.98
2025-09-04T04:47:23Z,750,,12.1,100,10.72,13.9,100,11.98
2025-09-04T06:48:00Z,630,,12.1,100,10.72,14.6,99.6,12.46
2025-09-04T08:48:34Z,540,,12.1,100,10.72,18.1,83.2,12.85
2025-09-04T10:47:54Z,480,,12.1,100,10.72,19.6,77.4,13.06
2025-09-04T12:47:46Z,480,,12.1,100,10.72,18.9,80.6,13.05
2025-09-04T14:47:49Z,540,,12.1,100,10.72,17.8,84.5,12.82
2025-09-04T16:47:56Z,630,,12.1,100,10.72,16.4,89.5,12.49
2025-09-04T18:47:49Z,765,,12.1,100,10.72,14.1,98.4,11.94
2025-09-04T20:47:32Z,1110,,12,100,10.65,12.3,100,10.85
2025-09-04T22:47:01Z,1320,,11.9,100,10.59,11.4,100,10.26
2025-09-05T00:46:54Z,1215,,11.9,100,10.59,11.9,100,10.59
2025-09-05T02:46:25Z,1110,,12,100,10.65,12.4,100,10.92
2025-09-05T04:47:16Z,1035,,12,100,10.65,12.7,100,11.13
2025-09-05T06:47:12Z,615,,12.1,100,10.72,14.7,100,12.59
2025-09-05T08:47:49Z,480,,12.1,100,10.72,16.5,100,14.04
2025-09-05T10:47:12Z,480,,12.2,100,10.79,18.4,91.3,14.36
2025-09-05T12:47:28Z,480,,12.2,100,10.79,19.8,79.2,13.52
2025-09-05T14:47:53Z,465,,12.2,100,10.79,19.9,76.4,13.12
2025-09-05T16:48:14Z,480,,12.2,100,10.79,18.4,88,13.84
2025-09-05T18:49:02Z,540,,12.2,100,10.79,15.4,98.3,12.91
2025-09-05T20:49:13Z,810,,12.2,100,10.79,13.8,100,11.91
2025-09-05T22:48:56Z,1080,,12.1,100,10.72,12.6,100,11.06
2025-09-06T00:48:23Z,990,,12.2,100,10.79,13,100,11.34
2025-09-06T02:48:56Z,855,,12.2,100,10.79,13.6,100,11.76
2025-09-06T04:48:50Z,720,,12.2,100,10.79,14.4,100,12.36
2025-09-06T06:48:02Z,465,,12.3,100,10.85,15.9,100,13.54
2025-09-06T08:48:54Z,480,,12.3,100,10.85,17.4,100,14.81
2025-09-06T10:48:02Z,465,,12.3,100,10.85,19.8,97.4,16.63
2025-09-06T12:47:46Z,465,,12.3,100,10.85,21.2,86.3,15.99
2025-09-06T14:47:38Z,480,,12.4,100,10.92,20.8,88.4,16.0
2025-09-06T16:48:01Z,480,,12.4,100,10.92,19.8,95,16.22
2025-09-06T18:47:28Z,480,,12.4,100,10.92,18.7,98.9,15.83
2025-09-06T20:46:56Z,480,,12.4,100,10.92,17.6,100,14.99
2025-09-06T22:46:45Z,480,,12.4,100,10.92,16.9,100,14.38
2025-09-07T00:46:26Z,465,,12.4,100,10.92,16.6,100,14.12
2025-09-07T02:47:02Z,480,,12.3,100,10.85,16.6,100,14.12
2025-09-07T04:46:23Z,480,,12.4,100,10.92,16.7,100,14.21
2025-09-07T06:47:04Z,465,,12.4,100,10.92,17.5,100,14.9
2025-09-07T08:46:35Z,480,,12.4,100,10.92,19.6,98.2,16.57
2025-09-07T10:45:46Z,480,,12.5,100,10.99,19.2,98.9,16.3
2025-09-07T12:45:12Z,465,,12.5,100,10.99,19.5,97,16.28
2025-09-07T14:45:20Z,465,,12.5,100,10.99,19.3,98.6,16.35
2025-09-07T16:46:02Z,480,,12.5,100,10.99,18.9,99.6,16.13
2025-09-07T18:46:05Z,480,,12.5,100,10.99,17.1,100,14.55
2025-09-07T20:45:35Z,495,,12.4,100,10.92,15.5,100,13.21
2025-09-07T22:46:03Z,720,,12.4,100,10.92,14.4,100,12.36
2025-09-08T00:45:21Z,840,,12.3,100,10.85,13.7,100,11.84
2025-09-08T02:45:54Z,720,,12.4,100,10.92,14.6,100,12.51
2025-09-08T04:46:34Z,630,,12.4,100,10.92,14.9,100,12.74
2025-09-08T06:45:49Z,480,,12.4,100,10.92,16.2,100,13.78
2025-09-08T08:46:04Z,480,,12.5,100,10.99,17.7,100,15.08
2025-09-08T10:46:28Z,465,,12.5,100,10.99,19.9,99.4,17.07
2025-09-08T12:47:02Z,480,,12.5,100,10.99,21.8,83.6,16.04
2025-09-08T14:46:22Z,480,,12.5,100,10.99,21.6,76.6,14.53
2025-09-08T16:46:40Z,465,,12.5,100,10.99,19.6,82.4,13.91
2025-09-08T18:45:58Z,495,,12.5,100,10.99,17.1,90.9,13.23
2025-09-08T20:45:31Z,585,,12.4,100,10.92,15.8,96.2,12.94
2025-09-08T22:45:28Z,765,,12.4,100,10.92,14.1,100,12.13
2025-09-09T00:45:39Z,1020,,12.3,100,10.85,12.9,100,11.27
2025-09-09T02:46:11Z,1185,,12.2,100,10.79,12.2,100,10.79
2025-09-09T04:46:44Z,825,,12.1,100,10.72,13.6,100,11.76
2025-09-09T06:46:24Z,465,,12.3,100,10.85,21,80.4,14.73
2025-09-09T08:46:30Z,540,,12.4,100,10.92,24.1,59.8,13.09
2025-09-09T10:46:16Z,780,,12.4,100,10.92,21.2,65.6,12.16
2025-09-09T12:45:22Z,1170,,12.4,100,10.92,20.7,61.2,11.02
2025-09-09T14:45:21Z,1185,,12.4,100,10.92,20,63.1,10.9
2025-09-09T16:44:54Z,915,,12.4,100,10.92,18.6,74.6,11.87
2025-09-09T18:44:13Z,840,,12.4,100,10.92,16.5,85.5,12.0
2025-09-09T20:44:45Z,780,,12.3,100,10.85,15.4,92.3,12.12
2025-09-09T22:44:06Z,765,,12.3,100,10.85,14.8,96.1,12.17
2025-09-10T00:43:53Z,735,,12.3,100,10.85,14.5,98.7,12.27
2025-09-10T02:43:31Z,720,,12.3,100,10.85,14.6,99.7,12.47
2025-09-10T04:42:57Z,600,,12.4,100,10.92,14.9,100,12.74
2025-09-10T06:43:11Z,465,,12.4,100,10.92,19.5,84.7,14.21
2025-09-10T08:42:28Z,465,,12.4,100,10.92,20.1,77.3,13.43
2025-09-10T10:41:45Z,720,,12.4,100,10.92,20.4,69.4,12.27
2025-09-10T12:42:33Z,990,,12.4,100,10.92,21,62.6,11.47
2025-09-10T14:42:25Z,765,,12.4,100,10.92,20.5,69,12.28
2025-09-10T16:41:42Z,705,,12.4,100,10.92,19.2,76.1,12.55
2025-09-10T18:42:03Z,675,,12.4,100,10.92,17.5,85.1,12.68
2025-09-10T20:41:42Z,660,,12.4,100,10.92,16.4,90.9,12.68
2025-09-10T22:41:22Z,570,,12.4,100,10.92,16.4,93.3,13.02
2025-09-11T00:41:49Z,555,,12.4,100,10.92,17.7,86.2,13.0
2025-09-11T02:42:38Z,555,,12.4,100,10.92,16.4,93.4,13.03
2025-09-11T04:42:23Z,465,,12.4,100,10.92,16.7,95.2,13.52
2025-09-11T06:42:54Z,465,,12.4,100,10.92,19.5,79.7,13.37
2025-09-11T08:42:11Z,540,,12.5,100,10.99,21.4,70.2,13.16
2025-09-11T10:41:31Z,630,,12.5,100,10.99,20.8,70.4,12.75
2025-09-11T12:40:50Z,780,,12.6,100,11.06,20.3,69.5,12.22
2025-09-11T14:41:21Z,1035,,12.5,100,10.99,19.7,66.9,11.36
2025-09-11T16:42:01Z,1035,,12.5,100,10.99,18.6,71.4,11.36
2025-09-11T18:41:46Z,1080,,12.4,100,10.92,18.4,71.3,11.21
2025-09-11T20:41:15Z,1275,,12.4,100,10.92,17.5,71.6,10.67
2025-09-11T22:41:07Z,1335,,12.4,100,10.92,16.8,73.5,10.5
2025-09-12T00:41:10Z,1365,,12.3,100,10.85,16.2,75.3,10.38
2025-09-12T02:40:28Z,1410,,12.3,100,10.85,15.6,77.4,10.29
2025-09-12T04:40:54Z,1425,,12.3,100,10.85,15.4,77.4,10.17
2025-09-12T06:41:03Z,1440,,12.3,100,10.85,15.7,76.6,10.24
2025-09-12T08:41:42Z,1335,,12.3,100,10.85,15.8,78.1,10.51
2025-09-12T10:42:15Z,750,,12.3,100,10.85,14.7,97.4,12.26
2025-09-12T12:42:41Z,735,,12.3,100,10.85,14.2,100,12.21
2025-09-12T14:42:49Z,855,,12.3,100,10.85,13.7,100,11.84
2025-09-12T16:42:54Z,825,,12.3,100,10.85,13.8,100,11.91
2025-09-12T18:43:07Z,720,,12.4,100,10.92,14.5,100,12.43
2025-09-12T20:42:37Z,720,,12.4,100,10.92,14.4,100,12.36
2025-09-12T22:43:08Z,720,,12.4,100,10.92,14.3,100,12.28
2025-09-13T00:43:59Z,720,,12.4,100,10.92,14.3,100,12.28
2025-09-13T02:43:49Z,720,,12.4,100,10.92,14.5,100,12.43
2025-09-13T04:43:42Z,720,,12.4,100,10.92,14.5,100,12.43
2025-09-13T06:43:49Z,510,,12.4,100,10.92,15.8,98.7,13.28
2025-09-13T08:44:18Z,495,,12.4,100,10.92,17.4,89.5,13.26
2025-09-13T10:44:51Z,585,,12.4,100,10.92,16.8,90,12.86
2025-09-13T12:44:24Z,585,,12.4,100,10.92,16.8,91.1,13.02
2025-09-13T14:45:07Z,690,,12.4,100,10.92,16.4,89,12.42
2025-09-13T16:45:05Z,900,,12.4,100,10.92,15.2,90.6,11.75
2025-09-13T18:45:08Z,1050,,12.3,100,10.85,13,99,11.22
2025-09-13T20:44:42Z,1245,,12.2,100,10.79,12,100,10.65
2025-09-13T22:44:15Z,1410,,12.1,100,10.72,11.3,100,10.2
2025-09-14T00:43:31Z,1395,,12.1,100,10.72,11.4,100,10.26
2025-09-14T02:42:50Z,1275,,12.1,100,10.72,11.8,100,10.52
2025-09-14T04:43:13Z,975,,12.2,100,10.79,13.1,100,11.41
2025-09-14T06:42:33Z,780,,12.3,100,10.85,14,100,12.06
2025-09-14T08:43:19Z,765,,12.3,100,10.85,14.1,100,12.13
2025-09-14T10:43:21Z,750,,12.3,100,10.85,14.3,100,12.28
2025-09-14T12:42:34Z,720,,12.3,100,10.85,14.4,100,12.36
2025-09-14T14:41:49Z,720,,12.3,100,10.85,14.5,100,12.43
2025-09-14T16:42:30Z,810,,12.3,100,10.85,13.9,100,11.98
2025-09-14T18:42:29Z,810,,12.3,100,10.85,13.9,100,11.98
2025-09-14T20:42:12Z,765,,12.3,100,10.85,14.2,100,12.21
2025-09-14T22:43:02Z,675,,12.3,100,10.85,14.7,100,12.59
2025-09-15T00:42:33Z,660,,12.3,100,10.85,14.7,100,12.59
2025-09-15T02:42:26Z,765,,12.3,100,10.85,15.1,93.8,12.1
2025-09-15T04:42:03Z,1140,,12.3,100,10.85,14.8,86.7,10.98
2025-09-15T06:42:19Z,1065,,12.3,100,10.85,12.9,100,11.27
2025-09-15T08:41:42Z,1185,,12.2,100,10.79,12.2,100,10.79
2025-09-15T10:42:15Z,1215,,12.2,100,10.79,12.2,100,10.79
2025-09-15T12:42:45Z,1005,,12.2,100,10.79,13.1,100,11.41
2025-09-15T14:42:05Z,795,,12.3,100,10.85,14,100,12.06
2025-09-15T16:41:32Z,795,,12.3,100,10.85,13.9,100,11.98
2025-09-15T18:40:55Z,1125,,12.2,100,10.79,12.4,100,10.92
2025-09-15T20:40:27Z,915,,12.3,100,10.85,13.5,100,11.69
2025-09-15T22:40:07Z,900,,12.2,100,10.79,13.4,100,11.62
2025-09-16T00:39:25Z,840,,12.2,100,10.79,13.8,100,11.91
2025-09-16T02:39:17Z,840,,12.2,100,10.79,13.7,100,11.84
2025-09-16T04:39:32Z,960,,12.2,100,10.79,13.2,100,11.48
2025-09-16T06:38:51Z,960,,12.2,100,10.79,13.2,100,11.48
2025-09-16T08:38:29Z,885,,12.2,100,10.79,13.6,100,11.76
2025-09-16T10:38:57Z,630,,12.3,100,10.85,14.8,100,12.66
2025-09-16T12:38:33Z,720,,12.3,100,10.85,15.9,90.2,12.21
2025-09-16T14:39:07Z,750,,12.3,100,10.85,15.2,93.5,12.13
2025-09-16T16:38:38Z,1110,,12.2,100,10.79,12.7,98.6,10.97
2025-09-16T18:38:43Z,1290,,12.1,100,10.72,11.6,100,10.39
2025-09-16T20:38:59Z,1080,,12.2,100,10.79,13.1,97,11.06
2025-09-16T22:38:38Z,975,,12.2,100,10.79,13.4,98,11.39
2025-09-17T00:39:00Z,900,,12.2,100,10.79,13.4,100,11.62
2025-09-17T02:39:37Z,1095,,12.2,100,10.79,12.5,100,10.99
2025-09-17T04:39:51Z,1185,,12.2,100,10.79,12.2,100,10.79
2025-09-17T06:39:54Z,1065,,12.1,100,10.72,12.7,100,11.13
2025-09-17T08:40:30Z,825,,12.2,100,10.79,14.8,94.2,11.93
2025-09-17T10:40:22Z,660,,12.2,100,10.79,15,97.8,12.54
2025-09-17T12:40:44Z,840,,12.2,100,10.79,15.2,90.7,11.77
2025-09-17T14:40:20Z,780,,12.2,100,10.79,14.9,94.5,12.04
2025-09-17T16:40:28Z,960,,12.2,100,10.79,13.2,100,11.48
2025-09-17T18:39:56Z,1140,,12.2,100,10.79,12.3,100,10.85
2025-09-17T20:39:49Z,1260,,12.1,100,10.72,11.9,100,10.59
2025-09-17T22:40:21Z,1350,,12.1,100,10.72,11.4,100,10.26
2025-09-18T00:40:14Z,1545,,12,100,10.65,10.5,100,9.7
2025-09-18T02:40:28Z,1695,,11.9,100,10.59,9.9,100,9.33
2025-09-18T04:40:47Z,1560,,11.9,100,10.59,10.5,100,9.7
2025-09-18T06:40:25Z,870,,12,100,10.65,13.4,100,11.62
2025-09-18T08:40:12Z,810,,12.1,100,10.72,15.1,92.1,11.88
2025-09-18T10:40:10Z,810,,12.2,100,10.79,16.4,84.5,11.79
2025-09-18T12:40:39Z,630,,12.2,100,10.79,15.9,93.1,12.6
2025-09-18T14:40:53Z,810,,12.2,100,10.79,15.6,89.4,11.88
2025-09-18T16:41:23Z,975,,12.2,100,10.79,13.8,95.4,11.36
2025-09-18T18:40:54Z,1185,,12.1,100,10.72,12,100,10.65
2025-09-18T20:40:29Z,1290,,12,100,10.65,11.7,100,10.46
2025-09-18T22:40:28Z,1275,,12,100,10.65,11.7,100,10.46
2025-09-19T00:39:49Z,1500,,12,100,10.65,10.7,100,9.82
2025-09-19T02:39:33Z,1500,,11.9,100,10.59,10.6,100,9.76
2025-09-19T04:39:34Z,1455,,11.9,100,10.59,10.9,100,9.94
2025-09-19T06:39:38Z,1155,,12,100,10.65,12.2,100,10.79
2025-09-19T08:39:29Z,1035,,12.1,100,10.72,12.7,100,11.13
2025-09-19T10:38:43Z,720,,12.1,100,10.72,14.8,96.4,12.21
2025-09-19T12:38:12Z,1095,,12.1,100,10.72,15.3,84.5,11.03
2025-09-19T14:38:56Z,1275,,12.2,100,10.79,15.1,81.9,10.56
2025-09-19T16:39:13Z,1200,,12.1,100,10.72,13.5,91.9,10.74
2025-09-19T18:38:44Z,1440,,12,100,10.65,11.3,98,9.99
2025-09-19T20:39:08Z,1665,,11.9,100,10.59,10,100,9.39
2025-09-19T22:38:58Z,1890,,11.8,100,10.52,9.1,100,8.87
2025-09-20T00:39:35Z,1965,,11.7,100,10.46,8.8,100,8.7
2025-09-20T02:40:07Z,1140,,11.8,100,10.52,12.1,100,10.72
2025-09-20T04:39:51Z,765,,12,100,10.65,13.9,100,11.98
2025-09-20T06:39:57Z,525,,12.1,100,10.72,15.2,100,12.97
2025-09-20T08:39:26Z,465,,12.1,100,10.72,15.8,100,13.46
2025-09-20T10:39:45Z,480,,12.1,100,10.72,16.4,100,13.95
2025-09-20T12:39:15Z,480,,12.2,100,10.79,16.6,99.7,14.08
2025-09-20T14:39:50Z,480,,12.2,100,10.79,17.3,92.1,13.56
2025-09-20T16:40:16Z,465,,12.2,100,10.79,15.6,98.9,13.15
2025-09-20T18:39:41Z,525,,12.2,100,10.79,15.2,100,12.97
2025-09-20T20:39:26Z,630,,12.2,100,10.79,14.6,100,12.51
2025-09-20T22:39:51Z,570,,12.2,100,10.79,15.2,100,12.97
2025-09-21T00:40:34Z,540,,12.2,100,10.79,15.2,100,12.97
2025-09-21T02:40:23Z,570,,12.2,100,10.79,15,100,12.82
2025-09-21T04:40:52Z,555,,12.2,100,10.79,15,100,12.82
2025-09-21T06:41:16Z,480,,12.2,100,10.79,16.1,100,13.7
2025-09-21T08:40:59Z,480,,12.3,100,10.85,20.1,83.6,14.53
2025-09-21T10:40:52Z,480,,12.3,100,10.85,20.3,76.7,13.49
2025-09-21T12:40:18Z,480,,12.4,100,10.92,19.2,80.4,13.25
2025-09-21T14:40:12Z,480,,12.3,100,10.85,18.3,87.2,13.63
2025-09-21T16:39:56Z,480,,12.3,100,10.85,17.9,87.5,13.36
2025-09-21T18:40:21Z,465,,12.3,100,10.85,17.2,99.9,14.62
2025-09-21T20:39:36Z,480,,12.3,100,10.85,17,100,14.46
2025-09-21T22:39:44Z,525,,12.3,100,10.85,15.4,99.5,13.07
2025-09-22T00:39:14Z,660,,12.3,100,10.85,14.6,100,12.51
2025-09-22T02:38:38Z,885,,12.2,100,10.79,14.4,94.4,11.66
2025-09-22T04:38:11Z,1695,,12.1,100,10.72,12.2,87.3,9.42
2025-09-22T06:37:32Z,1455,,12,100,10.65,12.7,89.7,9.98
2025-09-22T08:36:55Z,1995,,12,100,10.65,13.9,73.4,8.8
2025-09-22T10:36:50Z,2550,,12,100,10.65,14,60.6,7.31
2025-09-22T12:37:44Z,2565,,12,100,10.65,13.7,59.5,7.04
2025-09-22T14:37:58Z,2490,,12,100,10.65,13,67.4,7.64
2025-09-22T16:38:12Z,2460,,11.9,100,10.59,10.9,77.1,7.67
2025-09-22T18:38:08Z,2505,,11.7,100,10.46,8.9,84.9,7.44
2025-09-22T20:38:54Z,2550,,11.6,100,10.39,7.5,91,7.28
2025-09-22T22:38:18Z,2550,,11.5,100,10.33,6.6,93.1,7.03
2025-09-23T00:38:47Z,2550,,11.5,100,10.33,6.4,92.4,6.88
2025-09-23T02:38:25Z,2535,,11.5,100,10.33,5.7,95.7,6.81
2025-09-23T04:38:52Z,2550,,11.4,100,10.26,5.4,100,6.98
2025-09-23T06:39:24Z,2295,,11.4,100,10.26,8.9,89.3,7.82
2025-09-23T08:38:35Z,2235,,11.5,100,10.33,11.1,79.3,7.98
2025-09-23T10:38:45Z,1980,,11.5,100,10.33,10.7,87.4,8.58
2025-09-23T12:38:56Z,2460,,11.4,100,10.26,8.4,87.6,7.43
2025-09-23T14:38:57Z,2535,,11.3,98.3,10.02,8.3,80.6,6.79
2025-09-23T16:39:54Z,2535,,11.4,97.4,9.99,7.1,76.5,5.97
2025-09-23T18:40:08Z,2535,,11.3,97.1,9.9,4.6,86.3,5.71
2025-09-23T20:39:14Z,2535,,11.2,96.8,9.81,3.5,90.5,5.57
2025-09-23T22:38:55Z,2535,,11.1,96.8,9.75,3.5,94.2,5.79
2025-09-24T00:38:20Z,2550,,11.1,96.6,9.73,3.4,94.9,5.8
2025-09-24T02:38:52Z,2535,,11,96.5,9.66,3.1,96.5,5.78
2025-09-24T04:39:27Z,2535,,11,96.2,9.63,2.6,98,5.67
2025-09-24T06:40:16Z,2535,,10.9,95.7,9.52,8.9,76.6,6.71
2025-09-24T08:39:45Z,2535,,11.1,94.5,9.52,13.1,56.5,6.44
2025-09-24T10:40:06Z,2550,,11.1,91.3,9.19,10.2,51.9,4.94
2025-09-24T12:40:11Z,2535,,11.2,89.8,9.1,10.3,50.7,4.85
2025-09-24T14:40:52Z,2550,,11.3,88.5,9.02,10.1,51.6,4.88
2025-09-24T16:41:24Z,2535,,11.2,90.6,9.18,7.5,67,5.36
2025-09-24T18:40:52Z,2535,,11,92.7,9.28,3.9,79.9,5.05
2025-09-24T20:40:49Z,2520,,10.9,93.1,9.26,3.2,87.4,5.27
2025-09-24T22:40:46Z,2535,,10.9,93.6,9.31,3.5,91.1,5.6
2025-09-25T00:40:18Z,2520,,10.9,93.7,9.32,2.6,94,5.44
2025-09-25T02:40:49Z,2535,,10.8,93.1,9.2,0.7,97.2,4.95
2025-09-25T04:40:58Z,2535,,10.8,93.5,9.24,1.8,99.4,5.45
2025-09-25T06:41:29Z,1575,,10.9,94.8,9.43,11,85,8.51
2025-09-25T08:40:50Z,1350,,11.3,96.4,9.83,17.6,63.4,9.51
2025-09-25T10:40:23Z,1770,,11.4,96.7,9.92,14.8,68,8.61
2025-09-25T12:40:07Z,1785,,11.5,96.3,9.94,14.3,69.7,8.56
2025-09-25T14:39:29Z,1785,,11.6,96.1,9.98,13.8,71.6,8.53
2025-09-25T16:39:24Z,2010,,11.5,97.3,10.05,11.6,78.8,8.19
2025-09-25T18:39:25Z,2445,,11.3,98,9.99,8.1,87.6,7.29
2025-09-25T20:40:19Z,2460,,11.2,97.5,9.88,6.9,92.3,7.1
2025-09-25T22:40:17Z,2535,,11.1,96.8,9.75,5.4,95,6.63
2025-09-26T00:40:15Z,2535,,11,95.8,9.59,4.1,97.9,6.27
2025-09-26T02:40:36Z,2535,,11,95.5,9.56,3.9,100,6.32
2025-09-26T04:40:47Z,2520,,10.9,94.9,9.44,3.2,100,6.03
2025-09-26T06:41:38Z,1110,,11,96.4,9.65,12.3,90.7,9.84
2025-09-26T08:41:35Z,1230,,11.3,98.2,10.01,14.8,78.2,9.9
2025-09-26T10:41:24Z,1350,,11.4,98.4,10.1,14.3,79,9.7
2025-09-26T12:41:35Z,1755,,11.6,97.5,10.13,13.9,73.3,8.78
2025-09-26T14:42:03Z,1740,,11.6,97.1,10.09,13.3,76.4,8.82
2025-09-26T16:42:23Z,1890,,11.5,98.3,10.15,11.3,84.3,8.6
2025-09-26T18:41:45Z,2190,,11.4,99.3,10.19,9,90.1,7.94
2025-09-26T20:41:03Z,2235,,11.3,98.8,10.07,8,94.2,7.79
2025-09-26T22:41:12Z,2265,,11.3,98.5,10.04,7.3,96.9,7.66
2025-09-27T00:41:48Z,2250,,11.3,98.6,10.05,7.1,98.7,7.7
2025-09-27T02:40:52Z,2265,,11.2,98.4,9.97,6.7,100,7.6
2025-09-27T06:40:49Z,1695,,11.2,98.2,9.95,9.9,93.6,8.74
2025-09-27T08:40:25Z,1320,,11.4,98.1,10.07,15.8,72.2,9.71
2025-09-27T10:40:46Z,1800,,11.5,96.2,9.93,14,70.8,8.54
2025-09-27T12:40:27Z,1770,,11.7,94.9,9.92,14.6,69.1,8.64
2025-09-27T14:40:42Z,1935,,11.8,95.8,10.08,14.7,66.5,8.37
2025-09-27T16:40:12Z,1905,,11.6,96.3,10.01,12.2,78.2,8.44
2025-09-27T18:40:56Z,1845,,11.5,97.8,10.1,10.6,88.4,8.63
2025-09-27T20:40:30Z,2025,,11.4,98.6,10.12,9.2,91.9,8.2
2025-09-27T22:40:54Z,2220,,11.4,98.7,10.13,7.5,97.3,7.79
2025-09-28T00:40:09Z,2430,,11.2,98.1,9.94,6.1,99.4,7.26
2025-09-28T02:40:37Z,2535,,11.1,97.6,9.83,5.4,100,6.98
2025-09-28T04:39:58Z,2535,,11.1,97.3,9.8,5.1,100,6.84
2025-09-28T06:39:15Z,1545,,11.1,97.5,9.82,10.6,92,8.98
2025-09-28T08:38:34Z,1290,,11.3,97.9,9.98,17.2,66.7,9.76
2025-09-28T10:38:29Z,2355,,11.5,97.6,10.08,13,66,7.48
2025-09-28T12:38:59Z,2280,,11.6,96.7,10.05,12.7,68.9,7.67
2025-09-28T14:38:21Z,2430,,11.5,96.2,9.93,11.6,70.3,7.3
2025-09-28T16:38:16Z,2460,,11.4,95.9,9.84,9.3,78,7.01
2025-09-28T18:37:19Z,2520,,11.2,96.3,9.76,7.1,86.9,6.78
2025-09-28T20:37:35Z,2520,,11.1,96,9.67,6,92.2,6.69
2025-09-28T22:38:12Z,2535,,11.1,96.1,9.68,5.4,96.5,6.73
2025-09-29T00:37:51Z,2535,,10.9,95.6,9.51,4.2,97.2,6.26
2025-09-29T02:37:43Z,2520,,10.9,95.2,9.47,3.5,99.4,6.11
2025-09-29T04:38:19Z,2520,,10.9,95.1,9.46,3.5,100,6.15
2025-09-29T06:38:42Z,2085,,10.9,95.2,9.47,8.9,86.6,7.58
2025-09-29T10:38:47Z,2520,,11.1,94.3,9.5,9.3,67.5,6.06
2025-09-29T12:39:18Z,2520,,11.2,93.6,9.48,9,67.2,5.92
2025-09-29T14:40:03Z,2535,,11.2,93.5,9.47,8.4,71.5,6.06
2025-09-29T16:39:41Z,2535,,11.1,93.2,9.38,7,79.3,6.14
2025-09-29T18:40:17Z,2535,,10.9,93.4,9.29,5.2,86.8,5.98
2025-09-29T20:40:00Z,2520,,10.9,93.6,9.31,4.3,91.6,5.94
2025-09-29T22:40:19Z,2520,,10.8,93.5,9.24,2.9,95.3,5.63
2025-09-30T00:40:29Z,2520,,10.7,93.4,9.17,2.6,97.4,5.64
2025-09-30T02:39:52Z,2520,,10.7,92.8,9.11,1.2,98.9,5.21
2025-09-30T04:39:38Z,2520,,10.6,92.4,9.02,1,100,5.19
2025-09-30T06:40:09Z,2535,,10.6,92.9,9.06,3.3,99.9,6.06
2025-09-30T08:39:51Z,2385,,10.8,93.7,9.26,9.2,76.4,6.82
2025-09-30T10:39:12Z,2520,,11,92,9.21,10,65,6.11
2025-09-30T12:38:23Z,2535,,11,90.8,9.09,9.7,61.6,5.68
2025-09-30T14:38:50Z,2520,,11,90.3,9.04,8.6,60.3,5.18
2025-09-30T16:38:14Z,2520,,10.9,91.2,9.07,5.7,77.4,5.51
2025-09-30T18:38:22Z,2520,,10.7,91.6,8.99,3,86.9,5.17
2025-09-30T20:38:28Z,2520,,10.8,91.7,9.06,5.2,82.3,5.67
2025-09-30T22:37:42Z,2520,,10.8,91.2,9.01,5.6,82.5,5.83
2025-10-01T00:37:25Z,2520,,10.8,91.3,9.02,5.5,84.1,5.91
2025-10-01T02:38:02Z,2520,,10.8,91.5,9.04,5.4,85.9,5.99
2025-10-01T04:37:47Z,2535,,10.8,91.7,9.06,5.2,87.7,6.04
2025-10-01T06:37:50Z,2520,,10.8,92.2,9.11,5.8,88.3,6.33
2025-10-01T08:38:01Z,2175,,10.9,92.8,9.23,8.3,85.7,7.22
2025-10-01T10:38:30Z,2520,,11.1,92.5,9.31,10.8,65.4,6.46
2025-10-01T12:38:49Z,2520,,11.2,91,9.22,11,62.4,6.24
2025-10-01T14:39:35Z,2535,,11.2,90.4,9.16,10.3,67,6.41
2025-10-01T16:40:05Z,2475,,11.1,91.8,9.24,9,75.1,6.62
2025-10-01T18:39:13Z,2520,,10.9,93.1,9.26,5.8,85.8,6.15
2025-10-01T20:39:34Z,2520,,10.8,92.8,9.17,3.8,92.5,5.8
2025-10-01T22:39:19Z,2535,,10.7,92.2,9.05,2.7,96.4,5.62
2025-10-02T00:38:54Z,2535,,10.7,92.1,9.04,2.5,98,5.64
2025-10-02T02:39:31Z,2520,,10.7,92.4,9.07,3.4,98.7,6.03
2025-10-02T04:38:39Z,2520,,10.7,92.9,9.12,4.6,96.2,6.37
2025-10-02T06:39:19Z,2430,,10.7,93.6,9.19,5.3,97.2,6.74
2025-10-02T08:38:36Z,2250,,10.8,94.2,9.31,6.2,97,7.13
2025-10-02T10:37:48Z,1935,,10.9,94.7,9.42,8.2,94.1,7.88
2025-10-02T12:37:38Z,2235,,11,94.7,9.48,9.7,79.4,7.32
2025-10-02T14:37:04Z,2490,,11.1,93.4,9.4,9.6,73.2,6.7
2025-10-02T16:36:48Z,2430,,11,93.2,9.33,8.4,80.2,6.8
2025-10-02T18:36:03Z,2490,,10.9,93.6,9.31,7.5,83.2,6.66
2025-10-02T20:35:41Z,2520,,10.8,93.4,9.23,4.3,92.1,5.98
2025-10-02T22:34:55Z,2520,,10.7,92.4,9.07,3,95.7,5.69
2025-10-03T00:35:43Z,2535,,10.6,91.9,8.97,2.3,97.4,5.53
2025-10-03T02:36:30Z,2520,,10.6,91.3,8.91,2.1,96.6,5.41
2025-10-03T04:36:48Z,2535,,10.6,90.6,8.84,2.6,91.3,5.29
2025-10-03T06:36:13Z,2535,,10.6,90.2,8.8,3.6,89.4,5.54
2025-10-03T08:36:21Z,2535,,10.7,90.2,8.86,6,82.1,5.96
2025-10-03T10:36:50Z,2535,,10.7,90.1,8.85,7.4,77.9,6.19
2025-10-03T12:36:31Z,2445,,10.8,89.5,8.84,8.3,76.1,6.41
2025-10-03T14:35:54Z,2460,,10.8,90.1,8.9,8.2,77.1,6.46
2025-10-03T16:35:07Z,2445,,10.8,91.3,9.02,7.5,81.8,6.55
2025-10-03T18:35:48Z,2520,,10.8,92.4,9.13,6.4,86.6,6.45
2025-10-03T20:35:51Z,2535,,10.7,92.6,9.09,6.1,87.7,6.41
2025-10-03T22:36:23Z,2445,,10.7,93.1,9.14,6.3,90.1,6.67
2025-10-04T00:35:56Z,2550,,10.7,93.4,9.17,4.7,95.1,6.34
2025-10-04T02:36:43Z,2520,,10.6,93.4,9.11,4.5,97.1,6.38
2025-10-04T04:36:28Z,2475,,10.5,92.6,8.98,3.7,100,6.23
2025-10-04T06:35:55Z,2040,,10.6,92.7,9.04,6.9,95.5,7.35
2025-10-04T08:35:51Z,1920,,10.8,94.5,9.34,8.5,91.5,7.81
2025-10-04T10:36:35Z,2055,,10.9,94.9,9.44,9.2,85.1,7.6
2025-10-04T12:36:13Z,2085,,11,95.9,9.6,8.6,89.7,7.71
2025-10-04T14:35:25Z,2190,,11,96.4,9.65,8.1,90,7.49
2025-10-04T16:34:47Z,2550,,11,95.6,9.57,7.4,82.2,6.54
2025-10-04T18:35:34Z,2535,,10.9,94.6,9.41,6.9,82.5,6.35
2025-10-04T20:35:18Z,2025,,11,95.3,9.54,8.3,92.3,7.78
2025-10-04T22:35:45Z,1725,,11.1,96.5,9.72,9.2,95.5,8.53
2025-10-05T00:36:20Z,1665,,11.1,97.6,9.83,8.9,100,8.76
2025-10-05T02:36:26Z,1920,,11.1,97.9,9.86,9.3,92.2,8.28
2025-10-05T04:36:49Z,1935,,11.1,97.6,9.83,9.5,90,8.19
2025-10-05T06:36:45Z,1890,,11.1,97.4,9.81,9.7,90.4,8.33
2025-10-05T08:36:44Z,1800,,11.2,97.7,9.9,10.6,87.6,8.55
2025-10-05T10:36:08Z,1650,,11.2,98,9.93,9.7,96,8.85
2025-10-05T12:36:42Z,1785,,11.2,98.7,10.0,9.7,93.6,8.63
2025-10-05T14:37:24Z,1695,,11.2,98.6,9.99,9.2,99,8.84
2025-10-05T16:37:12Z,1755,,11.2,99.4,10.07,8.9,100,8.76
2025-10-05T18:37:34Z,1740,,11.2,99.6,10.09,8.9,100,8.76
2025-10-05T20:38:02Z,1860,,11.2,99.8,10.11,8.6,100,8.59
2025-10-05T22:37:52Z,1860,,11.2,100,10.13,8.7,100,8.65
2025-10-06T00:37:49Z,1785,,11.2,100,10.13,8.9,100,8.76
2025-10-06T02:37:08Z,1605,,11.2,100,10.13,9.5,100,9.1
2025-10-06T04:38:02Z,1605,,11.3,100,10.2,9.6,100,9.16
2025-10-06T08:37:44Z,1590,,11.3,100,10.2,9.7,100,9.22
2025-10-06T10:37:16Z,1455,,11.3,100,10.2,10.2,100,9.51
2025-10-06T12:37:08Z,1275,,11.4,100,10.26,11.2,100,10.13
2025-10-06T14:37:35Z,1215,,11.5,100,10.33,11.5,100,10.33
2025-10-06T16:38:00Z,1320,,11.4,100,10.26,10.9,100,9.94
2025-10-06T18:37:35Z,1380,,11.4,100,10.26,10.5,100,9.7
2025-10-06T20:38:14Z,1440,,11.4,100,10.26,10.4,100,9.63
2025-10-06T22:38:34Z,1425,,11.4,100,10.26,10.4,100,9.63
2025-10-07T00:39:02Z,1440,,11.4,100,10.26,10.3,100,9.57
2025-10-07T02:38:26Z,1410,,11.4,100,10.26,10.5,100,9.7
2025-10-07T04:38:08Z,1365,,11.4,100,10.26,10.8,100,9.88
2025-10-07T06:38:49Z,1275,,11.4,100,10.26,11.2,100,10.13
2025-10-07T08:38:38Z,975,,11.5,100,10.33,12.5,100,10.99
2025-10-07T10:38:55Z,975,,11.6,100,10.39,12.5,100,10.99
2025-10-07T12:38:20Z,1140,,11.6,100,10.39,13.1,91.8,10.47
2025-10-07T14:38:57Z,975,,11.6,100,10.39,12.6,99.4,10.99
2025-10-07T16:38:47Z,1170,,11.5,100,10.33,11.7,100,10.46
2025-10-07T18:39:03Z,1170,,11.5,100,10.33,11.6,100,10.39
2025-10-07T20:39:25Z,1275,,11.5,100,10.33,11.6,97.9,10.17
2025-10-07T22:38:53Z,1245,,11.5,100,10.33,11.3,100,10.2
2025-10-08T02:39:10Z,1335,,11.5,100,10.33,10.9,100,9.94
2025-10-08T04:39:02Z,1335,,11.5,100,10.33,11,99.5,9.96
2025-10-08T06:39:22Z,1230,,11.5,100,10.33,11.5,99.5,10.27
2025-10-08T08:39:12Z,1215,,11.6,100,10.39,11.5,100,10.33
2025-10-08T10:39:23Z,1290,,11.5,100,10.33,11.2,100,10.13
2025-10-08T12:39:26Z,1275,,11.5,100,10.33,11.2,100,10.13
2025-10-08T14:40:16Z,1275,,11.6,100,10.39,11.2,100,10.13
2025-10-08T16:40:57Z,1305,,11.6,100,10.39,11.1,100,10.07
2025-10-08T18:40:56Z,1380,,11.5,100,10.33,10.7,100,9.82
2025-10-08T20:40:19Z,1485,,11.5,100,10.33,10.4,100,9.63
2025-10-08T22:40:54Z,1410,,11.5,100,10.33,10.6,100,9.76
2025-10-09T00:40:38Z,1350,,11.5,100,10.33,11,100,10.01
2025-10-09T02:40:16Z,1275,,11.5,100,10.33,11.2,100,10.13
2025-10-09T04:40:52Z,1275,,11.5,100,10.33,11.2,100,10.13
2025-10-09T06:41:17Z,1215,,11.5,100,10.33,11.6,100,10.39
2025-10-09T08:41:02Z,1005,,11.6,100,10.39,12.4,100,10.92
2025-10-09T10:40:44Z,990,,11.6,100,10.39,12.9,96.2,10.84
2025-10-09T12:40:44Z,1275,,11.6,100,10.39,12.7,92,10.24
2025-10-09T14:41:11Z,1350,,11.6,100,10.39,12,93.6,9.97
2025-10-09T16:41:06Z,1425,,11.5,100,10.33,10.4,100,9.63
2025-10-09T18:40:44Z,1635,,11.4,100,10.26,9.6,100,9.16
2025-10-09T20:41:05Z,1650,,11.4,100,10.26,9.5,100,9.1
2025-10-09T22:40:57Z,1545,,11.4,100,10.26,10.1,100,9.45
2025-10-10T00:41:12Z,1485,,11.4,100,10.26,10.3,100,9.57
2025-10-10T02:41:32Z,1635,,11.4,100,10.26,9.6,100,9.16
2025-10-10T04:41:22Z,1785,,11.3,100,10.2,9,100,8.81
2025-10-10T06:42:07Z,1725,,11.3,100,10.2,9.3,100,8.98
2025-10-10T08:42:38Z,1725,,11.2,100,10.13,9.6,96.4,8.83
2025-10-10T10:43:05Z,2250,,11.2,99.3,10.06,9.6,84.6,7.75
2025-10-10T12:43:52Z,2205,,11.3,97.3,9.92,10.3,80.3,7.69
2025-10-10T14:44:28Z,2295,,11.3,95.7,9.76,9.6,80.1,7.34
2025-10-10T16:44:48Z,2550,,11.1,96.6,9.73,6.1,91.7,6.7
2025-10-10T18:44:04Z,2550,,10.9,96.4,9.59,4.2,96.3,6.21
2025-10-10T20:44:53Z,2550,,10.8,95.7,9.46,3.7,99.4,6.2
2025-10-10T22:44:51Z,2370,,10.8,95.9,9.48,5.7,99.9,7.11
2025-10-11T00:44:28Z,1830,,11,96.7,9.68,8.4,97.8,8.29
2025-10-11T02:43:58Z,1755,,11.1,98.5,9.92,8.7,100,8.65
2025-10-11T04:44:06Z,1995,,11.1,99.2,9.99,8,100,8.27
2025-10-11T06:43:31Z,2250,,11.1,97,9.77,10.5,77.4,7.5
2025-10-11T08:43:54Z,2580,,11.1,94.2,9.49,11.5,63.1,6.52
2025-10-11T10:44:31Z,2550,,11.1,92.4,9.3,10.7,61.7,6.06
2025-10-11T12:43:43Z,2565,,11,91.4,9.15,10,63.2,5.94
2025-10-11T14:43:05Z,2550,,11,90.9,9.1,9.1,68.3,6.06
2025-10-11T16:43:45Z,2550,,11,92,9.21,7.8,76.8,6.27
2025-10-11T18:43:50Z,2550,,10.9,92.5,9.2,6,84,6.1
2025-10-11T20:43:08Z,2550,,10.9,92.8,9.23,4.6,90,5.96
2025-10-11T22:43:05Z,2535,,10.8,93.1,9.2,3.9,94.1,5.94
2025-10-12T00:42:41Z,2550,,10.8,93.3,9.22,3.9,95.8,6.05
2025-10-12T02:43:26Z,2550,,10.8,93.5,9.24,4.4,96.5,6.3
2025-10-12T04:43:53Z,2565,,10.8,93.3,9.22,4.6,96.9,6.41
2025-10-12T06:44:25Z,2520,,10.7,92.7,9.1,5.5,92.4,6.49
2025-10-12T08:44:23Z,2520,,10.6,91.6,8.94,5.9,88.4,6.37
2025-10-12T10:44:39Z,2490,,10.7,90.8,8.92,7.6,79.2,6.38
2025-10-12T14:44:02Z,2550,,10.8,90.2,8.91,7.3,78.3,6.19
2025-10-12T16:43:30Z,2550,,10.7,90.8,8.92,6.2,85.2,6.27
2025-10-12T18:42:55Z,2565,,10.6,89.3,8.71,6.2,74.8,5.5
2025-10-12T20:42:30Z,2565,,10.7,88.3,8.67,5.6,77.4,5.47
2025-10-13T00:43:02Z,2565,,10.5,88.5,8.58,3.9,83.2,5.26
2025-10-13T02:43:29Z,2550,,10.5,87.9,8.52,4,82.2,5.23
2025-10-13T04:42:41Z,2565,,10.5,88.3,8.56,4,86.3,5.49
2025-10-13T06:42:39Z,2550,,10.5,88.8,8.61,5,87.7,5.96
2025-10-13T08:42:33Z,2535,,10.5,88.7,8.6,6.1,80.8,5.9
2025-10-13T10:42:08Z,2550,,10.6,88.2,8.61,6.6,77.7,5.87
2025-10-13T12:41:21Z,2550,,10.6,88.3,8.62,6.5,79.3,5.95
2025-10-13T14:42:01Z,2505,,10.6,89,8.68,6,85.2,6.18
2025-10-13T16:41:12Z,2385,,10.6,90.3,8.81,5,95.9,6.52
2025-10-13T18:41:35Z,2385,,10.6,91.4,8.92,4.7,98,6.53
2025-10-13T20:41:46Z,2460,,10.6,91.5,8.93,4.8,95.1,6.38
2025-10-13T22:41:09Z,2490,,10.6,91.4,8.92,4.7,94.5,6.3
2025-10-14T00:41:48Z,2535,,10.6,91.4,8.92,4.4,94.9,6.2
2025-10-14T02:41:48Z,2460,,10.5,91.5,8.87,4,98.9,6.29
2025-10-14T04:41:30Z,2460,,10.5,92.3,8.95,3.9,100,6.32
2025-10-14T06:42:17Z,2385,,10.5,92.8,9.0,4.5,100,6.57
2025-10-14T08:41:35Z,2190,,10.6,92.6,9.03,5.8,98.5,7.06
2025-10-14T10:40:59Z,2145,,10.6,92.1,8.99,7.1,90.5,7.06
2025-10-14T12:41:40Z,2385,,10.6,91.1,8.89,7.3,82.9,6.55
2025-10-14T14:41:08Z,2385,,10.6,90.9,8.87,6.6,87.1,6.57
2025-10-14T16:40:35Z,2505,,10.6,92.2,9.0,5.1,93.8,6.42
2025-10-14T18:41:04Z,2475,,10.6,92.5,9.03,4.5,97.1,6.38
2025-10-14T20:41:30Z,2445,,10.6,92.5,9.03,4.3,98.7,6.4
2025-10-14T22:41:25Z,2460,,10.5,92.7,8.99,3.9,100,6.32
2025-10-15T00:41:49Z,2505,,10.5,92.6,8.98,3.3,100,6.07
2025-10-15T02:41:44Z,2490,,10.4,92.7,8.93,3.3,100,6.07
2025-10-15T04:42:29Z,2550,,10.4,92.6,8.92,2.6,100,5.79
2025-10-15T06:41:43Z,2475,,10.4,92.6,8.92,3.4,100,6.11
2025-10-15T08:41:46Z,2220,,10.5,93.3,9.05,5.6,100,7.07
2025-10-15T10:41:50Z,2055,,10.6,93.7,9.14,7.4,93.6,7.44
2025-10-15T12:41:02Z,2025,,10.7,94,9.23,8.6,88.5,7.6
2025-10-15T14:40:28Z,1905,,10.8,94.2,9.31,8.7,90.4,7.82
2025-10-15T16:40:27Z,1935,,10.8,94.8,9.37,8.2,93.2,7.8
2025-10-15T18:39:54Z,1845,,10.8,95.6,9.45,8,97.5,8.06
2025-10-15T20:39:14Z,2115,,10.8,96.1,9.5,6.6,100,7.55
2025-10-15T22:39:35Z,2385,,10.7,95.7,9.4,5.3,100,6.93
2025-10-16T00:40:07Z,2460,,10.7,95.3,9.36,4.8,100,6.71
2025-10-16T02:40:11Z,2460,,10.6,94.5,9.22,4.5,100,6.57
2025-10-16T04:40:43Z,2235,,10.7,95.6,9.39,5.9,100,7.21
2025-10-16T06:40:32Z,1965,,10.8,96.6,9.54,7.3,100,7.9
2025-10-16T08:41:02Z,1710,,10.8,97.2,9.6,8.5,100,8.54
2025-10-16T10:40:57Z,1455,,10.9,97.8,9.72,9.6,100,9.16
2025-10-16T12:41:26Z,2430,,10.8,95.2,9.41,8.1,82.8,6.89
2025-10-16T14:40:54Z,2565,,10.8,91.5,9.04,6.9,77.9,6.0
2025-10-16T16:40:43Z,2550,,10.7,90.9,8.93,4,85.4,5.43
2025-10-16T18:41:15Z,2550,,10.6,90.1,8.79,2.7,88.8,5.18
2025-10-16T20:40:31Z,2550,,10.5,89.9,8.72,1.2,93.9,4.94
2025-10-16T22:39:56Z,2550,,10.4,89.4,8.61,-0.5,98.3,4.61
2025-10-17T00:40:04Z,2550,,10.2,88.9,8.46,-1.3,100,4.43
2025-10-17T02:39:29Z,2550,,10.2,88.3,8.4,-2.6,100,4.05
2025-10-17T04:39:42Z,2550,,10.1,88,8.32,-1.9,100,4.25
2025-10-17T06:39:03Z,2460,,10.1,88.4,8.36,1.8,100,5.49
2025-10-17T08:39:06Z,2130,,10.2,89.2,8.49,8.1,80.9,6.73
2025-10-17T10:39:10Z,2565,,10.4,88.6,8.54,7,75.6,5.86
2025-10-17T12:38:57Z,2550,,10.4,87.4,8.42,6.5,75.5,5.66
2025-10-17T14:38:51Z,2535,,10.5,86.7,8.41,5.9,76.9,5.55
2025-10-17T16:39:20Z,2535,,10.3,88.3,8.45,2.2,88.6,4.99
2025-10-17T18:39:02Z,2535,,10.2,88.2,8.39,-0.1,94.1,4.53
2025-10-17T20:38:41Z,2535,,10.1,87.9,8.31,-1,99.3,4.49
2025-10-17T22:37:58Z,2535,,10,87.6,8.23,-2.1,100,4.19
2025-10-18T00:38:21Z,2535,,9.9,87.4,8.16,-2.2,100,4.16
2025-10-18T02:38:28Z,2535,,9.9,87.3,8.15,-2.6,100,4.05
2025-10-18T04:38:15Z,2535,,9.8,87.1,8.08,-2.5,100,4.07
2025-10-18T06:37:50Z,2505,,9.8,87.2,8.09,0,100,4.85
2025-10-18T08:38:12Z,2460,,9.9,87.8,8.2,5.1,86.2,5.9
2025-10-18T10:37:57Z,2550,,10,87.7,8.24,4.8,79.7,5.35
2025-10-18T12:38:10Z,2535,,10.1,87,8.22,5,80.8,5.49
2025-10-18T14:37:44Z,2535,,10.2,87,8.28,4.4,83.4,5.45
2025-10-18T16:37:59Z,2550,,10,87.7,8.24,0.9,90.3,4.66
2025-10-18T18:38:48Z,2535,,9.9,87.4,8.16,-1.6,95.2,4.13
2025-10-18T20:38:12Z,2535,,9.8,87,8.07,-3.3,98,3.77
2025-10-18T22:38:00Z,2535,,9.7,86.6,7.98,-3.8,99.4,3.69
2025-10-19T00:37:16Z,2535,,9.7,86.3,7.95,-4,100,3.66
2025-10-19T02:37:10Z,2550,,9.7,86,7.93,-4.4,100,3.56
2025-10-19T04:37:25Z,2535,,9.6,86,7.88,-4.3,100,3.59
2025-10-19T06:37:12Z,2520,,9.6,85.8,7.86,-1.5,100,4.37
2025-10-19T08:37:58Z,1890,,9.8,87.7,8.13,7.3,87,6.87
2025-10-19T10:38:18Z,2265,,10.1,88.8,8.39,8.3,76.1,6.41
2025-10-19T12:38:21Z,2535,,10.2,89.3,8.5,8.4,70.3,5.96
2025-10-19T14:38:43Z,2190,,10.2,89.9,8.55,7,86.6,6.71
2025-10-19T16:39:12Z,2445,,10.2,90.7,8.63,4.7,93.1,6.2
2025-10-19T18:38:38Z,2535,,10,89.9,8.44,2.4,96.8,5.53
2025-10-19T20:38:35Z,2550,,9.9,89,8.31,0.3,98.8,4.89
2025-10-19T22:39:19Z,2550,,9.8,88.3,8.19,-0.9,100,4.56
2025-10-20T00:39:37Z,2535,,9.8,87.7,8.13,-2,100,4.22
2025-10-20T02:39:48Z,2550,,9.7,87,8.02,-2.7,100,4.02
2025-10-20T04:39:16Z,2535,,9.7,86.7,7.99,-2.9,100,3.96
2025-10-20T06:38:48Z,2520,,9.7,86.9,8.01,-0.8,100,4.59
2025-10-20T08:38:51Z,1785,,9.8,89,8.25,6.5,95.4,7.15
2025-10-20T10:38:49Z,1785,,10.2,90.8,8.64,8.9,85.9,7.52
2025-10-20T12:38:44Z,2115,,10.3,91.9,8.8,9.1,78.8,6.99
2025-10-20T14:38:10Z,1845,,10.3,92.9,8.89,7.5,94.4,7.55
2025-10-20T16:38:04Z,2235,,10.3,93.1,8.91,5.6,96.5,6.82
2025-10-20T18:38:42Z,2415,,10.1,92.2,8.72,3.5,99.1,6.1
2025-10-20T20:39:08Z,2385,,10.1,91.7,8.67,3.5,100,6.15
2025-10-20T22:38:30Z,1950,,10.2,92.6,8.81,6.2,100,7.35
2025-10-21T00:38:19Z,2070,,10.3,93.3,8.93,7.2,91.8,7.21
2025-10-21T02:38:21Z,2235,,10.3,92.8,8.88,6.5,91,6.82
2025-10-21T04:38:17Z,2265,,10.2,92.3,8.78,5.6,95.2,6.73
2025-10-21T06:38:23Z,2355,,10.3,92.1,8.82,6.2,88.6,6.52
2025-10-21T08:38:03Z,2520,,10.3,92,8.81,7.5,76.9,6.15
2025-10-21T10:38:10Z,2550,,10.3,90.8,8.69,6.8,71.2,5.45
2025-10-21T12:39:00Z,2550,,10.3,89.5,8.57,6.8,70.8,5.41
2025-10-21T14:39:42Z,2535,,10.3,88.2,8.44,6.9,67,5.16
2025-10-21T16:40:18Z,2550,,10.3,88.6,8.48,6.1,78.6,5.74
2025-10-21T18:40:08Z,2400,,10.3,89.7,8.59,6,86.7,6.29
2025-10-21T20:40:11Z,2280,,10.3,90.7,8.68,5.9,91.2,6.58
2025-10-21T22:40:09Z,2325,,10.3,91.2,8.73,5.6,92.9,6.57
2025-10-22T00:39:27Z,2355,,10.2,91.5,8.7,4.9,95.8,6.47
2025-10-22T02:40:10Z,2370,,10.2,91.5,8.7,4.8,96.3,6.46
2025-10-22T04:40:44Z,2430,,10.3,91.8,8.79,3.9,98.5,6.22
2025-10-22T06:40:19Z,2460,,10.3,91.9,8.8,3.8,96.6,6.06
2025-10-22T08:40:54Z,2325,,10.2,91.7,8.72,4.6,98.3,6.51
2025-10-22T10:40:13Z,2325,,10.3,92.6,8.87,5.2,97.1,6.69
2025-10-22T12:40:46Z,2205,,10.4,93.1,8.97,6.5,93.3,7.0
2025-10-22T14:41:27Z,2265,,10.4,93.2,8.98,7.3,86.5,6.83
2025-10-22T16:42:02Z,2280,,10.4,92.8,8.94,7.8,83.2,6.79
2025-10-22T18:41:14Z,2100,,10.4,93.8,9.04,6.5,96.4,7.23
2025-10-22T20:41:31Z,2235,,10.4,93.6,9.02,6.8,91.4,6.99
2025-10-22T22:40:47Z,2205,,10.4,93.7,9.03,6.3,95.1,7.04
2025-10-23T00:41:28Z,2235,,10.4,93.7,9.03,6.3,94.1,6.97
2025-10-23T02:41:40Z,2160,,10.4,93.5,9.01,6.3,96.2,7.12
2025-10-23T04:41:07Z,2235,,10.4,94.4,9.09,5.5,100,7.02
2025-10-23T06:41:10Z,2325,,10.4,95,9.15,5.2,100,6.89
2025-10-23T08:40:59Z,2295,,10.4,95.4,9.19,5.5,100,7.02
2025-10-23T10:40:47Z,2190,,10.4,95.7,9.22,5.9,100,7.21
2025-10-23T12:40:21Z,2190,,10.4,96.1,9.26,6,100,7.26
2025-10-23T14:41:10Z,2205,,10.4,96.3,9.28,6,100,7.26
2025-10-23T16:40:40Z,2190,,10.4,96.4,9.29,6,100,7.26
2025-10-23T18:40:37Z,2205,,10.5,96.7,9.38,6.2,100,7.35
2025-10-23T20:41:12Z,2115,,10.5,96.9,9.39,6.5,100,7.5
2025-10-23T22:41:21Z,2100,,10.5,97.1,9.41,6.6,100,7.55
2025-10-24T00:40:37Z,2100,,10.5,97.3,9.43,6.6,100,7.55
2025-10-24T02:40:42Z,2085,,10.5,97.2,9.42,6.6,100,7.55
2025-10-24T04:40:10Z,2100,,10.5,97.2,9.42,6.5,100,7.5
2025-10-24T06:40:44Z,2100,,10.5,97.2,9.42,6.7,100,7.6
2025-10-24T10:40:52Z,1920,,10.7,97.7,9.59,7.6,100,8.06
2025-10-24T12:40:26Z,1905,,10.7,98.1,9.63,7.7,100,8.11
2025-10-24T14:40:38Z,1920,,10.7,98.1,9.63,7.7,100,8.11
2025-10-24T16:40:15Z,1905,,10.7,98.4,9.66,7.8,100,8.16
2025-10-24T18:40:48Z,1845,,10.7,98.7,9.69,8,100,8.27
2025-10-24T20:39:53Z,1800,,10.7,99.1,9.73,8.4,100,8.48
2025-10-24T22:40:05Z,1800,,10.7,99.5,9.77,8.4,100,8.48
2025-10-25T00:40:46Z,1725,,10.7,99.9,9.81,8.7,100,8.65
2025-10-25T02:40:25Z,1620,,10.8,100,9.88,9.1,100,8.87
2025-10-25T04:40:19Z,1530,,10.8,100,9.88,9.6,100,9.16
2025-10-25T06:39:48Z,1470,,10.8,100,9.88,9.7,100,9.22
2025-10-25T08:39:54Z,1455,,10.9,100,9.94,9.9,100,9.33
2025-10-25T10:39:06Z,1410,,10.9,100,9.94,10,100,9.39
2025-10-25T12:38:47Z,1485,,10.9,100,9.94,9.7,100,9.22
2025-10-25T14:38:38Z,1560,,10.9,100,9.94,9.4,100,9.04
2025-10-25T16:38:16Z,1515,,10.9,100,9.94,9.6,100,9.16
2025-10-25T18:39:09Z,1515,,10.9,100,9.94,9.6,100,9.16
2025-10-25T20:38:23Z,1530,,10.9,100,9.94,9.6,100,9.16
2025-10-25T22:39:07Z,1530,,10.9,100,9.94,9.7,100,9.22
2025-10-26T00:39:44Z,1485,,10.9,100,9.94,9.8,100,9.27
2025-10-26T02:39:29Z,1515,,10.9,100,9.94,9.7,100,9.22
2025-10-26T04:38:49Z,1530,,10.9,100,9.94,9.6,100,9.16
2025-10-26T06:39:32Z,1560,,10.9,100,9.94,9.4,100,9.04
2025-10-26T08:39:48Z,1575,,10.9,100,9.94,9.3,100,8.98
2025-10-26T10:39:52Z,1575,,10.9,100,9.94,9.3,100,8.98
2025-10-26T12:40:01Z,1695,,10.9,100,9.94,8.9,100,8.76
2025-10-26T14:40:56Z,2025,,10.8,100,9.88,7.7,100,8.11
2025-10-26T16:41:34Z,2130,,10.7,100,9.82,7,100,7.75
2025-10-26T18:41:18Z,2325,,10.7,100,9.82,6.3,100,7.4
2025-10-26T20:41:54Z,2385,,10.6,99.9,9.75,5.9,100,7.21
2025-10-26T22:42:35Z,2310,,10.6,99.5,9.71,6.2,100,7.35
2025-10-27T00:42:57Z,2295,,10.6,99.3,9.69,6.2,100,7.35
2025-10-27T02:43:45Z,2190,,10.5,99.2,9.62,6.6,100,7.55
2025-10-27T04:43:29Z,2055,,10.6,99.5,9.71,7.3,100,7.9
2025-10-27T06:43:41Z,2130,,10.6,99.1,9.67,6.9,100,7.7
2025-10-27T08:43:46Z,2085,,10.6,98.6,9.62,7.1,100,7.8
2025-10-27T10:43:31Z,2280,,10.6,97.9,9.55,6,100,7.26
2025-10-27T12:42:48Z,2280,,10.6,97.9,9.55,6,100,7.26
2025-10-27T14:43:26Z,2295,,10.5,97.8,9.48,5.8,100,7.16
2025-10-27T16:43:07Z,2355,,10.5,97.7,9.47,5.6,100,7.07
2025-10-27T18:43:11Z,2400,,10.4,97.4,9.38,5.3,100,6.93
2025-10-27T20:42:34Z,2430,,10.4,97.2,9.36,5.1,100,6.84
2025-10-27T22:42:34Z,2505,,10.4,96.9,9.34,4.6,100,6.62
2025-10-28T00:43:14Z,2505,,10.3,96.5,9.24,4.3,100,6.49
2025-10-28T02:43:17Z,2535,,10.3,96.1,9.2,3.9,100,6.32
2025-10-28T04:43:32Z,2550,,10.3,95.6,9.15,3.5,100,6.15
2025-10-28T06:43:18Z,2475,,10.2,95.4,9.08,4.2,100,6.44
2025-10-28T08:43:25Z,2160,,10.4,96.2,9.27,6.1,100,7.31
2025-10-28T10:43:54Z,2355,,10.4,96.2,9.27,5.3,100,6.93
2025-10-28T12:43:32Z,2295,,10.4,96.2,9.27,5.6,100,7.07
2025-10-28T14:43:01Z,2295,,10.4,96.5,9.3,5.6,100,7.07
2025-10-28T16:43:08Z,2385,,10.4,96.5,9.3,5.1,100,6.84
2025-10-28T18:43:26Z,2430,,10.4,96.5,9.3,5,100,6.8
2025-10-28T20:44:00Z,2385,,10.4,96.4,9.29,5.2,100,6.89
2025-10-28T22:44:37Z,2385,,10.4,96.4,9.29,5.1,100,6.84
2025-10-29T00:44:20Z,2385,,10.4,96.4,9.29,5.1,100,6.84
2025-10-29T02:43:30Z,2385,,10.4,96.3,9.28,5,100,6.8
2025-10-29T04:43:28Z,2475,,10.3,95.8,9.17,4.2,100,6.44
2025-10-29T06:44:04Z,2445,,10.3,95.6,9.15,4.5,100,6.57
2025-10-29T08:43:42Z,2055,,10.4,96.3,9.28,6.6,100,7.55
2025-10-29T10:43:34Z,2040,,10.4,96.5,9.3,6.8,100,7.65
2025-10-29T12:43:40Z,1950,,10.5,96.8,9.39,7.2,100,7.85
2025-10-29T14:43:57Z,2055,,10.5,97,9.4,6.8,100,7.65
2025-10-29T16:44:39Z,2190,,10.5,97.2,9.42,6.1,100,7.31
2025-10-29T18:43:51Z,2475,,10.4,96.6,9.31,4.7,100,6.66
2025-10-29T20:44:10Z,2550,,10.2,95.1,9.05,2.8,100,5.87
2025-10-29T22:43:45Z,2565,,10.2,94.9,9.03,3.2,100,6.03
2025-10-30T00:42:58Z,2550,,10.2,94.2,8.96,2.3,100,5.67
2025-10-30T02:42:20Z,2550,,10.1,93.5,8.84,1.9,100,5.52
2025-10-30T04:42:14Z,2550,,10.1,92.9,8.78,1.1,100,5.23
2025-10-30T06:42:48Z,2550,,10,92.5,8.69,1.7,100,5.45
2025-10-30T08:42:48Z,2040,,10.1,93.6,8.85,5.9,100,7.21
2025-10-30T10:43:10Z,2055,,10.3,95.5,9.14,6.4,100,7.45
2025-10-30T12:43:17Z,2025,,10.4,96.6,9.31,6.7,100,7.6
2025-10-30T14:43:30Z,2115,,10.4,97.3,9.37,6.4,100,7.45
2025-10-30T16:43:03Z,2055,,10.4,97.7,9.41,6.8,100,7.65
2025-10-30T18:43:27Z,2055,,10.5,98.1,9.51,7,100,7.75
2025-10-30T20:43:46Z,2055,,10.5,98.3,9.53,7,100,7.75
2025-10-30T22:44:20Z,2025,,10.5,98.4,9.54,7.2,100,7.85
2025-10-31T00:44:28Z,2055,,10.5,98.1,9.51,6.9,100,7.7
2025-10-31T02:44:30Z,2070,,10.5,97.8,9.48,6.8,100,7.65
2025-10-31T04:44:44Z,2115,,10.5,97.9,9.49,6.5,100,7.5
2025-10-31T06:44:36Z,2295,,10.4,97.5,9.39,5.8,100,7.16
2025-10-31T08:44:38Z,2280,,10.4,97.2,9.36,5.6,100,7.07
2025-10-31T10:44:10Z,2250,,10.3,96.8,9.27,5.7,100,7.12
2025-10-31T12:43:32Z,2220,,10.3,96.8,9.27,5.9,100,7.21
2025-10-31T14:43:04Z,2265,,10.3,96.7,9.26,5.6,100,7.07
2025-10-31T16:43:07Z,2340,,10.3,96.6,9.25,5.4,100,6.98
2025-10-31T18:43:23Z,2415,,10.3,96.4,9.23,4.9,100,6.75
2025-10-31T20:42:35Z,2400,,10.3,96.2,9.21,4.9,100,6.75
2025-10-31T22:42:41Z,2430,,10.2,96.1,9.14,4.6,100,6.62
2025-11-01T00:43:23Z,2550,,10.2,95.2,9.06,3.1,100,5.99
2025-11-01T02:43:00Z,2535,,10.1,94.7,8.95,3,100,5.95
2025-11-01T04:42:40Z,2475,,10.1,95.1,8.99,3.8,100,6.28
2025-11-01T06:42:23Z,2400,,10.2,95.3,9.07,4.4,100,6.53
2025-11-01T08:41:44Z,2310,,10.2,95.7,9.1,5.2,100,6.89
2025-11-01T10:42:34Z,2130,,10.2,96,9.13,6.1,100,7.31
2025-11-01T12:42:33Z,2070,,10.3,95.8,9.17,6.3,100,7.4
2025-11-01T14:43:22Z,2160,,10.3,95.9,9.18,5.9,100,7.21
2025-11-01T16:43:46Z,2295,,10.2,96.1,9.14,5.3,100,6.93
2025-11-01T18:43:09Z,2340,,10.2,96,9.13,5.1,100,6.84
2025-11-01T20:42:21Z,2355,,10.2,96,9.13,4.9,100,6.75
2025-11-01T22:42:11Z,2340,,10.2,95.9,9.12,5,100,6.8
2025-11-02T00:42:53Z,2175,,10.2,95.9,9.12,5.8,100,7.16
2025-11-02T02:43:26Z,2025,,10.3,96.8,9.27,6.7,100,7.6
2025-11-02T04:43:33Z,2085,,10.4,96.7,9.32,6.4,100,7.45
2025-11-02T06:43:38Z,2070,,10.4,96.6,9.31,6.5,100,7.5
2025-11-02T08:42:55Z,2070,,10.4,96.3,9.28,6.5,100,7.5
2025-11-02T10:43:16Z,2160,,10.4,96.7,9.32,6.1,100,7.31
2025-11-02T12:42:53Z,2100,,10.4,97.3,9.37,6.5,100,7.5
2025-11-02T14:43:18Z,1920,,10.4,97.9,9.43,7.3,100,7.9
2025-11-02T16:43:04Z,1800,,10.5,98.6,9.56,8,100,8.27
2025-11-02T18:42:54Z,1785,,10.5,99.2,9.62,8.3,100,8.43
2025-11-02T20:42:27Z,1785,,10.5,99.3,9.63,8.1,100,8.32
2025-11-02T22:43:04Z,1935,,10.5,98.9,9.59,7.4,100,7.95
2025-11-03T00:42:23Z,2010,,10.5,98.6,9.56,7.1,100,7.8
2025-11-03T02:41:33Z,1905,,10.5,98.7,9.57,7.7,100,8.11
2025-11-03T04:42:22Z,1800,,10.5,99.3,9.63,8.2,100,8.37
2025-11-03T06:42:16Z,1815,,10.6,99.6,9.72,8.2,100,8.37
2025-11-03T08:41:47Z,1650,,10.6,99.7,9.73,8.8,100,8.7
2025-11-03T10:41:38Z,1545,,10.7,99.9,9.81,9.3,100,8.98
2025-11-03T12:41:54Z,1590,,10.7,100,9.82,9,100,8.81
2025-11-03T14:42:21Z,1770,,10.6,100,9.76,8.3,100,8.43
2025-11-03T16:42:44Z,2115,,10.6,99.6,9.72,7,100,7.75
2025-11-03T18:43:31Z,2130,,10.5,99.2,9.62,6.7,100,7.6
2025-11-03T20:43:17Z,2235,,10.5,98.5,9.55,6.3,100,7.4
2025-11-03T22:43:04Z,2280,,10.5,97.5,9.45,5.8,100,7.16
2025-11-04T00:42:17Z,2535,,10.4,96.6,9.31,4,100,6.36
2025-11-04T02:42:55Z,2550,,10.2,95.4,9.08,2.7,100,5.83
2025-11-04T04:43:45Z,2535,,10.2,95.3,9.07,3.4,100,6.11
2025-11-04T06:44:08Z,2400,,10.2,95.6,9.09,4.8,100,6.71
2025-11-04T08:44:24Z,1800,,10.3,96.7,9.26,7.5,100,8.0
2025-11-04T10:45:02Z,1575,,10.5,97.8,9.48,8.7,100,8.65
2025-11-04T12:44:31Z,1650,,10.6,98.1,9.57,8.5,100,8.54
2025-11-04T14:45:13Z,1770,,10.6,98.8,9.64,8.1,100,8.32
2025-11-04T16:46:03Z,1665,,10.6,99.5,9.71,8.7,100,8.65
2025-11-04T18:45:25Z,1545,,10.7,100,9.82,9.4,100,9.04
2025-11-04T20:45:31Z,1365,,10.8,100,9.88,10.2,100,9.51
2025-11-04T22:45:27Z,1320,,10.8,100,9.88,10.4,100,9.63
2025-11-05T00:45:25Z,1275,,10.9,100,9.94,10.6,100,9.76
2025-11-05T02:44:33Z,1260,,10.9,100,9.94,10.6,100,9.76
2025-11-05T04:44:37Z,1275,,10.9,100,9.94,10.5,100,9.7
2025-11-05T06:45:21Z,1305,,10.9,100,9.94,10.5,100,9.7
2025-11-05T08:45:47Z,1260,,10.9,100,9.94,10.7,100,9.82
2025-11-05T10:46:18Z,1245,,11,100,10.01,10.7,100,9.82
2025-11-05T12:45:49Z,1365,,10.9,100,9.94,10.2,100,9.51
2025-11-05T14:46:30Z,1425,,11,100,10.01,10,100,9.39
2025-11-05T16:46:33Z,1515,,10.9,100,9.94,9.7,100,9.22
2025-11-05T18:47:01Z,1500,,10.9,100,9.94,9.7,100,9.22
2025-11-05T20:47:04Z,1515,,10.9,100,9.94,9.7,100,9.22
2025-11-05T22:46:43Z,1500,,10.9,100,9.94,9.6,100,9.16
2025-11-06T00:46:37Z,1530,,10.9,100,9.94,9.6,100,9.16
2025-11-06T04:47:15Z,1515,,10.9,100,9.94,9.6,100,9.16
2025-11-06T06:46:35Z,1530,,10.9,100,9.94,9.5,100,9.1
2025-11-06T08:45:35Z,1530,,10.9,100,9.94,9.7,100,9.22
2025-11-06T10:45:17Z,1455,,10.9,100,9.94,10,100,9.39
2025-11-06T12:45:45Z,1365,,10.9,100,9.94,10.3,100,9.57
2025-11-06T14:45:37Z,1425,,10.9,100,9.94,9.9,100,9.33
2025-11-06T16:44:49Z,1485,,10.9,100,9.94,9.7,100,9.22
2025-11-06T18:45:10Z,1530,,10.9,100,9.94,9.6,100,9.16
2025-11-06T20:45:02Z,1560,,10.9,100,9.94,9.3,100,8.98
2025-11-06T22:44:43Z,1575,,10.9,100,9.94,9.3,100,8.98
2025-11-07T00:44:49Z,1590,,10.9,100,9.94,9.2,100,8.93
2025-11-07T02:44:50Z,1590,,10.8,100,9.88,9.1,100,8.87
2025-11-07T04:44:07Z,1635,,10.8,100,9.88,9.1,100,8.87
2025-11-07T06:44:12Z,1620,,10.8,100,9.88,9.1,100,8.87
2025-11-07T08:43:46Z,1545,,10.9,100,9.94,9.6,100,9.16
2025-11-07T10:43:26Z,1455,,10.9,100,9.94,9.8,100,9.27
2025-11-07T12:42:46Z,1365,,10.9,100,9.94,10.3,100,9.57
2025-11-07T14:42:28Z,1395,,10.9,100,9.94,10.1,100,9.45
2025-11-07T16:41:48Z,1440,,10.9,100,9.94,9.9,100,9.33
2025-11-07T18:42:19Z,1530,,10.9,100,9.94,9.6,100,9.16
2025-11-07T20:41:45Z,1545,,10.9,100,9.94,9.4,100,9.04
2025-11-07T22:42:25Z,1710,,10.9,100,9.94,8.8,100,8.7
2025-11-08T00:42:41Z,1890,,10.8,100,9.88,8.2,100,8.37
2025-11-08T02:42:53Z,1920,,10.8,100,9.88,7.9,100,8.21
2025-11-08T04:42:07Z,1950,,10.7,100,9.82,7.8,100,8.16
2025-11-08T06:42:25Z,2010,,10.7,100,9.82,7.6,100,8.06
2025-11-08T08:42:07Z,2055,,10.7,100,9.82,7.4,100,7.95
2025-11-08T10:42:55Z,1965,,10.7,100,9.82,7.8,100,8.16
2025-11-08T12:42:08Z,1935,,10.7,100,9.82,8,100,8.27
2025-11-08T14:42:05Z,2070,,10.7,100,9.82,7.3,100,7.9
2025-11-08T16:42:23Z,2115,,10.6,100,9.76,7.1,100,7.8
2025-11-08T18:42:15Z,2115,,10.6,100,9.76,7.1,100,7.8
2025-11-08T20:42:31Z,2145,,10.6,100,9.76,6.9,100,7.7
2025-11-08T22:41:40Z,2130,,10.6,100,9.76,6.9,100,7.7
2025-11-09T00:41:12Z,2130,,10.6,100,9.76,7,100,7.75
2025-11-09T02:41:14Z,2130,,10.6,100,9.76,7,100,7.75
2025-11-09T04:40:21Z,2130,,10.6,100,9.76,7,100,7.75
2025-11-09T06:40:03Z,2145,,10.6,100,9.76,7,100,7.75
2025-11-09T08:40:26Z,2235,,10.6,99.4,9.7,6.5,100,7.5
2025-11-09T10:41:23Z,2295,,10.5,98.7,9.57,6,100,7.26
2025-11-09T12:41:15Z,2220,,10.5,98.5,9.55,6.2,100,7.35
2025-11-09T14:41:44Z,2295,,10.5,98.4,9.54,6,100,7.26
2025-11-09T16:41:07Z,2445,,10.4,98,9.44,5.1,100,6.84
2025-11-09T18:40:50Z,2445,,10.4,97.6,9.4,5.1,100,6.84
2025-11-09T20:40:07Z,2445,,10.4,97.5,9.39,5.2,100,6.89
2025-11-09T22:39:40Z,2415,,10.4,97.4,9.38,5.2,100,6.89
2025-11-10T00:40:22Z,2355,,10.4,97.4,9.38,5.4,100,6.98
2025-11-10T02:40:07Z,2505,,10.4,97.2,9.36,4.6,100,6.62
2025-11-10T04:39:42Z,2535,,10.3,96.1,9.2,3,100,5.95
2025-11-10T06:40:08Z,2550,,10.2,95.4,9.08,2.5,100,5.75
2025-11-10T08:39:55Z,2535,,10.2,95,9.04,2.6,100,5.79
2025-11-10T10:40:25Z,2550,,10.2,94.7,9.01,2.8,100,5.87
2025-11-10T12:40:28Z,2550,,10.2,94.5,8.99,2.8,100,5.87
2025-11-10T14:39:39Z,2550,,10.1,94.2,8.9,2.5,100,5.75
2025-11-10T16:39:24Z,2550,,10.1,94,8.89,2.2,100,5.64
2025-11-10T18:39:52Z,2535,,10.1,93.4,8.83,1.5,100,5.37
2025-11-10T20:39:10Z,2550,,10,92.9,8.73,1.4,100,5.34
2025-11-10T22:38:57Z,2550,,10,92.5,8.69,1.4,100,5.34
2025-11-11T00:39:06Z,2550,,10,92.6,8.7,1.5,100,5.37
2025-11-11T02:39:48Z,2550,,10,92.7,8.71,1.7,100,5.45
2025-11-11T04:40:19Z,2550,,10,93,8.74,1.9,100,5.52
2025-11-11T06:40:26Z,2535,,10,93.3,8.76,2.3,100,5.67
2025-11-11T08:40:30Z,2445,,10,93.7,8.8,3.4,100,6.11
2025-11-11T10:39:58Z,2325,,10.1,94.6,8.94,4.9,100,6.75
2025-11-11T12:39:45Z,2100,,10.2,95.1,9.05,6,100,7.26
2025-11-11T14:38:58Z,2070,,10.3,95.5,9.14,6.2,100,7.35
2025-11-11T16:39:35Z,2115,,10.3,95.7,9.16,6,100,7.26
2025-11-11T18:38:43Z,2115,,10.3,96,9.19,6.1,100,7.31
2025-11-11T20:37:48Z,2025,,10.3,96.8,9.27,6.7,100,7.6
2025-11-11T22:38:21Z,2070,,10.4,97.3,9.37,6.6,100,7.55
2025-11-12T00:38:03Z,2055,,10.4,97.5,9.39,6.6,100,7.55
2025-11-12T02:37:28Z,2100,,10.4,97.7,9.41,6.6,100,7.55
2025-11-12T04:37:45Z,2190,,10.5,97.7,9.47,6.2,100,7.35
2025-11-12T06:38:04Z,2235,,10.5,97.8,9.48,6.2,100,7.35
2025-11-12T08:37:57Z,2130,,10.5,97.7,9.47,6.6,100,7.55
2025-11-12T10:38:31Z,2040,,10.5,97.7,9.47,7,100,7.75
2025-11-12T12:38:16Z,2040,,10.5,97.7,9.47,7.1,100,7.8
2025-11-12T14:38:11Z,1890,,10.6,97.9,9.55,7.7,100,8.11
2025-11-12T16:39:00Z,1725,,10.6,98.5,9.61,8.4,100,8.48
2025-11-12T18:38:18Z,1740,,10.7,99.1,9.73,8.4,100,8.48
2025-11-12T20:38:56Z,1830,,10.7,99.5,9.77,8.2,100,8.37
2025-11-12T22:39:28Z,1995,,10.7,99.5,9.77,7.6,100,8.06
2025-11-13T00:38:45Z,1995,,10.7,99.8,9.8,7.7,100,8.11
2025-11-13T02:38:16Z,1995,,10.7,100,9.82,7.7,100,8.11
2025-11-13T04:38:40Z,1890,,10.7,100,9.82,8.2,100,8.37
2025-11-13T06:38:23Z,1620,,10.8,100,9.88,9.1,100,8.87
2025-11-13T08:39:23Z,1575,,10.8,100,9.88,9.4,100,9.04
2025-11-13T10:38:17Z,1575,,10.8,100,9.88,9.4,100,9.04
2025-11-13T12:37:47Z,1515,,10.8,100,9.88,9.6,100,9.16
2025-11-13T14:37:00Z,1575,,10.8,100,9.88,9.2,100,8.93
2025-11-13T16:36:37Z,1800,,10.7,100,9.82,8.4,100,8.48
2025-11-13T18:35:40Z,2580,,10.4,99.1,9.55,4.2,100,6.44
2025-11-13T20:35:38Z,2580,,10.3,96.8,9.27,2.4,100,5.71
2025-11-13T22:35:28Z,2565,,10.2,94.9,9.03,1.5,100,5.37
2025-11-14T00:36:01Z,2565,,10.1,93.5,8.84,0.8,100,5.12
2025-11-14T02:35:45Z,2550,,10.1,92.5,8.74,0.1,100,4.88
2025-11-14T04:35:51Z,2550,,10,91.4,8.59,-1,100,4.53
2025-11-14T06:35:06Z,2565,,9.9,90.8,8.48,-1.6,100,4.34
2025-11-14T08:34:55Z,2550,,9.9,90.5,8.45,0.8,100,5.12
2025-11-14T10:34:25Z,2475,,9.9,90.3,8.43,1.6,100,5.41
2025-11-14T12:33:43Z,2460,,9.9,89.9,8.39,1.8,100,5.49
2025-11-14T14:32:55Z,2550,,9.8,89.6,8.31,0.1,100,4.88
2025-11-14T16:32:55Z,2550,,9.8,89.9,8.34,-0.2,100,4.78
2025-11-14T18:33:22Z,2550,,9.7,89.3,8.23,-1.7,100,4.31
2025-11-14T20:33:33Z,2550,,9.7,89.1,8.21,-2.2,100,4.16
2025-11-14T22:34:02Z,2565,,9.6,88.7,8.12,-3,100,3.93
2025-11-15T00:34:16Z,2565,,9.5,88.3,8.04,-2.2,100,4.16
2025-11-15T02:35:01Z,2550,,9.4,87.7,7.93,-2.2,100,4.16
2025-11-15T04:35:20Z,2550,,9.4,86.8,7.85,-3.6,100,3.77
2025-11-15T06:34:40Z,2535,,9.4,86.3,7.8,-4.9,100,3.44
2025-11-15T08:35:20Z,2520,,9.4,86.3,7.8,-2,100,4.22
2025-11-15T10:34:39Z,2475,,9.5,86.6,7.88,-0.8,100,4.59
2025-11-15T12:34:16Z,2445,,9.5,86.8,7.9,0.1,99.9,4.88
2025-11-15T14:33:43Z,2445,,9.6,87.2,7.99,-0.3,100,4.75
2025-11-15T16:34:20Z,2490,,9.6,87.6,8.02,-0.5,100,4.69
2025-11-15T18:34:23Z,2490,,9.6,87.9,8.05,0,100,4.85
2025-11-15T20:34:51Z,2550,,9.7,88,8.11,0.6,96.4,4.87
2025-11-15T22:34:42Z,2505,,9.7,87.9,8.1,0.3,98.7,4.89
2025-11-16T00:34:59Z,2565,,9.7,87.7,8.08,0.2,93.2,4.58
2025-11-16T02:34:27Z,2565,,9.8,88.3,8.19,1.1,91.8,4.8
2025-11-16T04:33:53Z,2565,,9.8,88.8,8.24,1.4,93.1,4.97
2025-11-16T06:33:51Z,2565,,9.8,88.9,8.25,2,94.5,5.25
2025-11-16T08:33:35Z,2460,,9.9,89.4,8.34,3.5,94,5.78
2025-11-16T10:33:53Z,2565,,10,90.2,8.47,4.6,88.4,5.85
2025-11-16T12:33:30Z,2565,,10,89.9,8.44,5.2,85.3,5.87
2025-11-16T14:33:47Z,2445,,9.9,89.3,8.34,3.7,94.1,5.87
2025-11-16T16:33:10Z,2445,,9.8,89.1,8.26,2.1,99,5.54
2025-11-16T18:33:15Z,2475,,9.7,88.7,8.17,0.6,100,5.05
2025-11-16T20:33:48Z,2445,,9.7,88.9,8.19,1.3,100,5.3
2025-11-16T22:33:11Z,2445,,9.7,89.1,8.21,1.1,100,5.23
2025-11-17T00:32:44Z,2460,,9.7,89,8.2,0.7,100,5.09
2025-11-17T02:32:33Z,2535,,9.6,89,8.15,0.1,100,4.88
2025-11-17T04:32:58Z,2520,,9.6,89.1,8.16,0.4,100,4.99
2025-11-17T06:32:20Z,2490,,9.6,89.4,8.19,0.8,100,5.12
2025-11-17T08:31:45Z,2475,,9.6,89.1,8.16,0.4,100,4.99
2025-11-17T10:31:38Z,2505,,9.6,89,8.15,0.1,100,4.88
2025-11-17T12:31:35Z,2490,,9.5,88.7,8.07,0,100,4.85
2025-11-17T14:32:25Z,2490,,9.5,88.4,8.04,-0.3,100,4.75
2025-11-17T16:31:42Z,2505,,9.5,88.1,8.02,-0.5,100,4.69
2025-11-17T18:32:01Z,2535,,9.5,87.6,7.97,-1.3,100,4.43
2025-11-17T20:31:09Z,2535,,9.4,87.2,7.88,-2.1,100,4.19
2025-11-17T22:31:36Z,2535,,9.3,87.2,7.83,-2,100,4.22
2025-11-18T00:32:14Z,2550,,9.3,87.5,7.86,-1.5,100,4.37
2025-11-18T02:32:03Z,2520,,9.3,87.6,7.87,-1.2,100,4.46
2025-11-18T04:32:41Z,2490,,9.3,87.3,7.84,-1.1,100,4.49
2025-11-18T06:32:51Z,2475,,9.2,86.7,7.74,-1.6,100,4.34
2025-11-18T08:32:08Z,2460,,9.2,85.9,7.67,-1.9,100,4.25
2025-11-18T10:32:29Z,2460,,9.1,84.9,7.53,-2.7,100,4.02
2025-11-18T12:32:09Z,2505,,9,84,7.4,-4,97,3.55
2025-11-18T14:32:34Z,2400,,9,83.9,7.39,-5.4,100,3.31
2025-11-18T16:33:14Z,2430,,9,83.7,7.38,-4.6,100,3.51
2025-11-18T18:32:50Z,2385,,9,83.7,7.38,-5.6,100,3.27
2025-11-18T20:32:05Z,0,,9,83.6,7.37,-7.1,100,2.93
2025-11-18T22:31:45Z,0,,9.5,85.6,7.79,-8.6,100,2.62
2025-11-19T00:31:32Z,0,,9.5,86.2,7.84,-9.6,100,2.43
2025-11-19T02:31:23Z,0,,9.5,86.4,7.86,-10.5,100,2.27
2025-11-19T04:32:08Z,0,,9.6,86.2,7.89,-9.8,100,2.4
2025-11-19T06:31:43Z,0,,9.6,86.2,7.89,-10.1,100,2.34
2025-11-19T08:31:30Z,0,,9.6,86.1,7.88,-7.5,100,2.84
2025-11-19T10:31:00Z,2520,,9.6,86.5,7.92,-5.3,100,3.34
2025-11-19T12:30:12Z,2445,,9.1,84.2,7.47,-4.2,100,3.61
2025-11-19T14:29:41Z,2385,,9,83.6,7.37,-4.7,100,3.49
2025-11-19T16:29:33Z,2370,,9,83.5,7.36,-5.3,100,3.34
2025-11-19T18:29:59Z,2370,,9,83.7,7.38,-4.8,100,3.46
2025-11-19T20:29:23Z,2370,,9,83.9,7.39,-4.3,100,3.59
2025-11-19T22:29:21Z,2415,,9,84.2,7.42,-3.9,100,3.69
2025-11-20T00:29:22Z,2400,,9,84.7,7.47,-3,100,3.93
2025-11-20T02:28:50Z,2430,,9,85.2,7.51,-2.8,100,3.99
2025-11-20T04:29:02Z,2430,,9,85.5,7.54,-2.3,100,4.13
2025-11-20T06:28:59Z,2400,,9,86.1,7.59,-1.2,100,4.46
2025-11-20T08:29:27Z,2280,,9.2,87.4,7.8,1,100,5.19
2025-11-20T10:29:14Z,2355,,9.2,88.1,7.86,0.8,100,5.12
2025-11-20T12:28:48Z,2295,,9.3,88.6,7.96,1.9,100,5.52
2025-11-20T14:28:16Z,2295,,9.3,88.4,7.94,1.7,100,5.45
2025-11-20T16:28:06Z,2310,,9.4,88.2,7.97,1.4,100,5.34
2025-11-20T18:28:24Z,2310,,9.4,88.1,7.97,1.6,100,5.41
2025-11-20T20:28:55Z,2325,,9.4,88.2,7.97,1.4,100,5.34
2025-11-20T22:28:29Z,2370,,9.4,88.3,7.98,0.7,100,5.09
2025-11-21T00:27:40Z,2370,,9.3,88.2,7.92,0.5,100,5.02
2025-11-21T02:28:26Z,2400,,9.3,88.1,7.92,0.1,100,4.88
2025-11-21T04:28:26Z,2415,,9.3,87.9,7.9,0,100,4.85
2025-11-21T06:28:33Z,2415,,9.3,87.8,7.89,0,100,4.85
2025-11-21T08:28:17Z,2400,,9.2,87.8,7.84,0.1,100,4.88
2025-11-21T10:28:44Z,2370,,9.3,88.1,7.92,0.7,100,5.09
2025-11-21T12:29:34Z,2370,,9.3,88.4,7.94,0.6,100,5.05
2025-11-21T14:29:20Z,2415,,9.2,88.3,7.88,0,100,4.85
2025-11-21T16:29:53Z,2430,,9.2,88.2,7.87,-0.2,100,4.78
2025-11-21T18:30:32Z,2415,,9.2,88.1,7.86,-0.2,100,4.78
2025-11-21T20:31:20Z,2430,,9.1,87.8,7.79,-0.6,100,4.65
2025-11-21T22:31:19Z,2415,,9.1,87.4,7.75,-0.9,100,4.56
2025-11-22T00:31:31Z,2445,,9,86.5,7.62,-2.3,100,4.13
2025-11-22T02:32:01Z,2430,,8.9,85.9,7.52,-4,100,3.66
2025-11-22T04:31:38Z,2370,,8.9,84.6,7.41,-6,100,3.17
2025-11-22T06:32:13Z,0,,8.8,83.9,7.3,-7.5,100,2.84
2025-11-22T08:31:46Z,2490,,9.3,85.8,7.71,-4.9,100,3.44
2025-11-22T10:31:33Z,2385,,8.9,84.5,7.4,-2.9,100,3.96
2025-11-22T12:31:58Z,2280,,9,85.3,7.52,0.1,100,4.88
2025-11-22T14:31:08Z,2265,,9,85.8,7.56,0.5,100,5.02
2025-11-22T16:30:43Z,2235,,9.1,87.5,7.76,1.5,100,5.37
2025-11-22T18:31:01Z,2175,,9.3,89,8.0,2.8,100,5.87
2025-11-22T20:31:00Z,2175,,9.3,90.2,8.1,3.3,100,6.07
2025-11-22T22:30:53Z,2175,,9.5,91.3,8.31,3.8,100,6.28
2025-11-23T00:31:24Z,2175,,9.5,91.9,8.36,3.8,100,6.28
2025-11-23T02:31:52Z,2175,,9.5,92.1,8.38,3.9,100,6.32
2025-11-23T04:32:35Z,2190,,9.5,92.2,8.39,4.2,100,6.44
2025-11-23T06:32:51Z,2220,,9.6,92.2,8.44,3.9,100,6.32
2025-11-23T10:33:52Z,2055,,9.6,92.5,8.47,5.1,100,6.84
2025-11-23T12:34:41Z,2115,,9.6,92.2,8.44,5,99,6.73
2025-11-23T14:34:19Z,2115,,9.6,92,8.43,4.5,100,6.57
2025-11-23T16:33:34Z,2220,,9.7,92.6,8.53,4.2,100,6.44
2025-11-23T20:33:35Z,2250,,9.6,92.1,8.43,3.6,100,6.19
2025-11-23T22:33:47Z,2280,,9.6,92.2,8.44,3.5,100,6.15
2025-11-24T00:34:17Z,2310,,9.6,91.7,8.4,3.1,100,5.99
2025-11-24T02:33:35Z,2310,,9.5,91,8.28,2.7,100,5.83
2025-11-24T04:33:18Z,2325,,9.5,90.6,8.24,2.3,100,5.67
2025-11-24T06:32:41Z,2355,,9.4,90.1,8.15,1.8,100,5.49
2025-11-24T08:32:22Z,2355,,9.4,89.7,8.11,1.8,100,5.49
2025-11-24T10:32:58Z,2355,,9.4,89.5,8.09,1.9,100,5.52
2025-11-24T12:33:13Z,2325,,9.4,89.7,8.11,2.1,100,5.6
2025-11-24T14:33:53Z,2355,,9.4,89.7,8.11,1.8,100,5.49
2025-11-24T16:34:30Z,2400,,9.4,89.5,8.09,0.9,100,5.16
2025-11-24T18:35:01Z,2490,,9.3,88.9,7.99,-0.6,100,4.65
2025-11-24T20:35:10Z,2520,,9.2,88.2,7.87,-1.7,100,4.31
2025-11-24T22:34:29Z,2520,,9.2,87.8,7.84,-2.2,100,4.16
2025-11-25T00:34:49Z,2490,,9.2,87.3,7.79,-1.7,100,4.31
2025-11-25T02:34:14Z,2445,,9.2,87.7,7.83,-0.6,100,4.65
2025-11-25T04:33:44Z,2445,,9.2,88.4,7.89,0,100,4.85
2025-11-25T06:34:19Z,2415,,9.2,88.1,7.86,-0.2,100,4.78
2025-11-25T08:34:00Z,2430,,9.1,86.8,7.7,-1.2,100,4.46
2025-11-25T10:33:22Z,2430,,9.1,85.9,7.62,-1.7,100,4.31
2025-11-25T12:34:02Z,2430,,9,84.9,7.48,-2.4,100,4.1
2025-11-25T14:34:47Z,2415,,9,83.9,7.39,-2.8,99.2,3.96
2025-11-25T16:34:47Z,2430,,8.9,83.3,7.3,-3.4,97.5,3.73
2025-11-25T18:35:25Z,2385,,8.9,83.4,7.3,-4.5,100,3.54
2025-11-25T20:35:42Z,2355,,8.9,83.4,7.3,-4.7,100,3.49
2025-11-25T22:34:51Z,2310,,8.9,83.2,7.29,-6,100,3.17
2025-11-26T00:34:55Z,0,,8.8,82.8,7.21,-8,100,2.74
2025-11-26T02:34:36Z,0,,9.3,84.8,7.62,-8.6,100,2.62
2025-11-26T04:34:30Z,0,,9.4,85.8,7.76,-7.3,100,2.89
2025-11-26T06:34:43Z,2505,,9.5,86.8,7.9,-5.8,100,3.22
2025-11-26T08:35:14Z,2415,,9,84.6,7.46,-3.9,100,3.69
2025-11-26T10:34:22Z,2370,,9,84.7,7.47,-2.2,100,4.16
2025-11-26T12:34:27Z,2385,,9,85.6,7.54,-1.2,100,4.46
2025-11-26T14:33:37Z,2400,,9,85.7,7.55,-2.1,100,4.19
2025-11-26T16:33:10Z,2415,,9,85.5,7.54,-2.9,100,3.96
2025-11-26T18:32:43Z,2415,,8.9,85.3,7.47,-3.7,100,3.74
2025-11-26T20:33:25Z,2415,,8.9,84.8,7.43,-4.5,100,3.54
2025-11-26T22:33:44Z,2325,,8.8,83.9,7.3,-6,100,3.17
2025-11-27T00:34:02Z,0,,8.7,82.9,7.17,-7.7,100,2.8
2025-11-27T02:33:41Z,0,,9.3,84.6,7.6,-8,100,2.74
2025-11-27T04:32:56Z,2415,,9.4,85.9,7.77,-6.9,100,2.97
2025-11-27T06:33:40Z,2385,,8.9,84,7.36,-5,100,3.41
2025-11-27T08:33:40Z,2385,,8.9,84.3,7.38,-2.6,100,4.05
2025-11-27T10:34:30Z,2325,,9,85.3,7.52,-0.5,100,4.69
2025-11-27T12:34:31Z,2340,,9,85.6,7.54,-0.1,100,4.82
2025-11-27T14:34:36Z,2325,,9.1,86,7.63,0,100,4.85
2025-11-27T16:34:50Z,2265,,9.1,86.8,7.7,1,100,5.19
2025-11-27T18:35:38Z,2280,,9.3,88.3,7.93,1.8,100,5.49
2025-11-27T20:36:20Z,2265,,9.3,89.2,8.01,2.2,100,5.64
2025-11-27T22:36:29Z,2280,,9.5,90.3,8.22,2.9,100,5.91
2025-11-28T00:36:13Z,2175,,9.4,90.7,8.2,3.6,100,6.19
2025-11-28T02:36:59Z,2175,,9.6,91.6,8.39,4,100,6.36
2025-11-28T04:37:43Z,2130,,9.6,92.1,8.43,4.4,100,6.53
2025-11-28T06:37:29Z,2100,,9.7,92.8,8.55,5,100,6.8
2025-11-28T08:38:13Z,2055,,9.8,93.6,8.68,5.5,100,7.02
2025-11-28T10:38:34Z,1905,,9.9,94.7,8.84,6.4,100,7.45
2025-11-28T12:38:47Z,1785,,9.9,95.8,8.94,7.1,100,7.8
2025-11-28T14:39:07Z,1770,,10,96.4,9.06,7.3,100,7.9
2025-11-28T16:38:36Z,1785,,10.1,96.7,9.14,7.2,100,7.85
2025-11-28T18:37:45Z,1845,,10.1,96.5,9.12,6.9,100,7.7
2025-11-28T20:38:11Z,1800,,10.1,96.5,9.12,7.2,100,7.85
2025-11-28T22:37:28Z,1815,,10.1,96.6,9.13,7.2,100,7.85
2025-11-29T00:36:52Z,1800,,10.1,96.6,9.13,7.1,100,7.8
2025-11-29T02:36:57Z,2040,,10.1,96.5,9.12,6.3,100,7.4
2025-11-29T04:37:20Z,2220,,10.1,96.3,9.1,5.5,100,7.02
2025-11-29T06:37:13Z,2295,,10.1,96,9.08,5.1,100,6.84
2025-11-29T08:37:25Z,2310,,10.1,95.6,9.04,4.9,100,6.75
2025-11-29T10:37:00Z,2325,,10.1,95.3,9.01,4.7,100,6.66
2025-11-29T12:37:21Z,2280,,10,95.4,8.96,5.1,100,6.84
2025-11-29T14:37:51Z,2145,,10.1,95.6,9.04,5.7,100,7.12
2025-11-29T16:38:14Z,2115,,10.1,95.6,9.04,5.9,100,7.21
2025-11-29T18:38:32Z,2115,,10.1,95.9,9.07,5.8,100,7.16
2025-11-29T20:37:47Z,2055,,10.1,96.1,9.08,6.2,100,7.35
2025-11-29T22:37:14Z,2025,,10.1,96.2,9.09,6.4,100,7.45
2025-11-30T00:37:19Z,1995,,10.1,95.9,9.07,6.5,100,7.5
2025-11-30T02:37:40Z,2010,,10.1,95.3,9.01,6.1,100,7.31
2025-11-30T04:37:41Z,2280,,9.9,94,8.77,4.6,100,6.62
2025-11-30T06:38:20Z,2400,,9.8,92.6,8.59,2.8,100,5.87
2025-11-30T08:37:32Z,2340,,9.7,91.9,8.47,3.1,100,5.99
2025-11-30T10:37:56Z,2070,,9.8,93.1,8.64,5.4,100,6.98
2025-11-30T12:38:02Z,1965,,9.9,94.3,8.8,6.2,100,7.35
2025-11-30T14:38:48Z,2160,,10,94.7,8.9,5.4,100,6.98
2025-11-30T16:38:02Z,2220,,9.9,93.9,8.76,4.8,100,6.71
2025-11-30T18:38:03Z,2430,,10,93.1,8.75,3.2,100,6.03
2025-11-30T20:37:58Z,2445,,9.8,91.9,8.52,2.2,100,5.64
2025-11-30T22:38:42Z,2475,,9.8,91.7,8.51,1.9,100,5.52
2025-12-01T00:38:33Z,2475,,9.8,91.5,8.49,1.6,100,5.41
2025-12-01T02:39:08Z,2535,,9.8,91.2,8.46,1.1,100,5.23
2025-12-01T04:38:51Z,2505,,9.7,90.6,8.35,1.2,100,5.27
2025-12-01T06:38:10Z,2415,,9.7,90.8,8.37,2.1,100,5.6
2025-12-01T08:37:48Z,2355,,9.8,91.3,8.47,3.1,100,5.99
2025-12-01T10:37:31Z,2280,,9.9,92,8.59,3.8,100,6.28
2025-12-01T12:36:59Z,2235,,9.9,92.6,8.64,4.6,100,6.62
2025-12-01T14:36:29Z,2190,,9.9,93.3,8.71,5,100,6.8
2025-12-01T16:36:49Z,2190,,9.9,93.6,8.74,5.1,100,6.84
2025-12-01T18:36:38Z,2250,,9.9,93.7,8.75,4.6,100,6.62
2025-12-01T20:37:11Z,2310,,9.8,92.8,8.61,3.8,100,6.28
2025-12-01T22:36:33Z,2310,,9.8,92.5,8.58,3.8,100,6.28
2025-12-02T00:37:19Z,2340,,9.8,92.1,8.54,3.2,100,6.03
2025-12-02T02:36:52Z,2445,,9.7,91.1,8.4,1.7,100,5.45
2025-12-02T04:37:11Z,2445,,9.6,90,8.24,0.9,100,5.16
2025-12-02T06:37:57Z,2370,,9.6,89.6,8.21,1.9,100,5.52
2025-12-02T08:38:31Z,2175,,9.7,90.7,8.36,4.1,100,6.4
2025-12-02T10:39:04Z,2055,,9.8,92.1,8.54,5.2,100,6.89
2025-12-02T12:39:44Z,2100,,9.9,92.7,8.65,5.2,100,6.89
2025-12-02T14:39:47Z,2250,,10,92.4,8.68,4.7,98.3,6.55
2025-12-02T16:40:07Z,2235,,10,92,8.64,4.5,100,6.57
2025-12-02T18:39:56Z,2280,,10,91.9,8.63,4.1,100,6.4
2025-12-02T20:40:25Z,2295,,10,91.7,8.61,3.9,100,6.32
2025-12-02T22:40:29Z,2295,,10,91.5,8.6,3.9,100,6.32
2025-12-03T00:40:20Z,2310,,10,91.3,8.58,3.7,100,6.23
2025-12-03T02:40:21Z,2280,,10,91.1,8.56,3.7,100,6.23
2025-12-03T04:39:51Z,2280,,10,90.8,8.53,3.8,100,6.28
2025-12-03T06:39:43Z,2310,,10,90.7,8.52,3.7,98.8,6.16
2025-12-03T08:40:16Z,2310,,9.9,90.4,8.44,3.4,100,6.11
2025-12-03T10:40:07Z,2295,,9.9,90.9,8.48,3.3,100,6.07
2025-12-03T12:39:40Z,2310,,9.9,91.6,8.55,3.6,100,6.19
2025-12-03T14:39:43Z,2295,,9.9,91.9,8.58,3.7,100,6.23
2025-12-03T16:40:17Z,2310,,9.9,92.1,8.6,3.8,100,6.28
2025-12-03T18:40:52Z,2310,,9.9,92.4,8.62,3.8,100,6.28
2025-12-03T20:40:05Z,2325,,9.9,92.3,8.62,3.5,100,6.15
2025-12-03T22:40:40Z,2385,,9.9,92.1,8.6,3.1,100,5.99
2025-12-04T00:41:00Z,2415,,9.8,91.6,8.5,2.1,100,5.6
2025-12-04T02:40:21Z,2415,,9.7,90.7,8.36,1.7,100,5.45
2025-12-04T04:40:37Z,2415,,9.7,89.9,8.29,1.7,100,5.45
2025-12-04T06:39:45Z,2430,,9.7,89.7,8.27,1.2,100,5.27
2025-12-04T08:39:05Z,2445,,9.7,89.1,8.21,1.1,100,5.23
2025-12-04T10:38:55Z,2415,,9.7,88.6,8.17,1.1,100,5.23
2025-12-04T12:38:38Z,2385,,9.7,88.3,8.14,1.3,100,5.3
2025-12-04T14:37:49Z,2370,,9.6,88,8.06,1.3,100,5.3
2025-12-04T16:37:25Z,2385,,9.6,88.2,8.08,1.3,100,5.3
2025-12-04T18:37:46Z,2370,,9.6,88.5,8.1,1.6,100,5.41
2025-12-04T20:38:23Z,2370,,9.6,89,8.15,1.7,100,5.45
2025-12-04T22:38:00Z,2355,,9.6,89.2,8.17,1.7,100,5.45
2025-12-05T00:37:39Z,2355,,9.6,89.3,8.18,1.7,100,5.45
2025-12-05T02:38:19Z,2325,,9.6,89.7,8.21,2.4,100,5.71
2025-12-05T04:38:53Z,2235,,9.7,90.3,8.32,3.5,100,6.15
2025-12-05T06:38:20Z,2235,,9.7,90.9,8.38,3.8,100,6.28
2025-12-05T08:39:07Z,2235,,9.7,91,8.39,3.8,100,6.28
2025-12-05T10:38:33Z,2190,,9.8,91.1,8.45,4.1,100,6.4
2025-12-05T12:37:56Z,2220,,9.8,91,8.44,3.8,100,6.28
2025-12-05T14:37:54Z,2205,,9.8,90.9,8.43,3.7,100,6.23
2025-12-05T16:37:00Z,2265,,9.8,90.9,8.43,3.3,100,6.07
2025-12-05T18:36:51Z,2295,,9.7,90.9,8.38,3.4,100,6.11
2025-12-05T20:37:37Z,2280,,9.8,91.3,8.47,3.6,100,6.19
2025-12-05T22:38:15Z,2265,,9.8,91.4,8.48,3.8,100,6.28
2025-12-06T00:38:09Z,2235,,9.8,91.6,8.5,4,100,6.36
2025-12-06T02:38:58Z,2235,,9.8,91.8,8.51,4.1,100,6.4
2025-12-06T04:38:13Z,2265,,9.8,92,8.53,4.1,100,6.4
2025-12-06T06:38:24Z,2235,,9.8,91.9,8.52,4.2,100,6.44
2025-12-06T08:39:18Z,2265,,9.9,92.3,8.62,4.3,100,6.49
2025-12-06T10:39:26Z,2295,,10,92.8,8.72,4.2,100,6.44
2025-12-06T12:40:13Z,2280,,10,93.4,8.77,4.3,100,6.49
2025-12-06T14:39:48Z,2310,,10,94,8.83,4.5,100,6.57
2025-12-06T16:39:51Z,2310,,10,94.2,8.85,4.4,100,6.53
2025-12-06T18:40:13Z,2325,,9.9,93.4,8.72,3.9,100,6.32
2025-12-06T20:40:38Z,2400,,9.9,93.1,8.69,3.2,100,6.03
2025-12-06T22:39:49Z,2385,,9.8,92.4,8.57,2.9,100,5.91
2025-12-07T00:39:28Z,2370,,9.8,92.2,8.55,3.1,100,5.99
2025-12-07T02:39:22Z,2370,,9.8,92.5,8.58,3.2,100,6.03
2025-12-07T04:39:46Z,2370,,9.8,92.3,8.56,3.2,100,6.03
2025-12-07T06:40:32Z,2355,,9.8,92.1,8.54,3.1,100,5.99
2025-12-07T08:41:21Z,2385,,9.8,92.3,8.56,3.1,100,5.99
2025-12-07T10:40:43Z,2400,,9.8,92.3,8.56,2.9,100,5.91
2025-12-07T12:40:09Z,2430,,9.8,92.1,8.54,2.5,100,5.75
2025-12-07T14:40:27Z,2475,,9.8,91.9,8.52,1.8,100,5.49
2025-12-07T16:39:52Z,2475,,9.8,91.5,8.49,1.7,100,5.45
2025-12-07T18:40:29Z,2475,,9.7,91.2,8.41,1.5,100,5.37
2025-12-07T20:41:06Z,2460,,9.7,90.7,8.36,1.5,100,5.37
2025-12-07T22:40:22Z,2445,,9.7,89.8,8.28,1.3,100,5.3
2025-12-08T00:40:17Z,2445,,9.7,90,8.29,1.2,100,5.27
2025-12-08T02:39:57Z,2430,,9.7,89.6,8.26,1.4,100,5.34
2025-12-08T04:40:13Z,2385,,9.7,89.7,8.27,1.8,100,5.49
2025-12-08T06:40:23Z,2355,,9.7,90.1,8.3,2.4,100,5.71
2025-12-08T08:41:14Z,2340,,9.7,90.6,8.35,2.8,100,5.87
2025-12-08T10:41:01Z,2355,,9.8,90.8,8.42,2.8,100,5.87
2025-12-08T12:40:49Z,2340,,9.7,90.8,8.37,2.8,100,5.87
2025-12-08T14:40:32Z,2340,,9.7,90.8,8.37,2.6,100,5.79
2025-12-08T16:40:47Z,2355,,9.8,90.7,8.41,2.7,100,5.83
2025-12-08T18:41:30Z,2355,,9.8,91,8.44,2.9,100,5.91
2025-12-08T20:41:20Z,2355,,9.8,91,8.44,2.9,100,5.91
2025-12-09T00:40:48Z,2280,,9.8,91.7,8.51,3.7,100,6.23
2025-12-09T02:40:43Z,2235,,9.9,92,8.59,4.5,100,6.57
2025-12-09T04:40:14Z,1965,,10,93,8.74,5.9,100,7.21
2025-12-09T06:40:49Z,1995,,10.1,94,8.89,6,100,7.26
2025-12-09T08:40:11Z,2070,,10.1,94.4,8.92,5.7,100,7.12
2025-12-09T10:40:17Z,2085,,10.1,94.6,8.94,5.8,100,7.16
2025-12-09T12:41:10Z,2220,,10,94.3,8.86,5.1,100,6.84
2025-12-09T14:41:36Z,2400,,9.9,93.3,8.71,3.6,100,6.19
2025-12-09T16:41:38Z,2430,,9.8,92.1,8.54,2.5,100,5.75
2025-12-09T18:42:31Z,2430,,9.7,91.1,8.4,2.2,100,5.64
2025-12-09T20:42:43Z,2415,,9.7,90.5,8.34,1.8,100,5.49
2025-12-09T22:42:23Z,2460,,9.7,89.8,8.28,1,100,5.19
2025-12-10T00:42:57Z,2475,,9.6,89.2,8.17,0.5,100,5.02
2025-12-10T02:42:28Z,2520,,9.5,88.6,8.06,-0.2,100,4.78
2025-12-10T04:42:46Z,2505,,9.5,87.8,7.99,-0.8,100,4.59
2025-12-10T06:43:24Z,2490,,9.4,87.3,7.89,-1.1,100,4.49
2025-12-10T08:43:36Z,2490,,9.4,87.4,7.9,-0.7,100,4.62
2025-12-10T10:43:32Z,2460,,9.4,87.6,7.92,-0.5,100,4.69
2025-12-10T12:44:15Z,2445,,9.4,87.8,7.94,0,100,4.85
2025-12-10T14:43:38Z,2190,,9.5,88.9,8.09,3.1,100,5.99
2025-12-10T16:44:06Z,2115,,9.7,90.6,8.35,4.4,100,6.53
2025-12-10T18:44:25Z,1800,,9.8,92.5,8.58,6.3,100,7.4
2025-12-10T20:43:50Z,1800,,10,93.6,8.79,6.6,100,7.55
2025-12-10T22:44:28Z,1920,,10,93.9,8.82,6.2,100,7.35
2025-12-11T00:45:02Z,1980,,10,93.7,8.8,6,100,7.26
2025-12-11T02:44:40Z,2055,,10,93.3,8.76,5.6,100,7.07
2025-12-11T04:44:11Z,2130,,10,92.8,8.72,5.2,100,6.89
2025-12-11T06:43:43Z,2175,,10,92.4,8.68,4.9,100,6.75
2025-12-11T08:44:12Z,2175,,10,92.2,8.66,4.8,100,6.71
2025-12-11T10:44:10Z,2100,,9.9,92.1,8.6,5.2,100,6.89
2025-12-11T12:43:29Z,2130,,9.9,92.1,8.6,5,100,6.8
2025-12-11T14:43:32Z,2220,,9.9,92.1,8.6,4.5,100,6.57
2025-12-11T16:43:31Z,2265,,9.9,91.6,8.55,3.8,100,6.28
2025-12-11T18:44:04Z,2355,,9.8,90.4,8.38,2.6,100,5.79
2025-12-11T20:44:44Z,2445,,9.7,89.4,8.24,0.8,100,5.12
2025-12-11T22:45:36Z,2475,,9.5,87.6,7.97,-0.4,100,4.72
2025-12-12T00:44:50Z,2475,,9.5,86.6,7.88,-1,100,4.53
2025-12-12T02:44:52Z,2430,,9.4,85.6,7.74,-1.3,100,4.43
2025-12-12T04:44:17Z,2445,,9.3,85.2,7.65,-1.6,100,4.34
2025-12-12T06:44:24Z,2535,,9.3,83.6,7.51,-2.1,95.2,3.99
2025-12-12T08:44:07Z,2535,,9.1,82.1,7.28,-3.5,91.9,3.49
2025-12-12T10:43:54Z,2550,,9,80.8,7.12,-4,86,3.15
2025-12-12T12:43:49Z,2535,,9,80.2,7.07,-4.3,90.7,3.25
2025-12-12T14:44:38Z,2295,,8.9,80.5,7.05,-5.6,98.8,3.23
2025-12-12T16:44:18Z,2205,,8.8,80.3,6.99,-6.4,100,3.08
2025-12-12T18:43:51Z,2190,,8.9,80.5,7.05,-6.9,100,2.97
2025-12-12T20:44:06Z,2175,,8.8,80.3,6.99,-6.9,100,2.97
2025-12-12T22:43:40Z,0,,8.9,80.5,7.05,-7,100,2.95
2025-12-13T00:43:18Z,0,,9.3,81.9,7.36,-7.3,100,2.89
2025-12-13T02:43:49Z,0,,9.5,83.3,7.58,-7.7,100,2.8
2025-12-13T04:43:27Z,0,,9.5,83.9,7.63,-7.2,100,2.91
2025-12-13T06:43:00Z,0,,9.6,84.6,7.75,-7.2,100,2.91
2025-12-13T08:42:04Z,0,,9.6,85,7.78,-7,100,2.95
2025-12-13T10:42:47Z,2505,,9.7,85.2,7.85,-5.8,100,3.22
2025-12-13T12:43:19Z,2355,,9.1,82.1,7.28,-4.4,100,3.56
2025-12-13T14:42:51Z,2355,,9,81.8,7.21,-4.4,100,3.56
2025-12-13T16:43:11Z,2340,,9,81.6,7.19,-4.3,100,3.59
2025-12-13T18:43:09Z,2535,,9.1,81.3,7.21,-2.3,75.6,3.12
2025-12-13T20:42:35Z,2535,,9.1,79.5,7.05,-1.6,57.5,2.5
2025-12-13T22:42:16Z,2535,,9.1,78.5,6.96,-1.4,65.9,2.9
2025-12-14T00:42:45Z,2535,,9.1,79,7.01,-1.8,84.8,3.63
2025-12-14T02:42:12Z,2445,,9.1,80.6,7.15,-2.4,94.6,3.88
2025-12-14T04:41:25Z,2535,,9.1,81.6,7.24,-1.8,89.6,3.83
2025-12-14T06:40:36Z,2460,,9.1,81.9,7.26,-1.9,94.2,4.0
2025-12-14T08:39:56Z,2385,,9.1,82.2,7.29,-2,98.1,4.14
2025-12-14T10:39:33Z,2325,,9.1,82.2,7.29,-1.8,100,4.28
2025-12-14T12:39:35Z,2325,,9.2,83.2,7.43,-1.4,100,4.4
2025-12-14T14:40:25Z,2325,,9.2,84.2,7.52,-0.8,100,4.59
2025-12-14T16:40:41Z,2325,,9.2,85,7.59,-0.2,100,4.78
2025-12-14T18:40:24Z,2325,,9.2,85.3,7.61,0,100,4.85
2025-12-14T20:41:00Z,2235,,9.2,86.2,7.7,1.2,100,5.27
2025-12-14T22:41:08Z,2265,,9.3,86.8,7.8,1.2,100,5.27
2025-12-15T00:40:47Z,2280,,9.3,87,7.82,1.2,100,5.27
2025-12-15T02:40:48Z,2235,,9.3,87.1,7.83,1.5,100,5.37
2025-12-15T04:40:55Z,2235,,9.3,87.4,7.85,1.8,100,5.49
2025-12-15T06:40:47Z,2235,,9.3,87.7,7.88,2,100,5.56
2025-12-15T08:41:11Z,2145,,9.3,88,7.91,2.9,100,5.91
2025-12-15T10:41:40Z,1965,,9.4,88.6,8.01,4.5,100,6.57
2025-12-15T12:40:43Z,1800,,9.5,90.1,8.2,5.6,100,7.07
2025-12-15T14:41:23Z,1875,,9.6,91.2,8.35,5.6,100,7.07
2025-12-15T16:41:21Z,1995,,9.7,91.9,8.47,5.3,100,6.93
2025-12-15T18:41:27Z,2070,,9.7,92.2,8.5,5,100,6.8
2025-12-15T20:41:36Z,2070,,9.7,92.3,8.51,5,100,6.8
2025-12-15T22:40:50Z,2070,,9.7,92.6,8.53,5.2,100,6.89
2025-12-16T00:41:28Z,2055,,9.7,92.8,8.55,5.3,100,6.93
2025-12-16T02:41:09Z,2040,,9.8,93.1,8.64,5.5,100,7.02
2025-12-16T04:41:54Z,2040,,9.8,93.3,8.65,5.6,100,7.07
2025-12-16T06:41:31Z,2025,,9.8,93.6,8.68,5.6,100,7.07
2025-12-16T08:41:40Z,2010,,9.9,93.8,8.76,5.8,100,7.16
2025-12-16T10:41:40Z,2025,,9.9,94.1,8.78,5.9,100,7.21
2025-12-16T12:42:02Z,2040,,9.9,94,8.77,5.7,100,7.12
2025-12-16T14:42:05Z,2070,,9.9,93.8,8.76,5.5,100,7.02
2025-12-16T18:43:22Z,2220,,9.9,93.2,8.7,4.6,100,6.62
2025-12-16T20:42:54Z,2205,,9.8,92.6,8.59,4.4,100,6.53
2025-12-16T22:42:57Z,2190,,9.8,92.4,8.57,4.5,100,6.57
2025-12-17T00:42:22Z,2175,,9.9,92.2,8.61,4.8,100,6.71
2025-12-17T02:42:08Z,2175,,9.9,91.8,8.57,4.6,100,6.62
2025-12-17T04:41:38Z,2190,,9.9,91.6,8.55,4.5,100,6.57
2025-12-17T06:42:20Z,2145,,9.8,91.6,8.5,4.6,100,6.62
2025-12-17T08:42:27Z,2040,,9.9,92.2,8.61,5.5,100,7.02
2025-12-17T10:43:06Z,2085,,10,93.1,8.75,5.4,100,6.98
2025-12-17T12:43:50Z,2220,,10.1,93.9,8.88,5.1,100,6.84
2025-12-17T14:43:22Z,2265,,10.1,93.9,8.88,5,100,6.8
2025-12-17T16:43:32Z,2190,,10.1,94.4,8.92,5.4,100,6.98
2025-12-17T18:43:21Z,2040,,10.1,94.5,8.93,6,100,7.26
2025-12-17T20:43:16Z,2250,,10,93.9,8.82,4.9,100,6.75
2025-12-17T22:43:28Z,2310,,9.9,92.6,8.64,3.8,100,6.28
2025-12-18T00:44:09Z,2340,,9.8,91.4,8.48,3,100,5.95
2025-12-18T02:43:33Z,2355,,9.8,90.5,8.39,2.5,100,5.75
2025-12-18T04:44:15Z,2415,,9.7,89.8,8.28,1.5,100,5.37
2025-12-18T06:44:42Z,2430,,9.6,89.4,8.19,1.2,100,5.27
2025-12-18T08:45:24Z,2385,,9.6,89.9,8.23,2,100,5.56
2025-12-18T10:46:06Z,2190,,9.7,89.8,8.28,3.6,100,6.19
2025-12-18T12:46:29Z,2100,,9.8,90.1,8.36,4.5,100,6.57
2025-12-18T14:46:31Z,2145,,9.8,90.3,8.38,4.2,100,6.44
2025-12-18T16:47:08Z,2220,,9.8,90.7,8.41,3.9,100,6.32
2025-12-18T18:46:30Z,2085,,9.9,92.2,8.61,5.4,100,6.98
2025-12-18T20:47:09Z,2220,,10,93.3,8.76,4.9,100,6.75
2025-12-18T22:46:19Z,2220,,10,93.7,8.8,5,100,6.8
2025-12-19T00:46:10Z,2145,,10.1,93.7,8.86,5.4,100,6.98
2025-12-19T02:46:06Z,2175,,10,93.7,8.8,5.2,100,6.89
2025-12-19T04:46:38Z,2190,,10,93.9,8.82,5.3,100,6.93
2025-12-19T06:46:49Z,2130,,10,94,8.83,5.3,100,6.93
2025-12-19T08:46:22Z,2160,,10,94.1,8.84,5.3,100,6.93
2025-12-19T10:46:04Z,2175,,10.1,93.8,8.87,5.2,100,6.89
2025-12-19T12:46:51Z,2220,,10.1,93.5,8.84,5,100,6.8
2025-12-19T14:46:47Z,2310,,10.1,93,8.79,4.3,100,6.49
2025-12-19T16:46:39Z,2295,,10,93,8.74,4.4,100,6.53
2025-12-19T18:47:28Z,2130,,10.1,93.6,8.85,5.4,100,6.98
2025-12-19T20:47:39Z,2085,,10.1,94.5,8.93,5.9,100,7.21
2025-12-19T22:48:03Z,1995,,10.1,95,8.98,6.4,100,7.45
2025-12-20T00:47:57Z,1950,,10.1,95.3,9.01,6.5,100,7.5
2025-12-20T02:47:25Z,1950,,10.1,95.4,9.02,6.5,100,7.5
2025-12-20T04:47:49Z,2070,,10.1,95.1,8.99,6,100,7.26
2025-12-20T08:46:31Z,2220,,10.1,94.4,8.92,5.2,100,6.89
2025-12-20T10:46:19Z,2130,,10.1,94,8.89,5.5,100,7.02
2025-12-20T12:46:59Z,2100,,10.1,93.8,8.87,5.6,100,7.07
2025-12-20T14:47:16Z,2190,,10.1,93.7,8.86,5.2,100,6.89
2025-12-20T16:47:13Z,2175,,10,93.5,8.78,5.2,100,6.89
2025-12-20T18:46:49Z,2220,,10,93.1,8.75,4.9,100,6.75
2025-12-20T20:46:18Z,2220,,10,93,8.74,4.8,100,6.71
2025-12-20T22:46:17Z,2250,,10,92.7,8.71,4.3,100,6.49
2025-12-21T00:47:04Z,2265,,9.9,92.1,8.6,4.2,100,6.44
2025-12-21T02:47:57Z,2295,,9.9,91.6,8.55,3.9,100,6.32
2025-12-21T04:47:40Z,2295,,9.8,91.7,8.51,3.7,100,6.23
2025-12-21T06:48:15Z,2340,,9.8,90.9,8.43,3,100,5.95
2025-12-21T08:48:34Z,2325,,9.6,89.8,8.22,2.5,100,5.75
2025-12-21T10:49:27Z,2295,,9.6,88.7,8.12,2.3,100,5.67
2025-12-21T12:49:13Z,2295,,9.6,88.3,8.09,2.2,100,5.64
2025-12-21T14:49:44Z,2235,,9.5,87.2,7.93,2.1,100,5.6
2025-12-21T16:50:16Z,2340,,9.5,86.8,7.9,0.9,100,5.16
2025-12-21T18:50:40Z,2430,,9.5,86.9,7.91,0,100,4.85
2025-12-21T20:51:24Z,2340,,9.4,86.7,7.84,0.7,100,5.09
2025-12-21T22:51:54Z,2340,,9.4,86.6,7.83,0.9,100,5.16
2025-12-22T00:52:39Z,2340,,9.4,86.2,7.79,0.8,100,5.12
2025-12-22T02:52:22Z,2325,,9.4,86.2,7.79,0.9,100,5.16
2025-12-22T04:52:47Z,2355,,9.4,86.5,7.82,0.3,100,4.95
2025-12-22T06:52:00Z,2370,,9.4,86.5,7.82,0.1,100,4.88
2025-12-22T08:51:54Z,2370,,9.4,86.5,7.82,0.2,100,4.92
2025-12-22T10:52:14Z,2370,,9.4,86.5,7.82,0.1,100,4.88
2025-12-22T12:51:33Z,2415,,9.3,85.9,7.72,-1.3,100,4.43
2025-12-22T14:51:52Z,2520,,9.3,84.2,7.56,-3.6,93.1,3.51
2025-12-22T16:52:08Z,2535,,9.1,82.3,7.3,-5.8,83.3,2.68
2025-12-22T18:52:12Z,0,,9,80.3,7.08,-7,85.9,2.53
2025-12-22T20:52:45Z,0,,9.5,81.4,7.41,-8,91.5,2.51
2025-12-22T22:53:04Z,0,,9.5,81.3,7.4,-7.8,93.2,2.59
2025-12-23T00:52:23Z,2550,,9.5,80.9,7.36,-6.9,88.4,2.63
2025-12-23T02:51:39Z,2535,,8.9,79,6.92,-6.6,85,2.58
2025-12-23T04:51:21Z,2430,,8.8,78.2,6.8,-6.5,87.8,2.69
2025-12-23T06:51:34Z,0,,8.7,78.1,6.75,-7.6,93.7,2.65
2025-12-23T08:51:17Z,0,,9.3,80.1,7.2,-8.3,95.7,2.57
2025-12-23T10:50:57Z,2415,,9.4,81.3,7.35,-6.9,94.3,2.8
2025-12-23T12:50:43Z,2310,,8.9,78.7,6.89,-6,94.5,3.0
2025-12-23T14:51:18Z,2220,,8.8,78.6,6.84,-6.4,96.8,2.98
2025-12-23T16:50:34Z,0,,8.8,78.9,6.87,-7.8,100,2.78
2025-12-23T18:49:48Z,0,,9.4,81.8,7.4,-7,100,2.95
2025-12-23T20:50:01Z,2460,,9.5,83.4,7.59,-5.9,98.4,3.15
2025-12-23T22:49:43Z,2400,,9,80.7,7.11,-5.2,95.6,3.21
2025-12-24T00:49:27Z,2280,,8.9,80.4,7.04,-4.1,99.4,3.62
2025-12-24T02:48:38Z,2295,,8.9,81.3,7.12,-2.8,100,3.99
2025-12-24T04:47:51Z,2295,,8.9,81.8,7.16,-2.3,100,4.13
2025-12-24T06:47:32Z,2310,,8.9,82.3,7.21,-2,100,4.22
2025-12-24T08:48:05Z,2265,,8.9,82.2,7.2,-1.9,100,4.25
2025-12-24T10:48:07Z,2235,,8.9,82,7.18,-1.7,100,4.31
2025-12-24T12:48:22Z,2280,,8.9,82.4,7.22,-1.9,100,4.25
2025-12-24T14:48:23Z,2295,,8.9,82.7,7.24,-2,100,4.22
2025-12-24T16:48:06Z,2295,,9,83.3,7.34,-1.7,100,4.31
2025-12-24T18:47:46Z,2295,,9,83.3,7.34,-1.4,100,4.4
2025-12-24T20:47:04Z,2295,,9,84.4,7.44,-0.6,100,4.65
2025-12-24T22:46:12Z,2295,,9.1,85.1,7.55,-0.1,100,4.82
2025-12-25T00:46:42Z,2295,,9.1,86.1,7.64,0.6,100,5.05
2025-12-25T02:46:39Z,2250,,9.2,86.7,7.74,1.4,100,5.34
2025-12-25T04:46:20Z,2190,,9.2,87.3,7.79,2,100,5.56
2025-12-25T06:47:01Z,2145,,9.3,87.5,7.86,2.7,100,5.83
2025-12-25T08:46:54Z,2115,,9.4,87.6,7.92,3.2,100,6.03
2025-12-25T10:47:22Z,1995,,9.4,87.5,7.91,4.3,99.2,6.44
2025-12-25T12:47:06Z,2115,,9.5,87.6,7.97,4.9,93.7,6.33
2025-12-25T14:47:09Z,2115,,9.5,87.6,7.97,4.9,94.2,6.36
2025-12-25T16:47:18Z,1920,,9.5,87.6,7.97,5,97.2,6.61
2025-12-25T18:47:59Z,1890,,9.4,87.7,7.93,4.7,100,6.66
2025-12-25T20:48:42Z,1890,,9.5,87.9,8.0,4.7,100,6.66
2025-12-25T22:48:28Z,2085,,9.5,87.9,8.0,3.4,100,6.11
2025-12-26T00:47:44Z,2205,,9.4,86.9,7.86,2.5,98.6,5.67
2025-12-26T02:48:28Z,2220,,9.3,86.2,7.74,1.8,99.2,5.44
2025-12-26T04:48:51Z,2250,,9.3,86,7.73,1,100,5.19
2025-12-26T06:47:56Z,2310,,9.3,86,7.73,0.6,100,5.05
2025-12-26T08:47:09Z,2310,,9.3,86.4,7.76,0.8,100,5.12
2025-12-26T10:46:39Z,2190,,9.3,87.3,7.84,2.2,100,5.64
2025-12-26T12:46:54Z,2160,,9.3,87.8,7.89,2.6,100,5.79
2025-12-26T14:47:41Z,2265,,9.3,87.8,7.89,1.6,100,5.41
2025-12-26T16:47:31Z,2310,,9.3,87.7,7.88,1,100,5.19
2025-12-26T18:48:06Z,2310,,9.2,87.8,7.84,1.2,100,5.27
2025-12-26T20:48:12Z,2310,,9.3,88.1,7.92,1.5,100,5.37
2025-12-26T22:49:01Z,2325,,9.3,88,7.91,1,100,5.19
2025-12-27T00:48:23Z,2385,,9.2,87.8,7.84,0.3,100,4.95
2025-12-27T02:47:49Z,2415,,9.3,87.7,7.88,0,100,4.85
2025-12-27T04:48:16Z,2370,,9.2,87.6,7.82,0.3,100,4.95
2025-12-27T06:48:10Z,2310,,9.3,88,7.91,1.5,100,5.37
2025-12-27T08:47:26Z,2250,,9.3,88.5,7.95,2.2,100,5.64
2025-12-27T10:47:00Z,2340,,9.2,86.7,7.74,2,94.5,5.25
2025-12-27T12:47:02Z,2565,,9.2,84.4,7.53,1.5,84.1,4.52
2025-12-27T14:46:17Z,2250,,9.2,84,7.5,0.6,98.7,4.99
2025-12-27T16:45:37Z,2250,,9.1,85.6,7.59,0.5,100,5.02
2025-12-27T18:45:14Z,2235,,9,85,7.49,0.7,100,5.09
2025-12-27T20:45:58Z,2235,,8.9,85.2,7.46,0.5,100,5.02
2025-12-27T22:46:03Z,2235,,8.6,83.5,7.17,0.1,96.5,4.71
2025-12-28T00:45:19Z,2535,,8.6,81.7,7.02,0,85.2,4.13
2025-12-28T02:46:09Z,2580,,8.5,79.6,6.79,-0.1,76.3,3.67
2025-12-28T04:46:12Z,2550,,8.2,77.7,6.51,-1.5,69.5,3.04
2025-12-28T06:46:34Z,2565,,8.2,76.6,6.41,-2.4,65,2.67
2025-12-28T08:45:54Z,2580,,8.2,76,6.36,-2.6,66.2,2.68
2025-12-28T10:46:27Z,2550,,8.3,76.5,6.45,-2.4,69.7,2.86
2025-12-28T12:46:16Z,2550,,8.5,77.6,6.62,-2.7,77.3,3.11
2025-12-28T14:45:27Z,2550,,8.6,78.2,6.72,-4,84.6,3.1
2025-12-28T16:45:16Z,2535,,8.7,78.6,6.8,-3.1,86.4,3.37
2025-12-28T18:44:33Z,2340,,8.7,79.8,6.9,-3,95.3,3.75
2025-12-28T20:43:57Z,2235,,8.7,81.3,7.03,-2,100,4.22
2025-12-28T22:44:19Z,2235,,8.8,83,7.22,-1,100,4.53
2025-12-29T00:44:18Z,2220,,8.9,83.8,7.34,-0.5,100,4.69
2025-12-29T02:44:11Z,2235,,8.9,84.1,7.37,-0.2,100,4.78
2025-12-29T04:44:34Z,2310,,8.8,82.9,7.21,-1.3,97.6,4.33
2025-12-29T06:44:18Z,2340,,8.8,82.3,7.16,-2.5,98.9,4.03
2025-12-29T08:44:47Z,2310,,8.7,81.7,7.06,-2.5,98.6,4.02
2025-12-29T10:44:18Z,2280,,8.7,82.1,7.1,-2.7,100,4.02
2025-12-29T12:44:46Z,2310,,8.6,81,6.96,-3.1,96.9,3.78
2025-12-29T14:45:35Z,2460,,8.5,79.9,6.82,-4,90.2,3.3
2025-12-29T16:45:11Z,2280,,8.4,79.8,6.77,-4.6,96.6,3.39
2025-12-29T18:44:39Z,2415,,8.1,78.1,6.5,-4.6,87.8,3.08
2025-12-29T20:44:09Z,2235,,8.2,78.3,6.56,-4.8,94.8,3.28
2025-12-29T22:43:42Z,2175,,8,77.7,6.42,-5.3,94.9,3.17
2025-12-30T00:43:55Z,2055,,8,78.3,6.47,-5.5,100,3.29
2025-12-30T02:44:09Z,2085,,8.1,78.7,6.55,-5.6,100,3.27
2025-12-30T04:44:06Z,2025,,8,78.4,6.48,-5.8,100,3.22
2025-12-30T06:43:48Z,2100,,8.1,79.5,6.61,-5.5,100,3.29
2025-12-30T08:43:27Z,2115,,8.1,79.8,6.64,-4.7,100,3.49
2025-12-30T10:43:02Z,2115,,8.1,80.1,6.66,-4.2,100,3.61
2025-12-30T12:42:17Z,2115,,8,79.6,6.58,-4.4,99.7,3.55
2025-12-30T14:42:13Z,2160,,8,78.9,6.52,-5,96.2,3.28
2025-12-30T16:42:58Z,0,,7.9,78.1,6.41,-7,89.2,2.63
2025-12-30T18:42:39Z,0,,8,76.3,6.31,-8.5,82,2.17
2025-12-30T20:43:04Z,0,,8.1,75.8,6.31,-9.7,82.6,2.0
2025-12-30T22:42:27Z,0,,8.1,75.8,6.31,-10.5,84.5,1.92
2025-12-31T00:42:04Z,0,,8.2,76.1,6.37,-11.1,86.3,1.88
2025-12-31T02:42:21Z,0,,8.2,76.4,6.4,-11.3,88.1,1.89
2025-12-31T04:42:24Z,0,,8.5,77.6,6.62,-12.5,93.1,1.82
2025-12-31T06:41:44Z,0,,8.5,77.9,6.65,-12.7,96.3,1.85
2025-12-31T08:42:32Z,0,,8.6,78.4,6.74,-11.7,96.9,2.01
2025-12-31T10:42:28Z,0,,8.6,78.4,6.74,-10.3,95.3,2.2
2025-12-31T12:43:02Z,0,,8.6,78.7,6.76,-10.1,95.1,2.23
2025-12-31T14:42:43Z,0,,8.8,80.2,6.98,-12,100,2.03
2025-12-31T16:42:29Z,0,,8.8,80.7,7.02,-13.3,100,1.84
2025-12-31T18:43:12Z,0,,8.8,80.8,7.03,-13.7,100,1.78
2025-12-31T20:44:01Z,0,,8.8,80.5,7.0,-15.8,100,1.51
2025-12-31T22:43:41Z,0,,8.8,80.5,7.0,-16.6,100,1.42
2026-01-01T00:43:00Z,0,,8.8,80.3,6.99,-17,100,1.37
2026-01-01T02:43:22Z,0,,8.8,80.1,6.97,-18.2,100,1.25
2026-01-01T04:44:14Z,0,,8.8,80,6.96,-18.7,100,1.2
2026-01-01T06:43:20Z,0,,8.8,80,6.96,-18,100,1.27
2026-01-01T08:43:29Z,0,,8.8,79.8,6.94,-16.8,100,1.4
2026-01-01T10:43:45Z,0,,8.8,80.2,6.98,-12.4,100,1.97
2026-01-01T12:44:01Z,0,,9,81,7.14,-11.1,100,2.17
2026-01-01T14:43:25Z,0,,8.9,81,7.09,-11.9,100,2.05
2026-01-01T16:44:03Z,0,,8.9,80.6,7.06,-12.6,100,1.94
2026-01-01T18:44:28Z,0,,9,80.9,7.13,-11.5,100,2.11
2026-01-01T20:44:53Z,0,,9,81.6,7.19,-9.5,100,2.45
2026-01-01T22:45:17Z,0,,9.1,82.5,7.32,-8.3,100,2.68
2026-01-02T00:44:26Z,2430,,9.2,84.2,7.52,-5.7,100,3.24
2026-01-02T02:44:05Z,2370,,9,82.5,7.27,-5.7,100,3.24
2026-01-02T04:45:01Z,2280,,8.9,81.7,7.16,-5.9,100,3.2
2026-01-02T06:44:13Z,2280,,8.9,81.3,7.12,-5.6,100,3.27
2026-01-02T08:44:36Z,2280,,8.8,80.8,7.03,-5.5,100,3.29
2026-01-02T10:45:09Z,0,,8.4,79.5,6.74,-7.8,100,2.78
2026-01-02T12:44:51Z,0,,9,81.1,7.15,-8.1,100,2.72
2026-01-02T14:44:10Z,0,,9.1,82.3,7.3,-8.2,100,2.7
2026-01-02T16:43:57Z,0,,9.2,82.7,7.38,-7.9,100,2.76
2026-01-02T18:44:14Z,0,,9.2,83.2,7.43,-7.3,100,2.89
2026-01-02T20:44:24Z,2340,,9.2,83.6,7.46,-6.9,100,2.97
2026-01-02T22:44:17Z,0,,8.6,80.9,6.95,-7,100,2.95
2026-01-03T00:43:52Z,0,,9.1,81.8,7.26,-7.3,100,2.89
2026-01-03T02:43:25Z,0,,9.2,82.6,7.37,-8.6,100,2.62
2026-01-03T04:43:23Z,0,,9.2,82.4,7.36,-9,100,2.55
2026-01-03T06:42:28Z,0,,9.2,82.6,7.37,-9.3,100,2.49
2026-01-03T08:41:51Z,0,,9.2,83,7.41,-9,100,2.55
2026-01-03T10:41:21Z,0,,9.2,83.1,7.42,-8.4,100,2.66
2026-01-03T12:41:09Z,0,,9.2,82.5,7.37,-7.9,100,2.76
2026-01-03T14:41:48Z,0,,9.2,81.9,7.31,-8.9,100,2.56
2026-01-03T16:41:35Z,0,,9,80.5,7.1,-9.6,100,2.43
2026-01-03T18:41:42Z,15,,9,79.5,7.01,-10.3,99,2.29
2026-01-03T20:42:15Z,0,,9,79.3,6.99,-10.4,99.1,2.27
2026-01-03T22:42:33Z,0,,8.9,78.9,6.91,-10.9,99.1,2.19
2026-01-04T00:43:28Z,15,,8.9,78.7,6.89,-11.2,98.8,2.13
2026-01-04T02:43:01Z,0,,8.9,78.3,6.86,-11.5,99.1,2.09
2026-01-04T04:42:37Z,0,,8.8,77.6,6.75,-12,98.4,2.0
2026-01-04T06:42:50Z,0,,8.6,76.7,6.59,-13.1,97.2,1.81
2026-01-04T08:42:41Z,0,,8.5,76.2,6.5,-13.3,96,1.76
2026-01-04T10:42:18Z,0,,8.4,75.8,6.43,-13.5,95.2,1.72
2026-01-04T12:41:58Z,0,,8.3,75.1,6.33,-14.2,95.2,1.63
2026-01-04T14:42:39Z,0,,8.1,74.6,6.21,-14.4,97.3,1.64
2026-01-04T16:41:39Z,0,,8.2,75,6.28,-14.4,100,1.69
2026-01-04T18:42:18Z,0,,8,74.4,6.15,-15.5,95.5,1.48
2026-01-04T20:42:55Z,0,,8.2,74.8,6.26,-16.1,96.1,1.42
2026-01-04T22:42:31Z,0,,8.2,74.8,6.26,-16.9,96.9,1.34
2026-01-05T00:43:03Z,0,,8.2,74.8,6.26,-17.9,99.1,1.27
2026-01-05T02:43:18Z,15,,8.2,75,6.28,-18.8,100,1.19
2026-01-05T04:42:33Z,0,,8.3,75.8,6.39,-19.5,100,1.12
2026-01-05T06:41:54Z,0,,8.4,77.4,6.56,-20.1,100,1.07
2026-01-05T08:41:06Z,0,,8.4,77.9,6.61,-19.2,99,1.14
2026-01-05T10:40:39Z,0,,8.5,78.4,6.69,-17.2,99.7,1.35
2026-01-05T12:41:16Z,0,,8.6,78.7,6.76,-15.5,100,1.55
2026-01-05T14:41:43Z,0,,8.6,78.9,6.78,-16.9,100,1.38
2026-01-05T16:42:36Z,0,,8.6,79.1,6.8,-17.5,100,1.32
2026-01-05T18:41:51Z,0,,8.6,79.2,6.8,-17.9,100,1.28
2026-01-05T20:42:12Z,0,,8.6,79.1,6.8,-17.8,100,1.29
2026-01-05T22:42:07Z,0,,8.6,79.1,6.8,-18.7,100,1.2
2026-01-06T00:41:26Z,0,,8.6,79,6.79,-19,100,1.17
2026-01-06T02:41:03Z,0,,8.6,78.9,6.78,-19.2,100,1.15
2026-01-06T04:40:17Z,0,,8.6,78.9,6.78,-18.9,100,1.18
2026-01-06T06:40:31Z,0,,8.6,79,6.79,-15.5,100,1.55
2026-01-06T08:40:33Z,0,,8.7,79.2,6.85,-12,100,2.03
2026-01-06T10:39:42Z,0,,8.8,79.8,6.94,-9.2,100,2.51
2026-01-06T12:39:50Z,2190,,8.8,80.8,7.03,-6.6,100,3.04
2026-01-06T14:40:00Z,2190,,8.5,80.1,6.84,-3.7,100,3.74
2026-01-06T16:40:49Z,2310,,8.7,82.9,7.17,-3.8,100,3.72
2026-01-06T18:41:40Z,2295,,8.6,82.8,7.11,-4.1,100,3.64
2026-01-06T20:41:47Z,2310,,8.6,82.8,7.11,-4.5,100,3.54
2026-01-06T22:41:17Z,2235,,8.4,81.6,6.92,-4.7,100,3.49
2026-01-07T00:41:52Z,2220,,8.4,81,6.87,-4.1,100,3.64
2026-01-07T02:41:37Z,2235,,8.4,81,6.87,-3.9,100,3.69
2026-01-07T04:41:24Z,2145,,8.3,80.4,6.78,-5.7,100,3.24
2026-01-07T06:40:49Z,2100,,8.2,79.8,6.68,-6.4,100,3.08
2026-01-07T08:39:59Z,0,,8.2,79,6.61,-7.5,100,2.84
2026-01-07T10:39:46Z,0,,8.8,80.3,6.99,-7.3,100,2.89
2026-01-07T12:40:06Z,0,,8.8,80.5,7.0,-8.5,100,2.64
2026-01-07T14:40:27Z,0,,8.8,80.4,7.0,-10.1,100,2.34
2026-01-07T16:40:18Z,0,,8.8,79.9,6.95,-10.6,100,2.26
2026-01-07T18:40:16Z,0,,8.9,80.3,7.03,-11.7,100,2.08
2026-01-07T20:39:58Z,0,,8.8,80.3,6.99,-13.3,100,1.84
2026-01-07T22:40:38Z,0,,8.8,79.9,6.95,-13.3,100,1.84
2026-01-08T00:39:57Z,0,,8.8,79.2,6.89,-13.8,100,1.77
2026-01-08T02:40:06Z,0,,8.8,79.5,6.92,-15.4,100,1.56
2026-01-08T04:40:35Z,0,,8.7,79.4,6.87,-15.8,100,1.51
2026-01-08T06:39:46Z,0,,8.7,79.2,6.85,-15.1,100,1.6
2026-01-08T08:40:19Z,0,,8.7,79.2,6.85,-14.8,100,1.63
2026-01-08T10:41:03Z,0,,8.7,78.6,6.8,-14.7,100,1.65
2026-01-08T12:41:13Z,0,,8.7,78.4,6.78,-14.5,100,1.67
2026-01-08T14:41:17Z,0,,8.7,78.6,6.8,-15.7,100,1.52
2026-01-08T16:41:37Z,0,,8.7,78.6,6.8,-16.9,100,1.38
2026-01-08T18:42:17Z,0,,8.7,78.4,6.78,-18,100,1.27
2026-01-08T20:42:58Z,0,,8.7,78.2,6.76,-18.6,100,1.21
2026-01-08T22:42:11Z,0,,8.6,77.8,6.68,-17.6,100,1.31
2026-01-09T00:41:57Z,0,,8.5,77.3,6.6,-16.1,100,1.47
2026-01-09T02:42:22Z,0,,8.6,77.6,6.67,-14,100,1.74
2026-01-09T04:43:24Z,0,,8.6,77.9,6.69,-14.5,100,1.67
2026-01-09T06:42:29Z,0,,8.4,76.6,6.5,-15.2,100,1.58
2026-01-09T08:42:03Z,0,,8.3,76,6.4,-14.9,100,1.62
2026-01-09T10:42:45Z,0,,8.1,75.1,6.25,-14.5,100,1.67
2026-01-09T12:43:24Z,0,,8,74.5,6.16,-15,97.7,1.57
2026-01-09T14:44:05Z,0,,8.1,74.4,6.19,-15,96.1,1.55
2026-01-09T16:44:02Z,0,,7.9,74.2,6.09,-15.1,92.7,1.48
2026-01-09T18:43:58Z,0,,7.9,73.8,6.06,-15.1,90.2,1.44
2026-01-09T20:44:18Z,0,,7.7,73.4,5.95,-15,90.4,1.45
2026-01-09T22:43:37Z,0,,7.8,73.4,5.99,-14.7,91.8,1.51
2026-01-10T00:43:22Z,0,,7.5,73.2,5.86,-14.7,100,1.65
2026-01-10T02:42:59Z,0,,7.5,73.5,5.88,-14.6,100,1.66
2026-01-10T04:42:27Z,0,,7.6,73.7,5.94,-13.3,100,1.84
2026-01-10T06:42:33Z,0,,7.5,73.7,5.9,-11.5,97.1,2.05
2026-01-10T08:43:00Z,0,,7.5,73.7,5.9,-11.2,95.2,2.05
2026-01-10T10:43:39Z,0,,7.4,73.4,5.84,-10.4,99.8,2.29
2026-01-10T12:43:39Z,0,,7.6,74.2,5.98,-9.8,100,2.4
2026-01-10T14:43:38Z,0,,7.7,74.8,6.06,-9.5,99,2.43
2026-01-10T16:42:53Z,15,,7.8,75,6.12,-9.5,99.2,2.43
2026-01-10T18:42:06Z,0,,7.8,75.1,6.13,-9.1,98.2,2.48
2026-01-10T20:41:49Z,0,,7.7,75.2,6.1,-8.9,100,2.56
2026-01-10T22:41:37Z,15,,7.8,75.6,6.17,-8.4,100,2.66
2026-01-11T00:42:23Z,0,,7.9,76.1,6.25,-8.2,100,2.7
2026-01-11T02:42:41Z,0,,7.9,76.1,6.25,-8,100,2.74
2026-01-11T04:43:07Z,0,,8,76.6,6.33,-7.8,100,2.78
2026-01-11T06:42:55Z,0,,8.2,77.2,6.46,-7.7,100,2.8
2026-01-11T08:42:13Z,0,,8.3,77.7,6.55,-7.3,100,2.89
2026-01-11T10:41:43Z,0,,8.3,77.8,6.56,-7.2,100,2.91
2026-01-11T12:42:24Z,2025,,8.3,77.9,6.56,-6.9,99.2,2.95
2026-01-11T14:42:44Z,0,,7.9,77.2,6.34,-7.2,100,2.91
2026-01-11T16:42:38Z,0,,8.3,77.4,6.52,-7.3,100,2.89
2026-01-11T18:42:02Z,0,,8.3,77.6,6.54,-7.3,100,2.89
2026-01-11T20:41:31Z,0,,8.4,78,6.62,-7.4,100,2.87
2026-01-11T22:41:18Z,0,,8.4,78.3,6.64,-7.7,100,2.8
2026-01-12T00:41:51Z,0,,8.6,78.8,6.77,-8.2,100,2.7
2026-01-12T02:41:20Z,0,,8.5,78.7,6.72,-7.8,100,2.78
2026-01-12T04:41:59Z,0,,8.5,78.6,6.71,-7.2,100,2.91
2026-01-12T06:42:22Z,0,,8.5,78.7,6.72,-7.6,100,2.82
2026-01-12T08:42:23Z,0,,8.6,78.9,6.78,-8.6,100,2.62
2026-01-12T10:42:28Z,0,,8.6,78.5,6.74,-8,100,2.74
2026-01-12T12:42:17Z,0,,8.7,79.3,6.86,-7.1,100,2.93
2026-01-12T14:43:03Z,0,,8.7,79.1,6.84,-8.5,100,2.64
2026-01-12T16:43:51Z,0,,8.6,78.6,6.75,-7.8,100,2.78
2026-01-12T18:43:12Z,0,,8.7,79.1,6.84,-7.2,100,2.91
2026-01-12T20:43:12Z,2160,,8.8,79.9,6.95,-6.6,100,3.04
2026-01-12T22:43:53Z,2085,,8.2,79,6.61,-5.9,100,3.2
2026-01-13T00:43:43Z,2070,,8.2,78.6,6.58,-5.8,100,3.22
2026-01-13T02:43:21Z,2070,,8.2,78.5,6.57,-5.7,100,3.24
2026-01-13T04:43:36Z,2100,,8.3,78.8,6.64,-5.7,100,3.24
2026-01-13T06:42:50Z,2100,,8.3,78.8,6.64,-6,100,3.17
2026-01-13T08:42:05Z,2025,,8.2,78.3,6.56,-6.4,100,3.08
2026-01-13T10:42:50Z,1995,,8.1,77.6,6.46,-6.8,100,2.99
2026-01-13T12:42:34Z,0,,8.1,77.2,6.42,-7.1,100,2.93
2026-01-13T14:42:30Z,0,,8.6,79,6.79,-7.5,100,2.84
2026-01-13T16:43:24Z,0,,8.7,80,6.92,-7.6,100,2.82
2026-01-13T18:44:01Z,0,,8.8,81,7.05,-7.6,100,2.82
2026-01-13T20:44:16Z,0,,8.8,81.4,7.08,-7.3,100,2.89
2026-01-13T22:44:04Z,2205,,8.9,82,7.18,-6.8,100,2.99
2026-01-14T00:43:53Z,2070,,8.2,79.3,6.64,-6.4,100,3.08
2026-01-14T02:43:42Z,2085,,8.3,79.1,6.67,-5.9,100,3.2
2026-01-14T04:43:23Z,2070,,8.3,78.7,6.63,-5.9,100,3.2
2026-01-14T06:43:38Z,2085,,8.3,79,6.66,-5.9,100,3.2
2026-01-14T08:43:54Z,2100,,8.3,79.3,6.68,-6.1,100,3.15
2026-01-14T12:44:35Z,2100,,8.2,79.4,6.65,-5.5,100,3.29
2026-01-14T14:45:18Z,2115,,8.3,79.6,6.71,-5.2,100,3.36
2026-01-14T16:44:45Z,2115,,8.2,79.2,6.63,-4.8,100,3.46
2026-01-14T18:44:29Z,2190,,8.2,78.9,6.61,-4.9,97.1,3.34
2026-01-14T20:44:45Z,2190,,8.4,79.9,6.78,-5.9,98.6,3.15
2026-01-14T22:44:16Z,2070,,8.4,79.9,6.78,-6.9,100,2.97
2026-01-15T00:44:01Z,0,,8.5,80,6.83,-7.3,100,2.89
2026-01-15T02:44:25Z,0,,8.8,79.3,6.9,-7.3,99.9,2.88
2026-01-15T04:44:42Z,2160,,8.9,79.8,6.99,-6.8,100,2.99
2026-01-15T06:44:52Z,0,,8.4,80.7,6.84,-7.2,100,2.91
2026-01-15T08:45:21Z,0,,8.9,82.4,7.22,-7.1,100,2.93
2026-01-15T10:46:13Z,2295,,8.9,83.7,7.33,-6.9,100,2.97
2026-01-15T12:46:15Z,2160,,8.3,81.1,6.83,-6.1,100,3.15
2026-01-15T14:46:39Z,2145,,8.3,80.1,6.75,-5.7,100,3.24
2026-01-15T16:46:21Z,2145,,8.3,80,6.74,-4.9,100,3.44
2026-01-15T18:45:42Z,2145,,8.2,80,6.7,-4.1,100,3.64
2026-01-15T20:45:36Z,2145,,8.2,80.2,6.72,-3.5,100,3.8
2026-01-15T22:45:02Z,2145,,8.3,80.6,6.79,-3,100,3.93
2026-01-16T00:45:36Z,2145,,8.3,80.9,6.82,-2.7,100,4.02
2026-01-16T02:46:17Z,2145,,8.3,81.2,6.84,-2.5,100,4.07
2026-01-16T04:46:40Z,2145,,8.3,81.4,6.86,-2.3,100,4.13
2026-01-16T06:47:14Z,2130,,8.3,81.6,6.88,-2.2,100,4.16
2026-01-16T08:46:41Z,2145,,8.3,81.8,6.89,-2,100,4.22
2026-01-16T10:46:36Z,2145,,8.3,82.1,6.92,-1.6,100,4.34
2026-01-16T12:47:12Z,2175,,8.4,82,6.95,-2,100,4.22
2026-01-16T14:46:21Z,2190,,8.3,81.5,6.87,-3.3,100,3.85
2026-01-16T16:47:04Z,2190,,8.3,81.1,6.83,-3.5,100,3.8
2026-01-16T18:46:32Z,2175,,8.3,81,6.83,-3.3,100,3.85
2026-01-16T20:46:53Z,2175,,8.3,80.9,6.82,-4.7,100,3.49
2026-01-16T22:47:21Z,2175,,8.3,80.5,6.78,-4.5,100,3.54
2026-01-17T00:48:04Z,2145,,8.3,80.3,6.77,-5.3,100,3.34
2026-01-17T02:47:19Z,2145,,8.3,80.1,6.75,-5.8,100,3.22
2026-01-17T04:47:06Z,2130,,8.2,79.8,6.68,-5.5,100,3.29
2026-01-17T06:46:38Z,2145,,8.2,80.3,6.72,-4.7,100,3.49
2026-01-17T08:47:17Z,2190,,8.3,81.2,6.84,-4,100,3.66
2026-01-17T10:46:36Z,2190,,8.3,81.7,6.88,-3.4,100,3.82
2026-01-17T12:45:48Z,2220,,8.4,82.3,6.98,-3.1,100,3.91
2026-01-17T14:45:25Z,2220,,8.4,82.9,7.03,-2.7,100,4.02
2026-01-17T16:44:44Z,2220,,8.4,83.3,7.07,-2.4,100,4.1
2026-01-17T18:45:22Z,2220,,8.4,83.5,7.08,-1.9,100,4.25
2026-01-17T20:45:42Z,2205,,8.4,84,7.12,-1.3,100,4.43
2026-01-17T22:46:14Z,2220,,8.4,84.3,7.15,-1.1,100,4.49
2026-01-18T02:47:02Z,2175,,8.4,84.7,7.18,-0.6,100,4.65
2026-01-18T04:47:07Z,2175,,8.4,85,7.21,-0.5,100,4.69
2026-01-18T06:47:25Z,2175,,8.4,84.9,7.2,-0.5,100,4.69
2026-01-18T08:46:58Z,2160,,8.4,85,7.21,-0.3,100,4.75
2026-01-18T10:46:36Z,2190,,8.4,85.1,7.22,-0.3,100,4.75
2026-01-18T12:46:19Z,2175,,8.4,85,7.21,-0.3,100,4.75
2026-01-18T14:46:50Z,2190,,8.4,85,7.21,-0.5,100,4.69
2026-01-18T16:47:20Z,2190,,8.4,84.9,7.2,-0.6,100,4.65
2026-01-18T18:47:58Z,2175,,8.4,84.9,7.2,-0.6,100,4.65
2026-01-18T20:48:18Z,2175,,8.4,84.8,7.19,-0.6,100,4.65
2026-01-18T22:48:19Z,2190,,8.4,84.8,7.19,-0.6,100,4.65
2026-01-19T00:47:43Z,2205,,8.4,85,7.21,-0.7,100,4.62
2026-01-19T02:48:03Z,2190,,8.4,84.9,7.2,-0.6,100,4.65
2026-01-19T04:47:53Z,2205,,8.4,85,7.21,-0.8,100,4.59
2026-01-19T06:47:25Z,2220,,8.4,85,7.21,-1,100,4.53
2026-01-19T08:47:06Z,2220,,8.4,84.7,7.18,-1,100,4.53
2026-01-19T10:47:04Z,2220,,8.4,84.4,7.16,-1.1,100,4.49
2026-01-19T12:47:04Z,2220,,8.4,84.2,7.14,-1.5,100,4.37
2026-01-19T16:47:04Z,2220,,8.3,83.7,7.05,-2.4,100,4.1
2026-01-19T18:46:54Z,2205,,8.3,83.5,7.04,-2.7,100,4.02
2026-01-19T20:46:41Z,2220,,8.3,83.2,7.01,-2.8,100,3.99
2026-01-19T22:46:03Z,2220,,8.3,83.2,7.01,-3,100,3.93
2026-01-20T00:46:50Z,2220,,8.3,83,6.99,-3.6,100,3.77
2026-01-20T02:46:33Z,2220,,8.2,82.4,6.9,-4,100,3.66
2026-01-20T04:46:12Z,2175,,8.1,81.7,6.8,-4.3,100,3.59
2026-01-20T06:46:07Z,2160,,8.1,81,6.74,-4.6,100,3.51
2026-01-20T08:45:49Z,2145,,8.1,80.6,6.71,-4.5,100,3.54
2026-01-20T10:45:10Z,2145,,8.1,80.3,6.68,-4.4,100,3.56
2026-01-20T12:44:53Z,2115,,8.1,80.2,6.67,-4.4,100,3.56
2026-01-20T14:45:43Z,2130,,8,80,6.61,-4.8,100,3.46
2026-01-20T16:45:54Z,2115,,8,80.1,6.62,-4.9,100,3.44
2026-01-20T18:45:06Z,2130,,8,80,6.61,-4.7,100,3.49
2026-01-20T20:45:34Z,2115,,8,80.1,6.62,-4.5,100,3.54
2026-01-20T22:45:54Z,2130,,8,80.2,6.63,-4,100,3.66
2026-01-21T00:45:19Z,2115,,8.1,81.1,6.75,-2.9,100,3.96
2026-01-21T02:45:13Z,2145,,8.2,81.7,6.84,-2.6,100,4.05
2026-01-21T04:44:38Z,2145,,8.1,81.6,6.79,-2.9,100,3.96
2026-01-21T06:43:51Z,2145,,8.1,81.3,6.76,-3.4,100,3.82
2026-01-21T08:44:36Z,2145,,8.1,81.1,6.75,-3.8,100,3.72
2026-01-21T10:44:41Z,2145,,8.1,80.8,6.72,-4,100,3.66
2026-01-21T12:44:37Z,2145,,8.1,80.7,6.71,-4,100,3.66
2026-01-21T14:43:59Z,2145,,8.1,80.6,6.71,-4.1,100,3.64
2026-01-21T16:43:49Z,2145,,8.2,81,6.78,-4.4,100,3.56
2026-01-21T18:43:03Z,2145,,8.1,80.8,6.72,-4.5,100,3.54
2026-01-21T20:43:17Z,2145,,8.1,80.5,6.7,-4.8,100,3.46
2026-01-21T22:42:40Z,2130,,8.1,80,6.66,-4.8,100,3.46
2026-01-22T00:43:27Z,2130,,8.1,79.8,6.64,-5,100,3.41
2026-01-22T02:44:11Z,2115,,8.2,80.2,6.72,-5.5,100,3.29
2026-01-22T04:44:10Z,2100,,8.1,79.6,6.62,-5.8,100,3.22
2026-01-22T06:44:27Z,2100,,8.1,79.6,6.62,-5.9,100,3.2
2026-01-22T08:44:48Z,2100,,8.1,79.6,6.62,-6,100,3.17
2026-01-22T10:45:08Z,2040,,8,78.8,6.51,-6,100,3.17
2026-01-22T12:44:49Z,1995,,8,78.6,6.5,-6.6,100,3.04
2026-01-22T14:45:20Z,0,,8,78.2,6.46,-7.2,100,2.91
2026-01-22T16:45:31Z,0,,8.5,80.2,6.85,-7.6,100,2.82
2026-01-22T18:45:13Z,0,,8.6,80.9,6.95,-7.8,100,2.78
2026-01-22T20:44:57Z,0,,8.7,81.5,7.05,-8,100,2.74
2026-01-22T22:45:44Z,0,,8.7,82.1,7.1,-8.4,100,2.66
2026-01-23T00:46:28Z,0,,8.7,81.7,7.06,-8.6,100,2.62
2026-01-23T02:45:59Z,0,,8.7,81.5,7.05,-8.9,100,2.56
2026-01-23T04:46:22Z,0,,8.7,81.6,7.06,-9.3,100,2.49
2026-01-23T06:45:52Z,0,,8.7,81.4,7.04,-9.4,100,2.47
2026-01-23T08:45:15Z,0,,8.7,81.1,7.01,-9.5,100,2.45
2026-01-23T10:46:01Z,0,,8.7,81,7.0,-9.4,100,2.47
2026-01-23T12:46:46Z,0,,8.7,80.7,6.98,-9.1,100,2.53
2026-01-23T14:46:10Z,0,,8.7,80.1,6.93,-9.4,100,2.47
2026-01-23T16:46:33Z,0,,8.7,80.2,6.93,-9.6,100,2.43
2026-01-23T18:47:06Z,0,,8.8,80.8,7.03,-9.7,100,2.42
2026-01-23T20:47:38Z,0,,8.8,81.3,7.07,-10,100,2.36
2026-01-23T22:47:45Z,0,,8.7,79.7,6.89,-10.3,100,2.31
2026-01-24T00:46:56Z,0,,8.7,79.4,6.87,-10.8,100,2.22
2026-01-24T02:46:59Z,0,,8.7,79.2,6.85,-10.7,100,2.24
2026-01-24T04:47:33Z,0,,8.7,78.9,6.82,-10.6,100,2.26
2026-01-24T06:47:59Z,0,,8.7,79.1,6.84,-10.3,100,2.31
2026-01-24T08:48:14Z,0,,8.7,79.1,6.84,-9.5,100,2.45
2026-01-24T10:48:46Z,0,,8.7,79.5,6.87,-8.4,100,2.66
2026-01-24T12:49:21Z,0,,8.8,80,6.96,-7.8,100,2.78
2026-01-24T14:48:47Z,0,,8.8,81.4,7.08,-8.5,100,2.64
2026-01-24T16:48:29Z,0,,8.8,80.8,7.03,-8.7,100,2.6
2026-01-24T18:47:51Z,0,,8.8,81,7.05,-8.8,100,2.58
2026-01-24T20:47:12Z,0,,8.9,81.3,7.12,-8.9,100,2.56
2026-01-24T22:46:55Z,0,,8.9,81.7,7.16,-8.9,100,2.56
2026-01-25T00:46:41Z,0,,8.9,82.1,7.19,-9.1,100,2.53
2026-01-25T02:46:28Z,0,,8.9,82.1,7.19,-9.4,100,2.47
2026-01-25T04:45:34Z,0,,8.9,82.3,7.21,-9.3,100,2.49
2026-01-25T06:45:23Z,0,,8.9,82.5,7.23,-9.1,100,2.53
2026-01-25T08:45:16Z,0,,9,82.6,7.28,-8.4,100,2.66
2026-01-25T10:45:22Z,0,,9,82.7,7.29,-8.2,100,2.7
2026-01-25T12:46:07Z,0,,9,82.8,7.3,-7.9,100,2.76
2026-01-25T14:46:23Z,0,,9,82.9,7.31,-8.2,100,2.7
2026-01-25T16:47:10Z,0,,8.9,81.8,7.16,-9.7,100,2.42
2026-01-25T18:47:10Z,0,,8.9,81.5,7.14,-9.3,100,2.49
2026-01-25T20:47:12Z,0,,8.9,81,7.09,-8.6,100,2.62
2026-01-25T22:47:32Z,0,,8.9,81.1,7.1,-8.3,100,2.68
2026-01-26T00:47:29Z,0,,8.9,81.1,7.1,-8,100,2.74
2026-01-26T02:48:19Z,0,,8.9,80.8,7.08,-8.1,100,2.72
2026-01-26T04:47:49Z,0,,8.9,80.8,7.08,-8.1,100,2.72
2026-01-26T06:47:14Z,0,,8.8,80,6.96,-8.4,100,2.66
2026-01-26T08:48:06Z,0,,8.8,79.6,6.93,-8.1,100,2.72
2026-01-26T10:47:27Z,0,,8.7,78.7,6.8,-7.8,100,2.78
2026-01-26T12:47:35Z,0,,8.7,78.4,6.78,-8.2,100,2.7
2026-01-26T14:48:14Z,0,,8.8,79.6,6.93,-8.8,100,2.58
2026-01-26T16:48:41Z,0,,8.8,79.9,6.95,-10.4,100,2.29
2026-01-26T18:48:56Z,0,,8.4,77.5,6.57,-8.4,100,2.66
2026-01-26T20:48:21Z,0,,8.4,76.7,6.51,-8.1,100,2.72
2026-01-26T22:48:11Z,0,,8.3,76.4,6.44,-8,100,2.74
2026-01-27T00:48:05Z,0,,8.3,76.2,6.42,-7.7,100,2.8
2026-01-27T02:48:18Z,0,,8.4,76.5,6.49,-7.7,100,2.8
2026-01-27T04:48:15Z,0,,8.6,77.7,6.68,-7.9,100,2.76
2026-01-27T06:48:31Z,0,,8.7,78.4,6.78,-8.1,100,2.72
2026-01-27T08:48:05Z,0,,8.7,78.5,6.79,-7.9,100,2.76
2026-01-27T10:47:38Z,0,,8.8,79.5,6.92,-7.7,100,2.8
2026-01-27T12:46:55Z,0,,8.8,79.2,6.89,-8.2,100,2.7
2026-01-27T14:47:05Z,0,,8.8,79.5,6.92,-8.9,100,2.56
2026-01-27T16:47:24Z,0,,8.7,78.9,6.82,-9.7,100,2.42
2026-01-27T18:47:52Z,0,,8.8,79,6.87,-10.4,100,2.29
2026-01-27T20:48:28Z,0,,8.6,78.1,6.71,-11.1,100,2.17
2026-01-27T22:48:03Z,0,,8.6,77.4,6.65,-12.2,100,2.0
2026-01-28T00:48:03Z,0,,8.6,77.4,6.65,-12.7,100,1.92
2026-01-28T02:47:35Z,0,,8.6,77.4,6.65,-13.1,100,1.87
2026-01-28T04:47:02Z,0,,8.7,77.8,6.73,-13.2,100,1.85
2026-01-28T06:47:26Z,0,,8.7,78,6.74,-13.2,100,1.85
2026-01-28T08:48:04Z,0,,8.7,78.3,6.77,-12.1,100,2.01
2026-01-28T10:47:43Z,0,,8.8,79,6.87,-10.8,100,2.22
2026-01-28T12:47:30Z,0,,8.8,79.6,6.93,-10.3,100,2.31
2026-01-28T14:47:03Z,0,,8.8,79.7,6.94,-10.3,100,2.31
2026-01-28T16:47:40Z,0,,8.8,79.7,6.94,-10.3,100,2.31
2026-01-28T18:48:01Z,0,,8.9,80.7,7.07,-10.2,100,2.33
2026-01-28T20:47:29Z,0,,8.9,80.5,7.05,-10.2,100,2.33
2026-01-28T22:47:39Z,0,,8.9,79.7,6.98,-10.5,100,2.27
2026-01-29T00:48:28Z,0,,8.8,79.1,6.88,-12.2,100,2.0
2026-01-29T02:48:27Z,0,,8.8,78.5,6.83,-13.3,100,1.84
2026-01-29T04:48:06Z,0,,8.7,78.2,6.76,-14.5,100,1.67
2026-01-29T06:48:48Z,0,,8.7,77.9,6.74,-15.1,100,1.6
2026-01-29T08:48:34Z,0,,8.7,77.6,6.71,-13.9,100,1.75
2026-01-29T10:48:47Z,0,,8.6,77,6.62,-12.7,100,1.92
2026-01-29T12:48:31Z,0,,8.6,77.3,6.64,-11.8,100,2.06
2026-01-29T14:48:36Z,0,,8.6,77.7,6.68,-12.6,100,1.94
2026-01-29T16:49:20Z,0,,8.6,77.4,6.65,-14.1,100,1.73
2026-01-29T18:48:39Z,0,,8.6,77.3,6.64,-15.9,100,1.5
2026-01-29T20:48:21Z,0,,8.6,77,6.62,-17,100,1.37
2026-01-29T22:48:48Z,0,,8.6,76.8,6.6,-17.6,100,1.31
2026-01-30T00:49:35Z,0,,8.5,76.8,6.56,-18.4,100,1.23
2026-01-30T02:49:45Z,0,,8.5,77.1,6.58,-19.3,100,1.14
2026-01-30T04:48:59Z,0,,8.4,77.3,6.56,-20,100,1.08
2026-01-30T08:49:48Z,0,,8.4,76.8,6.51,-16,97.4,1.45
2026-01-30T10:50:30Z,0,,8.3,75.8,6.39,-14.3,100,1.7
2026-01-30T12:51:02Z,0,,8.3,75.9,6.4,-12.7,100,1.92
2026-01-30T14:50:39Z,0,,8.4,77,6.53,-14,100,1.74
2026-01-30T16:50:39Z,0,,8.5,77.5,6.62,-16.2,100,1.46
2026-01-30T18:51:14Z,0,,8.5,77.9,6.65,-16.8,100,1.4
2026-01-30T20:50:42Z,0,,8.4,77.8,6.6,-18,100,1.27
2026-01-30T22:50:52Z,0,,8.4,77.5,6.57,-18.4,100,1.23
2026-01-31T00:50:31Z,0,,8.4,76.7,6.51,-19,100,1.17
2026-01-31T02:50:15Z,0,,8.2,75.6,6.33,-19.5,100,1.12
2026-01-31T04:50:17Z,0,,8.2,75.9,6.36,-20.2,100,1.06
2026-01-31T06:51:09Z,0,,8.2,76,6.36,-20.4,100,1.04
2026-01-31T08:50:18Z,0,,8.2,75.3,6.3,-16.9,97.4,1.35
2026-01-31T10:49:54Z,0,,8.3,76.3,6.43,-16.2,100,1.46
2026-01-31T12:50:39Z,0,,8.4,76.7,6.51,-15,100,1.61
2026-01-31T14:50:36Z,0,,8.5,77.5,6.62,-15.4,100,1.56
2026-01-31T16:50:20Z,0,,8.4,77.1,6.54,-16.4,100,1.44
2026-01-31T18:49:54Z,0,,8.4,77.6,6.58,-17.7,100,1.3
2026-01-31T20:50:20Z,0,,8.4,77.7,6.59,-19,100,1.17
2026-01-31T22:50:18Z,0,,8.3,77.4,6.52,-19.9,100,1.09
2026-02-01T00:49:14Z,15,,8.2,76.3,6.39,-20.3,100,1.05
2026-02-01T02:49:14Z,0,,8.1,75.3,6.26,-20,100,1.08
2026-02-01T04:49:01Z,0,,8.1,75.6,6.29,-20.5,100,1.03
2026-02-01T06:49:31Z,0,,8.1,75,6.24,-19.7,100,1.1
2026-02-01T08:49:41Z,0,,8.2,75.9,6.36,-17.4,100,1.33
2026-02-01T10:49:25Z,0,,8.2,76.4,6.4,-16.4,100,1.44
2026-02-01T12:49:17Z,0,,8.3,76.9,6.48,-15.9,100,1.5
2026-02-01T14:48:51Z,0,,8.4,77.3,6.56,-16.9,100,1.38
2026-02-01T16:48:23Z,0,,8.3,77.3,6.51,-18.5,100,1.22
2026-02-01T18:47:56Z,0,,8.3,77.4,6.52,-20.1,100,1.07
2026-02-01T20:47:53Z,0,,8.2,76.9,6.44,-20.7,100,1.02
2026-02-01T22:47:11Z,0,,8,75.2,6.22,-21.2,100,0.97
2026-02-02T00:47:40Z,0,,8.1,75.5,6.28,-21.4,100,0.96
2026-02-02T02:47:34Z,0,,8.1,75.7,6.3,-21.5,98.4,0.94
2026-02-02T04:47:30Z,0,,8,74.8,6.18,-20.9,97.3,0.97
2026-02-02T06:48:16Z,0,,7.8,74.4,6.07,-20.3,96.3,1.01
2026-02-02T08:49:02Z,0,,7.4,72.5,5.76,-15.9,82.3,1.23
2026-02-02T10:49:42Z,0,,7.3,72,5.69,-14.3,82.7,1.41
2026-02-02T12:49:48Z,0,,7.3,71.5,5.65,-13.4,79.7,1.45
2026-02-02T14:50:14Z,0,,7.3,71.4,5.64,-13.7,82.6,1.47
2026-02-02T16:50:26Z,0,,7.1,71.2,5.55,-14.8,84.7,1.38
2026-02-02T18:50:32Z,15,,7.1,71,5.54,-15.2,83.4,1.32
2026-02-02T20:50:32Z,0,,7,70.7,5.48,-15.4,82.6,1.29
2026-02-02T22:50:13Z,0,,7.3,71.3,5.63,-16,89.1,1.32
2026-02-03T00:50:18Z,0,,7.3,71.6,5.66,-16.5,94.8,1.35
2026-02-03T02:50:30Z,0,,7.3,71.7,5.66,-16.8,97.2,1.36
2026-02-03T04:51:06Z,0,,7.4,72.5,5.76,-17.2,100,1.35
2026-02-03T06:50:34Z,0,,7.6,73.9,5.95,-18.1,100,1.26
2026-02-03T08:49:54Z,0,,7.6,73.7,5.94,-13.8,89.5,1.58
2026-02-03T10:49:22Z,0,,7.5,73.5,5.88,-13.1,94.6,1.76
2026-02-03T16:47:32Z,0,,8,77.3,6.39,-14.5,99.2,1.66
2026-02-03T18:47:42Z,0,,8,77.8,6.43,-16,99.8,1.48
2026-02-03T20:47:38Z,0,,8,77.9,6.44,-16.8,100,1.4
2026-02-03T22:48:25Z,0,,8.1,78,6.49,-16.4,100,1.44
2026-02-04T00:48:49Z,0,,8.1,78.3,6.51,-15.3,100,1.57
2026-02-04T02:47:55Z,0,,8.1,77.9,6.48,-15.5,100,1.55
2026-02-04T04:47:46Z,0,,8.1,78.1,6.5,-17.4,100,1.33
2026-02-04T06:47:31Z,0,,7.9,76.1,6.25,-16.9,100,1.38
2026-02-04T08:47:07Z,0,,7.8,75.3,6.14,-15.6,100,1.53
2026-02-04T10:47:05Z,0,,7.8,75.3,6.14,-13.4,100,1.82
2026-02-04T12:47:09Z,0,,7.9,76.1,6.25,-11.9,100,2.05
2026-02-04T14:47:30Z,0,,8.1,77.2,6.42,-11.6,100,2.09
2026-02-04T16:47:01Z,0,,8.2,78.3,6.56,-11.4,100,2.12
2026-02-04T18:46:42Z,0,,8.2,78.7,6.59,-11.3,100,2.14
2026-02-04T20:46:48Z,0,,8.3,79.7,6.72,-11.3,100,2.14
2026-02-04T22:47:08Z,0,,8.4,79.6,6.75,-11.3,100,2.14
2026-02-05T00:47:47Z,0,,8.4,79.5,6.74,-11.4,100,2.12
2026-02-05T02:47:28Z,0,,8.4,79.9,6.78,-11.4,100,2.12
2026-02-05T04:48:06Z,0,,8.4,79.9,6.78,-11.4,100,2.12
2026-02-05T06:48:29Z,0,,8.5,80.2,6.85,-11.6,100,2.09
2026-02-05T08:47:59Z,0,,8.5,81.1,6.92,-9.1,96.1,2.43
2026-02-05T10:48:49Z,0,,8.6,81.7,7.02,-11.1,94.7,2.06
2026-02-05T12:48:17Z,0,,8.6,82.2,7.06,-10.7,96.3,2.16
2026-02-05T14:48:35Z,0,,8.5,80.4,6.86,-12.5,100,1.95
2026-02-05T16:49:02Z,0,,8.5,79.7,6.8,-14.3,100,1.7
2026-02-05T18:48:56Z,0,,8.4,79,6.7,-15.1,100,1.6
2026-02-05T20:48:24Z,0,,8.5,79.4,6.78,-14.6,100,1.66
2026-02-05T22:48:02Z,0,,8.5,79.9,6.82,-15,100,1.61
2026-02-06T00:48:51Z,0,,8.4,78.7,6.67,-16.5,100,1.43
2026-02-06T02:48:56Z,0,,8.3,77.5,6.53,-18.3,100,1.24
2026-02-06T04:48:19Z,0,,8.2,76.5,6.41,-19.5,100,1.12
2026-02-06T06:48:17Z,0,,8.1,76,6.32,-19.1,100,1.16
2026-02-06T08:49:02Z,0,,8.2,76.3,6.39,-16.5,100,1.43
2026-02-06T10:49:27Z,0,,8.2,76.8,6.43,-14,100,1.74
2026-02-06T12:49:43Z,0,,8.2,76.8,6.43,-12.8,100,1.91
2026-02-06T14:49:00Z,0,,8.2,76.1,6.37,-12.8,98.9,1.89
2026-02-06T16:49:29Z,0,,8.3,76.9,6.48,-14.4,100,1.69
2026-02-06T18:49:03Z,0,,8.2,76.5,6.41,-15.5,100,1.55
2026-02-06T20:48:51Z,0,,8.2,76.4,6.4,-16.7,100,1.41
2026-02-06T22:48:21Z,15,,8.1,75.6,6.29,-17.8,100,1.29
2026-02-07T00:47:41Z,0,,7.9,74.4,6.11,-18.6,100,1.21
2026-02-07T02:47:02Z,0,,7.9,74.6,6.13,-19.1,100,1.16
2026-02-07T04:47:30Z,0,,8,76.3,6.31,-20.8,100,1.01
2026-02-07T06:47:49Z,0,,8.1,76.7,6.38,-20.3,100,1.05
2026-02-07T08:47:43Z,0,,7.9,75.1,6.17,-15,89.3,1.44
2026-02-07T10:47:04Z,0,,7.6,74,5.96,-14.5,96,1.61
2026-02-07T12:47:28Z,0,,7.7,73.7,5.98,-12.5,96.2,1.88
2026-02-07T14:46:56Z,0,,8,74.7,6.17,-11.6,100,2.09
2026-02-07T16:47:36Z,15,,8,75.9,6.27,-11.9,100,2.05
2026-02-07T18:47:08Z,0,,8.1,76.1,6.33,-12,100,2.03
2026-02-07T20:47:26Z,0,,8.2,77,6.45,-11.4,100,2.12
2026-02-07T22:47:55Z,0,,8.3,79,6.66,-10.7,100,2.24
2026-02-08T00:48:35Z,0,,8.4,79.4,6.73,-10.5,100,2.27
2026-02-08T02:48:07Z,0,,8.3,78.8,6.64,-11,100,2.19
2026-02-08T04:48:33Z,0,,8.2,77.5,6.49,-12.3,100,1.98
2026-02-08T06:47:58Z,0,,8.2,77,6.45,-13.5,100,1.81
2026-02-08T08:47:48Z,0,,8.3,78.2,6.59,-8.3,95.1,2.55
2026-02-08T10:47:54Z,0,,8.4,79,6.7,-10.4,97.5,2.23
2026-02-08T12:48:43Z,0,,8.5,79.8,6.81,-9.8,95.8,2.3
2026-02-08T14:49:03Z,0,,8.5,79.6,6.79,-10.2,98.7,2.3
2026-02-08T16:48:24Z,0,,8.4,79.3,6.73,-13.1,100,1.87
2026-02-08T18:47:47Z,0,,8.4,78.8,6.68,-15,100,1.61
2026-02-08T20:47:41Z,0,,8.3,78.7,6.63,-15,100,1.61
2026-02-08T22:48:21Z,0,,8.4,79.8,6.77,-13.8,100,1.77
2026-02-09T00:47:34Z,0,,8.6,80.9,6.95,-11.8,100,2.06
2026-02-09T02:48:08Z,0,,8.6,82.2,7.06,-9.7,100,2.42
2026-02-09T04:48:05Z,0,,8.7,83.5,7.22,-7.9,100,2.76
2026-02-09T06:48:29Z,2280,,8.8,84.7,7.37,-6.9,100,2.97
2026-02-09T08:49:06Z,2190,,8.1,80.3,6.68,-5.2,98.3,3.3
2026-02-09T10:49:20Z,2295,,8.1,79.3,6.6,-4.6,92.3,3.24
2026-02-09T12:48:50Z,2310,,8,78.3,6.47,-4.3,90.7,3.25
2026-02-09T14:48:11Z,2100,,7.9,77.3,6.35,-5.9,95.5,3.05
2026-02-09T16:48:17Z,0,,7.9,77,6.32,-7.3,99.2,2.86
2026-02-09T18:49:01Z,0,,8.5,79,6.74,-7.2,100,2.91
2026-02-09T20:48:56Z,0,,8.6,81,6.96,-7,100,2.95
2026-02-09T22:48:13Z,0,,8.7,82.8,7.16,-7.1,100,2.93
2026-02-10T00:48:37Z,0,,8.8,84,7.31,-7.2,100,2.91
2026-02-10T02:47:52Z,0,,8.8,84,7.31,-7.2,100,2.91
2026-02-10T04:48:02Z,0,,8.8,83.8,7.29,-7.1,100,2.93
2026-02-10T06:47:20Z,0,,8.8,83.5,7.27,-7,100,2.95
2026-02-10T10:46:44Z,2145,,8.2,80.3,6.72,-4.8,100,3.46
2026-02-10T12:45:53Z,2205,,8.1,79,6.57,-4.1,95.4,3.47
2026-02-10T14:46:34Z,2070,,8,78,6.45,-5,99.2,3.38
2026-02-10T16:46:49Z,2040,,8,77.5,6.41,-5.4,100,3.31
2026-02-10T18:47:00Z,2040,,8,77.5,6.41,-5.2,100,3.36
2026-02-10T20:47:02Z,2070,,8.1,78.7,6.55,-4.7,100,3.49
2026-02-10T22:47:20Z,2085,,8.1,79.1,6.58,-4.7,100,3.49
2026-02-11T00:47:19Z,2070,,8,79.1,6.54,-4.6,100,3.51
2026-02-11T02:46:27Z,2070,,8,79.1,6.54,-4.6,100,3.51
2026-02-11T04:46:16Z,2040,,7.9,78.5,6.45,-5.1,100,3.39
2026-02-11T06:45:52Z,2055,,8,78.4,6.48,-4.9,100,3.44
2026-02-11T08:46:30Z,2070,,8,78.7,6.51,-4.1,100,3.64
2026-02-11T10:46:36Z,2085,,8.1,79.5,6.61,-4.1,100,3.64
2026-02-11T12:47:04Z,2085,,8,79.5,6.57,-4.4,100,3.56
2026-02-11T14:47:30Z,2115,,8.1,79.6,6.62,-4.6,100,3.51
2026-02-11T16:48:15Z,2115,,8,79.5,6.57,-5,100,3.41
2026-02-11T18:48:58Z,2085,,8,79,6.53,-5.2,100,3.36
2026-02-11T20:48:13Z,2025,,7.9,78.6,6.46,-5.7,100,3.24
2026-02-11T22:48:12Z,2010,,7.9,78,6.41,-5.8,100,3.22
2026-02-12T00:47:29Z,2010,,8,78.3,6.47,-5.9,100,3.2
2026-02-12T02:46:46Z,1965,,7.9,78.1,6.41,-6.9,100,2.97
2026-02-12T04:46:21Z,0,,7.9,77.9,6.4,-7.9,100,2.76
2026-02-12T06:46:31Z,0,,8.3,78.9,6.65,-8.9,100,2.56
2026-02-12T08:46:31Z,0,,8.4,79.1,6.71,-8.6,100,2.62
2026-02-12T10:46:45Z,0,,8.3,78.1,6.58,-8.2,98.3,2.66
2026-02-12T12:46:30Z,0,,8.3,78.1,6.58,-8.2,100,2.7
2026-02-12T14:45:56Z,0,,8.4,78.1,6.62,-8.9,100,2.56
2026-02-12T16:46:41Z,0,,8.2,77.1,6.46,-9.8,100,2.4
2026-02-12T18:47:17Z,0,,8.3,77.5,6.53,-10.4,100,2.29
2026-02-12T20:46:43Z,0,,8.3,77.5,6.53,-11.3,100,2.14
2026-02-12T22:46:22Z,0,,8.2,76.7,6.42,-12.7,100,1.92
2026-02-13T00:45:54Z,0,,8.2,76.3,6.39,-13.7,100,1.78
2026-02-13T02:46:12Z,0,,8.2,76.2,6.38,-13.9,100,1.75
2026-02-13T04:45:56Z,0,,8.2,76.1,6.37,-16,100,1.49
2026-02-13T06:45:52Z,0,,8.1,75.5,6.28,-17.2,100,1.35
2026-02-13T08:46:43Z,0,,8.1,75.6,6.29,-11.9,87.7,1.79
2026-02-13T10:46:33Z,0,,8.2,76,6.36,-12.8,96.9,1.85
2026-02-13T12:47:02Z,0,,8.3,77.1,6.5,-11.9,97.3,1.99
2026-02-13T14:46:35Z,0,,8.3,76.9,6.48,-12.8,97.1,1.85
2026-02-13T16:47:09Z,15,,8.1,75.8,6.31,-14.6,100,1.66
2026-02-13T18:47:46Z,0,,8.2,75.7,6.34,-15.5,100,1.55
2026-02-13T20:48:06Z,0,,8.2,75.8,6.35,-16.6,100,1.42
2026-02-13T22:47:20Z,15,,8.1,75.6,6.29,-17.5,100,1.32
2026-02-14T00:46:56Z,0,,7.9,74.5,6.12,-18,100,1.27
2026-02-14T02:46:06Z,0,,7.9,74.4,6.11,-18.6,100,1.21
2026-02-14T04:45:55Z,0,,7.7,73.5,5.96,-19.5,100,1.12
2026-02-14T06:46:18Z,0,,7.7,73.2,5.93,-18.8,99.1,1.18
2026-02-14T08:46:51Z,0,,7.7,73.4,5.95,-12.4,81.4,1.6
2026-02-14T10:46:47Z,0,,7.8,73.6,6.01,-13.4,88.7,1.62
2026-02-14T12:46:23Z,0,,7.8,73.5,6.0,-12.4,90.5,1.78
2026-02-14T14:46:32Z,0,,8,74.7,6.17,-12.4,94.9,1.87
2026-02-14T16:47:08Z,0,,8.1,76.3,6.35,-15.2,99.1,1.57
2026-02-14T18:47:19Z,0,,8.1,77,6.41,-17.7,99.7,1.29
2026-02-14T20:46:43Z,0,,8,77.1,6.37,-19.6,99.6,1.11
2026-02-14T22:45:50Z,0,,8,77.1,6.37,-21,99.6,0.99
2026-02-15T00:45:54Z,0,,8,77,6.36,-22.2,99.6,0.89
2026-02-15T02:46:05Z,0,,8,76.9,6.36,-22.7,99.2,0.85
2026-02-15T04:46:12Z,0,,8,76.9,6.36,-22,99.4,0.91
2026-02-15T06:45:42Z,0,,8,77.2,6.38,-20.1,99,1.06
2026-02-15T08:46:17Z,0,,8.2,77.7,6.51,-15.7,99.4,1.51
2026-02-15T10:45:48Z,0,,8.3,78.8,6.64,-10.3,100,2.31
2026-02-15T12:46:38Z,0,,8.5,81.2,6.93,-8.5,100,2.64
2026-02-15T14:46:32Z,0,,8.5,81.9,6.99,-9.1,100,2.53
2026-02-15T16:46:46Z,0,,8.6,82.2,7.06,-9.5,100,2.45
2026-02-15T18:47:21Z,0,,8.6,81.5,7.0,-9.9,100,2.38
2026-02-15T20:46:32Z,0,,8.5,81,6.91,-9.3,100,2.49
2026-02-15T22:46:33Z,0,,8.6,81.6,7.01,-9.3,100,2.49
2026-02-16T00:46:54Z,0,,8.6,82,7.04,-9.6,100,2.43
2026-02-16T02:46:16Z,0,,8.6,81.9,7.04,-9.8,100,2.4
2026-02-16T04:46:01Z,0,,8.5,80.7,6.89,-9.9,100,2.38
2026-02-16T06:46:32Z,0,,8.6,80.2,6.89,-9.8,100,2.4
2026-02-16T08:45:47Z,0,,8.5,79.5,6.79,-9.2,100,2.51
2026-02-16T10:45:35Z,0,,8.6,79.9,6.86,-8,100,2.74
2026-02-16T12:45:15Z,0,,8.6,81.4,6.99,-7.1,100,2.93
2026-02-16T14:44:37Z,0,,8.7,81.5,7.05,-7.7,100,2.8
2026-02-16T16:44:25Z,0,,8.7,81.5,7.05,-8.6,100,2.62
2026-02-16T18:45:09Z,0,,8.7,81.4,7.04,-8.9,100,2.56
2026-02-16T20:45:11Z,0,,8.7,81.3,7.03,-8.8,100,2.58
2026-02-16T22:44:54Z,0,,8.7,81.3,7.03,-8.6,100,2.62
2026-02-17T00:44:35Z,0,,8.7,81.9,7.08,-8.3,100,2.68
2026-02-17T02:44:46Z,0,,8.8,82.1,7.14,-8.1,100,2.72
2026-02-17T04:44:49Z,0,,8.8,82.2,7.15,-7.7,100,2.8
2026-02-17T06:44:06Z,0,,8.8,82.4,7.17,-7.5,100,2.84
2026-02-17T08:44:38Z,2325,,8.8,83,7.22,-6.6,97.3,2.96
2026-02-17T10:44:24Z,2325,,8.1,78.5,6.53,-5.6,91.7,3.0
2026-02-17T12:44:29Z,2325,,8,76.8,6.35,-5.9,86.2,2.76
2026-02-17T14:44:05Z,2160,,7.9,75.6,6.21,-6.5,89.7,2.74
2026-02-17T16:43:59Z,0,,7.8,75.3,6.14,-9.3,99,2.46
2026-02-17T18:44:05Z,0,,8.4,76.8,6.51,-11.7,100,2.08
2026-02-17T20:43:39Z,0,,8.4,77.3,6.56,-13.6,100,1.79
2026-02-17T22:43:23Z,0,,8.4,77.3,6.56,-13.3,100,1.84
2026-02-18T00:43:33Z,0,,8.4,77.4,6.56,-13.6,100,1.79
2026-02-18T02:43:18Z,0,,8.4,77.5,6.57,-13.7,100,1.78
2026-02-18T04:43:56Z,0,,8.4,78,6.62,-13.3,100,1.84
2026-02-18T06:44:39Z,0,,8.4,77.9,6.61,-13.4,100,1.82
2026-02-18T08:43:51Z,0,,8.6,79.2,6.8,-8.1,93.2,2.54
2026-02-18T10:43:18Z,0,,8.7,81.8,7.07,-9,95.8,2.44
2026-02-18T12:43:21Z,0,,8.8,84.1,7.32,-8.6,90.5,2.37
2026-02-18T14:44:08Z,0,,8.8,83.9,7.3,-9.6,97,2.36
2026-02-18T16:43:44Z,0,,8.8,83.9,7.3,-10.7,100,2.24
2026-02-18T18:43:42Z,0,,8.8,83.5,7.27,-11,100,2.19
2026-02-18T20:44:10Z,0,,8.8,82.3,7.16,-11.5,100,2.11
2026-02-18T22:43:25Z,0,,8.7,80.5,6.96,-12.4,100,1.97
2026-02-19T00:43:49Z,0,,8.6,79.8,6.86,-13.1,100,1.87
2026-02-19T02:44:04Z,0,,8.7,79.6,6.88,-12.8,100,1.91
2026-02-19T04:44:01Z,0,,8.7,79.7,6.89,-12.6,100,1.94
2026-02-19T06:44:10Z,0,,8.6,78.7,6.76,-12.6,100,1.94
2026-02-19T08:44:34Z,0,,8.5,78.1,6.67,-11.8,99.4,2.05
2026-02-19T10:44:24Z,0,,8.3,76.5,6.45,-10.8,95.7,2.13
2026-02-19T12:43:47Z,0,,8.1,74.8,6.22,-9.9,93.3,2.22
2026-02-19T14:43:37Z,0,,8.1,74.4,6.19,-10.8,95.5,2.12
2026-02-19T16:44:22Z,0,,7.9,73.6,6.04,-11.1,98.2,2.13
2026-02-19T18:45:20Z,0,,8,73.6,6.08,-11.9,100,2.05
2026-02-19T20:44:45Z,0,,8,73.6,6.08,-13.3,100,1.84
2026-02-19T22:44:50Z,0,,8.1,74.5,6.2,-13.9,100,1.75
2026-02-20T00:45:24Z,0,,8.1,74.6,6.21,-14.7,100,1.65
2026-02-20T02:45:01Z,0,,8,74.8,6.18,-15.7,100,1.52
2026-02-20T04:45:08Z,0,,8.1,75.6,6.29,-16.4,100,1.44
2026-02-20T06:45:05Z,0,,8.2,76.5,6.41,-14.6,99.8,1.66
2026-02-20T08:44:52Z,0,,8,75.3,6.22,-7.8,77.1,2.14
2026-02-20T10:44:13Z,0,,8.2,76.5,6.41,-7.5,83.1,2.36
2026-02-20T12:44:35Z,2295,,8.4,77.9,6.61,-5.4,92.3,3.06
2026-02-20T14:44:53Z,2145,,8,77.2,6.38,-5,95.4,3.25
2026-02-20T16:44:42Z,1965,,7.9,76.7,6.3,-6.1,100,3.15
2026-02-20T18:45:31Z,0,,7.9,76.1,6.25,-7.7,100,2.8
2026-02-20T20:44:55Z,2205,,8.5,78.7,6.72,-6.4,95.8,2.95
2026-02-20T22:45:29Z,2145,,7.9,76.3,6.27,-5.9,92.6,2.96
2026-02-21T00:45:18Z,2010,,8,77.3,6.39,-3.4,100,3.82
2026-02-21T02:44:32Z,2115,,8.4,80.5,6.83,-1.7,100,4.31
2026-02-21T04:45:22Z,2190,,8.4,81.4,6.9,-2.6,100,4.05
2026-02-21T06:46:15Z,2220,,8.5,81.7,6.97,-2.6,100,4.05
2026-02-21T08:46:25Z,2205,,8.4,81.8,6.94,-2.3,100,4.13
2026-02-21T10:46:31Z,2190,,8.5,82.3,7.03,-1.7,100,4.31
2026-02-21T12:46:49Z,2235,,8.6,82.7,7.1,-1.6,100,4.34
2026-02-21T14:46:59Z,2250,,8.5,82.1,7.01,-2.4,100,4.1
2026-02-21T16:46:58Z,2250,,8.4,81.4,6.9,-3,100,3.93
2026-02-21T18:47:11Z,2205,,8.4,80.7,6.84,-3.1,99.8,3.9
2026-02-21T20:47:27Z,2190,,8.3,80.8,6.81,-3.4,100,3.82
2026-02-21T22:47:23Z,2175,,8.2,80.3,6.72,-3.7,100,3.74
2026-02-22T00:46:43Z,2160,,8.2,80.1,6.71,-3.9,100,3.69
2026-02-22T02:46:22Z,2160,,8.2,80.1,6.71,-3.8,100,3.72
2026-02-22T04:47:11Z,2145,,8.1,79.9,6.65,-3.4,100,3.82
2026-02-22T06:46:43Z,2115,,8,80,6.61,-3.8,100,3.72
2026-02-22T08:46:50Z,2040,,7.8,78.7,6.42,-3.4,99.6,3.81
2026-02-22T10:46:01Z,2100,,7.7,78.2,6.34,-3.2,95.9,3.72
2026-02-22T12:45:41Z,2220,,7.8,77.8,6.35,-3.2,92.3,3.58
2026-02-22T14:46:09Z,2220,,7.9,77.3,6.35,-4,92,3.37
2026-02-22T16:46:16Z,2040,,7.9,76.8,6.31,-5.9,97.4,3.11
2026-02-22T18:46:25Z,1905,,7.9,77,6.32,-6.7,100,3.02
2026-02-22T20:46:58Z,0,,7.8,76.8,6.27,-7.4,100,2.87
2026-02-22T22:46:24Z,0,,8.4,78,6.62,-8.7,100,2.6
2026-02-23T00:46:31Z,0,,8.4,78,6.62,-9.9,100,2.38
2026-02-23T02:46:47Z,0,,8.4,78.1,6.62,-11.2,100,2.16
2026-02-23T04:47:01Z,0,,8.4,78,6.62,-12.3,100,1.98
2026-02-23T06:47:25Z,0,,8.3,78,6.57,-11.6,100,2.09
2026-02-23T08:47:02Z,2310,,8.4,78.2,6.63,-5.4,92,3.05
2026-02-23T10:47:19Z,2025,,7.8,76.8,6.27,-4.1,98.1,3.57
2026-02-23T12:47:26Z,2040,,8,77,6.36,-4,98.4,3.61
2026-02-23T14:47:54Z,1980,,8,76.9,6.36,-5.7,100,3.24
2026-02-23T16:48:27Z,0,,7.8,75.9,6.19,-7.8,100,2.78
2026-02-23T18:48:11Z,0,,8.3,77.2,6.51,-9.2,100,2.51
2026-02-23T20:48:43Z,0,,8.4,78,6.62,-9.9,100,2.38
2026-02-23T22:48:04Z,0,,8.4,77.9,6.61,-10.5,100,2.27
2026-02-24T00:48:22Z,0,,8.4,77.7,6.59,-10.7,100,2.24
2026-02-24T02:49:10Z,0,,8.4,78,6.62,-11.1,100,2.17
2026-02-24T04:48:52Z,0,,8.2,76.3,6.39,-11.3,100,2.14
2026-02-24T06:48:51Z,0,,8.4,77.1,6.54,-9.9,100,2.38
2026-02-24T08:48:37Z,2100,,8.5,78.2,6.68,-5.9,100,3.2
2026-02-24T10:48:44Z,2145,,7.9,76.9,6.32,-3.7,93.8,3.51
2026-02-24T12:48:06Z,2160,,7.9,76.1,6.25,-3.3,92.2,3.55
2026-02-24T14:47:54Z,2250,,7.9,75.6,6.21,-3.9,88.8,3.28
2026-02-24T16:48:01Z,2130,,7.8,75,6.12,-5.4,91.9,3.05
2026-02-24T18:48:49Z,1920,,7.7,74.8,6.06,-6.2,97.4,3.05
2026-02-24T20:48:45Z,0,,7.7,74.7,6.06,-7.5,100,2.84
2026-02-24T22:49:21Z,0,,8.2,75.1,6.29,-8.7,100,2.6
2026-02-25T00:48:42Z,0,,8.2,75.3,6.3,-9.6,100,2.43
2026-02-25T02:48:07Z,0,,8.2,75.4,6.31,-10.8,100,2.22
2026-02-25T04:48:17Z,0,,8.2,75.4,6.31,-11.7,100,2.08
2026-02-25T06:48:17Z,0,,8.2,75.4,6.31,-9.4,97.3,2.4
2026-02-25T08:48:57Z,2550,,8.2,75.7,6.34,-0.3,72.3,3.43
2026-02-25T10:49:35Z,2475,,7.6,74.2,5.98,-4,79,2.89
2026-02-25T12:48:52Z,2535,,7.8,73.8,6.02,-2.7,73.7,2.96
2026-02-25T14:48:59Z,2340,,7.7,73.9,5.99,-4,83.3,3.05
2026-02-25T16:49:31Z,1965,,7.7,74.7,6.06,-6,96.6,3.07
2026-02-25T18:50:01Z,1890,,7.8,75.2,6.14,-6.1,100,3.15
2026-02-25T20:50:37Z,1890,,7.8,75.5,6.16,-5.7,100,3.24
2026-02-25T22:51:27Z,2055,,7.9,75.6,6.21,-4.1,95.8,3.49
2026-02-26T00:51:44Z,2085,,7.9,75.9,6.23,-3.3,93.8,3.61
2026-02-26T02:51:33Z,2010,,8,77.3,6.39,-3.5,100,3.8
2026-02-26T04:50:47Z,2070,,8.1,78.6,6.54,-3.5,100,3.8
2026-02-26T06:50:25Z,2100,,8.2,79.4,6.65,-3.2,100,3.88
2026-02-26T08:50:03Z,2115,,8.3,80.2,6.76,-2.5,100,4.07
2026-02-26T10:49:37Z,2130,,8.3,80.6,6.79,-2.3,100,4.13
2026-02-26T12:48:58Z,2115,,8.3,81.1,6.83,-1.5,100,4.37
2026-02-26T14:48:54Z,2115,,8.4,82.2,6.97,-0.9,100,4.56
2026-02-26T16:48:48Z,2145,,8.5,82.6,7.05,-0.8,100,4.59
2026-02-26T18:48:45Z,2145,,8.5,82.8,7.07,0,99.3,4.82
2026-02-26T20:48:18Z,2130,,8.6,83.4,7.16,0,100,4.85
2026-02-26T22:49:13Z,2145,,8.6,84.1,7.23,0.2,100,4.92
2026-02-27T00:48:20Z,2145,,8.7,85,7.35,0.8,100,5.12
2026-02-27T02:49:03Z,2130,,8.7,85.6,7.4,1,100,5.19
2026-02-27T04:48:58Z,2130,,8.6,86,7.39,0.8,100,5.12
2026-02-27T06:48:47Z,2130,,8.6,86.2,7.41,0.8,100,5.12
2026-02-27T08:48:09Z,2145,,8.6,86.3,7.41,1,100,5.19
2026-02-27T10:48:27Z,2145,,8.6,86.7,7.45,1.5,100,5.37
2026-02-27T12:48:06Z,2130,,8.6,86.6,7.44,1.3,100,5.3
2026-02-27T14:48:09Z,2070,,8.5,86.5,7.38,1.5,100,5.37
2026-02-27T16:47:21Z,2115,,8.5,86.6,7.39,1.2,100,5.27
2026-02-27T18:47:16Z,2160,,8.6,86.7,7.45,0.8,100,5.12
2026-02-27T20:47:34Z,2160,,8.5,86.3,7.37,0.5,100,5.02
2026-02-27T22:47:37Z,2160,,8.4,85.8,7.28,0.4,100,4.99
2026-02-28T00:48:09Z,2130,,8.3,85.4,7.2,0.5,100,5.02
2026-02-28T02:47:26Z,2115,,8.3,85.2,7.18,0.4,100,4.99
2026-02-28T04:47:42Z,2115,,8.3,85.1,7.17,0.5,100,5.02
2026-02-28T06:47:45Z,2055,,8.3,85.3,7.19,0.9,100,5.16
2026-02-28T08:47:54Z,1995,,8.4,85.6,7.26,1.7,100,5.45
2026-02-28T10:48:13Z,1890,,8.4,85.9,7.29,2.6,100,5.79
2026-02-28T12:48:47Z,1890,,8.5,86.1,7.35,2.6,100,5.79
2026-02-28T14:49:03Z,1950,,8.5,86.1,7.35,2.2,100,5.64
2026-02-28T16:49:02Z,2070,,8.5,86,7.34,1.5,100,5.37
2026-02-28T18:49:06Z,2085,,8.4,85.7,7.27,1.1,100,5.23
2026-02-28T20:49:35Z,2115,,8.4,85.5,7.25,0.5,100,5.02
2026-02-28T22:49:04Z,2115,,8.3,85.2,7.18,0.1,100,4.88
2026-03-01T00:48:47Z,2130,,8.4,84.8,7.19,-0.1,100,4.82
2026-03-01T02:48:07Z,2130,,8.3,84.5,7.12,,,
2026-03-01T04:47:52Z,2145,,8.3,84.4,7.11,-0.4,100,4.72
2026-03-01T06:48:40Z,2130,,8.3,84.7,7.14,-0.2,100,4.78
2026-03-01T08:48:47Z,2145,,8.4,85,7.21,0.1,100,4.88
2026-03-01T10:48:47Z,2070,,8.3,85,7.16,0.9,100,5.16
2026-03-01T12:48:17Z,2025,,8.4,85.3,7.23,1.2,100,5.27
2026-03-01T14:48:55Z,2070,,8.4,85.6,7.26,1.1,100,5.23
2026-03-01T16:48:22Z,2055,,8.4,85.7,7.27,1.2,100,5.27
2026-03-01T18:48:00Z,2085,,8.4,86.1,7.3,1,100,5.19
2026-03-01T20:48:19Z,2145,,8.4,85.9,7.29,0.4,100,4.99
2026-03-01T22:48:55Z,2130,,8.4,85.7,7.27,0.4,100,4.99
2026-03-02T00:48:08Z,2115,,8.3,85.6,7.21,0.5,100,5.02
2026-03-02T02:47:50Z,2145,,8.4,85.2,7.23,-0.1,100,4.82
2026-03-02T04:48:33Z,2145,,8.3,84.6,7.13,-0.4,100,4.72
2026-03-02T06:48:08Z,2160,,8.3,84.4,7.11,-0.3,100,4.75
2026-03-02T08:48:24Z,2040,,8.3,84.4,7.11,0.6,100,5.05
2026-03-02T10:47:41Z,1935,,8.3,84.3,7.1,1.5,100,5.37
2026-03-02T12:47:36Z,1905,,8.3,83.7,7.05,1.4,100,5.34
2026-03-02T14:47:34Z,1965,,8.3,83.9,7.07,1.2,100,5.27
2026-03-02T16:46:51Z,2010,,8.3,83.6,7.05,0.5,100,5.02
2026-03-02T18:47:29Z,2055,,8.2,83.1,6.96,0,100,4.85
2026-03-02T20:47:58Z,2130,,8.3,82.8,6.98,-1.1,100,4.49
2026-03-02T22:48:36Z,2130,,8.1,82.1,6.83,-1.5,100,4.37
2026-03-03T00:48:06Z,2130,,8.2,81.9,6.86,-1.9,100,4.25
2026-03-03T02:48:31Z,2130,,8.2,81.8,6.85,-2.3,100,4.13
2026-03-03T04:48:07Z,2130,,8.1,81.7,6.8,-2.5,100,4.07
2026-03-03T06:48:17Z,2130,,8.2,82,6.87,-1.9,100,4.25
2026-03-03T08:49:02Z,2115,,8.2,82.7,6.92,-0.8,100,4.59
2026-03-03T10:48:53Z,2070,,8.3,83,6.99,-0.2,100,4.78
2026-03-03T12:48:46Z,2100,,8.3,83.2,7.01,-0.2,100,4.78
2026-03-03T14:48:08Z,2100,,8.4,83.8,7.11,0,100,4.85
2026-03-03T16:47:45Z,2055,,8.5,84.7,7.23,0.9,100,5.16
2026-03-03T18:48:25Z,2100,,8.6,85.9,7.38,1.1,100,5.23
2026-03-03T20:48:50Z,2055,,8.4,85.8,7.28,1.3,100,5.3
2026-03-03T22:48:19Z,2040,,8.4,85.6,7.26,1.4,100,5.34
2026-03-04T00:49:00Z,2145,,8.4,85.1,7.22,0.1,100,4.88
2026-03-04T02:48:42Z,2160,,8.3,84.5,7.12,-0.5,100,4.69
2026-03-04T04:48:32Z,2160,,8.3,83.6,7.05,-0.9,100,4.56
2026-03-04T06:47:46Z,1785,,8.3,82.8,6.98,2.3,100,5.67
2026-03-04T08:48:40Z,1665,,8.4,82.2,6.97,6.7,81.6,6.2
2026-03-04T10:48:45Z,2055,,8.5,81.7,6.97,4.3,85.4,5.54
2026-03-04T12:48:46Z,2325,,8.5,80.8,6.9,4.7,77.6,5.17
2026-03-04T14:49:23Z,1980,,8.5,81.5,6.96,2.7,93.4,5.44
2026-03-04T16:49:20Z,2220,,8.5,81.8,6.98,2.9,86.5,5.11
2026-03-04T18:48:59Z,2040,,8.4,81.4,6.9,3.1,89.1,5.34
2026-03-04T20:48:37Z,1995,,8.4,81,6.87,2.9,90.7,5.36
2026-03-04T22:47:53Z,1905,,8.3,81.5,6.87,1.9,95.9,5.3
2026-03-05T00:48:09Z,1920,,8.3,81.5,6.87,1.7,96.9,5.28
2026-03-05T02:47:42Z,1920,,8.3,81.5,6.87,1.3,98.2,5.21
2026-03-05T04:48:22Z,1950,,8.3,81.6,6.88,0.5,99.5,4.99
2026-03-05T06:48:03Z,1950,,8.3,81.6,6.88,3,91.3,5.43
2026-03-05T08:48:15Z,1980,,8.4,81.4,6.9,6.9,73.5,5.66
2026-03-05T10:48:04Z,2100,,8.5,80.9,6.91,5.1,80.3,5.49
2026-03-05T12:48:48Z,2220,,8.6,80.4,6.91,5.6,75.8,5.36
2026-03-05T14:49:13Z,2205,,8.6,79.3,6.81,5.5,75.7,5.32
2026-03-05T16:48:48Z,2130,,8.5,80.4,6.86,2.5,88.7,5.1
2026-03-05T18:49:07Z,2115,,8.4,80.9,6.86,0.4,95.4,4.76
2026-03-05T20:49:56Z,2100,,8.3,80.5,6.78,-1.1,99.3,4.46
2026-03-05T22:50:15Z,2055,,8.3,80.3,6.77,-1.2,100,4.46
2026-03-06T00:50:47Z,2100,,8.2,79.8,6.68,-2.5,100,4.07
2026-03-06T02:50:19Z,2100,,8.1,79.1,6.58,-3,100,3.93
2026-03-06T04:49:41Z,2070,,8.1,78.6,6.54,-3.9,100,3.69
2026-03-06T06:49:12Z,1890,,8,78.5,6.49,-0.7,100,4.62
2026-03-06T08:49:19Z,1920,,8.2,79.8,6.68,5.5,79.8,5.6
2026-03-06T10:49:39Z,2220,,8.4,80.4,6.82,5.8,73.9,5.29
2026-03-06T12:49:53Z,2100,,8.5,80.7,6.89,5.2,80.2,5.52
2026-03-06T14:49:46Z,2295,,8.6,81.1,6.97,4.1,80.5,5.15
2026-03-06T16:50:20Z,2100,,8.5,82.1,7.01,1.2,96.2,5.07
2026-03-06T18:50:07Z,2070,,8.4,82.4,6.99,-0.3,100,4.75
2026-03-06T20:49:33Z,2100,,8.3,82,6.91,-0.7,100,4.62
2026-03-06T22:49:52Z,1995,,8.3,81.8,6.89,0.3,100,4.95
2026-03-07T00:49:34Z,1995,,8.3,81.6,6.88,0.3,100,4.95
2026-03-07T02:50:14Z,2010,,8.3,81.9,6.9,-0.1,100,4.82
2026-03-07T04:49:58Z,2055,,8.3,81.4,6.86,-0.6,100,4.65
2026-03-07T06:50:33Z,1980,,8.2,80.9,6.77,0,100,4.85
2026-03-07T08:51:06Z,1710,,8.3,80.4,6.78,4.2,90.9,5.86
2026-03-07T10:51:39Z,2190,,8.6,80.3,6.9,5.1,78.3,5.36
2026-03-07T12:50:54Z,2490,,8.6,78.2,6.72,5.9,66.1,4.77
2026-03-07T14:51:39Z,2535,,8.7,76.4,6.61,6,64.1,4.65
2026-03-07T16:51:18Z,2400,,8.5,76.6,6.54,3.2,75.5,4.55
2026-03-07T18:50:43Z,2355,,8.3,78,6.57,0.2,84.3,4.15
2026-03-07T20:50:52Z,2265,,8.2,78.3,6.56,-1.3,90.4,4.01
2026-03-07T22:50:10Z,2220,,8.2,78.3,6.56,-1.8,93.1,3.98
2026-03-08T00:49:38Z,2145,,8.1,77.9,6.48,-2.7,95.9,3.85
2026-03-08T02:48:53Z,2070,,8,77.7,6.42,-3.1,98,3.83
2026-03-08T04:49:36Z,2010,,8,77.5,6.41,-2.9,99.7,3.95
2026-03-08T06:49:55Z,1920,,8,77.9,6.44,-0.5,97.8,4.58
2026-03-08T08:49:57Z,1770,,8.3,79.4,6.69,4.5,87.4,5.75
2026-03-08T10:50:18Z,1950,,8.5,80.5,6.87,6,78.2,5.68
2026-03-08T12:49:52Z,1980,,8.6,81.5,7.0,6.8,75.5,5.77
2026-03-08T14:50:20Z,1875,,8.7,82.3,7.12,6.6,79.3,5.99
2026-03-08T16:51:03Z,1995,,8.6,82.3,7.07,4.8,86.2,5.78
2026-03-08T18:51:48Z,2055,,8.5,82.1,7.01,2.2,92.9,5.24
2026-03-08T20:52:38Z,2055,,8.4,81.8,6.94,0.3,97.8,4.84
2026-03-08T22:51:58Z,2055,,8.3,81.2,6.84,-0.7,100,4.62
2026-03-09T00:52:09Z,2085,,8.3,81.5,6.87,-0.9,100,4.56
2026-03-09T02:51:35Z,2070,,8.3,81,6.83,-1.3,100,4.43
2026-03-09T04:52:17Z,2070,,8.2,80.9,6.77,-1.3,100,4.43
2026-03-09T06:52:22Z,2010,,8.4,82,6.95,0.2,100,4.92
2026-03-09T08:51:51Z,1905,,8.4,82.9,7.03,1.5,100,5.37
2026-03-09T10:52:41Z,1845,,8.4,83.9,7.12,2.3,100,5.67
2026-03-09T12:52:12Z,1800,,8.5,84.6,7.22,3,100,5.95
2026-03-09T14:52:00Z,1845,,8.6,85.3,7.33,2.9,100,5.91
2026-03-09T16:52:29Z,1875,,8.6,85.4,7.34,2.7,100,5.83
2026-03-09T18:51:57Z,1980,,8.6,85,7.3,1.9,100,5.52
2026-03-09T20:52:21Z,2115,,8.5,84.6,7.22,0.3,100,4.95
2026-03-09T22:52:55Z,2115,,8.3,83.5,7.04,-0.6,100,4.65
2026-03-10T00:53:18Z,2145,,8.4,83.8,7.11,-0.5,100,4.69
2026-03-10T02:52:38Z,2205,,8.3,83.4,7.03,-1.3,100,4.43
2026-03-10T04:52:44Z,2145,,8.3,83.3,7.02,-1,100,4.53
2026-03-10T06:52:39Z,2145,,8.4,83.7,7.1,-0.2,100,4.78
2026-03-10T08:52:48Z,1935,,8.4,84.3,7.15,1.8,100,5.49
2026-03-10T10:53:10Z,1515,,8.5,85,7.26,4.8,100,6.71
2026-03-10T12:52:51Z,1470,,8.8,85.8,7.47,6.8,91.1,6.97
2026-03-10T14:52:50Z,2055,,8.9,86.4,7.57,6.2,83.5,6.14
2026-03-10T16:52:59Z,2265,,8.7,84.3,7.29,3.3,87.3,5.3
2026-03-10T18:53:43Z,2055,,8.6,83.5,7.17,2.8,93.4,5.48
2026-03-10T20:54:31Z,2010,,8.6,83.5,7.17,2.2,96.4,5.43
2026-03-10T22:54:31Z,2025,,8.6,83.7,7.19,1.8,97.6,5.35
2026-03-11T00:53:53Z,2085,,8.5,83.2,7.1,0.4,100,4.99
2026-03-11T02:53:42Z,2100,,8.4,82.6,7.01,-0.2,100,4.78
2026-03-11T04:53:10Z,2115,,8.4,82.2,6.97,-0.8,100,4.59
2026-03-11T06:53:10Z,1965,,8.4,82.7,7.01,0.9,100,5.16
2026-03-11T08:54:06Z,1605,,8.5,83.5,7.13,5.1,93.7,6.41
2026-03-11T10:54:28Z,1650,,8.7,83.9,7.25,6.6,85.6,6.46
2026-03-11T12:54:52Z,1965,,8.9,84.7,7.42,6.5,81.7,6.13
2026-03-11T14:54:57Z,1950,,8.8,85,7.4,5.2,89.2,6.14
2026-03-11T16:55:24Z,1830,,8.7,85.2,7.37,3.8,98.3,6.17
2026-03-11T18:56:09Z,1770,,8.8,85.6,7.45,4.1,100,6.4
2026-03-11T20:55:36Z,1770,,8.9,86.7,7.59,4.2,100,6.44
2026-03-11T22:56:11Z,1965,,8.8,87.3,7.6,3.2,100,6.03
2026-03-12T00:56:23Z,2025,,8.8,87.4,7.61,2.7,100,5.83
2026-03-12T02:55:54Z,2085,,8.8,87.4,7.61,2.2,100,5.64
2026-03-12T04:55:36Z,1995,,8.7,87.5,7.57,2.8,100,5.87
2026-03-12T06:55:41Z,1905,,8.7,87.9,7.6,3.6,100,6.19
2026-03-12T08:56:27Z,1905,,8.8,88,7.66,3.8,100,6.28
2026-03-12T10:55:59Z,1860,,8.9,88.7,7.77,4.3,100,6.49
2026-03-12T12:56:39Z,2055,,8.9,89,7.79,3.2,100,6.03
2026-03-12T14:55:56Z,1995,,8.8,88.6,7.71,3.4,100,6.11
2026-03-12T16:56:23Z,2085,,8.8,88.2,7.68,2.6,100,5.79
2026-03-12T18:55:57Z,2205,,8.8,87.6,7.62,1.3,100,5.3
2026-03-12T20:56:23Z,2175,,8.7,86.8,7.5,1.2,100,5.27
2026-03-12T22:56:50Z,2145,,8.6,86.1,7.4,1.2,100,5.27
2026-03-13T00:56:14Z,2205,,8.8,86.7,7.54,0.9,100,5.16
2026-03-13T02:55:53Z,2175,,8.8,86.8,7.55,1.2,100,5.27
2026-03-13T04:56:30Z,2175,,8.6,85.7,7.36,0.5,100,5.02
2026-03-13T06:57:09Z,1980,,8.8,85.7,7.46,2.8,99.6,5.85
2026-03-13T08:57:54Z,2205,,8.9,86.1,7.54,4.9,86.9,5.87
2026-03-13T10:58:10Z,2190,,9,85.8,7.56,7,76.3,5.91
2026-03-13T12:58:02Z,2385,,9.1,85.5,7.58,8.7,64.5,5.58
2026-03-13T14:58:19Z,2250,,9.1,84.4,7.49,7.3,72.7,5.74
2026-03-13T16:58:02Z,2025,,9,84.2,7.42,5.7,85.2,6.06
2026-03-13T18:58:28Z,1995,,8.9,84.6,7.41,5,90,6.12
2026-03-13T20:59:12Z,1905,,8.9,84.9,7.44,4.4,94.2,6.15
2026-03-13T22:58:16Z,1815,,8.9,85.3,7.47,4.2,97.5,6.28
2026-03-14T00:59:05Z,1830,,8.8,85.6,7.45,3.5,100,6.15
2026-03-14T02:59:46Z,1905,,8.8,85.8,7.47,3.1,100,5.99
2026-03-14T04:59:02Z,1815,,8.8,86.1,7.49,3.8,100,6.28
2026-03-14T06:58:20Z,1755,,8.9,86.2,7.55,5.2,95.7,6.59
2026-03-14T08:58:34Z,1740,,8.9,86.3,7.56,7.2,83.9,6.59
2026-03-14T10:58:28Z,1860,,9,86.2,7.6,8.4,76.3,6.47
2026-03-14T12:59:08Z,1710,,9.2,85,7.59,10,71.5,6.72
2026-03-14T14:59:19Z,1725,,9.3,85.4,7.67,9.5,73.4,6.68
2026-03-14T16:59:06Z,1905,,9,85.7,7.55,6.4,85.3,6.36
2026-03-14T18:58:51Z,1785,,9,86.1,7.59,8.1,79.7,6.63
2026-03-14T20:58:31Z,1950,,9,85.8,7.56,6.8,81.9,6.26
2026-03-14T22:58:12Z,2550,,9.1,84.6,7.5,6.8,68.8,5.26
2026-03-15T00:58:46Z,2460,,8.9,82.6,7.23,5.4,75.3,5.25
2026-03-15T02:58:55Z,2520,,8.9,81.5,7.14,5,74.4,5.06
2026-03-15T04:58:06Z,2505,,8.8,81.1,7.06,4,76.9,4.89
2026-03-15T06:58:13Z,2550,,8.8,80.8,7.03,6.3,66.5,4.92
2026-03-15T08:58:38Z,2535,,8.9,80.4,7.04,7.6,61.5,4.95
2026-03-15T10:58:03Z,2460,,9,80.7,7.11,7.7,63.4,5.14
2026-03-15T12:58:36Z,2355,,9.1,81.2,7.2,8.1,64.5,5.37
2026-03-15T14:58:41Z,2235,,9.1,81.6,7.24,7.6,69.9,5.63
2026-03-15T16:59:27Z,2130,,9.1,82.9,7.35,6.7,76.4,5.8
2026-03-15T18:58:38Z,1830,,9.1,85.4,7.58,4.2,99.1,6.39
2026-03-15T20:59:11Z,2025,,9,85.7,7.55,2.5,100,5.75
2026-03-15T22:58:23Z,2055,,8.9,85.4,7.48,2,100,5.56
2026-03-16T00:57:55Z,2085,,8.9,85.3,7.47,1.7,100,5.45
2026-03-16T02:58:37Z,2070,,8.8,84.7,7.37,1.4,100,5.34
2026-03-16T04:59:02Z,2070,,8.7,84.4,7.3,1.1,100,5.23
2026-03-16T06:58:49Z,2040,,8.7,84.1,7.27,1.5,100,5.37
2026-03-16T08:58:35Z,2055,,8.7,83.4,7.21,1.7,98,5.34
2026-03-16T10:58:56Z,2025,,8.7,82.9,7.17,3.1,93.5,5.6
2026-03-16T12:59:15Z,2085,,8.8,82.8,7.21,3.5,90,5.54
2026-03-16T14:59:31Z,2085,,8.8,82.9,7.21,2.1,95.5,5.35
2026-03-16T16:59:44Z,2100,,8.7,83.2,7.19,0.5,100,5.02
2026-03-16T18:59:44Z,2115,,8.6,83.2,7.15,0.1,100,4.88
2026-03-16T20:59:37Z,2115,,8.6,83.2,7.15,0.2,100,4.92
2026-03-16T22:59:19Z,2130,,8.6,83.6,7.18,0.3,100,4.95
2026-03-17T01:00:06Z,2115,,8.6,83.8,7.2,0.4,100,4.99
2026-03-17T03:00:15Z,2100,,8.6,84,7.22,0.7,100,5.09
2026-03-17T04:59:40Z,2100,,8.6,84.5,7.26,0.9,100,5.16
2026-03-17T06:59:58Z,2010,,8.6,85,7.3,1.7,100,5.45
2026-03-17T09:00:19Z,1965,,8.6,85.6,7.35,2.4,100,5.71
2026-03-17T11:00:53Z,1860,,8.7,86.3,7.46,3.5,100,6.15
2026-03-17T13:00:44Z,1830,,8.8,86.7,7.54,3.9,100,6.32
2026-03-17T15:01:18Z,1755,,8.8,86.8,7.55,4.3,100,6.49
2026-03-17T17:01:24Z,1980,,8.8,86.1,7.49,2.5,100,5.75
2026-03-17T19:00:40Z,2160,,8.7,84.6,7.31,0.2,100,4.92
2026-03-17T21:01:17Z,2250,,8.6,84.8,7.29,-0.9,100,4.56
2026-03-17T23:01:02Z,2235,,8.6,84.3,7.24,-0.8,100,4.59
2026-03-18T01:01:42Z,2190,,8.6,84.1,7.23,-0.5,100,4.69
2026-03-18T03:01:34Z,2220,,8.6,84.3,7.24,-0.8,100,4.59
2026-03-18T05:01:25Z,2220,,8.6,83.8,7.2,-0.8,100,4.59
2026-03-18T07:02:12Z,2235,,8.8,84.7,7.37,-0.4,100,4.72
2026-03-18T09:02:05Z,2190,,8.8,85.4,7.43,0.5,100,5.02
2026-03-18T11:02:53Z,2175,,8.9,86.1,7.54,1.1,100,5.23
2026-03-18T13:03:16Z,2205,,8.9,86.5,7.58,1.3,100,5.3
2026-03-18T15:03:48Z,2175,,8.8,85.9,7.47,1,100,5.19
2026-03-18T17:03:57Z,2235,,8.9,85.8,7.51,0.3,100,4.95
2026-03-18T19:03:11Z,2235,,8.9,86,7.53,0.3,100,4.95
2026-03-18T21:03:24Z,2265,,8.9,86.2,7.55,0.2,100,4.92
2026-03-18T23:03:42Z,2250,,8.8,86.2,7.5,0,100,4.85
2026-03-19T01:04:23Z,2235,,8.8,85.9,7.47,0.4,100,4.99
2026-03-19T03:04:37Z,2160,,8.7,85.5,7.39,0.7,100,5.09
2026-03-19T05:03:54Z,2145,,8.7,85.4,7.38,0.9,100,5.16
2026-03-19T07:03:11Z,2145,,8.8,85.9,7.47,1.3,100,5.3
2026-03-19T09:03:37Z,2025,,8.8,86.2,7.5,2.4,100,5.71
2026-03-19T11:04:12Z,1800,,8.8,86.3,7.51,3.9,100,6.32
2026-03-19T13:04:16Z,1665,,8.9,86.7,7.59,4.9,100,6.75
2026-03-19T15:03:43Z,1620,,8.9,87.1,7.63,5.1,100,6.84
2026-03-19T17:04:21Z,1860,,8.9,86.9,7.61,3.8,100,6.28
2026-03-19T19:03:59Z,2055,,8.8,85.9,7.47,1.9,100,5.52
2026-03-19T21:04:17Z,2115,,8.7,84.2,7.28,0.7,100,5.09
2026-03-19T23:04:51Z,2145,,8.6,83.1,7.14,-0.5,100,4.69
2026-03-20T01:04:17Z,2145,,8.5,82.1,7.01,-0.6,100,4.65
2026-03-20T03:04:14Z,2115,,8.4,81.4,6.9,-0.8,100,4.59
2026-03-20T05:03:32Z,2055,,8.4,80.7,6.84,-0.8,100,4.59
2026-03-20T07:03:36Z,2070,,8.5,80.6,6.88,5.7,77.3,5.5
2026-03-20T09:02:58Z,2055,,8.6,79.9,6.86,11.6,53.5,5.56
2026-03-20T11:03:18Z,2565,,8.8,77.8,6.77,8.7,54,4.67
2026-03-20T13:02:47Z,2535,,8.9,75.7,6.63,8.5,48.8,4.17
2026-03-20T15:02:08Z,2535,,9,73.9,6.51,8.6,50.3,4.32
2026-03-20T17:01:33Z,2505,,8.8,76.3,6.64,5.7,66.6,4.74
2026-03-20T19:01:23Z,2505,,8.6,78.5,6.74,1.9,77.8,4.3
2026-03-20T21:00:44Z,2460,,8.5,79,6.74,-0.3,85.1,4.04
2026-03-20T23:00:12Z,2355,,8.4,79.2,6.72,-1.6,90.2,3.91
2026-03-21T00:59:50Z,2250,,8.3,79.1,6.67,-2.7,94.9,3.81
2026-03-21T02:59:52Z,2130,,8.3,78.8,6.64,-2.1,97.4,4.08
2026-03-21T05:00:40Z,2070,,8.3,78.9,6.65,-0.8,96.6,4.43
2026-03-21T07:00:20Z,2145,,8.5,80.2,6.85,5.9,75,5.41
2026-03-21T09:00:21Z,2535,,8.8,80.9,7.04,10.7,47.7,4.68
2026-03-21T10:59:47Z,2535,,8.9,81.4,7.13,8.1,57.4,4.78
2026-03-21T12:59:44Z,2535,,9,81.9,7.22,7.1,61.7,4.81
2026-03-21T14:59:36Z,2535,,9,81.5,7.18,6.8,54.1,4.14
2026-03-21T16:58:49Z,2550,,8.9,80.2,7.02,5,57.3,3.89
2026-03-21T18:58:55Z,2535,,8.8,80,6.96,3.3,71.9,4.36
2026-03-21T20:58:34Z,2535,,8.8,80.6,7.01,3.1,77.5,4.64
2026-03-21T22:58:12Z,2355,,8.8,81.1,7.06,2.8,83.9,4.92
2026-03-22T00:58:13Z,2235,,8.8,81.9,7.13,2.4,89.1,5.09
2026-03-22T02:57:39Z,2115,,8.7,82.1,7.1,1.7,94.7,5.16
2026-03-22T04:57:50Z,1965,,8.6,82.1,7.05,1.3,99.5,5.28
2026-03-22T06:58:14Z,2055,,8.8,83.1,7.23,6.1,80.1,5.85
2026-03-22T08:57:51Z,2430,,9,84,7.4,9.6,59.3,5.43
2026-03-22T10:57:32Z,2055,,9.1,84.2,7.47,8.5,70.3,6.0
2026-03-22T12:58:06Z,2490,,9.2,84.9,7.58,8,65.8,5.44
2026-03-22T14:58:51Z,2535,,9.2,84.9,7.58,6.8,64.9,4.96
2026-03-22T16:58:55Z,2535,,9,83.7,7.38,4.1,75.3,4.82
2026-03-22T18:59:24Z,2535,,8.9,82.8,7.25,2.1,82.2,4.6
2026-03-22T20:59:12Z,2340,,8.9,82.7,7.24,1.8,89.5,4.91
2026-03-22T22:59:06Z,2190,,8.8,83.1,7.23,1.3,95.8,5.08
2026-03-23T00:59:17Z,2115,,8.9,83.4,7.3,1.2,98.8,5.2
2026-03-23T02:58:45Z,2130,,8.9,84,7.36,0.9,100,5.16
2026-03-23T04:58:03Z,2115,,8.8,83.9,7.3,0.9,100,5.16
2026-03-23T06:57:17Z,2130,,8.9,84.1,7.37,5.3,83.8,5.81
2026-03-23T08:57:20Z,2340,,9,84.6,7.46,6,76.7,5.57
2026-03-23T10:57:38Z,2550,,9.1,85.2,7.56,6.8,68,5.2
2026-03-23T12:56:53Z,2550,,9.1,84.3,7.48,7.5,62.9,5.03
2026-03-23T14:57:47Z,2550,,9.1,84.8,7.52,5.7,73.3,5.22
2026-03-23T16:58:12Z,2220,,9,84.4,7.44,3.1,91.6,5.49
2026-03-23T18:58:02Z,2025,,8.9,84.9,7.44,2.3,98.8,5.61
2026-03-23T20:58:45Z,2100,,8.8,84.6,7.36,1.4,99.1,5.29
2026-03-23T22:59:11Z,2160,,8.7,83.3,7.2,-0.3,100,4.75
2026-03-24T00:58:52Z,2205,,8.6,82,7.04,-1.7,100,4.31
2026-03-24T02:58:37Z,2220,,8.5,81,6.91,-3.1,100,3.91
2026-03-24T04:58:46Z,2160,,8.4,80,6.79,-2.7,100,4.02
2026-03-24T06:59:34Z,1890,,8.5,81.1,6.92,4,89.6,5.7
2026-03-24T09:00:01Z,2565,,8.8,82,7.14,9,54.7,4.82
2026-03-24T11:00:24Z,2550,,9,82.6,7.28,7,59.5,4.61
2026-03-24T12:59:51Z,2550,,9,82.5,7.27,5.8,63.1,4.52
2026-03-24T15:00:16Z,2565,,9,81.5,7.18,4.9,62.8,4.24
2026-03-24T17:00:30Z,2550,,9,81.6,7.19,4.1,67,4.29
2026-03-24T18:59:51Z,2565,,8.9,81.4,7.13,3.8,69.4,4.36
2026-03-24T20:59:23Z,2565,,9,81.5,7.18,3.9,71.9,4.54
2026-03-24T22:59:35Z,2115,,8.9,82.9,7.26,3.8,90.1,5.65
2026-03-25T00:59:18Z,1845,,9,84.7,7.47,3.6,99.6,6.17
2026-03-25T03:00:06Z,1935,,9,85.9,7.57,3.3,100,6.07
2026-03-25T05:00:48Z,1890,,9,86.2,7.6,3.6,100,6.19
2026-03-25T07:00:10Z,1890,,9.1,87.1,7.73,3.8,100,6.28
2026-03-25T08:59:48Z,1890,,9.1,87.9,7.8,4.4,100,6.53
2026-03-25T11:00:22Z,1695,,9.1,88.4,7.84,5.3,100,6.93
2026-03-25T13:00:17Z,1605,,9.2,88.4,7.89,6.9,92.5,7.12
2026-03-25T15:00:35Z,1785,,9.2,88.1,7.86,7.2,86.7,6.81
2026-03-25T17:00:50Z,2115,,9.3,87.5,7.86,8.4,73.5,6.23
2026-03-25T19:01:21Z,2025,,9.2,86.6,7.73,7.6,78.1,6.29
2026-03-25T21:00:54Z,2070,,9.3,86.3,7.75,8.1,75.6,6.29
2026-03-25T23:00:22Z,1830,,9.2,86.3,7.7,6.6,88,6.64
2026-03-26T01:00:22Z,2115,,9.3,87.4,7.85,5.1,91.9,6.29
2026-03-26T02:59:54Z,2040,,9.1,87,7.72,4.1,96.7,6.19
2026-03-26T04:59:45Z,1995,,9.1,86.4,7.66,3.9,97.1,6.13
2026-03-26T06:58:59Z,2145,,9.2,86.3,7.7,5.3,87.2,6.04
2026-03-26T08:58:51Z,2340,,9.2,85.4,7.62,7.6,70.4,5.67
2026-03-26T10:58:27Z,2565,,9.3,84.8,7.62,7.3,66.1,5.22
2026-03-26T12:58:11Z,2565,,9.3,84.5,7.59,7.1,67.7,5.28
2026-03-26T14:57:36Z,2505,,9.3,85,7.64,5.3,78.6,5.45
2026-03-26T16:57:19Z,2310,,9.2,84.5,7.54,4.8,84.7,5.68
2026-03-26T18:58:09Z,2325,,9.1,84.7,7.51,4.4,85.2,5.56
2026-03-26T20:57:33Z,2205,,9.1,85,7.54,3.9,90.7,5.73
2026-03-26T22:58:14Z,2100,,9.1,85.1,7.55,3.4,95.2,5.82
2026-03-27T00:57:25Z,2010,,9.1,85.4,7.58,3,98.9,5.88
2026-03-27T02:57:53Z,2055,,9.1,86,7.63,2.5,100,5.75
2026-03-27T04:57:46Z,2055,,9,85.8,7.56,2.2,100,5.64
2026-03-27T06:57:11Z,1890,,8.9,85.6,7.5,3.4,100,6.11
2026-03-27T08:56:45Z,1980,,9.1,85.8,7.61,9.4,69.4,6.28
2026-03-27T10:27:53Z,,0,,,,,,
2026-03-27T10:56:31Z,2115,,9.3,85.8,7.71,9.6,66.5,6.09
2026-03-27T11:27:53Z,,1e-05,,,,,,
2026-03-27T12:27:53Z,,3e-05,,,,,,
2026-03-27T12:56:29Z,2550,,9.4,84.9,7.68,9.7,57.4,5.29
2026-03-27T13:27:53Z,,0,,,,,,
2026-03-27T14:27:53Z,,0,,,,,,
2026-03-27T14:56:49Z,2550,,9.4,83,7.5,9,51.2,4.51
2026-03-27T15:27:52Z,,0,,,,,,
2026-03-27T16:27:53Z,,0,,,,,,
2026-03-27T16:57:26Z,2550,,9.2,81.9,7.31,6.4,62.5,4.66
2026-03-27T17:27:53Z,,0,,,,,,
2026-03-27T18:27:53Z,,0,,,,,,
2026-03-27T18:57:19Z,2550,,9,81.8,7.21,2.9,80.1,4.73
2026-03-27T19:27:52Z,,0,,,,,,
2026-03-27T20:27:53Z,,0,,,,,,
2026-03-27T20:57:34Z,2430,,8.8,82.1,7.14,0.7,89.4,4.55
2026-03-27T21:27:53Z,,0,,,,,,
2026-03-27T22:27:53Z,,0,,,,,,
2026-03-27T22:57:12Z,2415,,8.7,81.3,7.03,-1.2,92.1,4.11
2026-03-27T23:27:53Z,,0,,,,,,
2026-03-28T00:27:53Z,,0,,,,,,
2026-03-28T00:57:48Z,2190,,8.6,80.7,6.93,-1.5,98.2,4.29
2026-03-28T01:27:52Z,,0,,,,,,
2026-03-28T02:27:53Z,,0,,,,,,
2026-03-28T02:57:53Z,2190,,8.6,80.6,6.92,-1.8,100,4.28
2026-03-28T03:27:52Z,,0,,,,,,
2026-03-28T04:27:52Z,,0,,,,,,
2026-03-28T04:58:22Z,2040,,8.5,80.5,6.87,-0.2,100,4.78
2026-03-28T05:27:52Z,,0,,,,,,
2026-03-28T06:27:53Z,,0,,,,,,
2026-03-28T06:58:12Z,2070,,8.7,82.6,7.14,0.6,100,5.05
2026-03-28T07:27:53Z,,0,,,,,,
2026-03-28T08:27:53Z,,0,,,,,,
2026-03-28T08:58:11Z,2145,,8.8,83.1,7.23,4.6,84.6,5.6
2026-03-28T09:27:53Z,,0,,,,,,
2026-03-28T10:27:53Z,,0,,,,,,
2026-03-28T10:57:50Z,2325,,8.9,83.6,7.32,3.6,85,5.26
2026-03-28T11:27:53Z,,0,,,,,,
2026-03-28T12:27:53Z,,0,,,,,,
2026-03-28T12:57:04Z,2550,,8.9,83,7.27,2.8,80.8,4.74
2026-03-28T13:27:53Z,,0,,,,,,
2026-03-28T14:27:53Z,,0,,,,,,
2026-03-28T14:56:27Z,2385,,8.9,81.8,7.16,2.8,84.3,4.95
2026-03-28T15:27:53Z,,0,,,,,,
2026-03-28T16:27:53Z,,0,,,,,,
2026-03-28T16:56:40Z,2310,,8.7,81.8,7.07,1.5,89.9,4.83
2026-03-28T17:27:53Z,,0,,,,,,
2026-03-28T18:27:52Z,,0,,,,,,
2026-03-28T18:57:28Z,2265,,8.7,81.7,7.06,0.2,93.6,4.6
2026-03-28T19:27:53Z,,0,,,,,,
2026-03-28T20:27:53Z,,0,,,,,,
2026-03-28T20:57:28Z,2115,,8.6,80.9,6.95,-0.9,100,4.56
2026-03-28T21:27:52Z,,0,,,,,,
2026-03-28T22:27:53Z,,0,,,,,,
2026-03-28T22:57:43Z,2115,,8.6,80.8,6.94,-1.2,100,4.46
2026-03-28T23:27:53Z,,0,,,,,,
2026-03-29T00:27:53Z,,0,,,,,,
2026-03-29T00:58:24Z,2130,,8.5,80.3,6.85,-2.1,100,4.19
2026-03-29T01:27:53Z,,0,,,,,,
2026-03-29T02:27:52Z,,0,,,,,,
2026-03-29T02:57:49Z,2115,,8.5,80.1,6.84,-1.6,100,4.34
2026-03-29T03:27:52Z,,0,,,,,,
2026-03-29T04:27:53Z,,0,,,,,,
2026-03-29T04:57:03Z,2010,,8.5,80.8,6.9,0,100,4.85
2026-03-29T05:27:53Z,,0,,,,,,
2026-03-29T06:27:52Z,,0,,,,,,
2026-03-29T06:57:27Z,2145,,8.7,81.9,7.08,5.1,81.5,5.58
2026-03-29T07:27:52Z,,0,,,,,,
2026-03-29T08:27:53Z,,0,,,,,,
2026-03-29T08:57:23Z,2220,,8.8,82.4,7.17,8.2,66.3,5.55
2026-03-29T09:27:53Z,,0,,,,,,
2026-03-29T10:27:53Z,,0,,,,,,
2026-03-29T10:56:43Z,2430,,9,83.6,7.37,5.2,77.8,5.36
2026-03-29T11:27:53Z,,0,,,,,,
2026-03-29T12:27:53Z,,0,,,,,,
2026-03-29T12:56:05Z,1965,,8.9,84.2,7.37,3.2,96.8,5.84
2026-03-29T13:27:53Z,,0,,,,,,
2026-03-29T14:27:53Z,,0,,,,,,
2026-03-29T14:55:24Z,1980,,9,85.1,7.5,3.5,97.5,6.0
2026-03-29T15:27:53Z,,0,,,,,,
2026-03-29T16:27:52Z,,0,,,,,,
2026-03-29T16:55:01Z,1935,,8.9,85.3,7.47,3,99.5,5.92
2026-03-29T17:27:53Z,,1e-05,,,,,,
2026-03-29T18:27:53Z,,2e-05,,,,,,
2026-03-29T18:54:40Z,2070,,8.9,85.2,7.46,1.8,100,5.49
2026-03-29T19:27:52Z,,2e-05,,,,,,
2026-03-29T20:27:52Z,,2e-05,,,,,,
2026-03-29T20:53:52Z,2145,,8.9,84.3,7.38,0.6,100,5.05
2026-03-29T21:27:52Z,,0,,,,,,
2026-03-29T22:27:53Z,,0,,,,,,
2026-03-29T22:54:16Z,2115,,8.8,84.1,7.32,1,100,5.19
2026-03-29T23:27:53Z,,0,,,,,,
2026-03-30T00:27:52Z,,0,,,,,,
2026-03-30T00:54:20Z,2115,,8.8,83.9,7.3,0.5,100,5.02
2026-03-30T01:27:52Z,,0,,,,,,
2026-03-30T02:27:53Z,,0,,,,,,
2026-03-30T02:55:02Z,2130,,8.7,83.8,7.25,0.3,100,4.95
2026-03-30T03:27:53Z,,0,,,,,,
2026-03-30T04:27:53Z,,0,,,,,,
2026-03-30T04:55:44Z,2160,,8.7,83.6,7.23,-0.2,100,4.78
2026-03-30T05:27:53Z,,0,,,,,,
2026-03-30T06:27:52Z,,0,,,,,,
2026-03-30T06:55:29Z,2160,,8.6,83.4,7.16,-0.2,100,4.78
2026-03-30T07:27:52Z,,0,,,,,,
2026-03-30T08:27:52Z,,0,,,,,,
2026-03-30T08:55:15Z,2145,,8.6,83.1,7.14,0,100,4.85
2026-03-30T09:27:53Z,,0,,,,,,
2026-03-30T10:27:53Z,,0,,,,,,
2026-03-30T10:54:46Z,2055,,8.7,82.6,7.14,1.4,97.6,5.21
2026-03-30T11:27:53Z,,0,,,,,,
2026-03-30T12:27:53Z,,0,,,,,,
2026-03-30T12:55:39Z,2115,,8.7,82,7.09,2.2,92.2,5.2
2026-03-30T13:27:53Z,,0,,,,,,
2026-03-30T14:27:53Z,,0,,,,,,
2026-03-30T14:55:18Z,2130,,8.8,81.4,7.08,3.1,88.5,5.3
2026-03-30T15:27:53Z,,0,,,,,,
2026-03-30T16:27:53Z,,0,,,,,,
2026-03-30T16:54:58Z,2145,,8.8,81.3,7.07,1.9,91.9,5.08
2026-03-30T17:27:53Z,,0,,,,,,
2026-03-30T18:27:53Z,,0,,,,,,
2026-03-30T18:55:23Z,2190,,8.6,80.9,6.95,-1,97.4,4.41
2026-03-30T19:27:53Z,,0,,,,,,
2026-03-30T20:27:53Z,,0,,,,,,
2026-03-30T20:54:55Z,2145,,8.5,80.5,6.87,-1.9,100,4.25
2026-03-30T21:27:53Z,,0,,,,,,
2026-03-30T22:27:53Z,,0,,,,,,
2026-03-30T22:55:39Z,2055,,8.5,80.9,6.91,-0.4,100,4.72
2026-03-30T23:27:53Z,,0,,,,,,
2026-03-31T00:27:53Z,,0,,,,,,
2026-03-31T00:55:35Z,2040,,8.5,81.2,6.93,-0.1,100,4.82
2026-03-31T01:27:53Z,,0,,,,,,
2026-03-31T02:27:53Z,,0,,,,,,
2026-03-31T02:55:20Z,2040,,8.5,81.5,6.96,0,100,4.85
2026-03-31T03:27:52Z,,0,,,,,,
2026-03-31T04:27:52Z,,0,,,,,,
2026-03-31T04:56:01Z,2040,,8.5,81.8,6.98,0.3,100,4.95
2026-03-31T05:27:53Z,,0,,,,,,
2026-03-31T06:27:53Z,,0,,,,,,
2026-03-31T06:55:33Z,1665,,8.6,82.3,7.07,3.3,99.4,6.03
2026-03-31T07:27:52Z,,0,,,,,,
2026-03-31T08:27:52Z,,0,,,,,,
2026-03-31T08:55:30Z,2355,,8.8,80.5,7.0,13.1,45.5,5.19
2026-03-31T09:27:53Z,,0,,,,,,
2026-03-31T10:27:53Z,,0,,,,,,
2026-03-31T10:55:48Z,2535,,9,79.1,6.97,10.6,48.1,4.69
2026-03-31T11:27:52Z,,0,,,,,,
2026-03-31T12:27:53Z,,0,,,,,,
2026-03-31T12:55:46Z,2490,,9.1,78.7,6.98,10.3,52.3,5.01
2026-03-31T13:27:52Z,,0,,,,,,
2026-03-31T14:27:53Z,,0,,,,,,
2026-03-31T14:55:05Z,2475,,9.3,77.3,6.94,9.7,54.3,5.0
2026-03-31T15:27:53Z,,0,,,,,,
2026-03-31T16:27:53Z,,0,,,,,,
2026-03-31T16:54:41Z,2385,,9.2,77.7,6.94,8,62.3,5.15
2026-03-31T17:27:53Z,,0,,,,,,
2026-03-31T18:27:53Z,,0,,,,,,
2026-03-31T18:55:28Z,2550,,8.8,79.6,6.93,4.3,72.6,4.71
2026-03-31T19:27:53Z,,0,,,,,,
2026-03-31T20:27:53Z,,0,,,,,,
2026-03-31T20:54:40Z,2475,,8.7,79.9,6.91,2.6,79.6,4.61
2026-03-31T21:27:52Z,,0,,,,,,
2026-03-31T22:27:53Z,,0,,,,,,
2026-03-31T22:55:05Z,2265,,8.6,80.3,6.9,1.1,89.7,4.69
2026-03-31T23:27:52Z,,0,,,,,,
2026-04-01T00:27:52Z,,0,,,,,,
2026-04-01T00:54:28Z,2310,,8.6,80.6,6.92,-0.3,91.9,4.37
2026-04-01T01:27:52Z,,0,,,,,,
2026-04-01T02:27:52Z,,0,,,,,,
2026-04-01T02:55:13Z,2310,,8.5,79.7,6.8,-2.6,95.3,3.86
2026-04-01T03:27:53Z,,0,,,,,,
2026-04-01T04:27:53Z,,0,,,,,,
2026-04-01T04:54:38Z,2160,,8.4,79.5,6.74,-2.1,98.5,4.13
2026-04-01T05:27:52Z,,0,,,,,,
2026-04-01T06:27:52Z,,0,,,,,,
2026-04-01T06:54:47Z,1995,,8.5,81.1,6.92,0.6,99.3,5.02
2026-04-01T07:27:53Z,,0,,,,,,
2026-04-01T08:27:52Z,,0,,,,,,
2026-04-01T08:54:46Z,1995,,8.6,81.8,7.03,1.8,96.7,5.3
2026-04-01T09:27:53Z,,0,,,,,,
2026-04-01T10:27:52Z,,0,,,,,,
2026-04-01T10:54:20Z,2115,,8.7,82,7.09,3.9,86.7,5.48
2026-04-01T11:27:53Z,,0,,,,,,
2026-04-01T12:27:53Z,,0,,,,,,
2026-04-01T12:53:43Z,2130,,8.8,82.1,7.14,5.4,81.1,5.66
2026-04-01T13:27:53Z,,0,,,,,,
2026-04-01T14:27:53Z,,0,,,,,,
2026-04-01T14:53:50Z,2100,,8.9,82.3,7.21,5.2,84.1,5.79
2026-04-01T15:27:53Z,,0,,,,,,
2026-04-01T16:27:53Z,,0,,,,,,
2026-04-01T16:53:41Z,2160,,8.9,82.9,7.26,3,90.8,5.4
2026-04-01T17:27:53Z,,0,,,,,,
2026-04-01T18:27:52Z,,0,,,,,,
2026-04-01T18:54:36Z,2235,,8.7,82.4,7.12,0.4,94.6,4.72
2026-04-01T19:27:53Z,,0,,,,,,
2026-04-01T20:27:53Z,,0,,,,,,
2026-04-01T20:54:43Z,2175,,8.6,81.7,7.02,-1.1,99.7,4.48
2026-04-01T21:27:52Z,,0,,,,,,
2026-04-01T22:27:52Z,,0,,,,,,
2026-04-01T22:54:28Z,2190,,8.5,81.4,6.95,-1.5,100,4.37
2026-04-01T23:27:52Z,,0,,,,,,
2026-04-02T00:27:53Z,,0,,,,,,
2026-04-02T00:53:45Z,2130,,8.5,81.4,6.95,-1.1,100,4.49
2026-04-02T01:27:52Z,,0,,,,,,
2026-04-02T02:27:53Z,,0,,,,,,
2026-04-02T02:53:23Z,2055,,8.5,81.5,6.96,-0.1,100,4.82
2026-04-02T03:27:52Z,,0,,,,,,
2026-04-02T04:27:52Z,,0,,,,,,
2026-04-02T04:52:57Z,1935,,8.6,81.9,7.04,1.1,100,5.23
2026-04-02T05:27:52Z,,0,,,,,,
2026-04-02T06:27:52Z,,0,,,,,,
2026-04-02T06:52:41Z,1950,,8.7,83.2,7.19,1.8,100,5.49
2026-04-02T07:27:52Z,,0,,,,,,
2026-04-02T08:27:52Z,,0,,,,,,
2026-04-02T08:52:37Z,1845,,8.8,84,7.31,2.9,100,5.91
2026-04-02T09:27:52Z,,0,,,,,,
2026-04-02T10:27:53Z,,0,,,,,,
2026-04-02T10:52:10Z,1755,,8.9,84.8,7.43,4.3,98.7,6.4
2026-04-02T11:27:53Z,,0,,,,,,
2026-04-02T12:27:53Z,,0,,,,,,
2026-04-02T12:52:48Z,1815,,8.9,85.4,7.48,5,94.8,6.44
2026-04-02T13:27:53Z,,1e-05,,,,,,
2026-04-02T14:27:52Z,,1e-05,,,,,,
2026-04-02T14:52:31Z,1815,,8.9,85.8,7.51,4.5,97.5,6.41
2026-04-02T15:27:53Z,,3e-05,,,,,,
2026-04-02T16:27:53Z,,4e-05,,,,,,
2026-04-02T16:52:12Z,1830,,8.9,86,7.53,3.7,100,6.23
2026-04-02T17:27:53Z,,6e-05,,,,,,
2026-04-02T18:27:53Z,,8e-05,,,,,,
2026-04-02T19:27:52Z,,9e-05,,,,,,
2026-04-02T20:27:52Z,,0.00011,,,,,,
2026-04-02T20:52:55Z,1980,,8.9,86.3,7.56,2.8,100,5.87
2026-04-02T21:27:52Z,,0.00013,,,,,,
2026-04-02T22:27:53Z,,0.00015,,,,,,
2026-04-02T22:53:35Z,1980,,8.8,86.1,7.49,2.7,100,5.83
2026-04-02T23:27:52Z,,0.00017,,,,,,
2026-04-03T00:27:52Z,,0.00018,,,,,,
2026-04-03T00:53:55Z,1980,,8.8,86.2,7.5,2.8,100,5.87
2026-04-03T01:27:53Z,,0.0002,,,,,,
2026-04-03T02:27:53Z,,0.00022,,,,,,
2026-04-03T02:53:50Z,1935,,8.8,86.4,7.52,3,100,5.95
2026-04-03T03:27:53Z,,0.00024,,,,,,
2026-04-03T04:27:53Z,,0.00027,,,,,,
2026-04-03T04:53:02Z,1905,,8.8,86.3,7.51,3.1,100,5.99
2026-04-03T05:27:53Z,,0.00029,,,,,,
2026-04-03T06:27:52Z,,0.00031,,,,,,
2026-04-03T06:53:03Z,1785,,8.8,86,7.48,4,100,6.36
2026-04-03T07:27:53Z,,0.00032,,,,,,
2026-04-03T08:27:52Z,,0.00034,,,,,,
2026-04-03T08:52:57Z,1575,,8.9,85.9,7.52,5.8,95.3,6.83
2026-04-03T09:27:53Z,,0.00035,,,,,,
2026-04-03T10:27:53Z,,0.00037,,,,,,
2026-04-03T10:53:06Z,1485,,9,86.1,7.59,7.1,90.7,7.07
2026-04-03T11:27:53Z,,0.00039,,,,,,
2026-04-03T12:27:54Z,,0.0004,,,,,,
2026-04-03T12:52:58Z,1590,,9,86.2,7.6,7.4,87,6.92
2026-04-03T13:27:53Z,,0.00042,,,,,,
2026-04-03T14:27:53Z,,0.00044,,,,,,
2026-04-03T14:52:37Z,1635,,9.1,86.5,7.67,6.2,93.1,6.85
2026-04-03T15:27:53Z,,0.00047,,,,,,
2026-04-03T16:27:53Z,,0.00049,,,,,,
2026-04-03T16:52:44Z,1740,,9,87.6,7.72,5.2,98.2,6.76
2026-04-03T17:27:53Z,,0.00052,,,,,,
2026-04-03T18:27:53Z,,0.00056,,,,,,
2026-04-03T18:53:18Z,1770,,9,88.2,7.77,4.8,100,6.71
2026-04-03T19:27:52Z,,0.0006,,,,,,
2026-04-03T20:27:53Z,,0.00064,,,,,,
2026-04-03T20:53:33Z,1860,,9,88.3,7.78,4.2,100,6.44
2026-04-03T21:27:53Z,,0.00068,,,,,,
2026-04-03T22:27:53Z,,0.00072,,,,,,
2026-04-03T22:54:18Z,1935,,8.9,88.1,7.72,3.8,100,6.28
2026-04-03T23:27:53Z,,0.00076,,,,,,
2026-04-04T00:27:53Z,,0.0008,,,,,,
2026-04-04T00:54:22Z,1950,,8.9,88,7.71,3.6,100,6.19
2026-04-04T01:27:52Z,,0.00084,,,,,,
2026-04-04T02:27:53Z,,0.00088,,,,,,
2026-04-04T02:55:02Z,1965,,8.9,87.8,7.69,3.4,100,6.11
2026-04-04T03:27:53Z,,0.00091,,,,,,
2026-04-04T04:27:53Z,,0.00095,,,,,,
2026-04-04T04:54:26Z,1980,,8.9,87.9,7.7,3.3,100,6.07
2026-04-04T05:27:52Z,,0.00099,,,,,,
2026-04-04T06:27:53Z,,0.00102,,,,,,
2026-04-04T06:54:48Z,2055,,8.9,87.7,7.68,2.9,100,5.91
2026-04-04T07:27:52Z,,0.00106,,,,,,
2026-04-04T08:27:53Z,,0.00109,,,,,,
2026-04-04T08:55:04Z,2055,,8.9,87.6,7.67,2.9,100,5.91
2026-04-04T09:27:52Z,,0.00113,,,,,,
2026-04-04T10:27:53Z,,0.00116,,,,,,
2026-04-04T10:55:33Z,2070,,8.9,87.6,7.67,2.6,100,5.79
2026-04-04T11:27:53Z,,0.0012,,,,,,
2026-04-04T12:27:53Z,,0.00123,,,,,,
2026-04-04T12:56:15Z,1995,,8.9,87.1,7.63,3.1,100,5.99
2026-04-04T13:27:53Z,,0.00126,,,,,,
2026-04-04T14:27:53Z,,0.00129,,,,,,
2026-04-04T14:55:55Z,1995,,9,86.9,7.66,3.2,100,6.03
2026-04-04T15:27:53Z,,0.00132,,,,,,
2026-04-04T16:27:53Z,,0.00134,,,,,,
2026-04-04T16:55:19Z,2100,,9.1,86.9,7.71,2.5,100,5.75
2026-04-04T17:27:52Z,,0.00137,,,,,,
2026-04-04T18:27:53Z,,0.0014,,,,,,
2026-04-04T18:55:57Z,2130,,8.9,86.5,7.58,1.8,100,5.49
2026-04-04T19:27:52Z,,0.00142,,,,,,
2026-04-04T20:27:53Z,,0.00144,,,,,,
2026-04-04T20:56:29Z,2130,,8.8,86.1,7.49,1.7,100,5.45
2026-04-04T21:27:53Z,,0.00146,,,,,,
2026-04-04T22:27:52Z,,0.00148,,,,,,
2026-04-04T22:55:59Z,2100,,8.8,85.9,7.47,1.7,100,5.45
2026-04-04T23:27:52Z,,0.00149,,,,,,
2026-04-05T00:27:53Z,,0.00151,,,,,,
2026-04-05T00:55:28Z,2100,,8.8,85.7,7.46,1.5,100,5.37
2026-04-05T01:27:53Z,,0.00152,,,,,,
2026-04-05T02:27:53Z,,0.00153,,,,,,
2026-04-05T02:55:32Z,2085,,8.8,85.7,7.46,1.7,100,5.45
2026-04-05T03:27:53Z,,0.00155,,,,,,
2026-04-05T04:27:53Z,,0.00156,,,,,,
2026-04-05T04:56:11Z,2070,,8.7,85.7,7.41,1.8,100,5.49
2026-04-05T05:27:53Z,,0.00157,,,,,,
2026-04-05T06:27:52Z,,0.00158,,,,,,
2026-04-05T06:56:30Z,1875,,8.8,85.8,7.47,3.3,100,6.07
2026-04-05T07:27:53Z,,0.00159,,,,,,
2026-04-05T08:27:53Z,,0.00161,,,,,,
2026-04-05T08:56:23Z,1785,,8.9,86.1,7.54,4.2,100,6.44
2026-04-05T09:27:52Z,,0.00163,,,,,,
2026-04-05T10:27:52Z,,0.00164,,,,,,
2026-04-05T10:56:15Z,1935,,9,86,7.58,4.4,94.9,6.2
2026-04-05T11:27:52Z,,0.00166,,,,,,
2026-04-05T12:27:53Z,,0.00168,,,,,,
2026-04-05T12:56:40Z,2145,,9,85.7,7.55,4.1,90.5,5.79
2026-04-05T13:27:52Z,,0.00169,,,,,,
2026-04-05T14:27:52Z,,0.0017,,,,,,
2026-04-05T14:56:08Z,2145,,8.9,84.6,7.41,2.7,94,5.48
2026-04-05T15:27:53Z,,0.00137,,,,,,
2026-04-05T16:27:53Z,,0.00104,,,,,,
2026-04-05T16:55:41Z,2115,,9,86,7.58,2.3,99.4,5.64
2026-04-05T17:27:52Z,,0.00105,,,,,,
2026-04-05T18:27:52Z,,0.00107,,,,,,
2026-04-05T18:54:53Z,2070,,8.9,85.8,7.51,2.1,100,5.6
2026-04-05T19:27:52Z,,0.00108,,,,,,
2026-04-05T20:27:52Z,,0.0011,,,,,,
2026-04-05T20:55:33Z,1935,,9,86.5,7.62,3.4,100,6.11
2026-04-05T21:27:52Z,,0.00112,,,,,,
2026-04-05T22:27:53Z,,0.00114,,,,,,
2026-04-05T22:55:54Z,1920,,9,86.9,7.66,3.7,100,6.23
2026-04-05T23:27:53Z,,0.00117,,,,,,
2026-04-06T00:27:52Z,,0.0012,,,,,,
2026-04-06T00:55:11Z,2235,,9.1,86.1,7.64,3.2,92.9,5.6
2026-04-06T01:27:52Z,,0.00121,,,,,,
2026-04-06T02:27:53Z,,0.00123,,,,,,
2026-04-06T02:54:58Z,2160,,9,84.7,7.47,2.5,95.2,5.48
2026-04-06T03:27:53Z,,0.0009,,,,,,
2026-04-06T04:27:52Z,,0.00057,,,,,,
2026-04-06T04:54:30Z,2040,,8.9,84.7,7.42,2,100,5.56
2026-04-06T05:27:52Z,,0.00023,,,,,,
2026-04-06T06:27:52Z,,0,,,,,,
2026-04-06T06:55:31Z,2100,,9,85.3,7.52,1.6,100,5.41
2026-04-06T07:27:52Z,,1e-05,,,,,,
2026-04-06T08:27:53Z,,1e-05,,,,,,
2026-04-06T08:55:17Z,1980,,8.9,85.7,7.51,2.8,100,5.87
2026-04-06T09:27:52Z,,2e-05,,,,,,
2026-04-06T10:27:53Z,,4e-05,,,,,,
2026-04-06T10:54:38Z,1935,,8.9,86.2,7.55,3.2,100,6.03
2026-04-06T11:27:52Z,,6e-05,,,,,,
2026-04-06T12:27:53Z,,7e-05,,,,,,
2026-04-06T12:55:20Z,1815,,9,86,7.58,4.1,100,6.4
2026-04-06T13:27:52Z,,9e-05,,,,,,
2026-04-06T14:27:52Z,,0.00011,,,,,,
2026-04-06T14:55:42Z,1830,,9,86.4,7.62,4,100,6.36
2026-04-06T15:27:52Z,,0.00013,,,,,,
2026-04-06T16:27:53Z,,0.00015,,,,,,
2026-04-06T16:55:49Z,1950,,8.9,86.5,7.58,3.1,100,5.99
2026-04-06T17:27:52Z,,0.00017,,,,,,
2026-04-06T18:27:53Z,,0.0002,,,,,,
2026-04-06T18:55:44Z,1995,,8.9,86.4,7.57,2.7,100,5.83
2026-04-06T19:27:53Z,,0.00022,,,,,,
2026-04-06T20:27:52Z,,0.00024,,,,,,
2026-04-06T20:55:00Z,1995,,8.8,86,7.48,2.4,100,5.71
2026-04-06T21:27:53Z,,0.00026,,,,,,
2026-04-06T22:27:52Z,,0.00027,,,,,,
2026-04-06T22:55:02Z,1995,,8.8,86.1,7.49,2.4,100,5.71
2026-04-06T23:27:52Z,,0.00029,,,,,,
2026-04-07T00:27:52Z,,0.00031,,,,,,
2026-04-07T00:54:59Z,1995,,8.8,85.7,7.46,2.3,100,5.67
2026-04-07T01:27:52Z,,0.00032,,,,,,
2026-04-07T02:27:53Z,,0.00033,,,,,,
2026-04-07T02:54:32Z,1995,,8.7,85.2,7.37,2.2,100,5.64
2026-04-07T03:27:53Z,,0.00034,,,,,,
2026-04-07T04:27:53Z,,0.00034,,,,,,
2026-04-07T04:54:10Z,1935,,8.7,85.1,7.36,2.5,100,5.75
2026-04-07T05:27:52Z,,0.00034,,,,,,
2026-04-07T06:27:53Z,,0.00034,,,,,,
2026-04-07T06:54:31Z,1815,,8.7,84.4,7.3,4,97.1,6.18
2026-04-07T07:27:52Z,,1e-05,,,,,,
2026-04-07T08:27:52Z,,0,,,,,,
2026-04-07T08:55:31Z,1905,,8.8,83.4,7.26,4.8,90.5,6.07
2026-04-07T09:27:52Z,,0,,,,,,
2026-04-07T10:27:53Z,,0,,,,,,
2026-04-07T10:55:49Z,1770,,8.8,83.2,7.24,4.8,94,6.3
2026-04-07T11:27:53Z,,0,,,,,,
2026-04-07T12:27:53Z,,0,,,,,,
2026-04-07T12:55:04Z,1740,,8.9,83.7,7.33,5.6,90.4,6.39
2026-04-07T13:27:53Z,,0,,,,,,
2026-04-07T14:27:53Z,,0,,,,,,
2026-04-07T14:54:34Z,1740,,9,84,7.4,7.3,82.2,6.49
2026-04-07T15:27:52Z,,0,,,,,,
2026-04-07T16:27:52Z,,0,,,,,,
2026-04-07T16:54:45Z,2130,,9,82.2,7.25,7.1,74,5.77
2026-04-07T17:27:52Z,,0,,,,,,
2026-04-07T18:27:52Z,,0,,,,,,
2026-04-07T18:54:50Z,2295,,8.9,81.9,7.17,5.1,79.9,5.47
2026-04-07T19:27:52Z,,0,,,,,,
2026-04-07T20:27:52Z,,0,,,,,,
2026-04-07T20:55:00Z,2325,,8.8,81.5,7.09,3.5,83.1,5.11
2026-04-07T21:27:53Z,,0,,,,,,
2026-04-07T22:27:52Z,,0,,,,,,
2026-04-07T22:54:51Z,2535,,8.8,79.6,6.93,2.4,75.2,4.3
2026-04-07T23:27:53Z,,0,,,,,,
2026-04-08T00:27:53Z,,0,,,,,,
2026-04-08T00:54:38Z,2535,,8.7,77.5,6.7,1.7,72.6,3.96
2026-04-08T01:27:52Z,,0,,,,,,
2026-04-08T02:27:52Z,,0,,,,,,
2026-04-08T02:55:02Z,2565,,8.6,77.3,6.64,0.7,77.3,3.93
2026-04-08T03:27:53Z,,0,,,,,,
2026-04-08T04:27:53Z,,0,,,,,,
2026-04-08T04:55:00Z,2535,,8.5,76.8,6.56,0.5,77.4,3.89
2026-04-08T05:27:52Z,,0,,,,,,
2026-04-08T06:27:52Z,,0,,,,,,
2026-04-08T06:54:58Z,2550,,8.5,76.2,6.5,4,60.6,3.85
2026-04-08T07:27:52Z,,0,,,,,,
2026-04-08T08:27:52Z,,0,,,,,,
2026-04-08T08:55:31Z,2550,,8.5,74,6.32,6.3,45.9,3.4
2026-04-08T09:27:53Z,,0,,,,,,
2026-04-08T10:27:53Z,,0,,,,,,
2026-04-08T10:55:34Z,2565,,8.6,73,6.27,5,48,3.26
2026-04-08T11:27:52Z,,0,,,,,,
2026-04-08T12:27:53Z,,0,,,,,,
2026-04-08T12:55:55Z,2550,,8.7,71.2,6.16,5.6,38.8,2.74
2026-04-08T13:27:53Z,,0,,,,,,
2026-04-08T14:27:53Z,,0,,,,,,
2026-04-08T14:56:26Z,2535,,8.9,70.1,6.14,5.5,37,2.6
2026-04-08T15:27:53Z,,0,,,,,,
2026-04-08T16:27:53Z,,0,,,,,,
2026-04-08T16:55:44Z,2535,,8.8,68.8,5.99,4.1,37.4,2.39
2026-04-08T17:27:52Z,,0,,,,,,
2026-04-08T18:27:52Z,,0,,,,,,
2026-04-08T18:56:00Z,2535,,8.6,69.4,5.96,1.8,41.8,2.29
2026-04-08T19:27:53Z,,0,,,,,,
2026-04-08T20:27:53Z,,0,,,,,,
2026-04-08T20:55:40Z,2535,,8.5,70.2,5.99,-0.2,51.6,2.47
2026-04-08T21:27:53Z,,0,,,,,,
2026-04-08T22:27:53Z,,0,,,,,,
2026-04-08T22:56:23Z,2535,,8.4,70.9,6.01,-1.2,58.5,2.61
2026-04-08T23:27:53Z,,0,,,,,,
2026-04-09T00:27:53Z,,0,,,,,,
2026-04-09T00:57:00Z,2535,,8.3,71.8,6.05,-2.4,67.4,2.77
2026-04-09T01:27:53Z,,0,,,,,,
2026-04-09T02:27:53Z,,0,,,,,,
2026-04-09T02:57:03Z,2535,,8.2,72.6,6.08,-3.4,75.6,2.89
2026-04-09T03:27:53Z,,0,,,,,,
2026-04-09T04:27:53Z,,0,,,,,,
2026-04-09T04:57:27Z,2535,,8.2,72.9,6.1,-1,69.5,3.15
2026-04-09T05:27:53Z,,0,,,,,,
2026-04-09T06:27:53Z,,0,,,,,,
2026-04-09T06:56:39Z,2550,,8.2,72.5,6.07,4.2,51.5,3.32
2026-04-09T07:27:53Z,,0,,,,,,
2026-04-09T08:27:53Z,,0,,,,,,
2026-04-09T08:56:25Z,2535,,8.3,71.3,6.01,7.1,37.4,2.92
2026-04-09T09:27:52Z,,0,,,,,,
2026-04-09T10:27:52Z,,0,,,,,,
2026-04-09T10:56:12Z,2565,,8.5,70.3,6.0,5.2,38.3,2.64
2026-04-09T11:27:52Z,,0,,,,,,
2026-04-09T12:27:53Z,,0,,,,,,
2026-04-09T12:56:47Z,2535,,8.7,69.1,5.97,6.5,28.9,2.17
2026-04-09T13:27:52Z,,0,,,,,,
2026-04-09T14:27:53Z,,0,,,,,,
2026-04-09T14:57:08Z,2520,,8.9,69.6,6.1,5.6,43.7,3.09
2026-04-09T15:27:52Z,,0,,,,,,
2026-04-09T16:27:53Z,,0,,,,,,
2026-04-09T16:57:25Z,2535,,8.8,70.8,6.16,3.9,47.8,3.02
2026-04-09T17:27:53Z,,0,,,,,,
2026-04-09T18:27:53Z,,0,,,,,,
2026-04-09T18:56:55Z,2520,,8.5,72.4,6.18,0.4,61.2,3.05
2026-04-09T19:27:52Z,,0,,,,,,
2026-04-09T20:27:52Z,,0,,,,,,
2026-04-09T20:57:16Z,2535,,8.4,73.7,6.25,-1.9,70.5,3.0
2026-04-09T21:27:53Z,,0,,,,,,
2026-04-09T22:27:52Z,,0,,,,,,
2026-04-09T23:27:52Z,,0,,,,,,
2026-04-10T00:27:53Z,,0,,,,,,
2026-04-10T00:57:21Z,2520,,8.2,74.3,6.22,-3.7,80.2,3.0
2026-04-10T01:27:53Z,,0,,,,,,
2026-04-10T02:27:53Z,,0,,,,,,
2026-04-10T02:57:04Z,2535,,8.1,73.8,6.14,-3.9,78,2.88
2026-04-10T03:27:53Z,,0,,,,,,
2026-04-10T04:27:52Z,,0,,,,,,
2026-04-10T04:57:17Z,2535,,8.1,72.8,6.06,0.3,63.8,3.16
2026-04-10T05:27:52Z,,0,,,,,,
2026-04-10T06:27:53Z,,0,,,,,,
2026-04-10T06:57:20Z,2535,,8.2,71.9,6.02,8.3,40.1,3.38
2026-04-10T07:27:53Z,,0,,,,,,
2026-04-10T08:27:53Z,,0,,,,,,
2026-04-10T08:57:42Z,2535,,8.5,70.9,6.05,10.1,28.3,2.68
2026-04-10T09:27:53Z,,0,,,,,,
2026-04-10T10:27:53Z,,0,,,,,,
2026-04-10T10:57:37Z,2535,,8.7,69.9,6.04,7.7,24.5,1.99
2026-04-10T11:27:52Z,,0,,,,,,
2026-04-10T12:27:52Z,,0,,,,,,
2026-04-10T12:56:59Z,2535,,8.9,71.2,6.24,7.8,25.7,2.1
2026-04-10T13:27:52Z,,0,,,,,,
2026-04-10T14:27:52Z,,0,,,,,,
2026-04-10T14:57:32Z,2535,,9,65.5,5.77,7.8,22.1,1.8
2026-04-10T15:27:52Z,,0,,,,,,
2026-04-10T16:27:53Z,,0,,,,,,
2026-04-10T16:56:59Z,2550,,9,64.9,5.72,7.2,30.1,2.36
2026-04-10T17:27:53Z,,0,,,,,,
2026-04-10T18:27:52Z,,0,,,,,,
2026-04-10T18:57:46Z,2535,,8.6,68.7,5.9,2.4,44.1,2.52
2026-04-10T19:27:53Z,,0,,,,,,
2026-04-10T20:27:52Z,,0,,,,,,
2026-04-10T20:57:36Z,2535,,8.5,69.2,5.91,1,45.5,2.36
2026-04-10T21:27:53Z,,0,,,,,,
2026-04-10T22:27:53Z,,0,,,,,,
2026-04-10T22:56:55Z,2535,,8.3,70.2,5.92,-1.5,55.7,2.43
2026-04-10T23:27:52Z,,0,,,,,,
2026-04-11T00:27:52Z,,0,,,,,,
2026-04-11T00:56:56Z,2535,,8.3,69.6,5.87,-1.2,49.1,2.19
2026-04-11T01:27:52Z,,0,,,,,,
2026-04-11T02:27:53Z,,0,,,,,,
2026-04-11T02:56:06Z,2535,,8.2,69.3,5.8,-1.6,49,2.13
2026-04-11T03:27:52Z,,0,,,,,,
2026-04-11T04:27:52Z,,0,,,,,,
2026-04-11T04:56:16Z,2535,,8.2,68.8,5.76,1.9,45.4,2.51
2026-04-11T05:27:53Z,,0,,,,,,
2026-04-11T06:27:52Z,,0,,,,,,
2026-04-11T06:56:39Z,2535,,8.4,69.3,5.88,9.6,34.8,3.19
2026-04-11T07:27:53Z,,0,,,,,,
2026-04-11T08:27:53Z,,0,,,,,,
2026-04-11T08:56:27Z,2535,,8.7,69.1,5.97,12.8,24,2.69
2026-04-11T09:27:53Z,,0,,,,,,
2026-04-11T10:27:52Z,,0,,,,,,
2026-04-11T10:57:18Z,2535,,9,70.2,6.19,9.8,28.6,2.65
2026-04-11T11:27:52Z,,0,,,,,,
2026-04-11T12:27:52Z,,0,,,,,,
2026-04-11T12:57:26Z,2520,,9.1,69,6.12,9.5,22,2.0
2026-04-11T13:27:52Z,,0,,,,,,
2026-04-11T14:27:53Z,,0,,,,,,
2026-04-11T14:57:18Z,2535,,9.1,68.3,6.06,8.6,23,1.98
2026-04-11T15:27:52Z,,0,,,,,,
2026-04-11T16:27:53Z,,0,,,,,,
2026-04-11T16:57:05Z,2535,,9.1,64.4,5.71,7.8,27.8,2.27
2026-04-11T17:27:52Z,,0,,,,,,
2026-04-11T18:27:53Z,,0,,,,,,
2026-04-11T18:56:28Z,2535,,8.7,67.8,5.86,3.1,39.4,2.36
2026-04-11T19:27:52Z,,0,,,,,,
2026-04-11T20:27:58Z,,0,,,,,,
2026-04-11T20:55:50Z,2535,,8.5,69.5,5.93,0.1,48.9,2.39
2026-04-11T21:27:52Z,,0,,,,,,
2026-04-11T22:27:53Z,,0,,,,,,
2026-04-11T22:55:28Z,2535,,8.4,70.2,5.95,-1.3,54.9,2.43
2026-04-11T23:27:53Z,,0,,,,,,
2026-04-12T00:27:52Z,,0,,,,,,
2026-04-12T00:54:43Z,2535,,8.4,69.8,5.92,0,49.6,2.41
2026-04-12T01:27:52Z,,0,,,,,,
2026-04-12T02:27:52Z,,0,,,,,,
2026-04-12T02:54:26Z,2535,,8.4,69.2,5.87,0.2,48.7,2.39
2026-04-12T03:27:53Z,,0,,,,,,
2026-04-12T04:27:53Z,,0,,,,,,
2026-04-12T04:53:50Z,2520,,8.4,69.3,5.88,2.9,47,2.78
2026-04-12T05:27:52Z,,0,,,,,,
2026-04-12T06:27:53Z,,0,,,,,,
2026-04-12T06:54:06Z,2535,,8.6,70.6,6.07,10.3,39.6,3.79
2026-04-12T07:27:52Z,,0,,,,,,
2026-04-12T08:27:53Z,,0,,,,,,
2026-04-12T08:54:17Z,2535,,8.9,73.8,6.46,13.7,37.8,4.47
2026-04-12T09:27:53Z,,0,,,,,,
2026-04-12T10:27:53Z,,0,,,,,,
2026-04-12T10:54:58Z,2550,,9.1,75.8,6.72,10.2,49.3,4.69
2026-04-12T11:27:53Z,,0,,,,,,
2026-04-12T12:27:53Z,,0,,,,,,
2026-04-12T12:55:33Z,2520,,9.3,77.8,6.99,9.9,50.2,4.69
2026-04-12T13:27:52Z,,0,,,,,,
2026-04-12T14:27:52Z,,0,,,,,,
2026-04-12T14:55:02Z,2535,,9.3,76,6.83,9.4,49.4,4.47
2026-04-12T15:27:53Z,,0,,,,,,
2026-04-12T16:27:53Z,,0,,,,,,
2026-04-12T16:55:33Z,2535,,9.3,74.3,6.68,8.7,48.1,4.16
2026-04-12T17:27:53Z,,0,,,,,,
2026-04-12T18:27:52Z,,0,,,,,,
2026-04-12T18:56:22Z,2520,,8.9,75.8,6.64,5.1,59.4,4.06
2026-04-12T19:27:53Z,,0,,,,,,
2026-04-12T20:27:52Z,,0,,,,,,
2026-04-12T20:55:46Z,2535,,8.7,76.8,6.64,1.8,69.7,3.82
2026-04-12T21:27:52Z,,0,,,,,,
2026-04-12T22:27:52Z,,0,,,,,,
2026-04-12T22:56:03Z,2535,,8.6,77.1,6.62,0,76.3,3.7
2026-04-12T23:27:53Z,,0,,,,,,
2026-04-13T00:27:52Z,,0,,,,,,
2026-04-13T00:55:33Z,2535,,8.4,76.9,6.52,-1.4,81.2,3.57
2026-04-13T01:27:53Z,,0,,,,,,
2026-04-13T02:27:53Z,,0,,,,,,
2026-04-13T02:55:33Z,2490,,8.4,76.8,6.51,-1.8,83.8,3.59
2026-04-13T03:27:53Z,,0,,,,,,
2026-04-13T04:27:52Z,,0,,,,,,
2026-04-13T04:55:37Z,2325,,8.4,77,6.53,3,78.1,4.65
2026-04-13T05:27:53Z,,0,,,,,,
2026-04-13T06:27:53Z,,0,,,,,,
2026-04-13T06:56:09Z,2010,,8.7,77.1,6.67,13.8,45.9,5.47
2026-04-13T07:27:53Z,,0,,,,,,
2026-04-13T08:27:52Z,,0,,,,,,
2026-04-13T08:56:26Z,2550,,9.1,77.7,6.89,15.9,35.4,4.79
2026-04-13T09:27:52Z,,0,,,,,,
2026-04-13T10:27:53Z,,0,,,,,,
2026-04-13T10:56:51Z,2460,,9.3,77.3,6.94,11.8,47.9,5.04
2026-04-13T11:27:53Z,,0,,,,,,
2026-04-13T12:27:53Z,,0,,,,,,
2026-04-13T12:57:28Z,2295,,9.3,77.7,6.98,10.6,54.4,5.31
2026-04-13T13:27:52Z,,0,,,,,,
2026-04-13T14:27:53Z,,0,,,,,,
2026-04-13T14:58:03Z,2325,,9.4,77.7,7.03,10.5,54.1,5.25
2026-04-13T15:27:53Z,,0,,,,,,
2026-04-13T16:27:52Z,,0,,,,,,
2026-04-13T16:57:54Z,2325,,9.4,77.6,7.02,9.3,58.6,5.26
2026-04-13T17:27:53Z,,0,,,,,,
2026-04-13T18:27:53Z,,0,,,,,,
2026-04-13T18:58:17Z,2520,,9,79.9,7.04,5.8,68.6,4.91
2026-04-13T19:27:53Z,,0,,,,,,
2026-04-13T20:27:53Z,,0,,,,,,
2026-04-13T20:57:50Z,2535,,8.8,80.2,6.98,2.5,77.5,4.46
2026-04-13T21:27:52Z,,0,,,,,,
2026-04-13T22:27:52Z,,0,,,,,,
2026-04-13T22:57:44Z,2475,,8.6,79.9,6.86,0.4,84.4,4.21
2026-04-13T23:27:52Z,,0,,,,,,
2026-04-14T00:27:53Z,,0,,,,,,
2026-04-14T00:57:39Z,2475,,8.5,79.5,6.79,,,
2026-04-14T01:27:53Z,,0,,,,,,
2026-04-14T02:27:53Z,,0,,,,,,
2026-04-14T02:57:06Z,2340,,8.5,79.1,6.75,-1.5,91,3.98
2026-04-14T03:27:53Z,,0,,,,,,
2026-04-14T04:27:53Z,,0,,,,,,
2026-04-14T04:57:16Z,1995,,8.5,79.5,6.79,3.1,88.7,5.31
2026-04-14T05:27:53Z,,0,,,,,,
2026-04-14T06:27:53Z,,0,,,,,,
2026-04-14T06:57:18Z,1485,,8.7,80.8,6.99,13.1,57,6.5
2026-04-14T07:27:53Z,,0,,,,,,
2026-04-14T08:27:53Z,,0,,,,,,
2026-04-14T08:57:33Z,2235,,9.1,81.6,7.24,16.7,39,5.54
2026-04-14T09:27:53Z,,0,,,,,,
2026-04-14T10:27:53Z,,0,,,,,,
2026-04-14T10:58:29Z,2520,,9.4,79.8,7.22,13.2,42.2,4.84
2026-04-14T11:27:53Z,,0,,,,,,
2026-04-14T12:27:52Z,,0,,,,,,
2026-04-14T12:57:32Z,2535,,9.5,78.5,7.14,12.3,46,4.99
2026-04-14T13:27:53Z,,0,,,,,,
2026-04-14T14:27:52Z,,0,,,,,,
2026-04-14T14:57:12Z,2535,,9.6,80,7.33,12,46.3,4.93
2026-04-14T15:27:52Z,,0,,,,,,
2026-04-14T16:27:52Z,,0,,,,,,
2026-04-14T16:56:31Z,2535,,9.6,76.3,6.99,11.1,46.7,4.7
2026-04-14T17:27:52Z,,0,,,,,,
2026-04-14T18:27:53Z,,0,,,,,,
2026-04-14T18:55:57Z,2535,,9.1,79.4,7.04,6.8,60.4,4.62
2026-04-14T19:27:52Z,,0,,,,,,
2026-04-14T20:27:52Z,,0,,,,,,
2026-04-14T20:56:35Z,2535,,8.8,79.8,6.94,3.5,69.8,4.29
2026-04-14T21:27:52Z,,0,,,,,,
2026-04-14T22:27:53Z,,0,,,,,,
2026-04-14T22:56:30Z,2535,,8.7,79.6,6.88,1.2,75.7,3.99
2026-04-14T23:27:52Z,,0,,,,,,
2026-04-15T00:27:52Z,,0,,,,,,
2026-04-15T00:56:46Z,2535,,8.6,79,6.79,-0.5,79.3,3.72
2026-04-15T01:27:53Z,,0,,,,,,
2026-04-15T02:27:52Z,,0,,,,,,
2026-04-15T02:57:15Z,2535,,8.5,78.6,6.71,-0.9,83.2,3.79
2026-04-15T03:27:53Z,,0,,,,,,
2026-04-15T04:27:53Z,,0,,,,,,
2026-04-15T04:58:03Z,2325,,8.5,79,6.74,1.2,85.8,4.52
2026-04-15T05:27:53Z,,0,,,,,,
2026-04-15T06:27:53Z,,0,,,,,,
2026-04-15T06:57:17Z,2430,,8.7,78.3,6.77,4.8,72.8,4.88
2026-04-15T07:27:53Z,,0,,,,,,
2026-04-15T08:27:52Z,,0,,,,,,
2026-04-15T08:57:38Z,2535,,9.1,76.1,6.75,15.4,33.7,4.43
2026-04-15T09:27:53Z,,0,,,,,,
2026-04-15T10:27:53Z,,0,,,,,,
2026-04-15T10:56:56Z,2535,,9.5,76.8,6.99,15.8,25.9,3.48
2026-04-15T11:27:53Z,,0,,,,,,
2026-04-15T12:27:52Z,,0,,,,,,
2026-04-15T12:56:34Z,2535,,9.6,75.3,6.9,13.6,31.7,3.73
2026-04-15T13:27:53Z,,0,,,,,,
2026-04-15T14:27:53Z,,0,,,,,,
2026-04-15T14:57:14Z,2550,,9.6,78.3,7.17,11.7,43.6,4.56
2026-04-15T15:27:53Z,,0,,,,,,
2026-04-15T16:27:52Z,,0,,,,,,
2026-04-15T16:57:31Z,2550,,9.6,79.4,7.27,10.3,52.2,5.0
2026-04-15T17:27:53Z,,0,,,,,,
2026-04-15T18:27:52Z,,0,,,,,,
2026-04-15T18:57:15Z,2535,,9.2,79.9,7.13,7.3,60.9,4.81
2026-04-15T19:27:53Z,,0,,,,,,
2026-04-15T20:27:52Z,,0,,,,,,
2026-04-15T20:58:00Z,2535,,8.9,80.2,7.02,3.9,73.1,4.62
2026-04-15T21:27:52Z,,0,,,,,,
2026-04-15T22:27:52Z,,0,,,,,,
2026-04-15T22:58:38Z,2460,,8.8,80.3,6.99,2.6,81.9,4.74
2026-04-15T23:27:52Z,,0,,,,,,
2026-04-16T00:27:53Z,,0,,,,,,
2026-04-16T00:58:27Z,2505,,8.7,80.3,6.94,1.4,82.7,4.41
2026-04-16T01:27:53Z,,0,,,,,,
2026-04-16T02:27:52Z,,0,,,,,,
2026-04-16T02:58:55Z,2220,,8.7,80.4,6.95,2.4,87.9,5.02
2026-04-16T03:27:53Z,,0,,,,,,
2026-04-16T04:27:53Z,,0,,,,,,
2026-04-16T04:58:36Z,2070,,8.8,80.7,7.02,3.8,87.8,5.51
2026-04-16T05:27:52Z,,0,,,,,,
2026-04-16T06:27:52Z,,0,,,,,,
2026-04-16T06:59:24Z,2040,,8.9,81.2,7.11,5.3,83.1,5.76
2026-04-16T07:27:53Z,,0,,,,,,
2026-04-16T08:27:52Z,,0,,,,,,
2026-04-16T09:27:52Z,,0,,,,,,
2026-04-16T10:27:53Z,,0,,,,,,
2026-04-16T10:58:03Z,1665,,9.1,83.1,7.37,8.8,75.4,6.56
2026-04-16T11:27:52Z,,0,,,,,,
2026-04-16T12:27:53Z,,0,,,,,,
2026-04-16T12:58:40Z,1665,,9.4,83,7.5,11.5,64.3,6.64
2026-04-16T13:27:52Z,,0,,,,,,
2026-04-16T14:27:53Z,,0,,,,,,
2026-04-16T14:58:48Z,1665,,9.5,82.1,7.47,11.1,66.3,6.68
2026-04-16T15:27:53Z,,0,,,,,,
2026-04-16T16:27:53Z,,0,,,,,,
2026-04-16T16:59:15Z,1395,,9.4,86.3,7.8,9.2,82.7,7.38
2026-04-16T17:27:53Z,,2e-05,,,,,,
2026-04-16T18:27:53Z,,4e-05,,,,,,
2026-04-16T18:59:51Z,1890,,9.4,85.5,7.73,9,73.6,6.49
2026-04-16T19:27:52Z,,5e-05,,,,,,
2026-04-16T20:27:53Z,,6e-05,,,,,,
2026-04-16T21:00:27Z,1800,,9.4,84.7,7.66,8.6,77.1,6.62
2026-04-16T21:27:52Z,,0,,,,,,
2026-04-16T22:27:52Z,,0,,,,,,
2026-04-16T22:59:45Z,1800,,9.4,84.7,7.66,8.4,78.2,6.63
2026-04-16T23:27:53Z,,0,,,,,,
2026-04-17T00:27:52Z,,0,,,,,,
2026-04-17T00:59:55Z,1620,,9.3,87,7.82,7.5,87.9,7.03
2026-04-17T01:27:53Z,,3e-05,,,,,,
2026-04-17T02:27:53Z,,6e-05,,,,,,
2026-04-17T02:59:18Z,1875,,9.3,87.1,7.83,6.9,85.7,6.6
2026-04-17T03:27:52Z,,9e-05,,,,,,
2026-04-17T04:27:53Z,,0.00012,,,,,,
2026-04-17T04:59:22Z,2130,,9.3,84.8,7.62,9.7,65.1,6.0
2026-04-17T05:27:53Z,,0,,,,,,
2026-04-17T06:27:53Z,,0,,,,,,
2026-04-17T06:58:40Z,2355,,9.3,81.5,7.32,14.9,42.8,5.45
2026-04-17T07:27:53Z,,0,,,,,,
2026-04-17T08:27:53Z,,0,,,,,,
2026-04-17T08:58:51Z,2565,,9.6,77.3,7.08,17.4,30.1,4.46
2026-04-17T09:27:53Z,,0,,,,,,
2026-04-17T10:27:52Z,,0,,,,,,
2026-04-17T10:59:06Z,2535,,9.8,74.9,6.95,14.7,32.7,4.12
2026-04-17T11:27:53Z,,0,,,,,,
2026-04-17T12:27:53Z,,0,,,,,,
2026-04-17T12:59:40Z,2550,,9.9,71.1,6.64,14,33.2,4.0
2026-04-17T13:27:53Z,,0,,,,,,
2026-04-17T14:27:53Z,,0,,,,,,
2026-04-17T14:59:13Z,2580,,10,70.2,6.59,13.9,34.9,4.18
2026-04-17T15:27:53Z,,0,,,,,,
2026-04-17T16:27:52Z,,0,,,,,,
2026-04-17T16:59:38Z,2535,,10,72.5,6.81,12.6,39.7,4.39
2026-04-17T17:27:52Z,,0,,,,,,
2026-04-17T18:27:53Z,,0,,,,,,
2026-04-17T18:59:05Z,2550,,9.6,76,6.96,9.4,50.1,4.53
2026-04-17T19:27:52Z,,0,,,,,,
2026-04-17T20:27:53Z,,0,,,,,,
2026-04-17T20:58:58Z,2535,,9.3,78.2,7.03,7.3,55.6,4.39
2026-04-17T21:27:53Z,,0,,,,,,
2026-04-17T22:27:52Z,,0,,,,,,
2026-04-17T22:59:27Z,2535,,9.2,78.6,7.02,5.9,60.1,4.33
2026-04-17T23:27:52Z,,0,,,,,,
2026-04-18T00:27:52Z,,0,,,,,,
2026-04-18T00:59:09Z,2535,,9.1,78.3,6.95,4.7,64.7,4.31
2026-04-18T01:27:53Z,,0,,,,,,
2026-04-18T02:27:53Z,,0,,,,,,
2026-04-18T02:59:47Z,2535,,9,78.7,6.94,2.2,72.8,4.1
2026-04-18T03:27:52Z,,0,,,,,,
2026-04-18T04:27:53Z,,0,,,,,,
2026-04-18T04:59:07Z,2445,,9,79.2,6.98,7.8,61.8,5.04
2026-04-18T05:27:52Z,,0,,,,,,
2026-04-18T06:27:52Z,,0,,,,,,
2026-04-18T06:59:28Z,2250,,9.2,78.2,6.98,17.5,35.9,5.35
2026-04-18T07:27:52Z,,0,,,,,,
2026-04-18T08:27:53Z,,0,,,,,,
2026-04-18T08:59:53Z,2535,,9.4,76.2,6.89,16.4,29.6,4.13
2026-04-18T09:27:53Z,,0,,,,,,
2026-04-18T10:27:53Z,,0,,,,,,
2026-04-18T11:00:41Z,2550,,9.6,74.5,6.82,12,42.3,4.51
2026-04-18T11:27:53Z,,0,,,,,,
2026-04-18T12:27:53Z,,0,,,,,,
2026-04-18T13:01:21Z,2535,,9.6,75.6,6.92,10.4,46.7,4.5
2026-04-18T13:27:52Z,,0,,,,,,
2026-04-18T14:27:53Z,,0,,,,,,
2026-04-18T15:01:26Z,2550,,9.7,77.1,7.11,9.9,49,4.57
2026-04-18T15:27:52Z,,0,,,,,,
2026-04-18T16:27:53Z,,0,,,,,,
2026-04-18T17:01:35Z,2535,,9.5,77.2,7.02,8,56.4,4.66
2026-04-18T17:27:53Z,,0,,,,,,
2026-04-18T18:27:53Z,,0,,,,,,
2026-04-18T19:02:18Z,2550,,9.3,78.8,7.08,6,60.5,4.39
2026-04-18T19:27:53Z,,0,,,,,,
2026-04-18T20:27:53Z,,0,,,,,,
2026-04-18T21:02:29Z,2550,,9.2,78.6,7.02,5.5,62.7,4.4
2026-04-18T21:27:53Z,,0,,,,,,
2026-04-18T22:27:52Z,,0,,,,,,
2026-04-18T23:02:51Z,2535,,9.1,76.6,6.79,4.3,61.5,3.99
2026-04-18T23:27:52Z,,0,,,,,,
2026-04-19T00:27:52Z,,0,,,,,,
2026-04-19T01:02:06Z,2535,,8.9,76.2,6.67,1.7,67.6,3.68
2026-04-19T01:27:53Z,,0,,,,,,
2026-04-19T02:27:53Z,,0,,,,,,
2026-04-19T03:02:43Z,2535,,8.8,76.6,6.67,-0.5,75.8,3.55
2026-04-19T03:27:52Z,,0,,,,,,
2026-04-19T04:27:52Z,,0,,,,,,
2026-04-19T05:03:03Z,2535,,8.7,76.4,6.61,4,69.5,4.42
2026-04-19T05:27:52Z,,0,,,,,,
2026-04-19T06:27:52Z,,0,,,,,,
2026-04-19T07:02:52Z,2535,,8.9,75.9,6.65,9.9,42.7,3.99
2026-04-19T07:27:52Z,,0,,,,,,
2026-04-19T08:27:53Z,,0,,,,,,
2026-04-19T09:03:44Z,2535,,9.1,75,6.65,10.5,36.4,3.53
2026-04-19T09:27:53Z,,0,,,,,,
2026-04-19T10:27:52Z,,0,,,,,,
2026-04-19T11:04:08Z,2535,,9.1,75.8,6.72,8.1,47.8,3.98
2026-04-19T11:27:52Z,,0,,,,,,
2026-04-19T12:27:53Z,,0,,,,,,
2026-04-19T13:03:13Z,2535,,9.2,75.6,6.75,8,46.9,3.88
2026-04-19T13:27:53Z,,0,,,,,,
2026-04-19T14:27:52Z,,0,,,,,,
2026-04-19T15:03:24Z,2550,,9.5,73.2,6.66,7.9,47.9,3.93
2026-04-19T15:27:52Z,,0,,,,,,
2026-04-19T16:27:53Z,,0,,,,,,
2026-04-19T17:03:59Z,2535,,9.5,72.9,6.63,7.2,49.7,3.9
2026-04-19T17:27:52Z,,0,,,,,,
2026-04-19T18:27:52Z,,0,,,,,,
2026-04-19T19:04:31Z,2535,,9,75.3,6.64,3.8,56.4,3.54
2026-04-19T19:27:52Z,,0,,,,,,
2026-04-19T20:27:53Z,,0,,,,,,
2026-04-19T21:03:41Z,2535,,8.9,73.4,6.43,3.1,52.6,3.15
2026-04-19T21:27:52Z,,0,,,,,,
2026-04-19T22:27:53Z,,0,,,,,,
2026-04-19T23:03:54Z,2535,,8.8,73,6.35,1.7,55.5,3.02
2026-04-19T23:27:53Z,,0,,,,,,
2026-04-20T00:27:53Z,,0,,,,,,
2026-04-20T01:03:37Z,2535,,8.7,72.7,6.29,0,60.7,2.94
2026-04-20T01:27:53Z,,0,,,,,,
2026-04-20T02:27:52Z,,0,,,,,,
2026-04-20T03:03:47Z,2535,,8.6,72.4,6.22,-0.6,63.2,2.94
2026-04-20T03:27:52Z,,0,,,,,,
2026-04-20T04:27:52Z,,0,,,,,,
2026-04-20T05:04:28Z,2535,,8.6,72.1,6.19,5.5,50.2,3.53
2026-04-20T05:27:53Z,,0,,,,,,
2026-04-20T06:27:53Z,,0,,,,,,
2026-04-20T07:05:11Z,2535,,8.8,71.2,6.2,14.2,28.3,3.45
2026-04-20T07:27:53Z,,0,,,,,,
2026-04-20T08:27:53Z,,0,,,,,,
2026-04-20T09:05:22Z,2535,,9,68.6,6.05,13.6,26.2,3.08
2026-04-20T09:27:53Z,,0,,,,,,
2026-04-20T10:27:53Z,,0,,,,,,
2026-04-20T11:05:39Z,2535,,9.2,67.1,5.99,11,30.2,3.02
2026-04-20T11:27:53Z,,0,,,,,,
2026-04-20T12:27:52Z,,0,,,,,,
2026-04-20T13:05:08Z,2550,,9.4,66.1,5.98,11.5,30.3,3.13
2026-04-20T13:27:53Z,,0,,,,,,
2026-04-20T14:27:53Z,,0,,,,,,
2026-04-20T15:05:19Z,2535,,9.7,64.8,5.97,11.9,29.1,3.08
2026-04-20T15:27:52Z,,0,,,,,,
2026-04-20T16:27:52Z,,0,,,,,,
2026-04-20T17:05:45Z,2535,,9.7,64,5.9,11.1,30.7,3.09
2026-04-20T17:27:53Z,,0,,,,,,
2026-04-20T18:27:53Z,,0,,,,,,
2026-04-20T19:05:19Z,2535,,9.3,70,6.29,7.7,39.6,3.21
2026-04-20T19:27:53Z,,0,,,,,,
2026-04-20T20:27:53Z,,0,,,,,,
2026-04-20T21:04:43Z,2535,,9,71.5,6.3,4.3,48,3.11
2026-04-20T21:27:53Z,,0,,,,,,
2026-04-20T22:27:52Z,,0,,,,,,
2026-04-20T23:04:56Z,2535,,8.9,72.8,6.38,1.9,52.7,2.91
2026-04-20T23:27:52Z,,0,,,,,,
2026-04-21T00:27:53Z,,0,,,,,,
2026-04-21T01:04:50Z,2535,,8.7,73.3,6.34,0.7,56.4,2.87
2026-04-21T01:27:53Z,,0,,,,,,
2026-04-21T02:27:53Z,,0,,,,,,
2026-04-21T03:05:01Z,2550,,8.7,72.5,6.27,0.9,56.6,2.92
2026-04-21T03:27:53Z,,0,,,,,,
2026-04-21T04:27:53Z,,0,,,,,,
2026-04-21T05:05:50Z,2550,,8.8,72,6.27,8.7,40.3,3.48
2026-04-21T05:27:52Z,,0,,,,,,
2026-04-21T06:27:53Z,,0,,,,,,
2026-04-21T07:05:03Z,2550,,9.1,69.9,6.2,17.6,26.2,3.93
2026-04-21T07:27:53Z,,0,,,,,,
2026-04-21T08:27:53Z,,0,,,,,,
2026-04-21T09:05:20Z,2535,,9.5,64.6,5.88,18.2,21.7,3.37
2026-04-21T09:27:53Z,,0,,,,,,
2026-04-21T10:27:53Z,,0,,,,,,
2026-04-21T11:04:43Z,2550,,9.6,64.4,5.9,13.7,29.4,3.48
2026-04-21T11:27:53Z,,0,,,,,,
2026-04-21T12:27:53Z,,0,,,,,,
2026-04-21T13:04:34Z,2550,,9.7,64.4,5.94,13.5,31.6,3.69
2026-04-21T13:27:53Z,,0,,,,,,
2026-04-21T14:27:52Z,,0,,,,,,
2026-04-21T15:05:19Z,2550,,10,63.7,5.98,14.1,30.3,3.68
2026-04-21T15:27:52Z,,0,,,,,,
2026-04-21T16:27:52Z,,0,,,,,,
2026-04-21T17:05:38Z,2535,,10,63.3,5.95,13.7,30.7,3.63
2026-04-21T17:27:53Z,,0,,,,,,
2026-04-21T18:27:53Z,,0,,,,,,
2026-04-21T19:06:25Z,2550,,9.4,71.6,6.47,8.9,41.4,3.63
2026-04-21T19:27:52Z,,0,,,,,,
2026-04-21T20:27:52Z,,0,,,,,,
2026-04-21T21:06:32Z,2550,,9.1,73.3,6.5,4.9,52,3.51
2026-04-21T21:27:52Z,,0,,,,,,
2026-04-21T22:27:52Z,,0,,,,,,
2026-04-21T23:06:03Z,2550,,9.2,74.8,6.68,6,60.5,4.39
2026-04-21T23:27:52Z,,0,,,,,,
2026-04-22T00:27:52Z,,0,,,,,,
2026-04-22T01:06:39Z,2550,,9.2,76,6.78,5.3,63.7,4.42
2026-04-22T01:27:52Z,,0,,,,,,
2026-04-22T02:27:52Z,,0,,,,,,
2026-04-22T03:07:07Z,2550,,9.1,76.7,6.8,4.2,66.3,4.27
2026-04-22T03:27:52Z,,0,,,,,,
2026-04-22T04:27:52Z,,0,,,,,,
2026-04-22T05:07:44Z,2550,,9.1,76.7,6.8,9.2,53.4,4.77
2026-04-22T05:27:52Z,,0,,,,,,
2026-04-22T06:27:52Z,,0,,,,,,
2026-04-22T07:08:21Z,2550,,9.2,75.7,6.76,11.5,45.8,4.73
2026-04-22T07:27:52Z,,0,,,,,,
2026-04-22T08:27:52Z,,0,,,,,,
2026-04-22T09:08:15Z,2475,,9.3,76.4,6.86,9.7,53.8,4.96
2026-04-22T09:27:52Z,,0,,,,,,
2026-04-22T10:27:52Z,,0,,,,,,
2026-04-22T11:08:32Z,2430,,9.3,76.4,6.86,9.7,54.5,5.02
2026-04-22T11:27:52Z,,0,,,,,,
2026-04-22T12:27:52Z,,0,,,,,,
2026-04-22T13:08:26Z,2340,,9.4,76.8,6.94,10,55.7,5.23
2026-04-22T13:27:52Z,,0,,,,,,
2026-04-22T14:27:52Z,,0,,,,,,
2026-04-22T15:07:40Z,2265,,9.5,74.6,6.79,10.6,53.3,5.2
2026-04-22T15:27:53Z,,0,,,,,,
2026-04-22T16:27:52Z,,0,,,,,,
2026-04-22T17:07:53Z,2310,,9.6,74.2,6.8,9.9,55.1,5.14
2026-04-22T17:27:55Z,,0,,,,,,
2026-04-22T18:27:52Z,,0,,,,,,
2026-04-22T19:07:39Z,2295,,9.5,77.2,7.02,8.4,62.8,5.33
2026-04-22T19:27:52Z,,0,,,,,,
2026-04-22T20:27:53Z,,0,,,,,,
2026-04-22T21:07:37Z,2580,,9.2,71,6.34,7.2,46.9,3.68
2026-04-22T21:27:52Z,,0,,,,,,
2026-04-22T22:27:53Z,,0,,,,,,
2026-04-22T23:07:06Z,2565,,9.1,70.7,6.27,3.4,47.5,2.9
2026-04-22T23:27:53Z,,0,,,,,,
2026-04-23T00:27:52Z,,0,,,,,,
2026-04-23T01:07:51Z,2550,,8.9,71,6.22,1.1,52.9,2.77
2026-04-23T01:27:54Z,,0,,,,,,
2026-04-23T02:27:54Z,,0,,,,,,
2026-04-23T03:07:16Z,2565,,8.8,70.9,6.17,0,57.2,2.77
2026-04-23T03:27:52Z,,0,,,,,,
2026-04-23T04:27:53Z,,0,,,,,,
2026-04-23T05:07:29Z,2565,,8.7,70.8,6.12,4.6,43.7,2.89
2026-04-23T05:27:53Z,,0,,,,,,
2026-04-23T06:27:54Z,,0,,,,,,
2026-04-23T07:07:28Z,2580,,8.6,69,5.93,7.5,36.9,2.95
2026-04-23T07:27:53Z,,0,,,,,,
2026-04-23T08:27:53Z,,0,,,,,,
2026-04-23T09:08:01Z,2565,,8.6,68.3,5.87,7.9,35.7,2.93
2026-04-23T09:27:53Z,,0,,,,,,
2026-04-23T10:27:53Z,,0,,,,,,
2026-04-23T11:08:20Z,2610,,8.8,67.5,5.87,7.9,35.5,2.92
2026-04-23T11:27:53Z,,0,,,,,,
2026-04-23T12:27:53Z,,0,,,,,,
2026-04-23T13:08:46Z,2550,,8.9,66.9,5.86,7.5,36.1,2.89
2026-04-23T13:27:53Z,,0,,,,,,
2026-04-23T14:27:53Z,,0,,,,,,
2026-04-23T15:08:00Z,2550,,9.2,66.3,5.92,8.6,37.8,3.25
2026-04-23T15:27:53Z,,0,,,,,,
2026-04-23T16:27:53Z,,0,,,,,,
2026-04-23T17:07:21Z,2550,,9.2,67.1,5.99,8.2,39.9,3.34
2026-04-23T17:27:52Z,,0,,,,,,
2026-04-23T18:27:53Z,,0,,,,,,
2026-04-23T19:06:41Z,2550,,9,70.7,6.23,5.5,49.1,3.45
2026-04-23T19:27:53Z,,0,,,,,,
2026-04-23T20:27:53Z,,0,,,,,,
2026-04-23T21:06:22Z,2550,,8.9,72.9,6.38,3,57.5,3.42
2026-04-23T21:27:53Z,,0,,,,,,
2026-04-23T22:27:52Z,,0,,,,,,
2026-04-23T23:06:16Z,2550,,8.8,74.1,6.45,1.8,64.6,3.54
2026-04-23T23:27:53Z,,0,,,,,,
2026-04-24T00:27:53Z,,0,,,,,,
2026-04-24T01:06:45Z,2550,,8.8,74.7,6.5,1.1,69.3,3.62
2026-04-24T01:27:53Z,,0,,,,,,
2026-04-24T02:27:53Z,,0,,,,,,
2026-04-24T03:07:26Z,2565,,8.7,75.4,6.52,0.6,73.8,3.73
2026-04-24T03:27:53Z,,0,,,,,,
2026-04-24T04:27:53Z,,0,,,,,,
2026-04-24T05:07:50Z,2445,,8.8,76.4,6.65,4,74.2,4.72
2026-04-24T05:27:53Z,,0,,,,,,
2026-04-24T06:27:53Z,,0,,,,,,
2026-04-24T07:07:22Z,2550,,8.9,75.4,6.6,12.2,42.9,4.63
2026-04-24T07:27:52Z,,0,,,,,,
2026-04-24T08:27:53Z,,0,,,,,,
2026-04-24T09:07:27Z,2580,,9.2,71.4,6.37,14.8,32.3,4.09
2026-04-24T09:27:53Z,,0,,,,,,
2026-04-24T10:27:53Z,,0,,,,,,
2026-04-24T11:07:31Z,2595,,9.3,68.5,6.15,11.1,37.3,3.76
2026-04-24T11:27:53Z,,0,,,,,,
2026-04-24T12:27:53Z,,0,,,,,,
2026-04-24T13:07:15Z,2565,,9.3,66.4,5.97,10.7,33.2,3.26
2026-04-24T13:27:53Z,,0,,,,,,
2026-04-24T14:27:53Z,,0,,,,,,
2026-04-24T15:07:07Z,2565,,9.5,64.6,5.88,10.3,33.5,3.21
2026-04-24T15:27:53Z,,0,,,,,,
2026-04-24T16:27:53Z,,0,,,,,,
2026-04-24T17:07:11Z,2565,,9.4,65.2,5.9,8.9,38.1,3.34
2026-04-24T17:27:53Z,,0,,,,,,
2026-04-24T18:27:52Z,,0,,,,,,
2026-04-24T19:06:26Z,2550,,9.2,70.1,6.26,6,45.9,3.33
2026-04-24T19:27:52Z,,0,,,,,,
2026-04-24T20:27:53Z,,0,,,,,,
2026-04-24T21:06:36Z,2550,,8.9,72,6.31,2.4,55.4,3.16
2026-04-24T21:27:52Z,,0,,,,,,
2026-04-24T22:27:53Z,,0,,,,,,
2026-04-24T23:07:13Z,2550,,8.9,73.4,6.43,2.9,59.8,3.53
2026-04-24T23:27:53Z,,0,,,,,,
2026-04-25T00:27:52Z,,0,,,,,,
2026-04-25T01:07:25Z,2550,,8.9,74.3,6.51,3.6,63.6,3.94
2026-04-25T01:27:53Z,,0,,,,,,
2026-04-25T02:27:53Z,,0,,,,,,
2026-04-25T03:08:04Z,2565,,9,74.7,6.58,4.4,67.7,4.42
2026-04-25T03:27:53Z,,0,,,,,,
2026-04-25T04:27:53Z,,0,,,,,,
2026-04-25T05:08:17Z,1770,,9,78.4,6.91,4.8,90,6.04
2026-04-25T05:27:53Z,,0,,,,,,
2026-04-25T06:27:53Z,,0,,,,,,
2026-04-25T07:08:04Z,1800,,9.2,80.9,7.22,6.2,85.1,6.26
2026-04-25T07:27:53Z,,0,,,,,,
2026-04-25T08:27:52Z,,0,,,,,,
2026-04-25T09:07:32Z,2175,,9.3,81.4,7.31,10.4,59.6,5.74
2026-04-25T09:27:53Z,,0,,,,,,
2026-04-25T10:27:53Z,,0,,,,,,
2026-04-25T11:06:57Z,2040,,9.3,81.5,7.32,8.7,69.2,5.98
2026-04-25T11:27:53Z,,0,,,,,,
2026-04-25T12:27:53Z,,0,,,,,,
2026-04-25T13:07:44Z,1890,,9.4,83.1,7.51,8.1,76.3,6.35
2026-04-25T13:27:53Z,,0,,,,,,
2026-04-25T14:27:53Z,,0,,,,,,
2026-04-25T15:07:57Z,2400,,9.4,81.9,7.41,7.8,66.6,5.43
2026-04-25T15:27:53Z,,0,,,,,,
2026-04-25T16:27:53Z,,0,,,,,,
2026-04-25T17:07:26Z,2580,,9.2,78.6,7.02,4.7,66.2,4.41
2026-04-25T17:27:53Z,,0,,,,,,
2026-04-25T18:27:54Z,,0,,,,,,
2026-04-25T19:07:58Z,2010,,8.8,79.5,6.92,1,97.5,5.06
2026-04-25T19:27:53Z,,0,,,,,,
2026-04-25T20:27:53Z,,0,,,,,,
2026-04-25T21:07:36Z,2025,,8.5,78.5,6.7,0.2,96,4.72
2026-04-25T21:27:53Z,,0,,,,,,
2026-04-25T22:27:53Z,,0,,,,,,
2026-04-25T23:07:10Z,1950,,8.4,78.3,6.64,-0.4,99.7,4.7
2026-04-25T23:27:53Z,,0,,,,,,
2026-04-26T00:27:53Z,,0,,,,,,
2026-04-26T01:07:56Z,2355,,8.3,77.1,6.5,-0.4,85.2,4.02
2026-04-26T01:27:53Z,,0,,,,,,
2026-04-26T02:27:52Z,,0,,,,,,
2026-04-26T03:08:10Z,2580,,8.3,75.2,6.34,-0.6,76.6,3.56
2026-04-26T03:27:53Z,,0,,,,,,
2026-04-26T04:27:52Z,,0,,,,,,
2026-04-26T05:08:38Z,2595,,8.2,73.5,6.15,0.7,65.3,3.32
2026-04-26T05:27:53Z,,0,,,,,,
2026-04-26T06:27:53Z,,0,,,,,,
2026-04-26T07:08:59Z,2595,,8,71,5.87,4.3,44.7,2.9
2026-04-26T07:27:53Z,,0,,,,,,
2026-04-26T08:27:54Z,,0,,,,,,
2026-04-26T09:08:47Z,2595,,8,67.5,5.58,5.4,34.9,2.44
2026-04-26T09:27:53Z,,0,,,,,,
2026-04-26T10:27:53Z,,0,,,,,,
2026-04-26T11:08:08Z,2565,,8.1,65.7,5.47,5.3,35.6,2.47
2026-04-26T11:27:53Z,,0,,,,,,
2026-04-26T12:27:53Z,,0,,,,,,
2026-04-26T13:07:47Z,2580,,8.3,65.3,5.5,6,31.9,2.32
2026-04-26T13:27:52Z,,0,,,,,,
2026-04-26T14:27:53Z,,0,,,,,,
2026-04-26T15:06:54Z,2565,,8.4,64.2,5.45,6,31.3,2.27
2026-04-26T15:27:53Z,,0,,,,,,
2026-04-26T16:27:53Z,,0,,,,,,
2026-04-26T17:07:41Z,2580,,8.6,64.7,5.56,5.5,35.6,2.5
2026-04-26T17:27:53Z,,0,,,,,,
2026-04-26T18:27:52Z,,0,,,,,,
2026-04-26T19:07:33Z,2550,,8.6,67.9,5.83,3.2,46.6,2.81
2026-04-26T19:27:53Z,,0,,,,,,
2026-04-26T20:27:53Z,,0,,,,,,
2026-04-26T21:07:44Z,2550,,8.6,69.4,5.96,1.3,54.6,2.89
2026-04-26T21:27:52Z,,0,,,,,,
2026-04-26T22:27:53Z,,0,,,,,,
2026-04-26T23:08:25Z,2550,,8.5,70.6,6.03,0.2,61.5,3.02
2026-04-26T23:27:53Z,,0,,,,,,
2026-04-27T00:27:53Z,,0,,,,,,
2026-04-27T01:08:27Z,2565,,8.4,70.6,5.99,0.6,61.6,3.11
2026-04-27T01:27:53Z,,0,,,,,,
2026-04-27T02:27:53Z,,0,,,,,,
2026-04-27T03:07:48Z,2550,,8.4,71.8,6.09,-0.3,68.8,3.27
2026-04-27T03:27:53Z,,0,,,,,,
2026-04-27T04:27:53Z,,0,,,,,,
2026-04-27T05:07:14Z,2565,,8.3,71.2,6.0,4.9,50.1,3.38
2026-04-27T05:27:53Z,,0,,,,,,
2026-04-27T06:27:53Z,,0,,,,,,
2026-04-27T07:07:47Z,2550,,8.5,70,5.98,9.9,34.9,3.26
2026-04-27T07:27:53Z,,0,,,,,,
2026-04-27T08:27:53Z,,0,,,,,,
2026-04-27T09:07:49Z,2580,,8.6,66.5,5.71,9.4,30,2.71
2026-04-27T09:27:53Z,,0,,,,,,
2026-04-27T10:27:53Z,,0,,,,,,
2026-04-27T11:08:25Z,2565,,8.7,65.3,5.65,8.7,33.3,2.88
2026-04-27T11:27:53Z,,0,,,,,,
2026-04-27T12:27:53Z,,0,,,,,,
2026-04-27T13:09:21Z,2580,,8.8,66.2,5.76,7.7,34.2,2.77
2026-04-27T13:27:53Z,,0,,,,,,
2026-04-27T14:27:52Z,,0,,,,,,
2026-04-27T15:08:39Z,2550,,8.7,65.8,5.69,6.4,43.3,3.23
2026-04-27T15:27:53Z,,0,,,,,,
2026-04-27T16:27:53Z,,0,,,,,,
2026-04-27T17:08:21Z,2550,,8.7,68.9,5.96,4.4,60.2,3.93
2026-04-27T17:27:53Z,,0,,,,,,
2026-04-27T18:27:53Z,,0,,,,,,
2026-04-27T19:08:19Z,2550,,8.7,72.1,6.23,2.8,66.7,3.91
2026-04-27T19:27:53Z,,0,,,,,,
2026-04-27T20:27:53Z,,0,,,,,,
2026-04-27T21:08:23Z,2535,,8.6,72.4,6.22,1.7,61.3,3.34
2026-04-27T21:27:53Z,,0,,,,,,
2026-04-27T22:27:53Z,,0,,,,,,
2026-04-27T23:08:34Z,2565,,8.5,72,6.15,0.7,65.6,3.34
2026-04-27T23:27:53Z,,0,,,,,,
2026-04-28T00:27:53Z,,0,,,,,,
2026-04-28T01:07:42Z,2550,,8.5,71.9,6.14,0,65.3,3.17
2026-04-28T01:27:53Z,,0,,,,,,
2026-04-28T02:27:53Z,,0,,,,,,
2026-04-28T03:07:36Z,2550,,8.4,71.7,6.08,0,68.1,3.3
2026-04-28T03:27:53Z,,0,,,,,,
2026-04-28T04:27:53Z,,0,,,,,,
2026-04-28T05:07:42Z,2550,,8.4,71.6,6.07,4.9,52.9,3.57
2026-04-28T05:27:53Z,,0,,,,,,
2026-04-28T06:27:53Z,,0,,,,,,
2026-04-28T07:07:03Z,2565,,8.4,70.5,5.98,8.4,38.3,3.25
2026-04-28T07:27:53Z,,0,,,,,,
2026-04-28T08:27:53Z,,0,,,,,,
2026-04-28T09:06:53Z,2580,,8.3,68.2,5.75,7,37.1,2.87
2026-04-28T09:27:52Z,,0,,,,,,
2026-04-28T10:27:52Z,,0,,,,,,
2026-04-28T11:06:42Z,2565,,8.4,67.6,5.73,5.6,40.8,2.88
2026-04-28T11:27:52Z,,0,,,,,,
2026-04-28T12:27:52Z,,0,,,,,,
2026-04-28T13:06:14Z,2565,,8.5,67.4,5.75,5.9,41.5,2.99
2026-04-28T13:27:53Z,,0,,,,,,
2026-04-28T14:27:53Z,,0,,,,,,
2026-04-28T15:06:59Z,2550,,8.6,67.1,5.76,5.7,41.9,2.98
2026-04-28T15:27:53Z,,0,,,,,,
2026-04-28T16:27:53Z,,0,,,,,,
2026-04-28T17:07:32Z,2550,,8.7,67.1,5.8,5,43.8,2.98
2026-04-28T17:27:53Z,,0,,,,,,
2026-04-28T18:27:52Z,,0,,,,,,
2026-04-28T19:06:52Z,2535,,8.6,68,5.84,3.2,48.5,2.92
2026-04-28T19:27:53Z,,0,,,,,,
2026-04-28T20:27:53Z,,0,,,,,,
2026-04-28T21:06:11Z,2535,,8.5,69.5,5.93,0.8,56.2,2.88
2026-04-28T21:27:53Z,,0,,,,,,
2026-04-28T22:27:53Z,,0,,,,,,
2026-04-28T23:06:37Z,2550,,8.5,70.1,5.98,1.8,56.7,3.11
2026-04-28T23:27:53Z,,0,,,,,,
2026-04-29T00:27:53Z,,0,,,,,,
2026-04-29T01:05:44Z,2535,,8.5,70.2,5.99,1.8,57.3,3.14
2026-04-29T01:27:53Z,,0,,,,,,
2026-04-29T02:27:53Z,,0,,,,,,
2026-04-29T03:06:34Z,2535,,8.5,70.7,6.03,1.4,59.3,3.17
2026-04-29T03:27:53Z,,0,,,,,,
2026-04-29T04:27:54Z,,0,,,,,,
2026-04-29T05:07:24Z,2550,,8.5,70.7,6.03,3.3,53.1,3.22
2026-04-29T05:27:53Z,,0,,,,,,
2026-04-29T06:27:54Z,,0,,,,,,
2026-04-29T07:08:12Z,2550,,8.5,68,5.8,7.1,35.8,2.79
2026-04-29T07:27:52Z,,0,,,,,,
2026-04-29T08:27:53Z,,0,,,,,,
2026-04-29T09:08:39Z,2535,,8.6,67.6,5.81,11.4,30.3,3.11
2026-04-29T09:27:53Z,,0,,,,,,
2026-04-29T10:27:53Z,,0,,,,,,
2026-04-29T11:08:42Z,2550,,8.7,67.5,5.84,7.9,34,2.79
2026-04-29T11:27:53Z,,0,,,,,,
2026-04-29T12:27:53Z,,0,,,,,,
2026-04-29T13:08:12Z,2550,,8.9,66.4,5.82,8,34,2.81
2026-04-29T13:27:53Z,,0,,,,,,
2026-04-29T14:27:53Z,,0,,,,,,
2026-04-29T15:08:14Z,2550,,9.2,64.4,5.75,9,30.4,2.68
2026-04-29T15:27:53Z,,0,,,,,,
2026-04-29T16:27:53Z,,0,,,,,,
2026-04-29T17:07:24Z,2535,,9.2,64.4,5.75,8.6,33.7,2.9
2026-04-29T17:27:53Z,,0,,,,,,
2026-04-29T18:27:53Z,,0,,,,,,
2026-04-29T19:07:32Z,2550,,9,68.4,6.03,5.5,41.4,2.91
2026-04-29T19:27:53Z,,0,,,,,,
2026-04-29T20:27:53Z,,0,,,,,,
2026-04-29T21:06:45Z,2535,,8.7,69.5,6.01,2.6,47.9,2.77
2026-04-29T21:27:53Z,,0,,,,,,
2026-04-29T22:27:53Z,,0,,,,,,
2026-04-29T23:06:32Z,2535,,8.6,70.7,6.07,0.4,54.5,2.72
2026-04-29T23:27:53Z,,0,,,,,,
2026-04-30T00:27:53Z,,0,,,,,,
2026-04-30T01:07:17Z,2550,,8.5,71.6,6.11,0.8,58.4,2.99
2026-04-30T01:27:53Z,,0,,,,,,
2026-04-30T02:27:53Z,,0,,,,,,
2026-04-30T03:07:47Z,2550,,8.6,72.4,6.22,1.9,61.7,3.41
2026-04-30T03:27:53Z,,0,,,,,,
2026-04-30T04:27:52Z,,0,,,,,,
2026-04-30T05:07:40Z,2535,,8.7,74,6.4,3.5,65.9,4.05
2026-04-30T05:27:52Z,,0,,,,,,
2026-04-30T06:27:53Z,,0,,,,,,
2026-04-30T07:07:58Z,1890,,8.9,77.2,6.76,7.8,70,5.71
2026-04-30T07:27:53Z,,0,,,,,,
2026-04-30T08:27:53Z,,0,,,,,,
2026-04-30T09:07:59Z,1365,,9.1,80.2,7.11,11.8,64.8,6.82
2026-04-30T09:27:53Z,,0,,,,,,
2026-04-30T10:27:53Z,,0,,,,,,
2026-04-30T11:07:53Z,1425,,9.5,80.1,7.29,15,53.1,6.81
2026-04-30T11:27:53Z,,0,,,,,,
2026-04-30T12:27:53Z,,0,,,,,,
2026-04-30T13:08:03Z,1395,,9.6,80.8,7.4,15.6,53,7.05
2026-04-30T13:27:53Z,,0,,,,,,
2026-04-30T14:27:53Z,,0,,,,,,
2026-04-30T15:07:32Z,1485,,9.7,81.3,7.49,15.9,51.3,6.94
2026-04-30T15:27:53Z,,0,,,,,,
2026-04-30T16:27:53Z,,0,,,,,,
2026-04-30T17:08:14Z,1410,,9.8,81.6,7.57,15,55.6,7.13
2026-04-30T17:27:53Z,,0,,,,,,
2026-04-30T18:27:54Z,,0,,,,,,
2026-04-30T19:07:34Z,1560,,9.7,84,7.74,12.7,63.6,7.08
2026-04-30T19:27:53Z,,0,,,,,,
2026-04-30T20:27:53Z,,0,,,,,,
2026-04-30T21:07:33Z,1680,,9.7,83.3,7.68,11.1,67,6.75
2026-04-30T21:27:53Z,,0,,,,,,
2026-04-30T22:27:53Z,,0,,,,,,
2026-04-30T23:08:17Z,1875,,9.5,84.4,7.68,8.9,74,6.48
2026-04-30T23:27:53Z,,0,,,,,,
2026-05-01T00:27:53Z,,0,,,,,,
2026-05-01T01:07:56Z,2100,,9.4,85.1,7.69,7.1,78.7,6.14
2026-05-01T01:27:53Z,,0,,,,,,
2026-05-01T02:27:53Z,,0,,,,,,
2026-05-01T03:07:36Z,2160,,9.1,84.3,7.48,5.7,82.1,5.84
2026-05-01T03:27:52Z,,0,,,,,,
2026-05-01T04:27:53Z,,0,,,,,,
2026-05-01T05:06:53Z,1155,,9.4,84.5,7.64,14.4,61.9,7.65
2026-05-01T05:27:53Z,,0,,,,,,
2026-05-01T06:27:53Z,,0,,,,,,
2026-05-01T07:06:08Z,1260,,9.7,84.9,7.82,22.8,37.6,7.64
2026-05-01T07:27:53Z,,0,,,,,,
2026-05-01T08:27:53Z,,0,,,,,,
2026-05-01T09:06:22Z,1725,,9.8,83.2,7.72,23,32.8,6.74
2026-05-01T09:27:53Z,,0,,,,,,
2026-05-01T10:27:53Z,,0,,,,,,
2026-05-01T11:06:48Z,2070,,10,82,7.7,19.9,35.9,6.17
2026-05-01T11:27:53Z,,0,,,,,,
2026-05-01T12:27:53Z,,0,,,,,,
2026-05-01T13:06:27Z,2265,,10.1,81.1,7.67,19.7,34.5,5.86
2026-05-01T13:27:53Z,,0,,,,,,
2026-05-01T14:27:53Z,,0,,,,,,
2026-05-01T15:06:08Z,2550,,10.3,79.8,7.64,20.4,29.7,5.25
2026-05-01T15:27:53Z,,0,,,,,,
2026-05-01T16:27:53Z,,0,,,,,,
2026-05-01T17:06:06Z,1875,,10.3,81,7.75,18.8,40.6,6.54
2026-05-01T17:27:53Z,,0,,,,,,
2026-05-01T18:27:53Z,,0,,,,,,
2026-05-01T19:06:10Z,2520,,10.2,80.3,7.64,14.6,43.2,5.4
2026-05-01T19:27:53Z,,0,,,,,,
2026-05-01T20:27:53Z,,0,,,,,,
2026-05-01T21:06:40Z,2385,,9.9,80.7,7.53,10.3,58.3,5.58
2026-05-01T21:27:53Z,,0,,,,,,
2026-05-01T22:27:53Z,,0,,,,,,
2026-05-01T23:06:27Z,2550,,9.5,83.1,7.56,7,66.9,5.18
2026-05-01T23:27:53Z,,0,,,,,,
2026-05-02T00:27:52Z,,0,,,,,,
2026-05-02T01:05:45Z,2565,,9.3,83,7.46,4.5,75.7,4.98
2026-05-02T01:27:53Z,,0,,,,,,
2026-05-02T02:27:53Z,,0,,,,,,
2026-05-02T03:05:09Z,2550,,9.1,82.7,7.34,3.2,80.6,4.86
2026-05-02T03:27:53Z,,0,,,,,,
2026-05-02T04:27:53Z,,0,,,,,,
2026-05-02T05:05:03Z,1575,,9.4,83.8,7.58,11.7,65.5,6.85
2026-05-02T05:27:53Z,,0,,,,,,
2026-05-02T06:27:53Z,,0,,,,,,
2026-05-02T07:05:06Z,1320,,9.7,84.4,7.78,21.5,39.9,7.52
2026-05-02T07:27:53Z,,0,,,,,,
2026-05-02T08:27:53Z,,0,,,,,,
2026-05-02T09:05:17Z,1725,,9.9,84.5,7.89,24.8,30.3,6.9
2026-05-02T09:27:53Z,,0,,,,,,
2026-05-02T10:27:53Z,,0,,,,,,
2026-05-02T11:04:39Z,1980,,10.1,84.5,7.99,20.8,36.3,6.57
2026-05-02T11:27:53Z,,0,,,,,,
2026-05-02T12:27:54Z,,0,,,,,,
2026-05-02T13:03:58Z,2220,,10.2,84.3,8.02,19.2,37.6,6.2
2026-05-02T13:27:53Z,,0,,,,,,
2026-05-02T14:27:53Z,,0,,,,,,
2026-05-02T15:03:32Z,2550,,10.2,83.1,7.91,18.2,35.6,5.53
2026-05-02T15:27:53Z,,0,,,,,,
2026-05-02T16:27:53Z,,0,,,,,,
2026-05-02T17:02:50Z,2355,,10.3,80.9,7.75,17.4,39,5.78
2026-05-02T17:27:54Z,,0,,,,,,
2026-05-02T18:27:53Z,,0,,,,,,
2026-05-02T19:02:02Z,2250,,10.2,82.4,7.84,13.6,51.7,6.08
2026-05-02T19:27:53Z,,0,,,,,,
2026-05-02T20:27:53Z,,0,,,,,,
2026-05-02T21:01:16Z,2205,,9.9,83.4,7.78,9.4,67.1,6.07
2026-05-02T21:27:53Z,,0,,,,,,
2026-05-02T22:27:53Z,,0,,,,,,
2026-05-02T23:01:00Z,2115,,9.7,85,7.83,7.1,80.4,6.27
2026-05-02T23:27:53Z,,0,,,,,,
2026-05-03T00:27:53Z,,0,,,,,,
2026-05-03T01:01:06Z,2130,,9.6,85.2,7.8,6.1,85.2,6.22
2026-05-03T01:27:53Z,,0,,,,,,
2026-05-03T02:27:53Z,,1e-05,,,,,,
2026-05-03T03:00:42Z,2340,,9.5,85.2,7.75,4.9,85.5,5.77
2026-05-03T03:27:53Z,,1e-05,,,,,,
2026-05-03T04:27:53Z,,2e-05,,,,,,
2026-05-03T05:00:24Z,1665,,9.5,85.8,7.81,9.6,76.6,7.01
2026-05-03T05:27:53Z,,3e-05,,,,,,
2026-05-03T06:27:54Z,,4e-05,,,,,,
2026-05-03T06:59:39Z,1485,,9.7,85.1,7.84,11.5,71,7.33
2026-05-03T07:27:53Z,,5e-05,,,,,,
2026-05-03T08:27:53Z,,5e-05,,,,,,
2026-05-03T09:00:12Z,1410,,9.9,86.9,8.11,13.8,64.5,7.68
2026-05-03T09:27:53Z,,8e-05,,,,,,
2026-05-03T10:27:53Z,,0.00011,,,,,,
2026-05-03T11:00:02Z,1485,,10.1,87,8.22,16.6,53.7,7.58
2026-05-03T11:27:53Z,,0.00014,,,,,,
2026-05-03T12:27:53Z,,0.00017,,,,,,
2026-05-03T13:00:09Z,1680,,10.2,86,8.18,17,50.1,7.25
2026-05-03T13:27:53Z,,0.00019,,,,,,
2026-05-03T14:27:53Z,,0.00021,,,,,,
2026-05-03T14:59:20Z,1740,,10.3,85.4,8.18,17.1,49.1,7.14
2026-05-03T15:27:53Z,,0.00021,,,,,,
2026-05-03T16:27:53Z,,0.00022,,,,,,
2026-05-03T16:59:53Z,1755,,10.3,84,8.04,15.5,53.2,7.03
2026-05-03T17:27:53Z,,0,,,,,,
2026-05-03T18:27:53Z,,0,,,,,,
2026-05-03T19:00:27Z,1755,,10.2,84.9,8.08,13.5,60.1,7.03
2026-05-03T19:27:53Z,,0,,,,,,
2026-05-03T20:27:53Z,,0,,,,,,
2026-05-03T21:00:20Z,1755,,10.1,87,8.22,12.1,66.5,7.13
2026-05-03T21:27:53Z,,3e-05,,,,,,
2026-05-03T22:27:53Z,,6e-05,,,,,,
2026-05-03T23:01:08Z,2175,,10,84.7,7.96,11.1,62,6.24
2026-05-03T23:27:53Z,,0,,,,,,
2026-05-04T00:27:53Z,,0,,,,,,
2026-05-04T01:01:16Z,2565,,9.9,81.8,7.64,9.6,56.3,5.16
2026-05-04T01:27:53Z,,0,,,,,,
2026-05-04T02:27:53Z,,0,,,,,,
2026-05-04T03:01:18Z,2565,,9.7,80.8,7.45,7.7,58.4,4.73
2026-05-04T03:27:53Z,,0,,,,,,
2026-05-04T04:27:53Z,,0,,,,,,
2026-05-04T05:01:41Z,2445,,9.7,79.2,7.3,13.1,46.6,5.32
2026-05-04T05:27:53Z,,0,,,,,,
2026-05-04T06:27:53Z,,0,,,,,,
2026-05-04T07:00:54Z,2250,,10,77.1,7.24,16.7,39.1,5.55
2026-05-04T07:27:53Z,,0,,,,,,
2026-05-04T08:27:53Z,,0,,,,,,
2026-05-04T09:00:13Z,2100,,10.1,79.5,7.52,13.9,50.4,6.04
2026-05-04T09:27:54Z,,0,,,,,,
2026-05-04T10:27:53Z,,0,,,,,,
2026-05-04T11:00:30Z,1470,,9.9,85.5,7.98,11,74.3,7.43
2026-05-04T11:27:53Z,,1e-05,,,,,,
2026-05-04T12:27:53Z,,2e-05,,,,,,
2026-05-04T12:59:51Z,1185,,9.9,88.6,8.27,11.2,82.3,8.34
2026-05-04T13:27:53Z,,7e-05,,,,,,
2026-05-04T14:27:53Z,,0.00011,,,,,,
2026-05-04T14:59:37Z,1335,,10,89.6,8.42,11.7,77.9,8.14
2026-05-04T15:27:53Z,,0.00017,,,,,,
2026-05-04T16:27:53Z,,0.00023,,,,,,
2026-05-04T16:58:50Z,1305,,10,89.6,8.42,11.1,81.9,8.25
2026-05-04T17:27:53Z,,0.00029,,,,,,
2026-05-04T18:27:53Z,,0.00034,,,,,,
2026-05-04T18:59:13Z,1485,,10,90.4,8.49,9.6,86,7.88
2026-05-04T19:27:53Z,,0.00041,,,,,,
2026-05-04T20:27:53Z,,0.00048,,,,,,
2026-05-04T20:59:50Z,1665,,9.9,90.1,8.41,7.7,92,7.46
2026-05-04T21:27:53Z,,0.00054,,,,,,
2026-05-04T22:27:53Z,,0.0006,,,,,,
2026-05-04T23:00:33Z,1605,,9.8,90.3,8.38,6.7,99.9,7.59
2026-05-04T23:27:53Z,,0.00066,,,,,,
2026-05-05T00:27:53Z,,0.00073,,,,,,
2026-05-05T01:00:34Z,1770,,9.7,89.9,8.29,6,99.1,7.19
2026-05-05T01:27:53Z,,0.00079,,,,,,
2026-05-05T02:27:53Z,,0.00085,,,,,,
2026-05-05T03:00:48Z,1935,,9.7,89.2,8.22,5.1,100,6.84
2026-05-05T03:27:53Z,,0.0009,,,,,,
2026-05-05T04:27:53Z,,0.00095,,,,,,
2026-05-05T05:00:34Z,1665,,9.7,89.2,8.22,8.1,88.2,7.34
2026-05-05T05:27:53Z,,0.001,,,,,,
2026-05-05T06:27:53Z,,0.00106,,,,,,
2026-05-05T07:00:18Z,1965,,9.9,88,8.21,16.1,49.5,6.78
2026-05-05T07:27:53Z,,0.0011,,,,,,
2026-05-05T08:27:53Z,,0.00114,,,,,,
2026-05-05T09:00:54Z,2460,,10,85.1,7.99,16.6,41,5.79
2026-05-05T09:27:53Z,,0.00114,,,,,,
2026-05-05T10:27:53Z,,0.00114,,,,,,
2026-05-05T11:00:40Z,2565,,9.9,79.9,7.46,12.7,38.9,4.33
2026-05-05T11:27:53Z,,0.00081,,,,,,
2026-05-05T12:27:53Z,,0.00047,,,,,,
2026-05-05T13:00:53Z,2565,,9.9,79.4,7.41,11.6,39,4.05
2026-05-05T13:27:53Z,,0.00014,,,,,,
2026-05-05T14:27:53Z,,0,,,,,,
2026-05-05T15:00:09Z,2565,,10,78.2,7.35,10.8,36.8,3.64
2026-05-05T15:27:53Z,,0,,,,,,
2026-05-05T16:27:53Z,,0,,,,,,
2026-05-05T17:00:23Z,2565,,9.9,76.4,7.13,8.7,42.7,3.69
2026-05-05T17:27:53Z,,0,,,,,,
2026-05-05T18:27:53Z,,0,,,,,,
2026-05-05T19:00:20Z,2550,,9.7,77.4,7.13,5.8,49.2,3.52
2026-05-05T19:27:53Z,,0,,,,,,
2026-05-05T20:27:53Z,,0,,,,,,
2026-05-05T21:00:27Z,2565,,9.4,77.1,6.97,2.9,58.9,3.48
2026-05-05T21:27:53Z,,0,,,,,,
2026-05-05T22:27:53Z,,0,,,,,,
2026-05-05T22:59:57Z,2550,,9.2,77.7,6.94,0.5,68.2,3.42
2026-05-05T23:27:53Z,,0,,,,,,
2026-05-06T00:27:53Z,,0,,,,,,
2026-05-06T01:00:14Z,2550,,9.1,77.8,6.9,-1,74.8,3.39
2026-05-06T01:27:53Z,,0,,,,,,
2026-05-06T02:27:53Z,,0,,,,,,
2026-05-06T03:00:25Z,2550,,9,77.7,6.85,-1.7,79.7,3.44
2026-05-06T03:27:53Z,,0,,,,,,
2026-05-06T04:27:53Z,,0,,,,,,
2026-05-06T05:01:18Z,2340,,9.1,79,7.01,8.7,60.6,5.24
2026-05-06T05:27:53Z,,0,,,,,,
2026-05-06T06:27:53Z,,0,,,,,,
2026-05-06T07:01:51Z,2565,,9.3,77.5,6.96,15.4,34.7,4.56
2026-05-06T07:27:53Z,,0,,,,,,
2026-05-06T08:27:53Z,,0,,,,,,
2026-05-06T09:01:42Z,2550,,9.4,75.2,6.8,13.5,32.5,3.8
2026-05-06T09:27:53Z,,0,,,,,,
2026-05-06T10:27:53Z,,0,,,,,,
2026-05-06T11:01:25Z,2550,,9.7,73.1,6.74,12.9,27.7,3.12
2026-05-06T11:27:53Z,,0,,,,,,
2026-05-06T12:27:53Z,,0,,,,,,
2026-05-06T13:00:42Z,2550,,9.8,72.3,6.71,11.7,33.4,3.49
2026-05-06T13:27:53Z,,0,,,,,,
2026-05-06T14:27:53Z,,0,,,,,,
2026-05-06T15:00:23Z,2565,,9.8,74.1,6.87,10.4,37.9,3.65
2026-05-06T15:27:53Z,,0,,,,,,
2026-05-06T16:27:53Z,,0,,,,,,
2026-05-06T17:27:53Z,,0,,,,,,
2026-05-06T18:27:53Z,,0,,,,,,
2026-05-06T19:00:16Z,2550,,9.6,76.1,6.97,6.9,51.2,3.94
2026-05-06T19:27:53Z,,0,,,,,,
2026-05-06T20:27:53Z,,0,,,,,,
2026-05-06T20:59:58Z,2550,,9.3,76.7,6.89,3,62.1,3.69
2026-05-06T21:27:54Z,,0,,,,,,
2026-05-06T22:27:53Z,,0,,,,,,
2026-05-06T23:00:29Z,2550,,9.2,74.7,6.67,2.3,56,3.18
2026-05-06T23:27:53Z,,0,,,,,,
2026-05-07T00:27:53Z,,0,,,,,,
2026-05-07T01:00:40Z,2550,,9.1,73.8,6.55,0.6,57.6,2.91
2026-05-07T01:27:53Z,,0,,,,,,
2026-05-07T02:27:53Z,,0,,,,,,
2026-05-07T03:01:26Z,2550,,9,73.1,6.44,0.5,59.5,2.99
2026-05-07T03:27:53Z,,0,,,,,,
2026-05-07T04:27:53Z,,0,,,,,,
2026-05-07T05:02:04Z,2550,,9.1,72.4,6.42,6.6,46.4,3.5
2026-05-07T05:27:53Z,,0,,,,,,
2026-05-07T06:27:53Z,,0,,,,,,
2026-05-07T07:02:21Z,2550,,9.4,70.9,6.41,17.7,27.9,4.21
2026-05-07T07:27:53Z,,0,,,,,,
2026-05-07T08:27:53Z,,0,,,,,,
2026-05-07T09:02:16Z,2550,,9.6,68.3,6.25,19.7,22,3.73
2026-05-07T09:27:53Z,,0,,,,,,
2026-05-07T10:27:53Z,,0,,,,,,
2026-05-07T11:01:40Z,2550,,9.8,68.3,6.33,14,27.1,3.27
2026-05-07T11:27:53Z,,0,,,,,,
2026-05-07T12:27:53Z,,0,,,,,,
2026-05-07T13:02:01Z,2550,,9.9,70.4,6.57,12.3,26.1,2.83
2026-05-07T13:27:53Z,,0,,,,,,
2026-05-07T14:27:53Z,,0,,,,,,
2026-05-07T15:02:16Z,2535,,10,72.5,6.81,11.5,25.5,2.63
2026-05-07T15:27:54Z,,0,,,,,,
2026-05-07T16:27:53Z,,0,,,,,,
2026-05-07T17:02:02Z,2535,,10,72,6.76,10.4,30.2,2.91
2026-05-07T17:27:53Z,,0,,,,,,
2026-05-07T18:27:53Z,,0,,,,,,
2026-05-07T19:02:16Z,2550,,9.7,71.7,6.61,7.7,36.4,2.95
2026-05-07T19:27:53Z,,0,,,,,,
2026-05-07T20:27:53Z,,0,,,,,,
2026-05-07T21:02:49Z,2535,,9.4,72.1,6.52,5.5,43.3,3.04
2026-05-07T21:27:53Z,,0,,,,,,
2026-05-07T22:27:53Z,,0,,,,,,
2026-05-07T23:02:57Z,2550,,9.4,72.5,6.56,4.6,50.5,3.34
2026-05-07T23:27:53Z,,0,,,,,,
2026-05-08T00:27:53Z,,0,,,,,,
2026-05-08T01:02:17Z,2535,,9.3,72.6,6.52,3.3,54.8,3.33
2026-05-08T01:27:53Z,,0,,,,,,
2026-05-08T02:27:53Z,,0,,,,,,
2026-05-08T03:02:54Z,2550,,9.1,72.8,6.46,2.7,61.8,3.6
2026-05-08T03:27:53Z,,0,,,,,,
2026-05-08T04:27:54Z,,0,,,,,,
2026-05-08T05:03:09Z,2550,,9.3,72.9,6.55,9.8,46.2,4.29
2026-05-08T05:27:54Z,,0,,,,,,
2026-05-08T06:27:53Z,,0,,,,,,
2026-05-08T07:03:55Z,2550,,9.5,71.2,6.48,15.3,29.1,3.8
2026-05-08T07:27:54Z,,0,,,,,,
2026-05-08T08:27:53Z,,0,,,,,,
2026-05-08T09:03:40Z,2550,,9.6,68.5,6.27,15.7,26.8,3.58
2026-05-08T09:27:53Z,,0,,,,,,
2026-05-08T10:27:53Z,,0,,,,,,
2026-05-08T11:03:18Z,2550,,9.8,64.1,5.95,13.1,25.1,2.86
2026-05-08T11:27:53Z,,0,,,,,,
2026-05-08T12:27:53Z,,0,,,,,,
2026-05-08T13:03:46Z,2550,,10,62.3,5.85,13.5,23.8,2.78
2026-05-08T13:27:53Z,,0,,,,,,
2026-05-08T14:27:53Z,,0,,,,,,
2026-05-08T15:03:50Z,2520,,10.2,68.3,6.5,13.8,25.9,3.08
2026-05-08T15:27:53Z,,0,,,,,,
2026-05-08T16:27:53Z,,0,,,,,,
2026-05-08T17:04:18Z,2535,,10.2,69.5,6.61,12.3,30.3,3.29
2026-05-08T17:27:53Z,,0,,,,,,
2026-05-08T18:27:53Z,,0,,,,,,
2026-05-08T19:04:19Z,2550,,9.9,70,6.53,9.2,39.8,3.55
2026-05-08T19:27:53Z,,0,,,,,,
2026-05-08T20:27:53Z,,0,,,,,,
2026-05-08T21:03:52Z,2535,,9.5,72.8,6.62,4.8,50.3,3.37
2026-05-08T21:27:53Z,,0,,,,,,
2026-05-08T22:27:53Z,,0,,,,,,
2026-05-08T23:04:26Z,2535,,9.3,73.8,6.63,2.3,59.5,3.38
2026-05-08T23:27:53Z,,0,,,,,,
2026-05-09T00:27:53Z,,0,,,,,,
2026-05-09T01:04:15Z,2535,,9.1,74.3,6.59,0.3,66.3,3.28
2026-05-09T01:27:53Z,,0,,,,,,
2026-05-09T02:27:52Z,,0,,,,,,
2026-05-09T03:05:02Z,2535,,9,74.7,6.58,0.6,70,3.54
2026-05-09T03:27:53Z,,0,,,,,,
2026-05-09T04:27:53Z,,0,,,,,,
2026-05-09T05:04:34Z,2550,,9.2,75.8,6.77,8.9,53.4,4.68
2026-05-09T05:27:53Z,,0,,,,,,
2026-05-09T06:27:53Z,,0,,,,,,
2026-05-09T07:04:59Z,2535,,9.7,73.6,6.78,13.3,32.6,3.76
2026-05-09T07:27:53Z,,0,,,,,,
2026-05-09T08:27:53Z,,0,,,,,,
2026-05-09T09:04:16Z,2535,,9.9,73.2,6.83,14.4,27,3.34
2026-05-09T09:27:53Z,,0,,,,,,
2026-05-09T10:27:53Z,,0,,,,,,
2026-05-09T11:04:30Z,2535,,10,73.6,6.91,12.9,27.2,3.06
2026-05-09T11:27:54Z,,0,,,,,,
2026-05-09T12:27:52Z,,0,,,,,,
2026-05-09T13:05:16Z,2535,,10,74.8,7.03,12.3,25.1,2.72
2026-05-09T13:27:53Z,,0,,,,,,
2026-05-09T14:27:53Z,,0,,,,,,
2026-05-09T15:05:19Z,2535,,10.1,74,7.0,12.3,30.2,3.28
2026-05-09T15:27:53Z,,0,,,,,,
2026-05-09T16:27:53Z,,0,,,,,,
2026-05-09T17:05:39Z,2535,,10.1,74.5,7.04,11.6,32,3.32
2026-05-09T17:27:53Z,,0,,,,,,
2026-05-09T18:27:53Z,,0,,,,,,
2026-05-09T19:05:00Z,2535,,9.9,71.5,6.67,9.9,34.2,3.19
2026-05-09T19:27:53Z,,0,,,,,,
2026-05-09T20:27:53Z,,0,,,,,,
2026-05-09T21:04:14Z,2535,,9.7,71.9,6.63,7.6,37.1,2.99
2026-05-09T21:27:53Z,,0,,,,,,
2026-05-09T22:27:53Z,,0,,,,,,
2026-05-09T23:03:36Z,2535,,9.4,72.3,6.54,3.9,47,2.97
2026-05-09T23:27:53Z,,0,,,,,,
2026-05-10T00:27:53Z,,0,,,,,,
2026-05-10T01:03:17Z,2535,,9.2,73.3,6.54,2.4,55.9,3.19
2026-05-10T01:27:52Z,,0,,,,,,
2026-05-10T02:27:53Z,,0,,,,,,
2026-05-10T03:02:58Z,2535,,9.1,74.1,6.57,1.8,63.2,3.47
2026-05-10T03:27:53Z,,0,,,,,,
2026-05-10T04:27:53Z,,0,,,,,,
2026-05-10T05:03:41Z,2175,,9.4,76.5,6.92,11.1,54,5.44
2026-05-10T05:27:52Z,,0,,,,,,
2026-05-10T06:27:53Z,,0,,,,,,
2026-05-10T07:03:41Z,2355,,9.8,76.8,7.12,18.6,33.1,5.27
2026-05-10T07:27:53Z,,0,,,,,,
2026-05-10T08:27:52Z,,0,,,,,,
2026-05-10T09:03:58Z,2535,,10,77.1,7.24,16.3,34.1,4.73
2026-05-10T09:27:54Z,,0,,,,,,
2026-05-10T10:27:53Z,,0,,,,,,
2026-05-10T11:03:42Z,2550,,10.1,77.4,7.32,14,36.9,4.45
2026-05-10T11:27:53Z,,0,,,,,,
2026-05-10T12:27:54Z,,0,,,,,,
2026-05-10T13:04:20Z,2550,,10.1,77.8,7.35,13.1,40.4,4.61
2026-05-10T13:27:53Z,,0,,,,,,
2026-05-10T14:27:53Z,,0,,,,,,
2026-05-10T15:03:26Z,2550,,10.1,78.6,7.43,12.5,46.1,5.07
2026-05-10T15:27:53Z,,0,,,,,,
2026-05-10T16:27:53Z,,0,,,,,,
2026-05-10T17:03:28Z,2445,,10.1,76.7,7.25,11.4,51.6,5.29
2026-05-10T17:27:54Z,,0,,,,,,
2026-05-10T18:27:53Z,,0,,,,,,
2026-05-10T19:02:40Z,2160,,10,78.3,7.36,10.3,60.6,5.8
2026-05-10T19:27:53Z,,0,,,,,,
2026-05-10T20:27:53Z,,0,,,,,,
2026-05-10T21:03:19Z,2070,,9.9,80.6,7.52,9.6,66.4,6.08
2026-05-10T21:27:53Z,,0,,,,,,
2026-05-10T22:27:53Z,,0,,,,,,
2026-05-10T23:03:01Z,2145,,9.9,82.2,7.67,9.1,68.4,6.07
2026-05-10T23:27:53Z,,0,,,,,,
2026-05-11T00:27:53Z,,0,,,,,,
2026-05-11T01:03:37Z,2160,,9.8,82.8,7.68,8.7,69.9,6.04
2026-05-11T01:27:53Z,,0,,,,,,
2026-05-11T02:27:53Z,,0,,,,,,
2026-05-11T03:03:29Z,2325,,9.7,83.1,7.66,7,74.3,5.76
2026-05-11T03:27:53Z,,0,,,,,,
2026-05-11T04:27:53Z,,0,,,,,,
2026-05-11T05:02:46Z,2160,,9.8,82.4,7.64,11.3,59.2,6.04
2026-05-11T05:27:53Z,,0,,,,,,
2026-05-11T06:27:53Z,,0,,,,,,
2026-05-11T07:02:40Z,2025,,10,81.1,7.62,11.7,59.6,6.23
2026-05-11T07:27:53Z,,0,,,,,,
2026-05-11T08:27:53Z,,0,,,,,,
2026-05-11T09:27:53Z,,0,,,,,,
2026-05-11T10:27:53Z,,0,,,,,,
2026-05-11T11:02:40Z,2145,,10.3,79.9,7.65,14.3,49.3,6.05
2026-05-11T11:27:53Z,,0,,,,,,
2026-05-11T12:27:53Z,,0,,,,,,
2026-05-11T13:03:05Z,2235,,10.3,80.5,7.71,13.9,49.5,5.93
2026-05-11T13:27:53Z,,0,,,,,,
2026-05-11T14:27:53Z,,0,,,,,,
2026-05-11T15:03:13Z,1785,,10.3,81.6,7.81,12.7,61.2,6.81
2026-05-11T15:27:53Z,,0,,,,,,
2026-05-11T16:27:53Z,,0,,,,,,
2026-05-11T17:04:02Z,2025,,10.2,83.3,7.92,11.9,61,6.46
2026-05-11T17:27:53Z,,0,,,,,,
2026-05-11T18:27:53Z,,0,,,,,,
2026-05-11T19:04:48Z,1890,,10.2,82.9,7.89,11.1,65.9,6.64
2026-05-11T19:27:53Z,,0,,,,,,
2026-05-11T20:27:53Z,,0,,,,,,
2026-05-11T21:04:50Z,1890,,10.1,84.4,7.98,10.4,70,6.74
2026-05-11T21:27:53Z,,0,,,,,,
2026-05-11T22:27:53Z,,0,,,,,,
2026-05-11T23:04:23Z,1710,,10.1,85.6,8.09,10.1,75.2,7.11
2026-05-11T23:27:53Z,,1e-05,,,,,,
2026-05-12T00:27:53Z,,2e-05,,,,,,
2026-05-12T01:04:59Z,1830,,10.1,85.6,8.09,10.1,73.4,6.94
2026-05-12T01:27:54Z,,3e-05,,,,,,
2026-05-12T02:27:53Z,,5e-05,,,,,,
2026-05-12T03:05:08Z,1830,,10,86.2,8.1,9.6,76,6.96
2026-05-12T03:27:53Z,,7e-05,,,,,,
2026-05-12T04:27:53Z,,9e-05,,,,,,
2026-05-12T05:04:53Z,1935,,10.1,86.3,8.16,9.9,73,6.81
2026-05-12T05:27:53Z,,0.00011,,,,,,
2026-05-12T06:27:53Z,,0.00013,,,,,,
2026-05-12T07:05:39Z,1830,,10.2,86.3,8.21,11.4,68.5,7.03
2026-05-12T07:27:53Z,,0.00015,,,,,,
2026-05-12T08:27:53Z,,0.00018,,,,,,
2026-05-12T09:05:10Z,1770,,10.2,86.6,8.24,11.6,69.1,7.18
2026-05-12T09:27:54Z,,0.0002,,,,,,
2026-05-12T10:27:54Z,,0.00023,,,,,,
2026-05-12T11:04:56Z,1140,,10.2,88.4,8.41,10.7,86.7,8.51
2026-05-12T11:27:53Z,,0.00028,,,,,,
2026-05-12T12:27:53Z,,0.00032,,,,,,
2026-05-12T13:05:43Z,1425,,10.3,89.4,8.56,13.5,69.2,8.09
2026-05-12T13:27:53Z,,0.00038,,,,,,
2026-05-12T14:27:53Z,,0.00043,,,,,,
2026-05-12T15:06:14Z,1350,,10.3,89.1,8.53,14.2,67.2,8.2
2026-05-12T15:27:53Z,,0.00049,,,,,,
2026-05-12T16:27:53Z,,0.00054,,,,,,
2026-05-12T17:05:51Z,1395,,10.4,89.1,8.58,14.3,66.3,8.14
2026-05-12T17:27:53Z,,0.00059,,,,,,
2026-05-12T18:27:53Z,,0.00065,,,,,,
2026-05-12T19:05:53Z,1425,,10.4,89.1,8.58,13.2,70.6,8.1
2026-05-12T19:27:53Z,,0.0007,,,,,,
2026-05-12T20:27:53Z,,0.00076,,,,,,
2026-05-12T21:06:04Z,1470,,10.4,89.9,8.66,12.1,74.9,8.03
2026-05-12T21:27:54Z,,0.00082,,,,,,
2026-05-12T22:27:53Z,,0.00088,,,,,,
2026-05-12T23:05:59Z,1470,,10.3,91.2,8.73,11.4,78.6,8.06
2026-05-12T23:27:53Z,,0.00096,,,,,,
2026-05-13T00:27:53Z,,0.00103,,,,,,
2026-05-13T01:06:17Z,1530,,10.3,90.6,8.67,11.3,77.4,7.89
2026-05-13T01:27:53Z,,0.0011,,,,,,
2026-05-13T02:27:54Z,,0.00117,,,,,,
2026-05-13T03:06:47Z,1560,,10.2,90.9,8.65,10.3,82.2,7.87
2026-05-13T03:27:53Z,,0.00125,,,,,,
2026-05-13T04:27:53Z,,0.00132,,,,,,
2026-05-13T05:07:28Z,1350,,10.3,91,8.71,11.2,82.7,8.38
2026-05-13T05:27:53Z,,0.00139,,,,,,
2026-05-13T06:27:54Z,,0.00147,,,,,,
2026-05-13T07:08:14Z,1350,,10.4,91.8,8.84,,,
2026-05-13T07:27:53Z,,0.00155,,,,,,
2026-05-13T08:27:53Z,,0.00164,,,,,,
2026-05-13T09:07:46Z,810,,10.5,93.1,9.03,14.3,81.6,10.02
2026-05-13T09:27:54Z,,0.00174,,,,,,
2026-05-13T10:27:53Z,,0.00185,,,,,,
2026-05-13T11:07:03Z,990,,10.5,93.8,9.09,17.3,64.7,9.53
2026-05-13T11:27:53Z,,0.00196,,,,,,
2026-05-13T12:27:53Z,,0.00208,,,,,,
2026-05-13T13:07:37Z,1035,,10.5,93.9,9.1,16.5,67.6,9.49
2026-05-13T13:27:53Z,,0.0022,,,,,,
2026-05-13T14:27:53Z,,0.00232,,,,,,
2026-05-13T15:07:36Z,840,,10.5,94.2,9.13,15,77.9,9.98
2026-05-13T15:27:53Z,,0.00244,,,,,,
2026-05-13T16:27:54Z,,0.00256,,,,,,
2026-05-13T17:08:27Z,855,,10.5,95,9.21,13.9,84.2,10.09
2026-05-13T17:27:53Z,,0.0027,,,,,,
2026-05-13T18:27:53Z,,0.00284,,,,,,
2026-05-13T19:07:46Z,675,,10.5,96.5,9.36,13,95.1,10.78
2026-05-13T19:27:53Z,,0.00302,,,,,,
2026-05-13T20:27:53Z,,0.00319,,,,,,
2026-05-13T21:08:33Z,885,,10.5,97.2,9.42,11.3,100,10.2
2026-05-13T21:27:53Z,,0.00338,,,,,,
2026-05-13T22:27:53Z,,0.00357,,,,,,
2026-05-13T23:08:39Z,1755,,10.4,96.6,9.31,7.6,100,8.06
2026-05-13T23:27:53Z,,0.00375,,,,,,
2026-05-14T00:27:53Z,,0.00392,,,,,,
2026-05-14T01:08:36Z,1920,,10.2,94.4,8.98,6.5,100,7.5
2026-05-14T01:27:54Z,,0.00405,,,,,,
2026-05-14T02:27:53Z,,0.00417,,,,,,
2026-05-14T03:07:45Z,1875,,10.2,93.3,8.88,6.5,100,7.5
2026-05-14T03:27:53Z,,0.00428,,,,,,
2026-05-14T04:27:53Z,,0.00438,,,,,,
2026-05-14T05:07:23Z,1800,,10.1,92.5,8.74,7.1,97.3,7.59
2026-05-14T05:27:53Z,,0.00448,,,,,,
2026-05-14T06:27:53Z,,0.00457,,,,,,
2026-05-14T07:06:58Z,1875,,10.2,91.5,8.7,7.5,91.6,7.33
2026-05-14T07:27:53Z,,0.00465,,,,,,
2026-05-14T08:27:53Z,,0.00473,,,,,,
2026-05-14T09:07:43Z,2145,,10.2,90.3,8.59,10.4,70.4,6.78
2026-05-14T09:27:53Z,,0.0048,,,,,,
2026-05-14T10:27:53Z,,0.00486,,,,,,
2026-05-14T11:07:04Z,2145,,10.3,89.1,8.53,11.4,66.3,6.8
2026-05-14T11:27:53Z,,0.00491,,,,,,
2026-05-14T12:27:53Z,,0.00497,,,,,,
2026-05-14T13:07:15Z,2145,,10.4,88.4,8.52,12.2,62.1,6.7
2026-05-14T13:27:53Z,,0.00501,,,,,,
2026-05-14T14:27:53Z,,0.00506,,,,,,
2026-05-14T15:07:37Z,2055,,10.5,87.7,8.5,11.9,64.7,6.85
2026-05-14T15:27:53Z,,0.0051,,,,,,
2026-05-14T16:27:53Z,,0.00514,,,,,,
2026-05-14T17:08:11Z,2085,,10.4,87.6,8.44,10.6,69.5,6.78
2026-05-14T17:27:53Z,,0.00518,,,,,,
2026-05-14T18:27:54Z,,0.00522,,,,,,
2026-05-14T19:07:26Z,2085,,10.3,87.6,8.39,9.4,74.2,6.71
2026-05-14T19:27:53Z,,0.00525,,,,,,
2026-05-14T20:27:53Z,,0.00529,,,,,,
2026-05-14T21:07:01Z,2115,,10.1,88.2,8.34,7.9,80.7,6.63
2026-05-14T21:27:53Z,,0.00533,,,,,,
2026-05-14T22:27:53Z,,0.00538,,,,,,
2026-05-14T23:08:03Z,2160,,10,87.6,8.23,6.7,84.5,6.42
2026-05-14T23:27:53Z,,0.00542,,,,,,
2026-05-15T00:27:53Z,,0.00545,,,,,,
2026-05-15T01:07:28Z,1905,,9.9,87.8,8.2,6.9,89.6,6.9
2026-05-15T01:27:53Z,,0.00549,,,,,,
2026-05-15T02:27:53Z,,0.00553,,,,,,
2026-05-15T03:08:07Z,1845,,9.9,88,8.21,7.3,89.3,7.05
2026-05-15T03:27:53Z,,0.00557,,,,,,
2026-05-15T04:27:53Z,,0.00561,,,,,,
2026-05-15T05:08:52Z,1590,,10.2,88.7,8.44,13.2,66.9,7.68
2026-05-15T05:27:54Z,,0.00566,,,,,,
2026-05-15T06:27:54Z,,0.00571,,,,,,
2026-05-15T07:09:10Z,1665,,10.4,88.4,8.52,15.8,55.8,7.51
2026-05-15T07:27:53Z,,0.00576,,,,,,
2026-05-15T08:27:53Z,,0.0058,,,,,,
2026-05-15T09:09:52Z,2490,,10.5,87.8,8.51,15.8,45.4,6.11
2026-05-15T09:27:53Z,,0.00584,,,,,,
2026-05-15T10:27:54Z,,0.00588,,,,,,
2026-05-15T11:09:45Z,2550,,10.6,85.3,8.32,15,44.6,5.72
2026-05-15T11:27:53Z,,0.00589,,,,,,
2026-05-15T12:27:53Z,,0.0059,,,,,,
2026-05-15T13:10:22Z,2460,,10.7,84.3,8.28,15.6,44.9,5.97
2026-05-15T13:27:53Z,,0.00556,,,,,,
2026-05-15T14:27:53Z,,0.00523,,,,,,
2026-05-15T15:09:34Z,2265,,10.7,83.9,8.24,16.9,44.3,6.37
2026-05-15T15:27:53Z,,0.0049,,,,,,
2026-05-15T16:27:53Z,,0.00456,,,,,,
2026-05-15T17:10:08Z,1995,,10.8,82.7,8.17,16.1,49.2,6.74
2026-05-15T17:27:53Z,,0.00423,,,,,,
2026-05-15T18:27:53Z,,0.00423,,,,,,
2026-05-15T19:10:33Z,2070,,10.5,83.8,8.12,12.7,59.5,6.62
2026-05-15T19:27:53Z,,0.00423,,,,,,
2026-05-15T20:27:53Z,,0.00423,,,,,,
2026-05-15T21:10:55Z,2190,,10.3,86.8,8.31,9.8,69.6,6.46
2026-05-15T21:27:53Z,,0.00426,,,,,,
2026-05-15T22:27:53Z,,0.00429,,,,,,
2026-05-15T23:10:48Z,2145,,10.2,88,8.37,9.5,73.2,6.66
2026-05-15T23:27:53Z,,0.00433,,,,,,
2026-05-16T00:27:53Z,,0.00437,,,,,,
2026-05-16T01:10:21Z,2055,,10.2,88.4,8.41,9.4,75.3,6.81
2026-05-16T01:27:53Z,,0.00442,,,,,,
2026-05-16T02:27:53Z,,0.00446,,,,,,
2026-05-16T03:10:56Z,1995,,10.2,88.8,8.45,8.9,79.3,6.94
2026-05-16T03:27:53Z,,0.00451,,,,,,
2026-05-16T04:27:53Z,,0.00456,,,,,,
2026-05-16T05:11:29Z,1680,,10.2,89.6,8.52,9.9,80.7,7.53
2026-05-16T05:27:54Z,,0.00462,,,,,,
2026-05-16T06:27:53Z,,0.00468,,,,,,
2026-05-16T07:12:01Z,1425,,10.3,89.6,8.58,11.5,78.8,8.14
2026-05-16T07:27:54Z,,0.00474,,,,,,
2026-05-16T08:27:54Z,,0.00479,,,,,,
2026-05-16T09:12:15Z,1410,,10.5,89.2,8.65,14.9,64,8.15
2026-05-16T09:27:54Z,,0.00485,,,,,,
2026-05-16T10:27:53Z,,0.0049,,,,,,
2026-05-16T11:11:53Z,2055,,10.6,88.9,8.67,17.5,47.1,7.02
2026-05-16T11:27:53Z,,0.00496,,,,,,
2026-05-16T12:27:53Z,,0.00501,,,,,,
2026-05-16T13:11:58Z,2220,,10.7,86.9,8.53,17.2,45.3,6.63
2026-05-16T13:27:53Z,,0.00504,,,,,,
2026-05-16T14:27:53Z,,0.00507,,,,,,
2026-05-16T15:11:41Z,2550,,10.8,85.9,8.49,17.9,31.7,4.84
2026-05-16T15:27:53Z,,0.00509,,,,,,
2026-05-16T16:27:53Z,,0.0051,,,,,,
2026-05-16T17:11:51Z,2445,,10.9,84,8.35,16.1,44.2,6.06
2026-05-16T17:27:53Z,,0.00477,,,,,,
2026-05-16T18:27:53Z,,0.00444,,,,,,
2026-05-16T19:12:38Z,2130,,10.7,83.3,8.18,12.2,60.4,6.52
2026-05-16T19:27:53Z,,0.0041,,,,,,
2026-05-16T20:27:53Z,,0.00377,,,,,,
2026-05-16T21:12:36Z,2205,,10.5,85.2,8.26,10.5,66.1,6.41
2026-05-16T21:27:53Z,,0.00378,,,,,,
2026-05-16T22:27:53Z,,0.00378,,,,,,
2026-05-16T23:13:03Z,1845,,10.4,87.4,8.42,9.5,79.4,7.23
2026-05-16T23:27:53Z,,0.00382,,,,,,
2026-05-17T00:27:53Z,,0.00385,,,,,,
2026-05-17T01:12:19Z,2085,,10.3,88.8,8.5,7.5,85.1,6.81
2026-05-17T01:27:54Z,,0.0039,,,,,,
2026-05-17T02:27:53Z,,0.00395,,,,,,
2026-05-17T03:12:14Z,1830,,10.2,89.1,8.48,7.9,88.5,7.27
2026-05-17T03:27:53Z,,0.004,,,,,,
2026-05-17T04:27:53Z,,0.00406,,,,,,
2026-05-17T05:11:45Z,1485,,10.3,89.4,8.56,10.8,80.6,7.96
2026-05-17T05:27:53Z,,0.00411,,,,,,
2026-05-17T06:27:54Z,,0.00417,,,,,,
2026-05-17T07:10:48Z,1650,,10.5,89.4,8.67,16.9,53.6,7.71
2026-05-17T07:27:53Z,,0.00423,,,,,,
2026-05-17T08:27:53Z,,0.00428,,,,,,
2026-05-17T09:10:40Z,1740,,10.6,88.5,8.63,17.2,51.6,7.55
2026-05-17T09:27:53Z,,0.00433,,,,,,
2026-05-17T10:27:53Z,,0.00438,,,,,,
2026-05-17T11:10:19Z,2520,,10.6,87.2,8.51,15.7,45.3,6.06
2026-05-17T11:27:53Z,,0.00441,,,,,,
2026-05-17T12:27:53Z,,0.00445,,,,,,
2026-05-17T13:09:51Z,2535,,10.7,84.9,8.34,15,43.8,5.61
2026-05-17T13:27:53Z,,0.00412,,,,,,
2026-05-17T14:27:53Z,,0.00378,,,,,,
2026-05-17T15:08:58Z,2550,,10.7,83.5,8.2,14.7,44.6,5.61
2026-05-17T15:27:53Z,,0.00345,,,,,,
2026-05-17T16:27:53Z,,0.00312,,,,,,
2026-05-17T17:08:43Z,2550,,10.8,83.9,8.29,13.7,48.3,5.72
2026-05-17T17:27:53Z,,0.00278,,,,,,
2026-05-17T18:27:53Z,,0.00278,,,,,,
2026-05-17T19:09:17Z,2475,,10.6,83,8.1,11,58.4,5.84
2026-05-17T19:27:53Z,,0.00278,,,,,,
2026-05-17T20:27:53Z,,0.00278,,,,,,
2026-05-17T21:08:26Z,2535,,10.2,85.3,8.11,7.4,69.7,5.54
2026-05-17T21:27:53Z,,0.00279,,,,,,
2026-05-17T22:27:53Z,,0.00279,,,,,,
2026-05-17T23:09:09Z,2550,,10,85.3,8.01,4.9,78.9,5.33
2026-05-17T23:27:53Z,,0.0028,,,,,,
2026-05-18T00:27:53Z,,0.00281,,,,,,
2026-05-18T01:08:41Z,2550,,9.8,84.6,7.85,3.3,84.8,5.15
2026-05-18T01:27:53Z,,0.00247,,,,,,
2026-05-18T02:27:53Z,,0.00214,,,,,,
2026-05-18T03:08:53Z,2340,,9.7,84.3,7.77,4.9,86.9,5.87
2026-05-18T03:27:53Z,,0.00181,,,,,,
2026-05-18T04:27:53Z,,0.00147,,,,,,
2026-05-18T05:09:22Z,1455,,10.1,86.2,8.15,12.4,69.7,7.61
2026-05-18T05:27:53Z,,0.00149,,,,,,
2026-05-18T06:27:53Z,,0.00151,,,,,,
2026-05-18T07:09:01Z,1695,,10.3,85.4,8.18,20.1,41.4,7.2
2026-05-18T07:27:53Z,,0.00152,,,,,,
2026-05-18T08:27:53Z,,0.00153,,,,,,
2026-05-18T09:09:41Z,2385,,10.6,83,8.1,21.8,31,5.95
2026-05-18T09:27:53Z,,0.0012,,,,,,
2026-05-18T10:27:54Z,,0.00086,,,,,,
2026-05-18T11:27:54Z,,0.00053,,,,,,
2026-05-18T12:27:53Z,,0.0002,,,,,,
2026-05-18T13:08:26Z,2550,,10.9,81.1,8.06,20,30.2,5.22
2026-05-18T13:27:53Z,,0,,,,,,
2026-05-18T14:27:53Z,,0,,,,,,
2026-05-18T15:08:41Z,2535,,11,78.5,7.85,19.7,31.3,5.31
2026-05-18T15:27:53Z,,0,,,,,,
2026-05-18T16:27:53Z,,0,,,,,,
2026-05-18T17:07:53Z,2160,,11.1,77.3,7.78,18.4,38.9,6.12
2026-05-18T17:27:53Z,,0,,,,,,
2026-05-18T18:27:53Z,,0,,,,,,
2026-05-18T19:07:16Z,2175,,11,79.1,7.91,16.6,43.8,6.18
2026-05-18T19:27:53Z,,0,,,,,,
2026-05-18T20:27:53Z,,0,,,,,,
2026-05-18T21:07:23Z,1845,,10.9,80.7,8.02,15.3,52.5,6.85
2026-05-18T21:27:53Z,,0,,,,,,
2026-05-18T22:27:53Z,,0,,,,,,
2026-05-18T23:08:00Z,1275,,10.7,88.1,8.65,12.7,76.2,8.48
2026-05-18T23:27:53Z,,4e-05,,,,,,
2026-05-19T00:27:54Z,,9e-05,,,,,,
2026-05-19T01:07:27Z,1395,,10.7,89.7,8.81,11.9,78.6,8.32
2026-05-19T01:27:53Z,,0.00015,,,,,,
2026-05-19T02:27:53Z,,0.00021,,,,,,
2026-05-19T03:07:32Z,1095,,10.6,91.6,8.94,11.1,91.1,9.17
2026-05-19T03:27:53Z,,0.00029,,,,,,
2026-05-19T04:27:53Z,,0.00038,,,,,,
2026-05-19T05:07:23Z,840,,10.7,92.6,9.09,12.7,89.6,9.97
2026-05-19T05:27:54Z,,0.00048,,,,,,
2026-05-19T06:27:53Z,,0.00057,,,,,,
2026-05-19T07:07:20Z,570,,10.8,93.9,9.28,15,86.4,11.07
2026-05-19T07:27:53Z,,0.0007,,,,,,
2026-05-19T08:27:53Z,,0.00082,,,,,,
2026-05-19T09:07:29Z,525,,10.8,95.3,9.42,16.6,80.6,11.38
2026-05-19T09:27:53Z,,0.00096,,,,,,
2026-05-19T10:27:53Z,,0.00111,,,,,,
2026-05-19T11:06:41Z,480,,10.8,96.2,9.51,18.8,74.1,11.93
2026-05-19T11:27:53Z,,0.00128,,,,,,
2026-05-19T12:27:53Z,,0.00145,,,,,,
2026-05-19T13:06:21Z,480,,10.9,97.2,9.66,21.5,62,11.69
2026-05-19T13:27:53Z,,0.00165,,,,,,
2026-05-19T14:27:53Z,,0.00184,,,,,,
2026-05-19T15:06:58Z,540,,10.9,98.4,9.78,22.8,57.4,11.66
2026-05-19T15:27:53Z,,0.00208,,,,,,
2026-05-19T16:27:53Z,,0.00231,,,,,,
2026-05-19T17:07:24Z,495,,10.9,98.2,9.76,21.2,63.9,11.84
2026-05-19T17:27:53Z,,0.00254,,,,,,
2026-05-19T18:27:53Z,,0.00276,,,,,,
2026-05-19T19:07:41Z,645,,10.9,98.5,9.79,19,69.3,11.29
2026-05-19T19:27:54Z,,0.003,,,,,,
2026-05-19T20:27:53Z,,0.00324,,,,,,
2026-05-19T21:07:07Z,825,,11,99.1,9.92,16.3,78.1,10.83
2026-05-19T21:27:53Z,,0.0035,,,,,,
2026-05-19T22:27:53Z,,0.00375,,,,,,
2026-05-19T23:07:32Z,840,,10.9,100,9.94,14,90.3,10.89
2026-05-19T23:27:53Z,,0.00405,,,,,,
2026-05-20T00:27:53Z,,0.00434,,,,,,
2026-05-20T01:06:35Z,1020,,10.8,100,9.88,12.5,94,10.33
2026-05-20T01:27:53Z,,0.00463,,,,,,
2026-05-20T02:27:53Z,,0.00492,,,,,,
2026-05-20T03:06:48Z,1260,,10.8,99.5,9.83,11.4,93.8,9.62
2026-05-20T03:27:53Z,,0.00519,,,,,,
2026-05-20T04:27:53Z,,0.00546,,,,,,
2026-05-20T05:06:13Z,1140,,10.7,98.7,9.69,11.2,97.1,9.84
2026-05-20T05:27:53Z,,0.0057,,,,,,
2026-05-20T06:27:53Z,,0.00594,,,,,,
2026-05-20T07:06:22Z,1080,,10.8,98.1,9.69,12.6,91,10.06
2026-05-20T07:27:53Z,,0.00616,,,,,,
2026-05-20T08:27:53Z,,0.00638,,,,,,
2026-05-20T09:06:49Z,795,,10.9,98.2,9.76,16.5,76.8,10.78
2026-05-20T09:27:53Z,,0.00661,,,,,,
2026-05-20T10:27:53Z,,0.00684,,,,,,
2026-05-20T11:06:24Z,840,,10.9,98.6,9.8,17.2,73,10.69
2026-05-20T11:27:53Z,,0.00708,,,,,,
2026-05-20T12:27:53Z,,0.00732,,,,,,
2026-05-20T13:06:43Z,990,,11,98.5,9.86,16.4,73.7,10.28
2026-05-20T13:27:54Z,,0.00756,,,,,,
2026-05-20T14:27:53Z,,0.00779,,,,,,
2026-05-20T15:07:25Z,1050,,10.9,98.1,9.75,16.5,72.2,10.13
2026-05-20T15:27:53Z,,0.00802,,,,,,
2026-05-20T16:27:54Z,,0.00824,,,,,,
2026-05-20T17:07:03Z,1110,,11,97.8,9.79,16.2,72.1,9.94
2026-05-20T17:27:54Z,,0.00846,,,,,,
2026-05-20T18:27:53Z,,0.00867,,,,,,
2026-05-20T19:06:46Z,1320,,11,98,9.81,14,78.5,9.46
2026-05-20T19:27:53Z,,0.00889,,,,,,
2026-05-20T20:27:53Z,,0.00912,,,,,,
2026-05-20T21:06:11Z,1590,,10.8,97.6,9.64,11.2,86,8.71
2026-05-20T21:27:53Z,,0.00932,,,,,,
2026-05-20T22:27:53Z,,0.00953,,,,,,
2026-05-20T23:06:30Z,1665,,10.6,97.1,9.47,9.6,91.2,8.35
2026-05-20T23:27:53Z,,0.00972,,,,,,
2026-05-21T00:27:53Z,,0.00991,,,,,,
2026-05-21T01:06:17Z,1575,,10.7,96.9,9.51,9.8,92.9,8.62
2026-05-21T01:27:53Z,,0.0101,,,,,,
2026-05-21T02:27:54Z,,0.01028,,,,,,
2026-05-21T03:05:53Z,1545,,10.7,96.7,9.49,10,92.9,8.73
2026-05-21T03:27:53Z,,0.01046,,,,,,
2026-05-21T04:27:53Z,,0.01064,,,,,,
2026-05-21T05:06:07Z,1140,,10.8,96.3,9.52,12.7,86.7,9.65
2026-05-21T05:27:53Z,,0.01081,,,,,,
2026-05-21T06:27:53Z,,0.01099,,,,,,
2026-05-21T07:06:10Z,825,,10.9,96.5,9.6,17.2,72.1,10.55
2026-05-21T07:27:53Z,,0.01116,,,,,,
2026-05-21T08:27:53Z,,0.01134,,,,,,
2026-05-21T09:05:19Z,960,,10.9,97.3,9.67,18.2,66.3,10.3
2026-05-21T09:27:53Z,,0.01154,,,,,,
2026-05-21T10:27:53Z,,0.01174,,,,,,
2026-05-21T11:05:27Z,825,,11,98.2,9.83,17.5,72.5,10.81
2026-05-21T11:27:54Z,,0.01197,,,,,,
2026-05-21T12:27:53Z,,0.0122,,,,,,
2026-05-21T13:05:07Z,960,,11,98.8,9.89,15.3,80.2,10.47
2026-05-21T13:27:53Z,,0.01244,,,,,,
2026-05-21T14:27:53Z,,0.01269,,,,,,
2026-05-21T15:04:53Z,645,,11.1,99.5,10.02,16.1,84.5,11.58
2026-05-21T15:27:54Z,,0.01297,,,,,,
2026-05-21T16:27:53Z,,0.01324,,,,,,
2026-05-21T17:05:39Z,1170,,11,99.9,10.0,15.7,75.2,10.06
2026-05-21T17:27:53Z,,0.01353,,,,,,
2026-05-21T18:27:53Z,,0.01382,,,,,,
2026-05-21T19:05:56Z,1545,,11,98.3,9.84,13.7,76,9.0
2026-05-21T19:27:53Z,,0.01405,,,,,,
2026-05-21T20:27:53Z,,0.01429,,,,,,
2026-05-21T21:05:18Z,1740,,10.8,97.9,9.67,10.3,87.9,8.42
2026-05-21T21:27:53Z,,0.0145,,,,,,
2026-05-21T22:27:53Z,,0.01472,,,,,,
2026-05-21T23:04:35Z,1770,,10.7,97.5,9.57,9.2,92.4,8.25
2026-05-21T23:27:53Z,,0.01492,,,,,,
2026-05-22T00:27:53Z,,0.01512,,,,,,
2026-05-22T01:04:58Z,1785,,10.6,97.1,9.47,8.8,93.8,8.16
2026-05-22T01:27:53Z,,0.01531,,,,,,
2026-05-22T02:27:53Z,,0.0155,,,,,,
2026-05-22T03:05:14Z,1695,,10.6,95.9,9.36,9.1,93.1,8.26
2026-05-22T03:27:53Z,,0.01566,,,,,,
2026-05-22T04:27:54Z,,0.01582,,,,,,
2026-05-22T05:05:20Z,1200,,10.7,94.7,9.3,12.8,82.4,9.23
2026-05-22T05:27:53Z,,0.01596,,,,,,
2026-05-22T06:27:53Z,,0.01609,,,,,,
2026-05-22T07:05:53Z,1110,,10.9,94.1,9.36,17.7,63.3,9.55
2026-05-22T07:27:54Z,,0.01622,,,,,,
2026-05-22T08:27:53Z,,0.01634,,,,,,
2026-05-22T09:05:14Z,1005,,11,95.3,9.54,16.5,71.4,10.02
2026-05-22T09:27:53Z,,0.01649,,,,,,
2026-05-22T10:27:53Z,,0.01664,,,,,,
2026-05-22T11:05:12Z,1050,,11,96.2,9.63,18.6,62.6,9.96
2026-05-22T11:27:53Z,,0.01681,,,,,,
2026-05-22T12:27:53Z,,0.01699,,,,,,
2026-05-22T13:05:36Z,825,,11,98.4,9.85,14.8,85.7,10.85
2026-05-22T13:27:54Z,,0.01722,,,,,,
2026-05-22T14:27:53Z,,0.01745,,,,,,
2026-05-22T15:04:53Z,600,,11,100,10.01,15,91.8,11.77
2026-05-22T15:27:54Z,,0.01775,,,,,,
2026-05-22T16:27:53Z,,0.01804,,,,,,
2026-05-22T17:04:35Z,555,,11,100,10.01,15.9,88.5,11.98
2026-05-22T17:27:53Z,,0.01834,,,,,,
2026-05-22T18:27:54Z,,0.01863,,,,,,
2026-05-22T19:03:47Z,870,,11,100,10.01,13.4,93.6,10.88
2026-05-22T19:27:53Z,,0.01892,,,,,,
2026-05-22T20:27:53Z,,0.01922,,,,,,
2026-05-22T21:03:29Z,1080,,10.9,100,9.94,11.8,96.8,10.18
2026-05-22T21:27:54Z,,0.01951,,,,,,
2026-05-22T22:27:54Z,,0.0198,,,,,,
2026-05-22T23:03:22Z,1515,,10.8,100,9.88,10,96.9,9.1
2026-05-22T23:27:53Z,,0.02009,,,,,,
2026-05-23T00:27:54Z,,0.02038,,,,,,
2026-05-23T01:02:40Z,1650,,10.7,99.4,9.76,9.1,98.2,8.71
2026-05-23T01:27:53Z,,0.02065,,,,,,
2026-05-23T02:27:53Z,,0.02091,,,,,,
2026-05-23T03:03:05Z,1245,,10.7,98.5,9.67,10.9,96.5,9.6
2026-05-23T03:27:53Z,,0.02114,,,,,,
2026-05-23T04:27:53Z,,0.02138,,,,,,
2026-05-23T05:03:51Z,630,,10.9,98.6,9.8,17.5,77.1,11.49
2026-05-23T05:27:53Z,,0.02162,,,,,,
2026-05-23T06:27:53Z,,0.02186,,,,,,
2026-05-23T07:03:44Z,600,,11,98.9,9.9,26.1,47.9,11.73
2026-05-23T07:27:53Z,,0.02211,,,,,,
2026-05-23T08:27:54Z,,0.02236,,,,,,
2026-05-23T09:03:34Z,870,,11.1,98.5,9.92,29,37.3,10.72
2026-05-23T09:27:53Z,,0.0226,,,,,,
2026-05-23T10:27:53Z,,0.02284,,,,,,
2026-05-23T11:03:44Z,1815,,11.2,96.3,9.76,24.9,36.4,8.33
2026-05-23T11:27:53Z,,0.02302,,,,,,
2026-05-23T12:27:53Z,,0.02319,,,,,,
2026-05-23T13:03:38Z,1860,,11.3,94.7,9.66,24.8,35.9,8.17
2026-05-23T13:27:54Z,,0.02333,,,,,,
2026-05-23T14:27:53Z,,0.02347,,,,,,
2026-05-23T15:03:52Z,1770,,11.3,93.7,9.55,24.2,38,8.36
2026-05-23T15:27:54Z,,0.02359,,,,,,
2026-05-23T16:27:53Z,,0.02371,,,,,,
2026-05-23T17:03:55Z,1500,,11.3,94.5,9.64,21.4,47.9,8.98
2026-05-23T17:27:53Z,,0.02385,,,,,,
2026-05-23T18:27:53Z,,0.02399,,,,,,
2026-05-23T19:04:24Z,1350,,11.2,95.6,9.69,16.7,65.5,9.31
2026-05-23T19:27:53Z,,0.02414,,,,,,
2026-05-23T20:27:53Z,,0.0243,,,,,,
2026-05-23T21:04:15Z,1230,,11.1,96.7,9.74,12.8,85.8,9.61
2026-05-23T21:27:54Z,,0.02449,,,,,,
2026-05-23T22:27:53Z,,0.02467,,,,,,
2026-05-23T23:04:09Z,1305,,11.1,97.3,9.8,11.9,90,9.53
2026-05-23T23:27:53Z,,0.02488,,,,,,
2026-05-24T00:27:53Z,,0.02508,,,,,,
2026-05-24T01:04:31Z,1200,,11,97.7,9.78,11.6,94.4,9.81
2026-05-24T01:27:53Z,,0.02529,,,,,,
2026-05-24T02:27:53Z,,0.0255,,,,,,
2026-05-24T03:03:52Z,1140,,11,98.1,9.82,11.2,97.5,9.88
2026-05-24T03:27:53Z,,0.02573,,,,,,
2026-05-24T04:27:53Z,,0.02595,,,,,,
2026-05-24T05:03:06Z,795,,11.1,98.5,9.92,16.4,78.6,10.97
2026-05-24T05:27:53Z,,0.02619,,,,,,
2026-05-24T06:27:53Z,,0.02643,,,,,,
2026-05-24T07:03:48Z,1545,,11.1,97.2,9.79,21.5,47.1,8.88
2026-05-24T07:27:53Z,,0.02663,,,,,,
2026-05-24T08:27:54Z,,0.02683,,,,,,
2026-05-24T09:03:09Z,1650,,11.2,95.1,9.64,20.4,48.7,8.61
2026-05-24T09:27:53Z,,0.02698,,,,,,
2026-05-24T10:27:53Z,,0.02712,,,,,,
2026-05-24T11:03:21Z,1770,,11.3,94.3,9.62,19.8,48.9,8.35
2026-05-24T11:27:53Z,,0.02726,,,,,,
2026-05-24T12:27:53Z,,0.02739,,,,,,
2026-05-24T13:03:36Z,1950,,11.3,92.3,9.41,18.8,48.6,7.82
2026-05-24T13:27:53Z,,0.02749,,,,,,
2026-05-24T14:27:53Z,,0.02758,,,,,,
2026-05-24T15:02:48Z,2145,,11.4,90.5,9.29,18.5,46.3,7.32
2026-05-24T15:27:53Z,,0.02766,,,,,,
2026-05-24T16:27:53Z,,0.02773,,,,,,
2026-05-24T17:03:28Z,2145,,11.4,89.5,9.18,17.3,49.3,7.26
2026-05-24T17:27:53Z,,0.02779,,,,,,
2026-05-24T18:27:53Z,,0.02785,,,,,,
2026-05-24T19:02:58Z,2130,,11.4,89,9.13,15.6,54.6,7.26
2026-05-24T19:27:53Z,,0.02791,,,,,,
2026-05-24T20:27:53Z,,0.02796,,,,,,
2026-05-24T21:02:15Z,2100,,11.3,89.2,9.1,13.7,61.6,7.29
2026-05-24T21:27:53Z,,0.02802,,,,,,
2026-05-24T22:27:53Z,,0.02808,,,,,,
2026-05-24T23:01:25Z,2085,,11.1,89.9,9.05,12.5,66.6,7.32
2026-05-24T23:27:53Z,,0.02814,,,,,,
2026-05-25T00:27:53Z,,0.02821,,,,,,
2026-05-25T01:01:46Z,1890,,11.1,90.4,9.1,12.1,71.5,7.66
2026-05-25T01:27:53Z,,0.02828,,,,,,
2026-05-25T02:27:53Z,,0.02835,,,,,,
2026-05-25T03:01:58Z,1980,,11.1,90.5,9.11,12.6,67.6,7.48
2026-05-25T03:27:53Z,,0.02842,,,,,,
2026-05-25T04:27:54Z,,0.02849,,,,,,
2026-05-25T05:01:43Z,2175,,11,88.5,8.86,12.2,63.8,6.88
2026-05-25T05:27:54Z,,0.02854,,,,,,
2026-05-25T06:27:53Z,,0.02859,,,,,,
2026-05-25T07:01:08Z,2325,,11,85.2,8.53,17.5,43,6.41
2026-05-25T07:27:53Z,,0.0286,,,,,,
2026-05-25T08:27:53Z,,0.0286,,,,,,
2026-05-25T09:01:18Z,2580,,11.2,81.5,8.26,20.2,30.4,5.31
2026-05-25T09:27:53Z,,0.02826,,,,,,
2026-05-25T10:27:54Z,,0.02793,,,,,,
2026-05-25T11:01:08Z,2565,,11.2,77.8,7.88,17.5,33.9,5.05
2026-05-25T11:27:53Z,,0.0276,,,,,,
2026-05-25T12:27:53Z,,0.02726,,,,,,
2026-05-25T13:01:07Z,2565,,11.3,75.5,7.7,16.9,34.4,4.95
2026-05-25T13:27:53Z,,0.02693,,,,,,
2026-05-25T14:27:54Z,,0.02693,,,,,,
2026-05-25T15:01:51Z,2565,,11.3,75.8,7.73,15.7,38.8,5.19
2026-05-25T15:27:53Z,,0.02693,,,,,,
2026-05-25T16:27:53Z,,0.02693,,,,,,
2026-05-25T17:02:16Z,2565,,11.3,75.1,7.66,14.3,39.9,4.9
2026-05-25T17:27:53Z,,0.02693,,,,,,
2026-05-25T18:27:54Z,,0.02693,,,,,,
2026-05-25T19:03:01Z,2550,,11.1,76.5,7.7,12.2,47.2,5.09
2026-05-25T19:27:53Z,,0.02693,,,,,,
2026-05-25T20:27:53Z,,0.02693,,,,,,
2026-05-25T21:02:27Z,2550,,10.9,78.9,7.85,10.2,54.8,5.21
2026-05-25T21:27:53Z,,0.02693,,,,,,
2026-05-25T22:27:53Z,,0.02693,,,,,,
2026-05-25T23:02:18Z,2550,,10.8,80.9,7.99,8.7,62.6,5.41
2026-05-25T23:27:53Z,,0.02693,,,,,,
2026-05-26T00:27:53Z,,0.02693,,,,,,
2026-05-26T01:02:28Z,2550,,10.7,82.5,8.1,7.7,68.3,5.54
2026-05-26T01:27:53Z,,0.02693,,,,,,
2026-05-26T02:27:53Z,,0.02693,,,,,,
2026-05-26T03:02:27Z,2325,,10.6,83.3,8.13,9.4,67.3,6.09
2026-05-26T03:27:53Z,,0.02693,,,,,,
2026-05-26T04:27:53Z,,0.02693,,,,,,
2026-05-26T05:02:58Z,2100,,10.7,81.9,8.04,16.2,47,6.48
2026-05-26T05:27:54Z,,0.02693,,,,,,
2026-05-26T06:27:54Z,,0.02693,,,,,,
2026-05-26T07:02:20Z,2145,,10.9,80.2,7.97,21.3,33.7,6.28
2026-05-26T07:27:54Z,,0.02693,,,,,,
2026-05-26T08:27:53Z,,0.02676,,,,,,
2026-05-26T09:02:40Z,2475,,11.1,78.2,7.87,21.8,29.4,5.64
2026-05-26T09:27:54Z,,0.0266,,,,,,
2026-05-26T10:27:54Z,,0.02643,,,,,,
2026-05-26T11:02:23Z,2520,,11.2,77.7,7.87,19,34,5.54
2026-05-26T11:27:53Z,,0.02626,,,,,,
2026-05-26T12:27:53Z,,0.0261,,,,,,
2026-05-26T13:01:38Z,2460,,11.3,77.7,7.92,18.3,36.5,5.71
2026-05-26T13:27:54Z,,0.02593,,,,,,
2026-05-26T14:27:53Z,,0.02576,,,,,,
2026-05-26T15:02:14Z,2415,,11.3,76.9,7.84,16.4,41.5,5.79
2026-05-26T15:27:53Z,,0.0256,,,,,,
2026-05-26T16:27:54Z,,0.02543,,,,,,
2026-05-26T17:02:40Z,2430,,11.3,77.9,7.94,15.2,44.7,5.8
2026-05-26T17:27:54Z,,0.02526,,,,,,
2026-05-26T18:27:53Z,,0.0251,,,,,,
2026-05-26T19:02:25Z,2520,,11.2,77.6,7.86,13,49,5.55
2026-05-26T19:27:53Z,,0.02493,,,,,,
2026-05-26T20:27:53Z,,0.02476,,,,,,
2026-05-26T21:02:14Z,2400,,10.9,79.6,7.91,10.6,60,5.85
2026-05-26T21:27:54Z,,0.0246,,,,,,
2026-05-26T22:27:53Z,,0.02443,,,,,,
2026-05-26T23:02:03Z,2475,,10.8,81.8,8.08,9.1,65.3,5.79
2026-05-26T23:27:53Z,,0.02426,,,,,,
2026-05-27T00:27:54Z,,0.0241,,,,,,
2026-05-27T01:02:10Z,2400,,10.6,83.4,8.14,7.2,76.6,6.01
2026-05-27T01:27:53Z,,0.02393,,,,,,
2026-05-27T02:27:54Z,,0.02376,,,,,,
2026-05-27T03:02:03Z,2010,,10.6,84.3,8.23,7.5,83.9,6.71
2026-05-27T03:27:53Z,,0.0236,,,,,,
2026-05-27T04:27:53Z,,0.02343,,,,,,
2026-05-27T05:02:43Z,1770,,10.6,85.1,8.3,9.8,78.5,7.28
2026-05-27T05:27:53Z,,0.02343,,,,,,
2026-05-27T06:27:53Z,,0.02343,,,,,,
2026-05-27T07:03:30Z,1845,,10.7,84.5,8.3,13.5,60.2,7.04
2026-05-27T07:27:53Z,,0.0231,,,,,,
2026-05-27T08:27:53Z,,0.02277,,,,,,
2026-05-27T09:03:10Z,2085,,10.9,80.9,8.04,15.9,47.7,6.46
2026-05-27T09:27:54Z,,0.02243,,,,,,
2026-05-27T10:27:53Z,,0.0221,,,,,,
2026-05-27T11:02:39Z,1575,,10.7,84.1,8.26,11.2,74.1,7.51
2026-05-27T11:27:53Z,,0.02177,,,,,,
2026-05-27T12:27:53Z,,0.02177,,,,,,
2026-05-27T13:02:09Z,1590,,10.7,87.3,8.57,10.2,81.1,7.72
2026-05-27T13:27:53Z,,0.0218,,,,,,
2026-05-27T14:27:54Z,,0.02184,,,,,,
2026-05-27T15:01:23Z,1935,,10.9,85,8.45,11.9,66.2,7.01
2026-05-27T15:27:53Z,,0.02184,,,,,,
2026-05-27T16:27:53Z,,0.02184,,,,,,
2026-05-27T17:01:41Z,1980,,11.1,82.1,8.27,12.7,60.9,6.78
2026-05-27T17:27:54Z,,0.0215,,,,,,
2026-05-27T18:27:53Z,,0.02117,,,,,,
2026-05-27T19:00:47Z,2565,,10.8,78.4,7.75,11.2,47.1,4.77
2026-05-27T19:27:53Z,,0.02084,,,,,,
2026-05-27T20:27:53Z,,0.0205,,,,,,
2026-05-27T21:01:36Z,2565,,10.7,78.8,7.74,8.7,56.1,4.85
2026-05-27T21:27:54Z,,0.02017,,,,,,
2026-05-27T22:27:53Z,,0.02017,,,,,,
2026-05-27T23:02:17Z,2415,,10.6,80.4,7.84,8.1,69.3,5.77
2026-05-27T23:27:53Z,,0.02017,,,,,,
2026-05-28T00:27:54Z,,0.02017,,,,,,
2026-05-28T01:02:30Z,2055,,10.6,82,8.0,8.3,76.3,6.43
2026-05-28T01:27:53Z,,0.02017,,,,,,
2026-05-28T02:27:53Z,,0.02017,,,,,,
2026-05-28T03:02:11Z,2145,,10.5,82.9,8.04,7.9,77.2,6.34
2026-05-28T03:27:53Z,,0.02017,,,,,,
2026-05-28T04:27:53Z,,0.02017,,,,,,
2026-05-28T05:01:35Z,2355,,10.6,81.3,7.93,12.8,52.8,5.91
2026-05-28T05:27:54Z,,0.02017,,,,,,
2026-05-28T06:27:53Z,,0.02017,,,,,,
2026-05-28T07:01:02Z,2580,,10.6,76.3,7.44,14.1,42,5.1
2026-05-28T07:27:53Z,,0.02017,,,,,,
2026-05-28T08:27:54Z,,0.02017,,,,,,
2026-05-28T09:00:07Z,2550,,10.7,73.5,7.22,16,37.4,5.09
2026-05-28T09:27:54Z,,0.02017,,,,,,
2026-05-28T10:27:53Z,,0.02017,,,,,,
2026-05-28T11:00:37Z,2565,,11,70.4,7.04,15.1,37.6,4.85
2026-05-28T11:27:54Z,,0.02017,,,,,,
2026-05-28T12:27:54Z,,0.02017,,,,,,
2026-05-28T13:01:13Z,2550,,11,69.4,6.94,14.8,38.3,4.85
2026-05-28T13:27:54Z,,0.02017,,,,,,
2026-05-28T14:27:53Z,,0.02017,,,,,,
2026-05-28T15:02:03Z,2580,,11.1,68.2,6.87,13.9,38.2,4.58
2026-05-28T15:27:53Z,,0.02017,,,,,,
2026-05-28T16:27:53Z,,0.02,,,,,,
2026-05-28T17:02:59Z,2565,,11,67.8,6.78,13.4,39.5,4.59
2026-05-28T17:27:54Z,,0.01984,,,,,,
2026-05-28T18:27:53Z,,0.01967,,,,,,
2026-05-28T19:02:33Z,2565,,11,68.3,6.83,12.5,41,4.51
2026-05-28T19:27:53Z,,0.0195,,,,,,
2026-05-28T20:27:54Z,,0.01934,,,,,,
2026-05-28T21:02:00Z,2415,,10.8,72.8,7.19,10.9,53.3,5.3
2026-05-28T21:27:53Z,,0.01917,,,,,,
2026-05-28T22:27:54Z,,0.019,,,,,,
2026-05-28T23:01:34Z,2445,,10.7,77.2,7.58,9,62.2,5.48
2026-05-28T23:27:53Z,,0.01884,,,,,,
2026-05-29T00:27:53Z,,0.01867,,,,,,
2026-05-29T01:01:47Z,2550,,10.6,78.7,7.68,7.5,67.2,5.38
2026-05-29T01:27:53Z,,0.0185,,,,,,
2026-05-29T02:27:54Z,,0.01834,,,,,,
2026-05-29T03:01:41Z,2280,,10.5,80,7.76,7.8,72.4,5.91
2026-05-29T03:27:54Z,,0.01817,,,,,,
2026-05-29T04:27:53Z,,0.018,,,,,,
2026-05-29T05:01:26Z,1995,,10.7,78.7,7.73,15.3,48.7,6.36
2026-05-29T05:27:53Z,,0.01784,,,,,,
2026-05-29T06:27:53Z,,0.01767,,,,,,
2026-05-29T07:00:50Z,2445,,10.8,75.8,7.49,19.1,33.4,5.47
2026-05-29T07:27:54Z,,0.0175,,,,,,
2026-05-29T08:27:54Z,,0.01734,,,,,,
2026-05-29T09:00:47Z,2580,,11,71.7,7.17,18.3,31.8,4.97
2026-05-29T09:27:53Z,,0.01717,,,,,,
2026-05-29T10:27:53Z,,0.017,,,,,,
2026-05-29T11:00:06Z,2445,,11.2,69.5,7.04,17.2,35.1,5.14
2026-05-29T11:27:53Z,,0.01684,,,,,,
2026-05-29T12:27:54Z,,0.01667,,,,,,
2026-05-29T13:00:15Z,2475,,11.3,69.6,7.1,17,35.4,5.12
2026-05-29T13:27:54Z,,0.0165,,,,,,
2026-05-29T14:27:53Z,,0.01634,,,,,,
2026-05-29T14:59:54Z,2505,,11.4,70,7.18,16.7,36,5.11
2026-05-29T15:27:53Z,,0.01617,,,,,,
2026-05-29T16:27:53Z,,0.016,,,,,,
2026-05-29T17:00:06Z,2400,,11.3,73.3,7.47,15.8,41.1,5.53
2026-05-29T17:27:54Z,,0.01584,,,,,,
2026-05-29T18:27:54Z,,0.01567,,,,,,
2026-05-29T18:59:58Z,2010,,11,78.8,7.88,11,64.6,6.46
2026-05-29T19:27:54Z,,0.0155,,,,,,
2026-05-29T20:27:53Z,,0.01534,,,,,,
2026-05-29T20:59:42Z,2220,,10.8,81.9,8.09,9.8,67.3,6.24
2026-05-29T21:27:53Z,,0.01517,,,,,,
2026-05-29T22:27:53Z,,0.015,,,,,,
2026-05-29T22:59:17Z,2430,,10.7,83.5,8.2,8.8,68.9,6.0
2026-05-29T23:27:53Z,,0.01484,,,,,,
2026-05-30T00:27:53Z,,0.01467,,,,,,
2026-05-30T01:00:05Z,2550,,10.6,82.8,8.08,8,68.8,5.69
2026-05-30T01:27:53Z,,0.0145,,,,,,
2026-05-30T02:27:53Z,,0.01434,,,,,,
2026-05-30T02:59:35Z,2325,,10.6,81.6,7.96,10.1,63.4,5.99
2026-05-30T03:27:53Z,,0.01417,,,,,,
2026-05-30T04:27:53Z,,0.014,,,,,,
2026-05-30T04:59:54Z,1875,,10.9,78.9,7.85,17.7,44.3,6.68
2026-05-30T05:27:53Z,,0.01384,,,,,,
2026-05-30T06:27:53Z,,0.01367,,,,,,
2026-05-30T06:59:04Z,1965,,11.1,79.4,7.99,24,30.4,6.61
2026-05-30T07:27:54Z,,0.0135,,,,,,
2026-05-30T08:27:53Z,,0.01334,,,,,,
2026-05-30T08:58:36Z,2145,,11.3,75.4,7.69,24.7,26.7,6.04
2026-05-30T09:27:54Z,,0.01317,,,,,,
2026-05-30T10:27:53Z,,0.013,,,,,,
2026-05-30T10:57:52Z,2520,,11.4,73.7,7.56,20.7,29.7,5.35
2026-05-30T11:27:54Z,,0.01284,,,,,,
2026-05-30T12:27:53Z,,0.01267,,,,,,
2026-05-30T12:57:24Z,2565,,11.6,73.5,7.64,20.9,28.9,5.26
2026-05-30T13:27:53Z,,0.0125,,,,,,
2026-05-30T14:27:54Z,,0.01234,,,,,,
2026-05-30T14:57:37Z,2550,,11.6,74.3,7.72,21.6,25.6,4.85
2026-05-30T15:27:53Z,,0.01217,,,,,,
2026-05-30T16:27:53Z,,0.012,,,,,,
2026-05-30T16:58:02Z,2565,,11.7,75,7.84,21.1,28.4,5.23
2026-05-30T17:27:53Z,,0.01184,,,,,,
2026-05-30T18:27:53Z,,0.01167,,,,,,
2026-05-30T18:57:25Z,2475,,11.6,77,8.0,16.9,40.3,5.79
2026-05-30T19:27:54Z,,0.0115,,,,,,
2026-05-30T20:27:53Z,,0.01134,,,,,,
2026-05-30T20:56:46Z,1710,,11.3,81.2,8.28,12.7,65.5,7.29
2026-05-30T21:27:53Z,,0.01117,,,,,,
2026-05-30T22:27:53Z,,0.011,,,,,,
2026-05-30T22:57:35Z,2205,,11,85.1,8.52,10,70.7,6.64
2026-05-30T23:27:53Z,,0.011,,,,,,
2026-05-31T00:27:53Z,,0.01101,,,,,,
2026-05-31T00:57:34Z,2205,,10.9,86.3,8.58,8.8,76.3,6.64
2026-05-31T01:27:53Z,,0.01103,,,,,,
2026-05-31T02:27:53Z,,0.01105,,,,,,
2026-05-31T02:57:54Z,1260,,10.9,87.4,8.69,10.2,90.3,8.59
2026-05-31T03:27:53Z,,0.01109,,,,,,
2026-05-31T04:27:54Z,,0.01113,,,,,,
2026-05-31T04:57:32Z,1215,,11.1,89,8.96,10.8,90.2,8.91
2026-05-31T05:27:53Z,,0.01118,,,,,,
2026-05-31T06:27:53Z,,0.01124,,,,,,
2026-05-31T06:58:00Z,1245,,11.1,90.1,9.07,11,89.6,8.97
2026-05-31T07:27:53Z,,0.0113,,,,,,
2026-05-31T08:27:53Z,,0.01137,,,,,,
2026-05-31T08:57:19Z,1380,,11.2,90.2,9.14,12.1,81.4,8.73
2026-05-31T09:27:53Z,,0.01144,,,,,,
2026-05-31T10:27:54Z,,0.01151,,,,,,
2026-05-31T10:56:24Z,1365,,11.2,90.5,9.17,13.4,75.4,8.76
2026-05-31T11:27:53Z,,0.01158,,,,,,
2026-05-31T12:27:53Z,,0.01165,,,,,,
2026-05-31T12:56:57Z,1680,,11.3,89.7,9.15,14.7,64,8.05
2026-05-31T13:27:53Z,,0.01172,,,,,,
2026-05-31T14:27:53Z,,0.01178,,,,,,
2026-05-31T14:57:34Z,1860,,11.3,89,9.07,14.1,63.8,7.74
2026-05-31T15:27:53Z,,0.01183,,,,,,
2026-05-31T16:27:53Z,,0.01189,,,,,,
2026-05-31T16:57:02Z,2025,,11.3,87.7,8.94,12.9,64.7,7.29
2026-05-31T17:27:54Z,,0.01193,,,,,,
2026-05-31T18:27:53Z,,0.01197,,,,,,
2026-05-31T18:56:58Z,2025,,11.2,86.2,8.73,11.7,68.5,7.16
2026-05-31T19:27:54Z,,0.012,,,,,,
2026-05-31T20:27:54Z,,0.01202,,,,,,
2026-05-31T20:56:35Z,2340,,10.9,87.9,8.74,8.5,76.6,6.54
2026-05-31T21:27:53Z,,0.01206,,,,,,
2026-05-31T22:27:53Z,,0.0121,,,,,,
2026-05-31T22:56:58Z,2400,,10.7,87.9,8.63,6.6,83.7,6.32
2026-05-31T23:27:53Z,,0.01214,,,,,,
2026-06-01T00:27:53Z,,0.01219,,,,,,
2026-06-01T00:56:56Z,2235,,10.6,87.9,8.58,6.7,87.6,6.66
2026-06-01T01:27:54Z,,0.01223,,,,,,
2026-06-01T02:27:53Z,,0.01227,,,,,,
2026-06-01T02:56:45Z,1575,,10.7,88,8.64,9.7,85.2,7.85
2026-06-01T03:27:54Z,,0.01231,,,,,,
2026-06-01T04:27:53Z,,0.01236,,,,,,
2026-06-01T04:56:11Z,1335,,11,89.1,8.92,13.4,74.5,8.66
2026-06-01T05:27:53Z,,0.01241,,,,,,
2026-06-01T06:27:52Z,,0.01247,,,,,,
2026-06-01T06:56:32Z,1260,,11.1,89.7,9.03,17.9,58.4,8.91
2026-06-01T07:27:56Z,,0.01253,,,,,,
2026-06-01T08:27:53Z,,0.01259,,,,,,
2026-06-01T08:55:39Z,1635,,11.2,90.1,9.13,17.2,55.6,8.14
2026-06-01T09:27:53Z,,0.01266,,,,,,
2026-06-01T10:27:54Z,,0.01273,,,,,,
2026-06-01T10:55:03Z,2100,,11.3,88.2,8.99,16.7,50.3,7.15
2026-06-01T11:27:53Z,,0.01277,,,,,,
2026-06-01T12:27:53Z,,0.01282,,,,,,
2026-06-01T12:54:53Z,2190,,11.4,86.8,8.91,16.8,48.8,6.97
2026-06-01T13:27:53Z,,0.01285,,,,,,
2026-06-01T14:27:54Z,,0.01288,,,,,,
2026-06-01T14:54:44Z,2205,,11.4,86.6,8.89,15.3,52.9,6.91
2026-06-01T15:27:53Z,,0.01291,,,,,,
2026-06-01T16:27:53Z,,0.01294,,,,,,
2026-06-01T16:54:13Z,2130,,11.4,86.4,8.87,14.6,56.3,7.04
2026-06-01T17:27:53Z,,0.01296,,,,,,
2026-06-01T18:27:53Z,,0.01299,,,,,,
2026-06-01T18:54:10Z,2055,,11.4,85.5,8.77,13.2,61.6,7.07
2026-06-01T19:27:54Z,,0.013,,,,,,
2026-06-01T20:27:53Z,,0.01301,,,,,,
2026-06-01T20:54:13Z,2265,,11,87.4,8.75,9.7,72.2,6.65
2026-06-01T21:27:53Z,,0.01305,,,,,,
2026-06-01T22:27:54Z,,0.01308,,,,,,
2026-06-01T22:53:23Z,2160,,10.9,87.9,8.74,8.6,79.9,6.86
2026-06-01T23:27:53Z,,0.01313,,,,,,
2026-06-02T00:27:53Z,,0.01317,,,,,,
2026-06-02T00:53:06Z,2100,,10.8,88.8,8.77,8.4,83.3,7.07
2026-06-02T01:27:53Z,,0.01322,,,,,,
2026-06-02T02:27:53Z,,0.01327,,,,,,
2026-06-02T02:53:33Z,1800,,10.9,89.3,8.88,9.3,85.1,7.65
2026-06-02T03:27:54Z,,0.01333,,,,,,
2026-06-02T04:27:53Z,,0.01339,,,,,,
2026-06-02T04:52:51Z,1125,,11.2,89.3,9.05,15.6,69.4,9.23
2026-06-02T05:27:53Z,,0.01344,,,,,,
2026-06-02T06:27:54Z,,0.0135,,,,,,
2026-06-02T06:53:19Z,1185,,11.3,90.7,9.25,17.5,61.9,9.23
2026-06-02T07:27:53Z,,0.01358,,,,,,
2026-06-02T08:27:53Z,,0.01365,,,,,,
2026-06-02T08:52:34Z,1155,,11.4,91.3,9.37,22.8,46.3,9.41
2026-06-02T09:27:54Z,,0.01374,,,,,,
2026-06-02T10:27:53Z,,0.01382,,,,,,
2026-06-02T10:52:33Z,1590,,11.4,91.6,9.4,21.1,45.7,8.42
2026-06-02T11:27:53Z,,0.01391,,,,,,
2026-06-02T12:27:54Z,,0.014,,,,,,
2026-06-02T12:52:06Z,1470,,11.5,91.1,9.41,20.7,48.7,8.77
2026-06-02T13:27:53Z,,0.01408,,,,,,
2026-06-02T14:27:54Z,,0.01416,,,,,,
2026-06-02T14:52:54Z,1770,,11.4,90.6,9.3,19.5,48.1,8.07
2026-06-02T15:27:54Z,,0.01423,,,,,,
2026-06-02T16:27:54Z,,0.01431,,,,,,
2026-06-02T16:53:07Z,1530,,11.5,90.3,9.32,18.7,53.6,8.58
2026-06-02T17:27:53Z,,0.01438,,,,,,
2026-06-02T18:27:53Z,,0.01445,,,,,,
2026-06-02T18:53:09Z,1560,,11.5,91.3,9.43,17,59.1,8.55
2026-06-02T19:27:53Z,,0.01454,,,,,,
2026-06-02T20:27:53Z,,0.01462,,,,,,
2026-06-02T20:53:16Z,1650,,11.5,91.7,9.47,14.7,66.8,8.41
2026-06-02T21:27:53Z,,0.01471,,,,,,
2026-06-02T22:27:53Z,,0.0148,,,,,,
2026-06-02T22:52:46Z,1950,,11.2,92.3,9.35,11.6,74.6,7.75
2026-06-02T23:27:53Z,,0.0149,,,,,,
2026-06-03T00:27:53Z,,0.01499,,,,,,
2026-06-03T00:53:18Z,2145,,11,91.9,9.2,9.2,80.9,7.22
2026-06-03T01:27:53Z,,0.01508,,,,,,
2026-06-03T02:27:53Z,,0.01517,,,,,,
2026-06-03T02:52:41Z,1665,,10.9,91.6,9.11,10.6,82.8,8.08
2026-06-03T03:27:53Z,,0.01526,,,,,,
2026-06-03T04:27:53Z,,0.01534,,,,,,
2026-06-03T04:52:59Z,780,,11.3,92.5,9.43,20.9,58,10.56
2026-06-03T05:27:53Z,,0.01544,,,,,,
2026-06-03T06:27:54Z,,0.01554,,,,,,
2026-06-03T06:52:23Z,1185,,11.4,92.4,9.48,26.7,37.2,9.42
2026-06-03T07:27:53Z,,0.01564,,,,,,
2026-06-03T08:27:54Z,,0.01574,,,,,,
2026-06-03T08:52:24Z,1485,,11.4,92.2,9.46,26.5,34.9,8.74
2026-06-03T09:27:53Z,,0.01584,,,,,,
2026-06-03T10:27:53Z,,0.01594,,,,,,
2026-06-03T10:52:16Z,1770,,11.5,91.4,9.44,22.1,41.7,8.14
2026-06-03T11:27:53Z,,0.01602,,,,,,
2026-06-03T12:27:53Z,,0.01611,,,,,,
2026-06-03T12:51:50Z,2340,,11.6,89.6,9.31,21.2,37.6,6.97
2026-06-03T13:27:53Z,,0.01617,,,,,,
2026-06-03T14:27:53Z,,0.01623,,,,,,
2026-06-03T14:52:14Z,1620,,11.7,87.1,9.11,21.2,44.4,8.23
2026-06-03T15:27:53Z,,0.01627,,,,,,
2026-06-03T16:27:53Z,,0.0163,,,,,,
2026-06-03T16:52:09Z,1560,,11.7,89.9,9.4,19.9,50.2,8.62
2026-06-03T17:27:54Z,,0.01637,,,,,,
2026-06-03T18:27:54Z,,0.01644,,,,,,
2026-06-03T18:52:06Z,1560,,11.7,90.7,9.48,17.6,57.9,8.68
2026-06-03T19:27:53Z,,0.01652,,,,,,
2026-06-03T20:27:53Z,,0.01659,,,,,,
2026-06-03T20:52:52Z,1695,,11.6,91.7,9.53,14.4,67.9,8.39
2026-06-03T21:27:54Z,,0.01668,,,,,,
2026-06-03T22:27:53Z,,0.01677,,,,,,
2026-06-03T22:53:38Z,1725,,11.4,93,9.54,12.2,77.4,8.35
2026-06-03T23:27:53Z,,0.01688,,,,,,
2026-06-04T00:27:54Z,,0.01699,,,,,,
2026-06-04T00:52:56Z,1770,,11.3,93.5,9.53,11.1,81.8,8.24
2026-06-04T01:27:53Z,,0.01711,,,,,,
2026-06-04T02:27:53Z,,0.01723,,,,,,
2026-06-04T02:52:22Z,1275,,11.2,93.8,9.5,12.4,85.6,9.35
2026-06-04T03:27:53Z,,0.01735,,,,,,
2026-06-04T04:27:53Z,,0.01747,,,,,,
2026-06-04T04:52:38Z,510,,11.5,95.2,9.83,20.5,67.1,11.94
2026-06-04T05:27:53Z,,0.01762,,,,,,
2026-06-04T06:27:53Z,,0.01777,,,,,,
2026-06-04T06:52:47Z,690,,11.5,97.1,10.03,23.3,54.6,11.42
2026-06-04T07:27:53Z,,0.01797,,,,,,
2026-06-04T08:27:53Z,,0.01818,,,,,,
2026-06-04T08:52:15Z,1395,,11.5,97.4,10.06,25.1,41.4,9.59
2026-06-04T09:27:54Z,,0.01839,,,,,,
2026-06-04T10:27:53Z,,0.0186,,,,,,
2026-06-04T10:52:31Z,1455,,11.7,95.9,10.03,23.9,43.2,9.35
2026-06-04T11:27:53Z,,0.01877,,,,,,
2026-06-04T12:27:54Z,,0.01894,,,,,,
2026-06-04T12:52:53Z,1110,,11.7,95,9.93,23.4,48.6,10.22
2026-06-04T13:27:53Z,,0.01909,,,,,,
2026-06-04T14:27:53Z,,0.01924,,,,,,
2026-06-04T14:53:14Z,960,,11.7,96.3,10.07,22.1,55.2,10.77
2026-06-04T15:27:54Z,,0.01942,,,,,,
2026-06-04T16:27:53Z,,0.0196,,,,,,
2026-06-04T16:53:27Z,1230,,11.7,96.9,10.13,21.2,53.9,9.99
2026-06-04T17:27:54Z,,0.0198,,,,,,
2026-06-04T18:27:53Z,,0.01999,,,,,,
2026-06-04T18:53:04Z,1185,,11.7,96.5,10.09,18.8,62.6,10.08
2026-06-04T19:27:54Z,,0.02018,,,,,,
2026-06-04T20:27:53Z,,0.02037,,,,,,
2026-06-04T20:52:19Z,1335,,11.7,96.7,10.11,16,71.9,9.79
2026-06-04T21:27:53Z,,0.02056,,,,,,
2026-06-04T22:27:53Z,,0.02075,,,,,,
2026-06-04T22:52:48Z,1545,,11.6,97.2,10.1,13.6,78.1,9.19
2026-06-04T23:27:53Z,,0.02096,,,,,,
2026-06-05T00:27:53Z,,0.02116,,,,,,
2026-06-05T00:53:30Z,1395,,11.4,97.1,9.96,12.9,84.7,9.54
2026-06-05T01:27:53Z,,0.02136,,,,,,
2026-06-05T02:27:54Z,,0.02156,,,,,,
2026-06-05T02:52:59Z,1080,,11.5,97.1,10.03,14.2,84.4,10.3
2026-06-05T03:27:53Z,,0.02176,,,,,,
2026-06-05T04:27:53Z,,0.02196,,,,,,
2026-06-05T04:53:24Z,1065,,11.6,97.4,10.12,20.5,58.4,10.39
2026-06-05T05:27:53Z,,0.02217,,,,,,
2026-06-05T06:27:54Z,,0.02238,,,,,,
2026-06-05T06:53:52Z,1080,,11.7,97.4,10.18,18.7,64.9,10.39
2026-06-05T07:27:53Z,,0.0226,,,,,,
2026-06-05T08:27:53Z,,0.02281,,,,,,
2026-06-05T08:53:53Z,660,,11.7,98,10.25,16.9,82.7,11.89
2026-06-05T09:27:54Z,,0.02304,,,,,,
2026-06-05T10:27:53Z,,0.02327,,,,,,
2026-06-05T10:54:07Z,630,,11.7,99.7,10.42,17.6,80.3,12.04
2026-06-05T11:27:53Z,,0.02357,,,,,,
2026-06-05T12:27:53Z,,0.02386,,,,,,
2026-06-05T12:54:41Z,750,,11.6,100,10.39,18.4,74.1,11.65
2026-06-05T13:27:54Z,,0.02416,,,,,,
2026-06-05T14:27:53Z,,0.02447,,,,,,
2026-06-05T14:53:50Z,585,,11.7,100,10.46,17.4,83.2,12.33
2026-06-05T15:27:54Z,,0.02477,,,,,,
2026-06-05T16:27:53Z,,0.02508,,,,,,
2026-06-05T16:53:31Z,495,,11.7,100,10.46,18.1,82.1,12.68
2026-06-05T17:27:54Z,,0.02539,,,,,,
2026-06-05T18:27:53Z,,0.02569,,,,,,
2026-06-05T18:53:42Z,480,,11.7,100,10.46,17.2,87.7,12.84
2026-06-05T19:27:53Z,,0.026,,,,,,
2026-06-05T20:27:53Z,,0.02631,,,,,,
2026-06-05T20:53:36Z,615,,11.7,100,10.46,15.6,91,12.1
2026-06-05T21:27:54Z,,0.02661,,,,,,
2026-06-05T22:27:53Z,,0.02692,,,,,,
2026-06-05T22:54:10Z,690,,11.7,100,10.46,15.2,92,11.94
2026-06-05T23:27:54Z,,0.02723,,,,,,
2026-06-06T00:27:53Z,,0.02753,,,,,,
2026-06-06T00:54:23Z,705,,11.7,100,10.46,14.7,94.3,11.87
2026-06-06T01:27:54Z,,0.02784,,,,,,
2026-06-06T02:27:53Z,,0.02814,,,,,,
2026-06-06T02:53:46Z,510,,11.7,100,10.46,14.8,100,12.66
2026-06-06T03:27:53Z,,0.02845,,,,,,
2026-06-06T04:27:54Z,,0.02876,,,,,,
2026-06-06T04:53:40Z,495,,11.6,100,10.39,15.4,100,13.13
2026-06-06T05:27:53Z,,0.02906,,,,,,
2026-06-06T06:27:53Z,,0.02937,,,,,,
2026-06-06T06:53:38Z,495,,11.7,100,10.46,16,100,13.62
2026-06-06T07:27:54Z,,0.02967,,,,,,
2026-06-06T08:27:53Z,,0.02998,,,,,,
2026-06-06T08:54:10Z,480,,11.7,100,10.46,17,100,14.46
2026-06-06T09:27:53Z,,0.03028,,,,,,
2026-06-06T10:27:53Z,,0.03059,,,,,,
2026-06-06T10:54:26Z,480,,11.7,100,10.46,17.4,100,14.81
2026-06-06T11:27:53Z,,0.0309,,,,,,
2026-06-06T12:27:54Z,,0.0312,,,,,,
2026-06-06T12:54:38Z,480,,11.7,100,10.46,17.8,98.6,14.96
2026-06-06T13:27:54Z,,0.03151,,,,,,
2026-06-06T14:27:54Z,,0.03182,,,,,,
2026-06-06T15:27:53Z,,0.03212,,,,,,
2026-06-06T16:27:54Z,,0.03243,,,,,,
2026-06-06T16:54:05Z,705,,11.6,100,10.39,13.6,100,11.76
2026-06-06T17:27:53Z,,0.03273,,,,,,
2026-06-06T18:27:53Z,,0.03304,,,,,,
2026-06-06T18:54:07Z,780,,11.6,100,10.39,13.5,99.2,11.6
2026-06-06T19:27:54Z,,0.03334,,,,,,
2026-06-06T20:27:53Z,,0.03365,,,,,,
2026-06-06T20:53:30Z,1095,,11.5,100,10.33,11.9,100,10.59
2026-06-06T21:27:53Z,,0.03395,,,,,,
2026-06-06T22:27:53Z,,0.03425,,,,,,
2026-06-06T22:53:10Z,1230,,11.5,100,10.33,11.2,100,10.13
2026-06-06T23:27:53Z,,0.03455,,,,,,
2026-06-07T00:27:53Z,,0.03486,,,,,,
2026-06-07T00:53:48Z,1170,,11.4,100,10.26,11.6,100,10.39
2026-06-07T01:27:53Z,,0.03516,,,,,,
2026-06-07T02:27:53Z,,0.03546,,,,,,
2026-06-07T02:54:24Z,1215,,11.4,100,10.26,11.3,100,10.2
2026-06-07T03:27:53Z,,0.03576,,,,,,
2026-06-07T04:27:53Z,,0.03606,,,,,,
2026-06-07T04:54:49Z,825,,11.5,100,10.33,13.3,98.6,11.39
2026-06-07T05:27:54Z,,0.03636,,,,,,
2026-06-07T06:27:54Z,,0.03667,,,,,,
2026-06-07T06:55:20Z,840,,11.5,100,10.33,13.1,98.8,11.27
2026-06-07T07:27:54Z,,0.03697,,,,,,
2026-06-07T08:27:53Z,,0.03727,,,,,,
2026-06-07T08:55:48Z,855,,11.6,100,10.39,19,68.7,11.19
2026-06-07T09:27:53Z,,0.03758,,,,,,
2026-06-07T10:27:54Z,,0.03788,,,,,,
2026-06-07T10:56:39Z,960,,11.6,100,10.39,19.3,66.5,11.03
2026-06-07T11:27:54Z,,0.03819,,,,,,
2026-06-07T12:27:53Z,,0.03849,,,,,,
2026-06-07T12:55:55Z,1095,,11.7,100,10.46,19.1,65.1,10.67
2026-06-07T13:27:54Z,,0.0388,,,,,,
2026-06-07T14:27:53Z,,0.0391,,,,,,
2026-06-07T14:56:15Z,885,,11.7,100,10.46,18.1,73.2,11.31
2026-06-07T15:27:53Z,,0.03941,,,,,,
2026-06-07T16:27:53Z,,0.03971,,,,,,
2026-06-07T16:55:55Z,1200,,11.7,100,10.46,17.8,69.1,10.48
2026-06-07T17:27:53Z,,0.04002,,,,,,
2026-06-07T18:27:54Z,,0.04033,,,,,,
2026-06-07T18:55:29Z,2070,,11.7,100,10.46,16.5,60.3,8.46
2026-06-07T19:27:53Z,,0.04063,,,,,,
2026-06-07T20:27:54Z,,0.04094,,,,,,
2026-06-07T20:55:10Z,1905,,11.5,98.1,10.13,12.5,77.6,8.53
2026-06-07T21:27:53Z,,0.04117,,,,,,
2026-06-07T22:27:53Z,,0.0414,,,,,,
2026-06-07T22:54:34Z,2070,,11.3,98.3,10.02,9.7,87.5,8.06
2026-06-07T23:27:53Z,,0.04164,,,,,,
2026-06-08T00:27:53Z,,0.04187,,,,,,
2026-06-08T00:55:15Z,2130,,11.1,97.7,9.84,8.2,92.5,7.75
2026-06-08T01:27:53Z,,0.04209,,,,,,
2026-06-08T02:27:53Z,,0.0423,,,,,,
2026-06-08T02:55:59Z,1680,,11.1,97.2,9.79,10.1,91.2,8.62
2026-06-08T03:27:54Z,,0.0425,,,,,,
2026-06-08T04:27:54Z,,0.0427,,,,,,
2026-06-08T04:55:35Z,915,,11.5,97.5,10.07,19.2,66,10.88
2026-06-08T05:27:53Z,,0.04291,,,,,,
2026-06-08T06:27:54Z,,0.04313,,,,,,
2026-06-08T06:55:42Z,1260,,11.5,97.4,10.06,23.9,45.7,9.89
2026-06-08T07:27:53Z,,0.04334,,,,,,
2026-06-08T08:27:54Z,,0.04355,,,,,,
2026-06-08T08:55:32Z,1380,,11.6,96.3,10.01,26.5,38.4,9.62
2026-06-08T09:27:53Z,,0.04373,,,,,,
2026-06-08T10:27:53Z,,0.04391,,,,,,
2026-06-08T10:55:46Z,1920,,11.7,95.2,9.95,23.2,40.3,8.38
2026-06-08T11:27:53Z,,0.04406,,,,,,
2026-06-08T12:27:53Z,,0.04421,,,,,,
2026-06-08T12:56:24Z,2205,,11.8,93.8,9.87,21.9,39.9,7.7
2026-06-08T13:27:53Z,,0.04434,,,,,,
2026-06-08T14:27:53Z,,0.04447,,,,,,
2026-06-08T14:55:44Z,1965,,11.9,92.7,9.81,21.4,43.8,8.21
2026-06-08T15:27:53Z,,0.04457,,,,,,
2026-06-08T16:27:54Z,,0.04468,,,,,,
2026-06-08T16:55:17Z,1890,,11.9,92.9,9.84,20,48.1,8.31
2026-06-08T17:27:54Z,,0.04479,,,,,,
2026-06-08T18:27:54Z,,0.0449,,,,,,
2026-06-08T18:55:45Z,1665,,11.9,93.4,9.89,17.9,57.2,8.73
2026-06-08T19:27:54Z,,0.04502,,,,,,
2026-06-08T20:27:53Z,,0.04514,,,,,,
2026-06-08T20:55:42Z,1665,,11.8,94.7,9.96,15.6,67,8.91
2026-06-08T21:27:53Z,,0.04529,,,,,,
2026-06-08T22:27:53Z,,0.04543,,,,,,
2026-06-08T22:55:02Z,1665,,11.7,95.8,10.02,14.3,72.9,8.95
2026-06-08T23:27:53Z,,0.0456,,,,,,
2026-06-09T00:27:54Z,,0.04577,,,,,,
2026-06-09T00:55:34Z,1335,,11.7,96.9,10.13,14.3,79.8,9.8
2026-06-09T01:27:53Z,,0.04596,,,,,,
2026-06-09T02:27:54Z,,0.04616,,,,,,
2026-06-09T02:55:04Z,1200,,11.7,98.1,10.26,14.9,80.9,10.31
2026-06-09T03:27:53Z,,0.0464,,,,,,
2026-06-09T04:27:53Z,,0.04663,,,,,,
2026-06-09T04:55:34Z,1005,,11.7,98.7,10.32,16.2,78.7,10.85
2026-06-09T05:27:53Z,,0.04689,,,,,,
2026-06-09T06:27:54Z,,0.04714,,,,,,
2026-06-09T06:55:25Z,840,,11.7,99.9,10.44,17.5,77.1,11.49
2026-06-09T07:27:54Z,,0.04744,,,,,,
2026-06-09T08:27:54Z,,0.04774,,,,,,
2026-06-09T08:54:58Z,840,,11.8,100,10.52,18.7,72,11.52
2026-06-09T09:27:53Z,,0.04805,,,,,,
2026-06-09T10:27:53Z,,0.04836,,,,,,
2026-06-09T10:55:47Z,735,,11.7,100,10.46,17,82.1,11.88
2026-06-09T11:27:54Z,,0.04867,,,,,,
2026-06-09T12:27:54Z,,0.04897,,,,,,
2026-06-09T12:55:34Z,540,,11.8,100,10.52,16.4,90.2,12.58
2026-06-09T13:27:53Z,,0.04928,,,,,,
2026-06-09T14:27:53Z,,0.04959,,,,,,
2026-06-09T14:56:23Z,480,,11.7,100,10.46,16.2,93.2,12.85
2026-06-09T15:27:53Z,,0.0499,,,,,,
2026-06-09T16:27:53Z,,0.0502,,,,,,
2026-06-09T16:55:40Z,480,,11.8,100,10.52,16.7,92.2,13.1
2026-06-09T17:27:53Z,,0.05051,,,,,,
2026-06-09T18:27:54Z,,0.05082,,,,,,
2026-06-09T18:55:11Z,495,,11.7,100,10.46,16.4,93.2,13.0
2026-06-09T19:27:53Z,,0.05112,,,,,,
2026-06-09T20:27:54Z,,0.05143,,,,,,
2026-06-09T20:54:24Z,525,,11.7,100,10.46,15.4,95.2,12.5
2026-06-09T21:27:53Z,,0.05174,,,,,,
2026-06-09T22:27:53Z,,0.05204,,,,,,
2026-06-09T22:54:31Z,555,,11.7,100,10.46,14.7,99.1,12.47
2026-06-09T23:27:53Z,,0.05235,,,,,,
2026-06-10T00:27:53Z,,0.05266,,,,,,
2026-06-10T00:53:46Z,825,,11.7,100,10.46,13.4,98.3,11.42
2026-06-10T01:27:53Z,,0.05296,,,,,,
2026-06-10T02:27:53Z,,0.05327,,,,,,
2026-06-10T02:53:09Z,870,,11.6,100,10.39,12.9,100,11.27
2026-06-10T03:27:53Z,,0.05357,,,,,,
2026-06-10T04:27:53Z,,0.05388,,,,,,
2026-06-10T04:52:31Z,885,,11.6,100,10.39,12.9,100,11.27
2026-06-10T05:27:53Z,,0.05418,,,,,,
2026-06-10T06:27:53Z,,0.05449,,,,,,
2026-06-10T06:52:12Z,480,,11.7,100,10.46,15,100,12.82
2026-06-10T07:27:53Z,,0.05479,,,,,,
2026-06-10T08:27:54Z,,0.0551,,,,,,
2026-06-10T08:51:27Z,645,,11.7,100,10.46,18.4,76.5,12.03
2026-06-10T09:27:53Z,,0.05541,,,,,,
2026-06-10T10:27:55Z,,0.05571,,,,,,
2026-06-10T10:51:38Z,1575,,11.7,100,10.46,18.7,58.8,9.41
2026-06-10T11:27:53Z,,0.05602,,,,,,
2026-06-10T12:27:53Z,,0.05632,,,,,,
2026-06-10T12:52:02Z,1755,,11.7,100,10.46,17.5,61,9.09
2026-06-10T13:27:54Z,,0.05663,,,,,,
2026-06-10T14:27:53Z,,0.05694,,,,,,
2026-06-10T14:52:11Z,2205,,11.7,100,10.46,17.1,55.5,8.08
2026-06-10T15:27:54Z,,0.05724,,,,,,
2026-06-10T16:27:54Z,,0.05755,,,,,,
2026-06-10T16:51:52Z,2205,,11.8,98.1,10.32,16.5,57.1,8.01
2026-06-10T17:27:54Z,,0.05779,,,,,,
2026-06-10T18:27:55Z,,0.05802,,,,,,
2026-06-10T18:51:45Z,2115,,11.7,97.3,10.17,14.7,64.8,8.16
2026-06-10T19:27:53Z,,0.05823,,,,,,
2026-06-10T20:27:53Z,,0.05844,,,,,,
2026-06-10T20:51:52Z,1875,,11.6,96.1,9.98,12.3,77.8,8.44
2026-06-10T21:27:53Z,,0.05861,,,,,,
2026-06-10T22:27:53Z,,0.05879,,,,,,
2026-06-10T22:51:24Z,1500,,11.4,97.7,10.02,11.1,92.4,9.3
2026-06-10T23:27:53Z,,0.05901,,,,,,
2026-06-11T00:27:52Z,,0.05922,,,,,,
2026-06-11T00:51:09Z,1335,,11.4,98.6,10.12,11,97.3,9.74
2026-06-11T01:27:53Z,,0.05947,,,,,,
2026-06-11T02:27:54Z,,0.05972,,,,,,
2026-06-11T02:51:27Z,1110,,11.4,99.2,10.18,12.3,96,10.42
2026-06-11T03:27:54Z,,0.05999,,,,,,
2026-06-11T04:27:54Z,,0.06026,,,,,,
2026-06-11T04:51:22Z,795,,11.6,99.7,10.36,18,74.8,11.49
2026-06-11T05:27:53Z,,0.06055,,,,,,
2026-06-11T06:27:53Z,,0.06084,,,,,,
2026-06-11T06:51:07Z,1230,,11.6,99.7,10.36,22.5,51.1,10.21
2026-06-11T07:27:53Z,,0.06113,,,,,,
2026-06-11T08:27:54Z,,0.06143,,,,,,
2026-06-11T08:51:02Z,2010,,11.7,97.6,10.2,22.2,42.2,8.28
2026-06-11T09:27:54Z,,0.06164,,,,,,
2026-06-11T10:27:54Z,,0.06186,,,,,,
2026-06-11T10:50:34Z,1950,,11.8,96.3,10.13,18.8,52.5,8.45
2026-06-11T11:27:53Z,,0.06204,,,,,,
2026-06-11T12:27:53Z,,0.06223,,,,,,
2026-06-11T12:49:48Z,2145,,11.8,95.4,10.04,16.6,55.9,7.89
2026-06-11T13:27:53Z,,0.06239,,,,,,
2026-06-11T14:27:53Z,,0.06255,,,,,,
2026-06-11T14:50:16Z,1620,,11.7,95.1,9.94,14.6,71.4,8.93
2026-06-11T15:27:53Z,,0.0627,,,,,,
2026-06-11T16:27:53Z,,0.06285,,,,,,
2026-06-11T16:50:32Z,1740,,11.6,95.5,9.92,13.2,76.1,8.73
2026-06-11T17:27:53Z,,0.06301,,,,,,
2026-06-11T18:27:53Z,,0.06317,,,,,,
2026-06-11T18:50:35Z,1440,,11.5,97.1,10.03,11.4,91.6,9.4
2026-06-11T19:27:53Z,,0.06337,,,,,,
2026-06-11T20:27:53Z,,0.06357,,,,,,
2026-06-11T20:50:27Z,1350,,11.4,98.2,10.08,10.5,100,9.7
2026-06-11T21:27:53Z,,0.06381,,,,,,
2026-06-11T22:27:53Z,,0.06404,,,,,,
2026-06-11T22:50:32Z,1245,,11.4,99.1,10.17,11.1,100,10.07
2026-06-11T23:27:53Z,,0.06431,,,,,,
2026-06-12T00:27:54Z,,0.06457,,,,,,
2026-06-12T00:49:58Z,1185,,11.4,100,10.26,11.5,100,10.33
2026-06-12T01:27:54Z,,0.06487,,,,,,
2026-06-12T02:27:53Z,,0.06517,,,,,,
2026-06-12T02:49:25Z,915,,11.5,100,10.33,12.8,100,11.2
2026-06-12T03:27:54Z,,0.06548,,,,,,
2026-06-12T04:27:54Z,,0.06578,,,,,,
2026-06-12T04:50:08Z,870,,11.6,100,10.39,13,100,11.34
2026-06-12T05:27:54Z,,0.06608,,,,,,
2026-06-12T06:27:53Z,,0.06639,,,,,,
2026-06-12T06:50:01Z,840,,11.5,100,10.33,13.1,99.4,11.34
2026-06-12T07:27:53Z,,0.06669,,,,,,
2026-06-12T08:27:53Z,,0.06699,,,,,,
2026-06-12T08:49:39Z,930,,11.6,100,10.39,14.3,89.9,11.04
2026-06-12T09:27:53Z,,0.0673,,,,,,
2026-06-12T10:27:54Z,,0.0676,,,,,,
2026-06-12T10:50:22Z,1380,,11.6,100,10.39,15.9,73.2,9.91
2026-06-12T11:27:54Z,,0.06791,,,,,,
2026-06-12T12:27:53Z,,0.06821,,,,,,
2026-06-12T12:50:58Z,1380,,11.6,99.8,10.37,16.6,70.7,9.98
2026-06-12T13:27:53Z,,0.06851,,,,,,
2026-06-12T14:27:54Z,,0.0688,,,,,,
2026-06-12T14:51:00Z,1410,,11.7,99.2,10.37,17.4,65.9,9.76
2026-06-12T15:27:53Z,,0.06908,,,,,,
2026-06-12T16:27:53Z,,0.06935,,,,,,
2026-06-12T16:50:36Z,1395,,11.7,98.1,10.26,16.9,68,9.78
2026-06-12T17:27:54Z,,0.06959,,,,,,
2026-06-12T18:27:53Z,,0.06982,,,,,,
2026-06-12T18:51:27Z,1350,,11.7,98.3,10.28,15.3,76.1,9.93
2026-06-12T19:27:53Z,,0.07006,,,,,,
2026-06-12T20:27:53Z,,0.0703,,,,,,
2026-06-12T20:51:42Z,1485,,11.5,99,10.22,12.9,84,9.46
2026-06-12T21:27:53Z,,0.07057,,,,,,
2026-06-12T22:27:53Z,,0.07083,,,,,,
2026-06-12T22:51:46Z,1635,,11.4,99.4,10.2,11.2,90.1,9.13
2026-06-12T23:27:53Z,,0.07111,,,,,,
2026-06-13T00:27:54Z,,0.07138,,,,,,
2026-06-13T00:51:56Z,1650,,11.4,99.6,10.22,10.6,93.1,9.08
2026-06-13T01:27:53Z,,0.07167,,,,,,
2026-06-13T02:27:53Z,,0.07195,,,,,,
2026-06-13T02:51:11Z,1590,,11.3,99.6,10.16,10.3,96.1,9.2
2026-06-13T03:27:53Z,,0.07223,,,,,,
2026-06-13T04:27:53Z,,0.07252,,,,,,
2026-06-13T04:51:02Z,1065,,11.5,99.8,10.3,13.9,88.2,10.57
2026-06-13T05:27:53Z,,0.07281,,,,,,
2026-06-13T06:27:53Z,,0.07311,,,,,,
2026-06-13T06:50:45Z,1215,,11.6,98.3,10.21,15.2,78,10.12
2026-06-13T07:27:53Z,,0.07335,,,,,,
2026-06-13T08:27:54Z,,0.07359,,,,,,
2026-06-13T08:50:41Z,1080,,11.6,98.3,10.21,16,77.6,10.57
2026-06-13T09:27:53Z,,0.07383,,,,,,
2026-06-13T10:27:54Z,,0.07407,,,,,,
2026-06-13T10:49:38Z,1170,,11.6,99.7,10.36,13.7,88.1,10.43
2026-06-13T11:27:53Z,,0.07436,,,,,,
2026-06-13T12:27:53Z,,0.07465,,,,,,
2026-06-13T13:27:53Z,,0.07494,,,,,,
2026-06-13T14:27:54Z,,0.07523,,,,,,
2026-06-13T14:49:05Z,1320,,11.4,99.6,10.22,11.5,95.7,9.88
2026-06-13T15:27:53Z,,0.07552,,,,,,
2026-06-13T16:27:53Z,,0.0758,,,,,,
2026-06-13T16:48:54Z,1335,,11.3,99.4,10.14,11.2,97,9.83
2026-06-13T17:27:53Z,,0.07608,,,,,,
2026-06-13T18:27:53Z,,0.07635,,,,,,
2026-06-13T18:49:32Z,1425,,11.3,99.2,10.11,10.3,100,9.57
2026-06-13T19:27:53Z,,0.07662,,,,,,
2026-06-13T20:27:53Z,,0.07689,,,,,,
2026-06-13T20:49:13Z,1485,,11.3,99.5,10.15,10,100,9.39
2026-06-13T21:27:53Z,,0.07717,,,,,,
2026-06-13T22:27:53Z,,0.07745,,,,,,
2026-06-13T22:48:51Z,1530,,11.3,99.5,10.15,9.8,100,9.27
2026-06-13T23:27:53Z,,0.07773,,,,,,
2026-06-14T00:27:53Z,,0.078,,,,,,
2026-06-14T00:49:25Z,1545,,11.3,99.7,10.17,9.7,100,9.22
2026-06-14T01:27:53Z,,0.07829,,,,,,
2026-06-14T02:27:54Z,,0.07858,,,,,,
2026-06-14T02:50:01Z,1575,,11.3,99.5,10.15,9.6,100,9.16
2026-06-14T03:27:53Z,,0.07886,,,,,,
2026-06-14T04:27:53Z,,0.07914,,,,,,
2026-06-14T04:49:46Z,1470,,11.3,99.2,10.11,10.1,100,9.45
2026-06-14T05:27:53Z,,0.0794,,,,,,
2026-06-14T06:27:54Z,,0.07967,,,,,,
2026-06-14T06:49:07Z,1500,,11.3,98.1,10.0,10.7,94.1,9.24
2026-06-14T07:27:53Z,,0.0799,,,,,,
2026-06-14T08:27:53Z,,0.08013,,,,,,
2026-06-14T08:48:19Z,1605,,11.4,97.9,10.05,13.2,78.6,9.02
2026-06-14T09:27:53Z,,0.08035,,,,,,
2026-06-14T10:27:53Z,,0.08058,,,,,,
2026-06-14T10:48:25Z,1845,,11.5,96.9,10.0,14.5,68.5,8.52
2026-06-14T11:27:54Z,,0.08077,,,,,,
2026-06-14T12:27:54Z,,0.08097,,,,,,
2026-06-14T12:48:03Z,1710,,11.5,95.9,9.9,13.6,74.1,8.72
2026-06-14T13:27:54Z,,0.08114,,,,,,
2026-06-14T14:27:53Z,,0.08131,,,,,,
2026-06-14T14:48:21Z,945,,11.5,98.3,10.15,12.7,97.8,10.88
2026-06-14T15:27:53Z,,0.08154,,,,,,
2026-06-14T16:27:53Z,,0.08178,,,,,,
2026-06-14T16:48:04Z,960,,11.5,99.7,10.29,13.3,94.5,10.91
2026-06-14T17:27:53Z,,0.08207,,,,,,
2026-06-14T18:27:53Z,,0.08236,,,,,,
2026-06-14T18:48:27Z,990,,11.5,100,10.33,13.2,94.7,10.87
2026-06-14T19:27:53Z,,0.08267,,,,,,
2026-06-14T20:27:53Z,,0.08297,,,,,,
2026-06-14T20:48:12Z,1125,,11.4,100,10.26,11.8,99,10.42
2026-06-14T21:27:53Z,,0.08327,,,,,,
2026-06-14T22:27:53Z,,0.08357,,,,,,
2026-06-14T22:47:55Z,1305,,11.4,100,10.26,10.9,100,9.94
2026-06-14T23:27:53Z,,0.08387,,,,,,
2026-06-15T00:27:54Z,,0.08417,,,,,,
2026-06-15T00:47:14Z,1440,,11.3,100,10.2,10.3,100,9.57
2026-06-15T01:27:54Z,,0.08447,,,,,,
2026-06-15T02:27:54Z,,0.08477,,,,,,
2026-06-15T02:46:40Z,1335,,11.3,100,10.2,10.8,100,9.88
2026-06-15T03:27:53Z,,0.08507,,,,,,
2026-06-15T04:27:53Z,,0.08537,,,,,,
2026-06-15T04:46:23Z,1050,,11.4,100,10.26,12,100,10.65
2026-06-15T05:27:54Z,,0.08567,,,,,,
2026-06-15T06:27:53Z,,0.08597,,,,,,
2026-06-15T06:46:51Z,705,,11.5,100,10.33,14,98.3,11.85
2026-06-15T07:27:53Z,,0.08627,,,,,,
2026-06-15T08:27:53Z,,0.08658,,,,,,
2026-06-15T08:46:55Z,705,,11.5,100,10.33,13.6,100,11.76
2026-06-15T09:27:53Z,,0.08688,,,,,,
2026-06-15T10:27:54Z,,0.08718,,,,,,
2026-06-15T10:46:32Z,480,,11.6,100,10.39,15.3,97,12.66
2026-06-15T11:27:53Z,,0.08749,,,,,,
2026-06-15T12:27:53Z,,0.08779,,,,,,
2026-06-15T12:46:42Z,600,,11.6,100,10.39,15.9,89.7,12.14
2026-06-15T13:27:54Z,,0.08809,,,,,,
2026-06-15T14:27:53Z,,0.0884,,,,,,
2026-06-15T14:46:07Z,705,,11.6,100,10.39,15.4,90.1,11.83
2026-06-15T15:27:53Z,,0.0887,,,,,,
2026-06-15T16:27:54Z,,0.08901,,,,,,
2026-06-15T16:45:47Z,870,,11.6,100,10.39,14.8,89.1,11.28
2026-06-15T17:27:53Z,,0.08931,,,,,,
2026-06-15T18:27:53Z,,0.08962,,,,,,
2026-06-15T18:46:38Z,1065,,11.6,100,10.39,13.9,89.4,10.71
2026-06-15T19:27:53Z,,0.08992,,,,,,
2026-06-15T20:27:53Z,,0.09023,,,,,,
2026-06-15T20:46:01Z,1335,,11.4,100,10.26,11.3,97.2,9.91
2026-06-15T21:27:53Z,,0.09053,,,,,,
2026-06-15T22:27:53Z,,0.09083,,,,,,
2026-06-15T22:45:25Z,1755,,11.3,100,10.2,9.1,100,8.87
2026-06-15T23:27:53Z,,0.09113,,,,,,
2026-06-16T00:27:53Z,,0.09143,,,,,,
2026-06-16T00:45:15Z,1830,,11.2,100,10.13,8.7,100,8.65
2026-06-16T01:27:53Z,,0.09172,,,,,,
2026-06-16T02:27:54Z,,0.09202,,,,,,
2026-06-16T03:27:53Z,,0.09232,,,,,,
2026-06-16T04:27:54Z,,0.09262,,,,,,
2026-06-16T04:45:08Z,915,,11.2,99.6,10.09,13.8,91.6,10.91
2026-06-16T05:27:53Z,,0.0929,,,,,,
2026-06-16T06:27:54Z,,0.09318,,,,,,
2026-06-16T06:44:54Z,540,,11.4,100,10.26,20.2,70.8,12.38
2026-06-16T07:27:53Z,,0.09348,,,,,,
2026-06-16T08:27:53Z,,0.09378,,,,,,
2026-06-16T08:45:18Z,1350,,11.5,100,10.33,25.1,42.8,9.91
2026-06-16T09:27:53Z,,0.09408,,,,,,
2026-06-16T10:27:54Z,,0.09438,,,,,,
2026-06-16T10:45:50Z,1350,,11.6,98.3,10.21,22.3,50.1,9.89
2026-06-16T11:27:53Z,,0.09462,,,,,,
2026-06-16T12:27:53Z,,0.09486,,,,,,
2026-06-16T12:46:25Z,1395,,11.7,98.7,10.32,20.1,56.1,9.75
2026-06-16T13:27:54Z,,0.09512,,,,,,
2026-06-16T14:27:53Z,,0.09537,,,,,,
2026-06-16T14:45:44Z,1545,,11.7,98.4,10.29,22.1,48.3,9.43
2026-06-16T15:27:53Z,,0.09562,,,,,,
2026-06-16T16:27:53Z,,0.09586,,,,,,
2026-06-16T16:45:54Z,1215,,11.8,96.9,10.19,20.7,56.4,10.15
2026-06-16T17:27:53Z,,0.09606,,,,,,
2026-06-16T18:27:53Z,,0.09626,,,,,,
2026-06-16T18:46:05Z,1095,,11.7,99.2,10.37,18.2,68.2,10.6
2026-06-16T19:27:53Z,,0.09654,,,,,,
2026-06-16T20:27:54Z,,0.09681,,,,,,
2026-06-16T20:47:00Z,1305,,11.7,100,10.46,16.3,73,10.12
2026-06-16T21:27:53Z,,0.09712,,,,,,
2026-06-16T22:27:53Z,,0.09742,,,,,,
2026-06-16T22:47:35Z,1080,,11.7,100,10.46,14.6,86.5,10.82
2026-06-16T23:27:53Z,,0.09773,,,,,,
2026-06-17T00:27:54Z,,0.09803,,,,,,
2026-06-17T00:47:05Z,1170,,11.7,100,10.46,13.8,88.2,10.5
2026-06-17T01:27:53Z,,0.09834,,,,,,
2026-06-17T02:27:54Z,,0.09865,,,,,,
2026-06-17T02:46:52Z,1440,,11.5,99.5,10.27,12.5,87.6,9.63
2026-06-17T03:27:53Z,,0.09893,,,,,,
2026-06-17T04:27:53Z,,0.09921,,,,,,
2026-06-17T04:46:32Z,1245,,11.5,99.4,10.26,12.4,93.1,10.17
2026-06-17T05:27:53Z,,0.09949,,,,,,
2026-06-17T06:27:54Z,,0.09977,,,,,,
2026-06-17T06:46:48Z,1020,,11.5,99.8,10.3,13,95.1,10.78
2026-06-17T07:27:53Z,,0.10006,,,,,,
2026-06-17T08:27:53Z,,0.10036,,,,,,
2026-06-17T08:46:13Z,810,,11.5,100,10.33,13.3,99.5,11.49
2026-06-17T09:27:54Z,,0.10066,,,,,,
2026-06-17T10:27:54Z,,0.10096,,,,,,
2026-06-17T10:46:08Z,600,,11.6,100,10.39,14.4,100,12.36
2026-06-17T11:27:53Z,,0.10127,,,,,,
2026-06-17T12:27:53Z,,0.10157,,,,,,
2026-06-17T12:45:25Z,495,,11.7,100,10.46,14.9,100,12.74
2026-06-17T13:27:53Z,,0.10188,,,,,,
2026-06-17T14:27:53Z,,0.10218,,,,,,
2026-06-17T14:44:37Z,510,,11.7,100,10.46,14.8,100,12.66
2026-06-17T15:27:53Z,,0.10249,,,,,,
2026-06-17T16:27:54Z,,0.1028,,,,,,
2026-06-17T16:44:47Z,615,,11.7,100,10.46,15.3,93.6,12.22
2026-06-17T17:27:53Z,,0.1031,,,,,,
2026-06-17T18:27:53Z,,0.10341,,,,,,
2026-06-17T18:45:32Z,1095,,11.7,100,10.46,15.4,81,10.64
2026-06-17T19:27:54Z,,0.10372,,,,,,
2026-06-17T20:27:53Z,,0.10402,,,,,,
2026-06-17T20:46:07Z,1215,,11.6,100,10.39,13.9,86.2,10.33
2026-06-17T21:27:53Z,,0.10433,,,,,,
2026-06-17T22:27:53Z,,0.10463,,,,,,
2026-06-17T22:45:54Z,1545,,11.6,100,10.39,12.4,87,9.5
2026-06-17T23:27:53Z,,0.10494,,,,,,
2026-06-18T00:27:53Z,,0.10524,,,,,,
2026-06-18T00:45:08Z,1650,,11.4,99.2,10.18,11.4,88.8,9.11
2026-06-18T01:27:53Z,,0.10551,,,,,,
2026-06-18T02:27:53Z,,0.10578,,,,,,
2026-06-18T02:44:39Z,1470,,11.4,98.6,10.12,12.4,86.9,9.49
2026-06-18T03:27:53Z,,0.10603,,,,,,
2026-06-18T04:27:53Z,,0.10627,,,,,,
2026-06-18T04:44:57Z,1050,,11.5,97.9,10.11,18.9,65.2,10.56
2026-06-18T05:27:54Z,,0.1065,,,,,,
2026-06-18T06:27:53Z,,0.10672,,,,,,
2026-06-18T06:44:25Z,975,,11.6,98,10.18,24.9,47.3,10.83
2026-06-18T07:27:53Z,,0.10695,,,,,,
2026-06-18T08:27:53Z,,0.10718,,,,,,
2026-06-18T08:44:10Z,1335,,11.7,97.8,10.23,26.8,38.8,9.88
2026-06-18T09:27:53Z,,0.10741,,,,,,
2026-06-18T10:27:54Z,,0.10763,,,,,,
2026-06-18T10:43:48Z,1680,,11.7,97.5,10.19,24.8,39.5,8.99
2026-06-18T11:27:53Z,,0.10785,,,,,,
2026-06-18T12:27:54Z,,0.10806,,,,,,
2026-06-18T12:43:26Z,1665,,11.8,96.5,10.15,23.3,43.2,9.03
2026-06-18T13:27:53Z,,0.10825,,,,,,
2026-06-18T14:27:53Z,,0.10844,,,,,,
2026-06-18T14:42:54Z,1380,,11.8,97.1,10.22,22.5,49.1,9.81
2026-06-18T15:27:54Z,,0.10864,,,,,,
2026-06-18T16:27:54Z,,0.10885,,,,,,
2026-06-18T16:42:42Z,1215,,11.8,98.8,10.39,20.7,57.5,10.35
2026-06-18T17:27:54Z,,0.10911,,,,,,
2026-06-18T18:27:54Z,,0.10937,,,,,,
2026-06-18T18:43:02Z,1500,,11.7,99.1,10.36,18.2,61.6,9.57
2026-06-18T19:27:54Z,,0.10964,,,,,,
2026-06-18T20:27:53Z,,0.10991,,,,,,
2026-06-18T20:43:24Z,1635,,11.8,98.4,10.35,16.3,66.7,9.25
2026-06-18T21:27:54Z,,0.11015,,,,,,
2026-06-18T22:27:53Z,,0.1104,,,,,,
2026-06-18T22:43:14Z,1545,,11.8,98.3,10.34,15,74.1,9.5
2026-06-18T23:27:53Z,,0.11064,,,,,,
2026-06-19T00:27:54Z,,0.11089,,,,,,
2026-06-19T00:43:13Z,1350,,11.8,99.3,10.45,14.5,80.8,10.05
2026-06-19T01:27:54Z,,0.11116,,,,,,
2026-06-19T02:27:54Z,,0.11144,,,,,,
2026-06-19T02:42:52Z,1155,,11.7,100,10.46,14.2,86.8,10.59
2026-06-19T03:27:54Z,,0.11175,,,,,,
2026-06-19T04:27:54Z,,0.11206,,,,,,
2026-06-19T04:43:04Z,1440,,11.8,100,10.52,20.7,54.8,9.86
2026-06-19T05:27:54Z,,0.11236,,,,,,
2026-06-19T06:27:54Z,,0.11267,,,,,,
2026-06-19T06:43:33Z,1350,,11.8,96.6,10.16,26.5,39,9.77
2026-06-19T07:27:53Z,,0.11286,,,,,,
2026-06-19T08:27:54Z,,0.11305,,,,,,
2026-06-19T08:43:42Z,1605,,11.8,94.5,9.94,29.3,30.6,8.94
2026-06-19T09:27:53Z,,0.11319,,,,,,
2026-06-19T10:27:53Z,,0.11333,,,,,,
2026-06-19T10:43:05Z,1755,,11.9,93.9,9.94,25.2,37.1,8.64
2026-06-19T11:27:54Z,,0.11346,,,,,,
2026-06-19T12:27:53Z,,0.11359,,,,,,
2026-06-19T12:43:09Z,1965,,12,95.2,10.14,23.4,39.9,8.39
2026-06-19T13:27:54Z,,0.11375,,,,,,
2026-06-19T14:27:53Z,,0.1139,,,,,,
2026-06-19T14:43:00Z,1320,,12,95,10.12,22.5,49.2,9.83
2026-06-19T15:27:54Z,,0.11406,,,,,,
2026-06-19T16:27:54Z,,0.11421,,,,,,
2026-06-19T16:43:49Z,1350,,11.9,97.3,10.3,22.2,50.3,9.87
2026-06-19T17:27:54Z,,0.11442,,,,,,
2026-06-19T18:27:54Z,,0.11463,,,,,,
2026-06-19T18:43:31Z,1170,,11.9,98.4,10.42,20.8,58,10.5
2026-06-19T19:27:53Z,,0.11488,,,,,,
2026-06-19T20:27:53Z,,0.11513,,,,,,
2026-06-19T20:43:54Z,1485,,11.9,99.8,10.57,17.6,65.2,9.78
2026-06-19T21:27:53Z,,0.11543,,,,,,
2026-06-19T22:27:53Z,,0.11573,,,,,,
2026-06-19T22:43:05Z,1785,,11.8,99.6,10.48,14.4,73.3,9.06
2026-06-19T23:27:54Z,,0.11602,,,,,,
2026-06-20T00:27:54Z,,0.11631,,,,,,
2026-06-20T00:43:17Z,1905,,11.6,98.9,10.28,12.6,78.3,8.66
2026-06-20T01:27:54Z,,0.11657,,,,,,
2026-06-20T02:27:53Z,,0.11683,,,,,,
2026-06-20T02:43:11Z,1665,,11.7,98.9,10.34,13,81.4,9.23
2026-06-20T03:27:53Z,,0.1171,,,,,,
2026-06-20T04:27:53Z,,0.11736,,,,,,
2026-06-20T04:43:53Z,915,,11.8,99.8,10.5,19.9,65.8,11.3
2026-06-20T05:27:53Z,,0.11766,,,,,,
2026-06-20T06:27:54Z,,0.11796,,,,,,
2026-06-20T06:43:10Z,795,,11.8,100,10.52,20.8,64.9,11.75
2026-06-20T07:27:53Z,,0.11827,,,,,,
2026-06-20T08:27:53Z,,0.11857,,,,,,
2026-06-20T08:43:55Z,840,,11.8,100,10.52,23.2,55.1,11.46
2026-06-20T09:27:54Z,,0.11888,,,,,,
2026-06-20T10:27:53Z,,0.11919,,,,,,
2026-06-20T10:44:23Z,795,,11.9,100,10.59,24.2,53.8,11.84
2026-06-20T11:27:54Z,,0.1195,,,,,,
2026-06-20T12:27:53Z,,0.11981,,,,,,
2026-06-20T12:44:12Z,480,,11.9,100,10.59,23.3,67.3,14.07
2026-06-20T13:27:53Z,,0.12012,,,,,,
2026-06-20T14:27:54Z,,0.12043,,,,,,
2026-06-20T14:44:00Z,480,,11.9,100,10.59,23.2,70.5,14.66
2026-06-20T15:27:54Z,,0.12074,,,,,,
2026-06-20T16:27:53Z,,0.12105,,,,,,
2026-06-20T16:43:34Z,480,,11.9,100,10.59,22.9,70.8,14.47
2026-06-20T17:27:53Z,,0.12136,,,,,,
2026-06-20T18:27:53Z,,0.12167,,,,,,
2026-06-20T18:43:23Z,555,,11.9,100,10.59,21.1,68.3,12.58
2026-06-20T19:27:53Z,,0.12198,,,,,,
2026-06-20T20:27:53Z,,0.12229,,,,,,
2026-06-20T20:44:01Z,570,,11.8,100,10.52,18.8,77.1,12.41
2026-06-20T21:27:53Z,,0.1226,,,,,,
2026-06-20T22:27:53Z,,0.1229,,,,,,
2026-06-20T22:44:48Z,480,,11.9,100,10.59,18.4,85.3,13.41
2026-06-20T23:27:53Z,,0.12321,,,,,,
2026-06-21T00:27:54Z,,0.12352,,,,,,
2026-06-21T00:45:08Z,480,,11.8,100,10.52,17.4,90.8,13.45
2026-06-21T01:27:53Z,,0.12383,,,,,,
2026-06-21T02:27:54Z,,0.12414,,,,,,
2026-06-21T02:44:38Z,480,,11.8,100,10.52,17.7,90.3,13.62
2026-06-21T03:27:53Z,,0.12445,,,,,,
2026-06-21T04:27:54Z,,0.12476,,,,,,
2026-06-21T04:44:53Z,480,,11.8,100,10.52,21.9,77.7,14.99
2026-06-21T05:27:53Z,,0.12506,,,,,,
2026-06-21T06:27:53Z,,0.12537,,,,,,
2026-06-21T06:45:21Z,480,,11.9,100,10.59,29.3,56.9,16.63
2026-06-21T07:27:53Z,,0.12568,,,,,,
2026-06-21T08:27:53Z,,0.12599,,,,,,
2026-06-21T08:45:08Z,480,,12,100,10.65,32.2,45.1,15.41
2026-06-21T09:27:53Z,,0.1263,,,,,,
2026-06-21T10:27:54Z,,0.12662,,,,,,
2026-06-21T10:45:48Z,480,,12,100,10.65,29.2,48.2,14.01
2026-06-21T11:27:54Z,,0.12693,,,,,,
2026-06-21T12:27:53Z,,0.12724,,,,,,
2026-06-21T12:45:42Z,750,,11.9,100,10.59,27.3,45.4,11.89
2026-06-21T13:27:53Z,,0.12755,,,,,,
2026-06-21T14:27:54Z,,0.12786,,,,,,
2026-06-21T14:45:06Z,765,,12,100,10.65,26.6,47.1,11.86
2026-06-21T15:27:54Z,,0.12817,,,,,,
2026-06-21T16:27:53Z,,0.12848,,,,,,
2026-06-21T16:45:38Z,1080,,12.1,100,10.72,26.1,44.9,11.0
2026-06-21T17:27:53Z,,0.12879,,,,,,
2026-06-21T18:27:54Z,,0.12911,,,,,,
2026-06-21T18:46:18Z,1185,,12.1,100,10.72,23.8,49.5,10.65
2026-06-21T19:27:53Z,,0.12942,,,,,,
2026-06-21T20:27:53Z,,0.12973,,,,,,
2026-06-21T20:45:31Z,1725,,12,100,10.65,19.3,56.4,9.35
2026-06-21T21:27:53Z,,0.13005,,,,,,
2026-06-21T22:27:53Z,,0.13036,,,,,,
2026-06-21T23:27:53Z,,0.13067,,,,,,
2026-06-22T00:27:53Z,,0.13098,,,,,,
2026-06-22T00:45:20Z,2145,,11.9,98.8,10.46,14.1,68.1,8.26
2026-06-22T01:27:53Z,,0.13124,,,,,,
2026-06-22T02:27:53Z,,0.1315,,,,,,
2026-06-22T02:45:09Z,1920,,11.9,97.1,10.28,15,67.2,8.61
2026-06-22T03:27:53Z,,0.13171,,,,,,
2026-06-22T04:27:53Z,,0.13192,,,,,,
2026-06-22T04:44:24Z,1500,,12,96.5,10.28,19.8,56,9.56
2026-06-22T05:27:53Z,,0.13211,,,,,,
2026-06-22T06:27:54Z,,0.1323,,,,,,
2026-06-22T06:43:56Z,1470,,12,96.7,10.3,24.6,42.8,9.64
2026-06-22T07:27:54Z,,0.13249,,,,,,
2026-06-22T08:27:53Z,,0.13269,,,,,,
2026-06-22T08:44:12Z,1455,,12.1,95.5,10.24,27.4,36.1,9.5
2026-06-22T09:27:54Z,,0.13285,,,,,,
2026-06-22T10:27:53Z,,0.13302,,,,,,
2026-06-22T10:44:56Z,2250,,12.1,94.4,10.12,23.9,35.9,7.77
2026-06-22T11:27:54Z,,0.13316,,,,,,
2026-06-22T12:27:53Z,,0.1333,,,,,,
2026-06-22T12:45:16Z,2550,,12.2,93.1,10.04,22.6,34.9,7.01
2026-06-22T13:27:53Z,,0.13341,,,,,,
2026-06-22T14:27:53Z,,0.13353,,,,,,
2026-06-22T14:44:31Z,2490,,12.4,89.6,9.79,22.2,36,7.07
2026-06-22T15:27:53Z,,0.13359,,,,,,
2026-06-22T16:27:53Z,,0.13366,,,,,,
2026-06-22T16:43:50Z,2550,,12.5,84.2,9.25,20.6,34.6,6.19
2026-06-22T17:27:53Z,,0.13332,,,,,,
2026-06-22T18:27:54Z,,0.13299,,,,,,
2026-06-22T18:44:04Z,2565,,12.3,84.1,9.13,17.9,39.4,6.01
2026-06-22T19:27:53Z,,0.13266,,,,,,
2026-06-22T20:27:53Z,,0.13232,,,,,,
2026-06-22T20:43:59Z,2550,,12.1,82.6,8.85,15,47,6.02
2026-06-22T21:27:54Z,,0.13199,,,,,,
2026-06-22T22:27:54Z,,0.13199,,,,,,
2026-06-22T22:44:10Z,2550,,11.9,85.8,9.08,12.2,56.5,6.09
2026-06-22T23:27:54Z,,0.132,,,,,,
2026-06-23T00:27:53Z,,0.13201,,,,,,
2026-06-23T00:43:30Z,2550,,11.6,88.2,9.16,10.2,68,6.47
2026-06-23T01:27:53Z,,0.13206,,,,,,
2026-06-23T02:27:53Z,,0.1321,,,,,,
2026-06-23T02:44:26Z,2310,,11.5,89.8,9.27,11,70,7.0
2026-06-23T03:27:53Z,,0.13217,,,,,,
2026-06-23T04:27:53Z,,0.13223,,,,,,
2026-06-23T04:43:31Z,1860,,11.7,89.4,9.35,18.4,50.4,7.92
2026-06-23T05:27:54Z,,0.13229,,,,,,
2026-06-23T06:27:53Z,,0.13235,,,,,,
2026-06-23T06:43:10Z,2220,,11.9,86.5,9.16,22.6,35,7.03
2026-06-23T07:27:54Z,,0.13238,,,,,,
2026-06-23T08:27:54Z,,0.1324,,,,,,
2026-06-23T08:43:16Z,2295,,12,83.2,8.86,23.8,31,6.67
2026-06-23T09:27:53Z,,0.13207,,,,,,
2026-06-23T10:27:52Z,,0.13173,,,,,,
2026-06-23T10:42:38Z,2445,,12,82.5,8.79,20.7,35.6,6.41
2026-06-23T11:27:52Z,,0.1314,,,,,,
2026-06-23T12:27:53Z,,0.13107,,,,,,
2026-06-23T12:42:28Z,2385,,12.2,82.2,8.87,19.6,38.9,6.57
2026-06-23T13:27:52Z,,0.13073,,,,,,
2026-06-23T14:27:52Z,,0.1304,,,,,,
2026-06-23T14:42:39Z,2265,,12.2,82.5,8.9,19.4,40.9,6.82
2026-06-23T15:27:52Z,,0.1304,,,,,,
2026-06-23T16:27:53Z,,0.1304,,,,,,
2026-06-23T16:42:38Z,2100,,12.2,84.5,9.11,18.9,45.1,7.3
2026-06-23T17:27:54Z,,0.1304,,,,,,
2026-06-23T18:27:52Z,,0.1304,,,,,,
2026-06-23T18:43:11Z,2220,,12.1,84,9.0,16.8,49,7.0
2026-06-23T19:27:52Z,,0.1304,,,,,,
2026-06-23T20:27:53Z,,0.1304,,,,,,
2026-06-23T20:42:10Z,2250,,12,85.7,9.13,14.7,55.1,6.93
2026-06-23T21:27:52Z,,0.13041,,,,,,
2026-06-23T22:27:52Z,,0.13041,,,,,,
2026-06-23T22:41:28Z,2115,,11.9,88,9.32,13.5,63.5,7.42
2026-06-23T23:27:52Z,,0.13046,,,,,,
2026-06-24T00:27:52Z,,0.1305,,,,,,
2026-06-24T00:41:02Z,2010,,11.9,90.4,9.57,13,69,7.82
2026-06-24T01:27:52Z,,0.13058,,,,,,
2026-06-24T02:27:52Z,,0.13065,,,,,,
2026-06-24T02:41:27Z,1590,,11.8,91.9,9.67,12.9,78.1,8.8
2026-06-24T03:27:53Z,,0.13074,,,,,,
2026-06-24T04:27:52Z,,0.13084,,,,,,
2026-06-24T04:41:13Z,1050,,11.9,96,10.16,13.3,91.2,10.53
2026-06-24T05:27:52Z,,0.13101,,,,,,
2026-06-24T06:27:53Z,,0.13119,,,,,,
2026-06-24T06:41:29Z,795,,11.9,98,10.37,14,96.2,11.6
2026-06-24T07:27:53Z,,0.13142,,,,,,
2026-06-24T08:27:53Z,,0.13166,,,,,,
2026-06-24T08:42:19Z,750,,11.9,99.8,10.57,14.5,95.6,11.89
2026-06-24T09:27:53Z,,0.13196,,,,,,
2026-06-24T10:27:53Z,,0.13226,,,,,,
2026-06-24T10:42:01Z,735,,12,100,10.65,16.2,87.5,12.06
2026-06-24T11:27:53Z,,0.13257,,,,,,
2026-06-24T12:27:52Z,,0.13288,,,,,,
2026-06-24T12:41:27Z,1170,,12,100,10.65,17.5,72.2,10.76
2026-06-24T13:27:53Z,,0.13319,,,,,,
2026-06-24T14:27:53Z,,0.1335,,,,,,
2026-06-24T14:41:23Z,1305,,12.1,98.2,10.53,18.5,64.4,10.19
2026-06-24T15:27:53Z,,0.13375,,,,,,
2026-06-24T16:27:52Z,,0.13399,,,,,,
2026-06-24T16:41:21Z,1305,,12,98,10.44,18.7,63.9,10.23
2026-06-24T17:27:52Z,,0.13423,,,,,,
2026-06-24T18:27:52Z,,0.13446,,,,,,
2026-06-24T18:40:41Z,1470,,12.1,97.3,10.43,17.8,63.7,9.67
2026-06-24T19:27:52Z,,0.13468,,,,,,
2026-06-24T20:27:52Z,,0.13489,,,,,,
2026-06-24T20:39:50Z,1695,,11.9,98.1,10.39,13.6,77.6,9.13
2026-06-24T21:27:52Z,,0.13513,,,,,,
2026-06-24T22:27:52Z,,0.13536,,,,,,
2026-06-24T22:39:16Z,1860,,11.8,98.4,10.35,11.6,84.4,8.77
2026-06-24T23:27:52Z,,0.13561,,,,,,
2026-06-25T00:27:53Z,,0.13586,,,,,,
2026-06-25T00:39:50Z,1875,,11.7,97,10.14,11.1,85,8.56
2026-06-25T01:27:53Z,,0.13606,,,,,,
2026-06-25T02:27:52Z,,0.13626,,,,,,
2026-06-25T02:39:01Z,1770,,11.6,95.9,9.96,11.9,82.8,8.77
2026-06-25T03:27:53Z,,0.13643,,,,,,
2026-06-25T04:27:52Z,,0.1366,,,,,,
2026-06-25T04:38:37Z,1365,,11.8,94.7,9.96,17.5,64.1,9.55
2026-06-25T05:27:53Z,,0.13674,,,,,,
2026-06-25T06:27:52Z,,0.13688,,,,,,
2026-06-25T06:38:15Z,1395,,12,93.2,9.93,20.6,52.4,9.38
2026-06-25T07:27:52Z,,0.137,,,,,,
2026-06-25T08:27:53Z,,0.13712,,,,,,
2026-06-25T08:37:35Z,1455,,12,92.3,9.83,25.1,39.6,9.17
2026-06-25T09:27:53Z,,0.13722,,,,,,
2026-06-25T10:27:52Z,,0.13732,,,,,,
2026-06-25T10:37:08Z,1755,,12.1,91.6,9.82,24.2,38.7,8.52
2026-06-25T11:27:52Z,,0.13741,,,,,,
2026-06-25T12:27:52Z,,0.1375,,,,,,
2026-06-25T12:36:52Z,2115,,12.1,91.2,9.78,23.2,37.4,7.78
2026-06-25T13:27:52Z,,0.13759,,,,,,
2026-06-25T14:27:53Z,,0.13767,,,,,,
2026-06-25T14:36:40Z,1575,,12.2,91.5,9.87,22.3,45.4,8.96
2026-06-25T15:27:53Z,,0.13776,,,,,,
2026-06-25T16:27:53Z,,0.13785,,,,,,
2026-06-25T16:36:37Z,1185,,12.1,94.5,10.13,20,59,10.19
2026-06-25T17:27:52Z,,0.13799,,,,,,
2026-06-25T18:27:52Z,,0.13814,,,,,,
2026-06-25T18:36:41Z,1080,,12.1,98.3,10.54,16.4,78.1,10.9
2026-06-25T19:27:53Z,,0.13838,,,,,,
2026-06-25T20:27:53Z,,0.13863,,,,,,
2026-06-25T20:36:25Z,1020,,12.1,100,10.72,15.2,86.2,11.18
2026-06-25T21:27:52Z,,0.13894,,,,,,
2026-06-25T22:27:52Z,,0.13926,,,,,,
2026-06-25T22:35:37Z,1050,,12.1,100,10.72,14,92.1,11.1
2026-06-25T23:27:52Z,,0.13957,,,,,,
2026-06-26T00:27:52Z,,0.13988,,,,,,
2026-06-26T00:36:29Z,1290,,11.9,100,10.59,12.2,95.4,10.29
2026-06-26T01:27:52Z,,0.14019,,,,,,
2026-06-26T02:27:52Z,,0.1405,,,,,,
2026-06-26T02:36:05Z,1260,,11.8,100,10.52,12.6,94.2,10.42
2026-06-26T03:27:52Z,,0.14081,,,,,,
2026-06-26T04:27:53Z,,0.14112,,,,,,
2026-06-26T04:36:35Z,795,,11.9,100,10.59,17.2,80.5,11.78
2026-06-26T05:27:53Z,,0.14143,,,,,,
2026-06-26T06:27:53Z,,0.14174,,,,,,
2026-06-26T06:36:47Z,750,,12,100,10.65,24.7,53,12.0
2026-06-26T07:27:52Z,,0.14205,,,,,,
2026-06-26T08:27:53Z,,0.14236,,,,,,
2026-06-26T08:36:20Z,945,,12,100,10.65,27,44,11.33
2026-06-26T09:27:54Z,,0.14267,,,,,,
2026-06-26T10:27:52Z,,0.14299,,,,,,
2026-06-26T10:36:29Z,1530,,12.1,99.4,10.66,24.7,42.9,9.71
2026-06-26T11:27:53Z,,0.14327,,,,,,
2026-06-26T12:27:53Z,,0.14356,,,,,,
2026-06-26T12:35:48Z,1440,,12.2,97.4,10.51,23.7,46.2,9.88
2026-06-26T13:27:52Z,,0.14378,,,,,,
2026-06-26T14:27:52Z,,0.144,,,,,,
2026-06-26T14:36:24Z,1320,,12.2,97.1,10.47,22.6,50.5,10.14
2026-06-26T15:27:53Z,,0.14421,,,,,,
2026-06-26T16:27:52Z,,0.14442,,,,,,
2026-06-26T16:37:03Z,1260,,12.2,98.6,10.64,19.3,63.6,10.55
2026-06-26T17:27:52Z,,0.14468,,,,,,
2026-06-26T18:27:53Z,,0.14493,,,,,,
2026-06-26T18:37:03Z,1440,,12.1,99.4,10.66,16.9,69.2,9.95
2026-06-26T19:27:52Z,,0.14522,,,,,,
2026-06-26T20:27:53Z,,0.14551,,,,,,
2026-06-26T20:36:17Z,1215,,12.1,100,10.72,15.2,82.4,10.69
2026-06-26T21:27:52Z,,0.14582,,,,,,
2026-06-26T22:27:52Z,,0.14614,,,,,,
2026-06-26T22:37:06Z,1080,,12,100,10.65,13.7,93,11.01
2026-06-26T23:27:52Z,,0.14645,,,,,,
2026-06-27T00:27:52Z,,0.14676,,,,,,
2026-06-27T00:37:50Z,1185,,12,100,10.65,13.8,89.8,10.69
2026-06-27T01:27:52Z,,0.14707,,,,,,
2026-06-27T02:27:52Z,,0.14738,,,,,,
2026-06-27T02:37:45Z,915,,12,100,10.65,14.8,90.5,11.46
2026-06-27T03:27:52Z,,0.1477,,,,,,
2026-06-27T04:27:53Z,,0.14801,,,,,,
2026-06-27T04:37:27Z,510,,12.1,100,10.72,18.1,84.6,13.07
2026-06-27T05:27:52Z,,0.14832,,,,,,
2026-06-27T06:27:53Z,,0.14863,,,,,,
2026-06-27T07:27:53Z,,0.14895,,,,,,
2026-06-27T08:27:53Z,,0.14926,,,,,,
2026-06-27T08:38:24Z,495,,12.1,100,10.72,25,56.5,13.01
2026-06-27T09:27:52Z,,0.14957,,,,,,
2026-06-27T10:27:52Z,,0.14989,,,,,,
2026-06-27T10:37:40Z,885,,12.2,100,10.79,24.3,52.5,11.62
2026-06-27T11:27:53Z,,0.1502,,,,,,
2026-06-27T12:27:53Z,,0.15052,,,,,,
2026-06-27T12:37:36Z,1320,,12.3,100,10.85,24.5,46.9,10.5
2026-06-27T13:27:53Z,,0.15083,,,,,,
2026-06-27T14:27:53Z,,0.15115,,,,,,
2026-06-27T14:37:13Z,1320,,12.4,100,10.92,24.9,46.1,10.56
2026-06-27T15:27:52Z,,0.15147,,,,,,
2026-06-27T16:27:53Z,,0.15179,,,,,,
2026-06-27T16:37:53Z,1455,,12.5,99.3,10.91,24.8,44.5,10.13
2026-06-27T17:27:53Z,,0.15208,,,,,,
2026-06-27T18:27:52Z,,0.15237,,,,,,
2026-06-27T18:38:13Z,1260,,12.4,98.9,10.8,23.6,50,10.64
2026-06-27T19:27:53Z,,0.15264,,,,,,
2026-06-27T20:27:53Z,,0.15292,,,,,,
2026-06-27T20:38:49Z,1380,,12.3,100,10.85,18.9,63.6,10.3
2026-06-27T21:27:52Z,,0.15323,,,,,,
2026-06-27T22:27:52Z,,0.15355,,,,,,
2026-06-27T22:38:38Z,1605,,12.2,100,10.79,15.7,72.6,9.71
2026-06-27T23:27:52Z,,0.15386,,,,,,
2026-06-28T00:27:52Z,,0.15418,,,,,,
2026-06-28T00:37:48Z,1740,,12.1,100,10.72,13.5,80,9.35
2026-06-28T01:27:53Z,,0.15449,,,,,,
2026-06-28T02:27:53Z,,0.15481,,,,,,
2026-06-28T02:38:41Z,1395,,12,100,10.65,14.3,82.7,10.16
2026-06-28T03:27:53Z,,0.15512,,,,,,
2026-06-28T04:27:52Z,,0.15543,,,,,,
2026-06-28T04:38:23Z,1095,,12.2,100,10.79,21,60.2,11.03
2026-06-28T05:27:52Z,,0.15574,,,,,,
2026-06-28T06:27:53Z,,0.15606,,,,,,
2026-06-28T06:39:06Z,795,,12.2,100,10.79,24.5,53.6,12.0
2026-06-28T07:27:52Z,,0.15637,,,,,,
2026-06-28T08:27:52Z,,0.15669,,,,,,
2026-06-28T08:39:02Z,945,,12.2,100,10.79,23.9,52.4,11.34
2026-06-28T09:27:53Z,,0.157,,,,,,
2026-06-28T10:27:53Z,,0.15732,,,,,,
2026-06-28T10:39:26Z,570,,12.3,100,10.85,24.6,57.5,12.94
2026-06-28T11:27:52Z,,0.15764,,,,,,
2026-06-28T12:27:52Z,,0.15795,,,,,,
2026-06-28T12:39:16Z,480,,12.2,100,10.79,22.4,74.9,14.87
2026-06-28T13:27:53Z,,0.15827,,,,,,
2026-06-28T14:27:53Z,,0.15858,,,,,,
2026-06-28T14:38:31Z,480,,12.2,100,10.79,20.7,83.1,14.96
2026-06-28T15:27:53Z,,0.1589,,,,,,
2026-06-28T16:27:52Z,,0.15921,,,,,,
2026-06-28T16:37:42Z,480,,12.2,100,10.79,20.6,81.3,14.55
2026-06-28T17:27:52Z,,0.15953,,,,,,
2026-06-28T18:27:53Z,,0.15984,,,,,,
2026-06-28T18:37:56Z,480,,12.2,100,10.79,18.5,94.1,14.88
2026-06-28T19:27:52Z,,0.16016,,,,,,
2026-06-28T20:27:52Z,,0.16047,,,,,,
2026-06-28T20:37:45Z,480,,12.2,100,10.79,17.8,97,14.72
2026-06-28T21:27:52Z,,0.16079,,,,,,
2026-06-28T22:27:52Z,,0.1611,,,,,,
2026-06-28T22:38:15Z,480,,12.2,100,10.79,17.1,98,14.26
2026-06-28T23:27:53Z,,0.16142,,,,,,
2026-06-29T00:27:52Z,,0.16173,,,,,,
2026-06-29T00:38:56Z,480,,12.2,100,10.79,16.2,99.5,13.72
2026-06-29T01:27:52Z,,0.16205,,,,,,
2026-06-29T02:27:52Z,,0.16236,,,,,,
2026-06-29T02:38:58Z,480,,12.3,100,10.85,16.8,100,14.29
2026-06-29T03:27:52Z,,0.16268,,,,,,
2026-06-29T04:27:53Z,,0.163,,,,,,
2026-06-29T04:38:53Z,480,,12.3,100,10.85,17.3,95.6,14.08
2026-06-29T05:27:52Z,,0.16332,,,,,,
2026-06-29T06:27:53Z,,0.16363,,,,,,
2026-06-29T06:38:03Z,480,,12.3,100,10.85,25.2,64,14.9
2026-06-29T07:27:53Z,,0.16395,,,,,,
2026-06-29T08:27:52Z,,0.16427,,,,,,
2026-06-29T08:38:14Z,465,,12.4,100,10.92,29.4,48.6,14.28
2026-06-29T09:27:52Z,,0.16458,,,,,,
2026-06-29T10:27:52Z,,0.1649,,,,,,
2026-06-29T10:37:52Z,480,,12.3,100,10.85,28.1,51,13.95
2026-06-29T11:27:52Z,,0.16522,,,,,,
2026-06-29T12:27:52Z,,0.16554,,,,,,
2026-06-29T12:38:28Z,480,,12.3,100,10.85,25.2,60.5,14.09
2026-06-29T13:27:53Z,,0.16585,,,,,,
2026-06-29T14:27:53Z,,0.16617,,,,,,
2026-06-29T14:38:35Z,480,,12.4,100,10.92,25.3,61.5,14.4
2026-06-29T15:27:54Z,,0.16649,,,,,,
2026-06-29T16:27:53Z,,0.16681,,,,,,
2026-06-29T16:38:31Z,465,,12.3,100,10.85,24.7,64.4,14.58
2026-06-29T17:27:53Z,,0.16712,,,,,,
2026-06-29T18:27:52Z,,0.16744,,,,,,
2026-06-29T18:39:18Z,960,,12.3,100,10.85,22.8,56.8,11.54
2026-06-29T19:27:52Z,,0.16776,,,,,,
2026-06-29T20:27:52Z,,0.16807,,,,,,
2026-06-29T20:39:18Z,1020,,12.3,100,10.85,19.8,66,11.27
2026-06-29T21:27:52Z,,0.16839,,,,,,
2026-06-29T22:27:52Z,,0.16871,,,,,,
2026-06-29T22:39:51Z,900,,12.3,100,10.85,17.7,77.5,11.69
2026-06-29T23:27:53Z,,0.16903,,,,,,
2026-06-30T00:27:52Z,,0.16934,,,,,,
2026-06-30T00:39:57Z,480,,12.3,100,10.85,17.4,90.5,13.41
2026-06-30T01:27:53Z,,0.16966,,,,,,
2026-06-30T02:27:53Z,,0.16998,,,,,,
2026-06-30T02:40:45Z,480,,12.3,100,10.85,17.8,94,14.26
2026-06-30T03:27:52Z,,0.17029,,,,,,
2026-06-30T04:27:53Z,,0.17061,,,,,,
2026-06-30T04:40:33Z,480,,12.3,100,10.85,25,67.8,15.61
2026-06-30T05:27:53Z,,0.17093,,,,,,
2026-06-30T06:27:53Z,,0.17124,,,,,,
2026-06-30T06:40:03Z,480,,12.3,100,10.85,30.6,48.4,15.18
2026-06-30T07:27:53Z,,0.17156,,,,,,
2026-06-30T08:27:52Z,,0.17188,,,,,,
2026-06-30T08:40:44Z,480,,12.6,100,11.06,30.5,48.7,15.19
2026-06-30T09:27:53Z,,0.1722,,,,,,
2026-06-30T10:27:53Z,,0.17252,,,,,,
2026-06-30T10:40:59Z,570,,12.6,100,11.06,27.2,50.2,13.07
2026-06-30T11:27:52Z,,0.17284,,,,,,
2026-06-30T12:27:53Z,,0.17316,,,,,,
2026-06-30T12:40:59Z,1050,,12.6,100,11.06,25.3,48.8,11.43
2026-06-30T13:27:52Z,,0.17349,,,,,,
2026-06-30T14:27:52Z,,0.17381,,,,,,
2026-06-30T14:40:35Z,1095,,12.6,100,11.06,25.1,48.7,11.28
2026-06-30T15:27:53Z,,0.17413,,,,,,
2026-06-30T16:27:53Z,,0.17445,,,,,,
2026-06-30T16:41:03Z,1470,,12.5,100,10.99,25,44.3,10.2
2026-06-30T17:27:52Z,,0.17477,,,,,,
2026-06-30T18:27:53Z,,0.17509,,,,,,
2026-06-30T18:41:34Z,1410,,12.4,100,10.92,23.7,48.3,10.33
2026-06-30T19:27:52Z,,0.17541,,,,,,
2026-06-30T20:27:53Z,,0.17573,,,,,,
2026-06-30T20:41:46Z,1590,,12.4,100,10.92,18.8,61.2,9.85
2026-06-30T21:27:52Z,,0.17605,,,,,,
2026-06-30T22:27:52Z,,0.17637,,,,,,
2026-06-30T22:42:10Z,1590,,12.4,100,10.92,17.1,67.5,9.82
2026-06-30T23:27:53Z,,0.17669,,,,,,
2026-07-01T00:27:52Z,,0.17701,,,,,,
2026-07-01T00:41:23Z,1530,,12.3,100,10.85,16.6,70.9,10.01
2026-07-01T01:27:53Z,,0.17732,,,,,,
2026-07-01T02:27:53Z,,0.17764,,,,,,
2026-07-01T02:40:36Z,1515,,12.3,100,10.85,16.2,73,10.06
2026-07-01T03:27:52Z,,0.17796,,,,,,
2026-07-01T04:27:52Z,,0.17827,,,,,,
2026-07-01T04:39:58Z,1095,,12.3,100,10.85,19.2,67.3,11.09
2026-07-01T05:27:53Z,,0.17859,,,,,,
2026-07-01T06:27:53Z,,0.17891,,,,,,
2026-07-01T06:39:16Z,1140,,12.3,100,10.85,24.6,49,11.03
2026-07-01T07:27:53Z,,0.17922,,,,,,
2026-07-01T08:27:53Z,,0.17954,,,,,,
2026-07-01T08:39:05Z,1290,,12.3,100,10.85,26.7,41.9,10.61
2026-07-01T09:27:52Z,,0.17986,,,,,,
2026-07-01T10:27:53Z,,0.18017,,,,,,
2026-07-01T10:38:49Z,1440,,12.3,100,10.85,24.8,44.5,10.13
2026-07-01T11:27:53Z,,0.18049,,,,,,
2026-07-01T12:27:53Z,,0.18081,,,,,,
2026-07-01T12:39:14Z,1485,,12.4,100,10.92,24,46.4,10.1
2026-07-01T13:27:53Z,,0.18113,,,,,,
2026-07-01T14:27:52Z,,0.18144,,,,,,
2026-07-01T14:39:28Z,1725,,12.4,100,10.92,23.4,45.5,9.57
2026-07-01T15:27:53Z,,0.18176,,,,,,
2026-07-01T16:27:53Z,,0.18208,,,,,,
2026-07-01T16:40:20Z,1665,,12.4,100,10.92,22.3,49.7,9.81
2026-07-01T17:27:52Z,,0.1824,,,,,,
2026-07-01T18:27:53Z,,0.18272,,,,,,
2026-07-01T18:39:28Z,1770,,12.4,100,10.92,20.8,52.2,9.45
2026-07-01T19:27:53Z,,0.18304,,,,,,
2026-07-01T20:27:53Z,,0.18336,,,,,,
2026-07-01T20:39:20Z,1680,,12.5,100,10.99,19.2,58.9,9.71
2026-07-01T21:27:53Z,,0.18368,,,,,,
2026-07-01T22:27:52Z,,0.184,,,,,,
2026-07-01T22:40:00Z,1560,,12.4,100,10.92,18.5,63.4,10.03
2026-07-01T23:27:53Z,,0.18432,,,,,,
2026-07-02T00:27:52Z,,0.18463,,,,,,
2026-07-02T00:39:07Z,1050,,12.4,100,10.92,15.7,85,11.37
2026-07-02T01:27:52Z,,0.18495,,,,,,
2026-07-02T02:27:52Z,,0.18527,,,,,,
2026-07-02T02:38:33Z,1020,,12.4,100,10.92,15.4,87,11.43
2026-07-02T03:27:52Z,,0.18559,,,,,,
2026-07-02T04:27:52Z,,0.18591,,,,,,
2026-07-02T04:38:40Z,825,,12.3,100,10.85,16,88,11.98
2026-07-02T05:27:52Z,,0.18622,,,,,,
2026-07-02T06:27:53Z,,0.18654,,,,,,
2026-07-02T06:38:16Z,795,,12.4,100,10.92,17.1,83.3,12.12
2026-07-02T07:27:52Z,,0.18686,,,,,,
2026-07-02T08:27:52Z,,0.18718,,,,,,
2026-07-02T08:37:39Z,975,,12.4,100,10.92,18.3,73.7,11.52
2026-07-02T09:27:53Z,,0.1875,,,,,,
2026-07-02T10:27:52Z,,0.18782,,,,,,
2026-07-02T10:37:02Z,975,,12.4,100,10.92,20.4,64.7,11.44
2026-07-02T11:27:52Z,,0.18813,,,,,,
2026-07-02T12:27:53Z,,0.18845,,,,,,
2026-07-02T12:36:22Z,1050,,12.4,100,10.92,21.6,59.4,11.26
2026-07-02T13:27:52Z,,0.18877,,,,,,
2026-07-02T14:27:53Z,,0.18909,,,,,,
2026-07-02T14:37:00Z,795,,12.4,100,10.92,17.8,79.7,12.09
2026-07-02T15:27:53Z,,0.18941,,,,,,
2026-07-02T16:27:53Z,,0.18973,,,,,,
2026-07-02T16:36:19Z,585,,12.4,100,10.92,16.5,92.1,12.93
2026-07-02T17:27:53Z,,0.19005,,,,,,
2026-07-02T18:27:53Z,,0.19036,,,,,,
2026-07-02T18:36:06Z,570,,12.4,100,10.92,16.3,93.6,12.98
2026-07-02T19:27:53Z,,0.19068,,,,,,
2026-07-02T20:27:52Z,,0.191,,,,,,
2026-07-02T20:36:04Z,825,,12.3,100,10.85,14.6,95.3,11.92
2026-07-02T21:27:53Z,,0.19132,,,,,,
2026-07-02T22:27:52Z,,0.19164,,,,,,
2026-07-02T22:35:47Z,945,,12.3,100,10.85,13.8,97.3,11.59
2026-07-02T23:27:52Z,,0.19195,,,,,,
2026-07-03T00:27:52Z,,0.19227,,,,,,
2026-07-03T00:35:35Z,1035,,12.3,100,10.85,13.2,98.3,11.28
2026-07-03T01:27:52Z,,0.19259,,,,,,
2026-07-03T02:27:52Z,,0.1929,,,,,,
2026-07-03T02:36:06Z,780,,12.3,100,10.85,14.2,100,12.21
2026-07-03T03:27:52Z,,0.19322,,,,,,
2026-07-03T04:27:53Z,,0.19354,,,,,,
2026-07-03T04:36:48Z,480,,12.3,100,10.85,16.4,100,13.95
2026-07-03T05:27:53Z,,0.19385,,,,,,
2026-07-03T06:27:52Z,,0.19417,,,,,,
2026-07-03T06:36:19Z,630,,12.3,100,10.85,14.7,100,12.59
2026-07-03T07:27:52Z,,0.19449,,,,,,
2026-07-03T08:27:53Z,,0.1948,,,,,,
2026-07-03T08:36:05Z,480,,12.3,100,10.85,15.9,100,13.54
2026-07-03T09:27:52Z,,0.19512,,,,,,
2026-07-03T10:27:53Z,,0.19544,,,,,,
2026-07-03T10:35:51Z,480,,12.3,100,10.85,16.7,93.5,13.28
2026-07-03T11:27:52Z,,0.19575,,,,,,
2026-07-03T12:27:53Z,,0.19607,,,,,,
2026-07-03T12:35:37Z,495,,12.4,100,10.92,17.1,92.4,13.45
2026-07-03T13:27:53Z,,0.19639,,,,,,
2026-07-03T14:27:52Z,,0.19671,,,,,,
2026-07-03T14:35:24Z,480,,12.3,100,10.85,17.7,88.8,13.39
2026-07-03T15:27:52Z,,0.19702,,,,,,
2026-07-03T16:27:52Z,,0.19734,,,,,,
2026-07-03T16:34:55Z,480,,12.3,100,10.85,17.9,89.7,13.69
2026-07-03T17:27:52Z,,0.19766,,,,,,
2026-07-03T18:27:53Z,,0.19798,,,,,,
2026-07-03T18:34:15Z,555,,12.3,100,10.85,16.8,90.4,12.92
2026-07-03T19:27:52Z,,0.19829,,,,,,
2026-07-03T20:27:53Z,,0.19861,,,,,,
2026-07-03T20:33:37Z,630,,12.3,100,10.85,15.4,96,12.61
2026-07-03T21:27:53Z,,0.19893,,,,,,
2026-07-03T22:27:53Z,,0.19924,,,,,,
2026-07-03T22:33:21Z,825,,12.3,100,10.85,14.1,98.6,11.96
2026-07-03T23:27:52Z,,0.19956,,,,,,
2026-07-04T00:27:52Z,,0.19988,,,,,,
2026-07-04T00:33:04Z,840,,12.3,100,10.85,13.7,100,11.84
2026-07-04T01:27:53Z,,0.20019,,,,,,
2026-07-04T02:27:52Z,,0.20051,,,,,,
2026-07-04T02:33:06Z,840,,12.3,100,10.85,13.7,100,11.84
2026-07-04T03:27:52Z,,0.20083,,,,,,
2026-07-04T04:27:52Z,,0.20114,,,,,,
2026-07-04T04:33:25Z,675,,12.3,100,10.85,14.6,100,12.51
2026-07-04T05:27:52Z,,0.20146,,,,,,
2026-07-04T06:27:52Z,,0.20178,,,,,,
2026-07-04T06:33:32Z,480,,12.3,100,10.85,19.9,80.3,13.79
2026-07-04T07:27:53Z,,0.20209,,,,,,
2026-07-04T08:27:53Z,,0.20241,,,,,,
2026-07-04T08:34:14Z,480,,12.3,100,10.85,17.6,87.8,13.16
2026-07-04T09:27:53Z,,0.20273,,,,,,
2026-07-04T10:27:53Z,,0.20304,,,,,,
2026-07-04T10:34:17Z,480,,12.3,100,10.85,17.1,92.5,13.46
2026-07-04T11:27:53Z,,0.20336,,,,,,
2026-07-04T12:27:52Z,,0.20368,,,,,,
2026-07-04T12:34:59Z,480,,12.4,100,10.92,18,91.3,14.02
2026-07-04T13:27:53Z,,0.204,,,,,,
2026-07-04T14:27:52Z,,0.20432,,,,,,
2026-07-04T14:35:48Z,615,,12.4,100,10.92,18.8,78.9,12.7
2026-07-04T15:27:52Z,,0.20463,,,,,,
2026-07-04T16:27:53Z,,0.20495,,,,,,
2026-07-04T16:35:06Z,750,,12.4,100,10.92,17.1,83.9,12.21
2026-07-04T17:27:53Z,,0.20527,,,,,,
2026-07-04T18:27:52Z,,0.20559,,,,,,
2026-07-04T18:34:40Z,660,,12.4,100,10.92,16.5,89.8,12.6
2026-07-04T19:27:52Z,,0.20591,,,,,,
2026-07-04T20:27:52Z,,0.20623,,,,,,
2026-07-04T20:34:01Z,705,,12.4,100,10.92,15,96.4,12.36
2026-07-04T21:27:52Z,,0.20655,,,,,,
2026-07-04T22:27:53Z,,0.20686,,,,,,
2026-07-04T22:33:54Z,840,,12.3,100,10.85,13.8,99.6,11.86
2026-07-04T23:27:52Z,,0.20718,,,,,,
2026-07-05T00:27:52Z,,0.2075,,,,,,
2026-07-05T00:33:53Z,840,,12.3,100,10.85,13.9,100,11.98
2026-07-05T01:27:52Z,,0.20781,,,,,,
2026-07-05T02:27:52Z,,0.20813,,,,,,
2026-07-05T02:33:44Z,840,,12.3,100,10.85,13.8,100,11.91
2026-07-05T03:27:53Z,,0.20845,,,,,,
2026-07-05T04:27:52Z,,0.20876,,,,,,
2026-07-05T04:33:09Z,750,,12.4,100,10.92,14.3,100,12.28
2026-07-05T05:27:52Z,,0.20908,,,,,,
2026-07-05T06:27:53Z,,0.2094,,,,,,
2026-07-05T06:32:54Z,780,,12.3,100,10.85,14,100,12.06
2026-07-05T07:27:52Z,,0.20972,,,,,,
2026-07-05T08:27:53Z,,0.21004,,,,,,
2026-07-05T08:32:49Z,525,,12.3,100,10.85,15.4,100,13.13
2026-07-05T09:27:52Z,,0.21035,,,,,,
2026-07-05T10:27:53Z,,0.21067,,,,,,
2026-07-05T10:33:07Z,480,,12.4,100,10.92,17.2,95.3,13.95
2026-07-05T11:27:52Z,,0.21099,,,,,,
2026-07-05T12:27:53Z,,0.21131,,,,,,
2026-07-05T12:32:37Z,495,,12.4,100,10.92,16.7,97.4,13.84
2026-07-05T13:27:52Z,,0.21163,,,,,,
2026-07-05T14:27:53Z,,0.21194,,,,,,
2026-07-05T14:32:07Z,495,,12.4,100,10.92,16.3,98.1,13.6
2026-07-05T15:27:53Z,,0.21226,,,,,,
2026-07-05T16:27:52Z,,0.21258,,,,,,
2026-07-05T16:32:06Z,510,,12.4,100,10.92,15.9,96.5,13.06
2026-07-05T17:27:53Z,,0.2129,,,,,,
2026-07-05T18:27:52Z,,0.21322,,,,,,
2026-07-05T18:31:34Z,570,,12.4,100,10.92,15.3,98.8,12.9
2026-07-05T19:27:53Z,,0.21354,,,,,,
2026-07-05T20:27:52Z,,0.21386,,,,,,
2026-07-05T20:32:05Z,660,,12.3,100,10.85,14.6,100,12.51
2026-07-05T21:27:53Z,,0.21417,,,,,,
2026-07-05T22:27:52Z,,0.21449,,,,,,
2026-07-05T22:31:35Z,765,,12.4,100,10.92,14.1,100,12.13
2026-07-05T23:27:52Z,,0.21481,,,,,,
2026-07-06T00:27:53Z,,0.21513,,,,,,
2026-07-06T00:31:29Z,915,,12.3,100,10.85,13.5,100,11.69
2026-07-06T01:27:53Z,,0.21544,,,,,,
2026-07-06T02:27:53Z,,0.21576,,,,,,
2026-07-06T02:31:45Z,975,,12.3,100,10.85,13.1,100,11.41
2026-07-06T03:27:52Z,,0.21608,,,,,,
2026-07-06T04:27:53Z,,0.21639,,,,,,
2026-07-06T04:31:20Z,750,,12.3,100,10.85,14.2,100,12.21
2026-07-06T05:27:53Z,,0.21671,,,,,,
2026-07-06T06:27:53Z,,0.21703,,,,,,
2026-07-06T06:31:45Z,525,,12.3,100,10.85,15.3,100,13.05
2026-07-06T07:27:53Z,,0.21734,,,,,,
2026-07-06T08:27:53Z,,0.21766,,,,,,
2026-07-06T08:32:15Z,510,,12.3,100,10.85,17.1,90.9,13.23
2026-07-06T09:27:52Z,,0.21798,,,,,,
2026-07-06T10:27:53Z,,0.21829,,,,,,
2026-07-06T10:32:39Z,855,,12.3,100,10.85,17.4,80.1,11.87
2026-07-06T11:27:52Z,,0.21861,,,,,,
2026-07-06T12:27:53Z,,0.21893,,,,,,
2026-07-06T12:31:59Z,1425,,12.3,100,10.85,14.9,80.4,10.24
2026-07-06T13:27:52Z,,0.21924,,,,,,
2026-07-06T14:27:52Z,,0.21956,,,,,,
2026-07-06T14:31:15Z,1785,,12.2,100,10.79,14.3,75.7,9.3
2026-07-06T15:27:53Z,,0.21988,,,,,,
2026-07-06T16:27:53Z,,0.22019,,,,,,
2026-07-06T16:31:28Z,1935,,12.1,100,10.72,13.1,78.3,8.93
2026-07-06T17:27:53Z,,0.2205,,,,,,
2026-07-06T18:27:52Z,,0.22082,,,,,,
2026-07-06T18:31:34Z,2250,,12,100,10.65,11.5,79.3,8.19
2026-07-06T19:27:53Z,,0.22113,,,,,,
2026-07-06T20:27:52Z,,0.22144,,,,,,
2026-07-06T20:30:55Z,2460,,11.8,100,10.52,9.6,83.5,7.65
2026-07-06T21:27:52Z,,0.22175,,,,,,
2026-07-06T22:27:52Z,,0.22206,,,,,,
2026-07-06T22:31:16Z,2190,,11.8,100,10.52,8.8,94.6,8.23
2026-07-06T23:27:52Z,,0.22237,,,,,,
2026-07-07T00:27:53Z,,0.22267,,,,,,
2026-07-07T00:32:03Z,2040,,11.7,100,10.46,8.6,98.9,8.5
2026-07-07T01:27:52Z,,0.22298,,,,,,
2026-07-07T02:27:52Z,,0.22329,,,,,,
2026-07-07T02:31:36Z,1980,,11.7,100,10.46,8.8,100,8.7
2026-07-07T03:27:52Z,,0.22359,,,,,,
2026-07-07T04:27:52Z,,0.2239,,,,,,
2026-07-07T04:32:26Z,1680,,11.8,100,10.52,9.8,100,9.27
2026-07-07T05:27:52Z,,0.22421,,,,,,
2026-07-07T06:27:53Z,,0.22451,,,,,,
2026-07-07T06:32:09Z,1215,,11.9,100,10.59,11.9,100,10.59
2026-07-07T07:27:54Z,,0.22482,,,,,,
2026-07-07T08:27:53Z,,0.22513,,,,,,
2026-07-07T08:31:22Z,990,,11.9,100,10.59,12.9,100,11.27
2026-07-07T09:27:52Z,,0.22544,,,,,,
2026-07-07T10:27:53Z,,0.22575,,,,,,
2026-07-07T10:31:06Z,870,,12.1,100,10.72,13.5,99.8,11.67
2026-07-07T11:27:53Z,,0.22607,,,,,,
2026-07-07T12:27:53Z,,0.22638,,,,,,
2026-07-07T12:30:40Z,675,,12.1,100,10.72,15.2,95.2,12.35
2026-07-07T13:27:53Z,,0.22669,,,,,,
2026-07-07T14:27:52Z,,0.22701,,,,,,
2026-07-07T14:29:56Z,1050,,12.2,100,10.79,15.8,82,11.03
2026-07-07T15:27:53Z,,0.22732,,,,,,
2026-07-07T16:27:53Z,,0.22764,,,,,,
2026-07-07T16:30:16Z,1020,,12.2,100,10.79,14.7,90,11.33
2026-07-07T17:27:53Z,,0.22795,,,,,,
2026-07-07T18:27:53Z,,0.22827,,,,,,
2026-07-07T18:30:48Z,1005,,12.2,100,10.79,13.4,96.6,11.22
2026-07-07T19:27:53Z,,0.22858,,,,,,
2026-07-07T20:27:52Z,,0.2289,,,,,,
2026-07-07T20:30:47Z,1185,,12.1,100,10.72,12,99.9,10.64
2026-07-07T21:27:52Z,,0.22921,,,,,,
2026-07-07T22:27:52Z,,0.22952,,,,,,
2026-07-07T22:29:58Z,1650,,12,100,10.65,10.2,100,9.51
2026-07-07T23:27:52Z,,0.22983,,,,,,
2026-07-08T00:27:53Z,,0.23015,,,,,,
2026-07-08T00:29:40Z,1785,,11.8,100,10.52,9.4,100,9.04
2026-07-08T01:27:53Z,,0.23045,,,,,,
2026-07-08T02:27:52Z,,0.23076,,,,,,
2026-07-08T02:30:06Z,1665,,11.8,100,10.52,10,100,9.39
2026-07-08T03:27:52Z,,0.23107,,,,,,
2026-07-08T04:27:53Z,,0.23138,,,,,,
2026-07-08T04:29:31Z,1410,,11.9,100,10.59,11.1,100,10.07
2026-07-08T05:27:52Z,,0.23169,,,,,,
2026-07-08T06:27:52Z,,0.232,,,,,,
2026-07-08T06:28:45Z,1080,,12,100,10.65,12.6,100,11.06
2026-07-08T07:27:53Z,,0.23231,,,,,,
2026-07-08T08:27:52Z,,0.23262,,,,,,
2026-07-08T09:27:53Z,,0.23293,,,,,,
2026-07-08T10:27:52Z,,0.23324,,,,,,
2026-07-08T10:28:14Z,1005,,12.2,100,10.79,18.5,71.3,11.28
2026-07-08T11:27:52Z,,0.23356,,,,,,
2026-07-08T12:27:53Z,,0.23387,,,,,,
2026-07-08T12:28:16Z,1440,,12.3,100,10.85,19.7,59.6,10.12
2026-07-08T13:27:53Z,,0.23419,,,,,,
2026-07-08T14:27:53Z,,0.23451,,,,,,
2026-07-08T14:28:57Z,990,,12.3,100,10.85,18.6,72.5,11.54
2026-07-08T15:27:52Z,,0.23482,,,,,,
2026-07-08T16:27:53Z,,0.23514,,,,,,
2026-07-08T16:28:19Z,990,,12.3,100,10.85,16.8,80.9,11.56
2026-07-08T17:27:52Z,,0.23546,,,,,,
2026-07-08T18:27:52Z,,0.23578,,,,,,
2026-07-08T18:28:45Z,990,,12.3,100,10.85,15.5,86.3,11.4
2026-07-08T19:27:53Z,,0.23609,,,,,,
2026-07-08T20:27:52Z,,0.23641,,,,,,
2026-07-08T20:28:33Z,1005,,12.3,100,10.85,15.3,87.1,11.37
2026-07-08T21:27:53Z,,0.23673,,,,,,
2026-07-08T22:27:52Z,,0.23704,,,,,,
2026-07-08T22:28:19Z,1125,,12.3,100,10.85,14.9,85.9,10.94
2026-07-08T23:27:52Z,,0.23736,,,,,,
2026-07-09T00:27:53Z,,0.23768,,,,,,
2026-07-09T00:29:04Z,1215,,12.3,100,10.85,14.6,85.8,10.73
2026-07-09T01:27:53Z,,0.23799,,,,,,
2026-07-09T02:27:53Z,,0.23831,,,,,,
2026-07-09T02:29:54Z,1320,,12.2,100,10.79,14.5,84.4,10.49
2026-07-09T03:27:52Z,,0.23862,,,,,,
2026-07-09T04:27:52Z,,0.23894,,,,,,
2026-07-09T04:30:23Z,1305,,12.2,99.9,10.78,14.4,85,10.5
2026-07-09T05:27:53Z,,0.23925,,,,,,
2026-07-09T06:27:52Z,,0.23956,,,,,,
2026-07-09T06:30:11Z,1095,,12.3,100,10.85,15.2,85.8,11.13
2026-07-09T07:27:52Z,,0.23988,,,,,,
2026-07-09T08:27:53Z,,0.24019,,,,,,
2026-07-09T08:30:55Z,750,,12.3,100,10.85,15.3,93.5,12.21
2026-07-09T09:27:53Z,,0.24051,,,,,,
2026-07-09T10:27:53Z,,0.24083,,,,,,
2026-07-09T10:30:34Z,630,,12.3,100,10.85,14.8,100,12.66
2026-07-09T11:27:53Z,,0.24115,,,,,,
2026-07-09T12:27:53Z,,0.24146,,,,,,
2026-07-09T12:30:59Z,600,,12.3,100,10.85,15,100,12.82
2026-07-09T13:27:52Z,,0.24178,,,,,,
2026-07-09T14:27:53Z,,0.2421,,,,,,
2026-07-09T14:30:38Z,510,,12.4,100,10.92,17,92,13.31
2026-07-09T15:27:54Z,,0.24241,,,,,,
2026-07-09T16:27:53Z,,0.24273,,,,,,
2026-07-09T16:30:40Z,525,,12.4,100,10.92,17.8,87,13.2
2026-07-09T17:27:53Z,,0.24305,,,,,,
2026-07-09T18:27:53Z,,0.24337,,,,,,
2026-07-09T18:30:35Z,510,,12.3,100,10.85,16.7,92.4,13.13
2026-07-09T19:27:52Z,,0.24369,,,,,,
2026-07-09T20:27:52Z,,0.244,,,,,,
2026-07-09T20:30:50Z,720,,12.3,100,10.85,14.8,97.7,12.37
2026-07-09T21:27:52Z,,0.24432,,,,,,
2026-07-09T22:27:52Z,,0.24464,,,,,,
2026-07-09T22:30:41Z,885,,12.3,100,10.85,13.5,100,11.69
2026-07-09T23:27:52Z,,0.24495,,,,,,
2026-07-10T00:27:52Z,,0.24527,,,,,,
2026-07-10T00:31:31Z,915,,12.3,100,10.85,13.4,100,11.62
2026-07-10T01:27:52Z,,0.24559,,,,,,
2026-07-10T02:27:52Z,,0.2459,,,,,,
2026-07-10T02:31:41Z,795,,12.3,100,10.85,14.1,100,12.13
2026-07-10T03:27:53Z,,0.24622,,,,,,
2026-07-10T04:27:53Z,,0.24654,,,,,,
2026-07-10T04:31:59Z,555,,12.3,100,10.85,15.3,100,13.05
2026-07-10T05:27:52Z,,0.24685,,,,,,
2026-07-10T06:27:53Z,,0.24717,,,,,,
2026-07-10T06:31:26Z,480,,12.3,100,10.85,21.2,76.9,14.25
2026-07-10T07:27:52Z,,0.24749,,,,,,
2026-07-10T08:27:53Z,,0.24781,,,,,,
2026-07-10T08:31:18Z,750,,12.3,100,10.85,25.2,52.1,12.13
2026-07-10T09:27:53Z,,0.24812,,,,,,
2026-07-10T10:27:53Z,,0.24844,,,,,,
2026-07-10T10:31:16Z,1365,,12.3,100,10.85,22.6,51.6,10.37
2026-07-10T11:27:53Z,,0.24876,,,,,,
2026-07-10T12:27:53Z,,0.24907,,,,,,
2026-07-10T12:31:01Z,1545,,12.4,100,10.92,20.8,55.2,9.99
2026-07-10T13:27:52Z,,0.24939,,,,,,
2026-07-10T14:27:52Z,,0.24971,,,,,,
2026-07-10T14:30:58Z,1575,,12.4,100,10.92,20.1,56.7,9.85
2026-07-10T15:27:52Z,,0.25003,,,,,,
2026-07-10T16:27:53Z,,0.25035,,,,,,
2026-07-10T16:30:33Z,1695,,12.5,100,10.99,20.6,53.6,9.59
2026-07-10T17:27:53Z,,0.25067,,,,,,
2026-07-10T18:27:53Z,,0.25099,,,,,,
2026-07-10T18:30:24Z,1410,,12.5,100,10.99,19,63.7,10.38
2026-07-10T19:27:53Z,,0.25131,,,,,,
2026-07-10T20:27:52Z,,0.25163,,,,,,
2026-07-10T20:31:06Z,1425,,12.4,100,10.92,15.1,79.8,10.29
2026-07-10T21:27:53Z,,0.25195,,,,,,
2026-07-10T22:27:52Z,,0.25226,,,,,,
2026-07-10T22:31:02Z,1395,,12.3,100,10.85,13.9,85.8,10.28
2026-07-10T23:27:52Z,,0.25258,,,,,,
2026-07-11T00:27:52Z,,0.2529,,,,,,
2026-07-11T00:31:40Z,1290,,12.4,100,10.92,14.8,84.4,10.69
2026-07-11T01:27:52Z,,0.25322,,,,,,
2026-07-11T02:27:53Z,,0.25354,,,,,,
2026-07-11T02:32:03Z,1305,,12.4,100,10.92,15.2,81.1,10.52
2026-07-11T03:27:52Z,,0.25385,,,,,,
2026-07-11T04:27:53Z,,0.25417,,,,,,
2026-07-11T04:31:37Z,1050,,12.4,100,10.92,16.9,79.1,11.37
2026-07-11T05:27:52Z,,0.25449,,,,,,
2026-07-11T06:27:52Z,,0.25481,,,,,,
2026-07-11T06:32:23Z,900,,12.4,100,10.92,18.4,75.6,11.89
2026-07-11T07:27:53Z,,0.25513,,,,,,
2026-07-11T08:27:53Z,,0.25545,,,,,,
2026-07-11T08:31:25Z,555,,12.4,100,10.92,21.4,70,13.12
2026-07-11T09:27:53Z,,0.25577,,,,,,
2026-07-11T10:27:53Z,,0.25608,,,,,,
2026-07-11T10:30:46Z,480,,12.5,100,10.99,23.8,66.7,14.35
2026-07-11T11:27:53Z,,0.2564,,,,,,
2026-07-11T12:27:53Z,,0.25672,,,,,,
2026-07-11T12:30:03Z,495,,12.5,100,10.99,24.9,63.9,14.63
2026-07-11T13:27:52Z,,0.25704,,,,,,
2026-07-11T14:27:53Z,,0.25737,,,,,,
2026-07-11T14:29:32Z,480,,12.7,100,11.13,26.1,60.2,14.74
2026-07-11T15:27:53Z,,0.25769,,,,,,
2026-07-11T16:27:53Z,,0.25801,,,,,,
2026-07-11T16:29:02Z,480,,12.7,100,11.13,27.1,60.1,15.56
2026-07-11T17:27:52Z,,0.25834,,,,,,
2026-07-11T18:27:52Z,,0.25866,,,,,,
2026-07-11T18:29:36Z,495,,12.6,100,11.06,19.5,98.5,16.53
2026-07-11T19:27:52Z,,0.25898,,,,,,
2026-07-11T20:27:53Z,,0.2593,,,,,,
2026-07-11T20:30:13Z,480,,12.6,100,11.06,17.8,100,15.17
2026-07-11T21:27:53Z,,0.25963,,,,,,
2026-07-11T22:27:52Z,,0.25995,,,,,,
2026-07-11T22:30:41Z,495,,12.6,100,11.06,16.9,100,14.38
2026-07-11T23:27:53Z,,0.26027,,,,,,
2026-07-12T00:27:53Z,,0.26059,,,,,,
2026-07-12T00:30:28Z,480,,12.5,100,10.99,16.8,100,14.29
2026-07-12T01:27:53Z,,0.26091,,,,,,
2026-07-12T02:27:52Z,,0.26123,,,,,,
2026-07-12T02:30:33Z,480,,12.6,100,11.06,16.7,100,14.21
2026-07-12T03:27:53Z,,0.26155,,,,,,
2026-07-12T04:27:52Z,,0.26188,,,,,,
2026-07-12T04:30:59Z,480,,12.5,100,10.99,19.1,99.9,16.37
2026-07-12T05:27:52Z,,0.2622,,,,,,
2026-07-12T06:27:52Z,,0.26252,,,,,,
2026-07-12T06:31:15Z,495,,12.6,100,11.06,19.8,99.9,17.06
2026-07-12T07:27:53Z,,0.26284,,,,,,
2026-07-12T08:27:52Z,,0.26316,,,,,,
2026-07-12T08:31:58Z,480,,12.6,100,11.06,22.8,90.1,18.31
2026-07-12T09:27:53Z,,0.26348,,,,,,
2026-07-12T10:27:53Z,,0.26381,,,,,,
2026-07-12T10:32:44Z,480,,12.8,100,11.2,27.1,68.1,17.63
2026-07-12T11:27:53Z,,0.26413,,,,,,
2026-07-12T12:27:53Z,,0.26446,,,,,,
2026-07-12T12:32:02Z,495,,13.2,100,11.48,26.8,68.2,17.37
2026-07-12T13:27:52Z,,0.26479,,,,,,
2026-07-12T14:27:52Z,,0.26512,,,,,,
2026-07-12T14:31:41Z,495,,13.2,100,11.48,25.3,60.6,14.19
2026-07-12T15:27:52Z,,0.26545,,,,,,
2026-07-12T16:27:52Z,,0.26579,,,,,,
2026-07-12T16:31:44Z,480,,13,100,11.34,20.6,86.5,15.48
2026-07-12T17:27:52Z,,0.26612,,,,,,
2026-07-12T18:27:52Z,,0.26644,,,,,,
2026-07-12T18:31:40Z,480,,12.9,100,11.27,21.3,92.6,17.26
2026-07-12T19:27:52Z,,0.26677,,,,,,
2026-07-12T20:27:53Z,,0.2671,,,,,,
2026-07-12T20:32:00Z,495,,13,100,11.34,19.9,93.2,16.01
2026-07-12T21:27:53Z,,0.26743,,,,,,
2026-07-12T22:27:53Z,,0.26776,,,,,,
2026-07-12T22:32:48Z,495,,13.1,100,11.41,20,92.3,15.95
2026-07-12T23:27:52Z,,0.26809,,,,,,
2026-07-13T00:27:52Z,,0.26842,,,,,,
2026-07-13T00:32:42Z,495,,13,100,11.34,18.5,94,14.87
2026-07-13T01:27:53Z,,0.26875,,,,,,
2026-07-13T02:27:52Z,,0.26908,,,,,,
2026-07-13T02:32:22Z,495,,12.9,100,11.27,16.8,96.5,13.79
2026-07-13T03:27:52Z,,0.2694,,,,,,
2026-07-13T04:27:52Z,,0.26973,,,,,,
2026-07-13T04:32:36Z,540,,12.8,100,11.2,16.8,93.4,13.35
2026-07-13T05:27:53Z,,0.27006,,,,,,
2026-07-13T06:27:53Z,,0.27038,,,,,,
2026-07-13T06:32:42Z,585,,12.7,100,11.13,16.8,92.3,13.19
2026-07-13T07:27:53Z,,0.27071,,,,,,
2026-07-13T08:27:53Z,,0.27103,,,,,,
2026-07-13T08:32:13Z,585,,12.7,100,11.13,17.2,89.7,13.13
2026-07-13T09:27:53Z,,0.27135,,,,,,
2026-07-13T10:27:53Z,,0.27168,,,,,,
2026-07-13T10:32:55Z,510,,12.9,100,11.27,20.5,78.2,13.91
2026-07-13T11:27:53Z,,0.272,,,,,,
2026-07-13T12:27:52Z,,0.27233,,,,,,
2026-07-13T12:32:59Z,495,,12.9,100,11.27,20.1,80,13.9
2026-07-13T13:27:53Z,,0.27266,,,,,,
2026-07-13T14:27:53Z,,0.27299,,,,,,
2026-07-13T14:32:29Z,495,,12.9,100,11.27,19.1,82.8,13.57
2026-07-13T15:27:52Z,,0.27331,,,,,,
2026-07-13T16:27:52Z,,0.27364,,,,,,
2026-07-13T16:31:43Z,525,,12.8,100,11.2,19.1,82.1,13.45
2026-07-13T17:27:53Z,,0.27397,,,,,,
2026-07-13T18:27:53Z,,0.27429,,,,,,
2026-07-13T18:31:40Z,495,,12.8,100,11.2,18.5,85.5,13.52
2026-07-13T19:27:52Z,,0.27462,,,,,,
2026-07-13T20:27:53Z,,0.27494,,,,,,
2026-07-13T20:31:51Z,600,,12.7,100,11.13,17.9,85.4,13.03
2026-07-13T21:27:53Z,,0.27527,,,,,,
2026-07-13T22:27:52Z,,0.27559,,,,,,
2026-07-13T22:31:03Z,705,,12.7,100,11.13,17.4,85.3,12.64
2026-07-13T23:27:52Z,,0.27591,,,,,,
2026-07-14T00:27:53Z,,0.27624,,,,,,
2026-07-14T00:31:01Z,960,,12.6,100,11.06,15.8,87,11.71
2026-07-14T01:27:53Z,,0.27656,,,,,,
2026-07-14T02:27:53Z,,0.27688,,,,,,
2026-07-14T02:30:15Z,1080,,12.5,100,10.99,14.3,91.8,11.27
2026-07-14T03:27:53Z,,0.2772,,,,,,
2026-07-14T04:27:53Z,,0.27752,,,,,,
2026-07-14T04:30:24Z,915,,12.6,100,11.06,18.9,73.3,11.87
2026-07-14T05:27:52Z,,0.27784,,,,,,
2026-07-14T06:27:53Z,,0.27817,,,,,,
2026-07-14T06:29:47Z,960,,12.6,100,11.06,22,60,11.64
2026-07-14T07:27:53Z,,0.27849,,,,,,
2026-07-14T08:27:52Z,,0.27881,,,,,,
2026-07-14T08:29:06Z,945,,12.6,100,11.06,22.2,60.2,11.82
2026-07-14T09:27:52Z,,0.27913,,,,,,
2026-07-14T10:27:53Z,,0.27945,,,,,,
2026-07-14T10:28:54Z,990,,12.6,100,11.06,22.1,59.8,11.67
2026-07-14T11:27:53Z,,0.27978,,,,,,
2026-07-14T12:27:53Z,,0.2801,,,,,,
2026-07-14T12:29:20Z,1140,,12.6,100,11.06,21.4,59.6,11.17
2026-07-14T13:27:53Z,,0.28042,,,,,,
2026-07-14T14:27:53Z,,0.28074,,,,,,
2026-07-14T14:29:55Z,1095,,12.6,100,11.06,22.4,57.2,11.36
2026-07-14T15:27:53Z,,0.28106,,,,,,
2026-07-14T16:27:52Z,,0.28139,,,,,,
2026-07-14T16:29:17Z,1275,,12.7,100,11.13,23.1,52.8,10.91
2026-07-14T17:27:53Z,,0.28171,,,,,,
2026-07-14T18:27:53Z,,0.28203,,,,,,
2026-07-14T18:29:55Z,960,,12.7,100,11.13,21.2,64,11.86
2026-07-14T19:27:53Z,,0.28236,,,,,,
2026-07-14T20:27:53Z,,0.28268,,,,,,
2026-07-14T20:30:11Z,960,,12.6,100,11.06,17.5,79.5,11.85
2026-07-14T21:27:53Z,,0.283,,,,,,
2026-07-14T22:27:53Z,,0.28332,,,,,,
2026-07-14T22:29:36Z,1185,,12.6,100,11.06,14.9,86.8,11.06
2026-07-14T23:27:52Z,,0.28365,,,,,,
2026-07-15T00:27:53Z,,0.28397,,,,,,
2026-07-15T00:28:35Z,1380,,12.4,100,10.92,13.4,89.6,10.41
2026-07-15T01:27:53Z,,0.28429,,,,,,
2026-07-15T02:27:53Z,,0.28461,,,,,,
2026-07-15T02:28:17Z,1305,,12.4,100,10.92,13.5,91.3,10.67
2026-07-15T03:27:53Z,,0.28492,,,,,,
2026-07-15T04:27:42Z,705,,12.5,100,10.99,20.2,72.2,12.62
2026-07-15T04:27:53Z,,0.28524,,,,,,
2026-07-15T05:27:54Z,,0.28556,,,,,,
2026-07-15T06:27:30Z,705,,12.5,100,10.99,27.2,48.3,12.58
2026-07-15T06:27:54Z,,0.28588,,,,,,
2026-07-15T07:27:52Z,,0.28621,,,,,,
2026-07-15T08:27:53Z,,0.28653,,,,,,
2026-07-15T08:28:06Z,705,,12.8,100,11.2,26.9,49.2,12.6
2026-07-15T09:27:53Z,,0.28685,,,,,,
2026-07-15T10:27:52Z,,0.28718,,,,,,
2026-07-15T10:28:37Z,1080,,12.8,100,11.2,25.1,49.5,11.46
2026-07-15T11:27:52Z,,0.2875,,,,,,
2026-07-15T12:27:53Z,,0.28783,,,,,,
2026-07-15T12:27:54Z,1260,,12.9,100,11.27,25.1,47.7,11.05
2026-07-15T13:27:53Z,,0.28815,,,,,,
2026-07-15T14:27:40Z,1215,,13,100,11.34,25.7,47.4,11.35
2026-07-15T14:27:52Z,,0.28848,,,,,,
2026-07-15T15:27:52Z,,0.28881,,,,,,
2026-07-15T16:27:52Z,,0.28914,,,,,,
2026-07-15T16:28:07Z,1035,,13,100,11.34,25.3,50.3,11.78
2026-07-15T17:27:53Z,,0.28947,,,,,,
2026-07-15T18:27:52Z,,0.2898,,,,,,
2026-07-15T18:28:00Z,675,,12.8,100,11.2,24.3,58.3,12.9
2026-07-15T19:27:53Z,,0.29012,,,,,,
2026-07-15T20:27:53Z,,0.29045,,,,,,
2026-07-15T20:28:38Z,1065,,12.8,100,11.2,20.4,65,11.5
2026-07-15T21:27:52Z,,0.29078,,,,,,
2026-07-15T22:27:53Z,,0.2911,,,,,,
2026-07-15T22:28:44Z,1170,,12.7,100,11.13,18.1,72.6,11.21
2026-07-15T23:27:53Z,,0.29143,,,,,,
2026-07-16T00:27:52Z,,0.29175,,,,,,
2026-07-16T00:28:43Z,1425,,12.7,100,11.13,16.9,73.1,10.51
2026-07-16T01:27:52Z,,0.29207,,,,,,
2026-07-16T02:27:53Z,,0.2924,,,,,,
2026-07-16T02:29:15Z,1530,,12.7,100,11.13,15.9,75.1,10.17
2026-07-16T03:27:53Z,,0.29272,,,,,,
2026-07-16T04:27:52Z,,0.29304,,,,,,
2026-07-16T04:29:44Z,1080,,12.7,100,11.13,21,62.5,11.45
2026-07-16T05:27:53Z,,0.29337,,,,,,
2026-07-16T06:27:53Z,,0.29369,,,,,,
2026-07-16T06:29:13Z,915,,12.7,100,11.13,25.4,50.7,11.94
2026-07-16T07:27:53Z,,0.29402,,,,,,
2026-07-16T08:27:53Z,,0.29434,,,,,,
2026-07-16T08:29:23Z,825,,12.7,100,11.13,27.7,45.7,12.23
2026-07-16T09:27:53Z,,0.29466,,,,,,
2026-07-16T10:27:53Z,,0.29499,,,,,,
2026-07-16T10:29:10Z,780,,12.7,100,11.13,22.8,61.2,12.44
2026-07-16T11:27:53Z,,0.29531,,,,,,
2026-07-16T12:27:53Z,,0.29563,,,,,,
2026-07-16T12:28:58Z,960,,12.7,100,11.13,22,60.6,11.76
2026-07-16T13:27:53Z,,0.29596,,,,,,
2026-07-16T14:27:52Z,,0.29628,,,,,,
2026-07-16T14:29:41Z,1185,,12.7,100,11.13,21.5,59.1,11.14
2026-07-16T15:27:52Z,,0.2966,,,,,,
2026-07-16T16:27:53Z,,0.29693,,,,,,
2026-07-16T16:29:18Z,1545,,12.7,100,11.13,20.6,57,10.2
2026-07-16T17:27:53Z,,0.29725,,,,,,
2026-07-16T18:27:53Z,,0.29758,,,,,,
2026-07-16T18:29:12Z,1545,,12.7,100,11.13,19.2,61.2,10.09
2026-07-16T19:27:52Z,,0.2979,,,,,,
2026-07-16T20:27:53Z,,0.29822,,,,,,
2026-07-16T20:28:57Z,1560,,12.7,100,11.13,16.2,73.9,10.19
2026-07-16T21:27:53Z,,0.29855,,,,,,
2026-07-16T22:27:52Z,,0.29887,,,,,,
2026-07-16T22:29:22Z,1665,,12.6,100,11.06,13.6,83,9.76
2026-07-16T23:27:53Z,,0.29919,,,,,,
2026-07-17T00:27:53Z,,0.29952,,,,,,
2026-07-17T00:28:42Z,1755,,12.4,100,10.92,12.2,87.9,9.48
2026-07-17T01:27:53Z,,0.29983,,,,,,
2026-07-17T02:27:52Z,,0.30015,,,,,,
2026-07-17T02:28:51Z,1485,,12.4,100,10.92,12.4,92.8,10.14
2026-07-17T03:27:53Z,,0.30047,,,,,,
2026-07-17T04:27:53Z,,0.30079,,,,,,
2026-07-17T04:29:06Z,795,,12.6,100,11.06,20.2,69.7,12.18
2026-07-17T05:27:53Z,,0.30111,,,,,,
2026-07-17T06:27:53Z,,0.30143,,,,,,
2026-07-17T06:28:44Z,1080,,12.6,100,11.06,24.5,50.5,11.3
2026-07-17T07:27:53Z,,0.30176,,,,,,
2026-07-17T08:27:53Z,,0.30208,,,,,,
2026-07-17T08:27:59Z,1080,,12.7,100,11.13,26.5,45.2,11.32
2026-07-17T09:27:53Z,,0.3024,,,,,,
2026-07-17T10:27:43Z,900,,12.7,100,11.13,25.1,51.9,12.02
2026-07-17T10:27:53Z,,0.30272,,,,,,
2026-07-17T11:27:53Z,,0.30305,,,,,,
2026-07-17T12:27:53Z,,0.30337,,,,,,
2026-07-17T12:28:11Z,840,,12.7,100,11.13,23.7,57.3,12.26
2026-07-17T13:27:53Z,,0.3037,,,,,,
2026-07-17T14:27:32Z,795,,12.8,100,11.2,23.9,57.6,12.46
2026-07-17T14:27:53Z,,0.30402,,,,,,
2026-07-17T15:27:53Z,,0.30435,,,,,,
2026-07-17T16:27:53Z,,0.30467,,,,,,
2026-07-17T16:28:07Z,705,,12.7,100,11.13,23.7,59.6,12.75
2026-07-17T17:27:53Z,,0.305,,,,,,
2026-07-17T18:27:32Z,870,,12.7,100,11.13,21.5,63.8,12.03
2026-07-17T18:27:53Z,,0.30532,,,,,,
2026-07-17T19:27:53Z,,0.30564,,,,,,
2026-07-17T20:26:57Z,945,,12.7,100,11.13,18.8,74.2,11.95
2026-07-17T20:27:53Z,,0.30597,,,,,,
2026-07-17T21:27:53Z,,0.30629,,,,,,
2026-07-17T22:27:37Z,1050,,12.7,100,11.13,16.7,80.9,11.49
2026-07-17T22:27:53Z,,0.30661,,,,,,
2026-07-17T23:27:53Z,,0.30694,,,,,,
2026-07-18T00:27:22Z,915,,12.7,100,11.13,16.1,88,12.06
2026-07-18T00:27:53Z,,0.30726,,,,,,
2026-07-18T01:27:53Z,,0.30759,,,,,,
2026-07-18T02:27:08Z,480,,12.7,100,11.13,17.5,94.6,14.1
2026-07-18T02:27:53Z,,0.30791,,,,,,
2026-07-18T03:27:53Z,,0.30823,,,,,,
2026-07-18T04:26:24Z,495,,12.7,100,11.13,20.3,86,15.12
2026-07-18T04:27:53Z,,0.30856,,,,,,
2026-07-18T05:27:53Z,,0.30888,,,,,,
2026-07-18T06:26:27Z,495,,12.8,100,11.2,22,75.3,14.61
2026-07-18T06:27:53Z,,0.30921,,,,,,
2026-07-18T07:27:53Z,,0.30953,,,,,,
2026-07-18T08:25:57Z,480,,12.8,100,11.2,24.3,64.1,14.19
2026-07-18T08:27:53Z,,0.30986,,,,,,
2026-07-18T09:27:53Z,,0.31018,,,,,,
2026-07-18T10:26:48Z,480,,12.8,100,11.2,24.6,62.8,14.14
2026-07-18T10:27:53Z,,0.31051,,,,,,
2026-07-18T11:27:54Z,,0.31083,,,,,,
2026-07-18T12:26:37Z,705,,12.9,100,11.27,25.3,54.1,12.67
2026-07-18T12:27:53Z,,0.31116,,,,,,
2026-07-18T13:27:53Z,,0.31149,,,,,,
2026-07-18T14:25:49Z,690,,12.9,100,11.27,25.1,55.7,12.9
2026-07-18T14:27:52Z,,0.31182,,,,,,
2026-07-18T15:27:53Z,,0.31214,,,,,,
2026-07-18T16:26:37Z,915,,12.8,100,11.2,24.7,53.2,12.04
2026-07-18T16:27:53Z,,0.31247,,,,,,
2026-07-18T17:27:53Z,,0.31279,,,,,,
2026-07-18T18:26:54Z,495,,12.9,100,11.27,21.2,77.6,14.38
2026-07-18T18:27:53Z,,0.31312,,,,,,
2026-07-18T19:27:53Z,,0.31345,,,,,,
2026-07-18T20:25:59Z,480,,12.9,100,11.27,19.6,93.8,15.83
2026-07-18T20:27:53Z,,0.31377,,,,,,
2026-07-18T21:27:53Z,,0.3141,,,,,,
2026-07-18T22:26:35Z,480,,12.9,100,11.27,18.8,100,16.1
2026-07-18T22:27:53Z,,0.31443,,,,,,
2026-07-18T23:27:53Z,,0.31476,,,,,,
2026-07-19T00:27:05Z,480,,12.9,100,11.27,17.8,99.5,15.1
2026-07-19T00:27:53Z,,0.31508,,,,,,
2026-07-19T01:27:53Z,,0.31541,,,,,,
2026-07-19T02:26:50Z,480,,12.9,100,11.27,17,100,14.46
2026-07-19T02:27:53Z,,0.31574,,,,,,
2026-07-19T03:27:53Z,,0.31607,,,,,,
2026-07-19T04:26:37Z,510,,12.8,100,11.2,15.9,99.8,13.51
2026-07-19T04:27:53Z,,0.31639,,,,,,
2026-07-19T05:27:53Z,,0.31672,,,,,,
2026-07-19T06:27:07Z,750,,12.8,100,11.2,14.7,99.5,12.52
2026-07-19T06:27:53Z,,0.31704,,,,,,
2026-07-19T07:27:53Z,,0.31737,,,,,,
2026-07-19T08:27:18Z,705,,12.8,100,11.2,17.2,87.5,12.81
2026-07-19T08:27:53Z,,0.31769,,,,,,
2026-07-19T09:27:53Z,,0.31802,,,,,,
2026-07-19T10:27:34Z,765,,12.8,100,11.2,19.5,74.8,12.55
2026-07-19T10:27:53Z,,0.31834,,,,,,
2026-07-19T11:27:53Z,,0.31867,,,,,,
2026-07-19T12:27:53Z,,0.31899,,,,,,
2026-07-19T12:28:14Z,915,,12.8,100,11.2,18.5,76.4,12.08
2026-07-19T13:27:53Z,,0.31932,,,,,,
2026-07-19T14:27:53Z,,0.31965,,,,,,
2026-07-19T14:28:40Z,1170,,12.8,100,11.2,17.2,76.7,11.23
2026-07-19T15:27:53Z,,0.31997,,,,,,
2026-07-19T16:27:52Z,,0.3203,,,,,,
2026-07-19T16:28:29Z,1305,,12.7,100,11.13,16.2,78.8,10.86
2026-07-19T17:27:53Z,,0.32062,,,,,,
2026-07-19T18:27:44Z,1395,,12.7,100,11.13,15.4,80.2,10.53
2026-07-19T18:27:53Z,,0.32094,,,,,,
2026-07-19T19:27:53Z,,0.32127,,,,,,
2026-07-19T20:27:45Z,1425,,12.7,100,11.13,14.8,82.7,10.47
2026-07-19T20:27:53Z,,0.32159,,,,,,
2026-07-19T21:27:53Z,,0.32191,,,,,,
2026-07-19T22:27:53Z,,0.32224,,,,,,
2026-07-19T22:28:37Z,1455,,12.7,100,11.13,14.3,84,10.32
2026-07-19T23:27:53Z,,0.32256,,,,,,
2026-07-20T00:27:53Z,,0.32289,,,,,,
2026-07-20T00:28:27Z,1650,,12.6,100,11.06,13.8,82.9,9.87
2026-07-20T01:27:53Z,,0.32321,,,,,,
2026-07-20T02:27:37Z,1680,,12.6,100,11.06,13.3,83.8,9.68
2026-07-20T02:27:53Z,,0.32353,,,,,,
2026-07-20T03:27:53Z,,0.32385,,,,,,
2026-07-20T04:27:48Z,1695,,12.6,100,11.06,13.8,82,9.77
2026-07-20T04:27:53Z,,0.32417,,,,,,
2026-07-20T05:27:53Z,,0.3245,,,,,,
2026-07-20T06:27:52Z,,0.32482,,,,,,
2026-07-20T06:28:27Z,1740,,12.7,100,11.13,15.7,72.5,9.7
2026-07-20T07:27:53Z,,0.32514,,,,,,
2026-07-20T08:27:53Z,,0.32547,,,,,,
2026-07-20T08:28:15Z,1665,,12.7,100,11.13,19.8,58.3,9.96
2026-07-20T09:27:56Z,,0.32579,,,,,,
2026-07-20T10:27:53Z,,0.32611,,,,,,
2026-07-20T10:28:16Z,2295,,12.8,99,11.08,20.4,47.3,8.37
2026-07-20T11:27:53Z,,0.3264,,,,,,
2026-07-20T12:27:50Z,2310,,12.9,96.6,10.88,20.1,47.2,8.2
2026-07-20T12:27:53Z,,0.32668,,,,,,
2026-07-20T13:27:53Z,,0.32688,,,,,,
2026-07-20T14:27:26Z,2340,,12.9,95.4,10.75,19.5,47.7,8.0
2026-07-20T14:27:53Z,,0.32705,,,,,,
2026-07-20T15:27:53Z,,0.32722,,,,,,
2026-07-20T16:27:53Z,,0.32739,,,,,,
2026-07-20T16:28:00Z,2340,,12.9,95.1,10.71,18.3,50.9,7.96
2026-07-20T17:27:53Z,,0.32755,,,,,,
2026-07-20T18:27:33Z,2220,,12.9,93.8,10.57,16.5,58.5,8.21
2026-07-20T18:27:53Z,,0.32768,,,,,,
2026-07-20T19:27:53Z,,0.32782,,,,,,
2026-07-20T20:27:09Z,2025,,12.8,94.6,10.59,14.3,70.2,8.62
2026-07-20T20:27:53Z,,0.32797,,,,,,
2026-07-20T21:27:53Z,,0.32812,,,,,,
2026-07-20T22:27:27Z,2070,,12.6,95.5,10.56,12.4,78,8.52
2026-07-20T22:27:53Z,,0.32829,,,,,,
2026-07-20T23:27:53Z,,0.32846,,,,,,
2026-07-21T00:27:02Z,2190,,12.4,95.7,10.45,11.2,80.7,8.18
2026-07-21T00:27:53Z,,0.32863,,,,,,
2026-07-21T01:27:53Z,,0.3288,,,,,,
2026-07-21T02:26:12Z,2130,,12.3,96,10.42,10.3,86.8,8.31
2026-07-21T02:27:53Z,,0.32898,,,,,,
2026-07-21T03:27:53Z,,0.32916,,,,,,
2026-07-21T04:26:06Z,2205,,12.3,95.5,10.37,10.9,81.1,8.06
2026-07-21T04:27:52Z,,0.32933,,,,,,
2026-07-21T05:27:53Z,,0.32949,,,,,,
2026-07-21T06:26:29Z,2175,,12.3,94.6,10.27,11.7,77.6,8.11
2026-07-21T06:27:53Z,,0.32964,,,,,,
2026-07-21T07:27:53Z,,0.32978,,,,,,
2026-07-21T08:26:32Z,2130,,12.3,93.6,10.16,12.5,74.1,8.14
2026-07-21T08:27:53Z,,0.32991,,,,,,
2026-07-21T09:27:53Z,,0.33003,,,,,,
2026-07-21T10:27:13Z,2130,,12.4,92.9,10.15,13,71.2,8.07
2026-07-21T10:27:53Z,,0.33015,,,,,,
2026-07-21T11:27:53Z,,0.33026,,,,,,
2026-07-21T12:27:53Z,,0.33037,,,,,,
2026-07-21T13:27:55Z,,0.33049,,,,,,
2026-07-21T14:27:22Z,1590,,12.4,96.8,10.57,12.8,85.6,9.58
2026-07-21T14:27:53Z,,0.33069,,,,,,
2026-07-21T15:27:53Z,,0.33089,,,,,,
2026-07-21T16:27:18Z,1770,,12.4,97.6,10.66,12,86.6,9.23
2026-07-21T16:27:53Z,,0.33112,,,,,,
2026-07-21T17:27:53Z,,0.33135,,,,,,
2026-07-21T18:27:46Z,1800,,12.3,97.8,10.62,11.4,89,9.13
2026-07-21T18:27:53Z,,0.33157,,,,,,
2026-07-21T19:27:53Z,,0.3318,,,,,,
2026-07-21T20:27:53Z,,0.33204,,,,,,
2026-07-21T20:28:18Z,1800,,12.3,98.6,10.7,10.8,93.4,9.23
2026-07-21T21:27:53Z,,0.3323,,,,,,
2026-07-21T22:27:52Z,,0.33256,,,,,,
2026-07-21T22:28:01Z,1800,,12.3,98.9,10.73,10.5,95.1,9.22
2026-07-21T23:27:52Z,,0.33283,,,,,,
2026-07-22T00:27:53Z,,0.3331,,,,,,
2026-07-22T00:28:16Z,1755,,12.2,99.1,10.69,10.6,96,9.37
2026-07-22T01:27:53Z,,0.33338,,,,,,
2026-07-22T02:27:53Z,,0.33366,,,,,,
2026-07-22T02:28:42Z,1755,,12.2,99.4,10.72,10.4,97,9.35
2026-07-22T03:27:53Z,,0.33395,,,,,,
2026-07-22T04:27:53Z,,0.33424,,,,,,
2026-07-22T04:28:22Z,1605,,12.2,99.6,10.74,11,97.7,9.78
2026-07-22T05:27:53Z,,0.33453,,,,,,
2026-07-22T06:27:53Z,,0.33483,,,,,,
2026-07-22T06:28:45Z,1410,,12.3,99.1,10.76,12.4,93.6,10.22
2026-07-22T07:27:53Z,,0.33511,,,,,,
2026-07-22T08:27:53Z,,0.33539,,,,,,
2026-07-22T08:28:11Z,1335,,12.4,97.8,10.68,15.8,76.6,10.31
2026-07-22T09:27:54Z,,0.33562,,,,,,
2026-07-22T10:27:53Z,,0.33586,,,,,,
2026-07-22T10:28:46Z,1530,,12.6,95.2,10.53,18.7,59.9,9.59
2026-07-22T11:27:53Z,,0.33602,,,,,,
2026-07-22T12:27:53Z,,0.33618,,,,,,
2026-07-22T12:28:41Z,2250,,12.7,91.8,10.21,19,48,7.82
2026-07-22T13:27:53Z,,0.33628,,,,,,
2026-07-22T14:27:53Z,,0.33637,,,,,,
2026-07-22T14:28:02Z,2295,,12.8,88.8,9.94,18.9,46.5,7.53
2026-07-22T15:27:53Z,,0.33643,,,,,,
2026-07-22T16:27:53Z,,0.33648,,,,,,
2026-07-22T16:28:06Z,2145,,12.8,89.4,10.01,18.1,51.6,7.97
2026-07-22T17:27:53Z,,0.33654,,,,,,
2026-07-22T18:27:53Z,,0.3366,,,,,,
2026-07-22T18:28:52Z,1635,,12.8,91.5,10.24,16.2,66.7,9.19
2026-07-22T19:27:53Z,,0.3367,,,,,,
2026-07-22T20:27:52Z,,0.33679,,,,,,
2026-07-22T20:29:37Z,1740,,12.7,94.8,10.55,14.5,73.9,9.19
2026-07-22T21:27:52Z,,0.33694,,,,,,
2026-07-22T22:27:53Z,,0.33709,,,,,,
2026-07-22T22:29:44Z,1665,,12.6,96.9,10.72,13.7,80.7,9.55
2026-07-22T23:27:53Z,,0.3373,,,,,,
2026-07-23T00:27:53Z,,0.33751,,,,,,
2026-07-23T00:29:33Z,1530,,12.6,98.6,10.9,13.3,86.7,10.01
2026-07-23T01:27:53Z,,0.33777,,,,,,
2026-07-23T02:27:53Z,,0.33804,,,,,,
2026-07-23T02:30:12Z,1590,,12.5,99.2,10.9,12.4,89.8,9.81
2026-07-23T03:27:53Z,,0.33833,,,,,,
2026-07-23T04:27:53Z,,0.33861,,,,,,
2026-07-23T04:29:52Z,1440,,12.4,100,10.92,12.5,93.8,10.31
2026-07-23T05:27:53Z,,0.33893,,,,,,
2026-07-23T06:27:53Z,,0.33925,,,,,,
2026-07-23T06:29:13Z,1005,,12.5,100,10.99,14.4,93.9,11.6
2026-07-23T07:27:53Z,,0.33957,,,,,,
2026-07-23T08:27:53Z,,0.33989,,,,,,
2026-07-23T08:28:31Z,825,,12.6,100,11.06,17.9,79.9,12.2
2026-07-23T09:27:54Z,,0.34021,,,,,,
2026-07-23T10:27:53Z,,0.34053,,,,,,
2026-07-23T10:28:00Z,1020,,12.6,100,11.06,20.2,66.1,11.56
2026-07-23T11:27:53Z,,0.34085,,,,,,
2026-07-23T12:27:39Z,1050,,12.7,100,11.13,17.2,78.1,11.43
2026-07-23T12:27:54Z,,0.34118,,,,,,
2026-07-23T13:27:54Z,,0.3415,,,,,,
2026-07-23T14:27:53Z,,0.34183,,,,,,
2026-07-23T14:28:26Z,885,,12.7,100,11.13,17.2,82.3,12.05
2026-07-23T15:27:54Z,,0.34215,,,,,,
2026-07-23T16:27:52Z,,0.34247,,,,,,
2026-07-23T16:29:18Z,810,,12.7,100,11.13,16.8,85.3,12.19
2026-07-23T17:27:53Z,,0.3428,,,,,,
2026-07-23T18:27:53Z,,0.34312,,,,,,
2026-07-23T18:28:48Z,855,,12.7,100,11.13,15.9,89.1,12.06
2026-07-23T19:27:53Z,,0.34344,,,,,,
2026-07-23T20:27:53Z,,0.34377,,,,,,
2026-07-23T20:28:05Z,1185,,12.6,100,11.06,13.4,94.5,10.98
2026-07-23T21:27:53Z,,0.34409,,,,,,
2026-07-23T22:27:53Z,,0.34441,,,,,,
2026-07-23T22:28:30Z,1485,,12.5,100,10.99,11.7,96.9,10.13
2026-07-23T23:27:53Z,,0.34473,,,,,,
2026-07-24T00:27:53Z,,0.34505,,,,,,
2026-07-24T00:28:27Z,1860,,12.3,100,10.85,10,98.7,9.27
2026-07-24T01:27:53Z,,0.34537,,,,,,
2026-07-24T02:27:53Z,,0.34569,,,,,,
2026-07-24T03:27:53Z,,0.346,,,,,,
2026-07-24T04:27:52Z,,0.34632,,,,,,
2026-07-24T04:29:19Z,795,,12.3,100,10.85,15.2,92.7,12.03
2026-07-24T05:27:53Z,,0.34664,,,,,,
2026-07-24T06:27:53Z,,0.34695,,,,,,
2026-07-24T06:29:55Z,525,,12.5,100,10.99,24.2,60.3,13.27
2026-07-24T07:27:53Z,,0.34727,,,,,,
2026-07-24T08:27:53Z,,0.34759,,,,,,
2026-07-24T08:29:51Z,840,,12.6,100,11.06,26.8,47,11.97
2026-07-24T09:27:53Z,,0.34792,,,,,,
2026-07-24T10:27:53Z,,0.34824,,,,,,
2026-07-24T10:29:20Z,1305,,12.6,100,11.06,21.4,57.2,10.72
2026-07-24T11:27:54Z,,0.34856,,,,,,
2026-07-24T12:27:52Z,,0.34888,,,,,,
2026-07-24T12:29:43Z,1350,,12.7,100,11.13,20.6,59.6,10.67
2026-07-24T13:27:53Z,,0.34921,,,,,,
2026-07-24T14:27:53Z,,0.34953,,,,,,
2026-07-24T14:30:13Z,1560,,12.7,100,11.13,19.7,59.4,10.08
2026-07-24T15:27:52Z,,0.34985,,,,,,
2026-07-24T16:27:53Z,,0.35018,,,,,,
2026-07-24T16:29:24Z,1635,,12.7,100,11.13,18.2,63.8,9.91
2026-07-24T17:27:53Z,,0.3505,,,,,,
2026-07-24T18:27:53Z,,0.35082,,,,,,
2026-07-24T18:29:38Z,1440,,12.7,100,11.13,16.8,73.3,10.48
2026-07-24T19:27:52Z,,0.35115,,,,,,
2026-07-24T20:27:53Z,,0.35147,,,,,,
2026-07-24T20:30:01Z,1785,,12.6,99.8,11.04,13.6,80.5,9.47
2026-07-24T21:27:52Z,,0.35178,,,,,,
2026-07-24T22:27:53Z,,0.3521,,,,,,
2026-07-24T23:27:52Z,,0.35241,,,,,,
2026-07-25T00:27:53Z,,0.35272,,,,,,
2026-07-25T00:29:53Z,1620,,12.6,99.7,11.03,14.6,79.4,9.93
2026-07-25T01:27:53Z,,0.35303,,,,,,
2026-07-25T02:27:53Z,,0.35334,,,,,,
2026-07-25T03:27:52Z,,0.35365,,,,,,
2026-07-25T04:27:53Z,,0.35396,,,,,,
2026-07-25T04:29:46Z,1200,,12.6,100,11.06,15.6,83.5,11.1
2026-07-25T05:27:53Z,,0.35428,,,,,,
2026-07-25T06:27:53Z,,0.3546,,,,,,
2026-07-25T06:29:52Z,1170,,12.6,100,11.06,17.8,73.7,11.18
2026-07-25T07:27:52Z,,0.35493,,,,,,
2026-07-25T08:27:53Z,,0.35525,,,,,,
2026-07-25T08:29:13Z,1035,,12.6,100,11.06,16.2,84.3,11.62
2026-07-25T09:27:53Z,,0.35557,,,,,,
2026-07-25T10:27:53Z,,0.35589,,,,,,
2026-07-25T10:29:42Z,750,,12.7,100,11.13,17.4,84.5,12.52
2026-07-25T11:27:52Z,,0.35621,,,,,,
2026-07-25T12:27:53Z,,0.35654,,,,,,
2026-07-25T12:30:14Z,720,,12.7,100,11.13,18.3,80.2,12.54
2026-07-25T13:27:52Z,,0.35686,,,,,,
2026-07-25T14:27:52Z,,0.35719,,,,,,
2026-07-25T14:30:35Z,495,,12.7,100,11.13,17.6,92,13.79
2026-07-25T15:27:52Z,,0.35751,,,,,,
2026-07-25T16:27:53Z,,0.35783,,,,,,
2026-07-25T16:30:14Z,480,,12.7,100,11.13,16.8,95,13.58
2026-07-25T17:27:53Z,,0.35816,,,,,,
2026-07-25T18:27:53Z,,0.35848,,,,,,
2026-07-25T18:30:48Z,480,,12.7,100,11.13,16.1,98.5,13.5
2026-07-25T19:27:52Z,,0.3588,,,,,,
2026-07-25T20:27:53Z,,0.35913,,,,,,
2026-07-25T20:30:56Z,555,,12.7,100,11.13,15.9,97.6,13.21
2026-07-25T21:27:53Z,,0.35945,,,,,,
2026-07-25T22:27:52Z,,0.35978,,,,,,
2026-07-25T22:31:19Z,765,,12.7,100,11.13,15.9,91,12.32
2026-07-25T23:27:52Z,,0.3601,,,,,,
2026-07-26T00:27:53Z,,0.36042,,,,,,
2026-07-26T00:31:47Z,1005,,12.7,100,11.13,15.6,87.2,11.59
2026-07-26T01:27:53Z,,0.36075,,,,,,
2026-07-26T02:27:53Z,,0.36107,,,,,,
2026-07-26T02:31:47Z,975,,12.6,100,11.06,15.5,89,11.76
2026-07-26T03:27:53Z,,0.36139,,,,,,
2026-07-26T04:27:53Z,,0.36171,,,,,,
2026-07-26T04:32:35Z,735,,12.7,100,11.13,15.6,94.1,12.51
2026-07-26T05:27:53Z,,0.36204,,,,,,
2026-07-26T06:27:53Z,,0.36236,,,,,,
2026-07-26T06:32:03Z,720,,12.7,100,11.13,16.6,89,12.57
2026-07-26T07:27:53Z,,0.36269,,,,,,
2026-07-26T08:27:53Z,,0.36301,,,,,,
2026-07-26T08:32:06Z,495,,12.7,100,11.13,16.3,98.4,13.65
2026-07-26T09:27:53Z,,0.36333,,,,,,
2026-07-26T10:27:52Z,,0.36366,,,,,,
2026-07-26T10:32:01Z,540,,12.7,100,11.13,18.2,85.6,13.3
2026-07-26T11:27:53Z,,0.36398,,,,,,
2026-07-26T12:27:52Z,,0.3643,,,,,,
2026-07-26T12:31:23Z,480,,12.7,100,11.13,18.1,89,13.75
2026-07-26T13:27:53Z,,0.36463,,,,,,
2026-07-26T14:27:53Z,,0.36495,,,,,,
2026-07-26T14:31:34Z,495,,12.7,100,11.13,18.3,89.4,13.97
2026-07-26T15:27:52Z,,0.36528,,,,,,
2026-07-26T16:27:52Z,,0.3656,,,,,,
2026-07-26T16:31:10Z,570,,12.7,100,11.13,17.9,86.3,13.17
2026-07-26T17:27:53Z,,0.36592,,,,,,
2026-07-26T18:27:53Z,,0.36625,,,,,,
2026-07-26T18:31:29Z,480,,12.7,100,11.13,17.7,91.3,13.77
2026-07-26T19:27:53Z,,0.36657,,,,,,
2026-07-26T20:27:53Z,,0.36689,,,,,,
2026-07-26T20:30:51Z,495,,12.7,100,11.13,17.2,92.7,13.57
2026-07-26T21:27:52Z,,0.36722,,,,,,
2026-07-26T22:27:52Z,,0.36754,,,,,,
2026-07-26T22:30:25Z,480,,12.7,100,11.13,16.3,97.4,13.51
2026-07-26T23:27:53Z,,0.36787,,,,,,
2026-07-27T00:27:52Z,,0.36819,,,,,,
2026-07-27T00:30:40Z,660,,12.7,100,11.13,15,99.4,12.74
2026-07-27T01:27:53Z,,0.36851,,,,,,
2026-07-27T02:27:53Z,,0.36884,,,,,,
2026-07-27T02:29:52Z,705,,12.7,100,11.13,14.7,100,12.59
2026-07-27T03:27:53Z,,0.36916,,,,,,
2026-07-27T04:27:53Z,,0.36948,,,,,,
2026-07-27T04:30:30Z,630,,12.7,100,11.13,15.3,100,13.05
2026-07-27T05:27:53Z,,0.36981,,,,,,
2026-07-27T06:27:53Z,,0.37013,,,,,,
2026-07-27T06:29:52Z,480,,12.7,100,11.13,16.4,100,13.95
2026-07-27T07:27:53Z,,0.37045,,,,,,
2026-07-27T08:27:53Z,,0.37078,,,,,,
2026-07-27T08:29:47Z,480,,12.8,100,11.2,17.5,97.5,14.53
2026-07-27T09:27:53Z,,0.3711,,,,,,
2026-07-27T10:27:53Z,,0.37143,,,,,,
2026-07-27T10:29:29Z,495,,12.7,100,11.13,18.2,90.2,14.02
2026-07-27T11:27:53Z,,0.37175,,,,,,
2026-07-27T12:27:53Z,,0.37208,,,,,,
2026-07-27T12:28:44Z,495,,12.7,100,11.13,19.5,81.3,13.64
2026-07-27T13:27:53Z,,0.3724,,,,,,
2026-07-27T14:27:53Z,,0.37272,,,,,,
2026-07-27T14:28:40Z,570,,12.7,100,11.13,20,76.5,13.22
2026-07-27T15:27:54Z,,0.37305,,,,,,
2026-07-27T16:27:48Z,480,,12.7,100,11.13,19.3,82.5,13.68
2026-07-27T16:27:53Z,,0.37337,,,,,,
2026-07-27T17:27:53Z,,0.3737,,,,,,
2026-07-27T18:27:19Z,480,,12.7,100,11.13,17.4,96.8,14.34
2026-07-27T18:27:53Z,,0.37402,,,,,,
2026-07-27T19:27:53Z,,0.37434,,,,,,
2026-07-27T20:26:49Z,495,,12.8,100,11.2,16.4,100,13.95
2026-07-27T20:27:52Z,,0.37467,,,,,,
2026-07-27T21:27:53Z,,0.37499,,,,,,
2026-07-27T22:27:23Z,495,,12.8,100,11.2,16.1,100,13.7
2026-07-27T22:27:53Z,,0.37532,,,,,,
2026-07-27T23:27:52Z,,0.37564,,,,,,
2026-07-28T00:27:08Z,720,,12.7,100,11.13,14.8,100,12.66
2026-07-28T00:27:52Z,,0.37597,,,,,,
2026-07-28T01:27:53Z,,0.37629,,,,,,
2026-07-28T02:27:53Z,,0.37662,,,,,,
2026-07-28T02:27:59Z,870,,12.7,100,11.13,14,100,12.06
2026-07-28T03:27:53Z,,0.37694,,,,,,
2026-07-28T04:27:52Z,,0.37726,,,,,,
2026-07-28T04:28:08Z,870,,12.7,100,11.13,14.1,100,12.13
2026-07-28T05:27:53Z,,0.37759,,,,,,
2026-07-28T06:27:30Z,480,,12.7,100,11.13,16.5,97.5,13.69
2026-07-28T06:27:53Z,,0.37791,,,,,,
2026-07-28T07:27:53Z,,0.37823,,,,,,
2026-07-28T08:27:53Z,,0.37856,,,,,,
2026-07-28T08:28:15Z,945,,12.7,100,11.13,22.3,60,11.85
2026-07-28T09:27:53Z,,0.37888,,,,,,
2026-07-28T10:27:53Z,,0.37921,,,,,,
2026-07-28T10:28:07Z,1290,,12.7,100,11.13,21.6,57,10.81
2026-07-28T11:27:53Z,,0.37953,,,,,,
2026-07-28T12:27:41Z,1050,,12.7,100,11.13,17.9,76,11.6
2026-07-28T12:27:53Z,,0.37985,,,,,,
2026-07-28T13:27:56Z,,0.38018,,,,,,
2026-07-28T14:27:01Z,1215,,12.7,100,11.13,17.7,73.2,11.04
2026-07-28T14:27:53Z,,0.3805,,,,,,
2026-07-28T15:27:53Z,,0.38082,,,,,,
2026-07-28T16:26:36Z,1155,,12.7,100,11.13,17.2,76.9,11.26
2026-07-28T16:27:53Z,,0.38115,,,,,,
2026-07-28T17:27:53Z,,0.38147,,,,,,
2026-07-28T18:26:51Z,1170,,12.7,100,11.13,15.9,82.7,11.2
2026-07-28T18:27:53Z,,0.3818,,,,,,
2026-07-28T19:27:53Z,,0.38212,,,,,,
2026-07-28T20:27:06Z,1260,,12.6,100,11.06,13.9,90.2,10.81
2026-07-28T20:27:52Z,,0.38244,,,,,,
2026-07-28T21:27:53Z,,0.38276,,,,,,
2026-07-28T22:27:42Z,1395,,12.5,100,10.99,12.4,95.6,10.44
2026-07-28T22:27:53Z,,0.38308,,,,,,
2026-07-28T23:27:53Z,,0.3834,,,,,,
2026-07-29T00:27:52Z,,0.38372,,,,,,
2026-07-29T00:28:16Z,1350,,12.5,100,10.99,12.2,98.3,10.6
2026-07-29T01:27:53Z,,0.38404,,,,,,
2026-07-29T02:27:52Z,,0.38436,,,,,,
2026-07-29T02:28:37Z,1305,,12.5,100,10.99,12.2,99.5,10.73
2026-07-29T03:27:52Z,,0.38468,,,,,,
2026-07-29T04:27:52Z,,0.385,,,,,,
2026-07-29T04:28:47Z,630,,12.6,100,11.06,17.3,86.9,12.8
2026-07-29T05:27:53Z,,0.38533,,,,,,
2026-07-29T06:27:53Z,,0.38565,,,,,,
2026-07-29T06:28:58Z,615,,12.6,100,11.06,25,56.3,12.96
2026-07-29T07:27:52Z,,0.38597,,,,,,
2026-07-29T08:27:53Z,,0.38629,,,,,,
2026-07-29T08:28:09Z,1005,,12.6,100,11.06,28.7,40.9,11.57
2026-07-29T09:27:53Z,,0.38661,,,,,,
2026-07-29T10:27:53Z,,0.38694,,,,,,
2026-07-29T10:28:33Z,1500,,12.7,100,11.13,25.9,42.3,10.24
2026-07-29T11:27:53Z,,0.38726,,,,,,
2026-07-29T12:27:53Z,,0.38758,,,,,,
2026-07-29T12:28:20Z,1740,,12.8,100,11.2,23.9,45.5,9.84
2026-07-29T13:27:52Z,,0.38791,,,,,,
2026-07-29T14:27:41Z,1755,,12.9,99.5,11.21,23,47.5,9.76
2026-07-29T14:27:53Z,,0.38821,,,,,,
2026-07-29T15:27:53Z,,0.38852,,,,,,
2026-07-29T16:27:31Z,1365,,12.9,100,11.27,23,52.4,10.77
2026-07-29T16:27:52Z,,0.38885,,,,,,
2026-07-29T17:27:53Z,,0.38917,,,,,,
2026-07-29T18:27:53Z,,0.3895,,,,,,
2026-07-29T18:28:16Z,945,,12.9,100,11.27,20.7,67.2,12.1
2026-07-29T19:27:52Z,,0.38983,,,,,,
2026-07-29T20:27:46Z,1425,,12.8,100,11.2,17.5,71.1,10.6
2026-07-29T20:27:53Z,,0.39015,,,,,,
2026-07-29T21:27:52Z,,0.39048,,,,,,
2026-07-29T22:27:23Z,1395,,12.8,100,11.2,14.8,83.8,10.61
2026-07-29T22:27:53Z,,0.39081,,,,,,
2026-07-29T23:27:52Z,,0.39113,,,,,,
2026-07-30T00:27:52Z,,0.39146,,,,,,
2026-07-30T00:28:08Z,1365,,12.7,100,11.13,13.4,91.7,10.66
2026-07-30T01:27:53Z,,0.39178,,,,,,
2026-07-30T02:27:52Z,,0.3921,,,,,,
2026-07-30T02:28:57Z,1335,,12.6,100,11.06,12.8,95.8,10.73
2026-07-30T03:27:53Z,,0.39243,,,,,,
2026-07-30T04:27:53Z,,0.39275,,,,,,
2026-07-30T04:28:53Z,885,,12.7,100,11.13,14.2,98.5,12.02
2026-07-30T05:27:53Z,,0.39307,,,,,,
2026-07-30T06:27:53Z,,0.3934,,,,,,
2026-07-30T06:29:31Z,525,,12.7,100,11.13,21.2,72.4,13.42
2026-07-30T07:27:53Z,,0.39372,,,,,,
2026-07-30T08:27:53Z,,0.39404,,,,,,
2026-07-30T08:30:03Z,525,,12.7,100,11.13,22.7,66.4,13.42
2026-07-30T09:27:53Z,,0.39437,,,,,,
2026-07-30T10:27:53Z,,0.39469,,,,,,
2026-07-30T10:30:39Z,480,,12.8,100,11.2,21.5,73.4,13.84
2026-07-30T11:27:53Z,,0.39502,,,,,,
2026-07-30T12:27:53Z,,0.39534,,,,,,
2026-07-30T12:31:13Z,480,,12.8,100,11.2,22.1,73.7,14.39
2026-07-30T13:27:52Z,,0.39567,,,,,,
2026-07-30T14:27:53Z,,0.39599,,,,,,
2026-07-30T14:30:29Z,480,,12.8,100,11.2,22.7,70.4,14.22
2026-07-30T15:27:53Z,,0.39632,,,,,,
2026-07-30T16:27:52Z,,0.39664,,,,,,
2026-07-30T16:30:45Z,480,,12.8,100,11.2,22,76,14.75
2026-07-30T17:27:53Z,,0.39697,,,,,,
2026-07-30T18:27:53Z,,0.39729,,,,,,
2026-07-30T18:31:26Z,480,,12.8,100,11.2,19.5,87.3,14.65
2026-07-30T19:27:53Z,,0.39762,,,,,,
2026-07-30T20:27:53Z,,0.39794,,,,,,
2026-07-30T20:31:16Z,480,,12.8,100,11.2,17.7,93.4,14.09
2026-07-30T21:27:53Z,,0.39827,,,,,,
2026-07-30T22:27:52Z,,0.3986,,,,,,
2026-07-30T22:30:50Z,510,,12.8,100,11.2,16.7,94.9,13.48
2026-07-30T23:27:52Z,,0.39892,,,,,,
2026-07-31T00:27:53Z,,0.39925,,,,,,
2026-07-31T00:30:21Z,615,,12.8,100,11.2,15.7,96.8,12.95
2026-07-31T01:27:53Z,,0.39957,,,,,,
2026-07-31T02:27:52Z,,0.3999,,,,,,
2026-07-31T02:29:49Z,480,,12.8,100,11.2,16.4,98.8,13.78
2026-07-31T03:27:52Z,,0.40022,,,,,,
2026-07-31T04:27:53Z,,0.40055,,,,,,
2026-07-31T04:30:21Z,480,,12.8,100,11.2,20.2,85.9,15.02
2026-07-31T05:27:53Z,,0.40087,,,,,,
2026-07-31T06:27:52Z,,0.4012,,,,,,
2026-07-31T06:29:45Z,480,,12.8,100,11.2,23.6,71.4,15.19
2026-07-31T07:27:53Z,,0.40152,,,,,,
2026-07-31T08:27:53Z,,0.40185,,,,,,
2026-07-31T08:29:45Z,480,,12.9,100,11.27,26.5,61,15.28
2026-07-31T09:27:53Z,,0.40218,,,,,,
2026-07-31T10:27:53Z,,0.4025,,,,,,
2026-07-31T10:29:59Z,480,,13,100,11.34,25.3,65.1,15.24
2026-07-31T11:27:53Z,,0.40283,,,,,,
2026-07-31T12:27:53Z,,0.40316,,,,,,
2026-07-31T12:30:39Z,480,,12.9,100,11.27,25.1,68,15.75
2026-07-31T13:27:53Z,,0.40349,,,,,,
2026-07-31T14:27:53Z,,0.40382,,,,,,
2026-07-31T14:31:21Z,480,,12.9,100,11.27,21,91.8,16.81
2026-07-31T15:27:53Z,,0.40414,,,,,,
2026-07-31T16:27:53Z,,0.40447,,,,,,
2026-07-31T16:31:55Z,480,,12.9,100,11.27,20,96.9,16.74
2026-07-31T17:27:52Z,,0.4048,,,,,,
2026-07-31T18:27:52Z,,0.40512,,,,,,
2026-07-31T18:32:25Z,480,,12.9,100,11.27,19.1,99.5,16.31
2026-07-31T19:27:53Z,,0.40545,,,,,,
2026-07-31T20:27:52Z,,0.40578,,,,,,
2026-07-31T20:33:10Z,480,,13,100,11.34,17.6,100,14.99
2026-07-31T21:27:53Z,,0.40611,,,,,,
2026-07-31T22:27:53Z,,0.40644,,,,,,
2026-07-31T22:33:07Z,480,,12.9,100,11.27,16.1,100,13.7
2026-07-31T23:27:53Z,,0.40676,,,,,,
2026-08-01T00:27:53Z,,0.40709,,,,,,
2026-08-01T00:33:47Z,705,,12.8,100,11.2,14.9,100,12.74
2026-08-01T01:27:53Z,,0.40742,,,,,,
2026-08-01T02:27:53Z,,0.40774,,,,,,
2026-08-01T02:34:06Z,825,,12.9,100,11.27,14.4,100,12.36
2026-08-01T03:27:53Z,,0.40807,,,,,,
2026-08-01T04:27:52Z,,0.4084,,,,,,
2026-08-01T04:33:20Z,690,,12.8,100,11.2,15.1,100,12.9
2026-08-01T05:27:53Z,,0.40872,,,,,,
2026-08-01T06:27:53Z,,0.40905,,,,,,
2026-08-01T06:33:10Z,495,,12.9,100,11.27,21.8,78.7,15.1
2026-08-01T07:27:53Z,,0.40937,,,,,,
2026-08-01T08:27:53Z,,0.4097,,,,,,
2026-08-01T08:33:04Z,915,,12.9,100,11.27,25.4,51.3,12.08
2026-08-01T09:27:53Z,,0.41003,,,,,,
2026-08-01T10:27:53Z,,0.41036,,,,,,
2026-08-01T10:32:43Z,1485,,12.8,100,11.2,23.8,48.1,10.35
2026-08-01T11:27:52Z,,0.41068,,,,,,
2026-08-01T12:27:53Z,,0.41101,,,,,,
2026-08-01T12:33:10Z,1380,,12.9,100,11.27,22.6,53.5,10.75
2026-08-01T13:27:53Z,,0.41133,,,,,,
2026-08-01T14:27:53Z,,0.41166,,,,,,
2026-08-01T14:33:56Z,1260,,12.9,100,11.27,21.4,59.2,11.1
2026-08-01T15:27:53Z,,0.41199,,,,,,
2026-08-01T16:27:53Z,,0.41231,,,,,,
2026-08-01T16:33:08Z,1155,,12.9,100,11.27,19.3,68.2,11.31
2026-08-01T17:27:53Z,,0.41264,,,,,,
2026-08-01T18:27:53Z,,0.41297,,,,,,
2026-08-01T18:33:16Z,1440,,12.8,100,11.2,16.9,73.1,10.51
2026-08-01T19:27:53Z,,0.41329,,,,,,
2026-08-01T20:27:53Z,,0.41362,,,,,,
2026-08-01T20:33:52Z,1560,,12.8,100,11.2,15.1,79.2,10.21
2026-08-01T21:27:53Z,,0.41395,,,,,,
2026-08-01T22:27:53Z,,0.41427,,,,,,
2026-08-01T22:33:39Z,1440,,12.7,100,11.13,14.1,86.1,10.45
2026-08-01T23:27:53Z,,0.41459,,,,,,
2026-08-02T00:27:53Z,,0.41492,,,,,,
2026-08-02T00:34:14Z,1380,,12.7,100,11.13,13.4,91.1,10.59
2026-08-02T01:27:53Z,,0.41524,,,,,,
2026-08-02T02:27:53Z,,0.41557,,,,,,
2026-08-02T02:34:16Z,1335,,12.6,100,11.06,13.1,93.7,10.69
2026-08-02T03:27:53Z,,0.41589,,,,,,
2026-08-02T04:27:53Z,,0.41621,,,,,,
2026-08-02T04:33:46Z,825,,12.6,100,11.06,15.5,92.4,12.21
2026-08-02T05:27:53Z,,0.41653,,,,,,
2026-08-02T06:27:53Z,,0.41685,,,,,,
2026-08-02T06:34:21Z,660,,12.8,100,11.2,23.1,62.4,12.9
2026-08-02T07:27:53Z,,0.41718,,,,,,
2026-08-02T08:27:53Z,,0.4175,,,,,,
2026-08-02T08:34:30Z,1650,,12.8,100,11.2,27.6,37.4,9.96
2026-08-02T09:27:53Z,,0.41783,,,,,,
2026-08-02T10:27:52Z,,0.41815,,,,,,
2026-08-02T10:35:06Z,2460,,12.8,100,11.2,23.7,38,8.13
2026-08-02T11:27:53Z,,0.41848,,,,,,
2026-08-02T12:27:53Z,,0.41881,,,,,,
2026-08-02T12:35:19Z,2175,,13,100,11.34,22.1,45.3,8.84
2026-08-02T13:27:54Z,,0.41913,,,,,,
2026-08-02T14:27:54Z,,0.41946,,,,,,
2026-08-02T14:34:51Z,1980,,12.9,100,11.27,19.9,54.3,9.33
2026-08-02T15:27:53Z,,0.41979,,,,,,
2026-08-02T16:27:53Z,,0.42012,,,,,,
2026-08-02T16:34:34Z,1710,,12.9,100,11.27,17.7,65.7,9.91
2026-08-02T17:27:53Z,,0.42044,,,,,,
2026-08-02T18:27:53Z,,0.42077,,,,,,
2026-08-02T18:34:35Z,1500,,12.9,100,11.27,16.2,75.6,10.42
2026-08-02T19:27:53Z,,0.4211,,,,,,
2026-08-02T20:27:53Z,,0.42143,,,,,,
2026-08-02T20:35:27Z,1515,,12.8,100,11.2,14.2,84.4,10.3
2026-08-02T21:27:53Z,,0.42175,,,,,,
2026-08-02T22:27:53Z,,0.42208,,,,,,
2026-08-02T22:36:04Z,1440,,12.8,100,11.2,13.5,89.5,10.46
2026-08-02T23:27:53Z,,0.4224,,,,,,
2026-08-03T00:27:53Z,,0.42273,,,,,,
2026-08-03T00:36:32Z,1440,,12.6,100,11.06,12.8,93,10.41
2026-08-03T01:27:53Z,,0.42305,,,,,,
2026-08-03T02:27:52Z,,0.42337,,,,,,
2026-08-03T02:36:16Z,1245,,12.7,100,11.13,13.1,96.8,11.04
2026-08-03T03:27:53Z,,0.4237,,,,,,
2026-08-03T04:27:53Z,,0.42402,,,,,,
2026-08-03T04:36:40Z,630,,12.8,100,11.2,18,84.7,13.01
2026-08-03T05:27:53Z,,0.42434,,,,,,
2026-08-03T06:27:54Z,,0.42467,,,,,,
2026-08-03T07:27:54Z,,0.425,,,,,,
2026-08-03T08:27:53Z,,0.42532,,,,,,
2026-08-03T08:35:39Z,1650,,12.8,100,11.2,23.3,47.5,9.93
2026-08-03T09:27:54Z,,0.42565,,,,,,
2026-08-03T10:27:54Z,,0.42597,,,,,,
2026-08-03T10:34:44Z,1620,,12.9,100,11.27,21,55.2,10.11
2026-08-03T11:27:53Z,,0.4263,,,,,,
2026-08-03T12:27:53Z,,0.42663,,,,,,
2026-08-03T12:35:31Z,1935,,12.9,100,11.27,20,54.3,9.38
2026-08-03T13:27:53Z,,0.42695,,,,,,
2026-08-03T14:27:53Z,,0.42728,,,,,,
2026-08-03T14:35:28Z,2025,,12.9,100,11.27,19.6,54.3,9.16
2026-08-03T15:27:53Z,,0.42761,,,,,,
2026-08-03T16:27:52Z,,0.42793,,,,,,
2026-08-03T16:34:41Z,1980,,12.9,100,11.27,18.7,58.4,9.35
2026-08-03T17:27:53Z,,0.42826,,,,,,
2026-08-03T18:27:53Z,,0.42859,,,,,,
2026-08-03T18:34:46Z,1950,,12.9,100,11.27,16.6,66.7,9.42
2026-08-03T19:27:52Z,,0.42892,,,,,,
2026-08-03T20:27:52Z,,0.42924,,,,,,
2026-08-03T20:34:31Z,2100,,12.8,98.7,11.05,13.8,74.6,8.88
2026-08-03T21:27:53Z,,0.42951,,,,,,
2026-08-03T22:27:53Z,,0.42979,,,,,,
2026-08-03T22:34:59Z,2130,,12.6,100,11.06,11.6,84.1,8.74
2026-08-03T23:27:53Z,,0.43011,,,,,,
2026-08-04T00:27:53Z,,0.43043,,,,,,
2026-08-04T00:35:13Z,2205,,12.4,100,10.92,10,90.6,8.51
2026-08-04T01:27:53Z,,0.43075,,,,,,
2026-08-04T02:27:53Z,,0.43107,,,,,,
2026-08-04T02:35:51Z,2295,,12.3,100,10.85,9.2,92.6,8.27
2026-08-04T03:27:53Z,,0.43138,,,,,,
2026-08-04T04:27:53Z,,0.4317,,,,,,
2026-08-04T04:35:18Z,1275,,12.4,100,10.92,13.2,93.5,10.73
2026-08-04T05:27:52Z,,0.43202,,,,,,
2026-08-04T06:27:53Z,,0.43234,,,,,,
2026-08-04T07:27:53Z,,0.43265,,,,,,
2026-08-04T08:27:53Z,,0.43297,,,,,,
2026-08-04T08:34:07Z,615,,12.7,100,11.13,21.3,69.5,12.95
2026-08-04T09:27:53Z,,0.4333,,,,,,
2026-08-04T10:27:53Z,,0.43362,,,,,,
2026-08-04T10:34:26Z,795,,12.8,100,11.2,20.9,68.1,12.4
2026-08-04T11:27:53Z,,0.43395,,,,,,
2026-08-04T12:27:54Z,,0.43427,,,,,,
2026-08-04T12:33:48Z,705,,12.8,100,11.2,19.3,77.3,12.82
2026-08-04T13:27:53Z,,0.4346,,,,,,
2026-08-04T14:27:53Z,,0.43492,,,,,,
2026-08-04T14:33:27Z,1050,,12.8,100,11.2,20.5,65.1,11.58
2026-08-04T15:27:53Z,,0.43525,,,,,,
2026-08-04T16:27:53Z,,0.43557,,,,,,
2026-08-04T16:33:51Z,1260,,12.8,100,11.2,20.2,62.8,10.98
2026-08-04T17:27:53Z,,0.4359,,,,,,
2026-08-04T18:27:53Z,,0.43622,,,,,,
2026-08-04T18:33:28Z,1290,,12.9,100,11.27,18.3,70.3,10.99
2026-08-04T19:27:53Z,,0.43655,,,,,,
2026-08-04T20:27:53Z,,0.43688,,,,,,
2026-08-04T20:34:16Z,1395,,12.8,100,11.2,14.6,84.8,10.61
2026-08-04T21:27:53Z,,0.4372,,,,,,
2026-08-04T22:27:52Z,,0.43753,,,,,,
2026-08-04T22:34:41Z,1665,,12.6,100,11.06,12.4,89.8,9.81
2026-08-04T23:27:52Z,,0.43785,,,,,,
2026-08-05T00:27:53Z,,0.43817,,,,,,
2026-08-05T00:35:15Z,1830,,12.5,100,10.99,11,94.1,9.42
2026-08-05T01:27:53Z,,0.43849,,,,,,
2026-08-05T02:27:53Z,,0.43881,,,,,,
2026-08-05T02:34:48Z,1995,,12.4,100,10.92,9.9,95.8,8.94
2026-08-05T03:27:53Z,,0.43913,,,,,,
2026-08-05T04:27:53Z,,0.43945,,,,,,
2026-08-05T04:35:34Z,1290,,12.5,100,10.99,12.2,99.6,10.74
2026-08-05T05:27:53Z,,0.43977,,,,,,
2026-08-05T06:27:53Z,,0.44009,,,,,,
2026-08-05T06:34:56Z,645,,12.7,100,11.13,16.7,90.8,12.9
2026-08-05T07:27:53Z,,0.44041,,,,,,
2026-08-05T08:27:53Z,,0.44074,,,,,,
2026-08-05T08:35:32Z,570,,12.7,100,11.13,19.3,80.1,13.28
2026-08-05T09:27:53Z,,0.44106,,,,,,
2026-08-05T10:27:53Z,,0.44138,,,,,,
2026-08-05T10:35:53Z,1200,,12.8,100,11.2,22.6,55.6,11.17
2026-08-05T11:27:53Z,,0.44171,,,,,,
2026-08-05T12:27:53Z,,0.44204,,,,,,
2026-08-05T12:35:10Z,1320,,12.9,100,11.27,21.8,56.8,10.9
2026-08-05T13:27:53Z,,0.44236,,,,,,
2026-08-05T14:27:53Z,,0.44269,,,,,,
2026-08-05T14:35:47Z,1335,,12.9,100,11.27,20.9,60,10.93
2026-08-05T15:27:53Z,,0.44302,,,,,,
2026-08-05T16:27:53Z,,0.44334,,,,,,
2026-08-05T16:35:24Z,990,,12.9,100,11.27,19.6,70.6,11.92
2026-08-05T17:27:52Z,,0.44367,,,,,,
2026-08-05T18:27:53Z,,0.444,,,,,,
2026-08-05T18:35:09Z,840,,12.9,100,11.27,18.5,77.9,12.32
2026-08-05T19:27:53Z,,0.44433,,,,,,
2026-08-05T20:27:53Z,,0.44465,,,,,,
2026-08-05T20:34:19Z,720,,12.9,100,11.27,17.7,84.8,12.79
2026-08-05T21:27:53Z,,0.44498,,,,,,
2026-08-05T22:27:53Z,,0.44531,,,,,,
2026-08-05T22:34:41Z,645,,12.8,100,11.2,17.5,87,12.97
2026-08-05T23:27:53Z,,0.44563,,,,,,
2026-08-06T00:27:53Z,,0.44596,,,,,,
2026-08-06T00:33:59Z,600,,12.9,100,11.27,17.4,89,13.19
2026-08-06T01:27:53Z,,0.44628,,,,,,
2026-08-06T02:27:53Z,,0.44661,,,,,,
2026-08-06T02:33:59Z,540,,12.9,100,11.27,17.3,91.7,13.5
2026-08-06T03:27:53Z,,0.44694,,,,,,
2026-08-06T04:27:53Z,,0.44727,,,,,,
2026-08-06T04:33:44Z,495,,12.9,100,11.27,19.7,88.3,14.99
2026-08-06T05:27:53Z,,0.44759,,,,,,
2026-08-06T06:27:52Z,,0.44792,,,,,,
2026-08-06T06:33:12Z,480,,12.9,100,11.27,25.2,66.1,15.39
2026-08-06T07:27:53Z,,0.44825,,,,,,
2026-08-06T08:27:53Z,,0.44857,,,,,,
2026-08-06T08:33:17Z,480,,12.9,100,11.27,24.6,67.1,15.11
2026-08-06T09:27:53Z,,0.4489,,,,,,
2026-08-06T10:27:53Z,,0.44923,,,,,,
2026-08-06T10:32:51Z,480,,13,100,11.34,22,82.3,15.97
2026-08-06T11:27:53Z,,0.44956,,,,,,
2026-08-06T12:27:53Z,,0.44989,,,,,,
2026-08-06T12:33:30Z,600,,13,100,11.34,23.7,62.2,13.31
2026-08-06T13:27:53Z,,0.45022,,,,,,
2026-08-06T14:27:53Z,,0.45054,,,,,,
2026-08-06T14:32:57Z,810,,13,100,11.34,22.2,63,12.37
2026-08-06T15:27:53Z,,0.45087,,,,,,
2026-08-06T16:27:53Z,,0.4512,,,,,,
2026-08-06T16:32:31Z,615,,12.9,100,11.27,20.1,76,13.21
2026-08-06T17:27:53Z,,0.45153,,,,,,
2026-08-06T18:27:53Z,,0.45186,,,,,,
2026-08-06T18:32:55Z,540,,12.9,100,11.27,18.1,87.3,13.48
2026-08-06T19:27:53Z,,0.45218,,,,,,
2026-08-06T20:27:53Z,,0.45251,,,,,,
2026-08-06T20:33:13Z,540,,12.9,100,11.27,16.5,95.5,13.4
2026-08-06T21:27:53Z,,0.45284,,,,,,
2026-08-06T22:27:53Z,,0.45316,,,,,,
2026-08-06T22:33:44Z,570,,12.9,100,11.27,16.5,94.7,13.29
2026-08-06T23:27:53Z,,0.45349,,,,,,
2026-08-07T00:27:53Z,,0.45382,,,,,,
2026-08-07T00:34:05Z,495,,12.9,100,11.27,16.7,96.5,13.71
2026-08-07T01:27:53Z,,0.45415,,,,,,
2026-08-07T02:27:52Z,,0.45447,,,,,,
2026-08-07T02:33:53Z,705,,12.9,100,11.27,15.5,96.7,12.78
2026-08-07T03:27:53Z,,0.4548,,,,,,
2026-08-07T04:27:54Z,,0.45513,,,,,,
2026-08-07T04:34:00Z,480,,12.9,100,11.27,18.5,87.4,13.82
2026-08-07T05:27:53Z,,0.45545,,,,,,
2026-08-07T06:27:53Z,,0.45578,,,,,,
2026-08-07T06:33:20Z,870,,12.9,100,11.27,22.6,60.9,12.23
2026-08-07T07:27:53Z,,0.45611,,,,,,
2026-08-07T08:27:53Z,,0.45644,,,,,,
2026-08-07T08:32:41Z,990,,12.9,100,11.27,24.5,52.9,11.84
2026-08-07T09:27:53Z,,0.45676,,,,,,
2026-08-07T10:27:53Z,,0.45709,,,,,,
2026-08-07T10:31:56Z,990,,12.9,100,11.27,22.6,59.4,11.93
2026-08-07T11:27:52Z,,0.45742,,,,,,
2026-08-07T12:27:53Z,,0.45774,,,,,,
2026-08-07T12:32:33Z,1170,,12.9,100,11.27,21.9,58.9,11.37
2026-08-07T13:27:53Z,,0.45807,,,,,,
2026-08-07T14:27:53Z,,0.4584,,,,,,
2026-08-07T14:32:45Z,1455,,12.9,100,11.27,20.6,58.9,10.54
2026-08-07T15:27:52Z,,0.45873,,,,,,
2026-08-07T16:27:53Z,,0.45905,,,,,,
2026-08-07T16:33:06Z,1605,,13,100,11.34,19.2,61.4,10.12
2026-08-07T17:27:53Z,,0.45938,,,,,,
2026-08-07T18:27:52Z,,0.45971,,,,,,
2026-08-07T18:33:08Z,1800,,13,100,11.34,16.6,68.8,9.72
2026-08-07T19:27:53Z,,0.46004,,,,,,
2026-08-07T20:27:53Z,,0.46037,,,,,,
2026-08-07T20:32:43Z,2220,,12.9,100,11.27,13.5,74,8.65
2026-08-07T21:27:53Z,,0.4607,,,,,,
2026-08-07T22:27:53Z,,0.46102,,,,,,
2026-08-07T22:33:16Z,2370,,12.7,100,11.13,11.3,80.6,8.22
2026-08-07T23:27:53Z,,0.46135,,,,,,
2026-08-08T00:27:53Z,,0.46167,,,,,,
2026-08-08T00:32:30Z,2445,,12.5,100,10.99,10,85.1,7.99
2026-08-08T01:27:53Z,,0.46199,,,,,,
2026-08-08T02:27:52Z,,0.46231,,,,,,
2026-08-08T02:33:15Z,2445,,12.4,99.9,10.91,9,90,7.93
2026-08-08T03:27:52Z,,0.46262,,,,,,
2026-08-08T04:27:53Z,,0.46294,,,,,,
2026-08-08T04:33:10Z,1425,,12.5,99.8,10.97,14.6,82.6,10.33
2026-08-08T05:27:53Z,,0.46325,,,,,,
2026-08-08T06:27:52Z,,0.46356,,,,,,
2026-08-08T06:32:43Z,1365,,12.7,100,11.13,20.1,61.3,10.65
2026-08-08T07:27:53Z,,0.46388,,,,,,
2026-08-08T08:27:53Z,,0.46421,,,,,,
2026-08-08T08:33:08Z,2010,,12.8,98.5,11.03,21.5,47.8,9.01
2026-08-08T09:27:53Z,,0.46447,,,,,,
2026-08-08T10:27:53Z,,0.46474,,,,,,
2026-08-08T10:33:18Z,2010,,12.9,95.4,10.75,21.2,47.3,8.76
2026-08-08T11:27:53Z,,0.4649,,,,,,
2026-08-08T12:27:53Z,,0.46507,,,,,,
2026-08-08T12:34:09Z,2370,,13,94.1,10.67,20,45.6,7.88
2026-08-08T13:27:52Z,,0.46521,,,,,,
2026-08-08T14:27:53Z,,0.46535,,,,,,
2026-08-08T14:34:49Z,2475,,13,93.1,10.55,19.5,45.4,7.62
2026-08-08T15:27:53Z,,0.46547,,,,,,
2026-08-08T16:27:53Z,,0.46559,,,,,,
2026-08-08T16:35:09Z,2265,,13.1,91.9,10.48,19.1,49,8.03
2026-08-08T17:27:53Z,,0.46569,,,,,,
2026-08-08T18:27:53Z,,0.46579,,,,,,
2026-08-08T18:35:31Z,2265,,13,92,10.43,16.6,56.5,7.98
2026-08-08T19:27:53Z,,0.46589,,,,,,
2026-08-08T20:27:53Z,,0.46599,,,,,,
2026-08-08T20:35:09Z,2220,,12.8,94.1,10.54,13.9,68.4,8.2
2026-08-08T21:27:53Z,,0.46613,,,,,,
2026-08-08T22:27:53Z,,0.46627,,,,,,
2026-08-08T22:34:51Z,2055,,12.6,96.7,10.69,12,81.1,8.64
2026-08-08T23:27:53Z,,0.46647,,,,,,
2026-08-09T00:27:53Z,,0.46667,,,,,,
2026-08-09T00:34:34Z,1410,,12.6,98.6,10.9,12.9,91.9,10.35
2026-08-09T01:27:53Z,,0.46694,,,,,,
2026-08-09T02:27:53Z,,0.4672,,,,,,
2026-08-09T02:34:35Z,1200,,12.7,100,11.13,13.4,95.9,11.14
2026-08-09T03:27:53Z,,0.46752,,,,,,
2026-08-09T04:27:52Z,,0.46785,,,,,,
2026-08-09T04:33:49Z,600,,12.8,100,11.2,17.3,88.9,13.09
2026-08-09T05:27:53Z,,0.46817,,,,,,
2026-08-09T06:27:53Z,,0.4685,,,,,,
2026-08-09T06:33:38Z,885,,12.8,100,11.2,23,58.6,12.04
2026-08-09T07:27:53Z,,0.46882,,,,,,
2026-08-09T08:27:53Z,,0.46915,,,,,,
2026-08-09T08:32:45Z,1200,,12.9,100,11.27,24.7,49.2,11.14
2026-08-09T09:27:53Z,,0.46948,,,,,,
2026-08-09T10:27:53Z,,0.4698,,,,,,
2026-08-09T10:33:13Z,1260,,12.9,100,11.27,22,56.9,11.04
2026-08-09T11:27:52Z,,0.47013,,,,,,
2026-08-09T12:27:53Z,,0.47046,,,,,,
2026-08-09T12:33:47Z,1035,,12.9,100,11.27,20.2,67.7,11.84
2026-08-09T13:27:53Z,,0.47079,,,,,,
2026-08-09T14:27:53Z,,0.47111,,,,,,
2026-08-09T14:32:58Z,945,,12.9,100,11.27,19.7,71.5,12.14
2026-08-09T15:27:53Z,,0.47144,,,,,,
2026-08-09T16:27:53Z,,0.47177,,,,,,
2026-08-09T16:32:49Z,990,,12.9,100,11.27,18.7,73.7,11.8
2026-08-09T17:27:53Z,,0.47209,,,,,,
2026-08-09T18:27:53Z,,0.47242,,,,,,
2026-08-09T18:33:21Z,855,,12.9,100,11.27,16.9,84.8,12.19
2026-08-09T19:27:53Z,,0.47275,,,,,,
2026-08-09T20:27:53Z,,0.47308,,,,,,
2026-08-09T20:33:57Z,900,,12.9,100,11.27,15.7,90.9,12.16
2026-08-09T21:27:53Z,,0.4734,,,,,,
2026-08-09T22:27:53Z,,0.47373,,,,,,
2026-08-09T22:33:39Z,945,,12.9,100,11.27,15.2,91.6,11.88
2026-08-09T23:27:53Z,,0.47406,,,,,,
2026-08-10T00:27:53Z,,0.47438,,,,,,
2026-08-10T00:34:22Z,1065,,12.9,100,11.27,14.6,92,11.51
2026-08-10T01:27:53Z,,0.47471,,,,,,
2026-08-10T02:27:53Z,,0.47504,,,,,,
2026-08-10T02:34:26Z,1065,,12.8,100,11.2,13.5,98.9,11.56
2026-08-10T03:27:53Z,,0.47536,,,,,,
2026-08-10T04:27:53Z,,0.47569,,,,,,
2026-08-10T04:34:56Z,660,,12.8,100,11.2,15.8,96.5,12.98
2026-08-10T05:27:53Z,,0.47601,,,,,,
2026-08-10T06:27:56Z,,0.47634,,,,,,
2026-08-10T06:33:58Z,840,,12.9,100,11.27,20.5,68.8,12.24
2026-08-10T07:27:53Z,,0.47667,,,,,,
2026-08-10T08:27:53Z,,0.47699,,,,,,
2026-08-10T08:33:43Z,750,,13,100,11.34,21.9,66,12.74
2026-08-10T09:27:54Z,,0.47732,,,,,,
2026-08-10T10:27:53Z,,0.47765,,,,,,
2026-08-10T10:33:32Z,900,,13,100,11.34,22.1,62.5,12.2
2026-08-10T11:27:53Z,,0.47798,,,,,,
2026-08-10T12:27:53Z,,0.47831,,,,,,
2026-08-10T12:33:42Z,840,,13,100,11.34,19.5,74.1,12.43
2026-08-10T13:27:53Z,,0.47864,,,,,,
2026-08-10T14:27:53Z,,0.47897,,,,,,
2026-08-10T14:33:36Z,480,,13,100,11.34,17,95.5,13.81
2026-08-10T15:27:53Z,,0.4793,,,,,,
2026-08-10T16:27:53Z,,0.47962,,,,,,
2026-08-10T16:33:32Z,570,,12.9,100,11.27,15.8,100,13.46
2026-08-10T17:27:52Z,,0.47995,,,,,,
2026-08-10T18:27:53Z,,0.48028,,,,,,
2026-08-10T18:33:58Z,615,,12.9,100,11.27,15.5,100,13.21
2026-08-10T19:27:52Z,,0.48061,,,,,,
2026-08-10T20:27:53Z,,0.48093,,,,,,
2026-08-10T20:34:01Z,705,,12.9,100,11.27,14.9,100,12.74
2026-08-10T21:27:53Z,,0.48126,,,,,,
2026-08-10T22:27:53Z,,0.48159,,,,,,
2026-08-10T22:33:51Z,660,,12.9,100,11.27,15.3,100,13.05
2026-08-10T23:27:53Z,,0.48191,,,,,,
2026-08-11T00:27:53Z,,0.48224,,,,,,
2026-08-11T00:33:43Z,735,,12.9,100,11.27,14.8,100,12.66
2026-08-11T01:27:53Z,,0.48257,,,,,,
2026-08-11T02:27:53Z,,0.4829,,,,,,
2026-08-11T02:33:58Z,1080,,12.8,100,11.2,13.3,100,11.55
2026-08-11T03:27:53Z,,0.48322,,,,,,
2026-08-11T04:27:53Z,,0.48355,,,,,,
2026-08-11T04:34:07Z,930,,12.8,100,11.2,14.1,99.4,12.06
2026-08-11T05:27:52Z,,0.48387,,,,,,
2026-08-11T06:27:53Z,,0.4842,,,,,,
2026-08-11T06:33:17Z,630,,12.9,100,11.27,17.9,85.8,13.1
2026-08-11T07:27:53Z,,0.48452,,,,,,
2026-08-11T08:27:54Z,,0.48485,,,,,,
2026-08-11T08:33:49Z,1320,,12.9,100,11.27,24.2,49.7,10.94
2026-08-11T09:27:53Z,,0.48518,,,,,,
2026-08-11T10:27:53Z,,0.48551,,,,,,
2026-08-11T10:34:30Z,1215,,12.9,100,11.27,18.2,72.2,11.22
2026-08-11T11:27:53Z,,0.48583,,,,,,
2026-08-11T12:27:53Z,,0.48616,,,,,,
2026-08-11T12:34:32Z,1215,,12.9,100,11.27,,,
2026-08-11T13:27:52Z,,0.48649,,,,,,
2026-08-11T14:27:53Z,,0.48681,,,,,,
2026-08-11T14:34:55Z,1410,,12.9,100,11.27,15,83.3,10.68
2026-08-11T15:27:53Z,,0.48714,,,,,,
2026-08-11T16:27:53Z,,0.48747,,,,,,
2026-08-11T16:35:32Z,1485,,12.9,100,11.27,14.9,81.8,10.42
2026-08-11T17:27:53Z,,0.48779,,,,,,
2026-08-11T18:27:53Z,,0.48812,,,,,,
2026-08-11T18:35:45Z,1905,,12.7,100,11.13,12.3,86.6,9.4
2026-08-11T19:27:54Z,,0.48845,,,,,,
2026-08-11T20:27:53Z,,0.48877,,,,,,
2026-08-11T20:36:40Z,2010,,12.6,100,11.06,11,90.6,9.07
2026-08-11T21:27:53Z,,0.48909,,,,,,
2026-08-11T22:27:53Z,,0.48941,,,,,,
2026-08-11T22:36:16Z,2250,,12.5,100,10.99,9.6,92.3,8.45
2026-08-11T23:27:53Z,,0.48973,,,,,,
2026-08-12T00:27:53Z,,0.49005,,,,,,
2026-08-12T00:36:16Z,2340,,12.4,99.5,10.87,8.4,95.1,8.07
2026-08-12T01:27:54Z,,0.49035,,,,,,
2026-08-12T02:27:53Z,,0.49065,,,,,,
2026-08-12T02:37:08Z,2220,,12.3,99,10.75,8.5,98.6,8.42
2026-08-12T03:27:53Z,,0.49092,,,,,,
2026-08-12T04:27:53Z,,0.4912,,,,,,
2026-08-12T04:36:50Z,1575,,12.4,98.5,10.76,12.8,87.5,9.8
2026-08-12T05:27:53Z,,0.49146,,,,,,
2026-08-12T06:27:53Z,,0.49171,,,,,,
2026-08-12T06:36:51Z,1575,,12.5,97.6,10.73,18.6,61.3,9.75
2026-08-12T07:27:53Z,,0.49194,,,,,,
2026-08-12T08:27:53Z,,0.49217,,,,,,
2026-08-12T08:36:42Z,1935,,12.7,95.9,10.67,20.1,51,8.86
2026-08-12T09:27:53Z,,0.49235,,,,,,
2026-08-12T10:27:53Z,,0.49253,,,,,,
2026-08-12T10:37:36Z,1560,,12.8,95.2,10.66,18.4,62.1,9.76
2026-08-12T11:27:53Z,,0.49269,,,,,,
2026-08-12T12:27:53Z,,0.49286,,,,,,
2026-08-12T12:36:38Z,1950,,12.8,95.7,10.72,17.9,58.3,8.9
2026-08-12T13:27:53Z,,0.49303,,,,,,
2026-08-12T14:27:53Z,,0.49321,,,,,,
2026-08-12T14:37:22Z,2340,,12.9,91.8,10.34,17.3,52.4,7.72
2026-08-12T15:27:53Z,,0.49331,,,,,,
2026-08-12T16:27:53Z,,0.4934,,,,,,
2026-08-12T16:37:28Z,2040,,13,90.1,10.21,16.4,59.2,8.26
2026-08-12T17:27:53Z,,0.49347,,,,,,
2026-08-12T18:27:52Z,,0.49354,,,,,,
2026-08-12T19:27:53Z,,0.49361,,,,,,
2026-08-12T20:27:53Z,,0.49368,,,,,,
2026-08-12T20:37:00Z,2130,,12.6,94.3,10.43,12,78.1,8.32
2026-08-12T21:27:53Z,,0.49382,,,,,,
2026-08-12T22:27:53Z,,0.49396,,,,,,
2026-08-12T22:37:01Z,2145,,12.5,94.7,10.41,10.6,84.4,8.23
2026-08-12T23:27:53Z,,0.49411,,,,,,
2026-08-13T00:27:53Z,,0.49426,,,,,,
2026-08-13T00:37:39Z,2235,,12.4,95.5,10.43,9.2,89.6,8.0
2026-08-13T01:27:53Z,,0.49443,,,,,,
2026-08-13T02:27:52Z,,0.4946,,,,,,
2026-08-13T02:36:58Z,2325,,12.3,95.9,10.41,8.2,93,7.79
2026-08-13T03:27:53Z,,0.49477,,,,,,
2026-08-13T04:27:53Z,,0.49495,,,,,,
2026-08-13T04:36:18Z,1620,,12.3,96,10.42,12.2,87,9.38
2026-08-13T05:27:53Z,,0.49513,,,,,,
2026-08-13T06:27:53Z,,0.49531,,,,,,
2026-08-13T06:37:02Z,1335,,12.5,95.4,10.48,20.8,56.2,10.17
2026-08-13T07:27:53Z,,0.49547,,,,,,
2026-08-13T08:27:54Z,,0.49564,,,,,,
2026-08-13T08:36:26Z,1350,,12.7,93.6,10.42,24.7,43.8,9.92
2026-08-13T09:27:53Z,,0.49577,,,,,,
2026-08-13T10:27:53Z,,0.49589,,,,,,
2026-08-13T10:36:34Z,1785,,12.8,93.1,10.42,22.2,45.6,8.95
2026-08-13T11:27:53Z,,0.49601,,,,,,
2026-08-13T12:27:53Z,,0.49613,,,,,,
2026-08-13T12:36:15Z,1755,,12.9,93.4,10.52,21,50.3,9.21
2026-08-13T13:27:53Z,,0.49626,,,,,,
2026-08-13T14:27:53Z,,0.49638,,,,,,
2026-08-13T14:36:10Z,1830,,12.9,93.1,10.49,20.3,51.1,8.99
2026-08-13T15:27:53Z,,0.4965,,,,,,
2026-08-13T16:27:53Z,,0.49662,,,,,,
2026-08-13T16:36:14Z,1680,,12.9,92.2,10.39,18.6,57.7,9.18
2026-08-13T17:27:53Z,,0.49672,,,,,,
2026-08-13T18:27:53Z,,0.49682,,,,,,
2026-08-13T18:36:14Z,1680,,12.9,95.6,10.77,15.8,70.2,9.45
2026-08-13T19:27:53Z,,0.497,,,,,,
2026-08-13T20:27:53Z,,0.49717,,,,,,
2026-08-13T20:36:52Z,1995,,12.6,97.5,10.78,12.5,80.6,8.86
2026-08-13T21:27:53Z,,0.4974,,,,,,
2026-08-13T22:27:53Z,,0.49762,,,,,,
2026-08-13T22:37:40Z,2115,,12.5,97.9,10.76,10.7,86.8,8.52
2026-08-13T23:27:52Z,,0.49786,,,,,,
2026-08-14T00:27:53Z,,0.4981,,,,,,
2026-08-14T00:37:06Z,2055,,12.4,98,10.7,10.4,90.4,8.71
2026-08-14T01:27:53Z,,0.49834,,,,,,
2026-08-14T02:27:53Z,,0.49858,,,,,,
2026-08-14T03:27:53Z,,0.49882,,,,,,
2026-08-14T04:27:53Z,,0.49906,,,,,,
2026-08-14T04:37:49Z,1395,,12.5,99.2,10.9,13.2,90.6,10.4
2026-08-14T05:27:53Z,,0.49935,,,,,,
2026-08-14T06:27:53Z,,0.49963,,,,,,
2026-08-14T06:37:27Z,1050,,12.8,99,11.08,17.4,78,11.56
2026-08-14T07:27:54Z,,0.49992,,,,,,
2026-08-14T08:27:53Z,,0.5002,,,,,,
2026-08-14T08:37:00Z,1095,,12.8,99.6,11.15,18.4,72.1,11.34
2026-08-14T09:27:53Z,,0.50051,,,,,,
2026-08-14T10:27:53Z,,0.50082,,,,,,
2026-08-14T10:36:45Z,945,,12.9,100,11.27,19.9,70.1,12.04
2026-08-14T11:27:53Z,,0.50114,,,,,,
2026-08-14T12:27:53Z,,0.50147,,,,,,
2026-08-14T12:36:56Z,2010,,12.9,100,11.27,19.7,54.2,9.2
2026-08-14T13:27:53Z,,0.5018,,,,,,
2026-08-14T14:27:53Z,,0.50212,,,,,,
2026-08-14T14:37:01Z,1185,,13,98.2,11.13,19.3,67,11.11
2026-08-14T15:27:53Z,,0.50238,,,,,,
2026-08-14T16:27:53Z,,0.50263,,,,,,
2026-08-14T16:36:57Z,1095,,12.9,100,11.27,18.2,74.2,11.53
2026-08-14T17:27:53Z,,0.50296,,,,,,
2026-08-14T18:27:53Z,,0.50329,,,,,,
2026-08-14T18:37:27Z,735,,12.9,100,11.27,17.2,88,12.88
2026-08-14T19:27:53Z,,0.50362,,,,,,
2026-08-14T20:27:53Z,,0.50394,,,,,,
2026-08-14T20:37:20Z,825,,12.9,100,11.27,16.2,90.2,12.43
2026-08-14T21:27:53Z,,0.50427,,,,,,
2026-08-14T22:27:53Z,,0.5046,,,,,,
2026-08-14T22:37:23Z,810,,12.9,100,11.27,15.4,93.7,12.31
2026-08-14T23:27:53Z,,0.50492,,,,,,
2026-08-15T00:27:54Z,,0.50525,,,,,,
2026-08-15T00:37:46Z,870,,12.9,100,11.27,15,94.7,12.14
2026-08-15T01:27:53Z,,0.50558,,,,,,
2026-08-15T02:27:53Z,,0.50591,,,,,,
2026-08-15T02:37:28Z,765,,12.9,100,11.27,15.1,97.7,12.6
2026-08-15T03:27:53Z,,0.50623,,,,,,
2026-08-15T04:27:52Z,,0.50656,,,,,,
2026-08-15T04:37:04Z,585,,12.9,100,11.27,15.7,100,13.37
2026-08-15T05:27:53Z,,0.50689,,,,,,
2026-08-15T06:27:53Z,,0.50721,,,,,,
2026-08-15T06:36:28Z,480,,12.9,100,11.27,17.7,94.7,14.28
2026-08-15T07:27:53Z,,0.50754,,,,,,
2026-08-15T08:27:53Z,,0.50787,,,,,,
2026-08-15T08:36:52Z,480,,12.9,100,11.27,23.7,68.9,14.74
2026-08-15T09:27:54Z,,0.50819,,,,,,
2026-08-15T10:27:53Z,,0.50852,,,,,,
2026-08-15T10:36:46Z,480,,12.9,100,11.27,24.7,65.2,14.76
2026-08-15T11:27:53Z,,0.50885,,,,,,
2026-08-15T12:27:53Z,,0.50918,,,,,,
2026-08-15T12:36:52Z,480,,12.9,100,11.27,23.6,64.6,13.74
2026-08-15T13:27:53Z,,0.5095,,,,,,
2026-08-15T14:27:53Z,,0.50983,,,,,,
2026-08-15T14:36:38Z,480,,13,100,11.34,22.5,70.3,14.04
2026-08-15T15:27:53Z,,0.51016,,,,,,
2026-08-15T16:27:53Z,,0.51049,,,,,,
2026-08-15T16:35:48Z,1185,,13,100,11.34,21.3,60.4,11.26
2026-08-15T17:27:53Z,,0.51082,,,,,,
2026-08-15T18:27:52Z,,0.51115,,,,,,
2026-08-15T18:35:22Z,915,,13,100,11.34,18.5,77.4,12.24
2026-08-15T19:27:53Z,,0.51147,,,,,,
2026-08-15T20:27:53Z,,0.5118,,,,,,
2026-08-15T20:35:39Z,720,,13,100,11.34,17.4,86.7,12.84
2026-08-15T21:27:53Z,,0.51213,,,,,,
2026-08-15T22:27:53Z,,0.51246,,,,,,
2026-08-15T22:34:54Z,735,,12.9,100,11.27,17.5,84.8,12.64
2026-08-15T23:27:53Z,,0.51279,,,,,,
2026-08-16T00:27:53Z,,0.51311,,,,,,
2026-08-16T00:35:31Z,705,,13,100,11.34,16.4,92.6,12.92
2026-08-16T01:27:53Z,,0.51344,,,,,,
2026-08-16T02:27:53Z,,0.51377,,,,,,
2026-08-16T02:35:38Z,600,,13,100,11.34,15.7,99.1,13.25
2026-08-16T03:27:53Z,,0.5141,,,,,,
2026-08-16T04:27:53Z,,0.51443,,,,,,
2026-08-16T04:36:03Z,480,,12.9,100,11.27,16.4,100,13.95
2026-08-16T05:27:53Z,,0.51476,,,,,,
2026-08-16T06:27:53Z,,0.51508,,,,,,
2026-08-16T06:35:27Z,480,,12.9,100,11.27,18.1,93,14.36
2026-08-16T07:27:53Z,,0.51541,,,,,,
2026-08-16T08:27:53Z,,0.51574,,,,,,
2026-08-16T08:34:57Z,480,,13,100,11.34,20.9,80.1,14.59
2026-08-16T09:27:53Z,,0.51607,,,,,,
2026-08-16T10:27:53Z,,0.5164,,,,,,
2026-08-16T10:35:26Z,915,,13,100,11.34,20.7,67.8,12.2
2026-08-16T11:27:53Z,,0.51672,,,,,,
2026-08-16T12:27:53Z,,0.51705,,,,,,
2026-08-16T12:34:56Z,795,,13,100,11.34,19.1,76.6,12.55
2026-08-16T13:27:53Z,,0.51738,,,,,,
2026-08-16T14:27:53Z,,0.51771,,,,,,
2026-08-16T14:35:39Z,735,,13,100,11.34,17.8,84.8,12.87
2026-08-16T15:27:53Z,,0.51804,,,,,,
2026-08-16T16:27:53Z,,0.51837,,,,,,
2026-08-16T16:35:59Z,825,,12.9,100,11.27,17,85.4,12.35
2026-08-16T17:27:53Z,,0.5187,,,,,,
2026-08-16T18:27:53Z,,0.51902,,,,,,
2026-08-16T18:35:23Z,810,,12.9,100,11.27,15.7,93.1,12.45
2026-08-16T19:27:53Z,,0.51935,,,,,,
2026-08-16T20:27:53Z,,0.51968,,,,,,
2026-08-16T20:36:02Z,840,,12.9,100,11.27,14.6,98,12.26
2026-08-16T21:27:53Z,,0.52,,,,,,
2026-08-16T22:27:53Z,,0.52033,,,,,,
2026-08-16T22:36:48Z,795,,12.9,100,11.27,14.6,100,12.51
2026-08-16T23:27:53Z,,0.52066,,,,,,
2026-08-17T00:27:52Z,,0.52098,,,,,,
2026-08-17T00:37:33Z,810,,12.9,100,11.27,14.5,100,12.43
2026-08-17T01:27:53Z,,0.52131,,,,,,
2026-08-17T02:27:53Z,,0.52164,,,,,,
2026-08-17T02:37:52Z,870,,12.9,100,11.27,14.2,100,12.21
2026-08-17T03:27:53Z,,0.52197,,,,,,
2026-08-17T04:27:53Z,,0.52229,,,,,,
2026-08-17T04:37:36Z,750,,12.9,100,11.27,14.8,100,12.66
2026-08-17T05:27:53Z,,0.52262,,,,,,
2026-08-17T06:27:53Z,,0.52295,,,,,,
2026-08-17T06:37:48Z,750,,12.9,100,11.27,16.7,88.7,12.6
2026-08-17T07:27:53Z,,0.52327,,,,,,
2026-08-17T08:27:53Z,,0.5236,,,,,,
2026-08-17T08:37:21Z,735,,12.9,100,11.27,22.5,64.3,12.84
2026-08-17T09:27:53Z,,0.52393,,,,,,
2026-08-17T10:27:53Z,,0.52426,,,,,,
2026-08-17T10:37:09Z,1035,,12.9,100,11.27,20.8,65,11.77
2026-08-17T11:27:53Z,,0.52458,,,,,,
2026-08-17T12:27:53Z,,0.52491,,,,,,
2026-08-17T12:37:53Z,1200,,13,100,11.34,21,62.1,11.37
2026-08-17T13:27:53Z,,0.52524,,,,,,
2026-08-17T14:27:53Z,,0.52557,,,,,,
2026-08-17T14:38:20Z,1020,,13,100,11.34,20,68.5,11.84
2026-08-17T15:27:53Z,,0.5259,,,,,,
2026-08-17T16:27:53Z,,0.52623,,,,,,
2026-08-17T16:39:06Z,990,,13,100,11.34,18.7,74.9,11.99
2026-08-17T17:27:53Z,,0.52655,,,,,,
2026-08-17T18:27:53Z,,0.52688,,,,,,
2026-08-17T18:39:41Z,1440,,13,100,11.34,15.9,78.7,10.65
2026-08-17T19:27:52Z,,0.52721,,,,,,
2026-08-17T20:27:53Z,,0.52754,,,,,,
2026-08-17T20:40:07Z,1650,,12.9,100,11.27,13.5,85.5,10.0
2026-08-17T21:27:53Z,,0.52787,,,,,,
2026-08-17T22:27:53Z,,0.52819,,,,,,
2026-08-17T22:39:22Z,1800,,12.8,100,11.2,11.9,91,9.63
2026-08-17T23:27:53Z,,0.52852,,,,,,
2026-08-18T00:27:53Z,,0.52885,,,,,,
2026-08-18T00:38:32Z,2010,,12.6,100,11.06,10.3,94.2,9.02
2026-08-18T01:27:53Z,,0.52917,,,,,,
2026-08-18T02:27:53Z,,0.52949,,,,,,
2026-08-18T02:38:04Z,2190,,12.5,100,10.99,9.1,96.9,8.6
2026-08-18T03:27:53Z,,0.52981,,,,,,
2026-08-18T04:27:53Z,,0.53013,,,,,,
2026-08-18T04:38:16Z,1470,,12.5,100,10.99,11.9,96.7,10.24
2026-08-18T05:27:53Z,,0.53045,,,,,,
2026-08-18T06:27:53Z,,0.53077,,,,,,
2026-08-18T06:37:22Z,840,,12.7,100,11.13,18.2,78.7,12.23
2026-08-18T07:27:53Z,,0.53109,,,,,,
2026-08-18T08:27:53Z,,0.53142,,,,,,
2026-08-18T08:36:52Z,1650,,12.8,100,11.2,25.2,43,10.01
2026-08-18T09:27:53Z,,0.53174,,,,,,
2026-08-18T10:27:53Z,,0.53207,,,,,,
2026-08-18T10:37:20Z,1590,,12.9,99,11.15,21.7,52.8,10.07
2026-08-18T11:27:53Z,,0.53235,,,,,,
2026-08-18T12:27:53Z,,0.53264,,,,,,
2026-08-18T12:37:48Z,1740,,12.9,98.8,11.13,20.4,55.3,9.78
2026-08-18T13:27:53Z,,0.53291,,,,,,
2026-08-18T14:27:53Z,,0.53319,,,,,,
2026-08-18T14:38:14Z,1725,,13,99.2,11.25,19.4,58.9,9.82
2026-08-18T15:27:53Z,,0.53348,,,,,,
2026-08-18T16:27:53Z,,0.53378,,,,,,
2026-08-18T16:39:00Z,1575,,13,99.1,11.23,17.2,69.4,10.16
2026-08-18T17:27:53Z,,0.53407,,,,,,
2026-08-18T18:27:52Z,,0.53436,,,,,,
2026-08-18T18:38:38Z,1845,,12.8,100,11.2,13.8,80.2,9.55
2026-08-18T19:27:53Z,,0.53468,,,,,,
2026-08-18T20:27:53Z,,0.53501,,,,,,
2026-08-18T20:39:11Z,1965,,12.7,100,11.13,11.9,87.1,9.22
2026-08-18T21:27:53Z,,0.53533,,,,,,
2026-08-18T22:27:53Z,,0.53565,,,,,,
2026-08-18T22:38:55Z,1980,,12.6,99.9,11.05,11,90.7,9.08
2026-08-18T23:27:53Z,,0.53597,,,,,,
2026-08-19T00:27:53Z,,0.53629,,,,,,
2026-08-19T00:38:01Z,1980,,12.5,99.9,10.98,10.6,92.8,9.05
2026-08-19T01:27:53Z,,0.5366,,,,,,
2026-08-19T02:27:53Z,,0.53692,,,,,,
2026-08-19T02:38:38Z,2070,,12.5,99.8,10.97,9.9,95.4,8.9
2026-08-19T03:27:53Z,,0.53723,,,,,,
2026-08-19T04:27:53Z,,0.53754,,,,,,
2026-08-19T04:38:09Z,1665,,12.5,99.8,10.97,10.8,98.8,9.76
2026-08-19T05:27:53Z,,0.53785,,,,,,
2026-08-19T06:27:54Z,,0.53817,,,,,,
2026-08-19T06:38:11Z,1005,,12.6,100,11.06,17.2,79.5,11.64
2026-08-19T07:27:53Z,,0.53849,,,,,,
2026-08-19T08:27:53Z,,0.53881,,,,,,
2026-08-19T08:38:04Z,1140,,12.8,98.5,11.03,24.1,51,11.16
2026-08-19T09:27:53Z,,0.53907,,,,,,
2026-08-19T10:27:53Z,,0.53934,,,,,,
2026-08-19T10:38:34Z,1785,,12.8,97.5,10.92,21.4,50.2,9.41
2026-08-19T11:27:53Z,,0.53956,,,,,,
2026-08-19T12:27:54Z,,0.53979,,,,,,
2026-08-19T12:39:24Z,1950,,13,95,10.77,19.8,52.2,8.91
2026-08-19T13:27:53Z,,0.53995,,,,,,
2026-08-19T14:27:53Z,,0.54011,,,,,,
2026-08-19T14:39:41Z,2250,,13,93.7,10.62,19.8,47.7,8.15
2026-08-19T15:27:53Z,,0.54024,,,,,,
2026-08-19T16:27:53Z,,0.54038,,,,,,
2026-08-19T16:40:03Z,2025,,13.1,92.2,10.52,18.3,54.8,8.57
2026-08-19T17:27:53Z,,0.54048,,,,,,
2026-08-19T18:27:53Z,,0.54058,,,,,,
2026-08-19T18:40:09Z,2130,,12.9,94.2,10.61,14.8,66.3,8.39
2026-08-19T19:27:53Z,,0.54072,,,,,,
2026-08-19T20:27:53Z,,0.54087,,,,,,
2026-08-19T20:40:49Z,2385,,12.6,96.5,10.67,11.7,75.8,7.93
2026-08-19T21:27:53Z,,0.54106,,,,,,
2026-08-19T22:27:53Z,,0.54126,,,,,,
2026-08-19T22:40:43Z,2460,,12.5,96.6,10.62,9.6,83.7,7.67
2026-08-19T23:27:53Z,,0.54145,,,,,,
2026-08-20T00:27:53Z,,0.54165,,,,,,
2026-08-20T00:41:16Z,2565,,12.3,96.3,10.45,7.8,88.6,7.23
2026-08-20T01:27:53Z,,0.54184,,,,,,
2026-08-20T02:27:53Z,,0.54203,,,,,,
2026-08-20T02:40:31Z,2550,,12.2,95.9,10.34,7.1,93.5,7.29
2026-08-20T03:27:53Z,,0.5422,,,,,,
2026-08-20T04:27:53Z,,0.54238,,,,,,
2026-08-20T04:40:35Z,1605,,12.3,96.6,10.49,11.4,92.7,9.51
2026-08-20T05:27:52Z,,0.54257,,,,,,
2026-08-20T06:27:53Z,,0.54277,,,,,,
2026-08-20T06:40:19Z,960,,12.6,98.7,10.91,17.4,79.1,11.72
2026-08-20T07:27:53Z,,0.54304,,,,,,
2026-08-20T08:27:53Z,,0.5433,,,,,,
2026-08-20T08:39:36Z,1380,,12.7,99.6,11.08,18.2,68.3,10.61
2026-08-20T09:27:53Z,,0.54361,,,,,,
2026-08-20T10:27:53Z,,0.54392,,,,,,
2026-08-20T10:39:43Z,975,,12.8,99.5,11.14,15.5,89.6,11.84
2026-08-20T11:27:53Z,,0.54422,,,,,,
2026-08-20T12:27:53Z,,0.54452,,,,,,
2026-08-20T12:39:23Z,795,,12.8,100,11.2,14.6,99.7,12.47
2026-08-20T13:27:53Z,,0.54485,,,,,,
2026-08-20T14:27:53Z,,0.54517,,,,,,
2026-08-20T14:38:53Z,705,,12.8,100,11.2,15,100,12.82
2026-08-20T15:27:53Z,,0.5455,,,,,,
2026-08-20T16:27:53Z,,0.54582,,,,,,
2026-08-20T16:38:14Z,645,,12.8,100,11.2,15.2,100,12.97
2026-08-20T17:27:53Z,,0.54615,,,,,,
2026-08-20T18:27:53Z,,0.54647,,,,,,
2026-08-20T18:38:38Z,840,,12.8,100,11.2,14.2,100,12.21
2026-08-20T19:27:53Z,,0.5468,,,,,,
2026-08-20T20:27:53Z,,0.54712,,,,,,
2026-08-20T20:38:09Z,975,,12.8,100,11.2,13.6,100,11.76
2026-08-20T21:27:53Z,,0.54745,,,,,,
2026-08-20T22:27:53Z,,0.54778,,,,,,
2026-08-20T22:38:40Z,1005,,12.8,100,11.2,13.5,100,11.69
2026-08-20T23:27:53Z,,0.5481,,,,,,
2026-08-21T00:27:53Z,,0.54843,,,,,,
2026-08-21T00:39:30Z,1410,,12.7,100,11.13,11.7,100,10.46
2026-08-21T01:27:53Z,,0.54875,,,,,,
2026-08-21T02:27:53Z,,0.54907,,,,,,
2026-08-21T02:40:00Z,1575,,12.6,100,11.06,11,100,10.01
2026-08-21T03:27:53Z,,0.5494,,,,,,
2026-08-21T04:27:53Z,,0.54972,,,,,,
2026-08-21T04:39:11Z,1650,,12.6,100,11.06,10.8,100,9.88
2026-08-21T05:27:53Z,,0.55004,,,,,,
2026-08-21T06:27:53Z,,0.55036,,,,,,
2026-08-21T06:38:31Z,585,,12.7,100,11.13,19.5,78.3,13.14
2026-08-21T07:27:53Z,,0.55068,,,,,,
2026-08-21T08:27:53Z,,0.55101,,,,,,
2026-08-21T08:39:03Z,1170,,12.8,100,11.2,25.4,47.8,11.26
2026-08-21T09:27:53Z,,0.55133,,,,,,
2026-08-21T10:27:53Z,,0.55166,,,,,,
2026-08-21T10:39:37Z,1440,,12.8,100,11.2,21.1,57.2,10.54
2026-08-21T11:27:53Z,,0.55198,,,,,,
2026-08-21T12:27:53Z,,0.55231,,,,,,
2026-08-21T12:39:04Z,1335,,12.9,100,11.27,19.7,64.3,10.92
2026-08-21T13:27:54Z,,0.55264,,,,,,
2026-08-21T14:27:53Z,,0.55296,,,,,,
2026-08-21T14:39:46Z,1080,,12.9,100,11.27,19,71.2,11.6
2026-08-21T15:27:53Z,,0.55329,,,,,,
2026-08-21T16:27:53Z,,0.55362,,,,,,
2026-08-21T16:39:12Z,1035,,12.9,100,11.27,16.9,81.8,11.76
2026-08-21T17:27:53Z,,0.55394,,,,,,
2026-08-21T18:27:53Z,,0.55427,,,,,,
2026-08-21T18:38:27Z,1005,,12.9,100,11.27,15.7,88.5,11.84
2026-08-21T19:27:54Z,,0.5546,,,,,,
2026-08-21T20:27:53Z,,0.55493,,,,,,
2026-08-21T20:37:48Z,930,,12.9,100,11.27,14.3,98.7,12.12
2026-08-21T21:27:53Z,,0.55525,,,,,,
2026-08-21T22:27:53Z,,0.55558,,,,,,
2026-08-21T22:37:14Z,1200,,12.8,100,11.2,13.2,97.5,11.19
2026-08-21T23:27:53Z,,0.5559,,,,,,
2026-08-22T00:27:53Z,,0.55623,,,,,,
2026-08-22T00:37:52Z,1155,,12.8,100,11.2,13,99.5,11.28
2026-08-22T01:27:53Z,,0.55656,,,,,,
2026-08-22T02:27:53Z,,0.55688,,,,,,
2026-08-22T02:37:20Z,1305,,12.7,100,11.13,12.2,99.9,10.78
2026-08-22T03:27:53Z,,0.5572,,,,,,
2026-08-22T04:27:53Z,,0.55753,,,,,,
2026-08-22T04:37:36Z,1170,,12.7,100,11.13,12.9,100,11.27
2026-08-22T05:27:53Z,,0.55785,,,,,,
2026-08-22T06:27:53Z,,0.55818,,,,,,
2026-08-22T06:38:19Z,660,,12.8,100,11.2,15.3,99.7,13.01
2026-08-22T07:27:53Z,,0.5585,,,,,,
2026-08-22T08:27:53Z,,0.55883,,,,,,
2026-08-22T08:38:55Z,705,,12.9,100,11.27,19.7,75,12.73
2026-08-22T09:27:53Z,,0.55915,,,,,,
2026-08-22T10:27:52Z,,0.55948,,,,,,
2026-08-22T10:39:08Z,780,,12.9,100,11.27,18,81.3,12.48
2026-08-22T11:27:53Z,,0.55981,,,,,,
2026-08-22T12:27:53Z,,0.56013,,,,,,
2026-08-22T12:39:49Z,750,,12.9,100,11.27,17.3,85.8,12.64
2026-08-22T13:27:53Z,,0.56046,,,,,,
2026-08-22T14:27:53Z,,0.56079,,,,,,
2026-08-22T14:39:38Z,885,,12.9,100,11.27,16.4,87.1,12.15
2026-08-22T15:27:53Z,,0.56112,,,,,,
2026-08-22T16:27:53Z,,0.56144,,,,,,
2026-08-22T16:39:51Z,705,,12.9,100,11.27,15.1,100,12.9
2026-08-22T17:27:53Z,,0.56177,,,,,,
2026-08-22T18:27:53Z,,0.5621,,,,,,
2026-08-22T18:39:36Z,915,,12.9,100,11.27,14.5,97.3,12.1
2026-08-22T19:27:53Z,,0.56242,,,,,,
2026-08-22T20:27:53Z,,0.56275,,,,,,
2026-08-22T20:40:03Z,870,,12.8,100,11.2,14.3,100,12.28
2026-08-22T21:27:53Z,,0.56308,,,,,,
2026-08-22T22:27:52Z,,0.5634,,,,,,
2026-08-22T23:27:52Z,,0.56373,,,,,,
2026-08-23T00:27:53Z,,0.56405,,,,,,
2026-08-23T00:40:18Z,990,,12.8,100,11.2,13.6,100,11.76
2026-08-23T01:27:53Z,,0.56438,,,,,,
2026-08-23T02:27:53Z,,0.5647,,,,,,
2026-08-23T02:40:49Z,1005,,12.8,100,11.2,13.5,100,11.69
2026-08-23T03:27:53Z,,0.56503,,,,,,
2026-08-23T04:27:52Z,,0.56535,,,,,,
2026-08-23T04:40:15Z,1050,,12.8,100,11.2,13.4,100,11.62
2026-08-23T05:27:53Z,,0.56568,,,,,,
2026-08-23T06:27:53Z,,0.566,,,,,,
2026-08-23T06:39:27Z,1065,,12.7,100,11.13,13.3,100,11.55
2026-08-23T07:27:53Z,,0.56633,,,,,,
2026-08-23T08:27:53Z,,0.56665,,,,,,
2026-08-23T08:39:00Z,990,,12.8,100,11.2,13.8,100,11.91
2026-08-23T09:27:53Z,,0.56698,,,,,,
2026-08-23T10:27:53Z,,0.5673,,,,,,
2026-08-23T10:39:06Z,930,,12.8,100,11.2,13.9,100,11.98
2026-08-23T11:27:53Z,,0.56763,,,,,,
2026-08-23T12:27:53Z,,0.56795,,,,,,
2026-08-23T12:38:58Z,975,,12.8,100,11.2,13.8,100,11.91
2026-08-23T13:27:53Z,,0.56828,,,,,,
2026-08-23T14:27:53Z,,0.5686,,,,,,
2026-08-23T14:39:26Z,975,,12.8,100,11.2,13.8,99.4,11.84
2026-08-23T15:27:53Z,,0.56893,,,,,,
2026-08-23T16:27:53Z,,0.56925,,,,,,
2026-08-23T16:38:39Z,1290,,12.8,100,11.2,14.4,88.8,10.97
2026-08-23T17:27:53Z,,0.56958,,,,,,
2026-08-23T18:27:53Z,,0.5699,,,,,,
2026-08-23T18:38:01Z,1155,,12.8,100,11.2,14.1,93.1,11.29
2026-08-23T19:27:54Z,,0.57023,,,,,,
2026-08-23T20:27:53Z,,0.57055,,,,,,
2026-08-23T20:37:57Z,1185,,12.8,100,11.2,13.8,93.8,11.17
2026-08-23T21:27:53Z,,0.57088,,,,,,
2026-08-23T22:27:53Z,,0.5712,,,,,,
2026-08-23T22:37:07Z,1185,,12.8,100,11.2,13.2,96.7,11.1
2026-08-23T23:27:53Z,,0.57153,,,,,,
2026-08-24T00:27:53Z,,0.57186,,,,,,
2026-08-24T00:36:18Z,1335,,12.7,100,11.13,12.1,100,10.72
2026-08-24T01:27:53Z,,0.57218,,,,,,
2026-08-24T02:27:53Z,,0.5725,,,,,,
2026-08-24T02:37:03Z,1410,,12.6,100,11.06,11.9,100,10.59
2026-08-24T03:27:53Z,,0.57282,,,,,,
2026-08-24T04:27:53Z,,0.57315,,,,,,
2026-08-24T04:36:40Z,1395,,12.6,100,11.06,11.9,100,10.59
2026-08-24T05:27:53Z,,0.57347,,,,,,
2026-08-24T06:27:53Z,,0.57379,,,,,,
2026-08-24T06:36:42Z,1080,,12.7,100,11.13,15.1,89,11.48
2026-08-24T07:27:53Z,,0.57411,,,,,,
2026-08-24T08:27:53Z,,0.57444,,,,,,
2026-08-24T08:36:08Z,1095,,12.8,100,11.2,15.7,85.1,11.38
2026-08-24T09:27:53Z,,0.57476,,,,,,
2026-08-24T10:27:53Z,,0.57509,,,,,,
2026-08-24T10:35:29Z,1320,,12.9,99.1,11.16,17.1,74.1,10.78
2026-08-24T11:27:53Z,,0.57538,,,,,,
2026-08-24T12:27:53Z,,0.57566,,,,,,
2026-08-24T12:35:32Z,1335,,12.9,98.6,11.11,17.5,72.8,10.85
2026-08-24T13:27:53Z,,0.57593,,,,,,
2026-08-24T14:27:53Z,,0.5762,,,,,,
2026-08-24T14:35:34Z,885,,12.9,100,11.27,15.4,93.3,12.25
2026-08-24T15:27:53Z,,0.57653,,,,,,
2026-08-24T16:27:53Z,,0.57686,,,,,,
2026-08-24T16:36:18Z,1005,,12.9,100,11.27,15.1,91.6,11.81
2026-08-24T17:27:53Z,,0.57718,,,,,,
2026-08-24T18:27:54Z,,0.57751,,,,,,
2026-08-24T18:36:51Z,1140,,12.8,100,11.2,13.6,96.7,11.38
2026-08-24T19:27:53Z,,0.57783,,,,,,
2026-08-24T20:27:52Z,,0.57816,,,,,,
2026-08-24T20:36:21Z,1425,,12.7,100,11.13,12,98.8,10.53
2026-08-24T21:27:53Z,,0.57848,,,,,,
2026-08-24T22:27:53Z,,0.57881,,,,,,
2026-08-24T22:36:02Z,1545,,12.6,100,11.06,11.1,100,10.07
2026-08-24T23:27:53Z,,0.57913,,,,,,
2026-08-25T00:27:53Z,,0.57945,,,,,,
2026-08-25T00:35:27Z,1800,,12.5,100,10.99,10.1,100,9.45
2026-08-25T01:27:53Z,,0.57977,,,,,,
2026-08-25T02:27:53Z,,0.58009,,,,,,
2026-08-25T02:36:05Z,1980,,12.4,100,10.92,9.3,100,8.98
2026-08-25T03:27:53Z,,0.58041,,,,,,
2026-08-25T04:27:53Z,,0.58073,,,,,,
2026-08-25T04:36:06Z,1770,,12.4,100,10.92,10.2,100,9.51
2026-08-25T05:27:53Z,,0.58105,,,,,,
2026-08-25T06:27:54Z,,0.58136,,,,,,
2026-08-25T06:36:56Z,1470,,12.5,99.8,10.97,16.1,75,10.28
2026-08-25T07:27:53Z,,0.58168,,,,,,
2026-08-25T08:27:53Z,,0.58199,,,,,,
2026-08-25T08:37:40Z,1995,,12.6,96.4,10.66,19.1,53.5,8.77
2026-08-25T09:27:54Z,,0.58218,,,,,,
2026-08-25T10:27:53Z,,0.58237,,,,,,
2026-08-25T10:38:30Z,2055,,12.8,93.9,10.51,17.4,57.4,8.5
2026-08-25T11:27:53Z,,0.58251,,,,,,
2026-08-25T12:27:53Z,,0.58264,,,,,,
2026-08-25T12:37:54Z,2025,,12.9,91.4,10.3,18.1,54.9,8.48
2026-08-25T13:27:53Z,,0.58273,,,,,,
2026-08-25T14:27:53Z,,0.58282,,,,,,
2026-08-25T14:38:43Z,2010,,13,91.4,10.36,18.4,53.9,8.48
2026-08-25T15:27:53Z,,0.58291,,,,,,
2026-08-25T16:27:53Z,,0.583,,,,,,
2026-08-25T16:39:29Z,1530,,13,91.7,10.4,18.1,62.1,9.59
2026-08-25T17:27:53Z,,0.58309,,,,,,
2026-08-25T18:27:52Z,,0.58318,,,,,,
2026-08-25T18:40:14Z,1695,,12.7,96.4,10.73,13.5,81,9.47
2026-08-25T19:27:53Z,,0.58338,,,,,,
2026-08-25T20:27:53Z,,0.58357,,,,,,
2026-08-25T20:40:16Z,1935,,12.6,97.9,10.83,11.4,87.4,8.97
2026-08-25T21:27:53Z,,0.58381,,,,,,
2026-08-25T22:27:53Z,,0.58405,,,,,,
2026-08-25T22:39:28Z,1920,,12.5,98.4,10.81,10.8,91.6,9.05
2026-08-25T23:27:52Z,,0.58431,,,,,,
2026-08-26T00:27:53Z,,0.58456,,,,,,
2026-08-26T00:39:48Z,1845,,12.4,98.3,10.74,10.3,95.7,9.16
2026-08-26T01:27:53Z,,0.58481,,,,,,
2026-08-26T02:27:53Z,,0.58506,,,,,,
2026-08-26T02:39:22Z,1680,,12.5,98.8,10.86,10.7,98.7,9.69
2026-08-26T03:27:52Z,,0.58533,,,,,,
2026-08-26T04:27:53Z,,0.5856,,,,,,
2026-08-26T04:39:52Z,1335,,12.6,99.4,10.99,12,99.4,10.59
2026-08-26T05:27:54Z,,0.5859,,,,,,
2026-08-26T06:27:53Z,,0.5862,,,,,,
2026-08-26T06:39:25Z,795,,12.7,99.9,11.12,19.7,72.9,12.38
2026-08-26T07:27:53Z,,0.58652,,,,,,
2026-08-26T08:27:53Z,,0.58683,,,,,,
2026-08-26T08:39:35Z,585,,12.8,100,11.2,26.6,52.2,13.15
2026-08-26T09:27:53Z,,0.58716,,,,,,
2026-08-26T10:27:53Z,,0.58749,,,,,,
2026-08-26T10:40:08Z,915,,12.8,100,11.2,22.6,59.9,12.03
2026-08-26T11:27:53Z,,0.58781,,,,,,
2026-08-26T12:27:52Z,,0.58814,,,,,,
2026-08-26T12:40:26Z,1080,,12.8,100,11.2,20.6,64.3,11.51
2026-08-26T13:27:53Z,,0.58846,,,,,,
2026-08-26T14:27:53Z,,0.58879,,,,,,
2026-08-26T14:41:08Z,1065,,12.9,100,11.27,20,66.4,11.47
2026-08-26T15:27:53Z,,0.58911,,,,,,
2026-08-26T16:27:53Z,,0.58944,,,,,,
2026-08-26T16:41:08Z,975,,12.9,100,11.27,19,73.7,12.01
2026-08-26T17:27:53Z,,0.58977,,,,,,
2026-08-26T18:27:53Z,,0.59009,,,,,,
2026-08-26T18:41:10Z,1155,,12.8,100,11.2,15.5,85.7,11.32
2026-08-26T19:27:53Z,,0.59042,,,,,,
2026-08-26T20:27:53Z,,0.59074,,,,,,
2026-08-26T20:41:50Z,1500,,12.7,100,11.13,12.7,91.9,10.23
2026-08-26T21:27:53Z,,0.59107,,,,,,
2026-08-26T22:27:53Z,,0.59139,,,,,,
2026-08-26T22:42:13Z,1785,,12.6,100,11.06,11.1,94.7,9.54
2026-08-26T23:27:53Z,,0.59171,,,,,,
2026-08-27T00:27:53Z,,0.59204,,,,,,
2026-08-27T00:41:52Z,1965,,12.5,100,10.99,9.9,97,9.05
2026-08-27T01:27:53Z,,0.59236,,,,,,
2026-08-27T02:27:53Z,,0.59268,,,,,,
2026-08-27T02:41:45Z,2100,,12.4,99.6,10.88,8.9,99,8.67
2026-08-27T03:27:53Z,,0.59298,,,,,,
2026-08-27T04:27:52Z,,0.59328,,,,,,
2026-08-27T04:41:14Z,1440,,12.3,99.1,10.76,12,95,10.12
2026-08-27T05:27:53Z,,0.59356,,,,,,
2026-08-27T06:27:53Z,,0.59384,,,,,,
2026-08-27T06:40:25Z,630,,12.6,99.6,11.01,22.5,64.6,12.9
2026-08-27T07:27:54Z,,0.59414,,,,,,
2026-08-27T08:27:53Z,,0.59444,,,,,,
2026-08-27T08:40:17Z,1155,,12.7,99.9,11.12,28,41.4,11.27
2026-08-27T09:27:54Z,,0.59476,,,,,,
2026-08-27T10:27:53Z,,0.59508,,,,,,
2026-08-27T10:39:35Z,1530,,12.8,99.2,11.11,23.1,49.1,10.15
2026-08-27T11:27:53Z,,0.59537,,,,,,
2026-08-27T12:27:53Z,,0.59566,,,,,,
2026-08-27T12:38:46Z,1935,,12.9,97.8,11.02,21.2,49.9,9.25
2026-08-27T13:27:54Z,,0.5959,,,,,,
2026-08-27T14:27:53Z,,0.59614,,,,,,
2026-08-27T14:37:57Z,1665,,13,97,11.0,20.9,53.8,9.8
2026-08-27T15:27:53Z,,0.59636,,,,,,
2026-08-27T16:27:53Z,,0.59657,,,,,,
2026-08-27T16:38:01Z,1440,,13,98.1,11.12,19.8,61,10.42
2026-08-27T17:27:53Z,,0.59682,,,,,,
2026-08-27T18:27:53Z,,0.59708,,,,,,
2026-08-27T18:38:21Z,1380,,13,100,11.34,16.7,76,10.8
2026-08-27T19:27:53Z,,0.5974,,,,,,
2026-08-27T20:27:53Z,,0.59773,,,,,,
2026-08-27T20:38:50Z,1635,,12.7,100,11.13,13.7,84.4,9.99
2026-08-27T21:27:52Z,,0.59806,,,,,,
2026-08-27T22:27:53Z,,0.59838,,,,,,
2026-08-27T22:39:39Z,1665,,12.7,100,11.13,12.4,89.8,9.81
2026-08-27T23:27:53Z,,0.5987,,,,,,
2026-08-28T00:27:53Z,,0.59903,,,,,,
2026-08-28T00:39:19Z,1890,,12.6,100,11.06,10.9,93.9,9.34
2026-08-28T01:27:53Z,,0.59935,,,,,,
2026-08-28T02:27:53Z,,0.59967,,,,,,
2026-08-28T02:39:44Z,1935,,12.5,99.9,10.98,10.2,95.7,9.1
2026-08-28T03:27:53Z,,0.59999,,,,,,
2026-08-28T04:27:53Z,,0.6003,,,,,,
2026-08-28T04:39:19Z,1650,,12.5,99.8,10.97,11.2,96.3,9.76
2026-08-28T05:27:53Z,,0.60061,,,,,,
2026-08-28T06:27:53Z,,0.60093,,,,,,
2026-08-28T06:38:29Z,975,,12.7,100,11.13,16.2,86.3,11.9
2026-08-28T07:27:53Z,,0.60125,,,,,,
2026-08-28T08:27:53Z,,0.60157,,,,,,
2026-08-28T08:38:03Z,750,,12.8,100,11.2,20.4,71.4,12.63
2026-08-28T09:27:53Z,,0.6019,,,,,,
2026-08-28T10:27:53Z,,0.60222,,,,,,
2026-08-28T10:37:50Z,960,,12.9,100,11.27,21.2,64.5,11.95
2026-08-28T11:27:53Z,,0.60255,,,,,,
2026-08-28T12:27:54Z,,0.60288,,,,,,
2026-08-28T12:37:48Z,1155,,12.9,100,11.27,20.6,63.8,11.42
2026-08-28T13:27:53Z,,0.6032,,,,,,
2026-08-28T14:27:54Z,,0.60353,,,,,,
2026-08-28T14:38:28Z,1140,,12.9,100,11.27,19.7,67.4,11.44
2026-08-28T15:27:53Z,,0.60386,,,,,,
2026-08-28T16:27:53Z,,0.60418,,,,,,
2026-08-28T16:39:08Z,960,,12.9,100,11.27,18.3,77.4,12.1
2026-08-28T17:27:53Z,,0.60451,,,,,,
2026-08-28T18:27:53Z,,0.60484,,,,,,
2026-08-28T18:38:59Z,675,,12.9,100,11.27,16.6,91.9,12.98
2026-08-28T19:27:53Z,,0.60517,,,,,,
2026-08-28T20:27:54Z,,0.60549,,,,,,
2026-08-28T20:39:34Z,765,,12.9,100,11.27,15.8,92.7,12.47
2026-08-28T21:27:53Z,,0.60582,,,,,,
2026-08-28T22:27:53Z,,0.60615,,,,,,
2026-08-28T22:39:34Z,720,,12.9,100,11.27,15.4,97.2,12.77
2026-08-28T23:27:53Z,,0.60647,,,,,,
2026-08-29T00:27:53Z,,0.6068,,,,,,
2026-08-29T00:39:06Z,720,,12.8,100,11.2,14.8,99.6,12.61
2026-08-29T01:27:53Z,,0.60713,,,,,,
2026-08-29T02:27:53Z,,0.60745,,,,,,
2026-08-29T02:38:33Z,840,,12.8,100,11.2,14.2,100,12.21
2026-08-29T03:27:53Z,,0.60778,,,,,,
2026-08-29T04:27:53Z,,0.6081,,,,,,
2026-08-29T04:37:48Z,795,,12.8,100,11.2,14.5,100,12.43
2026-08-29T05:27:53Z,,0.60843,,,,,,
2026-08-29T06:27:53Z,,0.60875,,,,,,
2026-08-29T06:38:28Z,885,,12.9,100,11.27,17.7,80.6,12.16
2026-08-29T07:27:53Z,,0.60908,,,,,,
2026-08-29T08:27:53Z,,0.60941,,,,,,
2026-08-29T08:39:16Z,1095,,12.9,100,11.27,18.1,74.2,11.46
2026-08-29T09:27:53Z,,0.60973,,,,,,
2026-08-29T10:27:53Z,,0.61006,,,,,,
2026-08-29T10:38:39Z,1080,,12.9,100,11.27,19.1,70.6,11.57
2026-08-29T11:27:53Z,,0.61039,,,,,,
2026-08-29T12:27:53Z,,0.61071,,,,,,
2026-08-29T12:38:58Z,1005,,12.9,100,11.27,19,72.8,11.86
2026-08-29T13:27:53Z,,0.61104,,,,,,
2026-08-29T14:27:54Z,,0.61137,,,,,,
2026-08-29T14:38:25Z,975,,13,100,11.34,18.7,75,12.0
2026-08-29T15:27:53Z,,0.6117,,,,,,
2026-08-29T16:27:53Z,,0.61203,,,,,,
2026-08-29T16:38:59Z,900,,12.9,100,11.27,18,79.1,12.15
2026-08-29T17:27:53Z,,0.61235,,,,,,
2026-08-29T18:27:53Z,,0.61268,,,,,,
2026-08-29T18:38:50Z,1095,,12.9,100,11.27,17.7,76.3,11.51
2026-08-29T19:27:53Z,,0.61301,,,,,,
2026-08-29T20:27:53Z,,0.61333,,,,,,
2026-08-29T20:38:12Z,1005,,12.9,100,11.27,17.3,80.5,11.85
2026-08-29T21:27:53Z,,0.61366,,,,,,
2026-08-29T22:27:53Z,,0.61399,,,,,,
2026-08-29T22:38:36Z,930,,12.9,100,11.27,16.9,84.7,12.18
2026-08-29T23:27:53Z,,0.61431,,,,,,
2026-08-30T00:27:53Z,,0.61464,,,,,,
2026-08-30T00:38:02Z,660,,12.9,100,11.27,15.3,100,13.05
2026-08-30T01:27:53Z,,0.61497,,,,,,
2026-08-30T02:27:53Z,,0.6153,,,,,,
2026-08-30T02:37:10Z,660,,12.9,100,11.27,15.3,100,13.05
2026-08-30T03:27:53Z,,0.61562,,,,,,
2026-08-30T04:27:53Z,,0.61595,,,,,,
2026-08-30T04:37:49Z,630,,12.9,100,11.27,15.4,100,13.13
2026-08-30T05:27:53Z,,0.61628,,,,,,
2026-08-30T06:27:53Z,,0.6166,,,,,,
2026-08-30T06:38:05Z,570,,13,100,11.34,15.9,100,13.54
2026-08-30T07:27:53Z,,0.61693,,,,,,
2026-08-30T08:27:53Z,,0.61726,,,,,,
2026-08-30T08:38:16Z,480,,13,100,11.34,16.6,100,14.12
2026-08-30T09:27:53Z,,0.61759,,,,,,
2026-08-30T10:27:53Z,,0.61792,,,,,,
2026-08-30T10:38:03Z,480,,13,100,11.34,18,95.9,14.72
2026-08-30T11:27:53Z,,0.61825,,,,,,
2026-08-30T12:27:53Z,,0.61858,,,,,,
2026-08-30T12:38:34Z,480,,13,100,11.34,18.5,86.4,13.67
2026-08-30T13:27:53Z,,0.6189,,,,,,
2026-08-30T14:27:53Z,,0.61923,,,,,,
2026-08-30T14:38:34Z,480,,13,100,11.34,19.2,83.9,13.83
2026-08-30T15:27:53Z,,0.61956,,,,,,
2026-08-30T16:27:53Z,,0.61989,,,,,,
2026-08-30T16:38:54Z,510,,13,100,11.34,17.7,90.1,13.59
2026-08-30T17:27:53Z,,0.62022,,,,,,
2026-08-30T18:27:53Z,,0.62055,,,,,,
2026-08-30T18:39:00Z,630,,12.9,100,11.27,15.8,96.8,13.02
2026-08-30T19:27:53Z,,0.62088,,,,,,
2026-08-30T20:27:53Z,,0.6212,,,,,,
2026-08-30T20:38:58Z,615,,13,100,11.34,15.6,100,13.29
2026-08-30T21:27:53Z,,0.62153,,,,,,
2026-08-30T22:27:53Z,,0.62186,,,,,,
2026-08-30T22:38:24Z,555,,13,100,11.34,15.9,100,13.54
2026-08-30T23:27:53Z,,0.62219,,,,,,
2026-08-31T00:27:53Z,,0.62252,,,,,,
2026-08-31T00:37:53Z,540,,13,100,11.34,16,100,13.62
2026-08-31T01:27:53Z,,0.62285,,,,,,
2026-08-31T02:27:53Z,,0.62317,,,,,,
2026-08-31T02:38:22Z,510,,13,100,11.34,16.1,100,13.7
2026-08-31T03:27:53Z,,0.6235,,,,,,
2026-08-31T04:27:53Z,,0.62383,,,,,,
2026-08-31T04:38:45Z,525,,13,100,11.34,16,100,13.62
2026-08-31T05:27:53Z,,0.62416,,,,,,
2026-08-31T06:27:53Z,,0.62449,,,,,,
2026-08-31T06:39:25Z,525,,13,100,11.34,16.1,100,13.7
2026-08-31T07:27:53Z,,0.62482,,,,,,
2026-08-31T08:27:53Z,,0.62515,,,,,,
2026-08-31T08:39:26Z,480,,13,100,11.34,16.3,100,13.87
2026-08-31T09:27:53Z,,0.62548,,,,,,
2026-08-31T10:27:54Z,,0.6258,,,,,,
2026-08-31T10:38:46Z,480,,13,100,11.34,17.6,100,14.99
2026-08-31T11:27:54Z,,0.62613,,,,,,
2026-08-31T12:27:54Z,,0.62646,,,,,,
2026-08-31T12:39:25Z,480,,13,100,11.34,18.3,99.7,15.58
2026-08-31T13:27:53Z,,0.62679,,,,,,
2026-08-31T14:27:53Z,,0.62712,,,,,,
2026-08-31T14:40:14Z,480,,13,100,11.34,18,99.7,15.31
2026-08-31T15:27:53Z,,0.62745,,,,,,
2026-08-31T16:27:53Z,,0.62778,,,,,,
2026-08-31T16:40:33Z,480,,13,100,11.34,17,100,14.46
2026-08-31T17:27:53Z,,0.6281,,,,,,
2026-08-31T18:27:53Z,,0.62843,,,,,,
2026-08-31T18:41:10Z,510,,13,100,11.34,16,100,13.62
2026-08-31T19:27:53Z,,0.62876,,,,,,
2026-08-31T20:27:53Z,,0.62909,,,,,,
2026-08-31T20:41:49Z,600,,13,100,11.34,15.6,100,13.29
2026-08-31T21:27:53Z,,0.62942,,,,,,
2026-08-31T22:27:52Z,,0.62975,,,,,,
2026-08-31T22:42:08Z,705,,12.9,100,11.27,15,100,12.82
2026-08-31T23:27:54Z,,0.63008,,,,,,
2026-09-01T00:27:53Z,,0.6304,,,,,,
2026-09-01T00:41:45Z,840,,12.9,100,11.27,14.4,100,12.36
2026-09-01T01:27:53Z,,0.63073,,,,,,
2026-09-01T02:27:53Z,,0.63106,,,,,,
2026-09-01T02:41:45Z,975,,12.9,100,11.27,13.7,100,11.84
2026-09-01T03:27:54Z,,0.63138,,,,,,
2026-09-01T04:27:53Z,,0.63171,,,,,,
2026-09-01T04:41:38Z,795,,12.9,100,11.27,14.6,100,12.51
2026-09-01T05:27:53Z,,0.63204,,,,,,
2026-09-01T06:27:53Z,,0.63236,,,,,,
2026-09-01T06:41:51Z,480,,12.9,100,11.27,16.7,99.8,14.18
2026-09-01T07:27:53Z,,0.63269,,,,,,
2026-09-01T08:27:54Z,,0.63302,,,,,,
2026-09-01T08:41:02Z,690,,13,100,11.34,18.5,85.7,13.56
2026-09-01T09:27:53Z,,0.63335,,,,,,
2026-09-01T10:27:53Z,,0.63368,,,,,,
2026-09-01T10:40:30Z,960,,13,100,11.34,18.7,79.7,12.76
2026-09-01T11:27:53Z,,0.634,,,,,,
2026-09-01T12:27:53Z,,0.63433,,,,,,
2026-09-01T12:41:00Z,750,,13,100,11.34,19.2,81.1,13.37
2026-09-01T13:27:53Z,,0.63466,,,,,,
2026-09-01T14:27:53Z,,0.63499,,,,,,
2026-09-01T14:41:11Z,750,,13,100,11.34,19.1,81.1,13.29
2026-09-01T15:27:53Z,,0.63532,,,,,,
2026-09-01T16:27:53Z,,0.63565,,,,,,
2026-09-01T16:41:09Z,645,,13,100,11.34,18.5,87.4,13.82
2026-09-01T17:27:53Z,,0.63598,,,,,,
2026-09-01T18:27:53Z,,0.6363,,,,,,
2026-09-01T18:40:42Z,960,,13,100,11.34,15.7,95.5,12.77
2026-09-01T19:27:55Z,,0.63663,,,,,,
2026-09-01T20:27:53Z,,0.63696,,,,,,
2026-09-01T20:40:53Z,1215,,12.9,100,11.27,13.9,100,11.98
2026-09-01T21:27:53Z,,0.63729,,,,,,
2026-09-01T22:27:53Z,,0.63762,,,,,,
2026-09-01T22:41:29Z,1485,,12.8,100,11.2,12.8,100,11.2
2026-09-01T23:27:53Z,,0.63794,,,,,,
2026-09-02T00:27:53Z,,0.63827,,,,,,
2026-09-02T00:41:23Z,1860,,12.7,100,11.13,11.5,100,10.33
2026-09-02T01:27:53Z,,0.63859,,,,,,
2026-09-02T02:27:53Z,,0.63891,,,,,,
2026-09-02T02:41:43Z,1950,,12.7,100,11.13,11.2,100,10.13
2026-09-02T03:27:53Z,,0.63924,,,,,,
2026-09-02T04:27:53Z,,0.63956,,,,,,
2026-09-02T04:40:56Z,1770,,12.7,100,11.13,11.9,100,10.59
2026-09-02T05:27:53Z,,0.63988,,,,,,
2026-09-02T06:27:53Z,,0.64021,,,,,,
2026-09-02T06:40:39Z,1785,,12.6,100,11.06,11.7,100,10.46
2026-09-02T07:27:53Z,,0.64053,,,,,,
2026-09-02T08:27:53Z,,0.64085,,,,,,
2026-09-02T08:41:02Z,1335,,12.7,100,11.13,18.3,73.9,11.55
2026-09-02T09:27:54Z,,0.64117,,,,,,
2026-09-02T10:27:53Z,,0.6415,,,,,,
2026-09-02T10:41:34Z,1890,,12.8,100,11.2,18.2,66.8,10.38
2026-09-02T11:27:53Z,,0.64182,,,,,,
2026-09-02T12:27:53Z,,0.64215,,,,,,
2026-09-02T12:42:24Z,1860,,13,100,11.34,18.9,65,10.53
2026-09-02T13:27:53Z,,0.64248,,,,,,
2026-09-02T14:27:53Z,,0.64281,,,,,,
2026-09-02T14:42:39Z,1620,,13,100,11.34,19.2,67.4,11.11
2026-09-02T15:27:55Z,,0.64313,,,,,,
2026-09-02T16:27:53Z,,0.64346,,,,,,
2026-09-02T16:42:33Z,1455,,13,100,11.34,18.3,73.6,11.5
2026-09-02T17:27:53Z,,0.64379,,,,,,
2026-09-02T18:27:53Z,,0.64412,,,,,,
2026-09-02T18:42:55Z,1215,,13,100,11.34,15.2,93.1,12.08
2026-09-02T19:27:53Z,,0.64445,,,,,,
2026-09-02T20:27:53Z,,0.64478,,,,,,
2026-09-02T20:43:46Z,1410,,12.9,100,11.27,13.8,96.7,11.52
2026-09-02T21:27:53Z,,0.64511,,,,,,
2026-09-02T22:27:53Z,,0.64543,,,,,,
2026-09-02T22:43:10Z,1770,,12.7,100,11.13,12.2,98,10.57
2026-09-02T23:27:53Z,,0.64576,,,,,,
2026-09-03T00:27:53Z,,0.64608,,,,,,
2026-09-03T00:42:11Z,1770,,12.6,100,11.06,11.8,100,10.52
2026-09-03T01:27:53Z,,0.6464,,,,,,
2026-09-03T02:27:53Z,,0.64672,,,,,,
2026-09-03T02:42:17Z,1320,,12.7,100,11.13,13.4,100,11.62
2026-09-03T03:27:53Z,,0.64705,,,,,,
2026-09-03T04:27:54Z,,0.64737,,,,,,
2026-09-03T04:41:55Z,1125,,12.8,100,11.2,14.2,99.6,12.16
2026-09-03T05:27:53Z,,0.64769,,,,,,
2026-09-03T06:27:53Z,,0.64802,,,,,,
2026-09-03T06:41:30Z,1095,,12.8,100,11.2,16.7,86.1,12.23
2026-09-03T07:27:53Z,,0.64835,,,,,,
2026-09-03T08:27:53Z,,0.64867,,,,,,
2026-09-03T08:41:38Z,2070,,12.9,100,11.27,20.1,57.7,10.03
2026-09-03T09:27:55Z,,0.649,,,,,,
2026-09-03T10:27:53Z,,0.64932,,,,,,
2026-09-03T10:41:43Z,2445,,12.9,100,11.27,19.1,56,9.18
2026-09-03T11:27:53Z,,0.64965,,,,,,
2026-09-03T12:27:53Z,,0.64998,,,,,,
2026-09-03T12:41:40Z,2550,,13,100,11.34,18.1,52.7,8.14
2026-09-03T13:27:54Z,,0.65031,,,,,,
2026-09-03T14:27:53Z,,0.65064,,,,,,
2026-09-03T14:41:27Z,2265,,13,100,11.34,17,66.5,9.62
2026-09-03T15:27:53Z,,0.65096,,,,,,
2026-09-03T16:27:53Z,,0.65129,,,,,,
2026-09-03T16:41:06Z,2310,,13,100,11.34,15.1,73.5,9.48
2026-09-03T17:27:53Z,,0.65162,,,,,,
2026-09-03T18:27:53Z,,0.65195,,,,,,
2026-09-03T18:41:28Z,2535,,12.8,98.7,11.05,12.2,80.4,8.67
2026-09-03T19:27:53Z,,0.65222,,,,,,
2026-09-03T20:27:53Z,,0.65249,,,,,,
2026-09-03T20:41:56Z,2565,,12.5,99.4,10.92,9.8,87.4,8.11
2026-09-03T21:27:53Z,,0.65279,,,,,,
2026-09-03T22:27:53Z,,0.65308,,,,,,
2026-09-03T22:42:08Z,2550,,12.3,99,10.75,7.9,93.5,7.68
2026-09-03T23:27:53Z,,0.65336,,,,,,
2026-09-04T00:27:52Z,,0.65363,,,,,,
2026-09-04T00:42:16Z,2550,,12.3,98.4,10.68,7,96.4,7.47
2026-09-04T01:27:52Z,,0.65388,,,,,,
2026-09-04T02:27:53Z,,0.65414,,,,,,
2026-09-04T02:43:05Z,2565,,12.2,97.9,10.56,7.4,100,7.95
2026-09-04T03:27:53Z,,0.65437,,,,,,
2026-09-04T04:27:53Z,,0.6546,,,,,,
2026-09-04T04:43:51Z,2520,,12.2,97.9,10.56,8.2,100,8.37
2026-09-04T05:27:53Z,,0.65484,,,,,,
2026-09-04T06:27:53Z,,0.65507,,,,,,
2026-09-04T06:44:01Z,1335,,12.3,99.3,10.78,13.2,97.5,11.19
2026-09-04T07:27:53Z,,0.65536,,,,,,
2026-09-04T08:27:53Z,,0.65565,,,,,,
2026-09-04T08:44:25Z,1215,,12.6,100,11.06,18.7,73.5,11.76
2026-09-04T09:27:53Z,,0.65597,,,,,,
2026-09-04T10:27:53Z,,0.65629,,,,,,
2026-09-04T10:45:06Z,2580,,12.7,98.4,10.95,17.7,54.9,8.28
2026-09-04T11:27:53Z,,0.65655,,,,,,
2026-09-04T12:27:53Z,,0.65681,,,,,,
2026-09-04T12:45:12Z,2160,,12.8,94.4,10.57,16.7,65,9.23
2026-09-04T13:27:53Z,,0.65695,,,,,,
2026-09-04T14:27:53Z,,0.65709,,,,,,
2026-09-04T14:45:56Z,1800,,12.8,97.6,10.93,15.4,78.7,10.34
2026-09-04T15:27:54Z,,0.65733,,,,,,
2026-09-04T16:27:53Z,,0.65756,,,,,,
2026-09-04T16:45:52Z,1935,,12.8,98.7,11.05,14.6,81,10.13
2026-09-04T17:27:53Z,,0.65783,,,,,,
2026-09-04T18:27:53Z,,0.6581,,,,,,
2026-09-04T18:46:10Z,2175,,12.6,99.6,11.01,12.1,88.8,9.52
2026-09-04T19:27:53Z,,0.6584,,,,,,
2026-09-04T20:27:53Z,,0.65871,,,,,,
2026-09-04T20:45:22Z,2385,,12.5,99.6,10.95,10.2,94.6,9.0
2026-09-04T21:27:53Z,,0.65901,,,,,,
2026-09-04T22:27:53Z,,0.65931,,,,,,
2026-09-04T22:45:02Z,2460,,12.4,99.2,10.83,9.3,97.3,8.74
2026-09-04T23:27:53Z,,0.6596,,,,,,
2026-09-05T00:27:53Z,,0.65988,,,,,,
2026-09-05T00:45:42Z,2565,,12.3,98.1,10.65,7.6,98.7,7.95
2026-09-05T01:27:53Z,,0.66012,,,,,,
2026-09-05T02:27:53Z,,0.66037,,,,,,
2026-09-05T02:46:24Z,2565,,12.1,97.1,10.41,6.2,100,7.35
2026-09-05T03:27:53Z,,0.66057,,,,,,
2026-09-05T04:27:53Z,,0.66078,,,,,,
2026-09-05T04:46:03Z,2550,,12.1,96.1,10.3,6.6,99.7,7.53
2026-09-05T05:27:53Z,,0.66096,,,,,,
2026-09-05T06:27:53Z,,0.66114,,,,,,
2026-09-05T06:45:37Z,1485,,12.2,96.9,10.45,13.9,87.7,10.51
2026-09-05T07:27:53Z,,0.66134,,,,,,
2026-09-05T08:27:53Z,,0.66155,,,,,,
2026-09-05T08:46:04Z,1320,,12.3,98.1,10.65,17,76.7,11.09
2026-09-05T09:27:53Z,,0.66179,,,,,,
2026-09-05T10:27:53Z,,0.66203,,,,,,
2026-09-05T10:45:52Z,1395,,12.6,97.1,10.74,17.2,74.5,10.91
2026-09-05T11:27:53Z,,0.66224,,,,,,
2026-09-05T12:27:53Z,,0.66246,,,,,,
2026-09-05T12:45:58Z,1575,,12.7,98.8,10.99,15.9,79.7,10.79
2026-09-05T13:27:53Z,,0.66273,,,,,,
2026-09-05T14:27:53Z,,0.663,,,,,,
2026-09-05T14:46:40Z,2100,,12.8,95.7,10.72,16.2,68.5,9.44
2026-09-05T15:27:52Z,,0.66318,,,,,,
2026-09-05T16:27:53Z,,0.66335,,,,,,
2026-09-05T16:47:22Z,2025,,12.8,95.6,10.7,14.7,76.3,9.6
2026-09-05T17:27:53Z,,0.66353,,,,,,
2026-09-05T18:27:53Z,,0.6637,,,,,,
2026-09-05T18:47:05Z,2085,,12.6,97.7,10.8,13,84.4,9.57
2026-09-05T19:27:53Z,,0.66393,,,,,,
2026-09-05T20:27:53Z,,0.66416,,,,,,
2026-09-05T20:47:27Z,2205,,12.5,98.3,10.8,11.1,92.6,9.32
2026-09-05T21:27:53Z,,0.66442,,,,,,
2026-09-05T22:27:53Z,,0.66467,,,,,,
2026-09-05T22:48:07Z,2385,,12.4,98.4,10.75,9.4,98,8.86
2026-09-05T23:27:53Z,,0.66492,,,,,,
2026-09-06T00:27:53Z,,0.66518,,,,,,
2026-09-06T00:47:46Z,2535,,12.3,97.8,10.62,8.2,100,8.37
2026-09-06T01:27:53Z,,0.66541,,,,,,
2026-09-06T02:27:53Z,,0.66564,,,,,,
2026-09-06T02:47:39Z,2520,,12.2,97.5,10.52,8.2,100,8.37
2026-09-06T03:27:53Z,,0.66586,,,,,,
2026-09-06T04:27:53Z,,0.66608,,,,,,
2026-09-06T04:47:35Z,2325,,12.2,96.8,10.44,9,99.2,8.74
2026-09-06T05:27:53Z,,0.66628,,,,,,
2026-09-06T06:27:53Z,,0.66648,,,,,,
2026-09-06T06:47:22Z,2370,,12.2,95.1,10.26,14.1,69.7,8.46
2026-09-06T07:27:53Z,,0.66664,,,,,,
2026-09-06T08:27:53Z,,0.66679,,,,,,
2026-09-06T08:47:33Z,2565,,12.3,92,9.99,16.9,53.6,7.71
2026-09-06T09:27:53Z,,0.66689,,,,,,
2026-09-06T10:27:53Z,,0.66698,,,,,,
2026-09-06T10:47:22Z,2550,,12.4,89.6,9.79,14.8,53.8,6.81
2026-09-06T11:27:53Z,,0.66704,,,,,,
2026-09-06T12:27:53Z,,0.66709,,,,,,
2026-09-06T12:47:01Z,2565,,12.5,87.6,9.63,14.6,53,6.63
2026-09-06T13:27:52Z,,0.66711,,,,,,
2026-09-06T14:27:53Z,,0.66712,,,,,,
2026-09-06T14:46:49Z,2550,,12.7,85,9.46,14.8,50.4,6.38
2026-09-06T15:27:52Z,,0.66712,,,,,,
2026-09-06T16:27:53Z,,0.66712,,,,,,
2026-09-06T16:47:37Z,2550,,12.7,83.9,9.34,13.4,57.3,6.66
2026-09-06T17:27:53Z,,0.66679,,,,,,
2026-09-06T18:27:52Z,,0.66646,,,,,,
2026-09-06T18:47:28Z,2550,,12.3,89.7,9.74,9.4,71.4,6.46
2026-09-06T19:27:53Z,,0.66652,,,,,,
2026-09-06T20:27:53Z,,0.66657,,,,,,
2026-09-06T20:47:39Z,2535,,12.2,91,9.82,7.9,82.5,6.78
2026-09-06T21:27:53Z,,0.66665,,,,,,
2026-09-06T22:27:53Z,,0.66673,,,,,,
2026-09-06T22:47:59Z,2535,,12.1,91.1,9.77,5.9,86.2,6.22
2026-09-06T23:27:53Z,,0.66681,,,,,,
2026-09-07T00:27:52Z,,0.66689,,,,,,
2026-09-07T00:48:14Z,2550,,12,90.5,9.64,4.8,90.7,6.08
2026-09-07T01:27:53Z,,0.66696,,,,,,
2026-09-07T02:27:53Z,,0.66703,,,,,,
2026-09-07T02:48:31Z,2535,,11.9,90.4,9.57,3.9,93.8,5.93
2026-09-07T03:27:53Z,,0.66709,,,,,,
2026-09-07T04:27:53Z,,0.66716,,,,,,
2026-09-07T04:48:58Z,2550,,11.8,89.9,9.46,5.6,90.5,6.4
2026-09-07T05:27:53Z,,0.66722,,,,,,
2026-09-07T06:27:54Z,,0.66728,,,,,,
2026-09-07T06:49:14Z,2535,,12,89.7,9.56,15.3,57.8,7.54
2026-09-07T07:27:53Z,,0.66734,,,,,,
2026-09-07T08:27:53Z,,0.66739,,,,,,
2026-09-07T08:49:25Z,2550,,12.1,88.5,9.49,15.4,54.2,7.12
2026-09-07T09:27:53Z,,0.66743,,,,,,
2026-09-07T10:27:53Z,,0.66746,,,,,,
2026-09-07T10:49:27Z,2550,,12.4,88.3,9.64,15.4,54.8,7.2
2026-09-07T11:27:53Z,,0.6675,,,,,,
2026-09-07T12:27:53Z,,0.66753,,,,,,
2026-09-07T12:48:43Z,2100,,12.5,90.2,9.91,15.1,68,8.77
2026-09-07T13:27:53Z,,0.66759,,,,,,
2026-09-07T14:27:53Z,,0.66766,,,,,,
2026-09-07T14:48:30Z,1395,,12.6,93.4,10.33,15.8,79,10.63
2026-09-07T15:27:53Z,,0.66778,,,,,,
2026-09-07T16:27:53Z,,0.6679,,,,,,
2026-09-07T16:49:09Z,1170,,12.6,95.9,10.61,15.1,89,11.48
2026-09-07T17:27:53Z,,0.66808,,,,,,
2026-09-07T18:27:53Z,,0.66826,,,,,,
2026-09-07T18:48:23Z,1170,,12.6,97.4,10.77,14.7,92.8,11.68
2026-09-07T19:27:53Z,,0.66848,,,,,,
2026-09-07T20:27:53Z,,0.66871,,,,,,
2026-09-07T20:48:01Z,1095,,12.6,99.7,11.03,14.1,100,12.13
2026-09-07T21:27:53Z,,0.66902,,,,,,
2026-09-07T22:27:53Z,,0.66932,,,,,,
2026-09-07T22:48:22Z,1080,,12.7,100,11.13,14.2,100,12.21
2026-09-07T23:27:52Z,,0.66965,,,,,,
2026-09-08T00:27:53Z,,0.66997,,,,,,
2026-09-08T00:47:58Z,1035,,12.7,100,11.13,14.4,100,12.36
2026-09-08T01:27:54Z,,0.67029,,,,,,
2026-09-08T02:27:53Z,,0.67062,,,,,,
2026-09-08T02:47:41Z,1005,,12.7,100,11.13,14.5,100,12.43
2026-09-08T03:27:53Z,,0.67094,,,,,,
2026-09-08T04:27:53Z,,0.67126,,,,,,
2026-09-08T04:47:35Z,1005,,12.7,100,11.13,14.5,100,12.43
2026-09-08T05:27:53Z,,0.67159,,,,,,
2026-09-08T06:27:53Z,,0.67191,,,,,,
2026-09-08T06:46:59Z,990,,12.7,100,11.13,14.7,100,12.59
2026-09-08T07:27:53Z,,0.67224,,,,,,
2026-09-08T08:27:53Z,,0.67256,,,,,,
2026-09-08T08:47:33Z,960,,12.7,100,11.13,14.8,100,12.66
2026-09-08T09:27:53Z,,0.67288,,,,,,
2026-09-08T10:27:53Z,,0.67321,,,,,,
2026-09-08T10:47:25Z,870,,12.8,100,11.2,15.1,100,12.9
2026-09-08T11:27:52Z,,0.67353,,,,,,
2026-09-08T12:27:53Z,,0.67386,,,,,,
2026-09-08T12:47:58Z,855,,12.8,100,11.2,15.7,96.1,12.85
2026-09-08T13:27:53Z,,0.67418,,,,,,
2026-09-08T14:27:53Z,,0.67451,,,,,,
2026-09-08T14:47:31Z,1020,,12.8,100,11.2,15.9,91.3,12.36
2026-09-08T15:27:53Z,,0.67483,,,,,,
2026-09-08T16:27:53Z,,0.67516,,,,,,
2026-09-08T16:47:12Z,960,,12.8,100,11.2,15.3,97.3,12.7
2026-09-08T17:27:53Z,,0.67548,,,,,,
2026-09-08T18:27:52Z,,0.67581,,,,,,
2026-09-08T18:46:29Z,960,,12.8,100,11.2,15.6,95.4,12.68
2026-09-08T19:27:52Z,,0.67613,,,,,,
2026-09-08T20:27:53Z,,0.67646,,,,,,
2026-09-08T20:47:23Z,810,,12.8,100,11.2,15.3,100,13.05
2026-09-08T21:27:53Z,,0.67678,,,,,,
2026-09-08T22:27:53Z,,0.67711,,,,,,
2026-09-08T22:46:50Z,870,,12.8,100,11.2,15,100,12.82
2026-09-08T23:27:53Z,,0.67743,,,,,,
2026-09-09T00:27:53Z,,0.67776,,,,,,
2026-09-09T00:46:28Z,960,,12.8,100,11.2,14.7,100,12.59
2026-09-09T01:27:53Z,,0.67808,,,,,,
2026-09-09T02:27:53Z,,0.67841,,,,,,
2026-09-09T02:46:55Z,930,,12.8,100,11.2,14.9,100,12.74
2026-09-09T03:27:53Z,,0.67873,,,,,,
2026-09-09T04:27:53Z,,0.67906,,,,,,
2026-09-09T04:47:17Z,870,,12.8,100,11.2,15.1,100,12.9
2026-09-09T05:27:53Z,,0.67938,,,,,,
2026-09-09T06:27:53Z,,0.67971,,,,,,
2026-09-09T06:47:36Z,645,,12.8,100,11.2,16.1,100,13.7
2026-09-09T07:27:53Z,,0.68003,,,,,,
2026-09-09T08:27:53Z,,0.68036,,,,,,
2026-09-09T08:47:20Z,630,,12.8,100,11.2,17.2,93.5,13.69
2026-09-09T09:27:53Z,,0.68068,,,,,,
2026-09-09T10:27:53Z,,0.68101,,,,,,
2026-09-09T10:48:01Z,885,,12.8,100,11.2,16.7,90.4,12.84
2026-09-09T11:27:53Z,,0.68134,,,,,,
2026-09-09T12:27:53Z,,0.68166,,,,,,
2026-09-09T12:47:57Z,810,,12.9,100,11.27,15.4,100,13.13
2026-09-09T13:27:53Z,,0.68199,,,,,,
2026-09-09T14:27:53Z,,0.68231,,,,,,
2026-09-09T14:47:28Z,870,,12.8,100,11.2,15.1,100,12.9
2026-09-09T15:27:53Z,,0.68264,,,,,,
2026-09-09T16:27:53Z,,0.68296,,,,,,
2026-09-09T16:46:50Z,945,,12.9,100,11.27,14.9,100,12.74
2026-09-09T17:27:53Z,,0.68329,,,,,,
2026-09-09T18:27:53Z,,0.68362,,,,,,
2026-09-09T18:46:30Z,1020,,12.8,100,11.2,14.5,100,12.43
2026-09-09T19:27:53Z,,0.68394,,,,,,
2026-09-09T20:27:53Z,,0.68427,,,,,,
2026-09-09T20:46:37Z,1080,,12.8,100,11.2,14.3,100,12.28
2026-09-09T21:27:53Z,,0.68459,,,,,,
2026-09-09T22:27:53Z,,0.68492,,,,,,
2026-09-09T22:45:55Z,1260,,12.8,100,11.2,13.7,100,11.84
2026-09-09T23:27:53Z,,0.68524,,,,,,
2026-09-10T00:27:53Z,,0.68557,,,,,,
2026-09-10T00:45:37Z,1380,,12.8,100,11.2,13.3,100,11.55
2026-09-10T01:27:53Z,,0.68589,,,,,,
2026-09-10T02:27:53Z,,0.68622,,,,,,
2026-09-10T02:45:04Z,1410,,12.8,100,11.2,13.2,100,11.48
2026-09-10T03:27:53Z,,0.68655,,,,,,
2026-09-10T04:27:53Z,,0.68687,,,,,,
2026-09-10T04:45:12Z,1395,,12.7,100,11.13,13.1,100,11.41
2026-09-10T05:27:53Z,,0.68719,,,,,,
2026-09-10T06:27:53Z,,0.68752,,,,,,
2026-09-10T06:46:06Z,945,,12.7,100,11.13,14.8,100,12.66
2026-09-10T07:27:53Z,,0.68784,,,,,,
2026-09-10T08:27:53Z,,0.68816,,,,,,
2026-09-10T08:46:05Z,930,,12.8,100,11.2,16.9,89.2,12.82
2026-09-10T09:27:53Z,,0.68849,,,,,,
2026-09-10T10:27:54Z,,0.68881,,,,,,
2026-09-10T10:45:37Z,1440,,12.9,100,11.27,18.5,72.1,11.4
2026-09-10T11:27:53Z,,0.68914,,,,,,
2026-09-10T12:27:53Z,,0.68947,,,,,,
2026-09-10T12:44:59Z,1245,,12.9,100,11.27,17.5,80.1,11.94
2026-09-10T13:27:53Z,,0.6898,,,,,,
2026-09-10T14:27:53Z,,0.69012,,,,,,
2026-09-10T14:45:20Z,1245,,12.9,100,11.27,16.8,83.3,11.91
2026-09-10T15:27:53Z,,0.69045,,,,,,
2026-09-10T16:27:54Z,,0.69078,,,,,,
2026-09-10T16:44:45Z,1305,,12.9,100,11.27,14.9,91.9,11.71
2026-09-10T17:27:53Z,,0.6911,,,,,,
2026-09-10T18:27:53Z,,0.69143,,,,,,
2026-09-10T18:44:27Z,1605,,12.7,100,11.13,12.6,98.3,10.87
2026-09-10T19:27:54Z,,0.69175,,,,,,
2026-09-10T20:27:53Z,,0.69208,,,,,,
2026-09-10T20:44:23Z,1665,,12.7,100,11.13,12,100,10.65
2026-09-10T21:27:53Z,,0.6924,,,,,,
2026-09-10T22:27:53Z,,0.69272,,,,,,
2026-09-10T22:43:35Z,1890,,12.6,100,11.06,11.3,100,10.2
2026-09-10T23:27:53Z,,0.69305,,,,,,
2026-09-11T00:27:53Z,,0.69337,,,,,,
2026-09-11T00:42:56Z,2190,,12.5,100,10.99,10.2,100,9.51
2026-09-11T01:27:53Z,,0.69369,,,,,,
2026-09-11T02:27:53Z,,0.69401,,,,,,
2026-09-11T02:42:57Z,2520,,12.3,100,10.85,8.6,100,8.59
2026-09-11T03:27:53Z,,0.69432,,,,,,
2026-09-11T04:27:53Z,,0.69464,,,,,,
2026-09-11T04:43:28Z,2550,,12.3,100,10.85,8.3,100,8.43
2026-09-11T05:27:53Z,,0.69496,,,,,,
2026-09-11T06:27:54Z,,0.69527,,,,,,
2026-09-11T06:43:39Z,1710,,12.2,99.4,10.72,13.4,88.6,10.3
2026-09-11T07:27:53Z,,0.69556,,,,,,
2026-09-11T08:27:53Z,,0.69585,,,,,,
2026-09-11T08:44:25Z,2250,,12.4,97.6,10.66,17.5,60.9,9.08
2026-09-11T09:27:53Z,,0.69608,,,,,,
2026-09-11T10:27:53Z,,0.6963,,,,,,
2026-09-11T10:44:18Z,2550,,12.6,93.9,10.38,16.1,57,7.81
2026-09-11T11:27:53Z,,0.69644,,,,,,
2026-09-11T12:27:53Z,,0.69657,,,,,,
2026-09-11T12:43:53Z,2505,,12.7,92.4,10.28,16.4,58.9,8.22
2026-09-11T13:27:53Z,,0.69667,,,,,,
2026-09-11T14:27:53Z,,0.69678,,,,,,
2026-09-11T14:44:29Z,2265,,12.8,92.9,10.4,16.1,64.1,8.78
2026-09-11T15:27:53Z,,0.69689,,,,,,
2026-09-11T16:27:52Z,,0.697,,,,,,
2026-09-11T16:43:44Z,2370,,12.8,92.6,10.37,14.1,70.5,8.55
2026-09-11T17:27:53Z,,0.69711,,,,,,
2026-09-11T18:27:53Z,,0.69722,,,,,,
2026-09-11T18:43:13Z,2550,,12.4,96.2,10.51,10.7,82.5,8.1
2026-09-11T19:27:52Z,,0.6974,,,,,,
2026-09-11T20:27:53Z,,0.69759,,,,,,
2026-09-11T20:42:38Z,2535,,12.3,96.3,10.45,8.8,88.4,7.69
2026-09-11T21:27:53Z,,0.69777,,,,,,
2026-09-11T22:27:52Z,,0.69796,,,,,,
2026-09-11T22:42:27Z,2550,,12.2,95.9,10.34,6.9,93.3,7.18
2026-09-11T23:27:53Z,,0.69814,,,,,,
2026-09-12T00:27:53Z,,0.69831,,,,,,
2026-09-12T00:42:25Z,2535,,12,95,10.12,5.2,96.7,6.66
2026-09-12T01:27:53Z,,0.69846,,,,,,
2026-09-12T02:27:53Z,,0.69861,,,,,,
2026-09-12T02:43:19Z,2550,,11.9,94,9.95,4.1,99.3,6.36
2026-09-12T03:27:53Z,,0.69874,,,,,,
2026-09-12T04:27:53Z,,0.69887,,,,,,
2026-09-12T04:44:02Z,2550,,11.9,93.2,9.87,5.1,99.1,6.78
2026-09-12T05:27:53Z,,0.69898,,,,,,
2026-09-12T06:27:53Z,,0.6991,,,,,,
2026-09-12T06:44:24Z,1320,,12,94.4,10.06,15.7,78.2,10.46
2026-09-12T07:27:53Z,,0.69924,,,,,,
2026-09-12T08:27:53Z,,0.69937,,,,,,
2026-09-12T08:43:37Z,1680,,12.4,95.9,10.47,17.2,68.3,10.0
2026-09-12T09:27:53Z,,0.69955,,,,,,
2026-09-12T10:27:53Z,,0.69973,,,,,,
2026-09-12T10:44:23Z,1695,,12.6,96.3,10.65,17.1,70.3,10.23
2026-09-12T11:27:53Z,,0.69992,,,,,,
2026-09-12T12:27:53Z,,0.70011,,,,,,
2026-09-12T12:43:56Z,1320,,12.6,97.6,10.79,16.8,79.4,11.35
2026-09-12T13:27:53Z,,0.70034,,,,,,
2026-09-12T14:27:53Z,,0.70056,,,,,,
2026-09-12T14:44:26Z,1125,,12.6,98.9,10.94,15.7,89.5,11.97
2026-09-12T15:27:52Z,,0.70084,,,,,,
2026-09-12T16:27:52Z,,0.70112,,,,,,
2026-09-12T16:44:53Z,1125,,12.6,100,11.06,14.4,97.5,12.05
2026-09-12T17:27:53Z,,0.70144,,,,,,
2026-09-12T18:27:53Z,,0.70176,,,,,,
2026-09-12T18:45:10Z,1185,,12.6,100,11.06,13.8,100,11.91
2026-09-12T19:27:53Z,,0.70208,,,,,,
2026-09-12T20:27:53Z,,0.7024,,,,,,
2026-09-12T20:45:27Z,1275,,12.6,100,11.06,13.4,100,11.62
2026-09-12T21:27:53Z,,0.70272,,,,,,
2026-09-12T22:27:53Z,,0.70305,,,,,,
2026-09-12T22:46:12Z,1335,,12.6,100,11.06,13.2,100,11.48
2026-09-12T23:27:53Z,,0.70337,,,,,,
2026-09-13T00:27:53Z,,0.70369,,,,,,
2026-09-13T00:46:28Z,1350,,12.6,100,11.06,13.2,100,11.48
2026-09-13T01:27:53Z,,0.70401,,,,,,
2026-09-13T02:27:53Z,,0.70433,,,,,,
2026-09-13T02:46:39Z,1350,,12.6,100,11.06,13.2,100,11.48
2026-09-13T03:27:53Z,,0.70465,,,,,,
2026-09-13T04:27:53Z,,0.70498,,,,,,
2026-09-13T04:46:38Z,1200,,12.7,100,11.13,13.9,100,11.98
2026-09-13T05:27:53Z,,0.7053,,,,,,
2026-09-13T06:27:53Z,,0.70562,,,,,,
2026-09-13T06:46:48Z,1020,,12.7,100,11.13,14.5,100,12.43
2026-09-13T07:27:53Z,,0.70595,,,,,,
2026-09-13T08:27:53Z,,0.70627,,,,,,
2026-09-13T08:46:06Z,870,,12.7,100,11.13,15.7,96.6,12.92
2026-09-13T09:27:53Z,,0.70659,,,,,,
2026-09-13T10:27:53Z,,0.70692,,,,,,
2026-09-13T10:45:50Z,1305,,12.7,100,11.13,16,85.5,11.64
2026-09-13T11:27:53Z,,0.70724,,,,,,
2026-09-13T12:27:53Z,,0.70756,,,,,,
2026-09-13T12:46:27Z,1035,,12.8,100,11.2,15.6,94,12.5
2026-09-13T13:27:54Z,,0.70789,,,,,,
2026-09-13T14:27:53Z,,0.70821,,,,,,
2026-09-13T14:45:49Z,1050,,12.8,100,11.2,15.4,93.5,12.28
2026-09-13T15:27:53Z,,0.70854,,,,,,
2026-09-13T16:27:53Z,,0.70886,,,,,,
2026-09-13T16:45:35Z,1170,,12.8,100,11.2,14.6,96.6,12.08
2026-09-13T17:27:53Z,,0.70919,,,,,,
2026-09-13T18:27:53Z,,0.70952,,,,,,
2026-09-13T19:27:53Z,,0.70984,,,,,,
2026-09-13T20:27:53Z,,0.71017,,,,,,
2026-09-13T20:46:26Z,2070,,12.5,100,10.99,10.6,100,9.76
2026-09-13T21:27:52Z,,0.71049,,,,,,
2026-09-13T22:27:53Z,,0.71081,,,,,,
2026-09-13T22:47:04Z,2340,,12.4,100,10.92,9.4,100,9.04
2026-09-13T23:27:53Z,,0.71112,,,,,,
2026-09-14T00:27:53Z,,0.71144,,,,,,
2026-09-14T00:47:04Z,2550,,12.3,100,10.85,7.9,100,8.21
2026-09-14T01:27:53Z,,0.71176,,,,,,
2026-09-14T02:27:53Z,,0.71207,,,,,,
2026-09-14T02:47:06Z,2550,,12.1,99.1,10.62,6.8,100,7.65
2026-09-14T03:27:53Z,,0.71235,,,,,,
2026-09-14T04:27:53Z,,0.71263,,,,,,
2026-09-14T04:47:07Z,2550,,12.1,97.8,10.48,7.3,100,7.9
2026-09-14T05:27:53Z,,0.71286,,,,,,
2026-09-14T06:27:53Z,,0.71308,,,,,,
2026-09-14T06:46:32Z,1470,,12.1,97.3,10.43,14.3,85.5,10.5
2026-09-14T07:27:53Z,,0.7133,,,,,,
2026-09-14T08:27:53Z,,0.71351,,,,,,
2026-09-14T08:47:10Z,1905,,12.3,96.5,10.47,20.6,54,9.66
2026-09-14T09:27:53Z,,0.7137,,,,,,
2026-09-14T10:27:53Z,,0.7139,,,,,,
2026-09-14T10:47:57Z,2550,,12.4,91.3,9.97,15.4,58.9,7.74
2026-09-14T11:27:53Z,,0.71398,,,,,,
2026-09-14T12:27:56Z,,0.71406,,,,,,
2026-09-14T12:48:07Z,2535,,12.6,89.5,9.9,15.3,58,7.57
2026-09-14T13:27:54Z,,0.71412,,,,,,
2026-09-14T14:27:53Z,,0.71417,,,,,,
2026-09-14T14:48:10Z,2385,,12.7,89,9.9,15.3,62.5,8.16
2026-09-14T15:27:54Z,,0.71421,,,,,,
2026-09-14T16:27:53Z,,0.71426,,,,,,
2026-09-14T16:48:25Z,2325,,12.5,92.9,10.21,12.8,76.6,8.58
2026-09-14T17:27:53Z,,0.71437,,,,,,
2026-09-14T18:27:53Z,,0.71448,,,,,,
2026-09-14T18:48:25Z,2550,,12.2,94.9,10.24,8.9,87.9,7.7
2026-09-14T19:27:53Z,,0.71463,,,,,,
2026-09-14T20:27:53Z,,0.71478,,,,,,
2026-09-14T20:48:11Z,2550,,12.1,94.4,10.12,6.6,93,7.02
2026-09-14T21:27:53Z,,0.71492,,,,,,
2026-09-14T22:27:53Z,,0.71506,,,,,,
2026-09-14T22:48:49Z,2550,,12,93.6,9.97,5,96.3,6.54
2026-09-14T23:27:53Z,,0.71518,,,,,,
2026-09-15T00:27:53Z,,0.7153,,,,,,
2026-09-15T00:48:35Z,2550,,11.9,92.8,9.82,3.8,98.3,6.17
2026-09-15T01:27:53Z,,0.71541,,,,,,
2026-09-15T02:27:53Z,,0.71551,,,,,,
2026-09-15T02:48:41Z,2550,,11.8,92.1,9.69,3.2,100,6.03
2026-09-15T03:27:53Z,,0.71561,,,,,,
2026-09-15T04:27:53Z,,0.7157,,,,,,
2026-09-15T04:48:27Z,2535,,11.8,92,9.68,4,100,6.36
2026-09-15T05:27:53Z,,0.71579,,,,,,
2026-09-15T06:27:53Z,,0.71588,,,,,,
2026-09-15T06:49:04Z,2400,,11.8,93.2,9.81,7.7,100,8.11
2026-09-15T07:27:53Z,,0.716,,,,,,
2026-09-15T08:27:53Z,,0.71611,,,,,,
2026-09-15T08:48:43Z,1530,,12.1,93.5,10.02,16.1,73.2,10.03
2026-09-15T09:27:53Z,,0.71623,,,,,,
2026-09-15T10:27:53Z,,0.71635,,,,,,
2026-09-15T10:48:33Z,1965,,12.3,93.1,10.11,16.7,65,9.23
2026-09-15T11:27:54Z,,0.71646,,,,,,
2026-09-15T12:27:53Z,,0.71658,,,,,,
2026-09-15T12:48:20Z,2145,,12.5,93.7,10.3,15.6,67.6,8.99
2026-09-15T13:27:53Z,,0.71671,,,,,,
2026-09-15T14:27:54Z,,0.71683,,,,,,
2026-09-15T14:48:05Z,2340,,12.6,94.2,10.42,14.3,69.9,8.58
2026-09-15T15:27:52Z,,0.71697,,,,,,
2026-09-15T16:27:53Z,,0.71711,,,,,,
2026-09-15T16:48:35Z,2115,,12.4,94.3,10.3,12.6,82.2,9.09
2026-09-15T17:27:53Z,,0.71725,,,,,,
2026-09-15T18:27:53Z,,0.71739,,,,,,
2026-09-15T18:49:04Z,2175,,12.3,96.1,10.43,11.4,87.8,9.01
2026-09-15T19:27:53Z,,0.71757,,,,,,
2026-09-15T20:27:53Z,,0.71775,,,,,,
2026-09-15T20:49:45Z,2055,,12.3,96.8,10.51,11.3,91.7,9.35
2026-09-15T21:27:53Z,,0.71795,,,,,,
2026-09-15T22:27:53Z,,0.71815,,,,,,
2026-09-15T22:50:10Z,2040,,12.2,97.4,10.51,11.3,92.7,9.45
2026-09-15T23:27:53Z,,0.71837,,,,,,
2026-09-16T00:27:53Z,,0.71858,,,,,,
2026-09-16T00:50:37Z,1470,,12.4,97.8,10.68,12.7,97,10.79
2026-09-16T01:27:53Z,,0.71882,,,,,,
2026-09-16T02:27:53Z,,0.71905,,,,,,
2026-09-16T02:50:20Z,1335,,12.5,98.6,10.84,13.1,99,11.29
2026-09-16T03:27:53Z,,0.71931,,,,,,
2026-09-16T04:27:53Z,,0.71958,,,,,,
2026-09-16T04:50:41Z,1290,,12.5,99.6,10.95,13.2,100,11.48
2026-09-16T05:27:53Z,,0.71988,,,,,,
2026-09-16T06:27:54Z,,0.72018,,,,,,
2026-09-16T06:50:41Z,1140,,12.6,100,11.06,14.1,98.3,11.93
2026-09-16T07:27:54Z,,0.7205,,,,,,
2026-09-16T08:27:53Z,,0.72083,,,,,,
2026-09-16T08:50:18Z,1080,,12.6,100,11.06,14.2,99.7,12.17
2026-09-16T09:27:53Z,,0.72115,,,,,,
2026-09-16T10:27:55Z,,0.72147,,,,,,
2026-09-16T10:50:14Z,1170,,12.6,100,11.06,13.8,100,11.91
2026-09-16T11:27:53Z,,0.72179,,,,,,
2026-09-16T12:27:53Z,,0.72211,,,,,,
2026-09-16T12:51:01Z,960,,12.7,100,11.13,15,98.4,12.61
2026-09-16T13:27:54Z,,0.72244,,,,,,
2026-09-16T14:27:53Z,,0.72276,,,,,,
2026-09-16T14:50:37Z,900,,12.7,100,11.13,14.9,100,12.74
2026-09-16T15:27:53Z,,0.72308,,,,,,
2026-09-16T16:27:53Z,,0.72341,,,,,,
2026-09-16T16:51:01Z,1050,,12.7,100,11.13,14.2,100,12.21
2026-09-16T17:27:53Z,,0.72373,,,,,,
2026-09-16T18:27:53Z,,0.72405,,,,,,
2026-09-16T18:51:33Z,1050,,12.7,100,11.13,14.3,100,12.28
2026-09-16T19:27:53Z,,0.72438,,,,,,
2026-09-16T20:27:53Z,,0.7247,,,,,,
2026-09-16T20:50:57Z,1440,,12.6,100,11.06,12.9,100,11.27
2026-09-16T21:27:53Z,,0.72502,,,,,,
2026-09-16T22:27:53Z,,0.72534,,,,,,
2026-09-16T22:50:45Z,1650,,12.6,100,11.06,12.1,100,10.72
2026-09-16T23:27:53Z,,0.72566,,,,,,
2026-09-17T00:27:53Z,,0.72599,,,,,,
2026-09-17T00:50:36Z,1560,,12.6,100,11.06,12.4,100,10.92
2026-09-17T01:27:53Z,,0.72631,,,,,,
2026-09-17T02:27:53Z,,0.72663,,,,,,
2026-09-17T02:50:10Z,1455,,12.6,100,11.06,12.9,100,11.27
2026-09-17T03:27:53Z,,0.72695,,,,,,
2026-09-17T04:27:53Z,,0.72727,,,,,,
2026-09-17T04:50:29Z,1350,,12.6,100,11.06,13.2,100,11.48
2026-09-17T05:27:53Z,,0.72759,,,,,,
2026-09-17T06:27:53Z,,0.72792,,,,,,
2026-09-17T06:49:54Z,1020,,12.7,100,11.13,14.8,97.7,12.37
2026-09-17T07:27:53Z,,0.72824,,,,,,
2026-09-17T08:27:53Z,,0.72856,,,,,,
2026-09-17T08:50:17Z,1185,,12.7,100,11.13,16.6,84.2,11.89
2026-09-17T09:27:53Z,,0.72889,,,,,,
2026-09-17T10:27:53Z,,0.72921,,,,,,
2026-09-17T10:50:20Z,1155,,12.7,100,11.13,15.6,90.6,12.04
2026-09-17T11:27:53Z,,0.72953,,,,,,
2026-09-17T12:27:53Z,,0.72986,,,,,,
2026-09-17T12:50:43Z,1440,,12.7,100,11.13,15.4,86.7,11.39
2026-09-17T13:27:53Z,,0.73018,,,,,,
2026-09-17T14:27:53Z,,0.7305,,,,,,
2026-09-17T14:50:45Z,1395,,12.8,100,11.2,15.6,86.2,11.46
2026-09-17T15:27:54Z,,0.73083,,,,,,
2026-09-17T16:27:53Z,,0.73115,,,,,,
2026-09-17T16:51:25Z,1680,,12.7,100,11.13,13.6,90.9,10.69
2026-09-17T17:27:52Z,,0.73148,,,,,,
2026-09-17T18:27:53Z,,0.7318,,,,,,
2026-09-17T18:51:21Z,1860,,12.6,100,11.06,11.6,98.7,10.25
2026-09-17T19:27:53Z,,0.73212,,,,,,
2026-09-17T20:27:53Z,,0.73244,,,,,,
2026-09-17T20:51:56Z,2025,,12.5,100,10.99,10.7,100,9.82
2026-09-17T21:27:53Z,,0.73276,,,,,,
2026-09-17T22:27:53Z,,0.73308,,,,,,
2026-09-17T22:51:26Z,1995,,12.5,100,10.99,10.9,100,9.94
2026-09-17T23:27:53Z,,0.7334,,,,,,
2026-09-18T00:27:53Z,,0.73372,,,,,,
2026-09-18T00:50:59Z,1755,,12.5,100,10.99,11.7,100,10.46
2026-09-18T01:27:53Z,,0.73404,,,,,,
2026-09-18T02:27:53Z,,0.73436,,,,,,
2026-09-18T02:50:46Z,1710,,12.5,100,10.99,11.9,100,10.59
2026-09-18T03:27:53Z,,0.73468,,,,,,
2026-09-18T04:27:53Z,,0.735,,,,,,
2026-09-18T04:50:39Z,1920,,12.4,100,10.92,11.1,100,10.07
2026-09-18T05:27:53Z,,0.73532,,,,,,
2026-09-18T06:27:53Z,,0.73564,,,,,,
2026-09-18T06:50:14Z,1605,,12.5,100,10.99,12.6,97.6,10.79
2026-09-18T07:27:53Z,,0.73596,,,,,,
2026-09-18T08:27:53Z,,0.73628,,,,,,
2026-09-18T08:49:27Z,1215,,12.6,100,11.06,13.7,100,11.84
2026-09-18T09:27:53Z,,0.7366,,,,,,
2026-09-18T10:27:53Z,,0.73692,,,,,,
2026-09-18T10:48:43Z,1215,,12.6,100,11.06,13.7,100,11.84
2026-09-18T11:27:53Z,,0.73724,,,,,,
2026-09-18T12:27:53Z,,0.73757,,,,,,
2026-09-18T12:48:06Z,825,,12.7,100,11.13,15.2,100,12.97
2026-09-18T13:27:53Z,,0.73789,,,,,,
2026-09-18T14:27:53Z,,0.73821,,,,,,
2026-09-18T14:47:13Z,1185,,12.7,100,11.13,15.3,91.2,11.9
2026-09-18T15:27:53Z,,0.73854,,,,,,
2026-09-18T16:27:53Z,,0.73886,,,,,,
2026-09-18T16:47:28Z,1200,,12.7,100,11.13,13.8,100,11.91
2026-09-18T17:27:53Z,,0.73918,,,,,,
2026-09-18T18:27:53Z,,0.73951,,,,,,
2026-09-18T18:47:22Z,1650,,12.6,100,11.06,12.1,100,10.72
2026-09-18T19:27:53Z,,0.73983,,,,,,
2026-09-18T20:27:53Z,,0.74015,,,,,,
2026-09-18T20:48:03Z,1755,,12.5,100,10.99,11.7,100,10.46
2026-09-18T21:27:53Z,,0.74047,,,,,,
2026-09-18T22:27:53Z,,0.74079,,,,,,
2026-09-18T22:48:18Z,1860,,12.4,100,10.92,11.3,100,10.2
2026-09-18T23:27:53Z,,0.74111,,,,,,
2026-09-19T00:27:54Z,,0.74143,,,,,,
2026-09-19T00:47:50Z,1665,,12.6,100,11.06,12.1,100,10.72
2026-09-19T01:27:53Z,,0.74175,,,,,,
2026-09-19T02:27:53Z,,0.74207,,,,,,
2026-09-19T02:47:17Z,1980,,12.5,100,10.99,10.9,100,9.94
2026-09-19T03:27:54Z,,0.74239,,,,,,
2026-09-19T04:27:53Z,,0.74271,,,,,,
2026-09-19T04:47:23Z,1875,,12.4,100,10.92,11.3,100,10.2
2026-09-19T05:27:53Z,,0.74303,,,,,,
2026-09-19T06:27:53Z,,0.74335,,,,,,
2026-09-19T06:47:54Z,1305,,12.5,100,10.99,13.4,99.2,11.53
2026-09-19T07:27:53Z,,0.74367,,,,,,
2026-09-19T08:27:53Z,,0.74399,,,,,,
2026-09-19T08:48:10Z,1755,,12.6,100,11.06,15.1,81.6,10.52
2026-09-19T09:27:53Z,,0.74431,,,,,,
2026-09-19T10:27:53Z,,0.74463,,,,,,
2026-09-19T10:48:10Z,1755,,12.7,100,11.13,15.5,79.8,10.54
2026-09-19T11:27:54Z,,0.74495,,,,,,
2026-09-19T12:27:53Z,,0.74528,,,,,,
2026-09-19T12:48:54Z,1335,,12.7,100,11.13,15.2,89.5,11.61
2026-09-19T13:27:53Z,,0.7456,,,,,,
2026-09-19T14:27:53Z,,0.74592,,,,,,
2026-09-19T14:48:20Z,1170,,12.7,100,11.13,14.6,95.8,11.98
2026-09-19T15:27:53Z,,0.74625,,,,,,
2026-09-19T16:27:53Z,,0.74657,,,,,,
2026-09-19T16:48:11Z,1200,,12.7,100,11.13,14.3,97.5,11.97
2026-09-19T17:27:53Z,,0.74689,,,,,,
2026-09-19T18:27:53Z,,0.74722,,,,,,
2026-09-19T18:48:41Z,1155,,12.7,100,11.13,14.4,97.4,12.04
2026-09-19T19:27:53Z,,0.74754,,,,,,
2026-09-19T20:27:53Z,,0.74786,,,,,,
2026-09-19T20:48:54Z,1005,,12.7,100,11.13,14.5,100,12.43
2026-09-19T21:27:53Z,,0.74819,,,,,,
2026-09-19T22:27:53Z,,0.74851,,,,,,
2026-09-19T22:48:52Z,1020,,12.7,100,11.13,14.4,100,12.36
2026-09-19T23:27:53Z,,0.74883,,,,,,
2026-09-20T00:27:53Z,,0.74916,,,,,,
2026-09-20T00:48:12Z,975,,12.7,100,11.13,14.6,100,12.51
2026-09-20T01:27:53Z,,0.74948,,,,,,
2026-09-20T02:27:53Z,,0.7498,,,,,,
2026-09-20T02:48:32Z,1290,,12.7,100,11.13,14,97.2,11.72
2026-09-20T03:27:53Z,,0.75013,,,,,,
2026-09-20T04:27:53Z,,0.75045,,,,,,
2026-09-20T04:48:20Z,1680,,12.6,100,11.06,12.5,97.3,10.69
2026-09-20T05:27:53Z,,0.75077,,,,,,
2026-09-20T06:27:53Z,,0.75109,,,,,,
2026-09-20T06:49:13Z,1605,,12.6,100,11.06,13.3,93.9,10.84
2026-09-20T07:27:53Z,,0.75141,,,,,,
2026-09-20T08:27:53Z,,0.75174,,,,,,
2026-09-20T08:49:11Z,1965,,12.7,100,11.13,17,69.9,10.11
2026-09-20T09:27:53Z,,0.75206,,,,,,
2026-09-20T10:27:53Z,,0.75238,,,,,,
2026-09-20T10:48:38Z,2205,,12.7,100,11.13,16.4,68.9,9.61
2026-09-20T11:27:53Z,,0.75271,,,,,,
2026-09-20T12:27:53Z,,0.75303,,,,,,
2026-09-20T12:48:56Z,2355,,12.8,100,11.2,15.6,69.5,9.24
2026-09-20T13:27:53Z,,0.75335,,,,,,
2026-09-20T14:27:53Z,,0.75368,,,,,,
2026-09-20T14:49:40Z,2415,,12.7,99.9,11.12,14.2,74.7,9.12
2026-09-20T15:27:53Z,,0.754,,,,,,
2026-09-20T16:27:53Z,,0.75432,,,,,,
2026-09-20T16:49:31Z,2280,,12.6,98.5,10.89,12.7,82.7,9.2
2026-09-20T17:27:53Z,,0.75458,,,,,,
2026-09-20T18:27:53Z,,0.75484,,,,,,
2026-09-20T18:50:10Z,2175,,12.5,98.8,10.86,11.4,91.5,9.39
2026-09-20T19:27:53Z,,0.75511,,,,,,
2026-09-20T20:27:53Z,,0.75538,,,,,,
2026-09-20T20:49:38Z,2325,,12.3,99.2,10.77,10,96.2,9.04
2026-09-20T21:27:53Z,,0.75566,,,,,,
2026-09-20T22:27:52Z,,0.75594,,,,,,
2026-09-20T22:50:02Z,2250,,12.3,99.4,10.79,9.9,99,9.24
2026-09-20T23:27:53Z,,0.75624,,,,,,
2026-09-21T00:27:53Z,,0.75653,,,,,,
2026-09-21T00:49:08Z,2400,,12.2,99.2,10.7,9,100,8.81
2026-09-21T01:27:53Z,,0.75681,,,,,,
2026-09-21T02:27:53Z,,0.75709,,,,,,
2026-09-21T02:48:59Z,2565,,12.2,98.5,10.62,8,100,8.27
2026-09-21T03:27:53Z,,0.75734,,,,,,
2026-09-21T04:27:53Z,,0.7576,,,,,,
2026-09-21T04:49:22Z,2565,,12.1,98.1,10.52,8,100,8.27
2026-09-21T05:27:53Z,,0.75784,,,,,,
2026-09-21T06:27:53Z,,0.75808,,,,,,
2026-09-21T06:48:32Z,1815,,12.1,98.8,10.59,11,100,10.01
2026-09-21T07:27:54Z,,0.75834,,,,,,
2026-09-21T08:27:53Z,,0.75861,,,,,,
2026-09-21T08:49:05Z,915,,12.3,99.6,10.81,17.9,81.1,12.38
2026-09-21T09:27:53Z,,0.7589,,,,,,
2026-09-21T10:27:53Z,,0.7592,,,,,,
2026-09-21T10:49:11Z,1770,,12.5,98.1,10.78,15.7,76.4,10.22
2026-09-21T11:27:53Z,,0.75945,,,,,,
2026-09-21T12:27:53Z,,0.75969,,,,,,
2026-09-21T12:49:01Z,1755,,12.6,97,10.73,15.2,78.5,10.18
2026-09-21T13:27:53Z,,0.7599,,,,,,
2026-09-21T14:27:54Z,,0.76011,,,,,,
2026-09-21T14:49:27Z,1575,,12.6,99.7,11.03,14,90.2,10.88
2026-09-21T15:27:53Z,,0.76042,,,,,,
2026-09-21T16:27:53Z,,0.76073,,,,,,
2026-09-21T16:49:27Z,1980,,12.4,100,10.92,11.7,95.1,9.94
2026-09-21T17:27:53Z,,0.76105,,,,,,
2026-09-21T18:27:53Z,,0.76137,,,,,,
2026-09-21T18:48:43Z,2520,,12.3,99.3,10.78,8.8,98.3,8.55
2026-09-21T19:27:53Z,,0.76165,,,,,,
2026-09-21T20:27:53Z,,0.76194,,,,,,
2026-09-21T20:49:29Z,2415,,12.2,98.6,10.64,8.8,100,8.7
2026-09-21T21:27:52Z,,0.7622,,,,,,
2026-09-21T22:27:53Z,,0.76246,,,,,,
2026-09-21T22:49:40Z,2535,,12.1,98.1,10.52,8.1,100,8.32
2026-09-21T23:27:53Z,,0.7627,,,,,,
2026-09-22T00:27:53Z,,0.76294,,,,,,
2026-09-22T00:49:15Z,2535,,12.1,97.7,10.47,8,100,8.27
2026-09-22T01:27:53Z,,0.76316,,,,,,
2026-09-22T02:27:53Z,,0.76339,,,,,,
2026-09-22T02:49:12Z,2535,,12,97.1,10.34,6.9,100,7.7
2026-09-22T03:27:53Z,,0.76359,,,,,,
2026-09-22T04:27:53Z,,0.7638,,,,,,
2026-09-22T04:49:13Z,2535,,11.9,96.5,10.22,7.1,100,7.8
2026-09-22T05:27:53Z,,0.76399,,,,,,
2026-09-22T06:27:54Z,,0.76417,,,,,,
2026-09-22T06:48:25Z,1875,,12,96.3,10.26,11.4,92.5,9.49
2026-09-22T07:27:53Z,,0.76436,,,,,,
2026-09-22T08:27:53Z,,0.76454,,,,,,
2026-09-22T08:49:15Z,2070,,12.1,95.8,10.27,15.8,67.9,9.14
2026-09-22T09:27:53Z,,0.76471,,,,,,
2026-09-22T10:27:53Z,,0.76488,,,,,,
2026-09-22T10:48:29Z,2475,,12.2,92.9,10.02,13.2,69.9,8.02
2026-09-22T11:27:53Z,,0.76499,,,,,,
2026-09-22T12:27:53Z,,0.7651,,,,,,
2026-09-22T12:49:18Z,2550,,12.4,91.4,9.98,13.6,65.9,7.75
2026-09-22T13:27:53Z,,0.76519,,,,,,
2026-09-22T14:27:53Z,,0.76527,,,,,,
2026-09-22T14:48:27Z,2535,,12.5,89.1,9.79,13.3,65.3,7.54
2026-09-22T15:27:53Z,,0.76531,,,,,,
2026-09-22T16:27:53Z,,0.76536,,,,,,
2026-09-22T16:49:03Z,2535,,12.3,90.1,9.78,11.2,73.3,7.43
2026-09-22T17:27:53Z,,0.76542,,,,,,
2026-09-22T18:27:53Z,,0.76548,,,,,,
2026-09-22T18:49:45Z,2535,,12.1,92.6,9.93,8.4,84.4,7.16
2026-09-22T19:27:52Z,,0.76558,,,,,,
2026-09-22T20:27:53Z,,0.76569,,,,,,
2026-09-22T20:49:06Z,2535,,12,92.8,9.89,6.8,90.7,6.94
2026-09-22T21:27:53Z,,0.76579,,,,,,
2026-09-22T22:27:53Z,,0.7659,,,,,,
2026-09-22T22:48:47Z,2535,,11.9,92.4,9.78,6.4,94.4,7.03
2026-09-22T23:27:53Z,,0.766,,,,,,
2026-09-23T00:27:53Z,,0.7661,,,,,,
2026-09-23T00:48:00Z,2550,,11.8,92,9.68,6.2,97.3,7.16
2026-09-23T01:27:53Z,,0.76619,,,,,,
2026-09-23T02:27:53Z,,0.76628,,,,,,
2026-09-23T02:48:01Z,2550,,11.8,91.7,9.65,6.7,96.9,7.36
2026-09-23T03:27:53Z,,0.76636,,,,,,
2026-09-23T04:27:53Z,,0.76645,,,,,,
2026-09-23T04:48:32Z,2550,,11.8,91.6,9.64,6.4,100,7.45
2026-09-23T05:27:54Z,,0.76653,,,,,,
2026-09-23T06:27:53Z,,0.76662,,,,,,
2026-09-23T06:47:51Z,2310,,11.8,91.9,9.67,8.4,96,8.14
2026-09-23T07:27:53Z,,0.76671,,,,,,
2026-09-23T08:27:53Z,,0.7668,,,,,,
2026-09-23T08:47:29Z,2265,,12,92.2,9.82,9.8,90,8.35
2026-09-23T09:27:53Z,,0.76689,,,,,,
2026-09-23T10:27:54Z,,0.76699,,,,,,
2026-09-23T10:48:15Z,1875,,12,94.3,10.05,10,100,9.39
2026-09-23T11:27:53Z,,0.76712,,,,,,
2026-09-23T12:27:53Z,,0.76726,,,,,,
2026-09-23T12:47:41Z,1875,,12.1,95.9,10.28,10.3,100,9.57
2026-09-23T13:27:54Z,,0.76743,,,,,,
2026-09-23T14:27:53Z,,0.76761,,,,,,
2026-09-23T14:48:04Z,1890,,12.1,96.9,10.39,10.4,100,9.63
2026-09-23T15:27:53Z,,0.76781,,,,,,
2026-09-23T16:27:52Z,,0.76801,,,,,,
2026-09-23T16:48:33Z,1965,,12.1,97.8,10.48,10.3,100,9.57
2026-09-23T17:27:53Z,,0.76824,,,,,,
2026-09-23T18:27:53Z,,0.76847,,,,,,
2026-09-23T18:48:44Z,1950,,12.2,98.5,10.62,10.4,100,9.63
2026-09-23T19:27:53Z,,0.76872,,,,,,
2026-09-23T20:27:53Z,,0.76898,,,,,,
2026-09-23T20:49:25Z,1950,,12.2,99.1,10.69,10.6,100,9.76
2026-09-23T21:27:53Z,,0.76925,,,,,,
2026-09-23T22:27:53Z,,0.76953,,,,,,
2026-09-23T22:48:43Z,2070,,12.2,99.2,10.7,10.1,100,9.45
2026-09-23T23:27:53Z,,0.76981,,,,,,
2026-09-24T00:27:53Z,,0.77009,,,,,,
2026-09-24T00:47:59Z,2100,,12.1,99.2,10.63,10,100,9.39
2026-09-24T01:27:53Z,,0.77037,,,,,,
2026-09-24T02:27:53Z,,0.77065,,,,,,
2026-09-24T02:47:35Z,2145,,12.1,99.2,10.63,9.8,100,9.27
2026-09-24T03:27:53Z,,0.77093,,,,,,
2026-09-24T04:27:53Z,,0.77121,,,,,,
2026-09-24T04:46:48Z,2190,,12.1,99.1,10.62,9.7,100,9.22
2026-09-24T05:27:53Z,,0.77149,,,,,,
2026-09-24T06:27:53Z,,0.77176,,,,,,
2026-09-24T06:46:54Z,1920,,12.2,99.3,10.71,10.7,100,9.82
2026-09-24T07:27:53Z,,0.77205,,,,,,
2026-09-24T08:27:53Z,,0.77234,,,,,,
2026-09-24T08:47:14Z,1425,,12.2,99.2,10.7,12.5,99,10.88
2026-09-24T09:27:53Z,,0.77262,,,,,,
2026-09-24T10:27:53Z,,0.7729,,,,,,
2026-09-24T10:46:42Z,1545,,12.4,98.5,10.76,13.9,88.8,10.64
2026-09-24T11:27:53Z,,0.77316,,,,,,
2026-09-24T12:27:53Z,,0.77341,,,,,,
2026-09-24T12:46:59Z,1530,,12.3,98.6,10.7,12.6,96.8,10.7
2026-09-24T13:27:53Z,,0.77367,,,,,,
2026-09-24T14:27:53Z,,0.77393,,,,,,
2026-09-24T14:47:26Z,1755,,12.2,98.8,10.66,11.2,100,10.13
2026-09-24T15:27:53Z,,0.7742,,,,,,
2026-09-24T16:27:53Z,,0.77446,,,,,,
2026-09-24T16:48:04Z,1950,,12.2,98.1,10.58,10.9,97.2,9.66
2026-09-24T17:27:53Z,,0.7747,,,,,,
2026-09-24T18:27:53Z,,0.77495,,,,,,
2026-09-24T18:48:51Z,1980,,12.1,98.7,10.58,10.4,100,9.63
2026-09-24T19:27:53Z,,0.77521,,,,,,
2026-09-24T20:27:53Z,,0.77547,,,,,,
2026-09-24T20:48:46Z,1965,,12.2,99.5,10.73,10.7,100,9.82
2026-09-24T21:27:52Z,,0.77576,,,,,,
2026-09-24T22:27:53Z,,0.77605,,,,,,
2026-09-24T22:48:37Z,1800,,12.3,100,10.85,11.4,100,10.26
2026-09-24T23:27:53Z,,0.77637,,,,,,
2026-09-25T00:27:53Z,,0.77669,,,,,,
2026-09-25T00:48:15Z,1665,,12.3,100,10.85,11.9,100,10.59
2026-09-25T01:27:53Z,,0.777,,,,,,
2026-09-25T02:27:53Z,,0.77732,,,,,,
2026-09-25T02:47:49Z,1740,,12.3,100,10.85,11.6,100,10.39
2026-09-25T03:27:53Z,,0.77763,,,,,,
2026-09-25T04:27:53Z,,0.77795,,,,,,
2026-09-25T04:47:55Z,1800,,12.3,100,10.85,11.3,100,10.2
2026-09-25T05:27:53Z,,0.77827,,,,,,
2026-09-25T06:27:53Z,,0.77858,,,,,,
2026-09-25T06:48:09Z,1785,,12.3,100,10.85,11.5,100,10.33
2026-09-25T07:27:53Z,,0.7789,,,,,,
2026-09-25T08:27:53Z,,0.77922,,,,,,
2026-09-25T08:47:19Z,1755,,12.4,100,10.92,11.6,100,10.39
2026-09-25T09:27:53Z,,0.77953,,,,,,
2026-09-25T10:27:53Z,,0.77985,,,,,,
2026-09-25T10:47:59Z,1695,,12.4,100,10.92,11.8,100,10.52
2026-09-25T11:27:53Z,,0.78017,,,,,,
2026-09-25T12:27:53Z,,0.78049,,,,,,
2026-09-25T12:47:32Z,1770,,12.5,100,10.99,11.5,100,10.33
2026-09-25T13:27:53Z,,0.78081,,,,,,
2026-09-25T14:27:53Z,,0.78113,,,,,,
2026-09-25T14:48:04Z,1800,,12.5,100,10.99,11.4,100,10.26
2026-09-25T15:27:53Z,,0.78145,,,,,,
2026-09-25T16:27:53Z,,0.78177,,,,,,
2026-09-25T16:48:20Z,1800,,12.5,100,10.99,11.5,100,10.33
2026-09-25T17:27:54Z,,0.78209,,,,,,
2026-09-25T18:27:53Z,,0.78241,,,,,,
2026-09-25T18:48:28Z,1875,,12.5,100,10.99,11.2,100,10.13
2026-09-25T19:27:53Z,,0.78273,,,,,,
2026-09-25T20:27:53Z,,0.78305,,,,,,
2026-09-25T20:47:41Z,1935,,12.4,100,10.92,11,100,10.01
2026-09-25T21:27:53Z,,0.78337,,,,,,
2026-09-25T22:27:53Z,,0.78368,,,,,,
2026-09-25T22:48:16Z,1905,,12.3,100,10.85,11.1,100,10.07
2026-09-25T23:27:53Z,,0.784,,,,,,
2026-09-26T00:27:53Z,,0.78432,,,,,,
2026-09-26T00:47:47Z,1845,,12.3,100,10.85,11.2,100,10.13
2026-09-26T01:27:53Z,,0.78463,,,,,,
2026-09-26T02:27:53Z,,0.78495,,,,,,
2026-09-26T02:48:23Z,1695,,12.4,100,10.92,11.8,100,10.52
2026-09-26T03:27:53Z,,0.78527,,,,,,
2026-09-26T04:27:53Z,,0.78559,,,,,,
2026-09-26T04:49:01Z,1665,,12.4,100,10.92,11.9,100,10.59
2026-09-26T05:27:53Z,,0.7859,,,,,,
2026-09-26T06:27:53Z,,0.78622,,,,,,
2026-09-26T06:49:13Z,1470,,12.5,100,10.99,12.6,100,11.06
2026-09-26T07:27:53Z,,0.78654,,,,,,
2026-09-26T08:27:54Z,,0.78686,,,,,,
2026-09-26T08:49:59Z,1350,,12.5,100,10.99,13,100,11.34
2026-09-26T09:27:54Z,,0.78718,,,,,,
2026-09-26T10:27:54Z,,0.7875,,,,,,
2026-09-26T10:50:35Z,1290,,12.6,100,11.06,13.4,100,11.62
2026-09-26T11:27:53Z,,0.78782,,,,,,
2026-09-26T12:27:53Z,,0.78814,,,,,,
2026-09-26T12:50:40Z,1290,,12.6,100,11.06,13.4,100,11.62
2026-09-26T13:27:53Z,,0.78847,,,,,,
2026-09-26T14:27:53Z,,0.78879,,,,,,
2026-09-26T14:50:32Z,1380,,12.6,100,11.06,13,100,11.34
2026-09-26T15:27:53Z,,0.78911,,,,,,
2026-09-26T16:27:53Z,,0.78943,,,,,,
2026-09-26T16:50:27Z,1350,,12.6,100,11.06,13.1,100,11.41
2026-09-26T17:27:53Z,,0.78975,,,,,,
2026-09-26T18:27:53Z,,0.79007,,,,,,
2026-09-26T18:50:16Z,1440,,12.5,100,10.99,12.7,100,11.13
2026-09-26T19:27:53Z,,0.79039,,,,,,
2026-09-26T20:27:53Z,,0.79071,,,,,,
2026-09-26T20:50:18Z,1545,,12.5,100,10.99,12.4,100,10.92
2026-09-26T21:27:53Z,,0.79103,,,,,,
2026-09-26T22:27:53Z,,0.79135,,,,,,
2026-09-26T22:50:40Z,1800,,12.5,100,10.99,11.4,100,10.26
2026-09-26T23:27:53Z,,0.79167,,,,,,
2026-09-27T00:27:53Z,,0.79199,,,,,,
2026-09-27T00:49:55Z,2130,,12.4,100,10.92,10.2,100,9.51
2026-09-27T01:27:53Z,,0.79231,,,,,,
2026-09-27T02:27:53Z,,0.79263,,,,,,
2026-09-27T02:50:47Z,2550,,12.2,100,10.79,7.9,100,8.21
2026-09-27T03:27:53Z,,0.79294,,,,,,
2026-09-27T04:27:53Z,,0.79326,,,,,,
2026-09-27T04:51:26Z,2550,,12.1,99.8,10.7,7.1,100,7.8
2026-09-27T05:27:53Z,,0.79356,,,,,,
2026-09-27T06:27:53Z,,0.79387,,,,,,
2026-09-27T06:51:07Z,1275,,12.1,99.3,10.64,13,99,11.22
2026-09-27T07:27:53Z,,0.79415,,,,,,
2026-09-27T08:27:53Z,,0.79443,,,,,,
2026-09-27T08:51:19Z,1365,,12.3,99.3,10.78,16.8,77.4,11.06
2026-09-27T09:27:53Z,,0.79472,,,,,,
2026-09-27T10:27:53Z,,0.79501,,,,,,
2026-09-27T10:51:11Z,1980,,12.4,97.6,10.66,14.8,76.2,9.65
2026-09-27T11:27:53Z,,0.79523,,,,,,
2026-09-27T12:27:53Z,,0.79546,,,,,,
2026-09-27T12:51:36Z,2175,,12.5,95.8,10.53,14.6,73.3,9.17
2026-09-27T13:27:53Z,,0.79564,,,,,,
2026-09-27T14:27:52Z,,0.79581,,,,,,
2026-09-27T14:52:10Z,1965,,12.6,94.9,10.49,14.1,79.3,9.62
2026-09-27T15:27:53Z,,0.79596,,,,,,
2026-09-27T16:27:53Z,,0.79612,,,,,,
2026-09-27T16:52:57Z,2205,,12.3,97,10.53,11,91,9.11
2026-09-27T17:27:53Z,,0.79632,,,,,,
2026-09-27T18:27:53Z,,0.79653,,,,,,
2026-09-27T18:52:18Z,2445,,12.1,96.9,10.39,8.7,97.3,8.41
2026-09-27T19:27:53Z,,0.79673,,,,,,
2026-09-27T20:27:53Z,,0.79693,,,,,,
2026-09-27T20:53:15Z,2535,,12,96,10.23,7.1,100,7.8
2026-09-27T21:27:53Z,,0.79711,,,,,,
2026-09-27T22:27:53Z,,0.79728,,,,,,
2026-09-27T22:52:32Z,2475,,12,96.5,10.28,8,100,8.27
2026-09-27T23:27:53Z,,0.79747,,,,,,
2026-09-28T00:27:53Z,,0.79766,,,,,,
2026-09-28T00:52:01Z,2475,,12,97.2,10.35,8.1,100,8.32
2026-09-28T01:27:53Z,,0.79787,,,,,,
2026-09-28T02:27:53Z,,0.79808,,,,,,
2026-09-28T02:52:06Z,2535,,11.9,96.5,10.22,6.8,100,7.65
2026-09-28T03:27:53Z,,0.79827,,,,,,
2026-09-28T04:27:53Z,,0.79845,,,,,,
2026-09-28T04:51:46Z,2535,,11.9,96,10.16,6.3,100,7.4
2026-09-28T05:27:53Z,,0.79863,,,,,,
2026-09-28T06:27:53Z,,0.7988,,,,,,
2026-09-28T06:51:53Z,1140,,11.9,96.7,10.24,12.7,100,11.13
2026-09-28T07:27:54Z,,0.79899,,,,,,
2026-09-28T08:27:53Z,,0.79919,,,,,,
2026-09-28T08:52:06Z,1305,,12.2,98.2,10.59,15.1,86,11.09
2026-09-28T09:27:53Z,,0.79943,,,,,,
2026-09-28T10:27:53Z,,0.79968,,,,,,
2026-09-28T10:52:51Z,1425,,12.4,98.7,10.78,14.3,89.3,10.97
2026-09-28T11:27:53Z,,0.79994,,,,,,
2026-09-28T12:27:54Z,,0.80021,,,,,,
2026-09-28T12:51:59Z,1440,,12.5,99.2,10.9,14.4,89.4,11.05
2026-09-28T13:27:54Z,,0.80049,,,,,,
2026-09-28T14:27:53Z,,0.80078,,,,,,
2026-09-28T14:52:20Z,1695,,12.5,99.3,10.91,14,86.7,10.45
2026-09-28T15:27:53Z,,0.80107,,,,,,
2026-09-28T16:27:53Z,,0.80136,,,,,,
2026-09-28T16:51:38Z,1755,,12.3,98.6,10.7,12.2,94.2,10.16
2026-09-28T17:27:53Z,,0.80162,,,,,,
2026-09-28T18:27:54Z,,0.80188,,,,,,
2026-09-28T18:51:13Z,1980,,12.2,98.4,10.61,10.4,100,9.63
2026-09-28T19:27:53Z,,0.80213,,,,,,
2026-09-28T20:27:53Z,,0.80238,,,,,,
2026-09-28T20:51:32Z,2325,,12.1,97.6,10.46,8.9,100,8.76
2026-09-28T21:27:53Z,,0.8026,,,,,,
2026-09-28T22:27:53Z,,0.80282,,,,,,
2026-09-28T22:52:12Z,1950,,12,96.9,10.32,10.1,100,9.45
2026-09-28T23:27:53Z,,0.80302,,,,,,
2026-09-29T00:27:53Z,,0.80322,,,,,,
2026-09-29T00:51:52Z,1680,,12.1,98,10.51,11.2,100,10.13
2026-09-29T01:27:53Z,,0.80346,,,,,,
2026-09-29T02:27:54Z,,0.8037,,,,,,
2026-09-29T02:52:15Z,1665,,12.2,98.9,10.67,11.5,100,10.33
2026-09-29T03:27:53Z,,0.80396,,,,,,
2026-09-29T04:27:53Z,,0.80423,,,,,,
2026-09-29T04:52:01Z,1575,,12.3,99.5,10.8,12,100,10.65
2026-09-29T05:27:53Z,,0.80453,,,,,,
2026-09-29T06:27:53Z,,0.80482,,,,,,
2026-09-29T06:51:37Z,1440,,12.3,100,10.85,12.6,100,11.06
2026-09-29T07:27:53Z,,0.80514,,,,,,
2026-09-29T08:27:53Z,,0.80546,,,,,,
2026-09-29T08:51:33Z,1050,,12.4,100,10.92,14.1,100,12.13
2026-09-29T09:27:54Z,,0.80578,,,,,,
2026-09-29T10:27:53Z,,0.80609,,,,,,
2026-09-29T10:51:08Z,960,,12.5,100,10.99,14.8,97.9,12.4
2026-09-29T11:27:54Z,,0.80641,,,,,,
2026-09-29T12:27:53Z,,0.80673,,,,,,
2026-09-29T12:51:05Z,885,,12.5,100,10.99,15.5,95.7,12.64
2026-09-29T13:27:53Z,,0.80705,,,,,,
2026-09-29T14:27:53Z,,0.80737,,,,,,
2026-09-29T14:50:31Z,885,,12.6,100,11.06,14.8,99.5,12.6
2026-09-29T15:27:53Z,,0.80769,,,,,,
2026-09-29T16:27:52Z,,0.80802,,,,,,
2026-09-29T16:51:22Z,1110,,12.5,100,10.99,14,100,12.06
2026-09-29T17:27:53Z,,0.80834,,,,,,
2026-09-29T18:27:53Z,,0.80866,,,,,,
2026-09-29T18:51:33Z,1515,,12.4,100,10.92,12.4,100,10.92
2026-09-29T19:27:53Z,,0.80897,,,,,,
2026-09-29T20:27:53Z,,0.80929,,,,,,
2026-09-29T20:51:55Z,1785,,12.3,100,10.85,11.4,100,10.26
2026-09-29T21:27:53Z,,0.80961,,,,,,
2026-09-29T22:27:53Z,,0.80992,,,,,,
2026-09-29T22:51:19Z,1965,,12.3,100,10.85,10.8,100,9.88
2026-09-29T23:27:53Z,,0.81024,,,,,,
2026-09-30T00:27:53Z,,0.81056,,,,,,
2026-09-30T00:50:31Z,2385,,12.2,100,10.79,9.2,100,8.93
2026-09-30T01:27:53Z,,0.81087,,,,,,
2026-09-30T02:27:54Z,,0.81119,,,,,,
2026-09-30T02:51:18Z,2535,,12.1,99.5,10.67,7.5,100,8.0
2026-09-30T03:27:53Z,,0.81148,,,,,,
2026-09-30T04:27:53Z,,0.81177,,,,,,
2026-09-30T04:50:37Z,2535,,12,98.3,10.47,6.9,100,7.7
2026-09-30T05:27:53Z,,0.81201,,,,,,
2026-09-30T06:27:53Z,,0.81226,,,,,,
2026-09-30T06:51:23Z,1455,,12,97.6,10.4,12.6,95.6,10.57
2026-09-30T07:27:53Z,,0.81248,,,,,,
2026-09-30T08:27:53Z,,0.8127,,,,,,
2026-09-30T08:51:23Z,1485,,12.2,97.6,10.53,15.3,80.3,10.48
2026-09-30T09:27:53Z,,0.81293,,,,,,
2026-09-30T10:27:53Z,,0.81315,,,,,,
2026-09-30T10:51:49Z,1980,,12.3,96.6,10.49,14.2,77.7,9.48
2026-09-30T11:27:53Z,,0.81334,,,,,,
2026-09-30T12:27:53Z,,0.81354,,,,,,
2026-09-30T12:52:24Z,2250,,12.4,94.2,10.29,14.4,70.9,8.76
2026-09-30T13:27:53Z,,0.81367,,,,,,
2026-09-30T14:27:53Z,,0.81381,,,,,,
2026-09-30T14:53:06Z,1995,,12.5,94,10.33,14.1,77.2,9.37
2026-09-30T15:27:54Z,,0.81394,,,,,,
2026-09-30T16:27:53Z,,0.81408,,,,,,
2026-09-30T16:52:39Z,2205,,12.2,96,10.36,10.7,90.7,8.91
2026-09-30T17:27:53Z,,0.81425,,,,,,
2026-09-30T18:27:53Z,,0.81443,,,,,,
2026-09-30T18:53:06Z,2535,,12.1,95.9,10.28,7.8,97.8,7.98
2026-09-30T19:27:53Z,,0.8146,,,,,,
2026-09-30T20:27:53Z,,0.81478,,,,,,
2026-09-30T20:53:31Z,2520,,11.9,94.8,10.04,5.9,100,7.21
2026-09-30T21:27:53Z,,0.81492,,,,,,
2026-09-30T22:27:53Z,,0.81507,,,,,,
2026-09-30T22:53:15Z,2520,,11.8,93.6,9.85,4.7,100,6.66
2026-09-30T23:27:53Z,,0.81519,,,,,,
2026-10-01T00:27:54Z,,0.81531,,,,,,
2026-10-01T00:53:08Z,2520,,11.7,92.7,9.69,4.1,100,6.4
2026-10-01T01:27:53Z,,0.81541,,,,,,
2026-10-01T02:27:53Z,,0.81551,,,,,,
2026-10-01T02:53:09Z,2520,,11.6,91.9,9.55,3.9,100,6.32
2026-10-01T03:27:53Z,,0.8156,,,,,,
2026-10-01T04:27:53Z,,0.81569,,,,,,
2026-10-01T04:53:33Z,2535,,11.5,91.5,9.45,3.7,100,6.23
2026-10-01T05:27:53Z,,0.81577,,,,,,
2026-10-01T06:27:53Z,,0.81585,,,,,,
2026-10-01T06:53:34Z,2370,,11.6,92.5,9.61,7.3,100,7.9
2026-10-01T07:27:53Z,,0.81595,,,,,,
2026-10-01T08:27:53Z,,0.81604,,,,,,
2026-10-01T08:53:23Z,1050,,11.9,95,10.06,16.2,81.1,11.18
2026-10-01T09:27:53Z,,0.81619,,,,,,
2026-10-01T10:27:53Z,,0.81634,,,,,,
2026-10-01T10:52:44Z,1560,,12.2,95.6,10.31,15.4,77.5,10.18
2026-10-01T11:27:53Z,,0.81651,,,,,,
2026-10-01T12:27:53Z,,0.81668,,,,,,
2026-10-01T12:53:04Z,1635,,12.3,95.8,10.4,14.9,79.4,10.12
2026-10-01T13:27:53Z,,0.81685,,,,,,
2026-10-01T14:27:54Z,,0.81702,,,,,,
2026-10-01T14:52:42Z,1440,,12.4,96.8,10.57,14.4,86.9,10.74
2026-10-01T15:27:53Z,,0.81722,,,,,,
2026-10-01T16:27:53Z,,0.81743,,,,,,
2026-10-01T16:52:05Z,1485,,12.2,98.1,10.58,12.4,97.1,10.61
2026-10-01T17:27:53Z,,0.81767,,,,,,
2026-10-01T18:27:53Z,,0.81791,,,,,,
2026-10-01T18:51:54Z,1785,,12.2,98.3,10.6,10.9,100,9.94
2026-10-01T19:27:53Z,,0.81815,,,,,,
2026-10-01T20:27:53Z,,0.8184,,,,,,
2026-10-01T20:51:21Z,1785,,12.2,99.2,10.7,11.1,100,10.07
2026-10-01T21:27:53Z,,0.81868,,,,,,
2026-10-01T22:27:53Z,,0.81896,,,,,,
2026-10-01T22:50:56Z,1785,,12.2,99.5,10.73,11.1,100,10.07
2026-10-01T23:27:53Z,,0.81926,,,,,,
2026-10-02T00:27:53Z,,0.81955,,,,,,
2026-10-02T00:50:37Z,1875,,12.2,99.7,10.75,10.9,100,9.94
2026-10-02T01:27:53Z,,0.81985,,,,,,
2026-10-02T02:27:53Z,,0.82015,,,,,,
2026-10-02T02:51:23Z,1950,,12.2,99.9,10.78,10.6,100,9.76
2026-10-02T03:27:53Z,,0.82046,,,,,,
2026-10-02T04:27:53Z,,0.82077,,,,,,
2026-10-02T04:50:37Z,2025,,12.1,100,10.72,10.4,100,9.63
2026-10-02T05:27:53Z,,0.82109,,,,,,
2026-10-02T06:27:53Z,,0.8214,,,,,,
2026-10-02T06:50:35Z,1845,,12.2,100,10.79,11.1,100,10.07
2026-10-02T07:27:53Z,,0.82171,,,,,,
2026-10-02T08:27:53Z,,0.82203,,,,,,
2026-10-02T08:50:57Z,1665,,12.3,99.3,10.78,12.5,95.4,10.48
2026-10-02T09:27:53Z,,0.82232,,,,,,
2026-10-02T10:27:53Z,,0.8226,,,,,,
2026-10-02T11:27:53Z,,0.82289,,,,,,
2026-10-02T12:27:53Z,,0.82318,,,,,,
2026-10-02T12:51:00Z,1500,,12.5,98.4,10.81,14.1,89.3,10.83
2026-10-02T13:27:54Z,,0.82343,,,,,,
2026-10-02T14:27:54Z,,0.82369,,,,,,
2026-10-02T14:50:28Z,1410,,12.4,99.6,10.88,13,98,11.11
2026-10-02T15:27:53Z,,0.82399,,,,,,
2026-10-02T16:27:53Z,,0.82429,,,,,,
2026-10-02T16:50:05Z,1485,,12.4,100,10.92,12.4,99.9,10.91
2026-10-02T17:27:53Z,,0.82461,,,,,,
2026-10-02T18:27:53Z,,0.82492,,,,,,
2026-10-02T18:49:51Z,1635,,12.3,100,10.85,11.9,100,10.59
2026-10-02T19:27:53Z,,0.82524,,,,,,
2026-10-02T20:27:53Z,,0.82556,,,,,,
2026-10-02T20:50:41Z,1830,,12.3,100,10.85,11.2,100,10.13
2026-10-02T21:27:53Z,,0.82587,,,,,,
2026-10-02T22:27:53Z,,0.82619,,,,,,
2026-10-02T22:51:18Z,1845,,12.3,100,10.85,11.1,100,10.07
2026-10-02T23:27:53Z,,0.8265,,,,,,
2026-10-03T00:27:53Z,,0.82682,,,,,,
2026-10-03T00:51:14Z,1785,,12.3,100,10.85,11.5,100,10.33
2026-10-03T01:27:53Z,,0.82714,,,,,,
2026-10-03T02:27:53Z,,0.82745,,,,,,
2026-10-03T02:51:45Z,1920,,12.3,100,10.85,10.9,100,9.94
2026-10-03T03:27:53Z,,0.82777,,,,,,
2026-10-03T04:27:53Z,,0.82809,,,,,,
2026-10-03T04:51:36Z,1995,,12.2,99.9,10.78,10.6,100,9.76
2026-10-03T05:27:53Z,,0.8284,,,,,,
2026-10-03T06:27:53Z,,0.82871,,,,,,
2026-10-03T06:51:27Z,2055,,12.2,99.6,10.74,10.3,100,9.57
2026-10-03T07:27:53Z,,0.829,,,,,,
2026-10-03T08:27:53Z,,0.8293,,,,,,
2026-10-03T08:51:36Z,1920,,12.2,99.3,10.71,10.8,100,9.88
2026-10-03T09:27:53Z,,0.82959,,,,,,
2026-10-03T10:27:53Z,,0.82987,,,,,,
2026-10-03T10:51:47Z,1680,,12.3,99.2,10.77,11.6,100,10.39
2026-10-03T11:27:53Z,,0.83015,,,,,,
