timestamp,rpm,indoor_temp_c,indoor_rh_pct,indoor_abs_humidity_g_m3,outdoor_temp_c,outdoor_rh_pct,outdoor_abs_humidity_g_m3
2025-05-13T16:03:52,1110,,,,,,
2025-05-13T17:04:21,1110,,,,,,
2025-05-13T18:04:42,1110,,,,,,
2025-05-13T19:04:21,1080,,,,,,
2025-05-13T20:14:57,3285,11.7,37.7,3.9,10.4,61,5.9
2025-05-13T22:15:27,1950,11.3,56.2,5.7,9.3,68.6,6.2
2025-05-14T00:15:37,1980,10.4,61.3,5.9,8.7,74,6.4
2025-05-14T02:15:41,1830,9,68.6,6,7.5,79.4,6.4
2025-05-14T04:15:34,930,10.5,74.8,7.3,7.5,80,6.4
2025-05-14T06:15:02,975,11.9,57.9,6.1,6.2,74.5,5.5
2025-05-14T08:15:44,510,20.1,50.4,8.8,9.2,48.7,4.3
2025-05-14T10:15:38,495,23,31.6,6.5,9.5,38.3,3.5
2025-05-14T12:16:11,570,20.9,23.2,4.2,9,39.4,3.5
2025-05-14T14:16:14,3285,12.1,27.6,3,6.7,56.1,4.3
2025-05-14T16:16:25,2025,10.1,49.1,4.6,5.7,71.1,5.1
2025-05-14T18:16:32,2100,7.8,56.7,4.6,4.4,78.4,5.1
2025-05-14T20:16:00,2040,6.5,64.3,4.8,3.3,86.8,5.3
2025-05-14T22:16:39,1830,5.7,69.8,5,3,87.9,5.2
2025-05-15T00:16:21,1890,5.2,75.3,5.2,3,92.6,5.5
2025-05-15T02:15:42,1605,6.6,80.9,6.1,4.1,96.5,6.2
2025-05-15T04:15:41,1365,9,83.9,7.4,6.1,97.1,7.1
2025-05-15T06:15:25,675,12.2,74.8,8.1,7.7,83.7,6.8
2025-05-15T08:15:23,840,16.3,59.2,8.2,8.7,82.7,7.2
2025-05-15T10:14:59,600,18,53.1,8.2,9.7,73.3,6.8
2025-05-15T12:14:11,525,20.3,54.1,9.5,11.3,67.2,6.9
2025-05-15T14:14:49,510,20.4,44.2,7.8,12,59.1,6.3
2025-05-15T16:15:01,1275,17.4,44.9,6.7,11.9,59.5,6.3
2025-05-15T18:14:36,2265,12.6,51.3,5.7,10,68.8,6.5
2025-05-15T20:14:23,2130,10.4,61.7,5.9,8.7,76.5,6.6
2025-05-15T22:14:28,1965,9.3,69.4,6.2,7.9,82,6.7
2025-05-16T00:15:10,2100,8.3,71.8,6.1,6.6,88.7,6.7
2025-05-16T02:15:31,1920,7.5,80.2,6.4,5.9,95.1,6.9
2025-05-16T04:14:43,555,11.5,84.7,8.7,8.5,84.3,7.2
2025-05-16T06:15:27,570,28.5,67.6,18.9,15.1,59.2,7.6
2025-05-16T08:15:41,585,39.2,29.5,14.5,18.6,43.1,6.9
2025-05-16T10:15:34,660,46.1,18.3,12.6,17.7,45.2,6.8
2025-05-16T12:16:14,3255,30.3,16.4,5.1,17.5,44.6,6.6
2025-05-16T14:15:44,1770,20.6,34.3,6.1,17.7,42.4,6.4
2025-05-16T16:16:41,1605,18.5,37.9,6,17.4,40.6,6
2025-05-16T18:16:43,1800,18.4,37.5,5.9,16.4,44,6.1
2025-05-16T20:16:49,3180,12.3,49.6,5.4,10.3,73.5,7
2025-05-16T22:17:09,1845,11,64,6.4,8.5,79.1,6.8
2025-05-17T00:16:53,2055,9.4,70.5,6.4,7.2,89,7
2025-05-17T02:16:33,1710,9.1,76.4,6.8,6.8,91.7,7
2025-05-17T04:17:16,1485,9.4,81.3,7.4,6.7,94.4,7.2
2025-05-17T06:16:34,1080,11.4,83.5,8.6,7.8,95.9,7.8
2025-05-17T08:17:20,555,29.3,45.6,13.3,13.5,67.9,7.9
2025-05-17T10:17:00,675,51.8,17.8,16.1,16.9,53.4,7.7
2025-05-17T12:16:59,2835,30.2,19.7,6,15.1,56.2,7.2
2025-05-17T14:17:26,2025,19.4,38.1,6.4,13.1,60.8,6.9
2025-05-17T16:18:00,2325,14.1,46.9,5.7,11.6,63,6.5
2025-05-17T18:17:53,2325,12.3,57,6.2,11.2,69.7,7.1
2025-05-17T20:18:33,2265,9.3,67.5,6.1,9.2,77.4,6.9
2025-05-17T22:18:47,2220,7.2,76.2,6,7.1,86.3,6.7
2025-05-18T00:18:13,2070,7.1,81.7,6.4,6.5,93.4,7
2025-05-18T02:18:36,2040,7.1,84.9,6.6,6.2,98.8,7.3
2025-05-18T04:19:10,900,10.5,90.4,8.8,8.1,93,7.7
2025-05-18T06:18:38,510,15.9,94.2,12.8,10.8,83.9,8.3
2025-05-18T08:18:50,510,24.4,54.9,12.2,13.4,65.9,7.7
2025-05-18T10:18:11,600,32,32.9,11.1,15.7,54.5,7.3
2025-05-18T12:18:18,600,30.4,32.5,10.1,17.5,46.7,7
2025-05-18T14:19:03,1755,22.7,31.7,6.4,18,43,6.6
2025-05-18T16:19:31,1245,19.4,42.3,7.1,17.9,43.5,6.6
2025-05-18T18:19:03,1830,18.3,43.8,6.8,17.4,48.4,7.2
2025-05-18T20:19:37,2130,16.1,46.7,6.4,15.6,53.4,7.1
2025-05-18T22:19:48,2190,13,53.1,6,13.1,59,6.7
2025-05-19T00:19:20,2175,11,62,6.2,11.3,67.9,6.9
2025-05-19T02:19:09,1935,9.9,66.8,6.2,10,71,6.7
2025-05-19T04:18:47,525,16.8,71.6,10.2,14.2,59,7.2
2025-05-19T06:19:16,585,34.8,46.8,18.3,19.9,43.3,7.4
2025-05-19T08:19:19,645,44.8,21.3,13.8,22.8,32.6,6.6
2025-05-19T10:19:52,735,52.4,12.5,11.6,20.2,34.1,6
2025-05-19T12:19:35,2460,32.6,14,4.9,16.8,40,5.7
2025-05-19T14:20:22,2175,18.7,32.2,5.2,15.9,42.2,5.7
2025-05-19T16:20:54,1740,19,36.9,6,16.1,45.3,6.2
2025-05-19T18:21:17,2310,17.4,38.5,5.7,15.6,49,6.5
2025-05-19T20:20:32,2925,11.2,49.8,5,11.4,60.6,6.2
2025-05-19T22:21:05,1830,8.3,58.5,4.9,9,59,5.2
2025-05-20T00:21:42,1680,6.9,62.1,4.8,8,59.3,4.9
2025-05-20T02:22:10,1890,5.1,66.6,4.6,5.9,67.2,4.8
2025-05-20T04:21:26,510,15.8,74.1,10,13.4,55.7,6.5
2025-05-20T06:21:24,585,29.3,51.6,15.1,18.9,42.9,6.9
2025-05-20T08:20:42,585,39.4,22.3,11.1,21.4,35.6,6.7
2025-05-20T10:20:27,645,46.1,12.9,8.9,19.9,32.6,5.6
2025-05-20T10:20:27,645,46.1,12.9,8.9,19.9,32.6,5.6
2025-05-20T12:20:55,3165,29,16.8,4.8,17.5,41.1,6.1
2025-05-20T14:21:24,1830,18.7,30.2,4.8,16.7,35.7,5.1
2025-05-20T16:20:32,1245,16,31.6,4.3,15.3,30.8,4
2025-05-20T18:20:52,2325,13.7,32.1,3.8,12.8,38.7,4.3
2025-05-20T20:21:16,2760,9.7,36.6,3.4,9.6,44,4
2025-05-20T22:20:47,2685,6.4,42.5,3.2,6.3,50.3,3.7
2025-05-21T00:21:16,2070,4.2,53.1,3.4,4.6,57.8,3.8
2025-05-21T02:21:40,1785,3.3,58.7,3.6,3.5,63,3.9
2025-05-21T04:22:32,495,13.9,69.1,8.3,11.1,48.7,4.9
2025-05-21T06:22:37,585,35.2,35.5,14.2,17.9,33.5,5.1
2025-05-21T08:22:58,600,40.9,16.5,8.8,18.3,29.8,4.7
2025-05-21T10:23:46,1815,29.5,14.3,4.2,13.7,37.2,4.4
2025-05-21T12:23:22,1125,24.6,21.9,4.9,14.2,37.2,4.5
2025-05-21T14:23:12,1455,25.4,20.8,4.9,14.8,37.8,4.8
2025-05-21T16:22:56,2775,18.5,25.2,4,12.5,43,4.7
2025-05-21T18:22:19,3315,11.7,35.7,3.7,9.2,57.8,5.2
2025-05-21T20:23:08,2865,9.3,50.2,4.5,8,67.2,5.6
2025-05-21T22:22:24,2115,8.3,51.8,4.4,8.5,56.5,4.8
2025-05-22T00:22:29,1545,8.2,57.1,4.8,9.7,51.8,4.8
2025-05-22T02:23:18,1800,9.7,57.7,5.3,9,62.8,5.5
2025-05-22T04:22:37,1170,13.4,53.6,6.2,10,61.3,5.8
2025-05-22T06:22:50,690,23.4,39.7,8.3,13.2,60.7,7
2025-05-22T08:22:45,1665,22.1,36.2,7.1,12,67.2,7.2
2025-05-22T10:22:46,900,27.3,30.3,7.9,14.4,55.7,6.9
2025-05-22T12:22:07,2025,24.3,29.9,6.6,13.8,60.4,7.2
2025-05-22T14:22:04,1875,21.1,38.2,7,14.3,60.4,7.4
2025-05-22T16:21:31,2010,16.4,46.1,6.4,14.5,56.2,7
2025-05-22T18:21:55,2745,14.7,47.1,5.9,13.2,61.6,7.1
2025-05-22T20:22:39,2655,11.2,59.7,6,10.7,71.7,7
2025-05-22T22:23:05,2085,10.3,67.6,6.5,9.7,76.7,7.1
2025-05-23T00:22:24,1890,10.9,74.1,7.4,10.2,82.1,7.8
2025-05-23T02:21:55,1815,11.4,80,8.2,10.7,87.1,8.6
2025-05-23T04:22:33,1635,12.1,83.9,9,10.6,93.6,9.1
2025-05-23T06:22:21,1470,11.9,84.8,9,9.7,95.7,8.8
2025-05-23T08:22:33,1065,13.4,83.6,9.7,9.8,94.6,8.8
2025-05-23T10:22:01,1140,13.8,77.6,9.2,9.5,94.7,8.6
2025-05-23T12:21:38,1245,15.9,64.8,8.8,9.5,90.8,8.3
2025-05-23T14:22:13,510,20.8,53.2,9.6,11,77.7,7.8
2025-05-23T16:22:16,1545,18.8,42.4,6.8,10.8,68.6,6.8
2025-05-23T18:21:39,2205,12.7,54.2,6,9.3,75.2,6.8
2025-05-23T20:21:39,2310,8.5,65.6,5.6,7.2,81.8,6.4
2025-05-23T22:21:29,2250,5.4,74.7,5.2,4.8,88.1,5.9
2025-05-24T00:21:50,2145,4.1,77.8,5,3.7,91.2,5.7
2025-05-24T02:22:31,1950,4.4,82.2,5.4,3.7,94.1,5.9
2025-05-24T04:22:53,765,9.8,89.5,8.3,7.4,89.8,7.1
2025-05-24T06:22:47,510,19,79.6,13,11.4,62.2,6.4
2025-05-24T08:23:18,990,21.8,35.3,6.8,11,60.8,6.1
2025-05-24T10:23:47,585,32.7,23.6,8.3,13.8,41.2,4.9
2025-05-24T12:23:54,2295,25.2,19.2,4.5,12.1,47.7,5.1
2025-05-24T14:23:32,2010,19.3,28.3,4.7,12,47.8,5.1
2025-05-24T16:24:10,2025,17.1,33.3,4.8,11.3,51.6,5.3
2025-05-24T18:23:53,3270,11.8,45.7,4.8,9.1,72.9,6.5
2025-05-24T20:23:28,2700,9.3,59.1,5.3,7.6,78,6.3
2025-05-24T22:23:25,2205,8.5,68,5.8,6.9,84.9,6.5
2025-05-25T00:23:55,1890,8.2,73,6.1,6.5,87,6.5
2025-05-25T02:24:09,1860,7.8,75.5,6.2,5.9,90.5,6.5
2025-05-25T04:24:50,1455,8.7,79.2,6.8,6.2,90.7,6.7
2025-05-25T06:25:25,1110,12,75,8,8.2,87.6,7.3
2025-05-25T08:24:56,585,29.9,46.6,14.1,16.2,54.8,7.6
2025-05-25T10:25:01,645,42.2,15.7,9,16.1,42.8,5.9
2025-05-25T12:24:22,2160,30.3,16.8,5.2,14.8,45.5,5.8
2025-05-25T14:24:28,2400,18,28.9,4.4,14.4,41.8,5.2
2025-05-25T16:24:00,2775,15,37.5,4.8,13.9,47.3,5.7
2025-05-25T18:24:36,2715,14,43.7,5.3,11.4,60.8,6.2
2025-05-25T20:24:52,3030,9.5,54.3,4.9,9,71,6.3
2025-05-25T22:25:34,2820,7.4,65.3,5.2,7.3,80.4,6.4
2025-05-26T00:25:03,2880,5.3,68.4,4.7,5.3,84.6,5.9
2025-05-26T02:24:56,2730,5,73.9,5,5.2,87.6,6
2025-05-26T04:24:40,765,14.1,83,10.1,12.8,76.8,8.6
2025-05-26T06:24:40,570,30.1,40.5,12.4,17,58.5,8.5
2025-05-26T08:24:34,600,38,23.8,11,18.1,53,8.2
2025-05-26T10:24:06,660,42,15.9,9,16.4,45.1,6.3
2025-05-26T12:24:03,2970,27.1,22.1,5.7,14.2,60,7.3
2025-05-26T14:23:35,2520,18.8,41.1,6.6,13.7,65.2,7.7
2025-05-26T16:23:31,2085,17.6,45.5,6.8,12.7,66.7,7.4
2025-05-26T18:23:34,2880,14.5,52.6,6.5,11.4,78.6,8.1
2025-05-26T20:23:09,2775,11.2,66.2,6.7,9.6,87.8,8
2025-05-26T22:23:09,2115,10.2,75.3,7.2,8.9,90.7,7.9
2025-05-27T00:23:47,2205,10.4,80.3,7.7,9.2,97.4,8.7
2025-05-27T02:23:13,1785,10.4,84.4,8.1,9,96.1,8.5
2025-05-27T04:22:23,555,14.9,87.9,11.2,12.1,86.5,9.3
2025-05-27T06:22:30,585,33.2,37.9,13.7,16.8,63.8,9.1
2025-05-27T08:21:54,645,43.9,21,13,20,48.1,8.3
2025-05-27T10:22:05,660,46.8,14.6,10.4,18.9,44.6,7.2
2025-05-27T12:22:39,1740,32.8,16.7,5.9,17.3,41.1,6.1
2025-05-27T14:23:15,3030,19,29,4.7,16.6,42.2,6
2025-05-27T16:22:33,2340,16.5,37.2,5.2,16.3,43.4,6
2025-05-27T18:22:14,2565,15.5,39.9,5.3,15,48.5,6.2
2025-05-27T20:22:31,3105,11.8,51.3,5.4,10.7,71.1,7
2025-05-27T22:22:51,2865,9.2,61.3,5.5,8.6,78,6.7
2025-05-28T00:22:29,2910,6.4,66.9,5,6.4,82.3,6.1
2025-05-28T02:22:24,1875,8.6,76.1,6.5,8.3,81.7,6.9
2025-05-28T04:22:14,555,12.8,79.6,8.9,11.2,72.7,7.4
2025-05-28T06:21:29,525,19.7,58.4,9.9,13.6,63.9,7.5
2025-05-28T08:21:33,570,33,29,10.3,17.3,51.8,7.6
2025-05-28T10:21:22,915,31.3,26.1,8.5,18.1,48.1,7.4
2025-05-28T12:21:42,1860,28,25.9,7,18,48.2,7.4
2025-05-28T14:21:44,1815,24.8,31.6,7.2,16.6,52.6,7.4
2025-05-28T16:22:19,1245,21.9,37.3,7.2,16.7,54.2,7.7
2025-05-28T18:22:10,690,17.9,44.6,6.8,15.3,62,8.1
2025-05-28T20:21:49,495,14.3,49.2,6,13.4,68.3,7.9
2025-05-28T22:22:34,495,12.4,54.6,6,12.2,74.6,8
2025-05-29T00:23:03,495,10.3,60,5.7,10.9,79.4,7.9
2025-05-29T02:23:51,510,9.9,70.2,6.6,10.5,82.9,8
2025-05-29T04:24:32,1920,14.2,80,9.8,11.9,85.7,9.1
2025-05-29T06:25:15,2835,24.2,57.1,12.6,16.4,74.9,10.5
2025-05-29T08:25:57,1665,27.6,40.6,10.8,16.9,73.9,10.6
2025-05-29T10:26:00,3420,40.1,27.9,14.4,19.7,61.5,10.4
2025-05-29T12:25:34,1620,32.2,31.4,10.7,19.5,63.8,10.7
2025-05-29T14:25:52,570,24.5,39.1,8.8,18.2,69.5,10.8
2025-05-29T16:24:57,750,19.4,55.9,9.3,17,75.8,11
2025-05-29T18:24:14,720,16.7,63.6,9,15.2,82.5,10.7
2025-05-29T20:24:22,495,12.5,68.8,7.6,12.9,87.8,9.9
2025-05-29T22:24:03,615,12.2,80.5,8.7,12.8,93,10.4
2025-05-30T00:24:04,840,13,80.3,9.1,12.7,94.1,10.5
2025-05-30T02:24:34,840,12.3,81.4,8.8,12,95.2,10.1
2025-05-30T04:25:06,1605,14.5,81.7,10.2,12.6,91.9,10.2
2025-05-30T06:24:16,2985,23.3,64.2,13.4,16,78.4,10.7
2025-05-30T08:25:02,3345,36.1,34.8,14.6,21.6,56.7,10.8
2025-05-30T10:24:22,2805,41.2,20.7,11.3,19.8,55.9,9.5
2025-05-30T12:24:01,1980,29.7,30.2,9,18.6,52.7,8.4
2025-05-30T14:23:49,2085,21.6,36,6.8,18.2,40.1,6.2
2025-05-30T16:23:07,1095,21.7,32.5,6.2,16.8,47.6,6.8
2025-05-30T18:22:55,510,16,36.3,4.9,12.5,64.1,7
2025-05-30T20:23:37,510,11.6,63,6.5,9.6,96.7,8.9
2025-05-30T22:22:54,945,11.4,80.1,8.2,9.8,100,9.3
2025-05-31T00:22:18,1365,11.8,87,9.2,10.2,100,9.5
2025-05-31T02:23:04,1455,11.6,87.1,9,9.8,100,9.3
2025-05-31T04:22:53,1695,11.9,87.2,9.2,9.5,100,9.1
2025-05-31T06:22:52,1920,14.1,82.9,10.1,10.7,95.7,9.4
2025-05-31T08:23:07,3375,27.2,53.4,13.9,16,70.1,9.5
2025-05-31T10:23:02,3030,29,34.1,9.8,16.4,56.5,7.9
2025-05-31T12:23:29,2190,26.2,32.9,8.1,15.8,53.7,7.2
2025-05-31T14:23:32,2190,21.3,40.4,7.5,15.3,51.8,6.8
2025-05-31T16:23:33,1320,16.9,38.8,5.6,13,52.1,5.9
2025-05-31T18:23:35,495,12.8,42,4.7,11.4,56.7,5.8
2025-05-31T20:24:34,510,6.4,42.8,3.2,8.1,65.3,5.4
2025-05-31T22:23:52,480,4.3,55.1,3.6,6.8,73,5.6
2025-06-01T00:24:27,480,4.3,62.8,4.1,6,80.9,5.9
2025-06-01T02:23:47,495,4.1,68.9,4.4,5.4,86.6,6
2025-06-01T04:23:14,3300,14.3,84.9,10.4,12.7,68,7.6
2025-06-01T06:23:19,3405,30.5,30.1,9.4,18.8,40.2,6.5
2025-06-01T08:23:26,3435,38.9,20.7,10,21.5,34.1,6.4
2025-06-01T10:23:50,3465,42.4,16.8,9.7,19.9,32,5.5
2025-06-01T12:23:29,2985,30.3,21,6.5,18.5,33,5.2
2025-06-01T14:23:49,1395,20.7,27,4.9,18.4,32.1,5
2025-06-01T16:24:29,510,17.9,28,4.3,18,35.3,5.4
2025-06-01T18:24:55,510,15.6,27.2,3.6,15.7,40.6,5.4
2025-06-01T20:24:46,510,10,27.9,2.6,11.7,52.9,5.5
2025-06-01T22:24:49,480,4.6,32.7,2.2,8,61,5
2025-06-02T00:24:28,495,2.6,38.9,2.3,6.5,69.3,5.2
2025-06-02T02:24:41,480,5.3,59.7,4.1,8.6,77.4,6.6
2025-06-02T04:24:46,2130,13.7,66.7,7.9,12.6,64.5,7.1
2025-06-02T06:25:08,2085,19.9,47.1,8.1,14.8,58.4,7.4
2025-06-02T08:25:57,990,20.9,39.9,7.3,14,67.6,8.2
2025-06-02T10:25:23,915,15.6,64.6,8.6,11.6,94.3,9.8
2025-06-02T12:24:56,1275,14.2,79.8,9.7,11.4,100,10.3
2025-06-02T14:25:25,1680,14.2,86.9,10.6,11.8,100,10.5
2025-06-02T16:24:56,1485,14.9,82.1,10.5,12.7,95.7,10.6
2025-06-02T18:25:46,1245,12.6,82.4,9.1,10.8,98.4,9.7
2025-06-02T20:26:01,945,9.1,86.6,7.7,8.8,100,8.7
2025-06-02T22:26:14,1005,7.7,91.8,7.4,8.1,99.4,8.3
2025-06-03T00:26:49,1200,7.5,95,7.6,7.7,100,8.1
2025-06-03T02:27:11,1620,8.7,97.2,8.4,8.2,100,8.4
2025-06-03T04:26:37,2430,12.7,98.1,10.9,9.9,100,9.3
2025-06-03T06:26:25,3315,26.6,59.4,15,17.5,73.4,10.9
2025-06-03T08:26:34,3330,40.6,24.8,13.1,22.1,45.1,8.8
2025-06-03T10:27:02,3360,43.2,21.2,12.7,21.2,48.1,8.9
2025-06-03T12:27:44,1620,30.1,28.3,8.6,18.7,53.7,8.6
2025-06-03T14:27:28,495,20.5,38.2,6.8,17.6,55.5,8.3
2025-06-03T16:28:12,690,16.9,49.6,7.1,16.1,62.1,8.5
2025-06-03T18:28:19,570,14.3,56.2,6.9,13.7,70.9,8.4
2025-06-03T20:28:07,510,10.1,64.1,6.1,10,87.7,8.2
2025-06-03T22:27:39,495,7.6,70.2,5.7,8.1,90.6,7.5
2025-06-04T00:28:16,480,5.4,75.4,5.3,6.6,93.2,7
2025-06-04T02:28:40,495,4.3,83.4,5.4,6.3,95,7
2025-06-04T04:29:30,3330,14.7,98.9,12.4,13,78.5,8.9
2025-06-04T06:29:06,2745,29.4,36,10.6,18.1,56.9,8.8
2025-06-04T08:29:47,3435,39.9,23.6,12,21.7,43,8.2
2025-06-04T10:29:28,3315,40.1,19.9,10.2,19.4,45.7,7.6
2025-06-04T12:30:01,1575,28.2,25.3,7,17.9,45.8,7
2025-06-04T14:30:23,930,21,31.3,5.7,17.2,44.4,6.5
2025-06-04T16:30:51,510,18.3,38.9,6.1,16.5,54.8,7.7
2025-06-04T18:30:16,510,16.2,47.1,6.5,15.5,63.7,8.4
2025-06-04T20:30:49,510,12,56.3,6,12.3,75.4,8.2
2025-06-04T22:31:34,1080,12.1,68.6,7.4,13.1,70,8
2025-06-05T00:31:42,1440,12.9,67.8,7.6,13.5,66.6,7.8
2025-06-05T04:32:22,1575,14.5,67.3,8.4,13.1,73.4,8.4
2025-06-05T06:32:00,1245,13.5,74.6,8.7,11.4,90.3,9.3
2025-06-05T08:32:41,1410,14.1,80.6,9.8,11.6,97,10.1
2025-06-05T10:32:07,1545,16.8,78.7,11.2,13,100,11.3
2025-06-05T12:32:04,1860,19.5,77.7,13,14.9,97.5,12.4
2025-06-05T14:31:48,1650,21.6,62.6,11.9,16.8,82.5,11.8
2025-06-05T16:31:31,1455,18.9,67.9,11,16.9,78.4,11.3
2025-06-05T18:31:48,1920,15.7,61.4,8.2,14.4,62.1,7.7
2025-06-05T20:31:54,870,10,63.4,6,10.6,70.3,6.9
2025-06-05T22:31:13,495,6.2,74.5,5.5,8.2,81.7,6.8
2025-06-06T00:30:46,495,4.5,80.1,5.3,6.6,90.7,6.8
2025-06-06T02:30:40,675,5.6,84.7,6,6.6,94.5,7.1
2025-06-06T04:30:47,2160,11.9,90.4,9.6,10.1,91,8.6
2025-06-06T06:31:38,3330,25.4,57,13.4,16.7,66.9,9.5
2025-06-06T08:30:57,2310,28.8,33.3,9.5,17.2,57,8.3
2025-06-06T10:31:29,2400,33.5,26.4,9.7,16.6,59.4,8.4
2025-06-06T12:32:00,1065,26.1,33,8.1,15.6,67.5,9
2025-06-06T14:31:44,930,20.1,41.7,7.2,16.1,60.5,8.3
2025-06-06T16:31:04,1020,17.3,53.5,7.9,15.2,67.4,8.7
2025-06-06T18:31:48,1080,16.5,58.8,8.3,14.3,74,9.1
2025-06-06T20:32:33,885,14.3,66.5,8.2,12.6,84.1,9.3
2025-06-06T22:32:57,975,12.2,78.6,8.5,11.8,89.9,9.5
2025-06-07T00:33:40,1200,13,90.7,10.3,12.7,98.5,11
2025-06-07T02:34:20,1605,13.4,94,10.9,12.4,100,10.9
2025-06-07T04:34:40,1845,13.9,92.7,11.1,12.4,96.7,10.6
2025-06-07T06:35:05,2415,19.1,72.1,11.8,13.9,84.7,10.1
2025-06-07T08:34:24,2415,22.7,53.9,10.9,15,73.2,9.4
2025-06-07T10:33:48,2325,28.4,34.5,9.6,15.6,63.6,8.5
2025-06-07T12:32:59,1530,23.9,34.8,7.5,15.7,57,7.6
2025-06-07T14:33:18,1155,20.2,38.3,6.7,15.4,55.2,7.2
2025-06-07T16:32:36,1005,15.8,49.8,6.7,14.2,60.9,7.4
2025-06-07T18:32:05,885,13.7,56.5,6.7,12.7,69.3,7.7
2025-06-07T20:32:23,735,10.6,68.6,6.7,11.1,78.3,7.9
2025-06-07T22:32:28,1005,9.1,81.1,7.2,10.3,82.9,7.9
2025-06-08T00:32:11,1005,8.6,84.2,7.2,9.5,88.3,8
2025-06-08T02:32:23,1230,8.4,89.7,7.6,9,91.7,8.1
2025-06-08T04:33:14,2910,14.8,93.8,11.9,12.7,86.8,9.7
2025-06-08T06:32:41,3240,29.7,42.5,12.7,18.7,60.5,9.7
2025-06-08T08:33:29,3465,39.6,22.1,11.1,21.4,38.5,7.2
2025-06-08T10:33:38,2925,38,19.5,9,20.4,42.2,7.5
2025-06-08T12:34:05,1815,29.6,25.5,7.6,19.1,44.5,7.3
2025-06-08T14:34:38,1200,24,29.6,6.4,18.3,44.2,6.9
2025-06-08T16:34:45,630,20.1,34.8,6,17.1,50.3,7.3
2025-06-08T18:34:03,510,16.5,39.8,5.6,15.4,55.2,7.2
2025-06-08T20:34:59,495,10.5,41.4,4,11.5,68.1,7
2025-06-08T22:34:18,495,6.1,50.6,3.7,8.4,76.7,6.5
2025-06-09T00:33:34,495,4.4,56.1,3.7,6.4,82.8,6.2
2025-06-09T02:33:37,495,5.7,69.2,4.9,6.6,85,6.4
2025-06-09T04:33:58,1410,11.8,72,7.6,10.4,81.1,7.8
2025-06-09T06:33:38,2910,22.6,53.1,10.7,15.5,66,8.7
2025-06-09T08:33:40,2250,25.9,40.4,9.8,17,60.1,8.7
2025-06-09T10:33:12,1035,24,33.4,7.3,15.7,60.7,8.1
2025-06-09T12:33:53,510,16.1,47.3,6.5,12.3,82.5,9
2025-06-09T14:33:51,495,13.8,53.2,6.3,10.8,93.3,9.2
2025-06-09T16:34:02,510,14.1,60.8,7.4,11.2,94,9.5
2025-06-09T18:34:27,510,13.1,67.1,7.7,11.1,97.7,9.8
2025-06-09T20:34:15,510,11.8,73.7,7.8,10.7,97.3,9.6
2025-06-09T22:34:48,555,10.5,78.2,7.6,10,98.1,9.2
2025-06-10T00:34:41,945,9.7,82.9,7.6,9.1,97.3,8.6
2025-06-10T02:34:44,1035,9.4,84.5,7.6,8.7,97.5,8.4
2025-06-10T04:34:08,2220,13.9,88.3,10.6,11.1,93.5,9.4
2025-06-10T06:34:06,2115,18.6,68.4,10.9,12.8,88.2,9.9
2025-06-10T08:33:17,3180,34.5,33.9,13.1,19.6,60.6,10.2
2025-06-10T10:32:50,3330,34.5,30.6,11.8,20.5,49.5,8.8
2025-06-10T12:33:23,1605,30.1,27,8.2,18.4,52.3,8.2
2025-06-10T14:34:10,510,21.9,32.9,6.3,16.9,54.3,7.8
2025-06-10T16:35:00,690,18.8,45.7,7.4,15.6,66.2,8.8
2025-06-10T18:35:12,510,14.8,53.5,6.8,12.5,81.4,8.9
2025-06-10T20:35:17,495,10.6,66.6,6.5,10.3,91.5,8.8
2025-06-10T22:35:44,555,8.8,80.1,7,9.1,95.5,8.5
2025-06-11T00:36:04,510,7.2,77.2,6.1,7.9,95.7,7.9
2025-06-11T02:36:28,1155,7.8,88.7,7.2,8,95.2,7.9
2025-06-11T04:36:52,1980,12.7,90,10,10.6,95.2,9.3
2025-06-11T06:36:02,1845,14.2,83.4,10.2,11.5,94.1,9.7
2025-06-11T08:35:21,1800,15,78.2,10,11,96.5,9.7
2025-06-11T10:35:47,1725,14.4,82.2,10.2,10.7,100,9.8
2025-06-11T12:35:00,1470,15,78.5,10.1,11.4,99.5,10.2
2025-06-11T14:35:48,1500,14.6,81.4,10.2,11.5,100,10.3
2025-06-11T16:35:14,1530,13.8,82.7,9.8,10.9,100,9.9
2025-06-11T18:34:51,1635,12.7,87.4,9.7,10.5,100,9.7
2025-06-11T20:35:13,1650,12.1,90.6,9.7,10.4,100,9.6
2025-06-11T22:34:40,1620,11.5,91.1,9.4,9.9,100,9.3
2025-06-12T00:34:25,1695,11.3,92.1,9.4,9.8,100,9.3
2025-06-12T02:33:37,1815,11.8,94.3,9.9,10.3,100,9.6
2025-06-12T04:34:02,1980,12.8,94.4,10.6,10.7,100,9.8
2025-06-12T06:33:32,2130,13.7,93.5,11.1,11,100,10
2025-06-12T08:33:02,2250,14.6,92.3,11.5,11.4,100,10.3
2025-06-12T10:33:23,2145,17.9,82.2,12.5,13.1,100,11.4
2025-06-12T12:32:51,2910,23.7,65.7,14.1,14.3,93.3,11.5
2025-06-12T14:33:16,2325,19.7,71.4,12.1,15,82.5,10.6
2025-06-12T16:33:34,1965,20.3,63.9,11.2,15.3,80.6,10.5
2025-06-12T18:34:19,1200,16.4,69.9,9.8,14.3,85.6,10.5
2025-06-12T20:33:59,750,13.7,74.3,8.8,12.8,92.8,10.4
2025-06-12T22:34:04,510,11.4,77.5,8,11.6,96.8,10.1
2025-06-13T00:34:44,495,9.8,79.7,7.4,10.5,97.5,9.5
2025-06-13T02:34:03,750,9.2,82.1,7.3,10,91.4,8.6
2025-06-13T04:34:07,3255,16.7,82.7,11.7,13.4,75.8,8.8
2025-06-13T06:33:53,3270,30.9,40.1,12.8,19,58.9,9.6
2025-06-13T08:33:49,3390,39.2,27.8,13.7,21.1,46,8.5
2025-06-13T10:33:46,3465,39.7,23.5,11.8,19.4,43.4,7.2
2025-06-13T14:34:38,1575,20.6,38.1,6.8,18.3,43.9,6.9
2025-06-13T16:34:51,1095,18.6,40,6.4,18.3,44.9,7
2025-06-13T18:35:22,510,16.9,39.5,5.7,17.5,48.6,7.2
2025-06-13T20:34:59,510,11,39,3.9,12.7,64.8,7.2
2025-06-13T22:34:16,510,6.8,45.2,3.5,9.3,74.9,6.7
2025-06-14T00:34:14,495,4,52.7,3.4,7.2,81.2,6.4
2025-06-14T02:34:43,495,5.1,64,4.4,7.5,83.9,6.7
2025-06-14T04:33:54,3000,19.6,72.4,12.2,17.5,64.3,9.6
2025-06-14T06:33:48,3075,37.3,26.5,11.8,24.8,41.8,9.5
2025-06-14T08:33:56,3420,47.3,18.3,13.4,27.4,31.4,8.3
2025-06-14T10:33:28,3435,47.5,15.9,11.8,24.6,32.7,7.4
2025-06-14T12:33:54,2295,35.3,21.6,8.7,22.8,37.9,7.7
2025-06-14T14:34:00,1125,26.2,29,7.1,22.7,38.5,7.8
2025-06-14T16:33:53,525,22.4,31.5,6.3,22.7,41.1,8.3
2025-06-14T18:34:25,525,20.3,32.2,5.7,21.3,46.6,8.7
2025-06-14T20:34:23,495,15.3,34.8,4.5,17,56.4,8.2
2025-06-14T22:34:03,510,11.2,41.4,4.2,13.7,62.6,7.4
2025-06-15T00:33:14,495,8.8,49.2,4.3,11.4,69.6,7.1
2025-06-15T02:33:52,495,7.9,57.9,4.8,10.6,73.7,7.2
2025-06-15T04:34:32,3330,21.6,67,12.7,18.3,56.4,8.8
2025-06-15T06:35:04,2340,36.1,25.7,10.8,24.6,41.9,9.4
2025-06-15T08:36:01,3435,48.8,17.7,13.9,29,34.4,9.9
2025-06-15T10:36:03,3405,48.5,16.6,12.9,27.7,35.7,9.6
2025-06-15T12:36:22,1890,35.8,22.9,9.5,26.3,36.5,9
2025-06-15T14:36:24,1245,30.1,28.1,8.6,26.3,37,9.2
2025-06-15T16:36:43,525,26.8,29.3,7.5,24.7,40.9,9.3
2025-06-15T18:37:16,540,22.9,30.4,6.2,21.9,48.9,9.4
2025-06-15T20:36:53,495,16.5,36.6,5.1,17.7,57.4,8.7
2025-06-15T22:36:30,495,12,46,4.9,14.4,66.7,8.2
2025-06-16T00:36:22,510,10.4,54.9,5.3,12.5,71.8,7.9
2025-06-16T02:36:27,735,11.5,64.1,6.6,12.4,71,7.8
2025-06-16T04:36:18,2040,16,68.5,9.3,14.1,70,8.5
2025-06-16T06:36:25,2775,22.7,58.9,11.9,19.3,60.1,10
2025-06-16T08:35:47,1815,33.9,27.5,10.3,23.1,48.4,10
2025-06-16T10:36:13,3420,43.8,19.6,12.1,25.9,33.8,8.2
2025-06-16T12:36:17,1350,33.5,24.4,8.9,23,45.7,9.4
2025-06-16T14:35:46,1215,32,26.1,8.8,23.1,46,9.5
2025-06-16T16:36:20,510,23,39.4,8.1,20.3,59.7,10.5
2025-06-16T18:37:14,510,17.7,48.4,7.3,17.7,65.6,9.9
2025-06-16T20:37:03,510,16.1,55.5,7.6,16.3,73.3,10.2
2025-06-16T22:37:47,510,15.1,63.5,8.2,15.3,81.6,10.7
2025-06-17T00:37:24,510,14.7,70.4,8.9,14.2,88.6,10.8
2025-06-17T02:37:09,855,14.6,77.2,9.7,14.1,91.6,11.1
2025-06-17T04:37:26,1410,16.6,81.3,11.5,15,92.5,11.9
2025-06-17T06:37:51,1635,19.7,79.1,13.4,17,91.5,13.2
2025-06-17T08:37:03,1245,21,65.1,11.9,16.2,92.4,12.7
2025-06-17T10:37:54,1155,19.9,63.9,11,15,92.6,11.9
2025-06-17T12:37:18,2280,25.8,52.2,12.6,16.5,79.4,11.1
2025-06-17T14:36:38,1965,24.1,51,11.2,17,71.7,10.4
2025-06-17T16:36:21,1800,21.8,54.2,10.4,18.2,64.6,10
2025-06-17T18:36:52,1305,17.5,55.4,8.3,16.3,63,8.7
2025-06-17T20:36:50,705,12.2,64.6,7,12.9,73.2,8.2
2025-06-17T22:36:49,1020,11.7,72.5,7.6,12.3,77.1,8.4
2025-06-18T00:37:17,1110,12.1,74.2,8,11.9,81.6,8.6
2025-06-18T02:37:58,1035,12.9,80.1,9,12.4,91,9.9
2025-06-18T04:38:35,1470,14.7,83.6,10.5,13.2,93.4,10.7
2025-06-18T06:38:07,2190,22.1,73.1,14.3,18.1,82.7,12.8
2025-06-18T08:38:57,2370,35.7,34.4,14.1,21.8,64.7,12.4
2025-06-18T10:38:18,795,20.2,58.2,10.2,16.3,86,11.9
2025-06-18T12:37:38,1875,25.2,57.9,13.5,17.9,83.5,12.7
2025-06-18T14:36:51,1125,19.4,65.2,10.9,15.3,90.8,11.9
2025-06-18T16:37:38,1275,18.2,65.1,10.1,14.4,86.4,10.7
2025-06-18T18:37:18,1050,16.8,64.8,9.3,13.6,87.3,10.3
2025-06-18T20:37:30,1005,13.6,70.2,8.3,12.3,84.5,9.2
2025-06-18T22:38:08,1365,11.7,79.8,8.3,11.5,83.7,8.6
2025-06-19T00:37:22,1170,10.4,78.2,7.5,9.8,87.4,8.1
2025-06-19T02:36:47,1335,9.8,83.4,7.7,9.1,91.4,8.1
2025-06-19T04:36:50,1695,12.3,81.2,8.8,10.1,91.7,8.7
2025-06-19T06:36:34,2325,17.3,74.5,11,12.5,87.3,9.6
2025-06-19T08:36:10,3030,23.4,59.7,12.6,15,77.2,9.9
2025-06-19T10:35:40,1365,22.5,47.4,9.5,14.7,78.9,9.9
2025-06-19T12:35:02,795,19.1,54.8,9,14,86.6,10.4
2025-06-19T14:35:52,855,18.2,59.7,9.3,14,89.2,10.8
2025-06-19T16:35:12,795,15.7,68.2,9.1,13.2,93,10.7
2025-06-19T18:34:45,570,13.8,71.2,8.5,12.7,92.5,10.3
2025-06-19T20:34:51,570,12.8,75.9,8.5,11.9,96.6,10.2
2025-06-19T22:34:01,915,12.2,81.1,8.7,11.3,97.7,10
2025-06-20T00:33:38,1110,11.6,83.6,8.7,11.1,93.6,9.4
2025-06-20T02:34:19,1365,11.6,87.1,9,11,93.7,9.4
2025-06-20T04:33:45,2175,14.1,86.8,10.5,12,87.9,9.4
2025-06-20T06:34:33,3315,23.7,57.9,12.4,15,70.8,9.1
2025-06-20T08:34:26,3405,34.2,34.6,13.1,18.8,49.8,8
2025-06-20T10:34:42,3420,37.7,24,10.9,18,42.7,6.6
2025-06-20T12:35:11,3000,27.5,30.7,8.1,18,42.4,6.5
2025-06-20T14:34:55,1650,22.9,34.9,7.1,18.8,43.8,7.1
2025-06-20T16:35:00,510,20.8,36.7,6.6,17.4,56.3,8.3
2025-06-20T18:34:31,510,17.3,38.2,5.6,15.7,63.5,8.5
2025-06-20T20:34:39,510,13.3,36.6,4.2,13.2,71.1,8.2
2025-06-20T22:34:53,495,8.4,44.8,3.8,10.4,78.4,7.6
2025-06-21T00:34:45,510,7.4,51.3,4.1,8.8,85.2,7.4
2025-06-21T02:34:17,510,7.4,59.2,4.7,8.8,89.1,7.8
2025-06-21T04:33:52,2820,19,70.2,11.4,15.2,73.6,9.5
2025-06-21T06:33:53,1275,21.4,45.7,8.6,13.6,76.7,9
2025-06-21T08:33:08,720,17.3,50.3,7.4,12.7,79.1,8.8
2025-06-21T10:33:46,780,14.1,67.9,8.2,11,96.6,9.7
2025-06-21T12:33:41,1815,15.7,83.4,11.2,13.2,93.6,10.7
2025-06-21T14:33:02,1170,13.9,70,8.4,11.1,90.4,9.1
2025-06-21T16:33:24,1275,14.9,66.6,8.5,11.9,84.5,8.9
2025-06-21T18:32:32,1095,13.1,69.7,8,11,87.1,8.7
2025-06-21T20:32:10,795,11,72.1,7.2,9.2,93.6,8.4
2025-06-21T22:33:00,495,10.9,74.2,7.4,9.6,100,9.2
2025-06-22T00:32:55,495,10.4,74.1,7.1,9.3,99.3,8.9
2025-06-22T02:33:31,555,9.3,78.4,7,9,96.3,8.5
2025-06-22T04:33:46,1425,12,81.6,8.7,10.7,90.7,8.9
2025-06-22T06:33:25,3375,30.3,44.6,13.8,17.9,64.3,9.8
2025-06-22T08:33:24,3360,33,31,11.1,18.4,51.9,8.2
2025-06-22T10:33:57,2775,29,32.8,9.4,17.6,53.3,8
2025-06-22T12:33:19,2820,29,31,8.9,17.4,50.6,7.5
2025-06-22T14:33:44,2040,23.4,39,8.2,17.3,51.4,7.6
2025-06-22T16:33:48,1620,22.1,35.7,7,17.7,45.9,6.9
2025-06-22T18:33:12,675,17,44.1,6.4,16,55.8,7.6
2025-06-22T20:33:53,510,12.8,43.4,4.9,13,66.9,7.6
2025-06-22T22:33:52,510,7.3,45.9,3.6,9.1,77.7,6.9
2025-06-23T00:33:59,495,4.4,51.7,3.4,6.8,85.3,6.5
2025-06-23T02:34:04,495,4.8,65.3,4.4,7.2,87.3,6.9
2025-06-23T04:33:39,1890,15.6,71.2,9.5,13.4,76.4,8.9
2025-06-23T06:32:58,2955,27.9,31.5,8.5,16.4,49.6,6.9
2025-06-23T08:32:51,1260,21.9,38.3,7.4,15.2,60.6,7.9
2025-06-23T10:32:22,1815,24.2,37.7,8.3,15.6,60,8
2025-06-23T12:32:38,1395,22.5,37.3,7.5,15.4,58.7,7.7
2025-06-23T14:32:58,1455,23.3,36.7,7.7,16.1,57.7,7.9
2025-06-23T16:32:31,510,15.6,53.4,7.1,13.4,81.2,9.4
2025-06-23T18:32:35,750,13.3,71.3,8.2,12.1,90.4,9.7
2025-06-23T20:32:32,1080,12.6,83.2,9.2,11.3,99.3,10.1
2025-06-23T22:31:59,1335,12.6,88.2,9.8,11.3,100,10.2
2025-06-24T00:32:39,1410,12.6,89.6,9.9,11.4,100,10.3
2025-06-24T02:32:57,1470,12.8,92,10.3,11.8,100,10.5
2025-06-24T04:33:24,1605,14.1,90.5,11,12.6,99.2,11
2025-06-24T06:33:17,1710,14.6,91.2,11.4,12.9,100,11.3
2025-06-24T08:33:14,1695,15,86.7,11.1,12.3,100,10.9
2025-06-24T10:33:35,1785,14.3,87.6,10.8,11.6,100,10.4
2025-06-24T12:33:18,1800,14.9,86.2,11,12,99.6,10.6
2025-06-24T14:32:43,1830,14.9,80.6,10.3,11.9,93.5,9.9
2025-06-24T16:32:51,1380,14.3,79.6,9.8,11.3,100,10.2
2025-06-24T18:32:33,1455,13.3,86.1,9.9,11.2,100,10.1
2025-06-24T20:32:20,1560,12.4,90.1,9.8,10.7,100,9.8
2025-06-24T22:31:49,1695,12.2,92.2,9.9,10.6,100,9.8
2025-06-25T02:31:46,1815,13.1,95.6,10.9,11.7,100,10.5
2025-06-25T04:31:43,1920,14.6,94.1,11.8,12.5,100,11
2025-06-25T06:32:06,1875,15.1,90.5,11.7,12.6,100,11.1
2025-06-25T08:32:55,2010,16.9,83.4,12,13.2,97.2,11.2
2025-06-25T10:33:19,2190,21.9,64.6,12.5,14.6,89.8,11.2
2025-06-25T12:33:52,1575,23.3,54.6,11.4,15.3,87.5,11.4
2025-06-25T14:33:01,1785,23.9,53.5,11.6,15.3,85.9,11.2
2025-06-25T16:33:09,765,18.1,62.4,9.6,14,93.3,11.2
2025-06-25T18:32:58,1215,15.3,72.8,9.5,13.2,88.2,10.1
2025-06-25T20:32:57,1005,12.2,79.9,8.6,11.5,93,9.6
2025-06-25T22:33:37,1695,12.4,80.4,8.8,11.2,85.7,8.7
2025-06-26T00:33:45,1215,9.8,78.7,7.3,8.9,88.6,7.8
2025-06-26T02:32:57,1260,8.2,87.4,7.3,7.9,94.4,7.8
2025-06-26T04:32:15,2880,13.4,85,9.9,10,85.4,8
2025-06-26T06:32:51,3375,24,54.3,11.8,14.3,71.5,8.8
2025-06-26T08:32:10,3390,32.8,34.6,12.2,17.1,61.5,8.9
2025-06-26T10:32:22,3030,34.5,27.4,10.6,16.3,61.3,8.5
2025-06-26T12:32:59,2130,26.2,36.8,9.1,14.3,67.1,8.2
2025-06-26T14:33:00,1380,17.8,55.7,8.5,15.6,65.9,8.8
2025-06-26T16:32:30,1155,16,60.7,8.3,16.4,64.3,9
2025-06-26T18:31:50,885,14.3,62,7.6,13.1,76.6,8.7
2025-06-26T20:31:15,495,10.4,63.2,6.1,10.7,84.2,8.3
2025-06-26T22:31:17,495,5.9,65.7,4.7,8.2,89.8,7.5
2025-06-27T00:31:31,495,3.7,70.2,4.4,6.7,94.5,7.2
2025-06-27T02:32:14,495,4.1,81.7,5.2,7.8,95.9,7.8
2025-06-27T04:31:39,2820,16.2,100,13.8,14.6,91.7,11.5
2025-06-27T06:31:02,2835,32.6,36.3,12.7,20.3,60,10.6
2025-06-27T08:31:49,2970,34.7,27.1,10.6,20,50.1,8.7
2025-06-27T10:32:06,1575,28.2,32.3,8.9,17.6,59.5,8.9
2025-06-27T12:32:32,1530,27.3,36.3,9.5,17.5,64.6,9.6
2025-06-27T14:33:20,930,24.2,39,8.6,16.8,68.3,9.8
2025-06-27T16:32:37,525,20.3,46.4,8.2,15.9,74.3,10.1
2025-06-27T18:33:15,510,15.9,54.5,7.4,14.5,86,10.7
2025-06-27T20:32:41,510,14.3,63.3,7.8,13.2,90.4,10.4
2025-06-27T22:32:41,510,13.4,67.7,7.9,12.2,95.5,10.3
2025-06-28T00:32:14,510,12.9,70.3,7.9,11.6,98,10.2
2025-06-28T02:31:30,510,12.5,72.6,8,11.3,98.3,10
2025-06-28T04:30:35,885,13.3,78.2,9,11.7,98.5,10.3
2025-06-28T06:30:48,915,14.5,74.7,9.3,12.3,97.3,10.6
2025-06-28T08:30:48,1215,16.6,73.2,10.3,13.2,96.3,11.1
2025-06-28T10:31:21,1995,20.6,71.3,12.8,15.2,91,11.8
2025-06-28T12:31:39,2430,30,43.8,13.3,17.7,75.6,11.4
2025-06-28T14:32:07,1845,25,47.8,11,18.1,68.1,10.5
2025-06-28T16:31:13,1455,22.2,50.1,9.8,16.8,70.4,10.1
2025-06-28T18:31:26,525,18,55.9,8.6,14.9,82.8,10.5
2025-06-28T20:31:55,690,14.6,67.5,8.4,13,88.8,10.1
2025-06-28T22:32:04,915,13.5,79.6,9.3,12.2,98.2,10.6
2025-06-29T00:31:24,1410,13.5,89.9,10.5,12.3,100,10.9
2025-06-29T02:30:40,1500,14,90,10.9,12.6,100,11.1
2025-06-29T04:31:13,1770,15.3,90.1,11.8,13.1,100,11.4
2025-06-29T06:31:35,1635,16.9,83.9,12.1,13.9,100,12
2025-06-29T08:31:08,2400,23.4,65.2,13.7,15.4,90.5,11.9
2025-06-29T10:31:53,3420,29.2,50.8,14.8,16.6,74.7,10.5
2025-06-29T12:32:00,2970,26.6,43.1,10.9,17.4,58.7,8.7
2025-06-29T14:31:21,2250,22.8,42.5,8.6,17.6,51.3,7.7
2025-06-29T16:31:47,1380,19,44.5,7.2,16.8,52.6,7.5
2025-06-29T18:31:38,885,16.4,46.1,6.4,15.1,57.5,7.4
2025-06-29T20:31:05,510,12.2,50,5.4,12.8,67.2,7.5
2025-06-29T22:31:17,510,9.8,55.4,5.1,11.5,73.6,7.6
2025-06-30T00:31:31,495,8.9,60.7,5.3,10.5,81.4,7.9
2025-06-30T02:31:20,510,9.2,66.8,6,10.7,83.5,8.2
2025-06-30T04:30:59,2385,18.2,68.9,10.7,14.8,73.3,9.3
2025-06-30T06:30:22,3135,31.5,34.8,11.5,19,55.6,9.1
2025-06-30T08:31:09,1920,28.9,32.9,9.4,17.8,58.1,8.8
2025-06-30T10:30:49,2910,31.3,33.5,10.9,18.8,55.2,8.9
2025-06-30T12:31:22,2355,29.1,35.1,10.1,19.2,53.9,8.9
2025-06-30T14:31:16,1515,25.7,34.8,8.3,18.6,53.4,8.5
2025-06-30T16:30:33,765,22.3,38.2,7.5,17.4,60.3,8.9
2025-06-30T18:30:36,510,17.4,45,6.7,16.5,66.8,9.4
2025-06-30T20:29:51,510,13.5,47,5.5,14.2,76.8,9.4
2025-06-30T22:30:23,495,11.4,54.8,5.6,12.8,83.2,9.3
2025-07-01T00:30:21,495,10.4,59.3,5.7,11.7,85.4,8.9
2025-07-01T02:30:40,510,10.3,66.3,6.3,11.9,88.8,9.4
2025-07-01T04:30:04,3015,20.8,71.4,12.9,17.6,68.5,10.3
2025-07-01T06:30:09,3045,33.9,34.5,12.9,22.4,51.4,10.2
2025-07-01T08:29:36,3465,41.3,24.6,13.4,23.8,43.2,9.3
2025-07-01T10:30:24,3465,43.1,20.8,12.4,24.1,39.6,8.7
2025-07-01T12:30:43,1995,32.5,28.7,10,23.3,44.2,9.2
2025-07-01T14:31:08,1170,25.2,37.9,8.8,23.5,45.2,9.6
2025-07-01T16:31:45,765,23,39.7,8.2,22.4,48.5,9.6
2025-07-01T18:31:07,525,21.7,37.8,7.2,20.4,53,9.4
2025-07-01T20:30:30,525,16.8,37.6,5.4,17.5,59,8.8
2025-07-01T22:31:14,495,11.9,44.9,4.8,14.5,66.2,8.2
2025-07-02T00:30:59,495,10.2,51.1,4.9,12.7,71.4,7.9
2025-07-02T02:30:36,510,9.7,57.5,5.3,11.7,77.1,8.1
2025-07-02T04:30:44,3015,23.8,61.4,13.2,21.4,56.1,10.5
2025-07-02T06:30:56,2925,39.3,26.2,12.9,27.7,39.8,10.7
2025-07-02T08:30:05,3435,47.6,19.2,14.3,29.2,34.8,10.1
2025-07-02T10:30:29,2865,43.6,19.8,12.1,26.3,41.1,10.2
2025-07-02T12:30:23,1395,37.5,27.8,12.5,26.7,51.8,13.1
2025-07-02T14:30:19,810,32.7,32.3,11.3,26.1,54.2,13.3
2025-07-02T16:30:32,705,29.9,34.2,10.3,25.1,53.4,12.4
2025-07-02T18:30:03,585,23.6,37.8,8,22.4,57,11.3
2025-07-02T20:30:20,510,19.4,43.1,7.2,19.8,64.1,10.9
2025-07-02T22:30:14,510,14.9,49.9,6.4,16.8,75,10.7
2025-07-03T00:29:41,510,14.5,58.6,7.3,15.7,80.5,10.8
2025-07-03T02:28:57,525,15,64.9,8.3,15.4,83.2,10.9
2025-07-03T04:28:51,555,15.9,68.5,9.3,15.8,83.2,11.2
2025-07-03T06:27:58,3225,30.2,48.4,14.9,20.7,63.8,11.5
2025-07-03T08:27:36,2070,27.9,46.1,12.5,20.5,64.1,11.4
2025-07-03T08:27:36,2070,27.9,46.1,12.5,20.5,64.1,11.4
2025-07-03T10:27:36,1545,32.9,29.8,10.6,21.1,58.2,10.7
2025-07-03T12:28:20,1335,29.6,33.7,10,20.6,58.9,10.5
2025-07-03T14:29:05,510,24.1,44,9.6,19.9,76.3,13.1
2025-07-03T16:28:47,1620,21.7,65.6,12.5,18.6,78,12.4
2025-07-03T18:28:52,1350,18.7,65.8,10.5,16.9,76.6,11
2025-07-03T20:28:49,1710,14.6,74.9,9.4,13.8,76.9,9.2
2025-07-03T22:28:42,1575,14.5,74.8,9.3,12.7,84,9.3
2025-07-04T00:28:39,1065,13.2,76.4,8.8,10.9,96.6,9.6
2025-07-04T02:29:25,1215,12.4,77.7,8.5,10.7,92.5,9.1
2025-07-04T04:29:46,2040,14.2,82.4,10.1,13.1,81.4,9.3
2025-07-04T06:30:21,3375,31.6,38.8,12.8,19.2,54.7,9
2025-07-04T08:30:10,3420,36.5,26.4,11.3,20.5,44.8,8
2025-07-04T10:30:44,3420,39.6,21,10.5,19.6,44.8,7.6
2025-07-04T12:30:54,1980,27.7,27.3,7.3,17.3,46,6.8
2025-07-04T14:30:38,1395,19.8,37.1,6.3,16.8,46,6.6
2025-07-04T16:29:50,1110,16.9,41.2,5.9,15.9,47.6,6.4
2025-07-04T18:30:24,810,14.8,41.6,5.3,14.3,49.8,6.1
2025-07-04T20:29:36,495,10,41.7,3.9,11.2,59.4,6
2025-07-04T22:30:10,510,5.6,45.9,3.2,7.9,75.3,6.2
2025-07-05T00:30:32,510,3.9,51.7,3.3,6.4,81.8,6.1
2025-07-05T02:30:15,510,7.2,63,4.9,7.7,85.5,6.9
2025-07-05T04:30:12,780,12,68.1,7.3,10.5,86.9,8.4
2025-07-05T06:30:03,3375,30.6,43.2,13.5,17.7,64.5,9.7
2025-07-05T08:30:20,2205,31.3,34.2,11.1,18.2,64.7,10.1
2025-07-05T10:30:42,2520,39.8,23.8,12.1,18.5,64.6,10.2
2025-07-05T12:30:17,1335,28.5,33.4,9.3,17.4,66.4,9.8
2025-07-05T14:31:04,1230,24.5,38.4,8.6,16.6,65.1,9.2
2025-07-05T16:31:00,510,18.2,48.7,7.6,14.1,85.3,10.3
2025-07-05T18:31:02,525,14.5,67,8.3,12,97,10.3
2025-07-05T20:31:42,915,13,77.9,8.8,11.2,99.7,10.1
2025-07-05T22:32:11,1305,12.9,84.1,9.5,10.9,100,9.9
2025-07-06T00:32:19,1380,13.2,85.8,9.8,11.3,100,10.2
2025-07-06T02:31:45,1470,13.5,86.7,10.1,11.5,100,10.3
2025-07-06T04:32:03,1770,15,88,11.3,12.5,100,11
2025-07-06T06:31:14,1830,16.9,84,12.1,13.4,100,11.6
2025-07-06T08:31:54,1635,17.4,80.3,11.9,13.6,100,11.8
2025-07-06T10:32:22,1725,18.4,81.7,12.8,14.7,100,12.6
2025-07-06T12:32:51,1485,17.9,81.3,12.4,14.8,100,12.7
2025-07-06T14:32:36,1710,17.9,83.8,12.8,14.7,100,12.6
2025-07-06T16:32:43,1635,17.5,83.7,12.5,14.5,100,12.4
2025-07-06T18:32:23,1605,16.3,86.8,12,14,100,12.1
2025-07-06T20:31:39,1560,14.6,89.9,11.2,12.9,100,11.3
2025-07-06T22:30:56,1635,14.1,92.9,11.3,12.7,100,11.1
2025-07-07T00:30:42,1695,14.2,95.4,11.6,13.1,100,11.4
2025-07-07T02:30:04,1830,14.9,96.6,12.3,13.7,100,11.8
2025-07-07T04:30:37,1890,15.7,95.2,12.7,13.9,100,12
2025-07-07T06:30:34,2010,17.7,88.9,13.4,14.4,100,12.4
2025-07-07T08:30:34,1710,19.2,79.7,13.1,14.9,100,12.7
2025-07-07T10:29:59,2055,21.8,78.4,15,16.4,98.4,13.7
2025-07-07T12:29:21,2805,28.8,58.5,16.6,19.2,85.2,14
2025-07-07T14:29:32,1965,25.3,58.8,13.8,20.1,74.3,12.9
2025-07-07T16:29:55,915,22,58,11.3,17,88.4,12.8
2025-07-07T18:30:18,690,17.4,71.6,10.6,15.3,97.2,12.7
2025-07-07T20:29:53,750,15.7,79.9,10.7,14.7,99.7,12.5
2025-07-08T00:30:36,1050,15.1,85.4,11,14.1,100,12.1
2025-07-08T02:31:26,1155,15.2,86.2,11.2,14.1,100,12.1
2025-07-08T04:31:19,1290,15.5,87.3,11.5,14.1,100,12.1
2025-07-08T06:32:07,1545,16.1,88.3,12.1,14.2,100,12.2
2025-07-08T08:31:46,1785,18.2,87.3,13.6,15.4,100,13.1
2025-07-08T10:32:08,1845,18.8,83.4,13.4,15,100,12.8
2025-07-08T12:31:39,1965,23.8,60.8,13.1,15.1,94.5,12.2
2025-07-08T14:30:47,1875,21.9,60.3,11.6,14.9,87,11.1
2025-07-08T16:30:08,2415,21.3,68.3,12.7,16.7,76.7,10.9
2025-07-08T18:29:18,1245,16.6,72.2,10.2,15.1,84.2,10.9
2025-07-08T20:29:09,510,11,77.2,7.7,11.5,94.3,9.7
2025-07-08T22:28:25,510,7.3,83.4,6.6,9.4,99.8,9
2025-07-09T00:28:24,510,5.6,83.3,5.9,8,100,8.3
2025-07-09T02:29:18,765,7.5,95,7.6,9.1,100,8.9
2025-07-09T04:30:04,2715,16.1,92,12.6,14.6,84.7,10.6
2025-07-09T06:30:23,3180,31.5,40.4,13.3,19.5,61.6,10.3
2025-07-09T08:31:09,3435,42.1,27,15.3,23.7,49.5,10.6
2025-07-09T10:31:31,3330,45.6,20.9,14.1,21.8,48.1,9.2
2025-07-09T12:31:47,2115,30.9,28.4,9.1,19.7,48.5,8.2
2025-07-09T14:31:23,1320,23.7,36.1,7.7,19.8,47.6,8.1
2025-07-09T16:31:24,495,22,37.9,7.4,18.7,59.4,9.5
2025-07-09T18:31:33,510,18.3,41.6,6.5,17.7,63.6,9.6
2025-07-09T20:31:10,510,14.1,41.6,5,14.7,69.2,8.7
2025-07-09T22:30:43,495,10.6,49,4.8,11.9,79.2,8.4
2025-07-10T00:30:59,495,9.4,52.6,4.8,10.8,84.6,8.4
2025-07-10T02:31:28,495,8.9,58,5.1,10.2,88.2,8.4
2025-07-10T04:31:33,840,14.8,67.2,8.5,14.2,80.5,9.8
2025-07-10T06:31:53,1575,28.6,37.5,10.5,17.7,70.2,10.6
2025-07-10T08:31:40,3390,42.4,25.6,14.8,22,55.5,10.8
2025-07-10T10:32:14,1770,31.9,30.1,10.1,19.5,58.3,9.8
2025-07-10T12:32:33,1770,33.8,27.4,10.2,19.6,58.5,9.9
2025-07-10T14:33:17,1095,27.5,33.6,8.9,18.7,61.4,9.8
2025-07-10T16:32:56,510,24.7,34.8,7.9,18,65.4,10
2025-07-10T18:32:10,510,17.8,38,5.8,15.3,78.1,10.2
2025-07-10T20:31:27,495,14.6,46.6,5.8,13.8,87,10.4
2025-07-10T22:31:05,510,13.7,51.8,6.1,13.7,88.1,10.4
2025-07-11T00:30:29,510,13.3,54.2,6.3,13.7,85.8,10.2
2025-07-11T02:31:02,510,13.1,59.3,6.8,13.7,84.5,10
2025-07-11T04:30:24,1215,17.8,64.2,9.7,15.6,78.5,10.4
2025-07-11T06:30:07,915,18.7,59.5,9.5,15.1,84.6,10.9
2025-07-11T08:31:00,1020,20.3,58.8,10.3,15.6,85.9,11.4
2025-07-11T10:31:20,1620,22.7,60.7,12.3,16.5,86.8,12.2
2025-07-11T12:30:54,1815,26.2,54.6,13.4,18.3,82.6,12.9
2025-07-11T14:30:19,1785,27.4,51.6,13.6,19.7,78.1,13.3
2025-07-11T16:30:02,1260,25,54.5,12.5,20,77.6,13.4
2025-07-11T18:30:36,510,21.1,59,10.9,18.8,82.7,13.3
2025-07-11T20:29:50,510,17.7,63.9,9.6,17.8,87.8,13.3
2025-07-11T22:29:32,495,17.5,71.5,10.7,18,88.5,13.6
2025-07-12T00:28:48,510,17,70.6,10.2,17.2,91.4,13.4
2025-07-12T02:29:12,525,16.5,71.6,10,16.7,93.7,13.3
2025-07-12T04:28:38,615,17.7,76.6,11.6,17.5,92.7,13.8
2025-07-12T06:28:47,3375,30.7,70.4,22.2,23.3,76.8,16.1
2025-07-12T08:28:25,2985,45.2,31.6,20.9,29.5,58.2,17.2
2025-07-12T10:28:30,3045,49.9,26,21.5,29,60.4,17.4
2025-07-12T12:28:38,1350,38.3,33.3,15.6,26.2,66.9,16.5
2025-07-12T14:28:01,750,29.1,48.1,13.9,24.4,74.4,16.6
2025-07-12T16:27:51,1290,31.3,48.4,15.8,25.3,71.7,16.8
2025-07-12T18:27:09,795,26.5,55.5,13.9,23.1,78.3,16.2
2025-07-12T20:27:27,570,20.9,66.8,12.2,19.7,86.8,14.7
2025-07-12T22:28:10,510,17.2,74.4,10.9,17.6,91.1,13.7
2025-07-13T00:28:03,855,16.1,84.3,11.6,17.1,91.4,13.3
2025-07-13T02:28:51,885,17,82.6,11.9,16.7,96.1,13.7
2025-07-13T04:28:42,1455,21.1,83.9,15.5,20.2,90.6,15.8
2025-07-13T06:29:28,2865,33,60.3,21.5,24.8,78.7,17.9
2025-07-13T08:29:53,2325,43,32.8,19.5,27.6,65,17.3
2025-07-13T10:29:47,3090,47.6,28.2,20.9,27.9,62.6,16.9
2025-07-13T12:29:45,1455,39.1,33.1,16.2,26.1,68.4,16.8
2025-07-13T14:29:06,1110,29.1,48.4,14,25,66.9,15.4
2025-07-13T16:29:11,945,26.1,54.2,13.3,24.8,66.7,15.2
2025-07-13T18:28:04,765,24.7,58.6,13.3,24.5,69.8,15.6
2025-07-13T20:28:00,525,20.6,61.7,11,21.3,80.3,15
2025-07-13T22:27:47,960,18.6,82.2,13.1,20,85.4,14.8
2025-07-14T00:28:01,585,17.4,76.8,11.4,18.1,88.9,13.7
2025-07-14T02:27:48,510,15.7,80.9,10.8,17,91.9,13.3
2025-07-14T04:28:07,2850,24.9,86.4,19.8,23.2,78.5,16.3
2025-07-14T06:28:37,2325,39.2,38.2,18.8,27.7,62,16.6
2025-07-14T08:28:52,3210,50.6,24.1,20.6,30.8,50.3,15.9
2025-07-14T10:28:01,3270,52,20.9,19.1,29.5,50.2,14.8
2025-07-14T12:28:12,1695,39.2,30.5,15,27.3,56.5,14.8
2025-07-14T14:28:08,1110,29.6,40.6,12.1,25.7,55.5,13.3
2025-07-14T16:28:16,600,27.2,43.3,11.3,22.8,67.2,13.7
2025-07-14T18:27:34,585,24.1,44.3,9.7,21.3,77.1,14.4
2025-07-14T20:27:59,525,19.2,54,8.9,19.4,85.3,14.2
2025-07-14T22:28:50,525,16.9,62,8.9,17.8,90.8,13.8
2025-07-15T00:28:01,525,15.6,67.7,9,16.8,95,13.6
2025-07-15T02:27:17,525,16.3,70.7,9.8,17.1,98.4,14.3
2025-07-15T04:27:34,930,22.1,74.9,14.6,22,85.4,16.6
2025-07-15T06:26:54,3015,43.8,36,22.3,30.7,57,18
2025-07-15T08:26:22,3345,50.2,21.7,18.2,31.2,42.1,13.6
2025-07-15T10:26:14,2025,45.8,22.6,15.4,28.6,51.2,14.4
2025-07-15T12:26:51,1470,39.5,25.6,12.8,27.2,50.4,13.1
2025-07-15T14:26:19,1110,29.8,36.3,10.9,27,46.5,12
2025-07-15T16:26:02,540,27,38.1,9.8,23.2,70.9,14.7
2025-07-15T18:26:16,525,20.9,50.8,9.3,19.9,83.9,14.4
2025-07-15T20:26:02,525,18.1,54.9,8.5,17.8,95,14.4
2025-07-15T22:26:02,525,15.3,62.1,8.1,16.6,98.1,13.9
2025-07-16T00:25:15,510,14.7,66.5,8.4,16,99.3,13.5
2025-07-16T02:25:44,510,14.9,69.8,8.9,15.7,99.8,13.3
2025-07-16T04:26:28,900,21.4,77.5,14.5,20.4,93.1,16.5
2025-07-16T06:26:33,2730,41.1,36.7,19.8,27.7,63,16.9
2025-07-16T08:26:40,3285,49.3,23.6,19,30.8,45.2,14.3
2025-07-16T10:27:14,3390,49.9,19,15.7,28.8,41.3,11.7
2025-07-16T12:27:55,2100,37.8,24.5,11.2,26.4,41.3,10.3
2025-07-16T14:27:34,1155,28,33.4,9.1,26.6,39.5,9.9
2025-07-16T16:27:36,705,25.5,35.2,8.3,26.2,40.4,9.9
2025-07-16T18:28:04,525,22.8,36.2,7.4,23.9,47.3,10.2
2025-07-16T20:28:12,510,16.4,37.9,5.3,18,64.6,9.9
2025-07-16T22:28:33,495,12.3,44,4.8,14.7,71.6,9
2025-07-17T00:28:50,510,11.6,50.1,5.2,13.6,80,9.4
2025-07-17T02:29:25,510,11.9,54.7,5.8,13.6,83.1,9.8
2025-07-17T04:29:09,1470,21.2,61.5,11.4,20.7,64.6,11.6
2025-07-17T06:29:12,2985,42.9,27.2,16.1,30.4,42.4,13.2
2025-07-17T08:29:19,3015,51.8,20.3,18.4,35.7,36.7,15.1
2025-07-17T10:29:31,3435,54.7,16.9,17.5,31.6,39.4,13
2025-07-17T12:29:47,2025,42.6,22.4,13.1,29.1,42.2,12.2
2025-07-17T14:28:58,1125,34.8,27.8,10.9,28.3,43.5,12
2025-07-17T16:28:10,810,32.3,28.6,9.8,26.1,47,11.5
2025-07-17T18:28:04,585,25.5,38.4,9.1,24.1,51.6,11.3
2025-07-17T20:27:33,525,20.1,43.5,7.6,21.4,59.4,11.1
2025-07-17T22:26:46,510,17.1,48.8,7.1,19.2,66.2,10.9
2025-07-18T00:26:08,525,14.5,53.6,6.7,16.8,74.1,10.6
2025-07-18T02:25:41,510,13,57.7,6.5,15.3,76.4,10
2025-07-18T04:25:32,2280,21.2,69,12.8,20.8,62.4,11.3
2025-07-18T06:24:52,3165,38.3,28.7,13.5,25.7,43.9,10.5
2025-07-18T08:25:14,3435,43.4,19.6,11.9,27.1,33.7,8.7
2025-07-18T10:25:52,3015,45,16.6,10.9,25.2,36.9,8.6
2025-07-18T12:26:23,1620,32.8,24.3,8.6,23.3,41.1,8.6
2025-07-18T14:26:27,735,25.2,32.2,7.5,23.2,43,8.9
2025-07-18T16:26:09,585,22.7,37.5,7.6,22.9,44.9,9.2
2025-07-18T18:26:40,585,20.8,39.8,7.2,21.7,49.3,9.4
2025-07-18T20:26:28,510,15.6,40.6,5.4,17.2,62,9.1
2025-07-18T22:27:02,510,12.9,47.5,5.4,14.8,70.3,8.9
2025-07-19T00:26:41,510,12.6,51.1,5.7,14.7,73.5,9.3
2025-07-19T02:26:44,510,12.7,55.5,6.2,14.2,79.1,9.7
2025-07-19T04:26:34,1350,20.2,67.1,11.7,19.6,72.4,12.2
2025-07-19T06:26:54,2790,39.1,33.6,16.4,26,57.1,13.9
2025-07-19T08:26:21,3240,45.4,21.9,14.6,26.9,45.3,11.6
2025-07-19T10:26:35,2295,42,20,11.3,25.5,42.6,10.1
2025-07-19T12:26:06,1740,34.8,24,9.4,24.1,42.1,9.2
2025-07-19T14:26:59,705,26.3,32.3,8,23.7,44.6,9.5
2025-07-19T16:26:54,810,23.8,37.9,8.2,23.4,45.2,9.5
2025-07-19T18:27:25,525,21.7,40.4,7.7,22,52.7,10.2
2025-07-19T20:28:22,525,16,42.8,5.8,17.7,67,10.1
2025-07-19T22:28:57,510,12.5,48.9,5.4,14.9,75.9,9.7
2025-07-20T00:28:39,510,11.9,54.3,5.7,13.5,81.8,9.6
2025-07-20T02:28:20,525,11.6,57.5,6,13.3,86.5,10
2025-07-20T04:27:39,990,18.7,66.3,10.6,19.9,68.8,11.8
2025-07-20T06:28:14,3390,40.4,31.5,16.4,27.5,45.7,12.1
2025-07-20T08:28:32,3360,46,21.6,14.9,30.5,35.8,11.2
2025-07-20T10:29:14,3375,49.6,16.6,13.6,28.1,38,10.4
2025-07-20T12:29:13,1755,37,22.4,9.8,25.7,40.4,9.7
2025-07-20T14:28:19,645,29.5,27.4,8.1,24.8,42.7,9.7
2025-07-20T16:28:37,600,25.1,34.2,7.9,25.5,45.2,10.7
2025-07-20T18:28:53,600,25.6,34.1,8.1,24.5,50.4,11.3
2025-07-20T20:29:06,525,19.2,37.7,6.2,21.1,55.7,10.3
2025-07-20T22:29:03,510,15.8,43.1,5.8,17.8,67.8,10.3
2025-07-21T00:29:01,510,14.3,49.6,6.1,16.2,76,10.5
2025-07-21T02:28:56,510,15.2,51.5,6.7,16.4,77.4,10.8
2025-07-21T04:28:47,990,21.1,59.2,10.9,20.5,68.3,12.2
2025-07-21T06:28:17,2895,34.9,43.5,17.1,27.3,54.2,14.2
2025-07-21T08:27:39,2745,41.4,28.5,15.6,28.2,48.9,13.5
2025-07-21T10:27:28,1560,39.9,26.7,13.6,25.9,56.8,13.8
2025-07-21T12:26:49,525,27,43.3,11.1,21.4,77.4,14.5
2025-07-21T14:26:44,765,25.3,57.9,13.6,22.9,78.4,16
2025-07-21T18:27:02,570,21.5,66.8,12.6,21.3,86.2,16.1
2025-07-21T20:26:16,525,19.2,69.6,11.5,19.6,86.5,14.6
2025-07-21T22:26:12,525,16.9,72.6,10.4,17.9,87.6,13.4
2025-07-22T00:26:03,795,17.2,75.7,11.1,17.8,85.5,13
2025-07-22T02:25:57,885,17.4,80.5,11.9,17.6,91.1,13.7
2025-07-22T04:25:07,990,17.9,83.1,12.7,17.2,97.1,14.2
2025-07-22T06:24:29,1710,20.8,85.9,15.6,18.7,95.7,15.3
2025-07-22T08:24:54,2760,29,66.7,19.2,21.7,84.9,16.2
2025-07-22T10:25:00,3015,40.9,37.5,20.1,25.5,68.5,16.2
2025-07-22T12:24:07,2220,37.4,35.4,15.9,26.2,58.1,14.3
2025-07-22T14:24:56,1455,33.9,33.3,12.4,26.2,52.1,12.8
2025-07-22T16:25:14,1380,31.8,38,12.7,26.1,54.2,13.3
2025-07-22T18:25:20,525,24.1,48.4,10.6,22,73,14.2
2025-07-22T20:25:00,525,19.7,53.2,9,20.4,79,14
2025-07-22T22:25:32,525,18,60.5,9.3,18.8,84.8,13.7
2025-07-23T00:25:34,525,16.8,63.8,9.1,17.8,88.8,13.5
2025-07-23T02:24:46,525,15.9,68,9.2,16.9,90.8,13.1
2025-07-23T04:24:31,1305,20.7,78.9,14.2,21,82,15
2025-07-23T06:23:40,2790,38.8,40.5,19.5,27.7,61.5,16.5
2025-07-23T08:23:30,3135,49.2,26,20.8,32.9,47.4,16.8
2025-07-23T10:23:07,1635,39.5,26.9,13.4,26.9,52.4,13.4
2025-07-23T12:23:19,1455,36.4,31.6,13.5,25.8,57.5,13.8
2025-07-23T14:22:44,1035,27.6,41.6,11.1,25.2,53.2,12.4
2025-07-23T16:22:51,1110,25.3,47.9,11.2,25.1,53,12.3
2025-07-23T18:23:00,780,23.5,51.2,10.8,23.8,59.2,12.7
2025-07-23T20:23:00,510,18.2,55.7,8.7,19.5,73.9,12.4
2025-07-23T22:22:17,510,15.6,61.7,8.2,17.2,84.1,12.3
2025-07-24T00:21:46,495,14.9,65.1,8.3,16.1,89.4,12.2
2025-07-24T02:22:31,510,14.9,70.3,9,16.3,92.4,12.8
2025-07-24T04:22:32,825,20.4,74.5,13.2,21.5,81.4,15.3
2025-07-24T06:22:57,3270,41.8,38.4,21.5,29.7,55.1,16.5
2025-07-24T08:23:30,3390,49.1,22,17.5,32.3,37.9,13
2025-07-24T10:23:35,3405,51.1,18.2,15.9,30,39.1,11.9
2025-07-24T12:23:48,1620,38.6,25,11.9,27.6,45,12
2025-07-24T14:24:21,825,29.5,33.6,9.9,27.4,44.2,11.6
2025-07-24T16:24:19,1080,26.6,37.7,9.5,26.9,40.7,10.4
2025-07-24T18:24:17,525,23.9,42.1,9.1,24.6,55.7,12.5
2025-07-24T20:24:17,525,17.6,44.8,6.7,19.6,71,12
2025-07-24T22:25:01,525,14.2,52,6.3,16.6,80.9,11.4
2025-07-25T00:25:38,510,13,58.7,6.7,15,85.3,10.9
2025-07-25T02:25:40,510,12.7,62.4,6.9,14.4,87.4,10.8
2025-07-25T04:25:43,990,19.8,74.4,12.7,20.9,77.8,14.2
2025-07-25T06:26:06,3225,42.3,34.4,19.7,30.4,48.6,15.1
2025-07-25T08:26:51,3510,51.4,21.5,19.1,35.7,34.2,14
2025-07-25T10:26:43,3420,53.2,16.8,16.2,31.7,36.5,12.1
2025-07-25T12:27:02,1635,38.7,24.2,11.6,28.9,40.7,11.6
2025-07-25T14:27:31,945,29.7,32.4,9.7,28.2,40,11
2025-07-25T16:26:31,945,26.8,37.2,9.5,27.4,41.1,10.8
2025-07-25T18:26:49,585,24.5,41.4,9.3,25.3,51.4,12
2025-07-25T20:26:22,510,18.7,43.5,7,20.5,65.7,11.7
2025-07-25T22:26:15,510,15.8,50.6,6.8,17.9,75.4,11.5
2025-07-26T00:26:34,510,14.3,54.4,6.7,16.3,80.1,11.1
2025-07-26T02:26:56,510,13.5,59.7,7,15.6,84.2,11.2
2025-07-26T04:27:39,1230,20.8,72.9,13.2,22.2,72.3,14.2
2025-07-26T06:27:02,2820,41,36.8,19.8,29.2,57.3,16.7
2025-07-26T08:27:15,3045,47.9,23.9,18,31.9,43.5,14.6
2025-07-26T10:27:46,2835,49.5,20.8,16.9,29.1,49.4,14.3
2025-07-26T12:28:11,1395,36.4,29.6,12.6,26.6,52.4,13.2
2025-07-26T14:27:50,870,27.9,43.9,11.9,26.1,56.1,13.7
2025-07-26T16:27:12,1065,25.5,56.4,13.4,25,64,14.7
2025-07-26T18:27:03,960,23.8,61.6,13.3,23.6,70.5,15
2025-07-26T20:26:58,525,19.4,65.1,10.9,20.6,79.5,14.2
2025-07-26T22:27:44,510,16.7,68.8,9.8,18.3,87.7,13.7
2025-07-27T00:27:17,525,15.3,71.3,9.3,16.7,90.6,12.9
2025-07-27T02:27:05,510,14.2,75.9,9.3,16,92.3,12.6
2025-07-27T04:26:17,1560,21.1,85.2,15.7,21.9,82.2,15.9
2025-07-27T06:27:18,2910,41.7,37.9,21.1,30,57,17.3
2025-07-27T08:27:42,2805,45.9,26.1,17.9,29.4,51.3,15.1
2025-07-27T10:28:11,2820,46.4,25,17.5,27.6,55.7,14.8
2025-07-27T12:27:38,1650,35.4,30.7,12.4,26.1,50.4,12.3
2025-07-27T14:27:03,1140,27.7,40.4,10.8,25.7,49.4,11.8
2025-07-27T16:27:13,930,25.5,52.7,12.5,24.5,63.4,14.2
2025-07-27T16:27:13,930,25.5,52.7,12.5,24.5,63.4,14.2
2025-07-27T18:27:38,900,23.5,63.2,13.4,23.1,74,15.3
2025-07-27T20:27:02,585,20.8,70.2,12.7,21.7,81.4,15.5
2025-07-27T22:26:08,585,18.4,74.1,11.7,20,86,14.9
2025-07-28T00:25:20,525,16.5,73.9,10.4,18.2,90.9,14.1
2025-07-28T02:24:59,525,15.9,76.9,10.4,17.5,93.3,13.9
2025-07-28T04:24:15,765,18.9,81.8,13.2,19.7,91.6,15.6
2025-07-28T06:23:36,3135,34.1,58.8,22.2,25.4,72.9,17.2
2025-07-28T08:24:12,2295,39.7,35.3,17.8,26.3,63.8,15.8
2025-07-28T10:24:55,2085,42.3,28.9,16.6,25.8,64,15.4
2025-07-28T12:24:29,1515,37,33.9,14.9,25.5,64,15.2
2025-07-28T14:24:51,885,29.4,44.7,13.1,24.7,67,15.2
2025-07-28T16:25:11,1140,25.7,56.9,13.6,24.5,66.1,14.8
2025-07-28T18:24:39,960,23.9,62,13.4,23.5,71.9,15.2
2025-07-28T20:23:58,735,21.1,70.2,12.9,22,79.5,15.4
2025-07-28T22:23:58,1335,20.9,83.7,15.2,21.7,83.4,15.9
2025-07-29T00:24:47,1425,21.7,82,15.6,21.5,85.4,16.1
2025-07-29T02:25:25,1365,21.2,88.2,16.3,21,93,17
2025-07-29T04:24:46,1650,22.1,89.6,17.5,20.8,94.8,17.2
2025-07-29T06:25:32,1830,24.8,78.8,17.9,21.5,91.6,17.3
2025-07-29T08:25:41,2160,31.4,59.3,19.4,23.7,81.8,17.5
2025-07-29T10:26:09,1305,28.2,59.5,16.4,22.4,87.1,17.3
2025-07-29T12:26:34,1290,24,78.1,17,22.5,89.5,17.9
2025-07-29T14:27:29,1830,26.1,70.5,17.3,23.7,77.6,16.6
2025-07-29T16:27:29,1470,26,64.4,15.7,23.2,77.5,16.1
2025-07-29T18:26:59,1530,23.4,73,15.4,22.4,78.1,15.5
2025-07-29T20:26:30,1290,21.2,78.7,14.6,21.3,82.6,15.4
2025-07-29T22:26:52,1290,19.9,89.3,15.3,21,88.6,16.2
2025-07-30T00:26:06,1425,19.2,90.7,15,19.4,92.5,15.4
2025-07-30T02:26:04,1455,18.9,93.2,15.1,18.9,95.7,15.5
2025-07-30T04:26:20,2865,22.7,97.2,19.6,20.8,89.2,16.1
2025-07-30T06:26:12,2220,33.5,52.5,19.2,24.5,76.6,17.1
2025-07-30T08:25:26,2925,35.6,51.5,21,26.3,69.4,17.2
2025-07-30T10:25:52,2310,43.9,28.3,17.6,27.7,58.6,15.7
2025-07-30T12:25:31,1335,34.3,38,14.5,26.9,59.8,15.3
2025-07-30T14:25:44,1275,28.9,46.1,13.2,27.3,53.4,14
2025-07-30T16:25:14,1275,26.8,50.3,12.8,26.9,53.2,13.6
2025-07-30T18:25:46,1065,25,55,12.7,25.5,59.5,14.1
2025-07-30T20:26:36,705,22,62.4,12.1,23.2,69.8,14.5
2025-07-30T22:26:53,525,19,67.4,11,21,76.4,14
2025-07-31T00:26:34,525,18,70.7,10.9,20.2,79.5,13.9
2025-07-31T02:26:52,540,17.8,75.4,11.4,19.7,86.8,14.7
2025-07-31T04:27:31,1590,23.2,83.4,17.3,23.5,81.8,17.3
2025-07-31T06:27:02,2460,37.4,46.7,20.9,27.8,67.2,18.1
2025-07-31T08:27:17,3090,46.3,28.4,19.8,30,52.7,16
2025-07-31T10:27:03,2865,47.5,22.8,16.9,29.1,49.2,14.2
2025-07-31T12:27:46,720,34.4,36.6,14,26,69,16.8
2025-07-31T14:28:48,1020,29.2,48.6,14.1,24.5,71,15.9
2025-07-31T16:28:22,1110,27,55.2,14.2,24.3,70.2,15.5
2025-07-31T18:28:32,930,24.4,61.9,13.8,23.5,74.5,15.8
2025-07-31T20:28:49,825,21.2,72.9,13.5,21.9,81.9,15.8
2025-07-31T22:29:39,525,18.6,76.7,12.2,19.7,88.1,15
2025-08-01T00:29:25,525,17.5,78.5,11.7,18.5,92,14.6
2025-08-01T02:28:46,765,16.7,86.4,12.3,18,93.7,14.4
2025-08-01T04:28:27,1845,20.1,92.5,16.1,20,89.2,15.4
2025-08-01T06:28:37,2355,29.5,59.1,17.5,22.4,76.6,15.2
2025-08-01T08:29:01,2250,32.2,49.6,16.9,23.7,70.7,15.1
2025-08-01T10:29:20,2115,41.6,26.5,14.7,24.5,60.2,13.5
2025-08-01T12:29:14,1215,32.7,38,13.3,23.1,69.9,14.4
2025-08-01T14:29:13,1440,29.1,46.2,13.4,23.1,66.6,13.8
2025-08-01T16:29:26,1005,26.7,52.5,13.3,21.9,77.3,14.9
2025-08-01T18:29:22,930,22.7,67.2,13.6,20.1,89.1,15.5
2025-08-01T20:29:38,1140,20.6,79.7,14.3,19.4,92.5,15.4
2025-08-01T22:29:31,1230,19.7,82.7,14,18.6,93.9,14.9
2025-08-02T00:29:35,1215,18.6,84.1,13.4,17.6,94.8,14.2
2025-08-02T02:30:28,1335,17.6,85.5,12.8,16,98.2,13.4
2025-08-02T04:30:33,1575,16.8,89.6,12.8,15.2,99.3,12.9
2025-08-02T06:30:51,2040,22.4,82.3,16.3,18.8,93.5,15.1
2025-08-02T08:30:12,2880,34.3,46.3,17.7,23.3,69,14.4
2025-08-02T10:29:53,3465,45.6,23.5,15.9,24,51.1,11.1
2025-08-02T12:30:32,1770,31.7,34.3,11.4,22.7,54.8,11.1
2025-08-02T14:30:52,915,23.8,43.3,9.3,21.7,56,10.7
2025-08-02T16:30:24,840,22.7,49.2,9.9,21.8,60.6,11.6
2025-08-02T18:30:12,510,20,56.4,9.7,20,70.9,12.3
2025-08-02T20:29:48,510,16.5,60.6,8.5,17.3,80.8,11.9
2025-08-02T22:29:50,510,13.6,66.9,7.9,15.2,87.6,11.4
2025-08-03T00:29:28,510,11.6,69.5,7.2,13.8,92.5,11
2025-08-03T02:30:14,495,11.3,73.7,7.5,13.1,95.2,10.9
2025-08-03T04:30:56,1185,17.5,86.6,12.9,18.5,87.6,13.9
2025-08-03T06:31:14,3030,35.1,45.7,18.2,24.4,64.7,14.4
2025-08-03T08:30:48,3090,42.3,28.1,16.1,26.6,51.4,12.9
2025-08-03T10:30:50,2685,42.4,24.6,14.2,25.4,52.2,12.3
2025-08-03T12:30:31,1470,34.2,32.7,12.4,24.8,56,12.7
2025-08-03T14:29:59,840,28.6,40.8,11.5,23.9,62.1,13.4
2025-08-03T16:29:09,945,25.5,50.2,11.9,22.8,66.3,13.5
2025-08-03T18:28:20,525,21.9,60,11.6,21.3,76,14.2
2025-08-03T20:27:40,525,18.5,70.1,11.1,19.9,83.6,14.4
2025-08-03T22:28:29,510,18,76.4,11.7,19.3,88.7,14.7
2025-08-04T00:27:46,570,17,76.2,11,18.5,90.4,14.3
2025-08-04T02:27:17,555,16.4,81.9,11.4,18.2,92.4,14.4
2025-08-04T04:27:49,1905,20.5,97.1,17.3,21.1,88.7,16.3
2025-08-04T06:28:33,2880,34,48.8,18.3,25.9,62.8,15.2
2025-08-04T08:27:54,2385,39.9,32.8,16.7,26.9,57.2,14.6
2025-08-04T10:28:19,2025,43.3,26,15.7,26.8,57.4,14.6
2025-08-04T12:28:07,1275,33.4,37.3,13.6,26.5,57.8,14.5
2025-08-04T14:28:06,945,27.9,46.5,12.6,24.3,65,14.4
2025-08-04T16:27:50,510,20.5,64.7,11.5,18.3,90.7,14.2
2025-08-04T18:27:46,930,19.2,78.1,12.9,18.3,93.4,14.6
2025-08-04T20:27:13,750,17.5,79.1,11.8,17,96.3,13.9
2025-08-04T22:26:57,780,16.5,82.2,11.5,16.5,96,13.5
2025-08-05T00:27:10,915,15.6,95.8,12.7,17,100,14.5
2025-08-05T02:27:24,1050,16.6,92.6,13.1,17,100,14.5
2025-08-05T04:27:46,1665,18.2,94.4,14.7,17.2,98.5,14.4
2025-08-05T06:28:28,3030,20.8,96.5,17.5,19.3,84.5,14
2025-08-05T08:27:49,2085,28.2,51.7,14.2,20.1,74.4,12.9
2025-08-05T10:28:28,1710,27.2,48.3,12.6,19.9,71.6,12.3
2025-08-05T12:27:48,1410,26.6,50.5,12.7,20.3,74.7,13.1
2025-08-05T14:28:28,1215,22.5,60.4,12.1,18.4,82.4,13
2025-08-05T16:27:49,1185,19.6,79.3,13.4,16.9,100,14.4
2025-08-05T18:28:09,1215,18,87,13.4,16.9,99.6,14.3
2025-08-05T20:27:39,1080,15.8,89.6,12.1,15.7,99.6,13.3
2025-08-05T22:26:57,915,13.6,87.3,10.3,14,97.4,11.7
2025-08-06T00:26:19,1020,12.4,97.6,10.7,13.7,100,11.8
2025-08-06T02:25:52,1275,14,99.2,12,14.9,99.3,12.7
2025-08-06T04:25:31,2310,15.9,99.2,13.4,16.1,85.8,11.8
2025-08-06T06:25:53,2925,26.3,51.4,12.7,19.2,62.5,10.3
2025-08-06T08:25:15,2385,25.2,52.8,12.3,19.3,64.3,10.7
2025-08-06T10:26:04,2085,32.6,30.9,10.8,19.4,59.7,10
2025-08-06T12:26:14,1440,26.7,36.4,9.2,18.7,59.2,9.5
2025-08-06T14:26:07,1050,21.3,44,8.2,17.9,59.3,9.1
2025-08-06T16:26:25,990,18.7,51.7,8.3,16.6,65.9,9.3
2025-08-06T18:26:44,780,15.8,61.9,8.3,15.1,75.7,9.8
2025-08-06T20:26:27,615,14,71.5,8.6,13.8,87.2,10.4
2025-08-06T22:26:07,1035,13.1,80.3,9.2,12.1,94.3,10.1
2025-08-07T00:25:59,675,12,78.6,8.4,11.6,96.4,10
2025-08-07T02:26:34,495,9.3,82.1,7.4,10.5,98.6,9.6
2025-08-07T04:25:35,1680,13.2,100,11.5,14.1,93.1,11.3
2025-08-07T06:25:40,3120,30.4,52.9,16.4,22.1,65.3,12.7
2025-08-07T08:25:36,2895,38.7,28.7,13.8,24.5,50.9,11.4
2025-08-07T10:25:24,2280,35.6,29.3,12,21.8,55.9,10.7
2025-08-07T12:26:11,1110,29.6,34.3,10.2,20.7,62.1,11.2
2025-08-07T14:26:55,825,23.8,42.4,9.1,20.2,60.7,10.6
2025-08-07T16:27:32,825,20,55.4,9.6,18.4,70.5,11.1
2025-08-07T18:27:24,570,16.6,62.3,8.8,16.3,77.4,10.7
2025-08-07T20:26:31,510,12.8,68.6,7.7,13.9,84.1,10.1
2025-08-07T22:25:43,495,9.4,73.3,6.6,11.6,89.7,9.3
2025-08-08T00:25:45,495,8.4,76.4,6.5,10.7,94.1,9.2
2025-08-08T02:26:30,510,8.5,78.4,6.7,10.6,97,9.5
2025-08-08T04:25:48,1275,12.9,94.6,10.7,13.7,95.3,11.3
2025-08-08T06:25:40,1590,21.4,70.9,13.3,17.4,89.9,13.3
2025-08-08T08:26:20,3075,25.1,69.8,16.2,19.3,77,12.8
2025-08-08T10:25:52,1275,25.7,44.3,10.6,17,78.5,11.4
2025-08-08T12:25:21,2025,22.6,63.5,12.8,17.1,80.9,11.8
2025-08-08T14:26:02,1110,19,65.3,10.6,15.5,87.8,11.6
2025-08-08T16:25:23,1050,18.1,67,10.3,15.3,88.2,11.5
2025-08-08T18:25:00,510,13.8,75.3,9,13.9,96,11.5
2025-08-08T20:25:05,510,10.1,76.3,7.2,11.7,98.9,10.3
2025-08-08T22:24:28,510,8.2,80.4,6.7,10.4,100,9.6
2025-08-09T00:23:53,510,8.7,81.8,7.1,10.4,100,9.6
2025-08-09T02:23:09,495,7,81.6,6.3,9.5,100,9.1
2025-08-09T04:22:54,1110,11.1,97.1,9.8,12.1,100,10.7
2025-08-09T06:22:59,3270,26.2,77.9,19.2,19.7,85.2,14.5
2025-08-09T08:23:28,2310,37,38.3,16.8,24.8,65.4,14.9
2025-08-09T10:23:18,2430,38.8,30.3,14.6,22.6,63.1,12.7
2025-08-09T12:23:02,1515,31.7,35.6,11.8,22.2,61.3,12
2025-08-09T14:23:07,735,23.7,50.2,10.7,20.6,71.6,12.8
2025-08-09T16:22:54,960,21,58.8,10.8,20,70.3,12.1
2025-08-09T18:23:27,780,17.5,61.7,9.2,16.8,75,10.7
2025-08-09T20:22:51,510,13.4,69.9,8.1,14,86.2,10.4
2025-08-09T22:22:27,495,10.2,75.4,7.2,12,92.5,9.9
2025-08-10T00:22:58,510,9.3,73.5,6.6,11,95.5,9.6
2025-08-10T02:22:26,510,7.2,78.5,6.2,10,98.3,9.2
2025-08-10T04:22:45,945,11.1,91.4,9.2,11.8,98.7,10.4
2025-08-10T06:23:11,2145,20.3,82.8,14.6,16.9,92.1,13.2
2025-08-10T08:23:10,3210,31,54,17.3,21.6,69.6,13.2
2025-08-10T10:23:53,2250,36.3,31.6,13.4,23,58.4,12
2025-08-10T12:24:06,885,23.9,50.5,10.9,19.3,76,12.6
2025-08-10T14:23:28,570,19.1,59.5,9.8,18.2,75.7,11.8
2025-08-10T16:22:46,690,18,66.6,10.2,18.5,77.3,12.2
2025-08-10T18:22:50,510,15.6,67.7,9,16.4,80.6,11.2
2025-08-10T20:22:05,495,12.5,69.1,7.6,13.7,85.1,10.1
2025-08-10T22:22:46,495,10.2,79.4,7.6,11.7,92.7,9.7
2025-08-11T00:22:18,495,10,77.6,7.3,11.1,96.5,9.7
2025-08-11T02:21:30,495,9.3,81.3,7.3,10.5,99.7,9.7
2025-08-11T04:22:14,975,12.6,89.1,9.9,13,96.9,11
2025-08-11T06:21:29,3225,28.4,59.8,16.6,20.1,73.1,12.7
2025-08-11T08:21:29,3315,39,32.9,16,24.6,53.4,12
2025-08-11T10:21:40,3495,41.9,25,14.1,22.3,50.4,10
2025-08-11T12:21:49,2205,29,35.5,10.2,21.3,49.3,9.2
2025-08-11T14:21:25,1425,23.2,41,8.5,20.7,48.9,8.8
2025-08-11T16:22:02,930,20.6,44.3,7.9,19.8,53.1,9.1
2025-08-11T18:21:23,510,17.9,43.8,6.7,17.1,61.5,8.9
2025-08-11T20:20:49,495,11.7,46.8,4.9,13.5,73,8.5
2025-08-11T22:21:12,495,8.9,55.8,4.9,11.4,80.7,8.3
2025-08-12T00:21:24,510,9,60.7,5.4,10.4,86.9,8.4
2025-08-12T02:22:05,510,8.3,65.7,5.5,9.4,90.5,8.2
2025-08-12T04:21:39,495,10.4,70.9,6.8,10.3,91.5,8.8
2025-08-12T06:21:06,975,13.7,75.1,8.9,12.3,92.1,10
2025-08-12T08:20:20,2985,20.3,82.8,14.6,17,81.4,11.8
2025-08-12T10:19:51,2400,38,27.9,12.9,20.9,61.8,11.3
2025-08-12T12:19:59,495,16.9,50.4,7.2,11.8,100,10.5
2025-08-12T14:19:48,495,16.7,65.7,9.3,14.8,100,12.7
2025-08-12T16:20:26,510,17.9,63.8,9.7,15.4,100,13.1
2025-08-12T18:20:48,510,13.6,68.5,8.1,13.6,100,11.8
2025-08-12T20:21:19,480,10,74.7,7,11.8,100,10.5
2025-08-12T22:20:42,495,10.1,77.6,7.3,10.9,100,9.9
2025-08-13T00:20:40,495,8.8,77.4,6.7,9.6,100,9.2
2025-08-13T02:20:24,495,7.3,81,6.4,8.7,100,8.6
2025-08-13T04:20:40,975,11.4,91.1,9.3,11.7,100,10.5
2025-08-13T06:20:31,1560,26.6,65.8,16.6,19.3,100,16.6
2025-08-13T08:20:23,1800,41.5,29.4,16.2,24.2,71.9,15.8
2025-08-13T10:20:29,2985,44.2,25.6,16.1,22.3,66.4,13.1
2025-08-13T12:21:08,780,30.5,31.1,9.7,20.6,64,11.5
2025-08-13T14:21:51,570,22.8,36.7,7.5,20.4,67.1,11.9
2025-08-13T16:21:20,570,19.3,39.1,6.5,20.3,61.1,10.7
2025-08-13T18:20:52,510,16.4,42.4,5.9,17.1,74.5,10.8
2025-08-13T20:21:32,495,11.9,48.6,5.1,13.7,84.3,10
2025-08-13T22:21:27,495,9.6,54.4,5,11.4,92.7,9.5
2025-08-14T00:21:33,495,7.8,59.3,4.8,10,96.1,9
2025-08-14T02:20:52,480,7.1,62.1,4.8,9.1,97.8,8.7
2025-08-14T04:21:46,510,9.9,76.6,7.1,11.5,96,9.9
2025-08-14T06:22:03,1575,19.2,77.1,12.7,15.8,94.7,12.7
2025-08-14T08:21:14,2985,41.1,32.7,17.7,25.6,60,14.3
2025-08-14T10:21:04,2265,41.7,27.1,15.1,23.6,63.1,13.4
2025-08-14T12:21:33,975,31,37.2,11.9,22,69.5,13.5
2025-08-14T14:20:43,795,24.4,48.1,10.7,21.8,65.8,12.6
2025-08-14T16:20:12,1065,21.4,53.4,10,21,60.2,11
2025-08-14T18:19:34,510,18.6,56.3,9,18.6,71.2,11.3
2025-08-14T20:19:07,510,13.7,60.6,7.2,15.5,83.2,11
2025-08-14T22:19:24,495,11.4,67.9,7,13.7,90.3,10.7
2025-08-15T00:19:37,510,10.1,70.4,6.7,12.4,94.2,10.3
2025-08-15T02:19:23,495,10.3,78.3,7.5,12.4,97.3,10.6
2025-08-15T04:20:03,570,14.2,84.8,10.4,15.3,95.8,12.5
2025-08-15T06:20:26,3270,23.8,80,17.2,20,74.4,12.9
2025-08-15T08:20:12,1755,29.6,41.1,12.2,21.5,62.8,11.8
2025-08-15T10:21:06,2010,38,29.6,13.7,22,65.4,12.7
2025-08-15T12:21:14,1185,30.8,38.9,12.3,23,65,13.4
2025-08-15T14:20:29,1230,26.8,48.2,12.3,23.4,62,13
2025-08-15T16:20:12,1230,24.5,53.8,12,21.8,67.4,12.9
2025-08-15T18:20:36,1185,20.8,67.5,12.2,19.2,80.1,13.2
2025-08-15T20:19:47,945,17.7,79.8,12,16.4,97,13.5
2025-08-15T22:20:28,1425,17.6,92.2,13.8,16.7,100,14.2
2025-08-16T00:20:35,1500,17.4,93,13.8,16.4,100,14
2025-08-16T02:21:18,1575,14.9,84.6,10.8,12.6,98.1,10.8
2025-08-16T04:20:47,1620,13.2,91.3,10.5,11.9,97.8,10.4
2025-08-16T06:21:12,2910,18.9,83.2,13.5,15.2,84.7,11
2025-08-16T08:21:13,3030,28.9,40.3,11.5,17.8,60.7,9.2
2025-08-16T10:20:38,3330,29.9,38.4,11.6,17.4,58.2,8.6
2025-08-16T12:21:11,2640,25.2,41.8,9.7,17,58.6,8.5
2025-08-16T14:22:00,750,18.3,47,7.3,12.6,78.1,8.6
2025-08-16T16:21:55,720,15.7,54.5,7.3,12.1,80.8,8.7
2025-08-16T18:21:34,510,13.8,59.2,7.1,11.3,87.1,8.9
2025-08-16T20:20:56,495,11.8,68.2,7.2,10.5,94.1,9.1
2025-08-16T22:21:11,495,11,71.3,7.1,10,96.8,9.1
2025-08-17T00:21:27,495,10.5,74.6,7.2,9.7,100,9.2
2025-08-17T02:22:04,495,10.5,73.1,7.1,9.4,100,9
2025-08-17T04:21:33,780,11,78.1,7.8,9.6,100,9.2
2025-08-17T06:20:56,1365,14.1,78.3,9.5,11.3,96.9,9.9
2025-08-17T08:20:30,3180,27.3,50,13.1,15.7,74.8,10
2025-08-17T10:20:55,3195,34.5,32.1,12.4,17.9,62.5,9.5
2025-08-17T12:20:59,1665,24.8,42,9.6,17.4,63.3,9.4
2025-08-17T14:20:57,1575,23.6,43.6,9.3,18.1,60.9,9.4
2025-08-17T16:20:34,930,19.3,47.8,7.9,17.8,59.1,9
2025-08-17T18:19:37,525,15.4,52.6,6.9,15.2,77.4,10
2025-08-17T20:19:41,510,14.2,60.4,7.4,13.7,88.2,10.4
2025-08-17T22:20:22,510,14.4,60.3,7.5,13.1,90.6,10.3
2025-08-18T00:20:24,510,13.6,63.5,7.5,12.7,91.3,10.2
2025-08-18T02:20:43,510,13.5,67.1,7.8,12.3,91.5,9.9
2025-08-18T04:20:14,885,14,72.2,8.7,12.4,90.5,9.9
2025-08-18T06:20:00,1695,18.5,65.8,10.4,13.3,88.3,10.2
2025-08-18T08:19:20,3375,25.9,61.9,15,17.9,70.9,10.8
2025-08-18T10:19:34,3465,38.6,27.2,13,19.7,50.3,8.5
2025-08-18T12:19:18,1890,26.8,36.2,9.2,19.2,53.1,8.8
2025-08-18T14:20:04,1320,21.1,42.5,7.8,19.1,50.2,8.2
2025-08-18T16:19:52,495,18.9,47.4,7.7,19.4,56.5,9.4
2025-08-18T18:20:02,510,14.9,45.9,5.8,15.7,71.3,9.5
2025-08-18T20:19:15,495,11.7,52.4,5.5,13.3,80.5,9.3
2025-08-18T22:19:32,480,11.5,56.9,5.9,12.7,84.4,9.4
2025-08-19T00:18:51,495,9.4,60.8,5.5,11,88.9,8.9
2025-08-19T02:19:36,495,7.9,66.2,5.4,9.5,94.3,8.6
2025-08-19T04:20:18,495,10.7,78.4,7.7,11.7,93.4,9.8
2025-08-19T06:19:50,2790,22.8,67.4,13.7,17.4,77.3,11.5
2025-08-19T08:19:22,3330,35.3,34.3,13.8,22,56.1,10.9
2025-08-19T10:18:37,2400,34.1,29.6,11.2,19.9,56.8,9.8
2025-08-19T12:17:56,2160,29.6,33.2,9.9,19.3,53.9,8.9
2025-08-19T14:18:33,1365,24.8,34.8,7.9,18.2,53,8.2
2025-08-19T16:18:03,825,19.6,40.7,6.9,17.2,54.6,8
2025-08-19T18:18:10,510,13.9,44.7,5.4,13.4,67.2,7.8
2025-08-19T20:18:45,510,11.3,49.3,5,11.8,76.3,8
2025-08-19T22:18:02,495,10.1,55.1,5.2,10.7,81.1,8
2025-08-20T00:17:28,495,9,54.7,4.8,9,87.1,7.7
2025-08-20T02:16:40,495,6.6,60.9,4.6,7.3,92.5,7.3
2025-08-20T04:17:00,495,7.7,71.3,5.8,8.4,92.4,7.8
2025-08-20T06:16:27,3360,22.6,62.3,12.5,15.5,69.1,9.1
2025-08-20T08:16:40,3180,31.7,32.1,10.7,18.5,52.4,8.3
2025-08-20T10:17:07,3405,31.3,27.7,9,14.8,51.8,6.6
2025-08-20T12:16:57,2055,22.4,34.3,6.8,14.4,50.4,6.2
2025-08-20T14:17:06,1185,17.9,38.4,5.9,14.5,50.7,6.3
2025-08-20T16:16:37,675,15.3,41.6,5.4,14.5,52.3,6.5
2025-08-20T18:16:14,495,11.1,42.3,4.3,11.2,64.8,6.6
2025-08-20T20:17:00,495,6.2,46.8,3.4,8,78.5,6.5
2025-08-20T22:16:37,480,4.7,51.3,3.4,6.2,85.3,6.3
2025-08-21T00:16:50,480,5.2,60.5,4.2,6.5,90,6.7
2025-08-21T02:15:57,495,4,59.9,3.8,5.4,91.3,6.4
2025-08-21T06:15:36,3360,20.9,73.3,13.3,15.8,70.4,9.5
2025-08-21T08:15:31,1815,25.5,38.2,9,15.9,64.4,8.7
2025-08-21T10:15:00,2040,26.5,33.7,8.4,15.8,57.9,7.8
2025-08-21T12:15:32,1905,25.2,35.3,8.2,15.9,57.1,7.7
2025-08-21T16:14:41,510,13.6,52.1,6.1,12.5,70.8,7.8
2025-08-21T18:14:33,510,9.9,57.4,5.4,10.1,82.7,7.8
2025-08-21T20:14:15,495,8.2,71.7,6,9.4,88.4,8
2025-08-21T22:13:53,495,8.4,67.9,5.8,8.5,91.8,7.8
2025-08-22T00:13:53,495,4.5,66.7,4.4,6.2,95.4,7
2025-08-22T02:14:32,480,2.6,73.5,4.3,4.4,96.6,6.3
2025-08-22T04:13:48,495,3.6,82.8,5.1,5.3,97,6.7
2025-08-22T06:12:59,2730,13,88.6,10,9.7,92.1,8.5
2025-08-22T08:12:13,2250,26.7,42.2,10.7,16.2,69,9.5
2025-08-22T10:11:30,3240,30.6,34,10.7,16.1,61,8.4
2025-08-22T12:11:25,1845,26,34.7,8.5,15.7,60.3,8.1
2025-08-22T14:10:52,915,18.9,42.8,6.9,14.3,64.1,7.9
2025-08-22T16:10:17,525,16.9,43.7,6.3,13.8,65.8,7.8
2025-08-22T18:11:01,495,11.2,49.8,5,11,78,7.8
2025-08-22T20:10:57,495,7.9,57.5,4.7,8.4,86.7,7.4
2025-08-22T22:11:46,495,5.2,60.5,4.2,6.2,92.1,6.8
2025-08-23T00:12:13,495,2.9,65.1,3.8,4.6,95,6.3
2025-08-23T02:11:32,495,2.8,69.6,4.1,4.4,94.2,6.2
2025-08-23T04:12:07,495,4.4,77.5,5.1,5.9,95.2,6.9
2025-08-23T06:11:37,2040,13.7,82.9,9.8,11.6,86.3,9
2025-08-23T08:11:21,3015,30.2,38.4,11.8,19,58.2,9.5
2025-08-23T10:10:53,3360,33.1,30.9,11.1,18,52.5,8.1
2025-08-23T12:10:45,1200,24.5,31,6.9,16.1,54.7,7.5
2025-08-23T14:11:13,675,22.5,32.4,6.5,16.4,55.7,7.8
2025-08-23T16:11:12,510,19.7,33.3,5.7,16.2,53.3,7.3
2025-08-23T18:11:40,510,14,34.9,4.2,13,66.8,7.6
2025-08-23T20:12:31,480,8.1,43.8,3.6,9.1,79.5,7.1
2025-08-23T22:11:36,495,6.7,49.6,3.8,8,86,7.1
2025-08-24T00:10:55,495,6,55.5,4,7,91.4,7.1
2025-08-24T02:10:55,480,4.5,59.1,3.9,5.6,94.5,6.7
2025-08-24T04:10:06,495,4.4,67.9,4.4,6.2,94.6,7
2025-08-24T06:09:27,3270,19.1,73.4,12,14,73.8,8.9
2025-08-24T08:08:59,2670,30.1,33.6,10.3,18.7,55.5,8.9
2025-08-24T10:08:58,960,24.8,32.3,7.4,15.9,61.7,8.4
2025-08-24T12:08:29,1950,27.1,34.2,8.9,16.2,59.8,8.2
2025-08-24T14:08:01,1590,24.2,37.3,8.2,16.3,59.3,8.2
2025-08-24T16:08:00,495,14.5,44.4,5.5,10.3,85.6,8.2
2025-08-24T18:07:16,495,11.1,48.6,4.9,8.9,96,8.4
2025-08-24T20:07:39,480,9.6,55,5,8.1,97.8,8.1
2025-08-24T22:07:43,495,9.7,59.6,5.5,8.2,100,8.4
2025-08-25T00:08:02,495,10,63.1,5.9,8.5,100,8.5
2025-08-25T02:08:54,495,10.1,64.5,6.1,8.4,100,8.5
2025-08-25T04:08:40,495,10,67.8,6.4,8.3,100,8.4
2025-08-25T06:08:42,795,12,73.2,7.8,9.6,100,9.2
2025-08-25T08:08:56,2745,24.1,54.5,11.9,13.9,84.1,10.1
2025-08-25T10:09:16,2850,27.8,40.5,10.9,15.2,70.2,9.1
2025-08-25T12:09:01,1455,17.8,57.3,8.7,15,69.4,8.9
2025-08-25T14:09:53,1110,14.4,62.4,7.7,13.8,70.6,8.4
2025-08-25T16:09:38,1380,15.1,59.2,7.6,13.2,69.3,8
2025-08-25T18:10:01,510,11.4,65.1,6.7,11,82.4,8.2
2025-08-25T20:09:23,510,8.6,69.5,6,9.2,88.7,7.9
2025-08-25T22:09:10,495,7.2,73,5.7,7.9,93.5,7.7
2025-08-26T00:08:28,495,6.4,75.3,5.6,6.9,98,7.5
2025-08-26T02:07:35,495,7.3,79,6.2,7,100,7.7
2025-08-26T04:07:57,600,8.6,78.9,6.8,7.7,100,8.1
2025-08-26T06:08:20,2145,15,84.6,10.8,12.7,87.9,9.8
2025-08-26T08:08:23,2265,26.9,41.5,10.6,16.2,68.2,9.4
2025-08-26T10:08:09,3360,31.6,35.2,11.6,16.8,60.8,8.7
2025-08-26T12:07:37,2175,24.3,41,9.1,16.9,57,8.2
2025-08-26T14:07:48,1800,22,42.6,8.3,16.3,57.5,8
2025-08-26T16:07:46,810,16.7,51.6,7.3,14.7,67.7,8.5
2025-08-26T18:07:26,510,12.7,51.9,5.8,12,77.6,8.3
2025-08-26T20:06:54,510,8.6,53.8,4.6,9.7,82.9,7.6
2025-08-26T22:07:18,510,7,65.1,5,8.7,87.6,7.6
2025-08-27T00:07:09,495,5.1,66.1,4.5,7,91.8,7.1
2025-08-27T02:07:21,510,5.9,74.7,5.4,7.4,97.3,7.7
2025-08-27T04:08:00,495,6.6,75.7,5.7,7.2,99.9,7.8
2025-08-27T06:08:07,975,11.5,75.7,7.8,8.9,100,8.8
2025-08-27T08:08:15,3375,29.3,48.8,14.3,17.2,65.4,9.6
2025-08-27T10:08:07,2715,30.2,32.8,10.1,16.8,60.5,8.6
2025-08-27T12:08:07,1365,24,36.6,8,16.2,60.3,8.3
2025-08-27T14:08:25,720,20.2,41.3,7.2,16.3,61.9,8.6
2025-08-27T16:07:48,615,20.1,40.4,7,16,62.3,8.5
2025-08-27T18:07:04,510,13.6,43.9,5.2,13,71.8,8.1
2025-08-27T20:07:50,495,8.8,51.7,4.5,9.9,82.1,7.7
2025-08-27T22:08:01,495,5.7,59.4,4.2,7.8,86.5,7.1
2025-08-28T00:08:19,495,3.9,65.3,4.1,6.2,93,6.8
2025-08-28T02:09:04,495,2.9,69.4,4.1,4.9,96.3,6.5
2025-08-28T04:09:45,495,2.6,75,4.3,5,96.5,6.6
2025-08-28T06:10:17,2415,16.7,80,11.4,13.1,85.2,9.7
2025-08-28T08:09:51,3240,30.4,41.2,12.8,19.3,59,9.8
2025-08-28T10:09:33,2850,30.7,33.6,10.6,17.5,59.3,8.8
2025-08-28T12:10:17,1035,24,41.8,9.1,16.7,71.5,10.2
2025-08-28T14:09:49,570,22,47.6,9.2,16.4,80.3,11.2
2025-08-28T16:09:24,570,20.1,51.9,9,15.8,81.4,11
2025-08-28T18:09:22,570,15.5,60.9,8,14.2,89.1,10.9
2025-08-28T20:09:02,510,12.8,70.5,7.9,12.9,92.7,10.4
2025-08-28T22:09:36,510,11.4,74.7,7.7,12.1,95.4,10.2
2025-08-29T00:09:38,510,11,78,7.8,11.8,96.6,10.2
2025-08-29T02:10:16,495,10.2,80.1,7.6,11.5,99.1,10.2
2025-08-29T04:09:46,615,11.5,85.2,8.8,11.9,100,10.6
2025-08-29T06:09:05,1335,14.1,90.2,10.9,13.1,100,11.4
2025-08-29T08:09:03,1515,15.7,90,12,14.4,98.7,12.2
2025-08-29T10:09:53,1815,14.5,89.4,11.1,12,100,10.7
2025-08-29T12:10:24,1830,14.8,91.3,11.6,12.8,100,11.2
2025-08-29T14:10:23,1845,14.9,91.4,11.6,12.7,100,11.1
2025-08-29T16:10:13,1785,14.6,93.8,11.7,13,100,11.3
2025-08-29T18:09:57,1860,14.6,95.4,11.9,13.1,100,11.4
2025-08-29T20:10:37,1860,14.8,96.4,12.2,13.4,100,11.6
2025-08-29T22:10:26,1875,14.7,96.2,12.1,13,100,11.3
2025-08-30T00:10:14,1965,14.8,97.1,12.3,13.2,100,11.5
2025-08-30T02:10:06,1950,15.2,98.6,12.8,13.8,100,11.9
2025-08-30T04:10:30,2025,15.6,99.4,13.2,14.2,100,12.2
2025-08-30T06:10:52,2175,16.3,100,13.9,14.6,100,12.5
2025-08-30T08:11:11,2355,17.7,98.8,14.9,15.2,100,13
2025-08-30T10:11:00,2280,18.9,94.6,15.3,15.9,100,13.5
2025-08-30T12:09:58,2130,19.6,89.5,15.1,16.2,100,13.8
2025-08-30T14:10:44,1995,17.8,94.5,14.3,15.6,100,13.3
2025-08-30T16:10:50,1980,17.3,96,14.1,15.5,100,13.2
2025-08-30T18:10:15,1920,16.5,96.4,13.5,14.8,100,12.7
2025-08-30T20:09:53,2010,15.7,97.8,13.1,14,100,12.1
2025-08-30T22:10:26,2085,15.4,98.7,13,13.7,100,11.8
2025-08-31T00:10:07,2070,15.3,99.3,13,13.8,100,11.9
2025-08-31T02:09:49,2070,15.1,99.5,12.8,13.6,100,11.8
2025-08-31T04:10:38,2145,15,99.9,12.8,13.3,100,11.5
2025-08-31T06:10:41,2265,15.6,100,13.3,13.6,100,11.8
2025-08-31T08:11:10,2460,17.4,98.1,14.5,14.5,100,12.4
2025-08-31T10:11:18,2730,19.6,95.5,16.1,16,100,13.6
2025-08-31T12:11:15,2040,22.5,77.2,15.4,16.8,100,14.3
2025-08-31T14:11:41,1680,18.3,85.4,13.3,15.4,100,13.1
2025-08-31T16:12:07,1740,17.4,90.1,13.3,15.1,100,12.9
2025-08-31T18:11:35,1665,15.8,93.2,12.5,14.3,100,12.3
2025-08-31T20:11:58,1755,15.1,96.7,12.5,13.9,100,12
2025-08-31T22:11:20,1830,14.9,97.2,12.4,13.7,100,11.8
2025-09-01T00:10:28,1620,13.4,97.2,11.3,12.7,100,11.1
2025-09-01T02:10:28,1815,12.8,100,11.2,12,100,10.7
2025-09-01T04:10:49,2040,13.7,100,11.8,12.4,100,10.9
2025-09-01T06:10:42,2205,14.9,97.7,12.4,12.7,100,11.1
2025-09-01T08:10:10,2325,16.4,95.3,13.3,13.4,100,11.6
2025-09-01T10:10:46,2325,18.9,86.2,14,14.2,100,12.2
2025-09-01T12:11:24,1875,20.2,75.2,13.1,14.9,97.5,12.4
2025-09-01T14:10:46,1575,20.5,69.1,12.3,15,96.5,12.4
2025-09-01T16:10:29,1260,18.5,74,11.7,14.9,97.7,12.4
2025-09-01T18:10:11,495,12,81.5,8.7,12.2,100,10.8
2025-09-01T20:10:24,510,8.3,83.6,7,9.9,100,9.3
2025-09-01T22:11:20,495,6.3,87.7,6.5,8.3,100,8.4
2025-09-02T00:11:30,900,6.6,95.7,7.2,7.8,100,8.2
2025-09-02T02:10:44,1845,10.4,98.5,9.5,9.5,100,9.1
2025-09-02T04:10:09,1875,12,96.3,10.3,10.5,100,9.7
2025-09-02T06:09:28,2010,13.6,98.7,11.6,12.1,100,10.7
2025-09-02T08:09:55,2370,16.4,99,13.8,13.9,100,12
2025-09-02T10:09:47,2325,21.2,75.1,13.9,15.8,90.7,12.2
2025-09-02T12:09:15,1680,22.1,63.1,12.3,15.8,89.9,12.1
2025-09-02T14:09:32,1590,21.6,61.9,11.7,15.7,88.3,11.8
2025-09-02T18:08:17,915,15.9,78.4,10.6,14.4,98.2,12.1
2025-09-02T20:08:14,840,13.8,85.9,10.2,13.7,100,11.8
2025-09-02T22:08:51,840,11.8,91.6,9.6,12.7,100,11.1
2025-09-03T00:08:38,1380,13.5,94.5,11,13.2,100,11.5
2025-09-03T02:08:31,1440,13.9,94.6,11.3,13.4,100,11.6
2025-09-03T04:07:54,1470,13.5,96.7,11.3,13.2,100,11.5
2025-09-03T06:07:42,2310,17.3,95.9,14.1,15.1,95.4,12.3
2025-09-03T08:07:27,2805,25,65.1,15,18.2,80.8,12.6
2025-09-03T10:07:26,1320,23,56.7,11.7,16.7,86.1,12.2
2025-09-03T12:08:04,1470,24,57,12.4,17.2,86.8,12.7
2025-09-03T14:08:49,1320,21.3,66.7,12.4,17.5,87.9,13.1
2025-09-03T16:08:39,780,17.7,77.3,11.7,16.2,98.7,13.6
2025-09-03T18:09:20,1215,16.8,88.6,12.7,15.8,100,13.5
2025-09-03T20:09:51,1275,15.9,89.8,12.2,15,100,12.8
2025-09-03T22:10:41,1185,14.8,88.6,11.2,14.1,100,12.1
2025-09-04T00:10:34,1545,14.1,95.6,11.6,13.5,100,11.7
2025-09-04T02:09:42,1605,14.3,95,11.7,13.4,100,11.6
2025-09-04T04:08:53,1785,14.3,96.3,11.8,13.2,100,11.5
2025-09-04T06:08:52,2025,15.7,96.8,12.9,13.9,100,12
2025-09-04T08:08:43,2865,21.5,81.1,15.3,15.9,93.5,12.7
2025-09-04T10:08:10,3225,37.1,39.1,17.3,19.5,79.1,13.3
2025-09-04T12:08:29,1440,24.9,54.4,12.5,18.3,82.1,12.8
2025-09-04T14:08:10,915,19.2,67,11,17.7,83.8,12.6
2025-09-04T16:08:10,780,16.4,75,10.5,16.4,87.8,12.2
2025-09-04T18:07:25,495,12.6,77.6,8.6,13.8,95.3,11.3
2025-09-04T20:06:45,495,10.3,80.3,7.7,12.1,99.9,10.7
2025-09-04T22:06:43,495,8.7,85.1,7.4,10.7,100,9.8
2025-09-05T00:07:33,1110,10.8,92.3,9.1,11,100,10
2025-09-05T02:07:03,1275,12.6,88.9,9.8,11.7,100,10.5
2025-09-05T04:06:19,1620,13.3,91.6,10.6,11.8,100,10.5
2025-09-05T06:07:01,2100,15.9,93.8,12.7,13.3,100,11.5
2025-09-05T08:07:26,2040,18.2,92.4,14.4,15.5,100,13.2
2025-09-05T10:08:00,2910,29.5,61.1,18,18.2,95,14.8
2025-09-05T12:08:02,1845,24.4,65.7,14.6,19.2,85,14
2025-09-05T14:08:20,1155,20.9,69.4,12.6,19.3,82.7,13.7
2025-09-05T16:08:20,930,18.9,73,11.8,18.6,85.1,13.5
2025-09-05T18:07:57,675,15.7,80,10.7,15.7,95.8,12.8
2025-09-05T20:07:47,1035,14.2,87,10.6,13.6,100,11.8
2025-09-05T22:07:59,915,12.9,84.3,9.5,12.2,100,10.8
2025-09-06T00:08:03,1335,13,91,10.3,12.2,100,10.8
2025-09-06T02:08:23,1545,14.3,91.7,11.3,13.1,100,11.4
2025-09-06T04:09:07,1695,14.7,93.2,11.7,13.2,100,11.5
2025-09-06T06:08:46,2025,16.8,96.1,13.7,14.9,100,12.7
2025-09-06T08:08:59,2145,19.2,95.2,15.7,16.7,100,14.2
2025-09-06T10:08:40,2190,23.5,82.8,17.5,18.4,100,15.7
2025-09-06T12:08:04,1860,25.5,72.2,17.1,20.5,91.8,16.3
2025-09-06T14:08:15,1260,23.6,69.8,14.8,20.7,88,15.8
2025-09-06T16:08:37,1065,20.8,79.8,14.4,19.7,94.1,16
2025-09-06T18:08:35,975,18.7,86.9,13.9,18.6,98.4,15.7
2025-09-06T20:08:15,855,16.9,89,12.8,17.3,100,14.7
2025-09-06T22:08:31,885,15.7,91.5,12.2,16.5,100,14
2025-09-07T00:07:47,1005,15.5,92.9,12.3,16,100,13.6
2025-09-07T02:07:11,1170,15.6,94.7,12.6,16,100,13.6
2025-09-07T04:06:39,1470,15.9,97.7,13.2,15.9,100,13.5
2025-09-07T06:06:47,1890,17.9,98.8,15.1,16.7,100,14.2
2025-09-07T08:06:20,2415,22.1,99,19.3,19.3,100,16.6
2025-09-07T10:05:51,2070,24.1,79.6,17.4,18.9,99.2,16.1
2025-09-07T12:05:54,1845,24.6,74.4,16.7,18.9,98.8,16
2025-09-07T14:06:21,1530,23.9,73.4,15.9,19,98.4,16
2025-09-07T16:05:45,1290,21.5,79.5,15,18.6,99.9,15.9
2025-09-07T18:05:03,885,17.4,85.1,12.6,17,100,14.5
2025-09-07T20:05:33,750,14.2,89.6,10.9,15.1,100,12.9
2025-09-07T22:05:21,720,12.7,91,10.1,14,100,12.1
2025-09-08T00:04:42,1035,12.5,94,10.3,13.1,100,11.4
2025-09-08T02:05:09,1590,14.2,98.1,12,13.8,100,11.9
2025-09-08T04:05:41,1830,15.2,98.1,12.7,14.2,100,12.2
2025-09-08T06:05:04,2370,17.8,100,15.2,15.4,100,13.1
2025-09-08T08:04:31,2715,20.2,96.4,16.9,16.8,100,14.3
2025-09-08T10:04:35,2355,24.8,80,18.2,18.6,100,15.9
2025-09-08T12:03:58,2010,27.3,72.6,19,21.4,94.1,17.6
2025-09-08T14:03:36,1455,22.9,73.2,15,21.2,82.8,15.3
2025-09-08T16:04:26,1215,20.6,75,13.4,20,83.7,14.5
2025-09-08T18:03:54,720,16.4,80.1,11.2,17.1,91.2,13.3
2025-09-08T20:03:55,570,14.2,84.8,10.4,15.6,94.4,12.5
2025-09-08T22:03:45,510,12.5,84.2,9.3,14,98.9,11.9
2025-09-09T00:02:53,510,10.6,84.8,8.3,12.7,100,11.1
2025-09-09T02:03:36,510,10,89.5,8.4,11.8,100,10.5
2025-09-09T04:04:15,510,9.5,89.3,8.1,11.2,100,10.1
2025-09-09T06:04:07,1905,17.8,99,15,17.6,93.9,14.1
2025-09-09T08:04:47,2970,31.4,56.9,18.6,22.5,75.5,15.1
2025-09-09T10:04:38,2370,34.6,35.9,13.9,21.2,65.9,12.2
2025-09-09T12:05:10,1425,25,47.9,11,20.3,65,11.4
2025-09-09T14:05:17,885,20.8,54.6,9.9,19.7,66.8,11.3
2025-09-09T16:05:00,630,18.6,60.3,9.6,18.7,72.4,11.6
2025-09-09T18:05:40,555,14.7,66.5,8.4,16.4,82.8,11.6
2025-09-09T20:05:59,510,13.4,74.8,8.7,15.2,90.7,11.8
2025-09-09T22:06:15,510,12.3,78.5,8.5,14.2,94.6,11.5
2025-09-10T00:05:34,510,12.9,79.5,9,13.9,96.8,11.6
2025-09-10T02:05:14,570,13.7,82.8,9.8,14,98.2,11.8
2025-09-10T04:05:28,720,14.1,83.7,10.2,14.1,99.3,12
2025-09-10T06:06:05,1740,17.6,93.3,14,16.9,94.8,13.6
2025-09-10T08:05:38,2475,25.9,68.8,16.7,19.5,84.1,14.1
2025-09-10T10:05:04,1905,26,57.8,14.1,19.6,78.6,13.3
2025-09-10T12:04:21,1590,24.8,51.3,11.7,20.8,64.8,11.7
2025-09-10T14:05:13,930,22,55.4,10.8,20.3,70,12.3
2025-09-10T16:04:53,990,19.7,65.3,11.1,19.2,75.2,12.4
2025-09-10T18:05:13,630,16.4,73.5,10.3,17.2,84.4,12.4
2025-09-10T20:05:16,510,14.2,81.5,9.9,16,89.6,12.2
2025-09-10T22:05:32,630,13.9,86.8,10.4,15.7,93.1,12.5
2025-09-11T00:05:44,1305,15.3,94.3,12.3,17.2,87.9,12.9
2025-09-11T02:06:18,1290,15.4,91.5,12,16.3,91.6,12.7
2025-09-11T04:06:47,1245,14.9,95.3,12.1,15.7,96.9,13
2025-09-11T06:06:05,2685,18.6,100,15.9,17.8,89,13.5
2025-09-11T08:06:30,2715,26,64.5,15.7,20,78.1,13.5
2025-09-11T10:07:12,1860,31.7,40.5,13.5,20.3,73.6,12.9
2025-09-11T12:07:29,1200,24,52.8,11.5,19.8,72.4,12.4
2025-09-11T14:06:53,1125,20.8,61.7,11.2,19.6,72.2,12.2
2025-09-11T16:07:03,1245,18.6,67.6,10.8,18.2,73.6,11.4
2025-09-11T18:07:45,1410,17.5,72.7,10.8,18.1,72.3,11.2
2025-09-11T20:07:42,1545,17.1,72.7,10.6,17.3,72.5,10.7
2025-09-11T22:07:41,1305,16,75.3,10.3,16.2,78.2,10.8
2025-09-12T00:08:16,1470,15.4,77.1,10.1,15.8,76.6,10.3
2025-09-12T02:07:59,1530,15.2,78,10.1,15.2,78.7,10.2
2025-09-12T04:08:48,1695,15.5,77.7,10.3,14.9,79.1,10.1
2025-09-12T06:09:00,1860,16.7,74.3,10.6,15,78.8,10.1
2025-09-12T08:08:52,1860,18.3,68.6,10.7,15.3,78.6,10.3
2025-09-12T10:09:04,1095,16.8,70,10,14.6,88.2,11
2025-09-12T12:09:43,1215,15.4,83.5,11,13.6,100,11.8
2025-09-12T14:09:00,1665,15.1,90.2,11.6,13.3,100,11.5
2025-09-12T16:08:35,1695,14.8,92.1,11.7,13.2,100,11.5
2025-09-12T18:08:26,1725,15.1,95.5,12.3,14,100,12.1
2025-09-12T20:07:56,1815,15.3,96.1,12.5,14,100,12.1
2025-09-12T22:07:23,1830,15,96.5,12.4,13.8,100,11.9
2025-09-13T00:06:48,1860,15,96.8,12.4,13.7,100,11.8
2025-09-13T02:06:13,1860,15.1,97.7,12.6,13.9,100,12
2025-09-13T04:06:53,1785,14.9,97.6,12.4,13.9,100,12
2025-09-13T06:07:03,2055,16.2,100,13.8,14.7,100,12.6
2025-09-13T08:06:48,2145,18.9,88.4,14.3,15.6,96.9,12.9
2025-09-13T10:07:23,1665,25.2,54.5,12.7,16.7,88.1,12.5
2025-09-13T12:07:38,1275,21.5,65,12.3,16.4,92.4,12.9
2025-09-13T14:07:38,1140,16.1,79.3,10.9,15.8,87.9,11.8
2025-09-13T16:06:56,1215,14.4,87.7,10.8,15.4,88.3,11.6
2025-09-13T18:07:18,810,11.5,89.9,9.3,12.7,96.9,10.8
2025-09-13T20:07:00,750,10.4,91.4,8.8,11.6,100,10.4
2025-09-13T22:06:10,510,8.4,92.2,7.8,10.5,100,9.7
2025-09-14T00:06:35,900,9.1,96.3,8.5,10.4,100,9.6
2025-09-14T02:06:57,1020,10,95.3,9,10.8,100,9.9
2025-09-14T04:06:40,1575,12.4,99.1,10.8,12.4,100,10.9
2025-09-14T06:06:46,1860,14.3,98.4,12.1,13.2,100,11.5
2025-09-14T08:06:33,1950,15.1,98,12.6,13.7,100,11.8
2025-09-14T10:06:08,2040,15.2,98.8,12.8,13.6,100,11.8
2025-09-14T12:05:21,2145,16,96.9,13.2,13.8,100,11.9
2025-09-14T14:05:31,2055,16.2,95.5,13.2,14,100,12.1
2025-09-14T16:04:42,1785,15.4,94.2,12.4,13.7,100,11.8
2025-09-14T18:04:51,1860,14.6,98.1,12.3,13.4,100,11.6
2025-09-14T20:05:31,1740,14.3,99.1,12.2,13.6,100,11.8
2025-09-14T22:05:13,1545,14,100,12.1,14.2,100,12.2
2025-09-15T00:04:49,1635,14.5,100,12.4,14.4,100,12.4
2025-09-15T02:04:14,1650,14.5,100,12.4,14.5,99.5,12.4
2025-09-15T04:04:32,1860,13.9,97.3,11.7,14.4,90.2,11.1
2025-09-15T06:04:55,1845,13.8,97.9,11.7,12.6,100,11.1
2025-09-15T08:05:27,2040,13.6,96.9,11.4,11.8,100,10.5
2025-09-15T10:06:01,2160,13.6,98.4,11.6,11.6,100,10.4
2025-09-15T12:06:11,2145,14,99.4,12,12.3,100,10.9
2025-09-15T14:06:20,2130,15.1,99.3,12.8,13.3,100,11.5
2025-09-15T16:05:40,1830,14.8,97.6,12.4,13.7,100,11.8
2025-09-15T18:06:27,1500,12.4,96.3,10.5,12.1,100,10.7
2025-09-15T20:07:06,1560,13,100,11.3,13,100,11.3
2025-09-15T22:07:15,1800,13.6,100,11.8,13.1,100,11.4
2025-09-16T00:07:15,1860,13.9,100,12,13.1,100,11.4
2025-09-16T02:06:44,1830,14,100,12.1,13.3,100,11.5
2025-09-16T04:07:16,1995,13.9,100,12,12.7,100,11.1
2025-09-16T06:07:51,2025,14.1,100,12.1,12.8,100,11.2
2025-09-16T08:07:54,2040,14.1,100,12.1,12.7,100,11.1
2025-09-16T10:08:12,2250,16.4,100,14,14.3,100,12.3
2025-09-16T12:07:47,2325,16.5,97.2,13.6,14.9,94.1,12
2025-09-16T14:07:42,1665,17.5,82.7,12.3,15.1,93.5,12.1
2025-09-16T16:07:54,1440,13.8,88.1,10.5,12.6,97.9,10.8
2025-09-16T18:08:20,1335,11.3,94.6,9.6,11.1,100,10.1
2025-09-16T20:08:48,1545,12.4,100,10.9,12.9,97.5,11
2025-09-16T22:09:01,1500,12.5,100,11,12.8,100,11.2
2025-09-17T00:09:44,1665,13.1,100,11.4,12.9,100,11.3
2025-09-17T02:10:32,1920,13.4,99.5,11.6,12.2,100,10.8
2025-09-17T04:09:50,1890,12.6,98.9,10.9,11.5,100,10.3
2025-09-17T06:10:38,2145,13.6,100,11.8,12,100,10.7
2025-09-17T08:10:15,2235,16.5,97.1,13.6,14.1,100,12.1
2025-09-17T10:10:03,1905,18.1,83.7,12.9,14.3,100,12.3
2025-09-17T12:10:16,1740,17.2,81.7,12,14.7,92.1,11.6
2025-09-17T14:09:53,1485,16.3,84.8,11.8,14.4,97,12
2025-09-17T16:09:49,1380,14.2,89.5,10.9,13,100,11.3
2025-09-17T18:10:04,1275,11.8,94.5,9.9,11.9,100,10.6
2025-09-17T20:10:54,1365,11,97.6,9.8,11.3,100,10.2
2025-09-17T22:11:28,1395,11.1,96.7,9.7,11.1,100,10.1
2025-09-18T00:11:01,1260,9.6,96.6,8.8,10,100,9.4
2025-09-18T02:10:17,1200,9,95.6,8.4,9.4,100,9
2025-09-18T04:10:10,1305,8.5,99.5,8.5,9.2,100,8.9
2025-09-18T06:09:15,2055,13.2,100,11.5,11.8,100,10.5
2025-09-18T08:08:37,2985,17.4,97.5,14.4,14.2,94.4,11.5
2025-09-18T10:08:44,3195,23.4,72.4,15.2,16.3,84.4,11.7
2025-09-18T12:09:00,1185,17.6,75.6,11.3,14.6,97.6,12.2
2025-09-18T14:09:45,1455,15.5,86.2,11.4,15.2,90,11.7
2025-09-18T16:09:43,1275,14.2,87.8,10.7,13.8,95.4,11.4
2025-09-18T18:10:26,915,10.8,92,9.1,11.5,100,10.3
2025-09-18T20:10:26,1335,10.8,96.8,9.6,11.1,100,10.1
2025-09-18T22:11:06,1695,11.8,97.5,10.3,11.2,100,10.1
2025-09-19T00:11:54,1305,10.1,94.3,8.9,10,100,9.4
2025-09-19T02:11:20,1770,10.9,97.7,9.7,10,100,9.4
2025-09-19T04:11:14,1845,11.3,97.5,9.9,10.1,100,9.5
2025-09-19T06:11:06,2355,13.7,98.9,11.7,11.3,100,10.2
2025-09-19T08:11:53,2310,15.8,93.4,12.6,12.5,100,11
2025-09-19T10:12:12,2955,19.6,89.6,15.1,14.1,100,12.1
2025-09-19T12:11:38,2145,19.3,74.9,12.4,14.8,88.6,11.2
2025-09-19T14:12:23,1710,15.3,83.3,10.9,14.6,84.8,10.6
2025-09-19T16:11:51,1590,13.9,88.4,10.6,13.3,90.7,10.5
2025-09-19T18:11:50,900,10.7,86.8,8.5,11.2,96.6,9.8
2025-09-19T20:12:00,675,7.7,93.5,7.6,9.4,100,9
2025-09-19T22:11:20,840,6.9,96.6,7.4,8.6,100,8.6
2025-09-20T00:11:37,1035,7.3,95.1,7.5,8,100,8.3
2025-09-20T02:11:34,1275,9.6,100,9.2,10.5,100,9.7
2025-09-20T04:11:44,1605,13.2,100,11.5,13.2,100,11.5
2025-09-20T06:11:18,1770,14.8,100,12.7,14.3,100,12.3
2025-09-20T08:11:59,1950,16.4,100,14,15.2,100,13
2025-09-20T10:12:21,2235,17.7,100,15.1,15.8,100,13.5
2025-09-20T12:11:49,2055,18,96.7,14.8,16.1,100,13.7
2025-09-20T14:11:14,1905,19.2,90.1,14.9,16.8,97.9,14
2025-09-20T16:10:58,1275,16.4,87,12.1,15.4,98.1,12.9
2025-09-20T18:10:23,1575,15.2,96.6,12.5,14.7,100,12.6
2025-09-20T20:10:02,1530,14.6,96.8,12.1,14.3,100,12.3
2025-09-20T22:10:00,1695,14.9,100,12.7,14.6,100,12.5
2025-09-21T00:09:21,1770,15.1,100,12.9,14.6,100,12.5
2025-09-21T02:09:21,1860,15.3,100,13.1,14.5,100,12.4
2025-09-21T04:09:29,1860,15.3,100,13.1,14.4,100,12.4
2025-09-21T06:09:49,1830,15.7,100,13.4,14.9,100,12.7
2025-09-21T08:10:19,3000,22.6,93.1,18.7,18.8,92.3,14.9
2025-09-21T10:11:02,2625,29,57.7,16.6,20.2,82.3,14.4
2025-09-21T12:10:39,1485,22.7,64,12.9,18.9,81.2,13.2
2025-09-21T14:10:14,1275,19.7,74.2,12.6,18.1,86.3,13.3
2025-09-21T16:10:39,1155,18.4,76,11.9,17.3,88.2,13
2025-09-21T18:11:14,1125,17.1,88.5,12.9,16.7,99.4,14.1
2025-09-21T20:11:18,1410,16.8,97.3,13.9,16.8,100,14.3
2025-09-21T22:10:46,1440,15.7,94.1,12.6,15.1,100,12.9
2025-09-22T00:11:34,1395,14,97.9,11.8,14.1,100,12.1
2025-09-22T02:11:40,1545,13.5,98.8,11.6,13.8,97.5,11.6
2025-09-22T04:11:45,1755,11.6,91.3,9.5,12.1,86.5,9.3
2025-09-22T06:12:14,1995,11.9,93.9,9.9,10.8,93.2,9.2
2025-09-22T08:12:59,3105,16.4,83.5,11.6,13.4,79.1,9.2
2025-09-22T10:12:51,3180,22.9,51.1,10.4,13.9,67.1,8
2025-09-22T12:12:44,2085,17.8,54.8,8.3,13.3,66.3,7.7
2025-09-22T14:12:39,1605,15.1,58.1,7.5,12.8,66.9,7.5
2025-09-22T16:12:14,945,11.4,64.8,6.6,10.8,75.9,7.5
2025-09-22T18:12:17,495,7.5,73.9,5.9,8.7,84.5,7.3
2025-09-22T20:12:33,495,5.1,77.1,5.3,7,90.5,7
2025-09-22T22:12:26,495,3.7,82.7,5.2,5.8,93.4,6.7
2025-09-23T00:11:48,495,4,85.3,5.4,5.7,92.8,6.6
2025-09-23T02:11:05,555,3.7,86.4,5.4,5.2,94.9,6.5
2025-09-23T04:10:44,495,3.2,88.1,5.3,4.6,98.1,6.5
2025-09-23T06:10:35,2205,8.4,100,8.5,7.6,93,7.5
2025-09-23T08:10:14,2805,13.6,81,9.5,9.6,85.9,7.9
2025-09-23T10:10:35,1575,15.8,62.6,8.4,10.3,88.2,8.4
2025-09-23T12:11:12,1245,12.8,66,7.4,8.1,94.7,7.9
2025-09-23T14:11:57,1395,10.6,70,6.8,8,85.1,7
2025-09-23T16:12:09,1395,8.2,73.9,6.2,7.2,81.3,6.4
2025-09-23T18:12:40,900,4.2,77.3,5,4.4,85.8,5.6
2025-09-23T20:12:51,495,1.7,82.4,4.5,3,90.3,5.4
2025-09-23T22:13:22,480,0.2,89.6,4.4,2.3,94.2,5.3
2025-09-24T00:13:14,540,1.7,87.2,4.8,2.8,94.4,5.5
2025-09-24T02:12:50,495,1.1,88,4.6,2.4,97,5.5
2025-09-24T04:12:37,480,0.5,87.8,4.4,1.9,99.1,5.5
2025-09-24T06:12:25,2115,5.9,100,7.2,5.9,90.2,6.5
2025-09-24T08:11:59,3315,18.8,61.6,9.9,11.6,69.2,7.2
2025-09-24T10:11:52,3315,23.3,38.9,8.1,10.2,59,5.6
2025-09-24T12:11:19,2220,14,48.2,5.8,9.7,56,5.2
2025-09-24T14:10:50,1875,10.9,51.5,5.1,9.7,52.9,4.9
2025-09-24T16:10:40,885,8.3,52.7,4.4,8,61.1,5.1
2025-09-24T18:11:11,465,1.9,58.7,3.2,3.6,77.7,4.8
2025-09-24T20:10:37,480,-1.3,64.5,2.9,2.2,85.5,4.8
2025-09-24T22:10:56,480,1,73.3,3.8,3.1,91.2,5.5
2025-09-25T00:10:04,480,0.5,71.3,3.6,2.2,95.3,5.4
2025-09-25T02:09:37,480,-1.2,69.9,3.1,0.1,97.6,4.8
2025-09-25T04:09:47,480,0.7,79.7,4.1,0.6,97.9,4.9
2025-09-25T06:10:24,1155,6,87.5,6.4,6.3,93,6.9
2025-09-25T08:10:27,2325,21.5,57.4,10.8,14.7,75.5,9.5
2025-09-25T10:10:05,1485,22.2,44,8.6,14,73.4,8.8
2025-09-25T12:09:38,1590,20.7,48,8.6,13.9,72.1,8.6
2025-09-25T14:09:36,1290,18.7,48.3,7.7,13.3,71.1,8.2
2025-09-25T16:09:56,510,14.2,53.2,6.5,11.9,77.1,8.2
2025-09-25T18:10:13,510,6.8,57.8,4.4,7.6,89.6,7.2
2025-09-25T20:10:46,495,3.9,68.4,4.3,6.3,91.8,6.8
2025-09-25T22:11:15,495,2.5,72.3,4.2,4.9,95.7,6.5
2025-09-26T00:10:51,480,1.2,75.6,4,3.3,97.4,5.9
2025-09-26T02:10:06,495,1.1,78.2,4.1,3.2,100,6
2025-09-26T04:10:33,480,0.1,79.3,3.9,2.3,100,5.7
2025-09-26T06:09:52,1020,6.3,98.4,7.3,8.1,97.1,8.1
2025-09-26T08:10:14,3165,19.7,73,12.4,13.4,83,9.6
2025-09-26T10:10:22,2670,25.4,47.4,11.2,13.5,82.1,9.6
2025-09-26T12:10:42,1785,20.3,53.6,9.4,13.5,77.2,9
2025-09-26T14:10:25,1305,17,57,8.2,13,76.3,8.6
2025-09-26T16:10:04,555,13.2,60.7,7,11.4,83,8.5
2025-09-26T18:10:04,495,8.3,66.2,5.6,8.7,90.8,7.9
2025-09-26T20:09:58,495,5.2,74.2,5.1,7.1,94.4,7.4
2025-09-26T22:09:34,495,5.1,77.2,5.3,6.6,96.6,7.3
2025-09-27T00:09:12,495,5.8,81,5.8,6.7,99.6,7.6
2025-09-27T02:09:29,495,5.6,81.4,5.8,6.2,100,7.4
2025-09-27T04:09:06,480,5.2,80.2,5.5,5.6,100,7.1
2025-09-27T06:08:26,1110,7.7,88.5,7.2,7.2,100,7.8
2025-09-27T08:08:19,2865,17.7,80.1,12.1,13.3,85.5,9.9
2025-09-27T10:08:28,2745,25.7,44.4,10.6,13.5,76.9,9
2025-09-27T12:08:55,1740,18,57.7,8.9,13.7,72.6,8.6
2025-09-27T14:08:40,1065,14.8,63.7,8.1,14.3,72.5,8.9
2025-09-27T16:09:13,495,11.9,65.3,6.9,12.3,78,8.5
2025-09-27T18:08:48,495,8.3,71.5,6,9.9,88.4,8.3
2025-09-27T20:08:47,495,7.5,73.6,5.9,8.9,91,8
2025-09-27T22:08:52,510,6.2,75,5.5,7.2,94.9,7.4
2025-09-28T00:08:24,495,4.7,74.2,4.9,5.6,97.6,6.9
2025-09-28T02:09:09,495,3.9,78.2,4.9,4.8,99.4,6.7
2025-09-28T04:10:00,495,3.8,79.9,5,4.4,100,6.5
2025-09-28T06:09:52,1095,7.6,88.6,7.1,7.3,97.8,7.7
2025-09-28T08:10:07,3075,19.2,78.7,13,14.8,80.4,10.2
2025-09-28T10:09:26,1560,23.1,39.6,8.2,13,72.7,8.2
2025-09-28T12:09:40,1110,16.4,51.6,7.2,12.6,70.9,7.8
2025-09-28T14:09:26,1080,14.7,54.3,6.8,11.3,73.8,7.5
2025-09-28T16:08:45,495,9.7,57.6,5.3,9.5,77.3,7
2025-09-28T18:08:29,495,4.7,63,4.2,6.5,85.8,6.4
2025-09-28T20:07:45,495,3.4,69.7,4.3,5.5,90.1,6.3
2025-09-28T22:07:06,495,3.4,73.5,4.5,4.8,93.4,6.3
2025-09-29T00:06:37,495,3,72,4.3,3.8,96,6
2025-09-29T02:07:03,495,1.9,74.7,4.1,2.6,98.1,5.7
2025-09-29T04:07:57,480,2.9,75,4.4,3,99.8,5.9
2025-09-29T06:08:33,495,4.1,87.2,5.6,5.7,96.3,6.9
2025-09-29T08:08:06,3300,13.3,82.7,9.6,9,76.7,6.8
2025-09-29T10:07:59,2100,14.9,53.9,6.9,8.6,72.5,6.2
2025-09-29T12:08:08,1935,15.9,47.7,6.5,9,68.5,6
2025-09-29T14:07:45,900,10.4,54.1,5.2,8,72.1,6
2025-09-29T16:07:48,495,7.4,58.2,4.6,6.7,78.7,6
2025-09-29T18:08:22,480,3.8,62.9,3.9,4.9,85.1,5.7
2025-09-29T20:08:50,495,2.9,68.6,4.1,3.7,89.3,5.6
2025-09-29T22:08:07,495,2.5,67.4,3.9,2.6,93.2,5.4
2025-09-30T00:07:23,480,2,74.7,4.2,2,94.9,5.3
2025-09-30T02:07:48,480,0.6,68.7,3.5,0.6,97.3,4.9
2025-09-30T04:07:17,480,0,72.5,3.5,0.3,98.4,4.9
2025-09-30T06:06:44,480,1.1,83.1,4.3,1.4,98.6,5.3
2025-09-30T08:06:59,3150,12.7,85.8,9.5,8.4,86.8,7.4
2025-09-30T10:07:44,2220,17.5,48.2,7.2,9.4,70.3,6.4
2025-09-30T12:08:16,1860,16.2,45.3,6.2,9.3,66,5.9
2025-09-30T14:08:51,870,11.4,47.4,4.9,8.2,66.5,5.6
2025-09-30T16:09:00,495,6,51.4,3.7,6.1,73.8,5.4
2025-09-30T18:09:15,480,0.7,57.2,2.9,2.3,85.2,4.8
2025-09-30T20:09:14,480,3.6,69.8,4.3,4.1,83.4,5.3
2025-09-30T22:09:43,705,5.5,66.8,4.7,4.9,82.4,5.6
2025-10-01T00:09:27,795,6.3,67,5,4.9,84.2,5.7
2025-10-01T02:08:34,825,6.3,67.8,5,4.8,86.2,5.8
2025-10-01T04:08:27,855,6.4,68.9,5.1,4.7,87.8,5.8
2025-10-01T06:08:11,1230,7.1,72.2,5.6,4.9,88.8,6
2025-10-01T08:08:35,1845,10.1,73,6.9,6.3,88.2,6.5
2025-10-01T10:09:27,2850,19.7,47.1,8,10.2,69.5,6.6
2025-10-01T12:09:19,1920,16.4,48.9,6.8,10.6,65.7,6.4
2025-10-01T14:08:32,1245,15,46,5.9,10.1,66.7,6.3
2025-10-01T16:09:05,495,11.4,50.3,5.2,8.9,74.1,6.5
2025-10-01T18:09:44,495,5.7,50.2,3.6,5.9,82.4,5.9
2025-10-01T20:09:37,495,1.5,58.3,3.1,3.4,88.8,5.4
2025-10-01T22:09:17,480,0.1,64.8,3.2,2.1,91.9,5.1
2025-10-02T00:09:39,495,0.4,69.8,3.5,1.5,93.6,5
2025-10-02T02:09:38,480,1.6,74.7,4,2.3,95.4,5.4
2025-10-02T04:09:44,495,4.7,73.9,4.9,3.9,94.5,6
2025-10-02T06:10:02,705,5.8,73.6,5.3,4.4,95,6.2
2025-10-02T08:09:23,900,7.3,74.8,5.9,5.3,96.5,6.7
2025-10-02T10:09:42,1770,10.9,76.7,7.6,7.2,94.4,7.4
2025-10-02T12:09:25,1845,13.7,70.1,8.3,9,89.2,7.9
2025-10-02T14:08:53,1725,13.7,59.6,7.1,9.1,77,6.8
2025-10-02T16:09:06,1065,10.8,62.2,6.1,8,81.7,6.8
2025-10-02T18:08:21,885,8.8,66.6,5.8,7.2,84,6.6
2025-10-02T20:07:35,495,4.3,69.7,4.5,4.2,90.1,5.8
2025-10-02T22:07:09,480,1.6,72.5,3.9,2.4,93.5,5.3
2025-10-03T00:07:08,495,0.7,76.8,3.9,1.7,95.3,5.2
2025-10-03T02:06:25,480,0,77.8,3.8,1,96.3,5
2025-10-03T04:05:37,735,2,82.2,4.6,1.9,93.4,5.2
2025-10-03T06:05:08,735,2.2,81,4.6,2.2,92.1,5.2
2025-10-03T08:05:58,2310,7.3,84.5,6.7,5.2,85,5.9
2025-10-03T10:05:27,2055,10.7,69.1,6.8,6.4,83,6.2
2025-10-03T12:05:39,1785,12.8,59.4,6.7,7.7,78.6,6.4
2025-10-03T14:05:49,1335,12.1,58.3,6.2,7.9,80,6.6
2025-10-03T16:06:06,975,9.8,61.9,5.7,7,83,6.4
2025-10-03T18:06:38,705,7.8,66.2,5.4,6.2,87.2,6.4
2025-10-03T20:06:25,795,5.7,74.3,5.3,5.3,88.6,6.1
2025-10-03T22:06:36,1125,7.2,75.6,5.9,5.7,90,6.4
2025-10-04T00:07:11,600,5.9,71.8,5.2,4.7,93.5,6.2
2025-10-04T02:06:29,930,4.4,83.8,5.5,4,95.5,6.1
2025-10-04T04:07:15,480,1.6,76.7,4.2,2.6,98.8,5.7
2025-10-04T06:07:05,930,4,93,5.9,5.4,95.7,6.7
2025-10-04T08:07:44,2325,10.1,92,8.7,7.7,93.6,7.6
2025-10-04T10:07:07,2040,13.2,70.5,8.1,8.5,87,7.4
2025-10-04T12:06:20,1365,13,65,7.4,8.3,91.3,7.7
2025-10-04T14:07:10,1365,11.1,70.8,7.1,7.7,91.8,7.4
2025-10-04T16:06:27,1485,9.4,74.2,6.7,7,87.9,6.8
2025-10-04T18:07:18,1575,8.7,72.3,6.3,6.3,84.5,6.3
2025-10-04T20:07:53,1305,9.2,78,7,7.5,91.5,7.3
2025-10-04T22:08:11,1305,9.9,83.6,7.8,8.4,96.2,8.2
2025-10-05T00:08:18,1275,10,85.1,8,8.4,100,8.5
2025-10-05T02:08:22,1350,9.4,87.9,7.9,8.6,95.6,8.2
2025-10-05T04:07:58,1470,9.3,88.4,7.9,8.8,92.6,8.1
2025-10-05T06:08:45,1695,9.9,89,8.3,9.1,91.5,8.1
2025-10-05T08:09:08,1845,11.5,85.4,8.8,9.8,90.8,8.4
2025-10-05T10:09:06,1365,12.7,72.9,8.1,9.6,92.3,8.5
2025-10-05T12:08:59,1455,12,80.4,8.6,9.1,98.5,8.7
2025-10-05T14:09:46,1395,10.7,83.3,8.2,8.8,97,8.4
2025-10-05T16:10:24,1530,10.1,87.3,8.3,8.2,100,8.4
2025-10-05T18:10:38,1620,10.3,89.8,8.6,8.4,100,8.5
2025-10-05T20:11:34,1755,10,90.3,8.5,8,100,8.3
2025-10-05T22:11:33,1860,10.2,91.6,8.7,8.1,100,8.3
2025-10-06T00:11:21,1845,10.4,92.1,8.9,8.4,100,8.5
2025-10-06T02:11:36,1845,10.5,94.3,9.1,8.8,100,8.7
2025-10-06T04:11:54,1875,10.9,94.1,9.4,9,100,8.8
2025-10-06T06:11:48,2025,10.9,94.2,9.4,8.6,100,8.6
2025-10-06T08:12:37,2160,11.5,94.4,9.7,9,100,8.8
2025-10-06T10:12:56,2160,12.2,94.3,10.2,9.6,100,9.2
2025-10-06T12:12:37,2280,13.4,94.8,11,10.5,100,9.7
2025-10-06T14:12:22,1980,13.4,92.7,10.8,11,100,10
2025-10-06T16:12:58,1845,12.6,93.1,10.3,10.6,100,9.8
2025-10-06T18:13:38,1815,11.2,96.5,9.8,10,100,9.4
2025-10-06T20:14:18,1845,11.5,95.6,9.9,10,100,9.4
2025-10-06T22:14:34,1875,11.3,97.2,9.9,9.9,100,9.3
2025-10-07T00:14:03,1875,11.1,97.8,9.8,9.8,100,9.3
2025-10-07T02:14:09,1890,10.8,98.2,9.7,9.7,100,9.2
2025-10-07T04:13:42,2010,11.6,98.5,10.2,10.2,100,9.5
2025-10-07T06:13:18,2190,12.4,99.6,10.9,10.6,100,9.8
2025-10-07T08:13:17,2430,14,99.2,12,11.5,100,10.3
2025-10-07T10:13:12,2310,17.8,81.9,12.4,12.4,100,10.9
2025-10-07T12:13:50,1755,15.4,85.2,11.2,12.6,97.6,10.8
2025-10-07T14:13:10,1605,15.6,79.4,10.6,12.2,97.2,10.5
2025-10-07T16:12:56,1365,13,86.1,9.8,11.3,100,10.2
2025-10-07T18:12:44,1470,12,92.1,9.8,11,100,10
2025-10-07T20:12:39,1590,12,93.9,10,11.2,98.9,10
2025-10-07T22:12:28,1620,11.8,94.5,9.9,10.8,100,9.9
2025-10-08T00:12:16,1755,11.7,95.9,10,10.6,100,9.8
2025-10-08T02:12:23,1755,11.5,95.4,9.9,10.3,100,9.6
2025-10-08T04:12:37,1605,11.3,95.1,9.7,10.4,100,9.6
2025-10-08T06:12:11,1965,12.5,97,10.7,10.8,100,9.9
2025-10-08T08:11:47,1695,13.8,86.4,10.3,11.1,99.9,10.1
2025-10-08T10:12:21,1620,12.7,90,10,10.8,100,9.9
2025-10-08T12:12:08,1860,12.6,93.4,10.3,10.7,100,9.8
2025-10-08T14:12:08,1875,12.4,95.5,10.4,10.6,100,9.8
2025-10-08T16:12:47,1905,12.1,97.3,10.4,10.6,100,9.8
2025-10-08T18:13:22,2025,12,97.6,10.4,10.3,100,9.6
2025-10-08T20:13:13,2025,11.6,97.1,10.1,9.9,100,9.3
2025-10-08T22:12:24,2025,11.7,97.8,10.2,10,100,9.4
2025-10-09T00:12:09,2025,11.9,98.4,10.4,10.3,100,9.6
2025-10-09T02:11:45,2070,12.2,98.7,10.6,10.6,100,9.8
2025-10-09T04:11:33,2010,12.1,98.6,10.6,10.6,100,9.8
2025-10-09T06:12:24,2130,12.5,100,11,10.9,100,9.9
2025-10-09T08:12:40,2445,14.2,100,12.2,11.7,100,10.5
2025-10-09T10:12:56,2730,16.2,93.5,12.9,12.2,100,10.8
2025-10-09T12:12:40,2010,16.9,77.4,11.1,12.5,93.8,10.3
2025-10-09T14:12:58,1395,14,81.1,9.8,11.8,96.4,10.1
2025-10-09T16:12:28,1260,11.2,88.8,9,10.1,100,9.5
2025-10-09T18:12:19,1305,9.4,93.7,8.5,9.2,100,8.9
2025-10-09T20:12:03,1395,8.7,97,8.4,8.7,100,8.6
2025-10-09T22:11:32,1590,9.5,98.8,9,9.2,100,8.9
2025-10-10T00:10:57,1875,10.8,99.3,9.8,9.8,100,9.3
2025-10-10T02:11:45,1965,11,96.5,9.7,9.3,100,9
2025-10-10T04:11:36,1935,10.1,96.2,9.1,8.5,100,8.5
2025-10-10T06:12:11,2190,10.2,98.9,9.4,8.3,100,8.4
2025-10-10T08:12:58,2340,11.5,94.4,9.7,8.5,100,8.5
2025-10-10T10:12:58,3315,17.2,76,11.1,8.9,92.1,8.1
2025-10-10T12:13:17,2010,12.6,76.5,8.5,9.6,84.9,7.8
2025-10-10T14:13:16,1755,10.2,79.3,7.5,9.4,80.4,7.3
2025-10-10T16:12:37,900,6.1,78.4,5.7,6.1,89.9,6.6
2025-10-10T18:12:44,480,1.6,84,4.5,3.4,96.7,5.9
2025-10-10T20:13:10,480,0.4,88.1,4.4,2.6,99.2,5.7
2025-10-10T22:14:04,1080,3,100,5.9,4.2,99.4,6.4
2025-10-11T00:13:24,1455,7.1,97.8,7.6,7.4,98,7.8
2025-10-11T02:12:55,1530,8.8,94.9,8.3,8.2,100,8.4
2025-10-11T04:13:21,1170,7.5,92.8,7.4,7.5,100,8
2025-10-11T06:13:18,1875,8.2,97.6,8.2,8.7,88.6,7.7
2025-10-11T08:13:00,3330,15,80.4,10.3,10.9,68.6,6.8
2025-10-11T10:12:51,2955,16.9,53.7,7.7,10.3,64.9,6.2
2025-10-11T12:12:39,2055,12.9,56.2,6.3,9.7,62.8,5.8
2025-10-11T14:13:27,1530,10.4,60.2,5.8,8.8,67.7,5.9
2025-10-11T16:13:07,1035,8.7,64.6,5.6,7.6,76.9,6.2
2025-10-11T18:13:02,495,5.1,68.6,4.7,5.7,82.9,5.9
2025-10-11T20:13:01,495,2.2,74.7,4.2,4.2,88.2,5.7
2025-10-11T22:13:17,495,1.8,79.9,4.4,3.3,92.5,5.6
2025-10-12T00:14:07,495,1.8,82.8,4.5,3.2,94.5,5.7
2025-10-12T02:13:52,795,3.3,85.7,5.2,3.6,95.6,5.9
2025-10-12T04:13:58,765,4.1,83.2,5.3,4.1,96.5,6.2
2025-10-12T06:13:34,1095,4.4,89.8,5.9,4.5,97.1,6.4
2025-10-12T08:12:58,2025,8.4,82.5,7,5.3,93,6.4
2025-10-12T10:13:17,2745,12.6,68.9,7.6,6.8,84.2,6.4
2025-10-12T12:12:37,1920,12.2,62.2,6.7,7.5,79,6.3
2025-10-12T14:12:19,1035,9.9,59.9,5.6,6.9,80.6,6.2
2025-10-12T16:13:12,705,6.5,68.8,5.2,5.7,86.2,6.1
2025-10-12T18:13:48,1155,5.5,77.7,5.5,5.5,83.3,5.9
2025-10-12T20:14:24,1650,6.1,74.2,5.4,5.4,76.7,5.4
2025-10-12T22:13:57,1125,5,72.8,4.9,4.1,82.6,5.3
2025-10-13T00:14:22,990,3.6,77.1,4.8,3.3,85.5,5.2
2025-10-13T02:14:14,1215,3.8,79.6,5,3.5,83.9,5.2
2025-10-13T04:13:49,1230,4.3,79,5.1,3.3,86.7,5.3
2025-10-13T06:13:51,1620,6.1,79.7,5.8,4.2,88.5,5.7
2025-10-13T08:13:04,2055,9.2,73,6.5,5.4,85.8,6
2025-10-13T10:12:32,2190,11.1,64.5,6.5,6,80.2,5.8
2025-10-13T12:11:48,1785,11.1,60.6,6.1,6,80.7,5.9
2025-10-13T14:12:02,1395,9.9,61.7,5.8,5.6,84.2,6
2025-10-13T16:11:20,780,7.1,67.4,5.3,4.7,92.1,6.1
2025-10-13T18:11:34,555,5.9,72.5,5.2,4.1,98.8,6.3
2025-10-13T20:11:20,660,5.5,74.8,5.3,4.1,96.8,6.2
2025-10-13T22:11:36,870,5.6,77.3,5.5,4.1,96.1,6.2
2025-10-14T00:11:55,1005,5.5,78.4,5.5,3.9,96,6.1
2025-10-14T02:11:43,990,5.2,79.6,5.5,3.4,98.1,6
2025-10-14T04:11:29,1065,5.4,81.2,5.7,3.3,100,6.1
2025-10-14T06:11:46,1230,6,82.6,6,3.7,100,6.2
2025-10-14T08:11:32,1620,7.7,83.9,6.8,4.9,100,6.8
2025-10-14T10:11:41,1950,9.8,80.5,7.5,6.2,94.7,7
2025-10-14T12:11:36,2175,11.9,70.2,7.4,6.9,87.1,6.7
2025-10-14T14:11:17,1620,10,68.8,6.5,6.3,86.4,6.4
2025-10-14T16:11:20,1005,7.1,72.9,5.7,4.7,94.7,6.3
2025-10-14T18:10:14,900,5.5,78.1,5.5,4,97.2,6.2
2025-10-14T20:10:54,900,5.1,81.6,5.6,3.7,99.8,6.2
2025-10-14T22:10:15,930,4.9,82.6,5.6,3.5,100,6.2
2025-10-15T00:09:39,990,4,84.2,5.4,2.6,100,5.8
2025-10-15T02:09:14,1260,4.9,85.1,5.7,2.7,100,5.8
2025-10-15T04:09:01,990,4.1,82.5,5.3,2.2,100,5.6
2025-10-15T06:08:56,1425,4.2,89.3,5.8,2.2,100,5.6
2025-10-15T08:09:27,2325,8.8,87.3,7.6,4.6,100,6.6
2025-10-15T10:09:42,2010,11,78.8,7.9,6.3,98.8,7.3
2025-10-15T12:10:13,1785,13.3,67.3,7.8,8,90.3,7.5
2025-10-15T14:09:36,1275,12,68.7,7.3,8.3,91.9,7.7
2025-10-15T16:10:15,975,9.7,74.6,6.9,7.8,94.2,7.7
2025-10-15T18:11:01,975,8.7,79.9,6.9,7.5,97.2,7.8
2025-10-15T20:11:38,540,6.7,80.8,6.1,6.4,100,7.5
2025-10-15T22:12:10,495,4,85.7,5.5,4.9,100,6.8
2025-10-16T00:11:51,540,3.3,88.8,5.4,4.2,100,6.4
2025-10-16T02:11:58,600,2.9,89,5.3,3.7,100,6.2
2025-10-16T04:12:00,1545,5.5,96.3,6.8,5,100,6.8
2025-10-16T06:12:27,1770,8,93.6,7.7,6.5,100,7.5
2025-10-16T08:12:19,1965,9.8,93,8.6,7.5,100,8
2025-10-16T10:11:39,2250,12,91.5,9.7,8.7,100,8.6
2025-10-16T12:11:21,1845,10.1,79.7,7.5,7.4,90.3,7.2
2025-10-16T14:10:58,1860,7,81.4,6.3,6.7,78.5,6
2025-10-16T16:11:47,990,3.8,79.3,5,3.8,87,5.5
2025-10-16T18:11:56,855,1.5,85.2,4.6,2.5,88.2,5.1
2025-10-16T20:11:56,495,-0.2,84.7,4.1,0.8,93.9,4.8
2025-10-16T22:11:45,480,-3.3,83.5,3.2,-1.1,98.7,4.4
2025-10-17T00:11:36,480,-4.5,86.8,3.1,-1.9,100,4.3
2025-10-17T02:11:55,495,-4.5,84.9,3,-3,100,3.9
2025-10-17T04:12:17,480,-4.7,91.8,3.2,-2.9,100,4
2025-10-17T06:12:49,480,-2.6,91.1,3.7,-0.9,100,4.6
2025-10-17T08:13:16,3000,8.1,100,8.3,6.1,90.8,6.6
2025-10-17T10:13:37,3225,16.2,58.8,8.1,6.6,81.2,6.1
2025-10-17T12:13:27,1680,10.4,60.5,5.8,5.7,80,5.7
2025-10-17T14:13:03,1215,7.2,64.3,5,5.8,75.6,5.4
2025-10-17T16:13:48,465,1.6,68.2,3.7,2.1,87.7,4.9
2025-10-17T18:13:57,480,-2.8,68.6,2.7,-0.8,94.1,4.3
2025-10-17T20:14:23,480,-4.4,73.9,2.6,-2,97,4.1
2025-10-17T22:13:34,465,-5.7,73.6,2.4,-3.1,99.5,3.9
2025-10-18T00:13:35,465,-4.5,80.5,2.8,-3.1,99.4,3.9
2025-10-18T02:13:42,465,-4.6,77.8,2.7,-3.5,100,3.8
2025-10-18T04:13:41,465,-4.6,81.7,2.9,-3.5,100,3.8
2025-10-18T06:13:32,465,-3.2,84.7,3.3,-2.2,100,4.2
2025-10-18T08:13:07,2685,5.6,100,7.1,3.5,93.1,5.7
2025-10-18T10:13:21,2850,14.8,57.5,7.3,4.4,89.7,5.9
2025-10-18T12:13:28,1260,8.5,62.5,5.3,4.2,86.8,5.6
2025-10-18T14:13:54,690,4.5,68.9,4.5,4.1,84.1,5.4
2025-10-18T16:14:25,480,-0.9,68.6,3.1,0.6,91.2,4.6
2025-10-18T18:13:39,465,-4.8,69.4,2.4,-2.3,96.6,4
2025-10-18T20:13:13,465,-6.4,73.6,2.3,-4,99.6,3.6
2025-10-18T22:13:19,465,-6.5,77.5,2.4,-4.7,100,3.5
2025-10-19T00:13:56,480,-6.3,78,2.4,-4.9,100,3.4
2025-10-19T02:13:27,465,-7,77.7,2.3,-5.3,100,3.3
2025-10-19T04:13:25,480,-7.5,77.7,2.2,-5.2,100,3.4
2025-10-19T06:13:04,480,-6.2,82.7,2.6,-4,100,3.7
2025-10-19T08:12:47,2670,6.3,100,7.4,4.3,95.5,6.2
2025-10-19T10:13:22,2655,16.8,53.9,7.7,7.7,81.4,6.6
2025-10-19T12:13:25,1560,12,56.5,6,7.8,73.8,6
2025-10-19T14:13:31,540,9.4,58.6,5.3,6.7,84.4,6.4
2025-10-19T16:13:02,495,4.1,61.5,3.9,4.5,93.7,6.2
2025-10-19T18:12:30,480,-0.1,66.9,3.2,1.9,98.1,5.4
2025-10-19T20:12:16,480,-3,71.5,2.8,-0.2,100,4.8
2025-10-19T22:12:35,480,-4.6,74.8,2.6,-1.7,100,4.3
2025-10-20T00:12:30,480,-5.6,75.9,2.5,-2.5,100,4.1
2025-10-20T02:12:19,480,-5.9,78.1,2.5,-3.6,100,3.8
2025-10-20T04:11:52,480,-6,79.8,2.5,-3.8,100,3.7
2025-10-20T06:11:09,495,-3.3,90.5,3.5,-2.6,100,4
2025-10-20T08:11:29,2415,7,98.7,7.6,4.6,98.4,6.5
2025-10-20T10:11:50,2340,15.4,64.8,8.5,8.1,89.6,7.5
2025-10-20T12:11:21,1590,13.7,62.7,7.4,8.8,84.8,7.4
2025-10-20T14:10:44,840,10.2,67.6,6.4,7.2,94.6,7.4
2025-10-20T16:11:05,495,6.5,70,5.2,5.6,97.1,6.9
2025-10-20T18:11:02,480,1.1,73.9,3.9,3,100,5.9
2025-10-20T20:10:35,480,1.7,87,4.7,2.5,100,5.8
2025-10-20T22:09:51,885,4.4,91.1,5.9,4.9,100,6.8
2025-10-21T00:09:49,1425,6.6,92,6.9,6.6,94.5,7.1
2025-10-21T02:10:42,1635,7.3,86.4,6.8,6.2,92,6.8
2025-10-21T04:11:11,1080,4.9,85.8,5.8,4.6,96.1,6.4
2025-10-21T06:10:48,1650,5.7,90.7,6.5,5.5,91.3,6.4
2025-10-21T08:11:03,2835,10.2,80.1,7.6,6.5,83.6,6.3
2025-10-21T10:11:51,2115,13.2,57.2,6.6,6.4,79.8,5.9
2025-10-21T12:11:38,1320,9.2,58,5.2,6.1,73.8,5.4
2025-10-21T14:12:00,1290,7.4,61.1,4.9,6.4,69,5.1
2025-10-21T16:11:21,765,5.8,65.5,4.7,5.6,77.9,5.5
2025-10-21T18:12:10,885,5,77.3,5.3,5.4,85.7,6
2025-10-21T20:11:42,990,5,83.5,5.7,5.3,91.3,6.3
2025-10-21T22:11:29,1125,5,86.6,5.9,5.1,93.2,6.4
2025-10-22T00:12:01,1050,4.7,85.8,5.7,4.4,95.4,6.2
2025-10-22T02:12:41,1320,4.8,90.8,6.1,4.1,97.7,6.3
2025-10-22T04:12:18,1605,5.7,89,6.3,3.6,98.9,6.1
2025-10-22T06:12:28,1605,5.9,86.2,6.2,3.2,99,6
2025-10-22T08:12:01,1620,6.5,84.9,6.4,3.6,99.6,6.2
2025-10-22T10:12:27,1740,8,81.7,6.8,4.5,99,6.5
2025-10-22T12:12:41,1590,8.8,78.4,6.8,5.6,96.4,6.8
2025-10-22T14:13:17,1620,9.5,75.3,6.9,6.7,89.3,6.8
2025-10-22T16:13:29,1515,9,76.6,6.8,7.2,87.4,6.9
2025-10-22T18:13:02,1170,8,78.7,6.5,5.8,97.9,7
2025-10-22T20:13:26,1350,7.4,83.7,6.7,6.2,93.5,6.9
2025-10-22T22:13:02,1395,7.3,84.5,6.7,5.7,96.4,6.9
2025-10-23T00:12:57,1455,7.1,85.9,6.7,5.7,96.6,6.9
2025-10-23T02:12:22,1485,7.2,86.1,6.8,5.8,95.5,6.8
2025-10-23T04:12:12,1620,7.2,86.7,6.8,4.9,100,6.8
2025-10-23T06:11:56,1740,7.2,88,6.9,4.7,100,6.7
2025-10-23T08:11:45,1935,7.6,89.4,7.2,4.8,100,6.7
2025-10-23T10:11:11,1995,8.2,89.3,7.5,5.3,100,6.9
2025-10-23T12:11:06,1995,8.3,89.9,7.6,5.4,100,7
2025-10-23T14:11:51,1995,8.2,90,7.5,5.5,100,7
2025-10-23T16:11:50,1965,8,90.8,7.5,5.5,100,7
2025-10-23T18:12:10,1995,8.1,91.7,7.6,5.6,100,7.1
2025-10-23T20:11:49,2025,8.4,92.4,7.8,5.9,100,7.2
2025-10-23T22:11:13,2025,8.5,92.6,7.9,6.1,100,7.3
2025-10-24T00:11:08,2025,8.6,92.7,8,6.1,100,7.3
2025-10-24T02:10:24,2040,8.5,92.6,7.9,6,100,7.3
2025-10-24T04:11:05,2040,8.4,92.7,7.9,6,100,7.3
2025-10-24T06:10:31,2025,8.5,93.1,7.9,6.1,100,7.3
2025-10-24T08:11:08,2160,9,94,8.3,6.4,100,7.5
2025-10-24T10:11:35,2100,9.6,93.2,8.5,7.1,100,7.8
2025-10-24T12:11:24,2070,9.8,92.6,8.6,7.2,100,7.8
2025-10-24T14:10:45,1935,9.4,92.3,8.3,7.1,100,7.8
2025-10-24T16:10:03,1965,9.4,93.7,8.5,7.2,100,7.8
2025-10-24T18:10:19,1965,9.4,94.5,8.5,7.4,100,8
2025-10-24T20:09:40,2010,9.7,95.4,8.8,7.7,100,8.1
2025-10-24T22:09:42,2070,9.9,95.6,8.9,7.8,100,8.2
2025-10-25T00:10:11,2100,10.2,96.2,9.2,8.1,100,8.3
2025-10-25T02:10:12,2100,10.4,96.6,9.3,8.4,100,8.5
2025-10-25T04:09:55,2100,10.8,97.4,9.6,8.9,100,8.8
2025-10-25T06:09:07,2160,11,97.8,9.8,9,100,8.8
2025-10-25T08:08:56,2265,11.4,98.4,10.1,9.3,100,9
2025-10-25T10:08:25,2190,11.7,97.7,10.2,9.5,100,9.1
2025-10-25T12:08:45,2205,11.5,96.8,10,9.3,100,9
2025-10-25T14:09:01,2160,11,96.6,9.7,8.8,100,8.7
2025-10-25T16:08:29,2130,10.9,97.6,9.7,9,100,8.8
2025-10-25T18:09:13,2145,11,98.2,9.8,9,100,8.8
2025-10-25T20:08:36,2190,10.9,98.2,9.8,8.9,100,8.8
2025-10-25T22:08:30,2190,11,98.5,9.9,9.1,100,8.9
2025-10-26T00:08:50,2160,11,99,9.9,9.2,100,8.9
2025-10-26T02:08:39,2160,11.1,98.9,10,9.2,100,8.9
2025-10-26T04:09:21,2190,11,98.9,9.9,9.1,100,8.9
2025-10-26T06:09:51,2220,10.9,98.7,9.8,8.9,100,8.8
2025-10-26T08:09:24,2340,11,98.7,9.9,8.7,100,8.6
2025-10-26T10:08:36,2430,11.3,99.1,10.1,8.8,100,8.7
2025-10-26T12:08:43,2400,11.3,96.3,9.8,8.4,100,8.5
2025-10-26T14:07:47,2340,10.5,94.3,9.1,7.5,100,8
2025-10-26T16:07:42,2190,9.2,94.4,8.4,6.6,100,7.5
2025-10-26T18:08:24,2190,8.4,94.4,8,5.9,100,7.2
2025-10-26T20:09:07,2130,7.7,94.6,7.7,5.4,100,7
2025-10-26T22:08:51,2160,7.7,96.5,7.8,5.5,100,7
2025-10-27T00:08:21,2115,8.2,95.8,8,5.9,100,7.2
2025-10-27T02:07:47,2190,8,97.1,8,5.8,100,7.2
2025-10-27T04:07:37,2070,8.6,97.7,8.4,6.8,100,7.6
2025-10-27T06:07:03,2070,8.2,97,8.1,6.3,100,7.4
2025-10-27T08:06:59,2340,9.1,96.3,8.5,6.3,100,7.4
2025-10-27T10:06:28,2340,9.1,91.2,8.1,5.5,100,7
2025-10-27T12:07:15,2160,8.7,90.4,7.8,5.5,100,7
2025-10-27T14:07:33,2160,8,92.6,7.7,5.3,100,6.9
2025-10-27T16:07:20,2130,7.7,93.4,7.6,5.2,100,6.9
2025-10-27T18:07:52,1890,6.8,92.9,7.1,4.6,100,6.6
2025-10-27T20:07:24,2025,6.9,94.1,7.2,4.5,100,6.6
2025-10-27T22:07:51,1830,6.3,92.3,6.8,4.1,100,6.4
2025-10-28T00:07:51,1890,5.9,93.9,6.8,3.6,100,6.2
2025-10-28T02:07:13,1725,5.4,92.5,6.5,3.2,100,6
2025-10-28T04:07:58,1635,5.1,91.7,6.3,3,100,5.9
2025-10-28T06:08:47,1650,4.8,94.6,6.3,3.1,100,6
2025-10-28T08:08:51,2760,7.9,99.2,8.1,5,100,6.8
2025-10-28T10:09:46,2610,8.6,93,8,5,100,6.8
2025-10-28T12:10:21,2730,8.6,93.5,8,4.9,100,6.8
2025-10-28T14:09:23,2325,8.5,91.8,7.8,5.1,100,6.8
2025-10-28T16:08:53,1965,7.2,91.1,7.2,4.6,100,6.6
2025-10-28T18:08:41,1965,6.8,92.6,7.1,4.4,100,6.5
2025-10-28T20:08:51,2085,6.9,94.6,7.3,4.4,100,6.5
2025-10-28T22:08:43,2115,7,94.3,7.3,4.4,100,6.5
2025-10-29T00:08:16,2055,7,93.5,7.2,4.4,100,6.5
2025-10-29T02:08:45,2115,7,94.4,7.3,4.5,100,6.6
2025-10-29T04:08:17,1590,5.9,89.6,6.5,3.8,100,6.3
2025-10-29T06:08:30,1875,5.6,95.1,6.7,3.5,100,6.2
2025-10-29T08:09:15,2880,8.7,98.3,8.5,5.2,100,6.9
2025-10-29T10:09:26,2550,9.5,91.6,8.3,6.1,100,7.3
2025-10-29T12:09:52,2775,10.4,93.9,9,6.7,100,7.6
2025-10-29T14:09:24,2175,9.2,91.9,8.2,6.3,100,7.4
2025-10-29T16:09:56,1935,7.8,92.2,7.5,5.6,100,7.1
2025-10-29T18:10:27,1395,6.1,87.7,6.4,4.6,100,6.6
2025-10-29T20:10:33,990,3,89.6,5.3,2.4,100,5.7
2025-10-29T22:10:07,1260,3,94.6,5.6,2.3,100,5.7
2025-10-30T00:10:16,1050,2.8,90.2,5.3,1.9,100,5.5
2025-10-30T02:09:42,1050,1.6,93.6,5.1,1,100,5.2
2025-10-30T04:09:58,765,1.1,88.3,4.6,0.7,100,5.1
2025-10-30T06:10:27,990,0.4,96.6,4.8,0.3,100,5
2025-10-30T08:10:02,2220,6,100,7.3,3.8,100,6.3
2025-10-30T10:09:23,2745,9.3,96.6,8.7,6,100,7.3
2025-10-30T12:09:03,2550,9,94.2,8.3,5.9,100,7.2
2025-10-30T14:09:23,2235,8.6,94.2,8.1,5.9,100,7.2
2025-10-30T16:09:44,2145,8.5,95.5,8.2,6.1,100,7.3
2025-10-30T18:10:06,2175,8.7,96.3,8.3,6.4,100,7.5
2025-10-30T20:09:45,2160,8.6,96.1,8.3,6.4,100,7.5
2025-10-30T22:10:00,2085,8.6,96.6,8.3,6.6,100,7.5
2025-10-31T00:10:24,2115,8.6,96,8.2,6.4,100,7.5
2025-10-31T02:10:31,2085,8.4,95.6,8.1,6.3,100,7.4
2025-10-31T04:09:59,2115,8.4,95.8,8.1,6.2,100,7.4
2025-10-31T06:09:42,2250,8,94.6,7.8,5.3,100,6.9
2025-10-31T08:10:11,2355,7.9,95,7.8,5,100,6.8
2025-10-31T10:11:04,2745,8.6,95.2,8.2,5.1,100,6.8
2025-10-31T12:10:24,2805,9.2,94.2,8.4,5.3,100,6.9
2025-10-31T14:10:55,2535,8.5,92.4,7.9,5.1,100,6.8
2025-10-31T16:10:36,2085,7.4,92.6,7.4,4.8,100,6.7
2025-10-31T18:11:01,1740,6.4,91,6.8,4.3,100,6.5
2025-10-31T20:11:45,2145,6.8,95.8,7.3,4.3,100,6.5
2025-10-31T22:11:01,1980,6.5,93.2,7,4,100,6.4
2025-11-01T00:11:14,1155,4.1,88.1,5.6,2.9,100,5.9
2025-11-01T02:11:24,1605,3.7,95.7,6,2.1,100,5.6
2025-11-01T04:11:11,1995,5.5,96,6.7,3,100,5.9
2025-11-01T06:11:22,2070,6.2,95.5,7,3.7,100,6.2
2025-11-01T08:11:28,2640,7.5,96.5,7.7,4.3,100,6.5
2025-11-01T10:11:11,2970,9.4,96.3,8.7,5.3,100,6.9
2025-11-01T12:11:12,2790,9.5,93.9,8.5,5.7,100,7.1
2025-11-01T14:10:29,2175,8.6,90.8,7.8,5.4,100,7
2025-11-01T16:11:15,2025,7.3,92.1,7.3,4.8,100,6.7
2025-11-01T18:11:36,1920,6.8,92.9,7.1,4.5,100,6.6
2025-11-01T20:12:07,1980,6.7,93.6,7.1,4.3,100,6.5
2025-11-01T22:11:53,1965,6.7,93.8,7.1,4.4,100,6.5
2025-11-02T00:11:40,1950,6.8,94.3,7.2,4.8,100,6.7
2025-11-02T02:12:29,1935,7.9,95.8,7.9,6.2,100,7.4
2025-11-02T04:11:57,1740,7.1,95.1,7.4,5.8,100,7.2
2025-11-02T06:12:21,1770,7,95.9,7.4,5.7,100,7.1
2025-11-02T08:11:33,1965,7.9,95.6,7.9,6.1,100,7.3
2025-11-02T10:12:02,2175,8,95.1,7.9,5.5,100,7
2025-11-02T12:11:51,2280,8.6,95.3,8.2,5.9,100,7.2
2025-11-02T14:12:27,2175,8.7,96.2,8.3,6.5,100,7.5
2025-11-02T16:12:34,2130,9.3,97.6,8.8,7.3,100,7.9
2025-11-02T18:12:49,2145,9.7,97.6,9,7.7,100,8.1
2025-11-02T20:12:15,2115,9.6,97.1,8.9,7.6,100,8.1
2025-11-02T22:12:08,2085,9.1,95.7,8.5,7,100,7.7
2025-11-03T00:12:12,2115,8.8,95.7,8.3,6.6,100,7.5
2025-11-03T02:12:24,2100,8.7,96.4,8.3,6.6,100,7.5
2025-11-03T04:12:05,2160,9.4,98.1,8.9,7.5,100,8
2025-11-03T08:12:49,2340,10.3,99.2,9.5,7.9,100,8.2
2025-11-03T10:13:26,2580,11.5,97.3,10,8.6,100,8.6
2025-11-03T12:13:53,2295,11.8,92.7,9.8,8.6,100,8.6
2025-11-03T14:13:37,1905,9.9,93.3,8.7,7.9,100,8.2
2025-11-03T16:13:47,1590,7.6,93.8,7.6,6.5,100,7.5
2025-11-03T18:13:53,2025,7.8,97.4,7.9,6.1,100,7.3
2025-11-03T20:13:37,2085,8,95.1,7.9,5.7,100,7.1
2025-11-03T22:14:16,1995,7.4,93.2,7.4,5.2,100,6.9
2025-11-04T00:14:44,1290,5.4,87.2,6.1,3.9,100,6.3
2025-11-04T02:15:26,855,2.2,89,5,1.9,100,5.5
2025-11-04T04:16:00,1755,3.9,98.4,6.2,2.3,100,5.7
2025-11-04T06:15:36,2010,6,96.2,7,3.7,100,6.2
2025-11-04T08:15:03,2085,7.9,98.1,8.1,6.1,100,7.3
2025-11-04T10:15:06,2925,11.6,99.5,10.3,8.2,100,8.4
2025-11-04T12:14:49,2130,11.1,91.9,9.3,8.2,100,8.4
2025-11-04T14:14:50,2055,9.7,94.1,8.7,7.4,100,8
2025-11-04T16:15:14,2085,9.9,97.2,9.1,8,100,8.3
2025-11-04T18:15:44,2100,10.4,98.4,9.5,8.6,100,8.6
2025-11-04T20:15:26,2055,11,99.7,10,9.6,100,9.2
2025-11-04T22:15:13,2130,11.4,99.5,10.2,9.7,100,9.2
2025-11-05T00:15:08,2085,11.6,99.4,10.3,10,100,9.4
2025-11-05T02:14:41,2085,11.6,99.4,10.3,10,100,9.4
2025-11-05T04:15:31,2130,11.6,99.3,10.3,9.9,100,9.3
2025-11-05T06:15:11,2160,11.6,99.5,10.3,9.9,100,9.3
2025-11-05T08:15:35,2205,11.9,100,10.6,10.1,100,9.5
2025-11-05T10:15:12,2235,12.2,99.1,10.7,10.1,100,9.5
2025-11-05T12:15:57,2205,11.9,97.7,10.3,9.7,100,9.2
2025-11-05T14:16:23,2100,11.4,97.8,10,9.5,100,9.1
2025-11-05T16:16:43,2055,10.9,97.7,9.7,9.2,100,8.9
2025-11-05T18:16:33,2025,10.8,98,9.7,9.2,100,8.9
2025-11-05T20:15:48,1995,10.6,97.9,9.6,9.1,100,8.9
2025-11-05T22:16:01,2010,10.6,97.8,9.5,9,100,8.8
2025-11-06T00:16:06,2040,10.5,98,9.5,8.9,100,8.8
2025-11-06T02:15:16,2070,10.6,98.1,9.6,8.9,100,8.8
2025-11-06T04:15:23,2070,10.6,98.1,9.6,8.9,100,8.8
2025-11-06T06:14:35,2100,10.6,98.1,9.6,8.9,100,8.8
2025-11-06T08:14:05,2220,11.1,98.6,9.9,9,100,8.8
2025-11-06T10:13:28,2325,11.6,98.9,10.3,9.3,100,9
2025-11-06T12:13:36,2370,12.4,97.5,10.6,9.7,100,9.2
2025-11-06T14:12:53,2070,11.8,93.6,9.8,9.4,100,9
2025-11-06T16:13:27,1995,11.2,95.7,9.7,9.2,100,8.9
2025-11-06T18:13:54,2040,10.9,96,9.5,9,100,8.8
2025-11-06T20:13:28,2130,10.7,97,9.5,8.7,100,8.6
2025-11-06T22:13:43,2190,10.8,97.4,9.6,8.6,100,8.6
2025-11-07T00:13:43,2190,10.8,97.4,9.6,8.7,100,8.6
2025-11-07T02:13:41,2175,10.7,97.4,9.6,8.6,100,8.6
2025-11-07T04:14:12,2190,10.6,97.7,9.5,8.5,100,8.5
2025-11-07T06:13:30,2190,10.6,98,9.6,8.5,100,8.5
2025-11-07T08:13:17,2325,11.1,99,10,8.8,100,8.7
2025-11-07T10:12:24,2355,11.8,98,10.3,9.2,100,8.9
2025-11-07T12:12:06,2310,12,98.1,10.5,9.7,100,9.2
2025-11-07T14:11:58,2190,11.7,97.8,10.2,9.7,100,9.2
2025-11-07T16:12:22,2100,11.2,98,9.9,9.4,100,9
2025-11-07T18:12:01,2085,10.9,97.8,9.7,9.1,100,8.9
2025-11-07T20:12:12,2160,10.7,98.8,9.7,8.8,100,8.7
2025-11-07T22:12:42,2175,10.5,97.8,9.5,8.4,100,8.5
2025-11-08T00:13:00,2220,9.9,96.8,9,7.6,100,8.1
2025-11-08T02:12:15,2250,9.7,97,8.9,7.3,100,7.9
2025-11-08T04:12:18,2235,9.5,97.2,8.8,7.3,100,7.9
2025-11-08T06:11:33,2250,9.5,97.5,8.9,7.2,100,7.8
2025-11-08T08:11:53,2325,9.4,97.4,8.8,6.9,100,7.7
2025-11-08T10:11:53,2355,9.8,97.9,9.1,7.1,100,7.8
2025-11-08T12:11:08,2310,9.9,97.5,9.1,7.5,100,8
2025-11-08T14:10:54,2235,9.4,96.1,8.7,6.9,100,7.7
2025-11-08T16:11:06,2205,8.9,96.2,8.4,6.4,100,7.5
2025-11-08T18:11:49,2250,8.8,96.8,8.4,6.5,100,7.5
2025-11-08T20:11:22,2235,8.7,96.6,8.4,6.3,100,7.4
2025-11-08T22:12:06,2205,8.6,96.7,8.3,6.3,100,7.4
2025-11-09T00:12:47,2205,8.7,97,8.4,6.4,100,7.5
2025-11-09T02:12:56,2175,8.6,96.7,8.3,6.3,100,7.4
2025-11-09T04:12:06,2205,8.5,97.3,8.3,6.3,100,7.4
2025-11-09T06:11:36,2235,8.6,97.2,8.4,6.3,100,7.4
2025-11-09T08:10:45,2325,8.7,96.3,8.3,6.1,100,7.3
2025-11-09T10:10:03,2325,8.2,94.8,7.9,5.4,100,7
2025-11-09T12:10:10,2400,8.6,95.2,8.2,5.6,100,7.1
2025-11-09T14:09:28,2190,8.2,93.8,7.9,5.5,100,7
2025-11-09T16:09:17,1905,7,92.4,7.2,4.8,100,6.7
2025-11-09T18:09:29,2115,6.8,95.8,7.3,4.5,100,6.6
2025-11-09T20:09:52,2145,7.1,95.1,7.4,4.6,100,6.6
2025-11-09T22:09:20,2175,7.2,95.2,7.5,4.6,100,6.6
2025-11-10T00:10:00,2235,7.4,95.5,7.6,4.8,100,6.7
2025-11-10T02:09:42,2250,7.3,94.1,7.4,4.3,100,6.5
2025-11-10T04:09:32,2115,6.2,92.1,6.8,2.8,100,5.9
2025-11-10T06:10:04,1980,5.4,92.5,6.5,2,100,5.6
2025-11-10T08:10:16,2295,5.9,95,6.9,2.1,100,5.6
2025-11-10T10:09:18,2715,6.8,94.7,7.2,2.2,100,5.6
2025-11-10T12:10:01,2250,6.6,90.7,6.8,2.2,100,5.6
2025-11-10T14:10:39,1950,5.6,90.6,6.4,2,100,5.6
2025-11-10T16:10:07,1935,5.1,91.8,6.3,1.7,100,5.4
2025-11-10T18:10:00,1860,4.6,91.1,6,1.1,100,5.2
2025-11-10T20:10:15,1770,4.2,91.4,5.9,0.8,100,5.1
2025-11-10T22:10:28,1800,4.1,91.6,5.9,0.7,100,5.1
2025-11-11T00:09:51,1830,4.3,92.1,6,0.8,100,5.1
2025-11-11T02:09:28,1830,4.4,92.2,6,1.1,100,5.2
2025-11-11T04:09:57,1830,4.4,92.5,6,1.3,100,5.3
2025-11-11T06:10:12,1890,4.7,93.2,6.2,1.6,100,5.4
2025-11-11T08:10:32,2340,6.1,96.1,7,2.3,100,5.7
2025-11-11T10:09:47,2820,8.3,95.2,8,4,100,6.4
2025-11-11T12:09:45,2625,9,92.2,8.1,5.4,100,7
2025-11-11T14:09:18,1935,8.1,91.3,7.6,5.7,100,7.1
2025-11-11T16:10:11,1785,7.2,92.5,7.3,5.4,100,7
2025-11-11T18:10:55,1995,7.4,95.5,7.6,5.5,100,7
2025-11-11T20:11:34,2085,8.2,96,8,6.1,100,7.3
2025-11-11T22:11:28,2145,8.4,95.6,8.1,6.1,100,7.3
2025-11-12T00:12:12,2160,8.4,95.4,8.1,6,100,7.3
2025-11-12T02:11:54,2175,8.4,95.7,8.1,6.1,100,7.3
2025-11-12T04:11:04,2220,8.3,95.1,8,5.7,100,7.1
2025-11-12T06:11:27,2175,8.1,95,7.9,5.6,100,7.1
2025-11-12T08:11:56,2175,8.3,95.8,8.1,5.9,100,7.2
2025-11-12T10:11:42,2235,8.9,95.6,8.4,6.4,100,7.5
2025-11-12T12:11:09,2025,8.9,93.4,8.2,6.5,100,7.5
2025-11-12T14:10:43,1860,8.6,94.8,8.1,6.9,100,7.7
2025-11-12T16:11:16,1815,9,96.2,8.5,7.8,100,8.2
2025-11-12T18:11:01,1845,9.2,96.1,8.6,7.8,100,8.2
2025-11-12T20:10:29,1875,9.4,95.4,8.6,7.8,100,8.2
2025-11-12T22:09:39,1995,9,96.2,8.5,7.2,100,7.8
2025-11-13T00:09:33,2025,8.9,96.7,8.5,7,100,7.7
2025-11-13T02:10:11,2100,9.1,97.6,8.7,7.2,100,7.8
2025-11-13T04:10:12,2115,9.3,98.5,8.8,7.6,100,8.1
2025-11-13T06:10:50,2055,9.8,99.6,9.2,8.4,100,8.5
2025-11-13T08:10:53,2115,10.4,99.7,9.6,8.8,100,8.7
2025-11-13T10:11:34,2190,10.8,98.6,9.7,8.8,100,8.7
2025-11-13T12:11:50,2100,10.8,97.7,9.7,9,100,8.8
2025-11-13T14:11:32,2010,10.4,97.5,9.4,8.8,100,8.7
2025-11-13T16:11:41,2115,10.1,97.5,9.2,8.2,100,8.4
2025-11-13T18:12:13,2205,7.8,90,7.3,4.1,100,6.4
2025-11-13T20:11:42,1815,5.4,89.2,6.2,2,100,5.6
2025-11-13T22:11:21,1590,3.9,89.9,5.7,1,100,5.2
2025-11-14T00:12:12,1410,2.8,90.2,5.3,0.3,100,5
2025-11-14T02:12:36,1350,2,91,5.1,-0.3,100,4.8
2025-11-14T04:11:50,690,-0.9,89.5,4.1,-1.6,100,4.3
2025-11-14T06:12:02,480,-3.2,90.4,3.5,-2.2,100,4.2
2025-11-14T08:12:13,825,-1.2,100,4.5,-0.6,100,4.7
2025-11-14T10:11:34,2730,5.3,100,6.9,0.9,100,5.2
2025-11-14T12:10:44,1545,3.9,89.9,5.7,1.2,100,5.3
2025-11-14T14:10:17,855,1.2,86,4.5,-0.2,100,4.8
2025-11-14T16:09:36,1080,0,96.6,4.7,-0.8,100,4.6
2025-11-14T18:09:01,540,-1.3,87.4,3.9,-2.2,100,4.2
2025-11-14T22:08:29,480,-4.7,88.7,3.1,-3.6,100,3.8
2025-11-15T00:07:48,495,-3.9,97.5,3.6,-3,100,3.9
2025-11-15T02:07:53,1005,-1.1,96.4,4.3,-2.5,100,4.1
2025-11-15T04:07:34,585,-2.2,87.2,3.6,-3.8,100,3.7
2025-11-15T06:07:25,495,-5.6,82.4,2.7,-5.4,100,3.3
2025-11-15T08:06:45,495,-4.9,92.7,3.2,-3.3,100,3.9
2025-11-15T10:07:12,1170,-0.4,98.4,4.6,-1.8,100,4.3
2025-11-15T12:06:59,960,0,94,4.6,-0.5,100,4.7
2025-11-15T14:07:01,660,-0.9,91.1,4.2,-0.9,100,4.6
2025-11-15T16:07:31,480,-1.8,92.7,4,-1.2,100,4.5
2025-11-15T18:08:16,705,-1.2,95.7,4.3,-0.8,100,4.6
2025-11-15T20:07:53,1020,0.4,96.2,4.8,0,100,4.8
2025-11-15T22:08:07,795,0.3,90,4.5,-0.2,100,4.8
2025-11-16T00:08:32,720,-0.8,91,4.2,-0.4,95.9,4.5
2025-11-16T02:09:06,750,-0.5,93.5,4.4,0.1,96.4,4.7
2025-11-16T04:10:02,1020,0.6,93.3,4.7,0.7,95.2,4.8
2025-11-16T06:09:16,1185,1.6,93.5,5.1,1.2,95.8,5
2025-11-16T08:10:06,1125,2.3,93.7,5.3,2.3,97,5.5
2025-11-16T10:09:24,2385,6.1,95.4,7,3.9,92.9,5.9
2025-11-16T12:08:41,2670,7.1,88.9,6.9,4.7,88.4,5.9
2025-11-16T14:07:57,1605,5.9,84,6.1,3.5,94.1,5.8
2025-11-16T16:08:25,885,2.4,86.5,4.9,1.7,98.6,5.4
2025-11-16T18:08:36,480,-0.3,87.7,4.2,0.1,100,4.9
2025-11-16T20:08:17,1155,0.9,97.1,5,0.3,100,5
2025-11-16T22:08:49,990,1.2,91.3,4.8,0.3,100,5
2025-11-17T00:08:01,1095,0.9,93.6,4.8,0,100,4.8
2025-11-17T02:08:51,1110,1,92.1,4.8,-0.5,100,4.7
2025-11-17T04:08:53,1380,1.9,93,5.1,-0.3,100,4.8
2025-11-17T06:09:27,1380,2.3,92.1,5.2,0.1,100,4.9
2025-11-17T08:09:54,1545,2.6,92.1,5.3,-0.1,100,4.8
2025-11-17T10:09:25,1920,4.2,90.5,5.8,-0.2,100,4.8
2025-11-17T12:08:49,1830,3.9,89.6,5.7,-0.6,100,4.7
2025-11-17T14:09:17,1575,3,88.3,5.3,-1,100,4.5
2025-11-17T16:08:58,1515,2.4,89.5,5.1,-1.2,100,4.5
2025-11-17T18:08:16,1080,1,86.3,4.5,-1.7,100,4.3
2025-11-17T20:08:39,765,-1.2,89.7,4,-2.4,100,4.1
2025-11-17T22:08:52,1215,-0.1,94.8,4.6,-2.4,100,4.1
2025-11-18T00:08:16,1350,0.9,91.5,4.7,-2.2,100,4.2
2025-11-18T02:07:48,1305,0.9,91.7,4.7,-2,100,4.2
2025-11-18T04:07:42,1440,1.7,91.4,5,-1.5,100,4.4
2025-11-18T06:07:30,1215,0.9,89.2,4.6,-2.2,100,4.2
2025-11-18T08:08:20,1245,0.9,89.8,4.6,-2.4,100,4.1
2025-11-18T10:07:58,1380,1.1,88.5,4.6,-3.3,100,3.9
2025-11-18T12:07:57,1185,0.4,85.3,4.3,-4.4,100,3.6
2025-11-18T14:08:44,480,-2.5,78.9,3.2,-5.7,100,3.2
2025-11-18T18:08:39,465,-4.5,80.4,2.8,-5.7,100,3.2
2025-11-18T20:08:03,0,-9.7,75.3,1.8,-8,100,2.7
2025-11-18T22:07:36,0,-11,89.4,2,-9.4,100,2.5
2025-11-19T00:06:57,0,-11.7,91.8,1.9,-10.5,100,2.3
2025-11-19T02:07:23,0,-12.2,95.3,1.9,-11.6,100,2.1
2025-11-19T04:07:06,0,-11.6,98.6,2.1,-11,100,2.2
2025-11-19T06:07:13,0,-11.7,96.6,2,-11.2,100,2.2
2025-11-19T08:07:57,0,-10.3,92.5,2.1,-9.5,100,2.5
2025-11-19T10:07:27,840,-3.3,96,3.7,-6.7,100,3
2025-11-19T12:08:15,480,-3.6,90.8,3.4,-4.9,100,3.4
2025-11-19T16:07:56,480,-5.9,85.6,2.7,-5.9,100,3.2
2025-11-19T18:07:05,480,-4.8,91.3,3.2,-5.6,100,3.3
2025-11-19T20:07:48,585,-3.2,90,3.5,-5,100,3.4
2025-11-19T22:07:08,855,-2.3,93.3,3.9,-4.6,100,3.5
2025-11-20T00:07:06,1080,-0.6,91.3,4.2,-3.8,100,3.7
2025-11-20T02:06:24,1050,-0.3,89.3,4.2,-3.4,100,3.8
2025-11-20T04:06:07,945,-0.7,90.7,4.2,-3,100,3.9
2025-11-20T06:05:38,1140,0.2,92.7,4.6,-2.1,100,4.2
2025-11-20T08:06:19,1275,1.8,92.8,5.1,-0.1,100,4.8
2025-11-20T10:06:32,1365,2.2,93.1,5.2,0.2,100,4.9
2025-11-20T12:06:58,1860,4.1,95.8,6.1,1.5,100,5.4
2025-11-20T14:07:20,1530,3.7,90.5,5.6,1.1,100,5.2
2025-11-20T16:07:01,1515,3.3,91,5.5,0.8,100,5.1
2025-11-20T18:07:47,1530,3.4,91.7,5.6,0.9,100,5.2
2025-11-20T20:08:36,1545,3.5,91,5.6,0.8,100,5.1
2025-11-20T22:09:06,1515,2.9,90.5,5.3,0,100,4.8
2025-11-21T00:09:48,1545,2.9,90.7,5.4,0,100,4.8
2025-11-21T02:09:44,1515,2.7,90.2,5.3,-0.4,100,4.7
2025-11-21T04:09:13,1440,2.3,90.4,5.1,-0.7,100,4.6
2025-11-21T06:09:13,1440,2.3,90.7,5.1,-0.5,100,4.7
2025-11-21T08:09:29,1485,2.4,91,5.2,-0.5,100,4.7
2025-11-21T10:10:10,1860,3.6,93.9,5.8,0,100,4.8
2025-11-21T12:10:50,1920,4.5,89.8,5.9,0.1,100,4.9
2025-11-21T14:11:39,1500,2.8,88.8,5.2,-0.5,100,4.7
2025-11-21T16:11:01,1545,2.4,90.5,5.2,-0.9,100,4.6
2025-11-21T18:10:19,1530,2.4,90.6,5.2,-0.9,100,4.6
2025-11-21T20:10:46,1545,2.4,90.3,5.2,-1.2,100,4.5
2025-11-21T22:10:48,1545,2.4,89.9,5.1,-1.4,100,4.4
2025-11-22T00:11:13,1635,2.3,88.7,5,-2.6,100,4
2025-11-22T02:10:41,1215,1.1,82.7,4.3,-4.2,100,3.6
2025-11-22T04:10:52,480,-4.6,77.6,2.7,-6.6,100,3
2025-11-22T06:10:09,0,-9.2,77.4,1.9,-8.3,100,2.7
2025-11-22T08:09:44,480,-9,78.1,2,-6.7,100,3
2025-11-22T10:09:47,480,-4.5,94.8,3.4,-4.1,100,3.6
2025-11-22T12:09:48,585,-1.9,100,4.3,-0.4,100,4.7
2025-11-22T14:09:12,855,-0.5,96.8,4.5,-0.4,100,4.7
2025-11-22T16:09:09,1110,0.9,97.6,5,0.6,100,5.1
2025-11-22T18:08:20,1185,2,97,5.4,1.8,100,5.5
2025-11-22T20:07:51,1605,3.3,100,6.1,2.5,100,5.8
2025-11-22T22:07:57,1830,5.1,96.5,6.6,3.2,100,6
2025-11-23T00:08:41,1920,5.6,95.2,6.7,3.4,100,6.1
2025-11-23T02:08:35,1905,5.5,94.3,6.6,3.3,100,6.1
2025-11-23T04:08:06,1905,5.8,94.6,6.8,3.6,100,6.2
2025-11-23T06:08:37,1575,4.9,93,6.3,3.3,100,6.1
2025-11-23T08:08:53,1830,5.6,95.5,6.8,3.8,100,6.3
2025-11-23T10:08:03,2325,7.3,96.1,7.6,4.4,100,6.5
2025-11-23T12:08:22,1560,6,90.8,6.6,4.3,100,6.5
2025-11-23T14:08:55,1740,5.8,93,6.7,4,100,6.4
2025-11-23T16:08:25,1830,5.9,93.7,6.8,3.8,100,6.3
2025-11-23T18:09:09,1695,5.5,91.9,6.5,3.3,100,6.1
2025-11-23T20:09:47,1740,5.1,93.5,6.4,2.9,100,5.9
2025-11-23T22:10:09,1815,5.3,93.2,6.5,3,100,5.9
2025-11-24T00:10:32,1740,5.1,92.2,6.3,2.7,100,5.8
2025-11-24T02:10:31,1575,4.1,93.1,6,2.1,100,5.6
2025-11-24T04:09:47,1605,3.9,92.8,5.9,1.7,100,5.4
2025-11-24T06:10:13,1545,3.6,91.8,5.7,1.3,100,5.3
2025-11-24T08:10:38,1605,3.6,93.1,5.8,1.2,100,5.3
2025-11-24T10:10:57,1725,4.1,92.4,5.9,1.3,100,5.3
2025-11-24T12:11:41,1860,4.7,92.1,6.1,1.5,100,5.4
2025-11-24T14:12:25,1575,4.1,90,5.8,1.2,100,5.3
2025-11-24T16:12:36,1545,3.1,91.1,5.5,0.3,100,5
2025-11-24T18:13:02,1275,2,87.7,4.9,-0.8,100,4.6
2025-11-24T20:13:37,885,-0.8,91.8,4.2,-2.3,100,4.1
2025-11-24T22:13:16,885,-0.8,90.3,4.1,-2.7,100,4
2025-11-25T00:12:27,885,-1.1,91.9,4.1,-2.7,100,4
2025-11-25T02:12:36,1320,0.8,93.8,4.8,-1.6,100,4.3
2025-11-25T04:12:55,1500,2.1,92.1,5.2,-0.8,100,4.6
2025-11-25T06:13:17,1515,2.4,91,5.2,-0.7,100,4.6
2025-11-25T08:12:32,1500,2,90,5,-1.7,100,4.3
2025-11-25T10:12:58,1500,2,88.4,4.9,-2.3,100,4.1
2025-11-25T12:13:06,1335,1.5,86,4.6,-2.9,100,4
2025-11-25T14:12:39,1050,0.2,85.8,4.2,-3.4,100,3.8
2025-11-25T16:12:20,825,-1,85.7,3.9,-3.9,100,3.7
2025-11-25T18:12:59,480,-3.1,83.6,3.3,-5,100,3.4
2025-11-25T20:12:53,480,-3.8,89.6,3.3,-5.4,100,3.3
2025-11-25T22:12:51,495,-5.8,77.4,2.5,-6.5,100,3.1
2025-11-26T00:13:21,0,-11.4,72,1.5,-8.9,100,2.6
2025-11-26T02:14:04,0,-10.4,91.1,2.1,-9.5,100,2.5
2025-11-26T04:13:46,0,-8,97,2.7,-8.3,100,2.7
2025-11-26T06:14:13,480,-5.7,96.4,3.1,-6.8,100,3
2025-11-26T08:14:10,990,-2.2,95.6,4,-4.9,100,3.4
2025-11-26T10:14:40,1530,0.8,94.2,4.8,-3.1,100,3.9
2025-11-26T12:14:36,1545,2.1,90.1,5,-1.9,100,4.3
2025-11-26T14:15:09,1380,1.5,88.3,4.7,-2.3,100,4.1
2025-11-26T16:15:33,1275,0.7,87.8,4.5,-3.3,100,3.9
2025-11-26T18:15:43,1140,0,87.7,4.3,-4.1,100,3.6
2025-11-26T20:15:23,990,-0.9,86.6,3.9,-5,100,3.4
2025-11-26T22:14:46,480,-3.1,83.3,3.3,-6.8,100,3
2025-11-27T00:14:44,0,-7.5,76.1,2.2,-8.5,100,2.6
2025-11-27T02:14:33,0,-9.6,92.2,2.2,-9,100,2.5
2025-11-27T04:14:29,0,-7.8,90.9,2.5,-8.1,100,2.7
2025-11-27T06:13:53,525,-4.8,97.5,3.4,-5.9,100,3.2
2025-11-27T08:14:43,1005,-1.4,95.9,4.2,-3.4,100,3.8
2025-11-27T10:14:00,1500,1.5,94.1,5.1,-1.4,100,4.4
2025-11-27T12:13:17,1440,2.2,90.1,5.1,-0.8,100,4.6
2025-11-27T14:12:56,1365,2.1,89.8,5,-0.7,100,4.6
2025-11-27T16:12:42,1350,2.3,91.2,5.2,0.1,100,4.9
2025-11-27T18:12:14,1635,3.2,95.2,5.7,1.1,100,5.2
2025-11-27T20:11:39,1725,4.1,93,6,1.5,100,5.4
2025-11-27T22:11:25,1830,4.7,93.6,6.2,2.2,100,5.6
2025-11-28T00:10:36,1920,5.4,94.1,6.6,2.8,100,5.9
2025-11-28T02:10:30,2010,6,94.3,6.8,3.4,100,6.1
2025-11-28T04:10:04,2085,6.4,94.5,7,3.7,100,6.2
2025-11-28T06:10:05,2145,6.9,95.2,7.3,4.3,100,6.5
2025-11-28T08:10:51,2205,7.3,95.6,7.6,4.7,100,6.7
2025-11-28T10:11:35,2280,8.2,96.9,8.1,5.8,100,7.2
2025-11-28T12:11:26,2265,8.9,96.6,8.5,6.4,100,7.5
2025-11-28T14:11:52,2175,8.9,96.4,8.4,6.6,100,7.5
2025-11-28T16:11:38,2100,8.9,95.7,8.4,6.6,100,7.5
2025-11-28T18:12:08,2055,8.5,95.1,8.1,6.4,100,7.5
2025-11-28T20:12:09,1995,8.3,95.7,8.1,6.5,100,7.5
2025-11-28T22:11:51,2010,8.5,95.9,8.2,6.6,100,7.5
2025-11-29T00:12:30,1980,8.4,95.2,8.1,6.5,100,7.5
2025-11-29T02:11:56,2190,8.6,95.7,8.2,6.1,100,7.3
2025-11-29T04:11:56,2325,8,94.1,7.8,5,100,6.8
2025-11-29T06:11:28,2265,7.6,93.6,7.5,4.6,100,6.6
2025-11-29T08:11:00,2175,7.2,93.5,7.3,4.2,100,6.4
2025-11-29T10:10:04,2175,7.1,93.8,7.3,4.2,100,6.4
2025-11-29T12:10:39,2160,7.1,94.3,7.4,4.3,100,6.5
2025-11-29T14:11:38,2175,7.4,95.1,7.6,4.9,100,6.8
2025-11-29T16:11:43,2115,7.6,94.7,7.6,5.2,100,6.9
2025-11-29T18:11:07,2175,7.6,94.9,7.6,5.2,100,6.9
2025-11-29T20:11:36,2115,7.8,95,7.8,5.5,100,7
2025-11-29T22:11:14,2055,7.9,94.7,7.8,5.7,100,7.1
2025-11-30T00:12:01,1905,7.7,94.5,7.7,5.9,100,7.2
2025-11-30T02:11:40,1830,7.5,94.1,7.5,5.8,100,7.2
2025-11-30T04:11:34,1320,5,90.9,6.2,4.2,100,6.4
2025-11-30T06:12:18,975,2.6,91.9,5.3,2.4,100,5.7
2025-11-30T08:12:26,1050,1.8,97.9,5.4,2.1,100,5.6
2025-11-30T10:12:16,2070,6,100,7.3,4.4,100,6.5
2025-11-30T12:12:18,2310,8.2,96.8,8.1,5.6,100,7.1
2025-11-30T14:12:11,2325,8,94.4,7.8,5.1,100,6.8
2025-11-30T16:12:07,2025,7.1,92.1,7.2,4.3,100,6.5
2025-11-30T18:12:26,1890,6,90,6.5,2.8,100,5.9
2025-11-30T20:12:33,1785,5,90.1,6.1,1.7,100,5.4
2025-11-30T22:12:13,1860,4.8,91.6,6.1,1.5,100,5.4
2025-12-01T00:12:43,1845,4.6,91.4,6,1.1,100,5.2
2025-12-01T02:12:44,1830,4.3,91.2,5.9,0.7,100,5.1
2025-12-01T04:11:56,1695,3.8,90.5,5.7,0.4,100,5
2025-12-01T06:11:13,1800,4.3,93.2,6,1.3,100,5.3
2025-12-01T08:10:32,1920,5.1,94.2,6.4,2.3,100,5.7
2025-12-01T10:11:16,2040,5.9,94.4,6.8,3.1,100,6
2025-12-01T12:11:17,2085,6.6,94.2,7.1,3.9,100,6.3
2025-12-01T14:11:13,2100,6.9,94.5,7.3,4.3,100,6.5
2025-12-01T16:10:45,2145,7.1,94.5,7.4,4.5,100,6.6
2025-12-01T18:10:04,1860,6.7,91.7,7,4.3,100,6.5
2025-12-01T20:10:44,1410,4.4,92,6,3,100,5.9
2025-12-01T22:10:06,1920,5.5,95.8,6.7,3.2,100,6
2025-12-02T00:10:36,1575,4.8,91.4,6.1,2.7,100,5.8
2025-12-02T02:11:02,1260,3,90.1,5.4,1.3,100,5.3
2025-12-02T04:10:39,795,0.6,90.4,4.6,0.2,100,4.9
2025-12-02T06:10:32,765,-0.2,95.5,4.6,0.2,100,4.9
2025-12-02T08:10:17,1515,3.3,100,6.1,2.9,100,5.9
2025-12-02T10:09:43,2280,6.8,98.8,7.6,4.5,100,6.6
2025-12-02T12:09:45,2100,7.3,93.7,7.4,4.7,100,6.7
2025-12-02T14:10:25,1725,6.4,91.6,6.8,4.3,100,6.5
2025-12-02T16:10:20,1770,5.9,93.4,6.7,3.9,100,6.3
2025-12-02T18:09:58,1830,5.9,92.5,6.7,3.5,100,6.2
2025-12-02T20:09:42,1830,5.8,92.3,6.6,3.4,100,6.1
2025-12-02T22:09:05,1830,5.9,91.4,6.6,3.3,100,6.1
2025-12-03T00:09:18,1830,5.9,90.5,6.5,3.2,100,6
2025-12-03T02:08:45,1740,5.7,90.1,6.4,3.1,100,6
2025-12-03T04:08:34,1770,5.8,90.2,6.5,3.1,100,6
2025-12-03T06:08:09,1710,5.8,88.7,6.4,3.2,99.1,6
2025-12-03T08:07:34,1710,5.6,88.1,6.2,2.7,100,5.8
2025-12-03T10:08:23,1740,5.6,89.5,6.3,2.7,100,5.8
2025-12-03T12:08:21,1860,5.9,90.8,6.5,3,100,5.9
2025-12-03T14:08:51,1890,6,91.2,6.6,3.1,100,6
2025-12-03T16:09:22,1920,6.2,91.1,6.7,3.2,100,6
2025-12-03T18:08:45,1950,6.2,91.4,6.7,3.2,100,6
2025-12-03T20:09:05,1965,6.1,91,6.6,2.9,100,5.9
2025-12-03T22:08:20,1920,5.9,90.7,6.5,2.7,100,5.8
2025-12-04T00:07:33,1815,5.3,89.2,6.2,1.7,100,5.4
2025-12-04T02:07:35,1725,4.6,89.3,5.9,1.1,100,5.2
2025-12-04T04:08:16,1665,4.3,89.7,5.8,1.1,100,5.2
2025-12-04T06:08:16,1560,4,89.3,5.7,0.8,100,5.1
2025-12-04T08:08:02,1560,3.7,89.3,5.6,0.5,100,5
2025-12-04T10:08:32,1650,3.8,89.3,5.6,0.4,100,5
2025-12-04T12:07:40,1635,3.9,88.5,5.6,0.6,100,5.1
2025-12-04T14:08:16,1530,3.7,88.4,5.5,0.6,100,5.1
2025-12-04T16:08:43,1575,3.8,89,5.6,0.6,100,5.1
2025-12-04T18:08:14,1605,3.9,89.3,5.6,0.8,100,5.1
2025-12-04T20:07:34,1665,4.2,89.8,5.8,1,100,5.2
2025-12-04T22:06:51,1635,4.1,89.4,5.7,1,100,5.2
2025-12-05T00:06:09,1605,4.1,89.6,5.7,1.1,100,5.2
2025-12-05T02:06:37,1830,4.7,91.4,6.1,1.6,100,5.4
2025-12-05T04:06:51,1875,5.6,91.9,6.5,2.7,100,5.8
2025-12-05T06:06:01,1920,6,91.7,6.7,3.1,100,6
2025-12-05T08:05:24,1890,6.1,91.6,6.7,3.3,100,6.1
2025-12-05T10:05:30,2190,6.8,93.3,7.1,3.5,100,6.2
2025-12-05T12:04:59,1920,6.5,89.5,6.7,3.2,100,6
2025-12-05T14:05:42,1725,5.7,90.2,6.4,3.1,100,6
2025-12-05T16:06:20,1695,5.3,91.2,6.3,2.7,100,5.8
2025-12-05T18:05:30,1785,5.5,91.7,6.4,2.7,100,5.8
2025-12-05T20:05:46,1860,5.7,91.8,6.5,2.9,100,5.9
2025-12-05T22:06:34,1860,5.9,91.8,6.6,3.2,100,6
2025-12-06T00:06:34,1995,6.3,92.4,6.8,3.4,100,6.1
2025-12-06T02:06:45,2010,6.4,92.1,6.9,3.5,100,6.2
2025-12-06T04:06:51,1890,6.2,91.5,6.7,3.4,100,6.1
2025-12-06T06:07:25,1965,6.2,92.4,6.8,3.5,100,6.2
2025-12-06T08:07:20,2010,6.5,93.1,7,3.8,100,6.3
2025-12-06T10:06:41,2115,6.7,92.6,7,3.6,100,6.2
2025-12-06T12:07:29,2115,6.8,92.8,7.1,3.7,100,6.2
2025-12-06T14:08:15,2115,6.9,93.2,7.2,3.9,100,6.3
2025-12-06T16:08:28,2145,6.9,93.1,7.2,3.9,100,6.3
2025-12-06T18:08:06,2100,6.7,92.1,7,3.5,100,6.2
2025-12-06T20:08:17,2010,6.1,91.4,6.7,2.7,100,5.8
2025-12-06T22:09:02,1950,5.7,91.6,6.5,2.4,100,5.7
2025-12-07T00:09:10,2010,5.7,92.4,6.6,2.5,100,5.8
2025-12-07T02:09:40,2010,5.9,92.5,6.7,2.6,100,5.8
2025-12-07T04:08:54,2040,5.9,92.4,6.7,2.6,100,5.8
2025-12-07T06:08:34,2055,5.9,92.4,6.7,2.6,100,5.8
2025-12-07T08:08:19,2040,5.9,92.5,6.7,2.6,100,5.8
2025-12-07T10:08:39,2070,6,92.2,6.7,2.4,100,5.7
2025-12-07T12:08:48,1980,5.7,90.7,6.5,2,100,5.6
2025-12-07T14:09:15,1860,4.9,90.3,6.1,1.4,100,5.3
2025-12-07T16:10:04,1830,4.6,90.7,6,1.1,100,5.2
2025-12-07T18:09:44,1770,4.4,90.8,5.9,1,100,5.2
2025-12-07T20:10:27,1725,4.2,91.2,5.9,0.9,100,5.2
2025-12-07T22:10:00,1740,4.2,90.8,5.9,0.8,100,5.1
2025-12-08T00:09:42,1710,3.9,90.5,5.7,0.5,100,5
2025-12-08T02:09:21,1770,4.1,91.4,5.9,0.8,100,5.1
2025-12-08T04:08:40,1800,4.4,91.7,6,1.1,100,5.2
2025-12-08T06:08:34,1860,4.8,92.4,6.2,1.7,100,5.4
2025-12-08T08:08:16,1950,5.4,92.8,6.5,2.2,100,5.6
2025-12-08T10:08:44,1995,5.6,92.1,6.5,2.3,100,5.7
2025-12-08T12:08:39,1980,5.6,91.9,6.5,2.2,100,5.6
2025-12-08T14:07:55,1950,5.4,91.5,6.4,2,100,5.6
2025-12-08T16:08:43,1920,5.4,91.9,6.4,2.1,100,5.6
2025-12-08T18:09:13,1950,5.5,92.4,6.5,2.3,100,5.7
2025-12-08T20:09:17,1950,5.6,92.5,6.5,2.5,100,5.8
2025-12-08T22:09:34,1920,5.3,91.6,6.3,2,100,5.6
2025-12-09T00:09:51,2010,5.8,94,6.7,3,100,5.9
2025-12-09T02:09:45,2115,6.4,94.4,7,3.7,100,6.2
2025-12-09T04:10:16,2190,7.2,96,7.5,4.8,100,6.7
2025-12-09T06:10:24,2205,8,95.2,7.9,5.4,100,7
2025-12-09T08:10:34,2250,8,94.6,7.8,5.2,100,6.9
2025-12-09T10:10:19,2385,8.4,94.6,8,5.3,100,6.9
2025-12-09T12:10:24,2400,8.4,92.7,7.9,4.9,100,6.8
2025-12-09T14:10:21,2100,7.1,89.8,7,3.3,100,6.1
2025-12-09T16:10:26,1695,5.4,87.2,6.1,2,100,5.6
2025-12-09T18:10:00,1755,4.8,90.9,6.1,1.6,100,5.4
2025-12-09T20:09:49,1860,4.9,91,6.1,1.4,100,5.3
2025-12-09T22:10:02,1860,4.5,89.8,5.9,0.6,100,5.1
2025-12-10T00:10:29,1710,3.8,89.4,5.6,0,100,4.8
2025-12-10T02:09:55,1545,3.1,87.9,5.3,-0.6,100,4.7
2025-12-10T04:10:42,1470,2.1,89.6,5,-1.4,100,4.4
2025-12-10T06:09:59,1440,1.7,90.5,4.9,-1.8,100,4.3
2025-12-10T08:09:34,1605,2.3,91,5.2,-1.5,100,4.4
2025-12-10T10:09:47,1605,2.6,90.3,5.2,-1.2,100,4.5
2025-12-10T12:09:16,1755,3.2,91.1,5.5,-0.8,100,4.6
2025-12-10T14:09:30,1770,3.8,92.4,5.8,0.7,100,5.1
2025-12-10T16:09:08,2070,6,96.5,7,3.5,100,6.2
2025-12-10T18:09:52,2175,7.4,97.1,7.7,5.3,100,6.9
2025-12-10T20:10:18,2175,8.5,96.3,8.2,6.2,100,7.4
2025-12-10T22:10:26,2115,8.2,94.3,7.9,5.8,100,7.2
2025-12-11T00:10:55,2100,7.9,93.9,7.7,5.4,100,7
2025-12-11T02:10:08,2115,7.7,93.1,7.5,5.2,100,6.9
2025-12-11T04:10:30,2085,7.4,92.8,7.4,4.8,100,6.7
2025-12-11T06:10:09,2055,7.1,92.6,7.2,4.4,100,6.5
2025-12-11T08:09:56,2055,7.1,92.4,7.2,4.3,100,6.5
2025-12-11T10:09:07,2205,7.5,93.2,7.5,4.5,100,6.6
2025-12-11T12:09:53,2175,7.7,91.6,7.4,4.6,100,6.6
2025-12-11T14:09:57,1950,7,90.5,7,4,100,6.4
2025-12-11T16:09:25,1935,6.4,91,6.8,3.5,100,6.2
2025-12-11T18:08:41,1785,5.5,89.1,6.3,2.1,100,5.6
2025-12-11T20:08:48,1800,4.6,88.5,5.9,0.8,100,5.1
2025-12-11T22:08:50,1530,3.1,86.7,5.2,-0.8,100,4.6
2025-12-12T00:08:44,1380,2.1,86.9,4.9,-1.5,100,4.4
2025-12-12T02:09:24,1305,1.4,87.9,4.7,-2,100,4.2
2025-12-12T04:10:10,1245,1.2,88,4.6,-2.1,100,4.2
2025-12-12T06:10:35,750,-0.5,86,4,-2.5,100,4.1
2025-12-12T08:09:59,480,-2.7,85.4,3.4,-4,100,3.7
2025-12-12T10:10:23,945,-1.8,91.1,3.9,-4.8,97.7,3.4
2025-12-12T12:10:56,540,-3.1,84.9,3.3,-5,96.2,3.3
2025-12-12T14:11:19,480,-5,83.9,2.9,-5.9,100,3.2
2025-12-12T16:10:57,0,-6.1,83.6,2.6,-7.1,100,2.9
2025-12-12T18:10:14,0,-6.7,82.5,2.5,-7.6,100,2.8
2025-12-12T20:09:58,0,-7.2,83.6,2.4,-7.8,100,2.8
2025-12-12T22:10:02,0,-6.4,85.9,2.6,-7.7,100,2.8
2025-12-13T00:09:54,0,-7.3,85.5,2.5,-8,100,2.7
2025-12-13T02:09:29,0,-7.8,83.4,2.3,-8.7,100,2.6
2025-12-13T04:09:18,0,-7.6,90.6,2.6,-8.2,100,2.7
2025-12-13T06:09:04,0,-7.8,94.5,2.6,-8.3,100,2.7
2025-12-13T08:09:54,0,-7.9,97.2,2.7,-8.2,100,2.7
2025-12-13T10:09:39,480,-5.9,98.5,3.1,-6.9,100,3
2025-12-13T12:08:54,765,-2.7,91.3,3.7,-5.4,100,3.3
2025-12-13T14:08:49,540,-2.7,86.3,3.5,-5,100,3.4
2025-12-13T16:09:05,480,-3.5,86.4,3.3,-5.2,100,3.4
2025-12-13T18:09:21,720,-2.4,89.5,3.7,-3.3,95.3,3.7
2025-12-13T20:08:45,1365,-1.4,85.1,3.7,-2.3,77.8,3.2
2025-12-13T22:08:16,1665,-0.3,80,3.8,-2.1,74,3.1
2025-12-14T00:07:41,1665,0.4,76.5,3.8,-2.1,74.5,3.1
2025-12-14T02:08:29,855,0.3,77.2,3.8,-3.1,95.3,3.7
2025-12-14T04:09:01,1020,-0.2,83.9,4,-2.3,92,3.8
2025-12-14T06:08:12,1020,0.6,82.1,4.1,-2.4,95.3,3.9
2025-12-14T08:08:38,975,0.7,81.6,4.2,-2.4,97.7,4
2025-12-14T10:08:30,990,1,82.6,4.3,-2.4,100,4.1
2025-12-14T12:08:19,1020,1.2,83.6,4.4,-2.1,100,4.2
2025-12-14T14:08:48,1215,1.6,86.7,4.7,-1.5,100,4.4
2025-12-14T16:08:41,1245,2.1,87.1,4.9,-0.9,100,4.6
2025-12-14T18:09:02,1320,2.2,87.7,4.9,-0.8,100,4.6
2025-12-14T20:09:09,1215,2.4,89.7,5.1,0.5,100,5
2025-12-14T22:08:45,1230,2.4,90.4,5.2,0.7,100,5.1
2025-12-15T00:08:58,1260,2.4,90.4,5.2,0.4,100,5
2025-12-15T02:08:55,1260,2.5,91,5.2,0.8,100,5.1
2025-12-15T04:08:25,1215,2.5,91.9,5.3,1.2,100,5.3
2025-12-15T06:07:52,1260,2.6,92.2,5.3,1.1,100,5.2
2025-12-15T08:07:16,1260,3,93.1,5.5,2,100,5.6
2025-12-15T10:06:32,1665,4.6,96.6,6.4,3.3,100,6.1
2025-12-15T12:05:49,2295,7.3,96.4,7.6,4.7,100,6.7
2025-12-15T14:06:05,2250,8,94.2,7.8,5.1,100,6.8
2025-12-15T16:06:34,2280,7.9,93.3,7.7,4.8,100,6.7
2025-12-15T18:06:02,2235,7.6,92.8,7.5,4.5,100,6.6
2025-12-15T20:05:47,2205,7.4,93,7.4,4.4,100,6.5
2025-12-16T00:05:17,2220,7.6,93.7,7.5,4.7,100,6.7
2025-12-16T02:04:51,2250,7.7,93.9,7.6,4.8,100,6.7
2025-12-16T04:05:11,2265,7.9,94,7.7,4.9,100,6.8
2025-12-16T06:05:56,2295,8,94.1,7.8,5,100,6.8
2025-12-16T08:06:06,2310,8.1,94.4,7.9,5.2,100,6.9
2025-12-16T10:06:51,2355,8.5,94.2,8,5.3,100,6.9
2025-12-16T12:07:32,2250,8.1,92.9,7.7,5.2,100,6.9
2025-12-16T14:07:53,2190,7.8,93.2,7.6,4.9,100,6.8
2025-12-16T16:07:47,2205,7.6,93.3,7.5,4.7,100,6.7
2025-12-16T18:07:19,2070,7.2,92,7.2,4.2,100,6.4
2025-12-16T20:07:00,2025,6.7,92.3,7,3.8,100,6.3
2025-12-16T22:07:48,2040,6.8,92.8,7.1,3.9,100,6.3
2025-12-17T00:08:16,2040,6.8,93.1,7.1,4.1,100,6.4
2025-12-17T02:08:53,2010,6.7,92.3,7,4,100,6.4
2025-12-17T04:09:38,1980,6.5,92.1,6.9,3.8,100,6.3
2025-12-17T06:09:36,1980,6.5,92.7,7,3.9,100,6.3
2025-12-17T08:09:52,2115,7.2,94.4,7.4,4.7,100,6.7
2025-12-17T10:09:18,2130,7.6,93.3,7.5,5,100,6.8
2025-12-17T12:10:02,2220,7.6,93.4,7.5,4.7,100,6.7
2025-12-17T14:09:32,2160,7.3,93,7.3,4.3,100,6.5
2025-12-17T16:09:03,2130,7.4,93.7,7.5,4.7,100,6.7
2025-12-17T18:09:40,2145,7.8,94.7,7.7,5.4,100,7
2025-12-17T20:09:45,1830,7.1,90.8,7.1,4.9,100,6.8
2025-12-17T22:09:05,1755,5.7,92,6.5,3.3,100,6.1
2025-12-18T00:09:46,1695,5.3,90.8,6.3,2.8,100,5.9
2025-12-18T02:09:40,1545,4.1,92,5.9,2,100,5.6
2025-12-18T04:09:18,1410,3.5,90.1,5.5,1.3,100,5.3
2025-12-18T06:09:31,1125,1.4,92.7,4.9,0.1,100,4.9
2025-12-18T08:08:52,1860,3.8,96.2,6,1,100,5.2
2025-12-18T10:08:46,2190,6,94.9,6.9,2.6,100,5.8
2025-12-18T12:08:14,2040,6.7,92.2,7,3.8,100,6.3
2025-12-18T14:08:14,1830,6.3,91.6,6.8,3.9,100,6.3
2025-12-18T16:08:45,1950,6,91.8,6.7,3,100,5.9
2025-12-18T18:08:44,2115,7.1,95.4,7.4,4.7,100,6.7
2025-12-18T20:07:54,2190,7.4,94,7.5,4.5,100,6.6
2025-12-18T22:08:29,2220,7.3,93.4,7.4,4.3,100,6.5
2025-12-19T00:07:55,2130,7.4,93.2,7.4,4.7,100,6.7
2025-12-19T02:08:45,2100,7.3,93.4,7.4,4.7,100,6.7
2025-12-19T04:08:56,2175,7.4,93.9,7.5,4.7,100,6.7
2025-12-19T06:09:18,2190,7.6,93.8,7.6,4.7,100,6.7
2025-12-19T08:10:03,2190,7.6,93.8,7.6,4.7,100,6.7
2025-12-19T10:09:16,2145,7.5,92.5,7.4,4.6,100,6.6
2025-12-19T12:10:02,1950,7.2,91.2,7.2,4.5,100,6.6
2025-12-19T14:10:46,1950,6.6,91.5,6.9,3.7,100,6.2
2025-12-19T16:10:40,2040,6.5,92.7,7,3.6,100,6.2
2025-12-19T18:11:20,2130,7.1,94.6,7.4,4.5,100,6.6
2025-12-19T20:10:31,2190,7.8,95.2,7.8,5.2,100,6.9
2025-12-20T00:10:15,2235,8.6,95.1,8.2,5.9,100,7.2
2025-12-20T02:09:28,2265,8.6,94.9,8.2,6,100,7.3
2025-12-20T04:09:43,2040,7.9,93.4,7.7,5.5,100,7
2025-12-20T06:08:54,1770,6.6,92.4,7,4.7,100,6.7
2025-12-20T08:09:40,2010,6.9,95.3,7.3,4.8,100,6.7
2025-12-20T10:09:50,2280,7.5,95.7,7.7,4.8,100,6.7
2025-12-20T12:10:29,2175,7.8,93.5,7.6,5.1,100,6.8
2025-12-20T14:10:42,1965,6.9,93.3,7.2,4.6,100,6.6
2025-12-20T16:10:24,2085,7.1,93.9,7.3,4.6,100,6.6
2025-12-20T18:10:50,1770,6.5,91.6,6.9,4.4,100,6.5
2025-12-20T22:10:46,1500,5.2,90.6,6.2,3.6,100,6.2
2025-12-21T00:10:17,1920,6,94.7,6.9,3.8,100,6.3
2025-12-21T02:09:44,1890,6,92.4,6.7,3.4,100,6.1
2025-12-21T04:10:04,1950,6.1,92.5,6.8,3.2,100,6
2025-12-21T06:09:16,1845,5.7,90.6,6.4,2.7,100,5.8
2025-12-21T08:09:36,1800,5.2,89.9,6.2,1.9,100,5.5
2025-12-21T10:08:54,1890,5.4,89.8,6.3,1.8,100,5.5
2025-12-21T12:08:22,1695,4.9,88.5,6,1.6,100,5.4
2025-12-21T14:08:40,1575,4.5,89,5.9,1.6,100,5.4
2025-12-21T16:09:25,1110,2.7,86.8,5.1,0.6,100,5.1
2025-12-21T18:08:51,915,0.8,88.4,4.5,-0.5,100,4.7
2025-12-21T20:08:47,1335,1.7,94.9,5.2,0,100,4.8
2025-12-21T22:08:49,1440,2.7,91.3,5.3,0.2,100,4.9
2025-12-22T00:08:34,1560,3.3,90.3,5.5,0.2,100,4.9
2025-12-22T02:09:10,1560,3.4,89.8,5.5,0.2,100,4.9
2025-12-22T04:09:30,1380,2.9,87.8,5.2,-0.1,100,4.8
2025-12-22T06:08:37,1275,2,89.6,5,-0.4,100,4.7
2025-12-22T08:08:06,1275,1.8,90.9,5,-0.6,100,4.7
2025-12-22T10:08:35,1710,3.3,93,5.6,0,100,4.8
2025-12-22T12:08:37,1635,3.2,87.3,5.3,-1,100,4.5
2025-12-22T14:08:46,1110,0.8,82.4,4.2,-3.8,100,3.7
2025-12-22T16:09:06,915,-1.7,81.3,3.5,-5.6,91.9,3
2025-12-22T18:08:45,0,-6,77.4,2.5,-7.5,92.6,2.6
2025-12-22T20:08:23,0,-8.3,81.3,2.2,-8.8,96.7,2.5
2025-12-22T22:08:22,0,-8.5,85,2.2,-8.9,98.2,2.5
2025-12-23T00:08:31,0,-7.5,85.7,2.4,-8.1,96.9,2.6
2025-12-23T02:08:24,0,-7,83.8,2.5,-7.9,96.6,2.7
2025-12-23T04:08:30,0,-6,85,2.7,-7.2,93.6,2.7
2025-12-23T06:07:55,0,-6.6,81.8,2.5,-8.1,95.6,2.6
2025-12-23T08:08:44,0,-9.2,85.5,2.1,-9.4,98.9,2.4
2025-12-23T10:09:33,0,-7.5,86,2.4,-8.7,98.4,2.6
2025-12-23T12:08:50,675,-4.6,93.2,3.3,-6.9,96.1,2.9
2025-12-23T14:07:52,0,-4.8,83.2,2.9,-7.2,97.8,2.8
2025-12-23T16:08:28,0,-6.6,78.6,2.4,-8.2,100,2.7
2025-12-23T18:08:25,0,-7.6,86.1,2.4,-8.2,100,2.7
2025-12-23T20:09:13,0,-4.7,91,3.2,-7,100,3
2025-12-23T22:08:48,450,-4,87.9,3.2,-6.2,98.8,3.1
2025-12-24T00:09:31,705,-2.8,88.9,3.5,-5.2,98.9,3.3
2025-12-24T02:08:54,870,-1.1,89.1,4,-3.7,100,3.7
2025-12-24T04:09:18,1005,0,88.3,4.3,-2.9,100,4
2025-12-24T06:08:31,870,-0.2,87,4.2,-2.5,100,4.1
2025-12-24T08:08:00,810,-0.5,87.7,4.1,-2.4,100,4.1
2025-12-24T10:08:03,1110,0.3,89.9,4.5,-2.3,100,4.1
2025-12-24T12:07:58,1110,1,86.2,4.5,-2.3,100,4.1
2025-12-24T14:08:32,1110,0.7,86.8,4.4,-2.4,100,4.1
2025-12-24T16:09:04,1170,0.9,87.2,4.5,-2.3,100,4.1
2025-12-24T18:08:15,1185,1.2,87,4.6,-2.2,100,4.2
2025-12-24T20:07:49,1305,1.7,88.7,4.8,-1.5,100,4.4
2025-12-24T22:08:26,1425,2.4,88.8,5.1,-0.9,100,4.6
2025-12-25T00:08:16,1545,3,89.7,5.3,-0.2,100,4.8
2025-12-25T02:09:09,1605,3.8,89.6,5.6,0.5,100,5
2025-12-25T04:09:19,1665,4.3,90.2,5.9,1.3,100,5.3
2025-12-25T06:09:32,1680,4.4,90.8,5.9,1.8,100,5.5
2025-12-25T08:09:09,1380,4,90.4,5.7,2.2,100,5.6
2025-12-25T10:09:46,1635,5.2,93,6.4,3.4,100,6.1
2025-12-25T12:09:40,1740,6.2,90.7,6.7,4.2,98.9,6.4
2025-12-25T14:09:36,1830,6.7,87.2,6.6,4.5,95.2,6.3
2025-12-25T16:09:01,1575,6.4,86.6,6.5,4.3,97.9,6.4
2025-12-25T20:08:31,1095,4.4,90.2,5.9,4.1,100,6.4
2025-12-26T00:09:19,825,2.1,90.7,5.1,2.2,100,5.6
2025-12-26T02:08:43,885,1.7,91.2,5,1.5,100,5.4
2025-12-26T04:08:52,765,0.9,89.4,4.6,0.6,100,5.1
2025-12-26T06:09:15,720,0.2,90.2,4.4,0,100,4.8
2025-12-26T08:08:50,690,-0.1,91.2,4.4,0,100,4.8
2025-12-26T10:09:13,1725,3.2,97.8,5.9,1.1,100,5.2
2025-12-26T12:09:41,1785,5.3,89.7,6.2,2.2,100,5.6
2025-12-26T14:10:20,1185,3,88.1,5.2,1.1,100,5.2
2025-12-26T16:10:06,885,1.2,90,4.7,0.4,100,5
2025-12-26T20:10:11,1665,3.1,96.2,5.8,0.8,100,5.1
2025-12-26T22:09:28,1800,4.1,90.7,5.8,0.6,100,5.1
2025-12-27T00:09:47,1695,3.7,89.1,5.6,0,100,4.8
2025-12-27T02:10:14,1695,3.3,89.3,5.4,-0.6,100,4.7
2025-12-27T04:11:04,1695,3.2,90,5.4,-0.5,100,4.7
2025-12-27T06:10:28,1725,3.8,91.5,5.7,0.4,100,5
2025-12-27T08:11:20,1695,4.4,90.7,5.9,1.4,100,5.3
2025-12-27T10:10:48,1500,4,89.6,5.7,1.5,100,5.4
2025-12-27T12:11:26,1575,2.8,86.2,5.1,1,89,4.6
2025-12-27T14:10:44,1785,3,86.6,5.2,0.8,87,4.5
2025-12-27T16:10:06,1365,3.1,85.9,5.1,-0.2,100,4.8
2025-12-27T18:09:33,1350,3,87.2,5.2,0.2,100,4.9
2025-12-27T20:09:19,1440,3,87.9,5.2,-0.1,100,4.8
2025-12-27T22:09:37,1440,3.3,85.3,5.2,-0.3,100,4.8
2025-12-28T00:10:23,1380,2.8,83.2,4.9,-0.8,97.1,4.5
2025-12-28T02:10:11,1725,2,82.4,4.6,-0.7,83.4,3.9
2025-12-28T04:10:00,1845,1.2,76.4,4,-1.8,74.1,3.2
2025-12-28T06:10:28,1590,0,73.1,3.5,-2.5,70.1,2.9
2025-12-28T08:10:36,1455,-0.7,72,3.3,-3.2,69.2,2.7
2025-12-28T10:09:52,1650,0.5,72.6,3.6,-3,72.2,2.8
2025-12-28T12:09:52,1080,-0.5,71.2,3.3,-3.1,77.6,3
2025-12-28T14:09:31,480,-3.5,73,2.8,-4.5,85.2,3
2025-12-28T16:08:43,885,-3.1,88.8,3.5,-4.1,86.7,3.2
2025-12-28T18:08:42,585,-1.9,79,3.4,-3.9,92.3,3.4
2025-12-28T20:08:47,840,-1.1,88.9,4,-2.7,97.6,3.9
2025-12-28T22:09:07,960,0.2,88,4.3,-2,100,4.2
2025-12-29T00:09:57,1110,1.4,86.9,4.6,-1.3,100,4.4
2025-12-29T02:10:37,720,0.7,83.1,4.2,-0.8,100,4.6
2025-12-29T04:11:11,705,0,84.2,4.1,-1.6,100,4.3
2025-12-29T06:10:31,480,-2.4,82.6,3.4,-3,100,3.9
2025-12-29T08:10:48,465,-2.9,84.6,3.4,-3.4,99.7,3.8
2025-12-29T10:11:30,1215,0.1,90.5,4.4,-3.1,100,3.9
2025-12-29T12:12:12,915,0.3,81.1,4,-3.6,100,3.8
2025-12-29T14:12:56,885,-0.4,77.6,3.7,-4.5,93.8,3.3
2025-12-29T16:13:22,780,-0.9,77,3.5,-5.2,95.4,3.2
2025-12-29T18:13:15,810,-1.1,78,3.5,-4.9,93.1,3.2
2025-12-29T20:12:36,675,-1.6,77.4,3.4,-5.5,94.9,3.1
2025-12-29T22:12:03,480,-2.2,75.4,3.1,-5.9,94.8,3
2025-12-30T00:12:47,465,-2.5,78.1,3.2,-5.9,96.1,3.1
2025-12-30T02:12:58,480,-2.7,78.4,3.1,-6.2,100,3.1
2025-12-30T04:12:35,480,-2.8,78.8,3.1,-6.4,100,3.1
2025-12-30T06:11:50,480,-2.9,81.1,3.2,-6.3,100,3.1
2025-12-30T08:12:09,600,-2.1,82.9,3.5,-5.5,100,3.3
2025-12-30T10:11:29,780,-1.1,82.7,3.7,-4.9,100,3.4
2025-12-30T12:11:48,795,-0.6,80,3.7,-4.9,100,3.4
2025-12-30T14:12:26,705,-1.3,79.5,3.5,-5.4,100,3.3
2025-12-30T16:11:59,0,-3.7,75.2,2.8,-7.3,97.1,2.8
2025-12-30T18:11:31,0,-5.8,73.1,2.4,-8.9,88.4,2.3
2025-12-30T20:12:16,0,-7.3,71.5,2.1,-10,86.4,2
2025-12-30T22:11:50,0,-8.8,71.4,1.8,-11.1,88,1.9
2025-12-31T00:11:03,0,-9.9,71.6,1.7,-11.7,89.2,1.9
2025-12-31T02:10:38,0,-10.7,71.9,1.6,-11.9,90,1.8
2025-12-31T04:10:12,0,-11.5,68.9,1.5,-12.8,93.1,1.8
2025-12-31T06:10:19,0,-13,68.7,1.3,-13.5,96.3,1.7
2025-12-31T08:09:39,0,-12.9,69,1.3,-13.2,98.1,1.8
2025-12-31T10:09:31,0,-9.5,78.4,1.9,-11.3,96.3,2.1
2025-12-31T12:09:23,0,-9.2,75.3,1.9,-10.7,96.1,2.2
2025-12-31T14:09:51,0,-11.9,66,1.3,-12.6,100,1.9
2025-12-31T16:10:35,0,-13.7,66,1.2,-13.6,100,1.8
2025-12-31T18:10:15,0,-14.4,66.5,1.1,-14.3,100,1.7
2025-12-31T20:09:26,0,-16.5,66.5,1,-16.2,100,1.5
2025-12-31T22:09:45,0,-18.1,71.4,0.9,-17.1,100,1.4
2026-01-01T00:10:20,0,-18.6,72.1,0.9,-17.9,100,1.3
2026-01-01T02:09:51,0,-19.9,73.8,0.8,-18.9,100,1.2
2026-01-01T04:09:36,0,-20.8,81.4,0.8,-19.6,100,1.1
2026-01-01T06:10:25,0,-19.5,86.8,1,-19.5,100,1.1
2026-01-01T08:11:02,0,-18.3,87.4,1.1,-18.3,100,1.2
2026-01-01T10:11:52,0,-13.1,93.9,1.8,-13.7,98,1.7
2026-01-01T12:10:51,0,-10.9,93.3,2.1,-11.9,100,2
2026-01-01T14:11:32,0,-11.4,92.1,2,-12.4,100,2
2026-01-01T16:11:24,0,-12.4,93.5,1.8,-13.2,100,1.9
2026-01-01T18:11:50,0,-11.8,96.2,2,-12.6,100,1.9
2026-01-01T20:12:16,0,-9.6,97.7,2.4,-10.8,100,2.2
2026-01-01T22:11:36,0,-8,100,2.7,-9,100,2.5
2026-01-02T00:11:01,0,-6.4,100,3.1,-7,100,3
2026-01-02T02:11:04,510,-4.1,92.5,3.4,-6.2,100,3.1
2026-01-02T04:11:36,585,-3.6,88.8,3.3,-6.5,100,3.1
2026-01-02T06:11:51,525,-3.5,88.1,3.3,-6.3,100,3.1
2026-01-02T08:11:22,525,-3.4,88.2,3.4,-6.2,100,3.1
2026-01-02T10:11:23,0,-3.7,84.9,3.2,-8.3,100,2.7
2026-01-02T12:12:10,0,-7.3,93.6,2.7,-8.8,100,2.6
2026-01-02T14:12:16,0,-7.6,95.9,2.7,-8.9,100,2.6
2026-01-02T16:11:33,0,-7.4,96.9,2.8,-8.8,100,2.6
2026-01-02T18:11:59,0,-6.9,98.8,2.9,-8.4,100,2.7
2026-01-02T20:12:10,0,-6.2,100,3.1,-7.6,100,2.8
2026-01-02T22:12:36,0,-6.2,100,3.1,-7.7,100,2.8
2026-01-03T00:11:54,0,-6.3,100,3.1,-7.8,100,2.8
2026-01-03T02:11:33,0,-7.5,98.2,2.8,-8.9,100,2.6
2026-01-03T04:11:50,0,-8.2,97.3,2.6,-9.5,100,2.5
2026-01-03T06:12:30,0,-8.6,97.4,2.6,-9.9,100,2.4
2026-01-03T08:13:16,0,-8.6,97.2,2.5,-9.7,100,2.4
2026-01-03T10:13:08,0,-7.8,96.8,2.7,-9.1,100,2.5
2026-01-03T12:13:08,0,-7.3,95.8,2.8,-8.8,100,2.6
2026-01-03T14:13:30,0,-7.8,92.5,2.6,-9.2,100,2.5
2026-01-03T16:13:59,0,-8.5,92.8,2.5,-10.1,100,2.3
2026-01-03T18:14:04,0,-9.2,92.1,2.3,-10.8,100,2.2
2026-01-03T20:14:56,0,-9.4,92,2.3,-11.1,100,2.2
2026-01-03T22:14:54,0,-9.7,91.6,2.2,-11.5,100,2.1
2026-01-04T00:15:16,0,-10.2,91.2,2.1,-11.8,100,2.1
2026-01-04T02:14:26,0,-10.5,91.1,2.1,-12.1,100,2
2026-01-04T04:13:51,0,-10.5,90.5,2.1,-12.5,100,2
2026-01-04T06:14:18,0,-11.3,89.5,1.9,-13.5,100,1.8
2026-01-04T08:15:11,0,-11.6,89.2,1.9,-13.8,100,1.8
2026-01-04T10:14:45,0,-11.4,88.7,1.9,-14.1,99,1.7
2026-01-04T12:14:10,0,-11.6,87.3,1.8,-14.8,99,1.6
2026-01-04T14:14:16,0,-12.7,86.8,1.7,-15.2,99.2,1.6
2026-01-04T16:14:17,0,-12.9,91,1.7,-15.2,100,1.6
2026-01-04T18:13:54,0,-11.9,86.5,1.8,-15.9,100,1.5
2026-01-04T20:13:55,0,-14.6,88.8,1.5,-16.8,99.4,1.4
2026-01-04T22:14:33,0,-15.2,88.7,1.4,-17.5,99.6,1.3
2026-01-05T00:15:05,0,-15.2,84.3,1.3,-18.4,100,1.2
2026-01-05T02:14:18,0,-15.1,74.8,1.2,-19.5,100,1.1
2026-01-05T04:14:09,0,-16.3,72.9,1.1,-20.2,100,1.1
2026-01-05T06:14:27,0,-17.6,72.8,1,-20.8,100,1
2026-01-05T08:15:15,0,-19.3,77,0.9,-20.9,100,1
2026-01-05T10:15:33,0,-16.4,68.1,1,-18.2,100,1.2
2026-01-05T12:16:12,0,-16,72.6,1.1,-16.5,100,1.4
2026-01-05T14:16:23,0,-16.7,72,1,-17.5,100,1.3
2026-01-05T16:16:34,0,-18.3,74.4,0.9,-18.3,100,1.2
2026-01-05T18:16:28,0,-18.8,75.7,0.9,-18.9,100,1.2
2026-01-05T20:16:47,0,-19.9,82.4,0.9,-19,100,1.2
2026-01-05T22:16:37,0,-19.9,80.5,0.9,-19.6,100,1.1
2026-01-06T00:17:27,0,-20.8,82.8,0.8,-20.2,100,1.1
2026-01-06T02:16:31,0,-19.8,83.2,0.9,-20.3,100,1.1
2026-01-06T04:16:35,0,-19.3,81.6,0.9,-20.3,100,1.1
2026-01-06T06:16:23,0,-17.4,86.7,1.2,-18.1,100,1.3
2026-01-06T08:16:09,0,-13.3,93.6,1.7,-13,100,1.9
2026-01-06T10:15:51,0,-9.2,96.9,2.4,-10.2,100,2.3
2026-01-06T12:15:52,0,-6.4,98,3,-7.7,100,2.8
2026-01-06T14:15:03,435,-4.8,94.7,3.3,-5.1,100,3.4
2026-01-06T16:15:27,705,-2.4,91.5,3.8,-4.2,100,3.6
2026-01-06T18:14:44,840,-1.7,89.2,3.8,-4.7,100,3.5
2026-01-06T20:15:13,870,-1.4,87.5,3.9,-5.1,100,3.4
2026-01-06T22:15:45,915,-1.4,87.9,3.9,-5.3,100,3.3
2026-01-07T00:16:01,945,-1.1,88.2,4,-4.9,100,3.4
2026-01-07T02:16:37,1005,-0.6,88.2,4.1,-4.5,100,3.5
2026-01-07T04:16:39,1095,-0.4,87.2,4.1,-6,100,3.2
2026-01-07T06:16:07,0,-0.4,85.4,4,-7,100,3
2026-01-07T08:15:38,0,-6.1,92.8,2.9,-8.5,100,2.6
2026-01-07T10:15:51,0,-4.2,86.9,3.1,-8.1,100,2.7
2026-01-07T12:16:23,0,-6,90.4,2.9,-8.8,100,2.6
2026-01-07T14:16:28,0,-8.6,92.3,2.4,-10.6,100,2.3
2026-01-07T16:16:09,0,-8.6,93.7,2.5,-11.7,100,2.1
2026-01-07T18:15:38,0,-10.7,94.6,2.1,-12.2,100,2
2026-01-07T20:14:58,0,-8.7,95.1,2.5,-13.8,100,1.8
2026-01-07T22:15:23,0,-11.4,93.1,2,-14,100,1.7
2026-01-08T00:15:16,0,-11.8,93.9,1.9,-15,100,1.6
2026-01-08T02:14:57,0,-11.3,94.7,2,-16.2,100,1.5
2026-01-08T04:14:25,0,-13.2,90.7,1.7,-17.1,100,1.4
2026-01-08T06:14:50,0,-14.4,91.1,1.5,-16.4,100,1.4
2026-01-08T08:15:38,0,-14.6,95.9,1.6,-16.1,100,1.5
2026-01-08T10:16:08,0,-10.7,86.5,1.9,-15.5,100,1.5
2026-01-08T12:15:46,0,-12,84.8,1.7,-15.3,100,1.6
2026-01-08T14:15:25,0,-14.7,87.5,1.4,-16.2,100,1.5
2026-01-08T16:15:58,0,-16.5,89.8,1.3,-17.5,100,1.3
2026-01-08T18:16:35,0,-17.7,90.6,1.2,-18.7,100,1.2
2026-01-08T20:16:54,0,-18.1,91.7,1.2,-19.4,100,1.1
2026-01-08T22:17:24,0,-17.5,94.9,1.3,-18.8,100,1.2
2026-01-09T00:16:45,0,-15.7,93.6,1.4,-17.3,100,1.3
2026-01-09T02:17:24,0,-13.8,93.7,1.7,-15,100,1.6
2026-01-09T04:17:27,0,-13.3,92.4,1.7,-14.8,100,1.6
2026-01-09T06:17:53,0,-14.2,93.1,1.6,-16,100,1.5
2026-01-09T08:18:31,0,-14,93.7,1.6,-15.9,100,1.5
2026-01-09T10:17:41,0,-13.3,92.8,1.7,-15.4,100,1.6
2026-01-09T12:17:06,0,-13.5,91.8,1.7,-15.6,100,1.5
2026-01-09T14:16:17,0,-13.7,90.5,1.6,-15.8,100,1.5
2026-01-09T16:16:09,0,-13.9,91.3,1.6,-16,99.5,1.5
2026-01-09T18:16:28,0,-13.7,90.2,1.6,-15.8,96.9,1.5
2026-01-09T20:17:08,0,-13.8,89.3,1.6,-16,95.6,1.4
2026-01-09T22:17:28,0,-12.1,87.5,1.8,-15.7,95.9,1.5
2026-01-10T00:17:37,0,-12.6,86.9,1.7,-15.6,98.6,1.5
2026-01-10T02:17:13,0,-12.8,89.9,1.7,-15.4,100,1.6
2026-01-10T04:16:37,0,-11.7,87.6,1.8,-14.2,100,1.7
2026-01-10T06:16:38,0,-11,86.9,1.9,-12.6,100,1.9
2026-01-10T08:17:09,0,-9.9,85.5,2,-11.9,98.9,2
2026-01-10T10:16:51,0,-9.1,83,2.1,-11.4,98.4,2.1
2026-01-10T12:16:20,0,-8.4,86,2.3,-10.5,100,2.3
2026-01-10T14:16:08,0,-8.5,88.8,2.3,-10.2,100,2.3
2026-01-10T16:16:24,0,-8.7,90.3,2.4,-10.2,100,2.3
2026-01-10T18:16:13,0,-8.2,88.5,2.4,-9.9,100,2.4
2026-01-10T20:16:07,0,-7.9,90,2.5,-9.6,100,2.4
2026-01-10T22:15:58,0,-7.5,90.1,2.6,-9.1,100,2.5
2026-01-11T00:15:10,0,-7.3,91.9,2.7,-9,100,2.5
2026-01-11T02:15:01,0,-6.9,90.7,2.7,-8.9,100,2.6
2026-01-11T04:14:42,0,-7.1,92.5,2.7,-8.7,100,2.6
2026-01-11T06:14:13,0,-6.9,93.3,2.8,-8.5,100,2.6
2026-01-11T08:13:40,0,-6.9,94.4,2.8,-8.2,100,2.7
2026-01-11T10:13:18,0,-6.7,92.3,2.8,-8.1,100,2.7
2026-01-11T12:12:25,0,-6,91,2.9,-7.7,100,2.8
2026-01-11T14:12:01,0,-6.3,91.6,2.8,-7.9,100,2.8
2026-01-11T16:11:25,0,-6.6,92.8,2.8,-8.1,100,2.7
2026-01-11T18:10:55,0,-6.8,93.2,2.8,-8.2,100,2.7
2026-01-11T20:11:54,0,-6.9,94.4,2.8,-8.3,100,2.7
2026-01-11T22:12:32,0,-7,95.2,2.8,-8.3,100,2.7
2026-01-12T00:12:54,0,-8.2,96.3,2.6,-9,100,2.5
2026-01-12T02:12:57,0,-7.5,96.2,2.7,-8.8,100,2.6
2026-01-12T04:12:55,0,-6.8,95.8,2.9,-8.2,100,2.7
2026-01-12T06:12:12,0,-6.6,95.4,2.9,-8.2,100,2.7
2026-01-12T08:12:10,0,-7.9,95,2.6,-9.2,100,2.5
2026-01-12T10:11:25,0,-7.7,93.5,2.6,-9.1,100,2.5
2026-01-12T12:11:53,0,-6.1,93.8,3,-7.9,100,2.8
2026-01-12T14:11:54,0,-7.6,93.2,2.6,-9,100,2.5
2026-01-12T16:12:24,0,-7.1,94.3,2.8,-8.8,100,2.6
2026-01-12T18:12:42,0,-6.4,94.6,2.9,-8.1,100,2.7
2026-01-12T20:12:06,0,-6.1,96.8,3,-7.6,100,2.8
2026-01-12T22:12:28,420,-5.8,98.4,3.2,-6.8,100,3
2026-01-13T00:12:53,570,-3.3,86.4,3.3,-6.6,100,3
2026-01-13T02:13:06,630,-2.8,85.9,3.4,-6.4,100,3.1
2026-01-13T04:12:32,675,-2.5,85.9,3.5,-6.1,100,3.2
2026-01-13T06:12:20,675,-2.5,84.1,3.4,-6.7,100,3
2026-01-13T08:11:33,0,-2.8,84.4,3.4,-7.1,100,2.9
2026-01-13T10:12:05,0,-5.7,90.8,2.9,-7.5,100,2.8
2026-01-13T12:11:20,0,-6,89.8,2.8,-7.8,100,2.8
2026-01-13T14:11:04,0,-6.6,91.8,2.8,-8.2,100,2.7
2026-01-13T16:10:59,0,-6.9,93.5,2.8,-8.4,100,2.7
2026-01-13T18:11:07,0,-7,94.6,2.8,-8.4,100,2.7
2026-01-13T20:10:41,0,-6.8,95.7,2.9,-8.1,100,2.7
2026-01-13T22:09:56,0,-6,97.7,3.1,-7.7,100,2.8
2026-01-14T00:10:41,0,-5.5,96.3,3.2,-7.3,100,2.9
2026-01-14T02:11:36,615,-3.8,91.1,3.4,-6.7,100,3
2026-01-14T04:11:49,630,-2.9,84.8,3.4,-6.7,100,3
2026-01-14T06:11:37,630,-2.7,83.8,3.4,-6.6,100,3
2026-01-14T08:11:03,630,-2.5,83.1,3.4,-6.9,100,3
2026-01-14T10:10:37,675,-2.3,83.3,3.4,-6.9,100,3
2026-01-14T12:10:55,675,-2.1,82.9,3.5,-6.3,100,3.1
2026-01-14T14:11:10,660,-2,82.7,3.5,-5.9,100,3.2
2026-01-14T16:10:42,570,-2.1,82.2,3.4,-5.4,100,3.3
2026-01-14T18:11:20,450,-2.9,82.4,3.3,-5.6,100,3.3
2026-01-14T20:11:01,435,-3.2,83.8,3.3,-6,100,3.2
2026-01-14T22:11:40,0,-3.5,81.6,3.1,-7.4,100,2.9
2026-01-15T00:11:27,0,-4,82.2,3,-7.8,100,2.8
2026-01-15T02:12:07,0,-4.8,81.2,2.8,-8.2,100,2.7
2026-01-15T04:11:26,0,-4.8,82.8,2.9,-7.8,100,2.8
2026-01-15T06:12:07,0,-4.5,83.4,2.9,-7.7,100,2.8
2026-01-15T08:11:55,0,-4.4,85.2,3,-8,100,2.7
2026-01-15T10:11:24,0,-3.7,84.7,3.2,-7.6,100,2.8
2026-01-15T12:12:07,0,-3.3,85.3,3.3,-7.2,100,2.9
2026-01-15T14:12:20,615,-3,86.2,3.4,-6.4,100,3.1
2026-01-15T16:11:46,675,-2,83.3,3.5,-5.7,100,3.2
2026-01-15T18:11:24,705,-1.5,83.3,3.6,-5.1,100,3.4
2026-01-15T20:12:09,780,-1,84.2,3.8,-4.3,100,3.6
2026-01-15T22:12:39,870,-0.4,84.6,4,-3.7,100,3.7
2026-01-16T00:13:26,930,0,84.4,4.1,-3.5,100,3.8
2026-01-16T02:13:40,990,0.4,84.6,4.2,-3.2,100,3.9
2026-01-16T04:14:21,1065,0.8,84.6,4.3,-2.9,100,4
2026-01-16T06:14:30,1110,1.1,84.6,4.4,-2.6,100,4
2026-01-16T08:13:50,1170,1.3,84.3,4.5,-2.7,100,4
2026-01-16T10:13:04,1215,1.6,84.4,4.6,-2.2,100,4.2
2026-01-16T12:13:52,1170,1.9,83.7,4.6,-1.8,100,4.3
2026-01-16T14:13:37,1230,1.8,80.9,4.4,-3.7,100,3.7
2026-01-16T16:13:04,1140,1.5,78.1,4.2,-4.3,100,3.6
2026-01-16T18:12:33,1005,1.2,77.7,4.1,-4,100,3.7
2026-01-16T20:12:38,975,0.9,76,3.9,-5,100,3.4
2026-01-16T22:13:09,885,0.6,75,3.8,-5.1,100,3.4
2026-01-17T00:13:54,810,0.1,74.7,3.6,-5.7,100,3.2
2026-01-17T02:14:40,705,-0.2,73.6,3.5,-6.3,100,3.1
2026-01-17T04:14:48,690,-0.6,73.5,3.4,-6.4,100,3.1
2026-01-17T06:13:59,690,-0.8,76.8,3.5,-5.6,100,3.3
2026-01-17T08:14:58,780,-0.5,80,3.7,-4.8,100,3.5
2026-01-17T10:14:25,870,0,81.5,4,-4.1,100,3.6
2026-01-17T12:14:30,1005,0.4,83,4.1,-3.7,100,3.7
2026-01-17T14:13:59,1080,0.8,83.1,4.3,-3.4,100,3.8
2026-01-17T16:14:39,1110,1.1,83.6,4.4,-3,100,3.9
2026-01-17T18:14:21,1140,1.4,83.9,4.5,-2.5,100,4.1
2026-01-17T20:14:45,1215,1.7,84.4,4.6,-2.1,100,4.2
2026-01-17T22:14:27,1215,2,84.3,4.7,-1.8,100,4.3
2026-01-18T00:14:24,1230,2.1,85.1,4.8,-1.6,100,4.3
2026-01-18T02:14:21,1230,2.2,85.6,4.8,-1.3,100,4.4
2026-01-18T04:13:57,1275,2.2,86.3,4.9,-1.2,100,4.5
2026-01-18T06:13:49,1320,2.2,86.6,4.9,-1.2,100,4.5
2026-01-18T08:14:11,1305,2.3,87,4.9,-1,100,4.5
2026-01-18T10:13:54,1350,2.3,87.5,5,-0.9,100,4.6
2026-01-18T12:12:59,1350,2.3,87.6,5,-0.8,100,4.6
2026-01-18T14:12:40,1395,2.3,87.8,5,-1.1,100,4.5
2026-01-18T16:12:00,1410,2.3,87.9,5,-1.2,100,4.5
2026-01-18T18:11:23,1425,2.3,88,5,-1.3,100,4.4
2026-01-18T20:10:45,1440,2.4,88,5,-1.3,100,4.4
2026-01-18T22:11:35,1440,2.4,88.1,5,-1.3,100,4.4
2026-01-19T00:11:35,1470,2.3,88.4,5,-1.3,100,4.4
2026-01-19T02:11:33,1470,2.4,88.3,5,-1.3,100,4.4
2026-01-19T04:11:28,1500,2.4,88.4,5,-1.4,100,4.4
2026-01-19T06:10:44,1545,2.4,88.2,5,-1.6,100,4.3
2026-01-19T08:11:15,1530,2.4,87.9,5,-1.7,100,4.3
2026-01-19T10:11:48,1530,2.4,87.6,5,-1.8,100,4.3
2026-01-19T12:12:31,1530,2.4,87.4,5,-2,100,4.2
2026-01-19T14:12:34,1530,2.4,87,5,-2.3,100,4.1
2026-01-19T16:12:57,1530,2.3,86.4,4.9,-2.8,100,4
2026-01-19T18:12:38,1530,2.3,85.7,4.9,-3.2,100,3.9
2026-01-19T20:13:00,1500,2.2,85,4.8,-3.3,100,3.9
2026-01-19T22:13:16,1470,2.1,84.3,4.7,-3.6,100,3.8
2026-01-20T00:13:49,1440,1.9,83.3,4.6,-4.1,100,3.6
2026-01-20T02:14:10,1380,1.7,82.5,4.5,-4.5,100,3.5
2026-01-20T04:13:24,1305,1.4,81.8,4.4,-4.9,100,3.4
2026-01-20T06:14:05,1215,1,81.8,4.2,-5.3,100,3.3
2026-01-20T08:13:34,1140,0.5,82.1,4.1,-5.3,100,3.3
2026-01-20T10:14:08,1125,0.4,82.4,4.1,-5.1,100,3.4
2026-01-20T12:14:16,1065,0.3,82.3,4.1,-5,100,3.4
2026-01-20T14:14:34,1050,0.1,82.4,4,-5.3,100,3.3
2026-01-20T16:14:26,1005,0,82.5,4,-5.5,100,3.3
2026-01-20T18:14:07,975,-0.2,82.6,4,-5.5,100,3.3
2026-01-20T20:13:57,975,-0.1,82.6,4,-5.3,100,3.3
2026-01-20T22:14:23,1005,0,82.6,4,-5,100,3.4
2026-01-21T00:13:37,1005,0.3,82.9,4.1,-3.9,100,3.7
2026-01-21T02:12:56,1020,0.7,83.1,4.2,-3.2,100,3.9
2026-01-21T04:13:22,1080,0.8,83.3,4.3,-3.4,100,3.8
2026-01-21T06:12:43,1110,0.8,83,4.3,-4,100,3.7
2026-01-21T08:13:15,1110,0.7,82.7,4.2,-4.3,100,3.6
2026-01-21T10:13:39,1125,0.7,81.8,4.2,-4.6,100,3.5
2026-01-21T12:13:15,1110,0.8,80.8,4.1,-4.6,100,3.5
2026-01-21T14:13:46,1080,0.6,80.4,4.1,-4.8,100,3.5
2026-01-21T16:13:06,975,0.3,79.8,4,-4.9,100,3.4
2026-01-21T18:13:45,945,0,80.2,3.9,-5.2,100,3.4
2026-01-21T20:13:57,915,-0.2,80.4,3.8,-5.4,100,3.3
2026-01-21T22:14:01,870,-0.4,79.9,3.8,-5.5,100,3.3
2026-01-22T00:13:49,780,-0.8,79.7,3.7,-5.6,100,3.3
2026-01-22T02:14:17,750,-1,78.9,3.6,-5.8,100,3.2
2026-01-22T04:14:41,645,-1.5,78,3.4,-6.5,100,3.1
2026-01-22T06:13:56,540,-1.9,77.7,3.3,-6.7,100,3
2026-01-22T08:14:36,480,-2.2,77.5,3.2,-6.8,100,3
2026-01-22T10:15:07,480,-2.3,78,3.2,-6.8,100,3
2026-01-22T12:15:34,0,-2.2,77.5,3.2,-7.2,100,2.9
2026-01-22T14:15:39,0,-6.1,89.8,2.8,-7.8,100,2.8
2026-01-22T16:15:06,0,-6.7,91.2,2.8,-8.3,100,2.7
2026-01-22T18:15:49,0,-6.9,90.7,2.7,-8.6,100,2.6
2026-01-22T20:16:07,0,-7.3,90.2,2.6,-8.8,100,2.6
2026-01-22T22:16:34,0,-7.5,91,2.6,-9,100,2.5
2026-01-23T00:16:56,0,-7.9,92.3,2.5,-9.1,100,2.5
2026-01-23T02:16:51,0,-8.1,92.6,2.5,-9.4,100,2.5
2026-01-23T04:17:30,0,-8.4,92.2,2.5,-9.8,100,2.4
2026-01-23T06:17:19,0,-8.5,90.7,2.4,-10.1,100,2.3
2026-01-23T08:17:38,0,-8.6,90,2.4,-10.1,100,2.3
2026-01-23T10:17:30,0,-8.5,89.9,2.4,-10.1,100,2.3
2026-01-23T12:18:11,0,-8.1,89.2,2.4,-9.8,100,2.4
2026-01-23T14:18:40,0,-8.2,88.6,2.4,-10,100,2.4
2026-01-23T16:19:14,0,-8.7,89.8,2.3,-10.2,100,2.3
2026-01-23T18:18:29,0,-9.1,90.1,2.3,-10.4,100,2.3
2026-01-23T20:18:56,0,-9.1,90,2.3,-10.6,100,2.3
2026-01-23T22:19:28,0,-8.9,89.5,2.3,-10.9,100,2.2
2026-01-24T00:19:12,0,-9.6,88.6,2.2,-11.4,100,2.1
2026-01-24T02:19:23,0,-9.7,88.9,2.1,-11.5,100,2.1
2026-01-24T04:20:00,0,-9.5,90.6,2.2,-11.3,100,2.1
2026-01-24T06:19:33,0,-9.5,92.4,2.3,-11,100,2.2
2026-01-24T08:20:10,0,-8.6,92.4,2.4,-10.4,100,2.3
2026-01-24T10:20:34,0,-6,87.2,2.8,-9,100,2.5
2026-01-24T12:20:19,0,-5.8,86,2.8,-8.7,100,2.6
2026-01-24T14:19:31,0,-4.3,80.8,2.9,-9,100,2.5
2026-01-24T16:18:47,0,-5.8,84.2,2.7,-9.3,100,2.5
2026-01-24T18:18:34,0,-7.5,89.6,2.5,-9.4,100,2.5
2026-01-24T20:18:28,0,-5.8,87.6,2.8,-9.6,100,2.4
2026-01-24T22:17:32,0,-4.4,80.2,2.9,-9.5,100,2.5
2026-01-25T00:17:25,0,-4.1,77.1,2.8,-9.7,100,2.4
2026-01-25T02:17:07,0,-4.3,75.3,2.7,-10,100,2.4
2026-01-25T04:17:03,0,-4.7,76.9,2.7,-10,100,2.4
2026-01-25T06:17:25,0,-4.4,73.8,2.6,-9.8,100,2.4
2026-01-25T08:16:54,0,-4.1,72.5,2.6,-9.1,100,2.5
2026-01-25T10:17:40,0,-3.7,71,2.7,-8.9,100,2.6
2026-01-25T12:17:16,0,-3.2,70.1,2.7,-8.7,100,2.6
2026-01-25T14:16:44,0,-4.7,72.6,2.5,-8.9,100,2.6
2026-01-25T16:16:43,0,-7.5,80.3,2.3,-10.1,100,2.3
2026-01-25T18:16:22,0,-5.9,80.8,2.6,-10.3,100,2.3
2026-01-25T20:15:53,0,-6,77.8,2.5,-9.4,100,2.5
2026-01-25T22:15:31,0,-6.3,83,2.6,-9.1,100,2.5
2026-01-26T00:15:39,0,-6.1,83.5,2.6,-8.9,100,2.6
2026-01-26T02:15:44,0,-5,78.5,2.7,-8.9,100,2.6
2026-01-26T04:16:03,0,-4.5,76.8,2.7,-8.9,100,2.6
2026-01-26T06:16:42,0,-4,73.9,2.7,-9,100,2.5
2026-01-26T08:17:18,0,-3.9,72.8,2.7,-9,100,2.5
2026-01-26T10:17:08,0,-3.6,72.4,2.7,-8.7,100,2.6
2026-01-26T12:17:18,0,-4,74,2.7,-9,100,2.5
2026-01-26T14:16:38,0,-4.2,72,2.6,-8.9,100,2.6
2026-01-26T16:16:45,0,-5.9,79.2,2.5,-11,100,2.2
2026-01-26T18:16:58,0,-4.6,72.6,2.5,-9.1,100,2.5
2026-01-26T20:16:15,0,-5.8,80.4,2.6,-8.9,100,2.6
2026-01-26T22:16:33,0,-4.7,77.4,2.7,-8.8,100,2.6
2026-01-27T00:16:51,0,-4.6,76.3,2.7,-8.7,100,2.6
2026-01-27T02:16:33,0,-5.2,79.8,2.7,-8.6,100,2.6
2026-01-27T04:16:02,0,-6,84.1,2.7,-8.7,100,2.6
2026-01-27T06:16:23,0,-5.1,82.9,2.8,-8.8,100,2.6
2026-01-27T08:16:18,0,-4.9,84.5,2.9,-8.8,100,2.6
2026-01-27T10:15:50,0,-4.5,79.8,2.8,-8.4,100,2.7
2026-01-27T12:16:22,0,-3.7,79.5,3,-8.7,100,2.6
2026-01-27T14:15:59,0,-5.9,85.4,2.7,-9.4,100,2.5
2026-01-27T16:16:36,0,-7.1,87.6,2.6,-10.1,100,2.3
2026-01-27T18:17:08,0,-8.6,91,2.4,-11,100,2.2
2026-01-27T20:17:48,0,-7.8,93.1,2.6,-11.5,100,2.1
2026-01-27T22:17:10,0,-7.4,88.2,2.5,-12.6,100,1.9
2026-01-28T00:16:25,0,-9.7,91.8,2.2,-13.3,100,1.8
2026-01-28T02:16:22,0,-10.3,93.1,2.1,-13.5,100,1.8
2026-01-28T04:16:21,0,-11.7,94.4,2,-13.7,100,1.8
2026-01-28T06:16:08,0,-12,94.1,1.9,-13.8,100,1.8
2026-01-28T08:15:20,0,-11.5,96.3,2,-13.1,100,1.9
2026-01-28T10:15:01,0,-9.7,93.6,2.3,-11.7,100,2.1
2026-01-28T12:14:19,0,-9,90.7,2.3,-11,100,2.2
2026-01-28T14:13:47,0,-9.2,91.1,2.3,-10.9,100,2.2
2026-01-28T16:14:30,0,-9.4,92.6,2.3,-10.9,100,2.2
2026-01-28T18:14:20,0,-8.8,92.3,2.4,-10.9,100,2.2
2026-01-28T20:14:57,0,-9.5,90.5,2.2,-10.9,100,2.2
2026-01-28T22:14:45,0,-9.5,90.3,2.2,-10.9,100,2.2
2026-01-29T00:15:17,0,-10.7,93.2,2.1,-12.5,100,2
2026-01-29T02:15:38,0,-11.9,93.9,1.9,-13.4,100,1.8
2026-01-29T04:16:28,0,-14.2,91.3,1.6,-15.1,100,1.6
2026-01-29T06:16:15,0,-14.5,93.2,1.6,-15.7,100,1.5
2026-01-29T08:16:14,0,-13.9,96.3,1.7,-15.2,100,1.6
2026-01-29T10:15:49,0,-8.6,81.2,2.1,-13.6,100,1.8
2026-01-29T12:16:13,0,-8.9,81.8,2.1,-12.7,100,1.9
2026-01-29T14:16:57,0,-9.2,83.3,2.1,-12.8,100,1.9
2026-01-29T16:17:45,0,-12.2,86.8,1.7,-14.7,100,1.6
2026-01-29T18:18:06,0,-12.8,87.2,1.7,-16.2,100,1.5
2026-01-29T20:18:18,0,-11.7,86,1.8,-17.7,100,1.3
2026-01-29T22:18:03,0,-12.3,85.4,1.7,-18.5,100,1.2
2026-01-30T00:18:04,0,-15.2,89.7,1.4,-19.2,100,1.1
2026-01-30T02:18:29,0,-11.3,80.9,1.7,-20.1,100,1.1
2026-01-30T04:18:15,0,-11.4,77.8,1.7,-20.7,100,1
2026-01-30T06:17:52,0,-12.4,78.1,1.5,-21.6,100,0.9
2026-01-30T08:17:06,0,-11.4,71.5,1.5,-18.2,100,1.2
2026-01-30T10:16:14,0,-10.6,71.2,1.6,-15.3,100,1.6
2026-01-30T12:15:29,0,-10,73.9,1.7,-13.8,100,1.8
2026-01-30T14:14:46,0,-10.5,76,1.7,-14.1,100,1.7
2026-01-30T16:14:49,0,-11.5,78.9,1.7,-16.8,100,1.4
2026-01-30T18:15:23,0,-12.6,81.1,1.6,-17.6,100,1.3
2026-01-30T20:14:35,0,-12.4,80.7,1.6,-18.9,100,1.2
2026-01-30T22:14:07,0,-12.3,75.9,1.5,-19.1,100,1.2
2026-01-31T00:13:59,0,-13.2,79.2,1.5,-20,100,1.1
2026-01-31T02:14:02,0,-13.4,78.1,1.4,-20.2,100,1.1
2026-01-31T04:14:55,0,-15.5,86.9,1.3,-21.1,100,1
2026-01-31T06:14:24,0,-17.3,77.7,1,-21.2,100,1
2026-01-31T08:14:59,0,-14.2,82.2,1.4,-19.4,100,1.1
2026-01-31T10:15:26,0,-11.9,74.3,1.5,-16.8,100,1.4
2026-01-31T12:15:39,0,-13,80.4,1.5,-16,100,1.5
2026-01-31T14:16:17,0,-14.4,84.1,1.4,-15.8,100,1.5
2026-01-31T16:15:58,0,-16,88.1,1.3,-17,100,1.4
2026-01-31T18:16:05,0,-17.1,88.1,1.2,-18.1,100,1.3
2026-01-31T20:16:35,0,-16.1,88.2,1.3,-19.7,100,1.1
2026-01-31T22:17:17,0,-16.2,87.6,1.3,-20.5,100,1
2026-02-01T00:16:58,0,-15.7,84.5,1.3,-21.3,100,1
2026-02-01T02:16:32,0,-14.6,80.9,1.3,-20.7,100,1
2026-02-01T04:15:57,0,-17.1,83.7,1.1,-21.6,100,0.9
2026-02-01T06:15:22,0,-17.9,88.8,1.1,-21,100,1
2026-02-01T08:14:53,0,-16.8,88.4,1.2,-19.7,100,1.1
2026-02-01T10:15:14,0,-12.4,78.3,1.5,-17.1,100,1.4
2026-02-01T12:15:10,0,-13,82.9,1.6,-16.8,100,1.4
2026-02-01T14:15:00,0,-15.5,84.5,1.3,-17.2,100,1.4
2026-02-01T16:15:30,0,-18.4,85.8,1.1,-19.2,100,1.1
2026-02-01T18:15:47,0,-18,91.3,1.2,-20.6,100,1
2026-02-01T20:16:05,0,-17.2,90,1.2,-21.5,100,1
2026-02-01T22:16:51,0,-15.4,80.3,1.3,-22,100,0.9
2026-02-02T00:16:23,0,-16.3,83.6,1.2,-22.2,100,0.9
2026-02-02T02:16:09,0,-17.1,84.8,1.2,-22.6,100,0.9
2026-02-02T04:15:31,0,-16.2,83.9,1.2,-22,100,0.9
2026-02-02T06:14:59,0,-15,76,1.2,-21.4,100,1
2026-02-02T08:14:30,0,-13.9,72,1.3,-18.2,93.8,1.2
2026-02-02T10:14:06,0,-12.6,71.6,1.4,-15.5,89.1,1.4
2026-02-02T12:14:06,0,-11.6,72.5,1.5,-14.2,87.2,1.5
2026-02-02T14:13:56,0,-10.8,70.9,1.6,-14.1,86.4,1.5
2026-02-02T16:13:11,0,-10.3,70.4,1.6,-15.4,88.6,1.4
2026-02-02T18:13:41,0,-9.8,69.1,1.7,-15.8,87.2,1.3
2026-02-02T20:14:24,0,-10.2,70.2,1.6,-16.2,85,1.2
2026-02-02T22:13:26,0,-10.7,73.1,1.6,-16.5,89.1,1.3
2026-02-03T00:13:25,0,-11,75.4,1.7,-17.2,93.7,1.3
2026-02-03T02:12:38,0,-10.7,72.9,1.6,-17.5,96.4,1.3
2026-02-03T04:12:48,0,-11.2,74,1.6,-17.8,99,1.3
2026-02-03T06:13:11,0,-11.9,75,1.5,-18.7,100,1.2
2026-02-03T08:12:42,0,-11.7,75.3,1.6,-16.3,96.3,1.4
2026-02-03T10:13:20,0,-10.4,74.7,1.7,-14,93.8,1.6
2026-02-03T12:13:40,0,-9.7,77.6,1.9,-11.9,94.2,1.9
2026-02-03T14:13:33,0,-9.3,76.3,1.9,-11.4,94.4,2
2026-02-03T16:14:06,0,-10.7,78.4,1.8,-14.7,99.5,1.6
2026-02-03T18:13:27,0,-11.3,79.4,1.7,-16.7,100,1.4
2026-02-03T20:12:38,0,-12.4,79.7,1.6,-17.8,100,1.3
2026-02-03T22:12:34,0,-12.5,77.3,1.5,-17.2,100,1.4
2026-02-04T00:12:03,0,-12.4,74.6,1.5,-16.1,100,1.5
2026-02-04T02:11:57,0,-12.4,74.2,1.5,-16.3,100,1.5
2026-02-04T04:11:25,0,-14.9,75.8,1.2,-17.8,100,1.3
2026-02-04T06:11:59,0,-14.2,82.6,1.4,-17.6,100,1.3
2026-02-04T08:11:31,0,-13.2,80.3,1.5,-16.8,100,1.4
2026-02-04T10:11:17,0,-11.4,76.5,1.6,-14.6,100,1.7
2026-02-04T12:11:01,0,-9.8,77.3,1.9,-12.7,100,1.9
2026-02-04T14:10:52,0,-8.9,77.9,2,-12.3,100,2
2026-02-04T16:10:56,0,-9.1,79.2,2,-12.2,100,2
2026-02-04T18:11:39,0,-8.7,83,2.2,-12,100,2
2026-02-04T20:11:15,0,-9.5,87.1,2.1,-12.1,100,2
2026-02-04T22:11:38,0,-9.4,86.8,2.1,-11.9,100,2
2026-02-05T00:11:08,0,-9.8,89.3,2.1,-12.1,100,2
2026-02-05T02:11:47,0,-9.6,89.6,2.2,-12.1,100,2
2026-02-05T04:12:09,0,-10.2,90.7,2.1,-12.2,100,2
2026-02-05T06:12:43,0,-10.8,91.6,2,-12.4,100,2
2026-02-05T08:12:16,0,-7,85.9,2.5,-11.6,100,2.1
2026-02-05T10:12:18,0,-5.8,84.4,2.7,-11.2,99.4,2.1
2026-02-05T12:12:37,0,-5,83.5,2.8,-11.6,99.2,2.1
2026-02-05T14:12:20,0,-10.1,83,1.9,-12.4,100,2
2026-02-05T16:12:20,0,-13.7,89.8,1.6,-14.7,100,1.6
2026-02-05T18:13:12,0,-14.8,92,1.5,-15.8,100,1.5
2026-02-05T20:13:51,0,-14.2,93.8,1.6,-15.5,100,1.5
2026-02-05T22:13:22,0,-13.9,94.4,1.7,-15.6,100,1.5
2026-02-06T00:13:50,0,-15.2,91.8,1.5,-16.7,100,1.4
2026-02-06T02:13:35,0,-16.3,94.1,1.4,-18.5,100,1.2
2026-02-06T04:13:25,0,-18.1,91.7,1.2,-20.1,100,1.1
2026-02-06T06:13:29,0,-18.2,93.1,1.2,-20.4,100,1
2026-02-06T08:13:44,0,-16.1,93.5,1.4,-17.9,100,1.3
2026-02-06T10:12:48,0,-13.3,91.4,1.7,-15.5,100,1.5
2026-02-06T12:12:18,0,-11.2,86.9,1.9,-13.7,100,1.8
2026-02-06T14:11:35,0,-10.7,86.7,1.9,-12.9,100,1.9
2026-02-06T16:12:05,0,-12.7,88.6,1.7,-14.7,100,1.6
2026-02-06T18:12:12,0,-14.9,90.5,1.5,-16.2,100,1.5
2026-02-06T20:12:40,0,-14.8,92,1.5,-17.2,100,1.4
2026-02-06T22:13:25,0,-12.5,91.7,1.8,-18.3,100,1.2
2026-02-07T00:12:57,0,-14.1,91.1,1.6,-19.2,100,1.1
2026-02-07T02:13:31,0,-15.8,91,1.4,-19.8,100,1.1
2026-02-07T04:13:00,0,-15.1,91,1.5,-21.5,100,1
2026-02-07T06:12:38,0,-16.8,92.5,1.3,-22.1,100,0.9
2026-02-07T08:12:42,0,-12.9,80.4,1.5,-17.5,98.1,1.3
2026-02-07T10:11:56,0,-11.4,77.8,1.7,-15.2,95.6,1.5
2026-02-07T12:11:08,0,-10.5,81.2,1.8,-13.7,98.3,1.8
2026-02-07T14:10:21,0,-9.9,80.3,1.9,-12.4,99.2,2
2026-02-07T16:10:46,0,-10.8,90.7,2,-12.4,100,2
2026-02-07T18:10:30,0,-11.1,92.4,2,-12.6,100,1.9
2026-02-07T20:10:47,0,-10.9,94.1,2.1,-12.2,100,2
2026-02-07T22:11:08,0,-10.3,94.9,2.2,-11.6,100,2.1
2026-02-08T00:10:52,0,-9.9,95.8,2.3,-11.2,100,2.2
2026-02-08T02:10:25,0,-9.5,94.5,2.3,-11.4,100,2.1
2026-02-08T04:09:47,0,-8.8,92.2,2.4,-12.4,100,2
2026-02-08T06:10:15,0,-9.9,96.1,2.3,-14,100,1.7
2026-02-08T08:09:36,0,-7.5,87,2.5,-10.7,100,2.2
2026-02-08T10:08:59,0,-6.4,83.2,2.6,-10,97.1,2.3
2026-02-08T12:08:34,0,-6,86.3,2.7,-10.7,99.3,2.2
2026-02-08T14:07:49,0,-6,85.1,2.7,-10.5,99.5,2.3
2026-02-08T16:08:36,0,-7.8,90.6,2.5,-13.1,100,1.9
2026-02-08T18:07:51,0,-8.4,87.2,2.3,-15.2,100,1.6
2026-02-08T20:08:06,0,-8.7,83.6,2.2,-16.5,100,1.4
2026-02-08T22:07:34,0,-9.3,81.7,2,-15.1,100,1.6
2026-02-09T00:07:43,0,-9,82.7,2.1,-13.6,100,1.8
2026-02-09T02:08:08,0,-8.4,83.4,2.2,-11.2,100,2.2
2026-02-09T04:07:56,0,-7.5,83.2,2.4,-9,100,2.5
2026-02-09T06:08:31,0,-6.6,83.7,2.5,-8,100,2.7
2026-02-09T08:08:38,420,-5.7,82.1,2.7,-6.1,100,3.2
2026-02-09T10:09:13,450,-4.2,82.1,3,-5.1,98.4,3.3
2026-02-09T12:08:33,450,-3.1,81.3,3.2,-5.2,97.1,3.3
2026-02-09T14:08:33,510,-2.7,80.7,3.2,-5.9,96.4,3.1
2026-02-09T16:09:23,0,-2.8,80.2,3.2,-7.8,100,2.8
2026-02-09T18:09:07,0,-3.3,81.5,3.1,-8.1,100,2.7
2026-02-09T20:09:10,0,-3.4,81.5,3.1,-7.8,100,2.8
2026-02-09T22:08:47,0,-3.3,81.9,3.2,-7.8,100,2.8
2026-02-10T00:08:37,0,-3.3,82.4,3.2,-7.9,100,2.8
2026-02-10T02:07:48,0,-3.4,83.2,3.2,-8,100,2.7
2026-02-10T04:07:14,0,-3.3,83.7,3.2,-8,100,2.7
2026-02-10T06:06:40,0,-3.5,84.4,3.2,-7.9,100,2.8
2026-02-10T08:06:22,0,-3.2,84.7,3.3,-7.1,100,2.9
2026-02-10T10:07:06,630,-2.4,83.6,3.4,-5.8,100,3.2
2026-02-10T12:06:35,630,-1.3,79.9,3.5,-4.5,99.4,3.5
2026-02-10T14:06:46,705,-0.7,77.4,3.6,-5.4,100,3.3
2026-02-10T16:05:57,675,-0.6,75.3,3.5,-6,100,3.2
2026-02-10T18:05:20,675,-0.7,74.6,3.4,-6.1,100,3.2
2026-02-10T20:05:05,510,-0.7,73.8,3.4,-5.4,100,3.3
2026-02-10T22:05:25,570,-0.7,75.4,3.5,-5.3,100,3.3
2026-02-11T00:05:03,720,-0.5,76.6,3.6,-5.2,100,3.4
2026-02-11T02:04:49,750,-0.3,77.4,3.7,-5.2,100,3.4
2026-02-11T04:04:42,810,-0.1,77.9,3.8,-5.6,100,3.3
2026-02-11T06:04:13,855,0,77.5,3.8,-5.8,100,3.2
2026-02-11T08:03:54,780,0,76.8,3.7,-4.9,100,3.4
2026-02-11T10:04:13,780,0.1,76.6,3.7,-4.6,100,3.5
2026-02-11T12:04:55,810,0.3,75.6,3.7,-4.9,100,3.4
2026-02-11T14:04:52,825,0.5,74.4,3.7,-5,100,3.4
2026-02-11T16:05:32,795,0.6,73.7,3.7,-5.5,100,3.3
2026-02-11T18:05:00,810,0.7,72.8,3.7,-5.8,100,3.2
2026-02-11T20:04:38,810,0.7,72.4,3.7,-6.1,100,3.2
2026-02-11T22:04:21,810,0.7,72.2,3.7,-6.5,100,3.1
2026-02-12T00:04:08,810,0.7,72,3.7,-6.6,100,3
2026-02-12T02:04:19,0,0.7,71.7,3.6,-7,100,3
2026-02-12T04:03:59,0,-2.8,78.5,3.1,-8.3,100,2.7
2026-02-12T06:04:46,0,-4.7,80.9,2.8,-9.1,100,2.5
2026-02-12T08:05:23,0,-4.3,84.6,3,-9.2,100,2.5
2026-02-12T10:05:43,0,-1.6,80.4,3.5,-8.7,100,2.6
2026-02-12T12:05:29,0,-4.5,80.1,2.8,-9,100,2.5
2026-02-12T14:04:53,0,-5.8,82.9,2.7,-9.1,100,2.5
2026-02-12T16:04:19,0,-3.7,88.6,3.3,-10.2,100,2.3
2026-02-12T18:04:45,0,-7.3,87.4,2.5,-10.8,100,2.2
2026-02-12T20:04:09,0,-8.8,86.8,2.2,-11.7,100,2.1
2026-02-12T22:03:45,0,-8.8,89.8,2.3,-12.5,100,2
2026-02-13T00:03:36,0,-11.9,86.3,1.8,-14.7,100,1.6
2026-02-13T02:03:07,0,-10.8,89.6,2,-14.4,100,1.7
2026-02-13T04:02:31,0,-12.2,86.4,1.7,-15.6,100,1.5
2026-02-13T06:02:49,0,-15.5,85.1,1.3,-18,100,1.3
2026-02-13T08:02:16,0,-7.4,89.2,2.6,-14.4,98.7,1.7
2026-02-13T10:01:42,0,-4.5,70.8,2.5,-13,94.2,1.8
2026-02-13T12:01:23,0,-8,76.1,2.1,-12.7,99.8,1.9
2026-02-13T14:01:07,0,-10.6,82.9,1.9,-12.8,100,1.9
2026-02-13T16:00:12,0,-12.8,84.2,1.6,-14.8,100,1.6
2026-02-13T18:00:16,0,-14.3,87.6,1.5,-16,100,1.5
2026-02-13T20:00:39,0,-15,87.8,1.4,-16.9,100,1.4
2026-02-13T22:00:52,0,-16,86.8,1.3,-17.9,100,1.3
2026-02-14T00:01:14,0,-15.7,89.2,1.4,-18.6,100,1.2
2026-02-14T02:00:46,0,-14.4,83.1,1.4,-19.4,100,1.1
2026-02-14T04:00:37,0,-12.1,91.1,1.8,-20.2,100,1.1
2026-02-14T06:00:06,0,-12.4,89,1.8,-20.4,100,1
2026-02-14T07:59:30,0,-9.5,87,2.1,-15.5,95.2,1.5
2026-02-14T09:58:43,0,-7.3,75.5,2.2,-13,89.7,1.7
2026-02-14T11:58:16,0,-8.5,79.8,2.1,-13.3,95.1,1.7
2026-02-14T13:58:26,0,-7.2,77.1,2.2,-12.8,95.6,1.8
2026-02-14T15:58:24,0,-8.4,81.6,2.2,-15.1,99.7,1.6
2026-02-14T17:58:31,0,-9,82.9,2.1,-17.6,100,1.3
2026-02-14T19:59:19,0,-9.3,81.6,2,-19.9,100,1.1
2026-02-14T21:58:43,0,-9.4,78.6,1.9,-21.4,100,1
2026-02-14T23:58:02,0,-9.8,78.8,1.9,-22.7,100,0.9
2026-02-15T01:58:45,0,-10.4,78.2,1.8,-23.5,100,0.8
2026-02-15T03:58:08,0,-10.7,78.1,1.7,-23.5,100,0.8
2026-02-15T05:58:13,0,-10.5,73.2,1.7,-22.1,99.7,0.9
2026-02-15T07:58:16,0,-10.3,71.7,1.7,-18.5,98.4,1.2
2026-02-15T09:57:34,0,-9.7,70.5,1.7,-13,97.3,1.8
2026-02-15T11:57:29,0,-8.9,70.4,1.8,-9.1,100,2.5
2026-02-15T13:57:18,0,-8.2,71.7,1.9,-9.1,100,2.5
2026-02-15T15:57:33,0,-7.6,72.2,2,-9.9,100,2.4
2026-02-15T17:57:50,0,-7.1,73,2.1,-10.6,100,2.3
2026-02-15T19:57:03,0,-6.7,72.9,2.2,-10.2,100,2.3
2026-02-15T21:57:21,0,-6.1,72,2.3,-10,100,2.4
2026-02-15T23:57:39,0,-5.9,71.6,2.3,-10.2,100,2.3
2026-02-16T01:57:26,0,-5.9,72.9,2.3,-10.3,100,2.3
2026-02-16T03:57:22,0,-5.8,72.9,2.3,-10.6,100,2.3
2026-02-16T05:58:05,0,-5.8,73.8,2.4,-10.6,100,2.3
2026-02-16T07:57:41,0,-6.1,79.6,2.5,-10,100,2.4
2026-02-16T09:58:05,0,-5,76.1,2.6,-8.9,100,2.6
2026-02-16T11:57:34,0,-4.4,74,2.6,-8,100,2.7
2026-02-16T13:57:24,0,-3.9,73.3,2.7,-7.8,100,2.8
2026-02-16T15:57:51,0,-5.8,80.2,2.6,-9,100,2.5
2026-02-16T17:57:40,0,-6,86.5,2.7,-9.4,100,2.5
2026-02-16T19:57:39,0,-6.2,87.1,2.7,-9.5,100,2.5
2026-02-16T21:58:08,0,-4.7,82.5,2.9,-9.3,100,2.5
2026-02-16T23:57:33,0,-3.7,77.1,2.9,-9,100,2.5
2026-02-17T01:57:36,0,-3.4,76,2.9,-8.9,100,2.6
2026-02-17T03:57:22,0,-3.6,76.4,2.9,-8.8,100,2.6
2026-02-17T05:57:58,0,-3,74.8,2.9,-8.6,100,2.6
2026-02-17T07:57:55,0,-2.8,74.1,3,-7.7,100,2.8
2026-02-17T09:58:26,450,-2.6,73.6,3,-6.2,98.6,3.1
2026-02-17T11:58:18,450,-1.8,71.4,3.1,-6.4,94.3,2.9
2026-02-17T13:57:52,465,-1.6,69,3,-6.8,93.1,2.8
2026-02-17T15:57:45,0,-1.7,68.3,2.9,-8.8,98,2.5
2026-02-17T17:57:37,0,-6,77.8,2.5,-11.4,100,2.1
2026-02-17T19:57:36,0,-8.6,81.5,2.1,-13.7,100,1.8
2026-02-17T21:58:06,0,-8.1,85.1,2.3,-13.8,100,1.8
2026-02-17T23:57:47,0,-8.9,82.2,2.1,-13.8,100,1.8
2026-02-18T01:57:36,0,-12.8,83.8,1.6,-15.5,100,1.5
2026-02-18T03:57:33,0,-9.2,81.7,2,-13.6,100,1.8
2026-02-18T05:57:15,0,-10.8,80.4,1.8,-14.1,100,1.7
2026-02-18T07:56:26,0,-7.3,73.9,2.1,-11.3,100,2.1
2026-02-18T09:55:44,0,-6.1,76.2,2.4,-9.4,97.2,2.4
2026-02-18T11:55:03,0,-5.9,78.5,2.5,-9.2,97.1,2.4
2026-02-18T13:54:09,0,-5.7,74.5,2.4,-9.7,96,2.3
2026-02-18T15:53:16,0,-6.7,77.3,2.3,-11,100,2.2
2026-02-18T17:53:33,0,-6.3,75.3,2.3,-11.5,100,2.1
2026-02-18T19:53:31,0,-6.6,74.8,2.3,-11.9,100,2
2026-02-18T21:52:57,0,-10.8,85.8,1.9,-12.7,100,1.9
2026-02-18T23:53:24,0,-12,90,1.8,-13.6,100,1.8
2026-02-19T01:53:49,0,-12.1,92.3,1.9,-13.5,100,1.8
2026-02-19T03:53:47,0,-11.7,93.4,1.9,-13.4,100,1.8
2026-02-19T05:53:03,0,-11.4,92.9,2,-13.2,100,1.9
2026-02-19T07:52:11,0,-10.9,90.5,2,-12.9,100,1.9
2026-02-19T09:52:07,0,-8.8,84.4,2.2,-11.7,99.8,2.1
2026-02-19T11:51:55,0,-6.9,77,2.3,-11,97.8,2.1
2026-02-19T13:51:42,0,-7.3,80.7,2.3,-11.2,97.8,2.1
2026-02-19T15:51:56,0,-6.2,76.1,2.4,-11.7,98.7,2
2026-02-19T17:51:32,0,-6.3,77,2.4,-12.1,100,2
2026-02-19T19:51:29,0,-5.8,73.2,2.4,-13.3,100,1.8
2026-02-19T21:51:51,0,-5.5,72,2.4,-14.4,100,1.7
2026-02-19T23:51:37,0,-5.9,71.7,2.3,-15.1,100,1.6
2026-02-20T01:52:22,0,-5.9,69.6,2.2,-16.2,100,1.5
2026-02-20T03:52:56,0,-6.1,69.4,2.2,-16.9,100,1.4
2026-02-20T05:52:35,0,-7.2,71,2.1,-17.6,100,1.3
2026-02-20T07:53:06,0,-6.5,67.1,2.1,-11.9,93,1.9
2026-02-20T09:53:30,0,-6.2,66.9,2.1,-7.5,84.7,2.4
2026-02-20T11:54:10,435,-5.9,69.3,2.2,-6.4,91.4,2.8
2026-02-20T13:54:51,450,-5.7,74,2.4,-5.3,94.3,3.1
2026-02-20T15:54:51,450,-5.2,76.7,2.6,-6.1,100,3.2
2026-02-20T17:55:12,0,-4.8,77,2.7,-8.2,100,2.7
2026-02-20T19:55:03,0,-4.7,75.6,2.6,-8.7,100,2.6
2026-02-20T21:54:46,435,-4.6,74.3,2.6,-6.8,96.9,2.9
2026-02-20T23:55:04,450,-4.7,78.9,2.7,-5.7,100,3.2
2026-02-21T01:54:30,450,-4.2,84,3,-3,100,3.9
2026-02-21T03:54:44,450,-3.5,90.2,3.4,-3,100,3.9
2026-02-21T05:54:17,450,-2.9,90.7,3.6,-3.2,100,3.9
2026-02-21T07:53:44,570,-2.3,91.3,3.8,-3,100,3.9
2026-02-21T09:53:44,750,-1.4,91.6,4,-2.4,100,4.1
2026-02-21T11:54:32,870,-0.6,90.1,4.2,-2.3,100,4.1
2026-02-21T13:54:26,1020,0,88.6,4.3,-2.4,100,4.1
2026-02-21T15:54:49,1140,0.5,86.6,4.3,-3.5,100,3.8
2026-02-21T17:55:27,1065,0.7,83,4.2,-3.6,100,3.8
2026-02-21T19:55:23,1005,0.7,80.5,4.1,-4.1,100,3.6
2026-02-21T21:55:34,975,0.6,79.8,4,-4.2,100,3.6
2026-02-21T23:55:17,960,0.6,78.6,4,-4.5,100,3.5
2026-02-22T01:55:45,930,0.6,78.2,4,-4.5,100,3.5
2026-02-22T03:56:31,945,0.7,78.8,4,-4.3,100,3.6
2026-02-22T05:56:49,1020,1.2,78.7,4.1,-3.9,100,3.7
2026-02-22T07:57:43,1140,1.6,77.1,4.2,-5.2,100,3.4
2026-02-22T09:58:17,975,1.7,75,4.1,-3.6,99.3,3.7
2026-02-22T11:59:06,1005,1.8,73.3,4,-3.9,96.7,3.6
2026-02-22T13:58:55,1020,1.8,71.4,3.9,-4.1,94.4,3.4
2026-02-22T15:59:36,990,1.5,70.2,3.8,-6,97.5,3.1
2026-02-22T18:00:26,0,1.1,68.7,3.6,-7.3,100,2.9
2026-02-22T19:59:43,0,0.4,68,3.4,-7.6,100,2.8
2026-02-22T21:59:11,0,-0.2,69.4,3.3,-8.9,100,2.6
2026-02-22T23:59:22,0,-1,70.5,3.2,-10.3,100,2.3
2026-02-23T01:59:28,0,-3.6,76,2.9,-11.6,100,2.1
2026-02-23T03:59:57,0,-3.4,76.4,2.9,-12.8,100,1.9
2026-02-23T06:00:25,0,-4.6,76.4,2.7,-13.4,100,1.8
2026-02-23T08:00:31,435,-3.4,70.5,2.7,-6.3,95.9,3
2026-02-23T10:00:01,465,-3.4,70.9,2.7,-5.7,99,3.2
2026-02-23T12:00:40,450,-3,75,3,-4.3,99.3,3.6
2026-02-23T14:00:04,465,-2.5,79,3.2,-5.4,100,3.3
2026-02-23T15:59:25,0,-2.5,79.2,3.2,-7.7,100,2.8
2026-02-23T17:59:42,0,-6.8,88.5,2.6,-9.5,100,2.5
2026-02-23T20:00:28,0,-8.9,91.9,2.4,-10.4,100,2.3
2026-02-23T22:00:21,0,-9.8,92.8,2.2,-11,100,2.2
2026-02-23T23:59:50,0,-10.3,93.9,2.2,-11.3,100,2.1
2026-02-24T02:00:29,0,-10.9,93.7,2.1,-11.8,100,2.1
2026-02-24T04:00:28,0,-10.8,94.6,2.1,-11.9,100,2
2026-02-24T06:00:32,0,-10.7,95.6,2.1,-11.6,100,2.1
2026-02-24T08:00:30,0,-7.8,99.5,2.8,-8.8,100,2.6
2026-02-24T09:59:42,450,-2.7,81.3,3.3,-4.7,97,3.4
2026-02-24T12:00:26,465,-4.6,81.2,2.9,-3.8,94.8,3.5
2026-02-24T14:00:19,450,-3.8,82.3,3.1,-4.2,94.8,3.4
2026-02-24T16:00:40,510,-3.2,82.7,3.2,-5.4,94.3,3.1
2026-02-24T18:00:01,570,-2.9,82.2,3.3,-6.7,97.5,2.9
2026-02-24T19:59:39,0,-2.7,81.3,3.3,-7.7,99.7,2.8
2026-02-24T21:59:34,0,-7.3,88.4,2.6,-8.9,100,2.6
2026-02-24T23:59:18,0,-6.6,90.6,2.8,-10,100,2.4
2026-02-25T01:58:33,0,-8.6,97.7,2.6,-10.8,100,2.2
2026-02-25T03:59:04,0,-8,93.7,2.6,-11.9,100,2
2026-02-25T05:58:42,0,-10.9,91.6,2,-12.3,100,2
2026-02-25T07:58:54,450,-5,81.3,2.8,-4.5,90.1,3.2
2026-02-25T09:58:30,465,-4.4,80.8,2.9,-3,92,3.6
2026-02-25T11:58:28,465,-3.8,84.2,3.1,-3.9,88.8,3.3
2026-02-25T13:59:16,525,-3.5,84,3.2,-3.6,87.5,3.3
2026-02-25T15:59:35,645,-3,82.5,3.2,-6.2,94.5,3
2026-02-25T18:00:21,0,-2.8,81.4,3.2,-7.1,99.3,2.9
2026-02-25T20:00:15,450,-3.1,82,3.2,-6.8,100,3
2026-02-25T21:59:47,450,-2.6,80.6,3.3,-5.2,99.1,3.3
2026-02-25T23:59:05,450,-2.3,78.6,3.2,-4.3,95.8,3.4
2026-02-26T02:00:01,465,-1.9,77.9,3.3,-3.5,93,3.5
2026-02-26T04:00:05,570,-1.6,83.5,3.6,-4.2,100,3.6
2026-02-26T05:59:28,765,-1.2,87,3.9,-3.8,100,3.7
2026-02-26T07:59:09,900,-0.6,87.5,4.1,-3.6,100,3.8
2026-02-26T09:58:49,960,0,87.5,4.2,-3,100,3.9
2026-02-26T11:59:26,990,0.4,87.2,4.3,-2.3,100,4.1
2026-02-26T13:59:07,1065,0.9,88.2,4.6,-1.6,100,4.3
2026-02-26T15:59:31,1170,1.3,87.4,4.6,-1.8,100,4.3
2026-02-26T17:59:41,1050,1.6,85.7,4.6,-0.9,100,4.6
2026-02-26T20:00:29,1005,1.7,85.4,4.7,-0.5,100,4.7
2026-02-26T22:00:24,1215,1.8,88.8,4.9,-0.5,100,4.7
2026-02-26T23:59:46,1215,2.1,90.2,5,0.1,100,4.9
2026-02-27T02:00:07,1245,2.2,91,5.1,0.3,100,5
2026-02-27T03:59:32,1305,2.3,91.1,5.2,0.2,100,4.9
2026-02-27T05:58:58,1350,2.4,91,5.2,0.1,100,4.9
2026-02-27T07:58:57,1350,2.5,91.1,5.2,0.3,100,5
2026-02-27T09:58:39,1305,2.5,91.8,5.3,0.7,100,5.1
2026-02-27T11:58:20,1290,2.5,91.9,5.3,0.8,100,5.1
2026-02-27T13:58:11,1290,2.5,92.1,5.3,0.8,100,5.1
2026-02-27T15:58:18,1320,2.5,92.1,5.3,0.6,100,5.1
2026-02-27T17:59:13,1380,2.5,92,5.3,0.4,100,5
2026-02-27T19:58:22,1440,2.5,91.4,5.3,0,100,4.8
2026-02-27T21:58:55,1440,2.5,91.1,5.2,-0.1,100,4.8
2026-02-27T23:58:55,1485,2.6,90.8,5.3,-0.1,100,4.8
2026-02-28T01:58:34,1485,2.6,90.9,5.3,-0.1,100,4.8
2026-02-28T03:58:46,1485,2.6,90.9,5.3,-0.2,100,4.8
2026-02-28T05:59:01,1440,2.6,91.1,5.3,0.1,100,4.9
2026-02-28T07:59:18,1380,2.7,92,5.4,0.8,100,5.1
2026-02-28T09:59:42,1380,3.1,93.5,5.6,1.8,100,5.5
2026-02-28T11:59:11,1395,3.6,92.1,5.7,2.2,100,5.6
2026-02-28T13:59:38,1395,3.8,89.8,5.6,1.9,100,5.5
2026-02-28T16:00:19,1380,3.3,88.7,5.4,1,100,5.2
2026-02-28T18:00:11,1440,3.1,89.8,5.4,0.5,100,5
2026-02-28T20:00:25,1515,3,89.8,5.3,0,100,4.8
2026-02-28T22:01:17,1530,2.9,89.7,5.3,-0.3,100,4.8
2026-03-01T00:01:22,1545,2.8,89.6,5.3,-0.7,100,4.6
2026-03-01T02:00:41,1545,2.6,89.2,5.2,-1.2,100,4.5
2026-03-01T04:01:19,1560,2.6,89.9,5.2,-1.2,100,4.5
2026-03-01T06:01:34,1560,2.6,90.3,5.2,-1,100,4.5
2026-03-01T08:02:16,1605,2.8,91.3,5.4,-0.6,100,4.7
2026-03-01T10:02:53,1710,3.2,92.1,5.6,-0.1,100,4.8
2026-03-01T12:02:35,1830,4.3,91.4,5.9,0.9,100,5.2
2026-03-01T14:02:09,1575,3.9,88.3,5.6,0.5,100,5
2026-03-01T16:01:24,1545,3.4,88.9,5.4,0.3,100,5
2026-03-01T18:01:41,1545,3.4,90.5,5.5,0.5,100,5
2026-03-01T20:02:06,1545,3.2,89.9,5.4,0,100,4.8
2026-03-01T22:02:00,1575,3.1,89.9,5.4,-0.2,100,4.8
2026-03-02T00:02:12,1575,3.1,90.4,5.4,0,100,4.8
2026-03-02T02:02:02,1605,3.2,89.4,5.4,-0.4,100,4.7
2026-03-02T04:02:07,1545,2.7,88.6,5.2,-1,100,4.5
2026-03-02T06:01:53,1545,2.6,89.3,5.2,-1,100,4.5
2026-03-02T08:02:31,1725,3.1,92.6,5.5,-0.3,100,4.8
2026-03-02T10:01:52,1890,4.5,91.9,6,0.8,100,5.1
2026-03-02T12:02:21,1635,4.7,86.4,5.8,0.9,100,5.2
2026-03-02T14:02:41,1635,4.6,86.4,5.7,0.8,100,5.1
2026-03-02T16:02:04,1440,3.5,85.1,5.2,0,100,4.8
2026-03-02T18:02:27,1440,3,86.8,5.2,-0.5,100,4.7
2026-03-02T20:02:51,1200,2.2,84.6,4.8,-1.2,100,4.5
2026-03-02T22:03:13,1005,0.3,87.7,4.3,-2.2,100,4.2
2026-03-03T00:03:02,1365,1.2,90.1,4.7,-2.4,100,4.1
2026-03-03T02:02:33,1440,1.6,88.2,4.8,-2.8,100,4
2026-03-03T04:02:56,1440,1.5,87.4,4.7,-3.3,100,3.9
2026-03-03T06:03:11,1485,1.6,88.8,4.8,-2.7,100,4
2026-03-03T08:03:39,1665,2.5,90.6,5.2,-1.8,100,4.3
2026-03-03T10:03:24,1815,3.6,90,5.6,-0.9,100,4.6
2026-03-03T12:02:40,1635,3.5,87.2,5.4,-0.6,100,4.7
2026-03-03T14:02:43,1545,2.9,87.7,5.2,-0.9,100,4.6
2026-03-03T16:02:20,1530,2.9,89.6,5.3,-0.3,100,4.8
2026-03-03T18:01:53,1545,3.4,91.4,5.6,0.6,100,5.1
2026-03-03T20:00:59,1575,3.4,91.1,5.6,0.5,100,5
2026-03-03T22:01:16,1545,3.5,90.4,5.6,0.9,100,5.2
2026-03-04T00:01:30,1185,2.4,87,5,0,100,4.8
2026-03-04T02:01:46,960,0.5,89.1,4.5,-1.1,100,4.5
2026-03-04T04:01:10,825,-0.1,88.3,4.3,-1.5,100,4.4
2026-03-04T06:00:46,690,-0.8,90.8,4.2,-1,100,4.5
2026-03-04T08:00:02,1125,2.6,99.3,5.7,3.3,100,6.1
2026-03-04T10:00:54,3285,8.6,99.5,8.5,4.6,87.8,5.8
2026-03-04T12:00:27,1890,7.4,72.8,5.8,3.9,84.5,5.3
2026-03-04T13:59:44,1710,6.5,74.6,5.6,3.2,87.4,5.3
2026-03-04T15:59:53,1320,4.3,80.4,5.2,2,93.2,5.2
2026-03-04T18:00:27,1155,3.3,83.3,5.1,2.3,91.7,5.2
2026-03-04T20:01:15,1395,3.4,86.4,5.3,2.6,91,5.3
2026-03-04T22:00:38,1125,2.7,86.7,5.1,1.6,95.6,5.2
2026-03-05T00:01:06,1050,2.2,87.9,5,1.3,96.9,5.1
2026-03-05T02:01:44,975,1.8,88.6,4.9,0.8,98.6,5.1
2026-03-05T04:02:11,990,1.6,88.7,4.8,0.4,99,4.9
2026-03-05T06:02:09,930,1.2,89.6,4.7,0.3,99.8,4.9
2026-03-05T08:01:22,3000,5.7,100,7.1,4.6,84.4,5.6
2026-03-05T10:00:43,3135,11.2,71,7.2,5,81.4,5.5
2026-03-05T12:01:31,1875,8.2,68.6,5.7,4.8,80.8,5.4
2026-03-05T14:02:05,1620,5.4,77.7,5.4,5,79,5.4
2026-03-05T16:02:29,1185,3.4,79.1,4.8,2.9,85,5
2026-03-05T18:01:54,540,0,80.5,3.9,-0.2,92.6,4.4
2026-03-05T20:02:32,495,-1.9,82.2,3.5,-1.4,97.1,4.3
2026-03-05T22:02:14,480,-2.9,85.9,3.4,-1.5,100,4.4
2026-03-06T00:01:38,495,-3.7,83.6,3.1,-2.7,100,4
2026-03-06T02:02:06,480,-4.8,85.1,2.9,-3.2,100,3.9
2026-03-06T04:02:39,480,-5.2,83,2.8,-4.3,100,3.6
2026-03-06T06:02:46,480,-5.9,84.5,2.7,-3.8,100,3.7
2026-03-06T08:02:31,2220,4.2,100,6.4,2.7,92.8,5.4
2026-03-06T10:03:15,3285,11.4,74.4,7.6,5.1,78.9,5.4
2026-03-06T12:03:12,1980,9.1,64.5,5.7,4.9,78.4,5.3
2026-03-06T14:02:59,1275,5.6,71.8,5.1,3.8,83.2,5.2
2026-03-06T16:02:55,885,3.2,73.5,4.4,1.4,89.6,4.8
2026-03-06T18:03:27,465,1,78.4,4.1,-0.6,99.7,4.6
2026-03-06T20:02:59,465,-1.2,79,3.5,-1.6,100,4.3
2026-03-06T22:03:03,645,-0.2,89.8,4.3,-0.4,100,4.7
2026-03-07T00:03:50,720,0.6,87.9,4.4,0,100,4.8
2026-03-07T02:03:00,540,-0.4,86.3,4.1,-0.9,100,4.6
2026-03-07T04:02:51,480,-0.8,86.8,4,-1.2,100,4.5
2026-03-07T06:02:34,795,-0.5,92.1,4.3,-1.2,100,4.5
2026-03-07T08:01:49,1830,3.2,100,6,2.3,94.9,5.4
2026-03-07T10:02:03,3270,9.6,83.2,7.6,4.2,85.8,5.5
2026-03-07T14:01:13,1395,5.5,68.7,4.8,5.2,72.5,5
2026-03-07T16:01:36,990,3.2,69.4,4.2,3.7,74.1,4.6
2026-03-07T18:01:57,480,-0.8,72.5,3.3,0.7,81.6,4.2
2026-03-07T20:01:40,495,-3.8,72.8,2.7,-2.1,88.7,3.7
2026-03-07T22:01:50,480,-4.2,77.3,2.8,-2.1,91.2,3.8
2026-03-08T00:01:01,465,-5.9,74.6,2.4,-3.1,94.2,3.7
2026-03-08T02:01:43,480,-4.9,81.6,2.8,-3.2,95.8,3.7
2026-03-08T04:02:00,495,-6.4,77.3,2.4,-4,98.1,3.6
2026-03-08T06:01:57,480,-5.2,85.4,2.9,-3.2,98.7,3.8
2026-03-08T08:01:22,2670,4.4,100,6.5,2.3,91.4,5.2
2026-03-08T10:00:56,2805,10.7,71.7,7,5.2,84,5.8
2026-03-08T12:01:15,1590,10.1,61.6,5.8,5.9,80.4,5.8
2026-03-08T14:02:20,1095,7.4,68.6,5.5,6.3,80.6,6
2026-03-08T16:02:02,705,5.1,70.3,4.8,4.8,85.5,5.7
2026-03-08T18:01:21,465,1.7,71.3,3.9,2.4,90.9,5.2
2026-03-08T20:02:06,465,0,73.9,3.6,0.2,96,4.7
2026-03-08T22:02:34,465,-1.4,77.1,3.4,-1.1,98.9,4.4
2026-03-09T00:02:34,480,-1.8,80.5,3.4,-1.6,100,4.3
2026-03-09T02:02:18,465,-1.4,82.1,3.6,-1.9,100,4.3
2026-03-09T04:02:38,495,-2.3,82.4,3.4,-2.2,100,4.2
2026-03-09T06:02:34,1035,0.4,93.2,4.6,-0.9,100,4.6
2026-03-09T08:01:46,1710,4.1,89.5,5.7,0.6,100,5.1
2026-03-09T10:01:08,1860,6.5,82.7,6.2,1.6,100,5.4
2026-03-09T12:01:42,1740,6.7,80.8,6.1,2,100,5.6
2026-03-09T14:01:54,1425,6.6,76.4,5.8,2.2,100,5.6
2026-03-09T16:01:23,1020,4.9,78.5,5.3,2.1,100,5.6
2026-03-09T18:02:05,1230,4.3,84.9,5.5,2,100,5.6
2026-03-09T20:02:38,600,1.3,81.9,4.3,0.2,100,4.9
2026-03-09T22:01:50,495,-1.6,84,3.6,-1.2,100,4.5
2026-03-10T00:02:01,915,-0.3,94.2,4.5,-1.1,100,4.5
2026-03-10T02:01:22,1185,0.9,88.6,4.6,-2,100,4.2
2026-03-10T04:02:03,1245,1.4,87.9,4.7,-2,100,4.2
2026-03-10T06:01:18,1440,2.1,88.8,5,-1.3,100,4.4
2026-03-10T08:00:45,2085,4.6,92.6,6.1,0,100,4.8
2026-03-10T10:00:33,2925,10.5,80.7,7.8,3.2,100,6
2026-03-10T12:01:08,1635,10.5,71.8,7,5.7,96.4,6.9
2026-03-10T14:01:52,1230,7.9,75.7,6.2,6.3,89.3,6.6
2026-03-10T16:01:51,1185,4.8,73.4,4.9,3.7,82.9,5.2
2026-03-10T18:01:11,690,2.5,77.8,4.5,2.2,91.2,5.1
2026-03-10T20:01:22,480,0.7,80,4.1,1.4,96.4,5.1
2026-03-10T22:00:38,540,0.9,86.5,4.5,1.3,97.1,5.1
2026-03-11T00:00:11,540,0.6,86.1,4.4,0.2,100,4.9
2026-03-11T02:00:04,495,-0.5,85.8,4,-0.7,100,4.6
2026-03-11T03:59:20,495,-1.1,86.5,3.9,-1.5,100,4.4
2026-03-11T05:59:57,855,-0.4,93.8,4.4,-1,100,4.5
2026-03-11T08:00:18,2700,6,100,7.3,2.6,100,5.8
2026-03-11T10:00:13,3150,15,64,8.2,5.9,86.9,6.3
2026-03-11T12:00:47,2205,13.6,60,7.1,6.8,82.9,6.3
2026-03-11T14:01:34,1230,9,64.2,5.7,5.8,84.6,6.1
2026-03-11T16:01:42,480,5.9,64.2,4.6,3.2,96.3,5.8
2026-03-11T18:02:28,495,4.9,73.3,4.9,3.4,98.8,6
2026-03-11T20:02:29,930,5.2,80.1,5.5,3.3,100,6.1
2026-03-11T22:02:28,1320,5.5,82.5,5.8,2.7,100,5.8
2026-03-12T00:01:49,1395,5.4,83.6,5.8,2.5,100,5.8
2026-03-12T02:01:04,1515,5,84.1,5.7,1.6,100,5.4
2026-03-12T04:00:33,1545,5,85.8,5.8,1.8,100,5.5
2026-03-12T06:00:42,1710,5.7,88.6,6.3,3,100,5.9
2026-03-12T08:00:38,1800,6.2,87.4,6.4,3,100,5.9
2026-03-12T10:00:02,1965,7.4,87.2,6.9,3.8,100,6.3
2026-03-12T12:00:10,1950,7.4,84.3,6.7,3.1,100,6
2026-03-12T13:59:48,1965,7.4,82.9,6.6,2.7,100,5.8
2026-03-12T15:59:25,1575,6.3,82.7,6.1,2.6,100,5.8
2026-03-12T17:59:21,1545,4.9,84.7,5.7,1.1,100,5.2
2026-03-12T20:00:09,1260,3.4,84.1,5.1,0.6,100,5.1
2026-03-12T21:59:26,1125,2.2,88.8,5,0.6,100,5.1
2026-03-12T23:59:32,1485,2.9,92.2,5.4,0.6,100,5.1
2026-03-13T01:59:15,1545,3.6,89,5.5,0.4,100,5
2026-03-13T03:59:29,1245,2.7,86.2,5,0,100,4.8
2026-03-13T05:59:42,1245,2.5,91,5.2,0.7,100,5.1
2026-03-13T07:59:26,1800,5.4,88.7,6.2,2.6,97.6,5.7
2026-03-13T09:59:52,2355,12.1,63.4,6.8,5.2,85,5.9
2026-03-13T11:59:27,1560,11.7,54.8,5.7,7.6,71.4,5.8
2026-03-13T13:58:42,1230,10,55.6,5.2,7.6,69.1,5.6
2026-03-13T15:57:58,975,7.8,62.4,5.1,5.8,79.5,5.7
2026-03-13T17:58:01,1095,5.9,74.6,5.4,5,86.6,5.9
2026-03-13T19:59:00,975,4.9,78.5,5.3,3.8,93.2,5.8
2026-03-13T21:58:57,1020,4.2,85,5.5,3.9,94.4,6
2026-03-13T23:58:36,765,3.5,84.2,5.2,2.9,99.5,5.9
2026-03-14T01:58:49,795,2.4,89.1,5.1,2.5,100,5.8
2026-03-14T03:58:34,1185,3.4,93.6,5.7,3.1,100,6
2026-03-14T05:57:58,1665,5.4,95.1,6.6,4.1,100,6.4
2026-03-14T07:58:12,2655,8.5,88.2,7.5,5,94.2,6.4
2026-03-14T09:58:55,2655,16,55.4,7.5,7.3,81.1,6.4
2026-03-14T11:59:24,1875,14.3,55.9,6.9,8.7,75.4,6.5
2026-03-14T13:59:57,1410,13.7,55.7,6.6,9.4,75.8,6.9
2026-03-14T15:59:22,615,10.2,56.8,5.4,7.6,81.1,6.5
2026-03-14T17:59:45,495,4.9,67.3,4.5,5.6,87.8,6.2
2026-03-14T19:59:17,870,6.8,71.5,5.5,6.1,85.2,6.2
2026-03-14T22:00:03,1545,6.6,75.7,5.7,6.3,77.5,5.7
2026-03-14T23:59:46,1515,6.6,66.6,5,5.3,73.5,5.1
2026-03-15T01:59:37,1455,6.4,67.2,5,4.5,77.3,5.1
2026-03-15T03:59:53,1125,5.2,65.8,4.5,3.8,77.3,4.9
2026-03-15T05:59:39,1575,5.1,73.1,5,3.8,78.1,4.9
2026-03-15T07:59:18,2730,12.9,50.2,5.7,6,65.1,4.7
2026-03-15T09:59:00,2700,18,38,5.8,7.2,63.3,5
2026-03-15T11:59:38,1245,13.4,41.9,4.9,7.3,65.1,5.1
2026-03-15T13:59:58,705,10.1,47.6,4.5,7.2,68.3,5.4
2026-03-15T16:00:37,495,7.8,53.5,4.4,6.2,73.5,5.4
2026-03-15T18:01:13,495,6.6,63.1,4.8,4.6,93.4,6.2
2026-03-15T20:00:53,600,5.1,70.7,4.8,2.2,100,5.6
2026-03-15T22:00:07,600,4.2,72.6,4.7,1.7,99.1,5.4
2026-03-15T23:59:48,795,3.8,76.2,4.8,1.2,100,5.3
2026-03-16T02:00:20,825,3.6,77,4.8,0.9,100,5.2
2026-03-16T04:00:21,900,3.2,78.9,4.8,0.5,100,5
2026-03-16T05:59:49,1065,3.4,80.9,4.9,0.5,100,5
2026-03-16T07:59:01,1440,5.3,78.7,5.5,1,99.1,5.1
2026-03-16T09:59:04,1575,6.9,73.3,5.6,1.6,97.1,5.3
2026-03-16T11:58:40,2280,12.6,58.5,6.5,3.4,89.8,5.5
2026-03-16T13:59:06,1275,10.1,54.5,5.2,2.7,90.1,5.3
2026-03-16T15:58:38,480,5.4,58.8,4.1,0.4,99.2,4.9
2026-03-16T17:58:38,495,2.5,66.1,3.8,-0.4,100,4.7
2026-03-16T19:58:41,480,2.1,71.6,4,-0.6,100,4.7
2026-03-16T21:58:01,540,2,75.7,4.2,-0.4,100,4.7
2026-03-16T23:58:04,720,2.2,78.1,4.4,-0.2,100,4.8
2026-03-17T01:58:02,990,2.8,80.6,4.7,0,100,4.8
2026-03-17T03:57:37,1125,3.4,81.2,5,0.2,100,4.9
2026-03-17T05:58:06,1440,4.1,84,5.4,0.5,100,5
2026-03-17T07:57:30,1800,6.5,80.9,6.1,1.6,100,5.4
2026-03-17T09:58:21,1830,7.2,80.2,6.3,2.3,100,5.7
2026-03-17T11:58:02,1905,8.8,75.6,6.6,3,100,5.9
2026-03-17T13:58:24,1680,9.4,72.9,6.6,3.8,100,6.3
2026-03-17T15:58:58,1215,7.8,71.5,5.8,3.1,100,6
2026-03-17T17:58:22,480,0.9,72.2,3.7,0.1,100,4.9
2026-03-17T19:58:39,1155,1.2,89.8,4.7,-0.9,100,4.6
2026-03-17T21:59:00,1215,2.1,83.3,4.7,-1.7,100,4.3
2026-03-17T23:59:41,1215,2.3,83.4,4.7,-1.3,100,4.4
2026-03-18T01:59:30,1215,2.5,83.9,4.8,-1.1,100,4.5
2026-03-18T03:59:46,1215,2.3,83.3,4.7,-1.6,100,4.3
2026-03-18T06:00:08,1320,2.4,85.1,4.9,-1.3,100,4.4
2026-03-18T08:00:44,1740,4.2,85,5.5,-0.5,100,4.7
2026-03-18T10:00:43,1830,6.1,79.2,5.8,0.1,100,4.9
2026-03-18T12:01:11,1710,7.6,71,5.7,0.7,100,5.1
2026-03-18T14:01:03,1545,7.8,67.9,5.5,0.8,100,5.1
2026-03-18T16:00:47,1080,5.5,68.8,4.8,0,100,4.8
2026-03-18T18:01:29,1005,3.3,77.8,4.7,-0.3,100,4.8
2026-03-18T20:01:49,1215,3.1,81.7,4.9,-0.4,100,4.7
2026-03-18T22:01:11,1320,3.2,83.6,5,-0.4,100,4.7
2026-03-19T00:01:06,1350,3.2,84.6,5.1,-0.3,100,4.8
2026-03-19T02:00:53,1380,3.4,85.4,5.2,0,100,4.8
2026-03-19T04:01:16,1440,3.7,85.4,5.3,0.1,100,4.9
2026-03-19T06:01:35,1545,3.9,86.1,5.4,0.4,100,5
2026-03-19T08:00:59,1860,5.6,85.8,6.1,1.1,100,5.2
2026-03-19T10:01:22,2445,10.7,73.4,7.2,2.8,100,5.9
2026-03-19T12:01:42,1935,11.5,67.4,7,4.1,100,6.4
2026-03-19T14:01:53,1485,11.1,64.5,6.5,4.5,100,6.6
2026-03-19T16:01:34,825,7.8,68.3,5.6,4.1,100,6.4
2026-03-19T18:02:15,480,2.1,73.8,4.1,1.7,100,5.4
2026-03-19T20:02:05,495,0,83.5,4,1.1,100,5.2
2026-03-19T22:02:12,480,-2,80.9,3.4,-0.7,100,4.6
2026-03-20T00:01:44,480,-2.3,87.9,3.6,-1.1,100,4.5
2026-03-20T02:01:17,480,-1.9,87.8,3.7,-1.4,100,4.4
2026-03-20T04:01:28,480,-1.8,86,3.7,-1.8,100,4.3
2026-03-20T06:01:34,825,0.2,94.2,4.6,0.7,97.8,5
2026-03-20T08:01:37,3285,13.2,91,10.4,8.1,78.7,6.5
2026-03-20T10:00:59,3345,23.3,39.9,8.3,9,62.4,5.5
2026-03-20T12:00:27,2955,14.7,44.9,5.7,7.7,56.1,4.5
2026-03-20T14:00:05,1560,10.2,47.2,4.5,7.8,55,4.5
2026-03-20T15:59:26,840,7.3,50.2,4,6.9,59.9,4.6
2026-03-20T17:59:18,480,1.5,52.3,2.8,2.9,73.5,4.3
2026-03-20T19:58:33,480,-2.1,53.9,2.3,-0.3,82.3,3.9
2026-03-20T21:57:45,480,-3.6,59.5,2.2,-1.6,88.1,3.8
2026-03-20T23:57:49,480,-4.8,60.4,2.1,-3.3,92.7,3.6
2026-03-21T01:57:18,480,-5.4,64.8,2.1,-3.5,95.6,3.6
2026-03-21T03:56:46,465,-3.8,67.5,2.5,-2.2,96.3,4
2026-03-21T05:56:56,480,0,79.3,3.8,0.8,94.1,4.8
2026-03-21T07:56:44,3285,14.4,75.6,9.3,8.2,65.3,5.5
2026-03-21T09:56:24,3255,22.5,31.4,6.3,8.7,55.4,4.8
2026-03-21T11:55:36,1245,14.4,35.4,4.4,7.3,59.2,4.7
2026-03-21T13:55:06,495,9.2,40.4,3.6,6.4,60.2,4.5
2026-03-21T15:55:52,540,6.7,42.6,3.2,5.6,55.3,3.9
2026-03-21T17:55:12,495,3.9,46.2,2.9,3.2,64.4,3.9
2026-03-21T19:55:49,495,4.3,55.2,3.6,2.6,76.7,4.4
2026-03-21T21:56:10,495,4.4,58.4,3.8,2.3,81.1,4.6
2026-03-21T23:56:21,480,4,62.5,4,2,86.7,4.8
2026-03-22T01:55:50,540,3.8,67.8,4.3,1.7,91.5,5
2026-03-22T03:56:02,480,1,69.7,3.6,0.5,97.5,4.9
2026-03-22T05:55:48,1065,3.1,86.6,5.2,2.3,96.2,5.5
2026-03-22T07:56:17,3330,15.7,61.5,8.2,6.9,72.4,5.6
2026-03-22T09:56:38,2925,22,34.5,6.7,8.2,65.6,5.5
2026-03-22T11:56:53,1110,14.9,40.1,5.1,7.5,69.9,5.6
2026-03-22T13:56:12,495,9.9,46.2,4.3,7.3,66.9,5.3
2026-03-22T15:55:55,495,6.6,50.2,3.8,5,71.6,4.9
2026-03-22T17:55:34,495,2.9,57.2,3.4,2.1,82.2,4.6
2026-03-22T19:55:45,480,1,69.3,3.6,1.3,85.6,4.5
2026-03-22T21:55:33,495,0.9,77.2,4,1,92.9,4.8
2026-03-22T23:56:11,495,0.6,80.8,4.1,0.6,96.9,4.9
2026-03-23T01:57:01,540,0.7,85.5,4.4,0.5,99.2,5
2026-03-23T03:57:16,540,0.5,86,4.3,0,100,4.8
2026-03-23T05:56:20,1245,2.3,96.3,5.5,1.8,99.8,5.5
2026-03-23T07:55:26,3270,13.2,77,8.8,6.3,77.9,5.8
2026-03-23T09:55:28,2880,15.7,49.3,6.6,5.8,75.3,5.4
2026-03-23T11:55:52,1470,13.1,43.6,5,7,65.7,5.1
2026-03-23T13:55:35,1230,11.6,44.1,4.6,6.2,66.6,4.9
2026-03-23T15:56:03,495,8,48.8,4,3.5,82.6,5.1
2026-03-23T17:56:12,495,4.7,58,3.9,1.9,96.4,5.3
2026-03-23T19:56:58,495,3.8,61.5,3.9,1.5,96.7,5.2
2026-03-23T21:56:34,495,0.6,60.6,3.1,-0.1,99.3,4.8
2026-03-23T23:57:24,480,-2.9,67.2,2.7,-2.1,100,4.2
2026-03-24T01:56:42,480,-4.9,68.8,2.4,-3.3,100,3.9
2026-03-24T03:56:49,480,-6.8,71.3,2.1,-4.7,100,3.5
2026-03-24T05:56:12,495,-2.3,95,3.9,-0.8,100,4.6
2026-03-24T07:56:53,3315,9.4,93.3,8.4,5.6,79.3,5.6
2026-03-24T09:57:11,3300,20.9,36.4,6.6,7.8,56.6,4.6
2026-03-24T11:57:04,1395,13.1,38.2,4.4,6.2,61.2,4.5
2026-03-24T15:57:24,825,6.9,47.6,3.7,4,65,4.1
2026-03-24T17:57:05,495,5.6,50.5,3.6,2.9,72.3,4.3
2026-03-24T19:57:06,1185,5.4,56.5,3.9,3.5,67.1,4.1
2026-03-24T21:56:14,705,6.1,58.3,4.3,3.3,81.4,4.9
2026-03-24T23:56:17,705,5.7,67.9,4.8,3,93.8,5.6
2026-03-25T01:55:44,825,5.3,77.2,5.4,3.1,100,6
2026-03-25T03:56:04,1155,5.2,81.5,5.6,2.6,100,5.8
2026-03-25T05:56:22,1485,5.7,84.6,6,2.9,100,5.9
2026-03-25T07:57:11,1830,7,87.6,6.8,3.9,100,6.3
2026-03-25T09:56:31,1845,7.2,86.4,6.8,4,100,6.4
2026-03-25T11:56:16,1995,9.4,84.6,7.6,5.6,100,7.1
2026-03-25T13:56:56,1935,11,72.5,7.3,6.5,90.4,6.8
2026-03-25T15:56:42,1245,8.6,72.3,6.2,6.8,86,6.6
2026-03-25T17:55:51,1680,8.9,72,6.3,7.5,77.2,6.2
2026-03-25T19:55:04,1590,8.8,70,6.1,7.3,77.1,6.1
2026-03-25T21:55:18,1455,9.2,67.3,6,6.8,80.6,6.2
2026-03-25T23:55:09,1185,7.3,75.1,5.9,5.5,90.8,6.4
2026-03-26T01:55:45,1095,5.8,78.5,5.6,4.1,95.2,6.1
2026-03-26T05:56:07,2055,5.9,91.5,6.6,3.9,93.7,5.9
2026-03-26T07:55:59,3015,14.8,59.9,7.6,6.4,79.6,5.9
2026-03-26T09:56:38,2085,18.8,36.6,5.9,6.7,70.8,5.4
2026-03-26T11:55:52,1335,13.9,39.8,4.8,7.1,63.9,5
2026-03-26T13:56:00,765,11.2,43.3,4.4,5.2,74.5,5.1
2026-03-26T15:56:24,795,8.2,54.8,4.6,4.5,80.6,5.3
2026-03-26T17:56:09,765,6.5,63.1,4.7,3.7,87.3,5.4
2026-03-26T19:56:51,1035,5.7,70.5,5,3.6,88.1,5.5
2026-03-26T21:57:07,990,5.7,71.4,5.1,3,93.1,5.5
2026-03-26T23:56:30,960,5.5,74.1,5.2,2.6,96.8,5.6
2026-03-27T01:56:56,990,5.2,76,5.2,2.1,100,5.6
2026-03-27T03:56:31,1095,4.9,77.9,5.3,1.6,100,5.4
2026-03-27T05:55:44,1410,5.6,80,5.7,1.8,100,5.5
2026-03-27T07:56:00,3315,14,75.5,9.1,6.5,87.2,6.5
2026-03-27T09:55:26,3165,24,37.2,8.1,9.2,71.7,6.4
2026-03-27T11:55:37,1650,17.4,42.2,6.3,8.9,70.6,6.2
2026-03-27T13:56:38,1245,11.5,43.6,4.5,9.1,54,4.8
2026-03-27T15:56:37,705,8.6,43.8,3.8,7.3,56.7,4.5
2026-03-27T17:55:40,480,3.9,46.5,2.9,3.8,73.6,4.6
2026-03-27T19:56:08,480,0.5,52.8,2.7,1,85.8,4.5
2026-03-27T21:56:34,480,-1.4,55.1,2.4,-0.8,89.8,4.1
2026-03-27T23:55:58,495,-4.8,59.3,2.1,-2.4,93.9,3.9
2026-03-28T01:56:23,480,-3.9,68.6,2.5,-2.2,98,4.1
2026-03-28T03:57:09,480,-4.6,71,2.5,-2.4,99.8,4.1
2026-03-28T05:57:43,1215,1,93.6,4.9,-0.6,100,4.7
2026-03-28T07:58:07,1935,6.8,80.8,6.2,1.3,100,5.3
2026-03-28T09:57:45,3405,22,40,7.8,4.7,82.7,5.5
2026-03-28T11:57:29,1020,12.5,40.6,4.5,2.3,84.1,4.8
2026-03-28T13:56:43,495,6.8,48.6,3.7,2.4,79.9,4.6
2026-03-28T15:56:15,480,3.2,51.6,3.1,1.3,88.7,4.7
2026-03-28T17:55:48,495,1.8,58.4,3.2,0.7,92.3,4.7
2026-03-28T19:55:33,465,-3.7,55.4,2.1,-2.1,95.7,4
2026-03-28T21:55:17,480,-2.1,76,3.2,-1.2,100,4.5
2026-03-28T23:54:57,480,-3,74.7,2.9,-2.1,100,4.2
2026-03-29T01:54:50,480,-5.5,72,2.4,-3.1,100,3.9
2026-03-29T03:54:57,480,-1.3,84.8,3.8,-1.8,100,4.3
2026-03-29T05:55:48,1515,2.9,95.1,5.6,1.4,98.3,5.2
2026-03-29T07:55:46,3315,16.6,60.6,8.6,6.8,73.6,5.6
2026-03-29T09:55:04,2145,21.4,30.8,5.8,6.7,68.8,5.2
2026-03-29T11:55:01,510,11.1,40.2,4,3.2,89.6,5.4
2026-03-29T13:54:36,495,7.9,55.4,4.5,2.8,97.3,5.7
2026-03-29T15:54:12,705,7.9,60.6,5,2.7,98.6,5.7
2026-03-29T17:54:51,555,5.7,66.1,4.7,1.9,100,5.5
2026-03-29T19:54:57,480,2.2,65,3.7,-0.2,100,4.8
2026-03-29T21:54:19,795,2.6,79.2,4.6,0.2,100,4.9
2026-03-29T23:54:10,1020,3.2,79.4,4.8,0,100,4.8
2026-03-30T01:54:31,1005,3.4,78.2,4.8,0,100,4.8
2026-03-30T03:55:16,1080,3.1,79.1,4.7,-0.6,100,4.7
2026-03-30T05:55:40,1260,3.3,80.6,4.9,-0.8,100,4.6
2026-03-30T07:55:46,1515,4.5,78.6,5.2,-0.8,100,4.6
2026-03-30T09:54:57,2115,8.7,70.9,6.1,0,100,4.8
2026-03-30T11:55:03,1965,12.4,53.6,5.9,1.6,92.9,5
2026-03-30T13:55:24,810,6.2,62.9,4.6,2,93.2,5.2
2026-03-30T15:56:16,735,4,70.2,4.5,2.1,90.9,5.1
2026-03-30T17:55:26,495,0.7,65.3,3.3,-0.3,96,4.6
2026-03-30T19:56:00,480,-3.9,68.6,2.5,-2.8,99.4,4
2026-03-30T21:56:07,495,-1,83.7,3.8,-2.1,100,4.2
2026-03-30T23:56:43,720,1.2,81,4.3,-0.9,100,4.6
2026-03-31T01:56:56,720,1.7,78.2,4.3,-0.7,100,4.6
2026-03-31T03:56:47,750,2,78.3,4.4,-0.4,100,4.7
2026-03-31T05:57:31,1020,3,81,4.8,0,100,4.8
2026-03-31T07:58:20,3345,18,74.3,11.4,9.1,76.6,6.8
2026-03-31T09:58:02,3390,28.7,27.8,7.9,11.3,48.7,5
2026-03-31T11:58:32,1905,19.7,32.6,5.5,10.1,55.1,5.2
2026-03-31T13:59:06,495,13.6,35,4.1,9.4,57.8,5.2
2026-03-31T15:59:30,510,9.6,36.4,3.3,8.6,59.4,5.1
2026-03-31T17:58:42,480,3.6,36.6,2.3,5,69.5,4.7
2026-03-31T19:58:28,480,0.8,48.5,2.5,3,77.3,4.6
2026-03-31T21:57:57,480,-1.3,47,2.1,0.1,84.1,4.1
2026-03-31T23:58:33,480,-0.3,52.8,2.5,-0.1,92.9,4.5
2026-04-01T01:59:02,480,-4.3,49,1.8,-2.4,94.4,3.9
2026-04-01T03:58:50,480,-5.9,53.4,1.7,-4.2,97,3.5
2026-04-01T05:59:01,495,0.9,65.5,3.4,-1.3,96.4,4.3
2026-04-01T07:58:24,495,5.7,59.6,4.2,0.9,96.3,5
2026-04-01T09:58:23,1995,9.9,64.5,6,2,93.2,5.2
2026-04-01T11:57:40,1425,11.7,51.8,5.4,4.4,84.5,5.5
2026-04-01T13:57:20,495,7.5,56.1,4.5,4.4,85.2,5.6
2026-04-01T15:57:01,495,5.2,57,3.9,4,86.4,5.5
2026-04-01T17:56:56,480,1.6,59,3.2,0.9,93.5,4.8
2026-04-01T19:57:32,495,-1,65.6,3,-1.2,97.8,4.4
2026-04-01T21:57:01,480,-2.1,71.8,3,-2.1,100,4.2
2026-04-01T23:57:42,495,-0.9,76.3,3.5,-2.1,100,4.2
2026-04-02T01:57:33,480,-1.7,79.2,3.4,-1.2,100,4.5
2026-04-02T03:57:31,480,-0.7,82.9,3.8,-0.8,100,4.6
2026-04-02T05:57:46,1830,3.6,97,6,0.9,100,5.2
2026-04-02T07:57:02,1710,7.4,76.9,6.1,2.1,100,5.6
2026-04-02T09:57:09,1590,9.7,67.5,6.2,3.1,100,6
2026-04-02T11:57:28,2010,14,57,6.9,4.7,95.1,6.3
2026-04-02T13:58:01,1065,11.2,56.5,5.7,4,97.2,6.2
2026-04-02T15:57:55,870,9.4,59.7,5.4,3.6,98.4,6.1
2026-04-02T17:58:07,705,6.5,68,5.1,2.8,100,5.9
2026-04-02T19:57:30,870,5.4,74.4,5.2,2.5,100,5.8
2026-04-02T21:56:43,1035,5.1,77.4,5.3,2.1,100,5.6
2026-04-02T23:56:39,1125,5.3,78.6,5.4,2.2,100,5.6
2026-04-03T01:57:29,1155,5.2,79.6,5.5,2.3,100,5.7
2026-04-03T03:56:47,1245,5.4,80.6,5.6,2.4,100,5.7
2026-04-03T05:56:38,1680,6.8,81.8,6.3,2.9,100,5.9
2026-04-03T09:55:33,2205,15.2,58.9,7.6,6.2,93.1,6.8
2026-04-03T11:54:45,1605,14.6,55.9,7,6.8,90.3,6.9
2026-04-03T13:54:50,1395,14,54.7,6.6,6.9,89,6.9
2026-04-03T15:54:25,615,9.4,60.2,5.4,5.1,96.2,6.6
2026-04-03T17:54:49,495,6.9,66.4,5.1,4.3,100,6.5
2026-04-03T19:54:20,495,6,70.3,5.1,3.8,100,6.3
2026-04-03T21:54:46,555,5.3,74.3,5.2,3.4,100,6.1
2026-04-03T23:55:04,795,5.1,77.2,5.3,3,100,5.9
2026-04-04T01:55:06,1020,5.3,79,5.5,2.8,100,5.9
2026-04-04T03:54:37,1200,5.5,80.3,5.6,2.7,100,5.8
2026-04-04T05:53:50,1575,6.2,81.7,6,2.4,100,5.7
2026-04-04T07:53:57,1605,6.7,79.6,6,2.4,100,5.7
2026-04-04T09:54:35,1710,6.9,79.7,6.1,2.2,100,5.6
2026-04-04T11:55:14,1590,6.5,78.6,5.9,2,100,5.6
2026-04-04T13:55:36,1425,6.8,77,5.9,2.6,100,5.8
2026-04-04T15:55:41,1290,6,78.2,5.7,2.4,100,5.7
2026-04-04T17:55:18,1245,4.8,79.8,5.4,1.4,100,5.3
2026-04-04T19:55:36,1290,4.3,82.5,5.4,1.1,100,5.2
2026-04-04T21:55:11,1410,4.4,83.6,5.5,1.1,100,5.2
2026-04-04T23:55:35,1425,4.5,83.4,5.5,1,100,5.2
2026-04-05T01:55:53,1455,4.2,84.6,5.5,0.9,100,5.2
2026-04-05T03:55:31,1395,4.3,83.5,5.4,0.9,100,5.2
2026-04-05T05:55:16,2205,6.7,88.1,6.7,2,100,5.6
2026-04-05T07:56:05,2085,9.1,77.5,6.9,3.1,100,6
2026-04-05T09:56:40,2325,12.8,65.4,7.3,4.2,97.5,6.3
2026-04-05T11:56:27,1260,10.4,58.9,5.7,3.3,96,5.8
2026-04-05T13:56:07,1230,10.3,55.7,5.3,2.9,92.7,5.5
2026-04-05T15:55:21,900,8,59.6,4.9,2.1,95.6,5.4
2026-04-05T17:55:29,780,4.8,72.9,4.9,1.7,100,5.4
2026-04-05T19:54:52,1230,4.7,84.5,5.6,2.3,100,5.7
2026-04-05T21:54:10,1350,5.2,85.7,5.9,2.9,100,5.9
2026-04-05T23:53:31,1320,4.9,85.2,5.8,2.7,100,5.8
2026-04-06T01:54:11,1290,4.1,83.1,5.3,2.1,95.5,5.3
2026-04-06T03:54:19,1200,4.1,83.7,5.4,1.6,99.8,5.4
2026-04-06T05:54:28,1455,4.4,85.3,5.6,1.3,100,5.3
2026-04-06T07:55:08,1740,5.3,86.1,6,1.5,100,5.4
2026-04-06T09:55:32,1905,7.3,81,6.4,2.3,100,5.7
2026-04-06T11:55:38,1965,9.9,71.3,6.7,2.9,100,5.9
2026-04-06T13:56:16,1425,9.3,67.6,6.1,3.3,100,6.1
2026-04-06T15:56:06,1230,7.8,71.5,5.8,3.2,100,6
2026-04-06T17:55:55,1005,4.9,76.9,5.2,2,100,5.6
2026-04-06T19:55:31,1095,4.5,81.5,5.4,1.9,100,5.5
2026-04-06T21:55:24,1275,4.6,83.5,5.5,1.8,100,5.5
2026-04-06T23:55:55,1290,4.7,82.3,5.5,1.8,100,5.5
2026-04-07T01:56:38,1320,4.5,83.9,5.5,1.7,100,5.4
2026-04-07T03:56:46,1350,4.6,83.9,5.6,1.6,100,5.4
2026-04-07T05:57:25,1620,5.8,85.4,6.1,2.6,100,5.8
2026-04-07T07:58:02,2025,8.4,79.9,6.8,3.8,96.8,6.1
2026-04-07T09:58:26,2025,10.6,66.9,6.5,4.6,90.4,6
2026-04-07T11:59:09,1710,9.5,70.6,6.4,4.7,93,6.2
2026-04-07T13:58:55,1875,11.4,68.1,7,6.2,90.1,6.6
2026-04-07T15:59:35,1320,9.6,66.2,6.1,6.6,83.7,6.3
2026-04-07T17:59:21,1320,6.6,69.5,5.2,5.1,80.3,5.5
2026-04-07T20:00:09,885,4.3,72.2,4.7,3.6,84.3,5.2
2026-04-07T22:00:46,750,2,75.3,4.2,2.1,83.9,4.7
2026-04-08T00:00:36,1125,1,78.1,4.1,1.4,77.6,4.1
2026-04-08T02:01:24,1110,1.1,75.7,4,0.4,79.8,4
2026-04-08T04:01:06,1005,0.5,75.6,3.8,-0.4,81.1,3.8
2026-04-08T06:01:03,2820,4.8,81.8,5.5,1.4,76.9,4.1
2026-04-08T08:00:44,3300,16.9,45.7,6.6,5,56.6,3.8
2026-04-08T10:01:08,3390,22.4,32,6.4,4.4,52.1,3.4
2026-04-08T12:01:49,3045,12.3,37.8,4.1,4.8,47.6,3.2
2026-04-08T14:02:22,2295,8.3,38.5,3.2,5,42,2.9
2026-04-08T16:01:59,1905,6.2,37.6,2.8,4.2,39.6,2.6
2026-04-08T18:01:26,705,3.3,36.7,2.2,2.1,45.7,2.6
2026-04-08T20:00:39,480,-0.8,40,1.8,0,51.3,2.5
2026-04-08T22:00:38,465,-3.9,43.5,1.6,-1.8,58.6,2.5
2026-04-09T00:01:17,465,-4.5,46,1.6,-2.7,65.5,2.6
2026-04-09T02:01:15,480,-5.3,47.7,1.6,-3.9,72.1,2.7
2026-04-09T04:01:13,480,-5.6,49.8,1.6,-4.3,76.5,2.7
2026-04-09T06:01:07,2235,5.5,59.3,4.2,0.6,65,3.3
2026-04-09T08:01:00,3315,19.4,31,5.2,5.5,47.3,3.3
2026-04-09T10:01:38,3345,26.1,22.5,5.5,5.3,43.5,3
2026-04-09T12:01:02,2850,14.5,25.9,3.2,5.2,38.8,2.7
2026-04-09T14:00:44,1200,9.6,27,2.5,6.2,36.2,2.7
2026-04-09T15:59:57,495,6.1,26.6,1.9,4,45.1,2.9
2026-04-09T17:59:28,495,1.8,25.1,1.4,1.6,56.5,3.1
2026-04-09T19:58:59,480,-3.4,26.9,1,-1.9,66.3,2.8
2026-04-09T21:58:56,480,-5.4,29.7,1,-3.8,74.8,2.8
2026-04-09T23:59:26,480,-6,33.5,1.1,-4.7,78.5,2.7
2026-04-10T02:00:16,480,-5.8,36,1.2,-4.8,79.3,2.7
2026-04-10T04:00:21,480,-5.7,39.5,1.3,-4.1,76.8,2.8
2026-04-10T06:01:09,1575,6.1,51.7,3.8,3,60.9,3.6
2026-04-10T10:02:23,3405,27.2,17.8,4.6,7.7,30.6,2.5
2026-04-10T12:03:11,1380,15.1,19.5,2.5,7.1,33.5,2.6
2026-04-10T14:04:01,780,9.2,18.9,1.7,6.9,25.7,2
2026-04-10T16:04:07,495,6.2,18.5,1.4,7.4,26.9,2.1
2026-04-10T18:03:57,480,2.3,17.8,1,3.8,38,2.4
2026-04-10T20:03:59,480,-2.2,19.7,0.8,1.6,42.9,2.3
2026-04-10T22:03:44,480,-3.5,21.1,0.8,-1.3,52.5,2.3
2026-04-11T00:03:09,480,-4.5,23.8,0.8,-2.2,55.7,2.3
2026-04-11T02:03:00,480,-4.2,25,0.9,-2.2,51.7,2.2
2026-04-11T04:02:37,465,-4.1,27,1,-2.3,53.4,2.2
2026-04-11T06:02:47,1755,10,34,3.2,5,45.5,3.1
2026-04-11T08:02:13,3330,26.4,21.3,5.3,11.5,33.4,3.4
2026-04-11T10:02:03,3390,29.2,15.7,4.6,9.8,30.9,2.9
2026-04-11T12:01:44,1995,16.7,17.2,2.4,8.8,26.1,2.3
2026-04-11T14:02:22,705,11.1,18.3,1.8,8.7,25.1,2.2
2026-04-11T16:02:28,495,7.8,17,1.4,7.6,27.8,2.2
2026-04-11T18:03:03,480,2.9,16.1,1,4.2,37,2.4
2026-04-11T20:02:31,465,-1.8,17.5,0.7,0.1,47.5,2.3
2026-04-11T22:01:53,465,-3.5,18.7,0.7,-2.1,54.5,2.3
2026-04-12T00:02:34,465,-3.8,21.6,0.8,-1.8,56.3,2.4
2026-04-12T02:02:08,465,-2.6,23.4,0.9,-0.3,50.9,2.4
2026-04-12T04:01:47,480,-2,24.2,1,-0.3,52.9,2.5
2026-04-12T06:00:58,1695,11.5,33.8,3.5,6.1,46.6,3.4
2026-04-12T08:00:35,3375,27.5,22.6,6,13.1,38.3,4.4
2026-04-12T10:00:15,2685,28.7,19,5.4,10.3,48.4,4.6
2026-04-12T11:59:55,495,17,25.8,3.7,9.1,52.9,4.7
2026-04-12T13:59:49,495,12.6,31.4,3.5,8.9,52.3,4.6
2026-04-12T16:00:00,495,9.3,34.8,3.1,8.6,49.3,4.2
2026-04-12T17:59:24,495,6.3,33.9,2.5,6.7,54.3,4.1
2026-04-12T19:58:52,465,0.4,33.4,1.7,2.3,64.3,3.6
2026-04-12T21:58:34,465,-2,37.1,1.6,-0.1,73,3.5
2026-04-12T23:59:06,465,-3.1,40.6,1.6,-2,78.7,3.3
2026-04-13T01:59:22,465,-3,43.6,1.7,-2.4,81.4,3.3
2026-04-13T03:58:32,465,-2.9,46.8,1.9,-2.1,83.6,3.5
2026-04-13T05:58:42,2085,9.8,62.3,5.8,7.2,66.7,5.2
2026-04-13T07:58:30,3390,27.7,27.9,7.5,14,42.7,5.1
2026-04-13T09:58:04,2370,26.6,21.9,5.5,12.1,44.8,4.8
2026-04-13T11:57:32,720,21.5,22.4,4.2,10.3,52.7,5
2026-04-13T13:56:53,495,17.4,26.2,3.9,10.2,55.7,5.3
2026-04-13T15:57:43,495,10.9,32.6,3.2,9.4,57.3,5.2
2026-04-13T17:57:22,495,6.9,33.5,2.6,7,65.1,5
2026-04-13T19:57:44,480,1.4,36.5,1.9,3.3,73.5,4.5
2026-04-13T21:57:49,480,-1.1,41.8,1.9,0.4,81.7,4.1
2026-04-13T23:57:12,480,-1.9,44.7,1.9,-0.9,85.3,3.9
2026-04-14T01:57:04,480,-2.8,46.6,1.9,-2,87.7,3.7
2026-04-14T03:57:03,480,-2.4,51.9,2.1,-1.9,90.2,3.8
2026-04-14T05:57:21,1725,9.5,68.8,6.3,7.4,77.3,6.1
2026-04-14T07:57:21,3330,28.5,33.2,9.3,15.4,51,6.7
2026-04-14T09:56:25,2865,30.5,21.5,6.7,13.8,46.4,5.5
2026-04-14T11:57:06,1575,22.6,25.3,5.1,12.4,46.7,5.1
2026-04-14T13:57:18,495,14.7,30.8,3.9,11.6,48.4,5
2026-04-14T15:57:56,495,11.7,32.4,3.4,11.1,48.4,4.9
2026-04-14T17:58:35,495,7.4,32.5,2.6,8.1,56.2,4.7
2026-04-14T19:58:44,480,2.1,36.5,2,3.9,66.5,4.2
2026-04-14T21:58:45,480,-0.3,40.2,1.9,1.3,73.5,3.9
2026-04-14T23:59:51,480,-2.3,42.5,1.8,-0.6,79.4,3.7
2026-04-15T02:00:06,465,-3.9,45.4,1.7,-2.2,82.7,3.4
2026-04-15T03:59:50,480,-1.3,52.9,2.3,-0.8,83.1,3.8
2026-04-15T06:00:18,480,4.1,55.8,3.6,2.4,79.5,4.5
2026-04-15T08:01:01,3345,16.7,62.5,8.9,9.6,64.6,5.9
2026-04-15T10:00:41,3375,33.5,20,7.3,16,28.3,3.9
2026-04-15T12:01:04,2955,26.8,18.6,4.7,14.7,30.6,3.9
2026-04-15T14:00:31,510,15.9,22.4,3,11.8,37.8,4
2026-04-15T16:00:55,495,11.8,28,2.9,10.6,50.8,5
2026-04-15T18:00:43,495,8.5,29.7,2.5,8.3,57.9,4.9
2026-04-15T20:01:14,495,2.7,30.4,1.8,4.2,67.2,4.3
2026-04-15T22:01:25,480,1.3,35,1.9,2.2,74.7,4.2
2026-04-16T00:02:05,480,0.5,37.3,1.9,1.2,81.8,4.3
2026-04-16T02:02:08,480,0.5,41.8,2.1,1.4,89.5,4.8
2026-04-16T04:02:43,495,2.5,42.4,2.4,2,87.9,4.9
2026-04-16T06:03:05,495,6.8,42.6,3.3,4.2,84.2,5.4
2026-04-16T08:03:30,495,8.8,41.6,3.6,5.1,87.1,6
2026-04-16T10:02:25,495,9.2,42.5,3.8,6.7,84.1,6.4
2026-04-16T12:02:49,1290,16.5,46,6.5,9.9,73,6.8
2026-04-16T14:03:14,615,18.2,35.5,5.5,11.2,65.7,6.7
2026-04-16T16:02:40,510,11.7,37.7,3.9,9.3,76.8,6.9
2026-04-16T18:02:41,495,9.6,41.8,3.8,8.4,80.5,6.8
2026-04-16T20:03:12,510,8.4,46.1,3.9,8.2,76.6,6.4
2026-04-16T22:02:50,510,8.1,48.4,4,7.9,78,6.4
2026-04-17T00:02:54,495,8.1,51.2,4.3,7.3,85.9,6.8
2026-04-17T02:02:21,495,7.7,52.4,4.2,6.5,88.9,6.7
2026-04-17T04:01:39,495,6.9,54.5,4.2,6.7,82.7,6.3
2026-04-17T06:01:10,3075,14.8,62.2,7.9,11.5,60.5,6.2
2026-04-17T08:01:26,3360,27.5,31.5,8.3,16,41.6,5.7
2026-04-17T10:01:56,3405,33.5,21.4,7.8,15,36.9,4.7
2026-04-17T12:01:07,2970,22.7,25.5,5.2,13.5,35.6,4.2
2026-04-17T14:01:58,1110,15.7,29.5,3.9,13.4,37.2,4.3
2026-04-17T16:02:25,510,12.8,30.7,3.4,12.7,39.7,4.4
2026-04-17T18:03:01,510,9.4,31.4,2.8,10.3,46.9,4.5
2026-04-17T20:03:05,495,5.4,33.9,2.4,7.7,53.3,4.3
2026-04-17T22:03:37,495,4.2,36.4,2.3,5.4,60.4,4.2
2026-04-18T00:03:43,495,4.1,38.2,2.4,5,62.1,4.2
2026-04-18T02:03:15,495,1.9,38.6,2.1,2.5,70,4
2026-04-18T04:03:10,495,0.2,42.5,2.1,1.9,74.2,4.1
2026-04-18T06:02:58,3330,18.4,49.5,7.8,11.9,53.6,5.7
2026-04-18T08:02:16,3435,31.6,21.4,7.1,16.4,33.1,4.6
2026-04-18T10:02:51,3375,30.7,18.3,5.8,13.6,36.2,4.3
2026-04-18T12:03:09,900,20.4,21.7,3.8,9.8,47.5,4.4
2026-04-18T14:02:58,495,13.7,26.5,3.1,9,49.9,4.4
2026-04-18T16:02:59,510,13.5,29.9,3.5,8.2,53.9,4.5
2026-04-18T18:03:39,495,9.3,30.9,2.8,6.2,60.8,4.5
2026-04-18T20:02:52,495,4.9,34.5,2.3,4.7,64.2,4.3
2026-04-18T22:03:18,480,5.9,38,2.7,4.3,62.7,4.1
2026-04-19T00:03:31,495,4.1,36.8,2.4,2.5,65.2,3.7
2026-04-19T02:04:10,495,-0.7,38.7,1.8,-0.4,72.1,3.4
2026-04-19T04:03:49,495,-1.9,44.3,1.9,-1.3,77.8,3.4
2026-04-19T06:04:31,3315,13.7,57,6.7,6.3,57.9,4.3
2026-04-19T08:04:35,3405,24.5,24.4,5.5,9.5,41.3,3.8
2026-04-19T10:03:43,3420,29.5,19.5,5.8,8.5,46.2,3.9
2026-04-19T12:04:27,1290,17.7,24.3,3.7,7.6,48.1,3.9
2026-04-19T14:04:04,495,10,27.3,2.6,7.3,49.6,3.9
2026-04-19T16:04:41,495,7.2,29.5,2.3,7,49.5,3.8
2026-04-19T18:04:22,495,4,28.9,1.8,4.7,55.9,3.7
2026-04-19T20:04:42,495,0.4,33.1,1.7,2.8,55.3,3.2
2026-04-19T22:04:43,495,-0.3,34.8,1.7,1.6,55.8,3
2026-04-20T00:04:58,495,-1.1,36.6,1.6,0,60,2.9
2026-04-20T02:05:13,495,-2.1,38.4,1.6,-1.1,63.8,2.9
2026-04-20T04:05:08,480,-1,42.7,1.9,0,63.7,3.1
2026-04-20T06:04:40,3330,16.4,44.8,6.3,8.6,45.7,3.9
2026-04-20T08:04:06,3390,28,19.6,5.3,13.5,28.6,3.3
2026-04-20T10:03:27,3435,33.5,15.9,5.8,11.8,29.1,3.1
2026-04-20T12:03:10,2610,20.4,20.5,3.6,10.4,32.7,3.2
2026-04-20T14:02:54,915,13.5,24.3,2.8,11.2,31.8,3.2
2026-04-20T16:02:57,495,11.1,25.3,2.5,11.2,31.6,3.2
2026-04-20T18:03:29,495,8.2,24.9,2.1,9,36,3.2
2026-04-20T20:02:53,495,3.1,24.4,1.5,5.1,43.9,3
2026-04-20T22:02:52,480,-0.3,25.8,1.2,1.9,53.6,3
2026-04-21T00:02:38,495,-2.9,26.9,1.1,0,56.1,2.7
2026-04-21T02:02:18,480,-2,31.9,1.3,0.3,59.6,3
2026-04-21T04:01:37,495,0,34.5,1.7,2.1,58,3.2
2026-04-21T06:02:03,3345,18.6,35.6,5.7,11.6,38.4,4
2026-04-21T08:01:10,3390,31.5,18,5.9,18.3,24.6,3.8
2026-04-21T10:00:38,3390,35.7,14.6,6,14.9,27.5,3.5
2026-04-21T12:01:10,2160,22.5,19.2,3.8,12.5,31.6,3.5
2026-04-21T14:01:06,675,15.1,23.3,3,13.2,31.4,3.6
2026-04-21T16:01:55,675,12.9,25.4,2.9,13.6,29.3,3.4
2026-04-21T18:01:13,495,9.5,23.3,2.1,10.8,36.3,3.6
2026-04-21T20:01:29,480,3.1,23.8,1.4,6,46.1,3.3
2026-04-21T22:02:06,480,1.6,28.7,1.6,5.2,57.7,4
2026-04-22T00:02:03,495,3.2,29.7,1.8,5,63.9,4.3
2026-04-22T02:01:29,495,3.2,31.4,1.9,4.5,67.8,4.5
2026-04-22T04:01:37,495,3.3,36.3,2.2,4.7,67.6,4.5
2026-04-22T06:01:43,2325,19.2,34.4,5.7,10.5,51.1,5
2026-04-22T08:02:33,750,18.7,24.9,4,9.2,52.4,4.7
2026-04-22T10:02:17,1080,21,24.9,4.6,9.3,55.9,5
2026-04-22T12:01:28,855,18.8,26.9,4.3,9.2,56.1,5
2026-04-22T14:00:59,495,13,34,3.9,9.8,56.3,5.2
2026-04-22T16:00:24,510,14.2,35.1,4.3,9.7,56.9,5.2
2026-04-22T17:59:51,495,9.5,38.4,3.5,8.4,60.1,5.1
2026-04-22T19:59:06,1035,7.5,44.1,3.5,7.9,47.6,3.9
2026-04-22T21:59:49,1395,6.4,42.2,3.1,4.6,49.2,3.3
2026-04-23T00:00:08,705,2.7,41.4,2.4,1.5,50.9,2.7
2026-04-23T01:59:21,480,-0.1,44,2.1,-0.1,56.6,2.7
2026-04-23T04:00:10,540,0.3,50.7,2.5,0.7,56.7,2.9
2026-04-23T06:00:25,3330,14.1,45.5,5.5,5.1,43,2.9
2026-04-23T07:59:53,3330,20.4,24.4,4.3,6.5,39.7,3
2026-04-23T09:59:12,3300,23.9,20.8,4.5,7.4,38.1,3
2026-04-23T11:59:17,2610,17.6,22.6,3.4,6.7,38.4,2.9
2026-04-23T13:59:05,1275,11.1,29.3,3,7.8,38.4,3.1
2026-04-23T15:58:43,1305,11,30.9,3.1,8,39.4,3.3
2026-04-23T17:58:55,495,8.6,29.3,2.5,6.8,43.5,3.3
2026-04-23T19:58:38,480,2.6,28.8,1.7,3.2,54,3.3
2026-04-23T21:58:46,480,1.1,32.2,1.7,1.6,61.8,3.3
2026-04-23T23:58:26,480,-0.6,35.1,1.6,0.7,68.6,3.5
2026-04-24T01:58:33,480,-1.5,36.6,1.6,-0.4,73.2,3.5
2026-04-24T03:58:24,480,1,43.6,2.3,1.1,77.3,4
2026-04-24T05:58:36,1230,10.2,50.2,4.8,5.9,70.4,5.1
2026-04-24T07:58:33,3360,28,25.6,7,12.7,38.2,4.3
2026-04-24T09:58:47,3420,32.1,18.4,6.3,11.8,35.3,3.7
2026-04-24T11:58:26,1830,18.8,22.4,3.6,10.2,36.3,3.5
2026-04-24T13:57:53,1500,12.8,27.6,3.1,10,33.6,3.2
2026-04-24T15:58:02,930,10.8,28.8,2.8,9,36.5,3.2
2026-04-24T17:57:34,495,8,28.5,2.4,7,42.5,3.3
2026-04-24T19:56:49,480,2.7,27.7,1.6,3.6,50.5,3.1
2026-04-24T21:56:12,480,-0.2,32.7,1.6,1.5,58.6,3.1
2026-04-24T23:56:10,495,3.3,34.8,2.1,2.6,62.1,3.6
2026-04-25T01:56:02,480,4.4,37.4,2.4,3.6,67.3,4.2
2026-04-25T03:55:37,495,5.4,46.6,3.3,3.9,80,5.1
2026-04-25T05:55:55,480,7.1,57.8,4.5,4.6,89.9,5.9
2026-04-25T07:56:40,1890,12.6,62.3,6.9,7.6,80.2,6.5
2026-04-25T09:57:00,1800,19.6,34.9,5.9,9.6,61.6,5.6
2026-04-25T11:56:59,510,12.7,41.9,4.7,7.2,75.6,5.9
2026-04-25T13:56:37,510,13.2,41.9,4.8,6.7,78.7,6
2026-04-25T15:55:48,945,10.5,42.4,4.1,6.6,61.2,4.6
2026-04-25T17:56:27,495,5.7,45.1,3.2,2.2,77.9,4.4
2026-04-25T19:57:07,480,4.1,50.6,3.2,0,96.2,4.7
2026-04-25T21:56:49,480,3.6,55.2,3.4,-0.6,96.8,4.5
2026-04-25T23:56:14,495,3.1,58.9,3.5,-1,96.6,4.4
2026-04-26T01:56:28,495,2,59.9,3.3,-1.1,85,3.8
2026-04-26T03:55:40,885,1.4,64.1,3.4,-1,77.5,3.5
2026-04-26T05:54:59,2355,4.3,63.3,4.1,0.8,62.1,3.2
2026-04-26T07:55:30,3300,15.3,40.1,5.2,4.7,41.2,2.7
2026-04-26T09:54:53,3360,17.7,25.7,3.9,4.3,36.7,2.4
2026-04-26T11:54:18,2970,13.8,25.4,3,4.7,36.1,2.4
2026-04-26T13:53:33,2610,11.9,26.1,2.8,5.2,34.3,2.4
2026-04-26T15:53:46,1845,10.1,27.2,2.6,5.7,34.5,2.5
2026-04-26T17:53:50,480,7.3,27.1,2.1,4,41.8,2.7
2026-04-26T19:54:35,495,1.9,28.1,1.6,1.6,50.5,2.7
2026-04-26T21:55:22,480,-0.4,31.3,1.5,0,60.1,2.9
2026-04-26T23:55:14,480,0.2,36.2,1.8,-0.1,62.6,3
2026-04-27T01:54:27,480,1.2,35.4,1.9,-0.4,66.9,3.2
2026-04-27T03:55:09,480,0.9,40,2.1,0.5,66.1,3.3
2026-04-27T05:55:50,3285,14.1,38.5,4.7,4.8,50.2,3.4
2026-04-27T07:56:18,3345,23.4,24.3,5.1,9.7,33.1,3.1
2026-04-27T09:56:56,3330,23.1,19.6,4.1,8.1,32,2.7
2026-04-27T11:57:23,2190,16.8,22.7,3.2,7.3,36.6,2.9
2026-04-27T13:56:40,1170,12,24.9,2.7,7.2,36.4,2.9
2026-04-27T15:56:56,480,9,27.6,2.4,5.4,45.7,3.2
2026-04-27T17:57:06,480,5.5,27.8,2,3.2,62.6,3.8
2026-04-27T19:56:27,480,1.8,28.2,1.5,1.3,70.7,3.7
2026-04-27T21:57:03,495,0.3,32.4,1.6,0.9,63.2,3.3
2026-04-27T23:57:04,480,-0.4,35.3,1.7,-0.1,66.7,3.2
2026-04-28T01:57:28,465,-0.8,37.2,1.7,-0.8,67.2,3.1
2026-04-28T03:57:12,495,1.2,45.3,2.4,0.9,66.5,3.4
2026-04-28T05:57:26,3315,15.6,40.2,5.3,5.3,52.5,3.6
2026-04-28T07:56:44,3210,20.1,23.6,4.1,6.1,42.8,3.1
2026-04-28T09:56:53,2910,18.4,22,3.5,4.8,41.7,2.8
2026-04-28T11:57:09,1545,14.6,24.1,3,5,44.9,3.1
2026-04-28T13:56:44,1425,12.3,25.6,2.8,5.2,41.5,2.9
2026-04-28T15:57:29,1065,10.4,28,2.7,5,43.4,2.9
2026-04-28T17:57:46,480,7.7,28.6,2.3,3.8,45.9,2.9
2026-04-28T19:56:58,495,2.3,27.8,1.6,1.3,52.7,2.8
2026-04-28T21:56:33,480,0.8,34.4,1.8,0.5,58.9,3
2026-04-28T23:57:26,480,3.1,35.1,2.1,1.3,58.1,3.1
2026-04-29T01:56:46,495,3,34.8,2.1,0.9,60,3.1
2026-04-29T03:56:58,495,3.4,37.6,2.3,1.1,60,3.1
2026-04-29T05:56:33,3045,10.6,40.4,3.9,4.2,47.1,3
2026-04-29T07:55:59,3330,23.8,24.9,5.4,9,34.9,3.1
2026-04-29T09:55:31,3435,30.9,17.3,5.5,8.9,33.5,2.9
2026-04-29T11:55:30,2970,19.2,21.1,3.5,6.9,36.3,2.8
2026-04-29T13:55:49,1530,11.5,26.5,2.7,8,33.4,2.8
2026-04-29T15:56:23,930,9.4,27.4,2.5,8.9,31.8,2.8
2026-04-29T17:56:33,495,6.9,26.7,2.1,6.7,36.9,2.8
2026-04-29T19:57:21,480,2.3,26.2,1.5,3.4,44.4,2.7
2026-04-29T21:57:45,495,-1.3,27.7,1.2,0.7,51.3,2.6
2026-04-29T23:58:07,495,-2.1,31.3,1.3,-0.4,57.2,2.7
2026-04-30T01:58:44,495,1.1,33.5,1.8,0.6,60.7,3.1
2026-04-30T03:59:10,495,4,35,2.2,2,64.4,3.6
2026-04-30T05:59:16,495,8.3,37.5,3.2,4.2,68.5,4.4
2026-04-30T07:59:28,495,16.8,32,4.6,8,73.5,6.1
2026-04-30T09:59:45,3360,34.3,31.1,11.9,13.9,57.5,6.9
2026-04-30T11:59:10,1140,25.1,27.7,6.4,14.7,55.4,7
2026-04-30T13:59:55,1125,24.1,29.1,6.4,15.5,52.9,7
2026-04-30T16:00:24,510,19.7,31.1,5.3,15.1,53.1,6.8
2026-04-30T18:00:07,510,15.8,32.7,4.4,13.2,61.3,7
2026-04-30T20:00:41,510,12.2,37.6,4.1,11.7,65.6,6.9
2026-04-30T22:01:16,495,9.2,39.8,3.6,9.2,73.1,6.5
2026-05-01T00:01:52,480,6.8,44.4,3.4,7.4,78.9,6.3
2026-05-01T02:02:39,480,4.7,47.4,3.2,5.5,82.5,5.8
2026-05-01T04:02:39,480,6.3,63.2,4.7,7.7,80.2,6.5
2026-05-01T06:03:02,3360,27.3,50.4,13.2,17.6,53.7,8.1
2026-05-01T08:02:53,3225,36.5,23.8,10.2,23.3,37.5,7.8
2026-05-01T10:02:20,3435,42.2,18,10.3,21.1,34.1,6.3
2026-05-01T12:01:57,2250,29.3,23,6.7,19.1,36.4,6
2026-05-01T14:02:41,1320,20.4,29.8,5.3,19.6,32.9,5.6
2026-05-01T16:02:49,495,18.4,30.7,4.8,19.6,36.8,6.2
2026-05-01T18:03:08,495,15.5,29.7,3.9,16.1,44.2,6.1
2026-05-01T20:03:22,480,10.6,32.2,3.1,11.9,51.4,5.4
2026-05-01T22:03:25,465,6.9,35.3,2.7,7.8,66.6,5.4
2026-05-02T00:04:14,465,2.8,37.7,2.2,4.7,74,4.9
2026-05-02T02:03:54,465,1.2,42.7,2.2,2.7,82.2,4.8
2026-05-02T04:04:01,480,4.2,56.1,3.6,5.8,80.6,5.8
2026-05-02T06:03:51,3360,25.6,49.7,11.8,15.4,56.5,7.4
2026-05-02T08:04:04,3435,37.6,21.9,9.9,23.2,34.1,7.1
2026-05-02T10:03:49,3315,42.3,16.3,9.4,21.9,36.6,7.1
2026-05-02T12:04:17,1605,28.7,22.1,6.2,19.2,37.8,6.2
2026-05-02T14:04:28,615,20,28.6,4.9,18,38.9,6
2026-05-02T16:03:59,1050,17.1,31.3,4.6,17.5,33.7,5
2026-05-02T18:03:26,495,15,34.2,4.4,14.8,47.2,6
2026-05-02T20:03:07,495,10.1,39.2,3.7,10.9,62.1,6.2
2026-05-02T22:03:30,495,7.3,53.3,4.2,7.3,76.9,6.1
2026-05-03T00:03:05,480,5.9,58.2,4.2,6,83.9,6.1
2026-05-03T02:03:03,495,4.6,61.4,4.1,4.8,89.2,6
2026-05-03T04:03:06,960,7,73.5,5.7,6.6,84.3,6.4
2026-05-03T06:02:59,2325,18.9,49.7,8,11.3,69.4,7.1
2026-05-03T08:02:27,1545,18.8,49,7.9,13.2,70.1,8
2026-05-03T10:03:03,3375,32.7,34.3,12,16.6,56,7.9
2026-05-03T12:02:11,1890,24.9,34.6,7.9,16.3,54.2,7.5
2026-05-03T14:02:31,2070,23,37.8,7.8,16.8,49.9,7.1
2026-05-03T16:02:11,1200,21.6,33.7,6.4,15.8,51.3,6.9
2026-05-03T18:02:34,510,16.4,37.3,5.2,13.9,57.9,6.9
2026-05-03T20:03:09,510,13.3,40.2,4.6,11.9,65.5,6.9
2026-05-03T22:02:24,510,12,44.3,4.7,11,67.6,6.8
2026-05-04T00:02:25,705,11.4,45.3,4.6,9.7,59.7,5.5
2026-05-04T02:02:58,1005,10.1,45.1,4.3,8.2,56.8,4.8
2026-05-04T04:03:14,1200,9.4,51,4.6,8.8,56.5,4.9
2026-05-04T06:03:38,3300,20.9,39.7,7.2,13.4,46.4,5.4
2026-05-04T08:03:04,1905,23.7,27.3,5.8,15.1,42.6,5.5
2026-05-04T10:03:08,495,16,34.8,4.7,11.6,62.1,6.5
2026-05-04T14:04:20,510,18.1,42.9,6.6,11.2,81.8,8.3
2026-05-04T16:04:11,510,16.1,45.4,6.2,11.1,76.9,7.7
2026-05-04T18:04:20,495,12.9,52.4,5.9,9.6,87.1,8
2026-05-04T20:03:59,495,9.2,60.8,5.4,7.7,88.8,7.2
2026-05-04T22:03:27,735,8.5,72.6,6.2,7,94.1,7.3
2026-05-05T00:03:15,1035,8.2,74,6.2,5.4,99,6.9
2026-05-05T02:02:19,1230,8,77.6,6.4,5.2,99.4,6.8
2026-05-05T04:02:50,1740,8.2,81.6,6.8,4.5,100,6.6
2026-05-05T06:03:13,3360,21.4,51.2,9.6,11.1,69.5,7
2026-05-05T08:03:11,3435,31.1,28.9,9.3,16.4,45.8,6.4
2026-05-05T10:02:30,3375,33.5,22.4,8.2,14.4,43.2,5.3
2026-05-05T12:02:53,2715,22.8,25.5,5.2,11.2,43.7,4.4
2026-05-05T14:02:33,1560,16.7,28.3,4,10.9,40.5,4
2026-05-05T16:02:18,1200,12.2,30.3,3.3,9.5,38.8,3.5
2026-05-05T18:02:51,495,8.4,32,2.7,6.8,45.6,3.5
2026-05-05T20:03:32,495,2.7,31.6,1.8,3.5,55.5,3.4
2026-05-05T22:02:44,480,-1.3,34.6,1.5,0.5,66,3.3
2026-05-06T02:03:39,480,-5.3,40.8,1.4,-2.4,78.5,3.2
2026-05-06T04:04:26,495,0,55,2.7,2.2,75.6,4.3
2026-05-06T06:04:53,3345,23.7,41.1,8.8,11.5,48.9,5
2026-05-06T08:04:39,3435,31.5,18.7,6.2,14.6,32.3,4
2026-05-06T10:05:14,3390,32.6,18.5,6.5,13.1,29.3,3.3
2026-05-06T12:04:51,2865,23.7,17.2,3.7,11.1,30.6,3.1
2026-05-06T14:04:38,1035,18.2,20.8,3.2,10.2,37.7,3.6
2026-05-06T16:04:01,495,14,21.9,2.6,9.3,41.6,3.7
2026-05-06T18:03:42,495,9.2,24.2,2.2,8.1,45.5,3.8
2026-05-06T20:02:58,495,3,23.8,1.4,3.8,59.3,3.7
2026-05-06T22:03:04,480,0,28.9,1.4,2,59.9,3.3
2026-05-07T00:02:22,480,-0.8,29.1,1.3,0.2,59.9,2.9
2026-05-07T02:02:54,480,-2.4,32.3,1.3,-0.8,60.8,2.8
2026-05-07T04:03:24,480,1.6,38.7,2.1,2.3,56.6,3.2
2026-05-07T06:02:50,3300,21,40.3,7.4,11.4,39.1,4
2026-05-07T08:03:34,3405,35.4,16.8,6.8,18.8,25.7,4.1
2026-05-07T10:03:54,3450,41,12.6,6.8,16.4,23.7,3.3
2026-05-07T12:04:25,1920,24.7,14.4,3.3,12.2,28.3,3.1
2026-05-07T14:04:12,495,14.5,17.4,2.2,11.8,26.9,2.8
2026-05-07T16:04:29,510,11.2,20.2,2,10.1,30.6,2.9
2026-05-07T18:05:07,495,9.1,21.1,1.9,9.1,33.7,3
2026-05-07T20:05:51,480,2.7,19.1,1.1,4.7,43.2,2.9
2026-05-07T22:06:27,480,2.4,21.9,1.3,4.6,47.7,3.2
2026-05-08T00:06:56,480,2,22.6,1.3,3.4,56.1,3.4
2026-05-08T02:07:04,465,0.2,23.3,1.1,1.6,62.6,3.4
2026-05-08T04:07:44,495,5.5,30.2,2.1,5.5,57.5,4
2026-05-08T06:08:22,3345,24.5,26.8,6,12.3,39.7,4.3
2026-05-08T08:07:35,3405,31.5,17.2,5.7,15.2,29.4,3.8
2026-05-08T10:07:11,3390,34.8,14.5,5.7,13.5,27.1,3.2
2026-05-08T12:06:51,3045,23.2,17.8,3.7,12.6,26.5,2.9
2026-05-08T14:07:31,1275,15.5,21.8,2.9,13.2,26.5,3
2026-05-08T16:07:18,495,12.7,21.1,2.3,12.7,29.5,3.3
2026-05-08T18:07:39,495,10.3,21.1,2,10.7,34.5,3.4
2026-05-08T20:08:07,480,3.8,20.3,1.3,5.8,46.6,3.3
2026-05-08T22:08:37,480,0.1,23.3,1.1,2.4,57.5,3.3
2026-05-09T00:08:25,480,-1.5,25.1,1.1,0.3,66.1,3.3
2026-05-09T02:08:20,480,-2.3,28.4,1.2,-1.1,72.8,3.3
2026-05-09T04:07:55,495,3.1,36.1,2.2,3.3,67.7,4.1
2026-05-09T06:07:38,3330,22.7,37.7,7.6,12.6,44.3,4.9
2026-05-09T08:07:03,2970,24.8,20.6,4.7,13.6,31.2,3.7
2026-05-09T10:06:57,3390,31.4,15.8,5.2,13.7,26.8,3.2
2026-05-09T12:06:45,1740,22.4,16.2,3.2,12,29.3,3.1
2026-05-09T14:06:10,1005,18,17.4,2.7,11.8,28.3,3
2026-05-09T16:06:21,495,14,20.8,2.5,11.4,31.4,3.2
2026-05-09T18:05:35,495,11.5,22.8,2.4,10.3,34,3.3
2026-05-09T20:05:11,495,7.8,22.4,1.8,8.3,35.5,3
2026-05-09T22:04:38,480,3,22.1,1.3,4.5,43.9,2.9
2026-05-10T00:04:15,480,0,25,1.2,1.9,53.7,3
2026-05-10T02:03:43,480,-0.9,27.7,1.3,0.5,60.3,3
2026-05-10T04:04:24,480,4.2,37.4,2.4,5,61.2,4.2
2026-05-10T06:04:51,3360,26.7,34.1,8.6,13.6,47.1,5.5
2026-05-10T08:04:58,3210,32.9,18.4,6.5,16.5,36,5.1
2026-05-10T10:04:46,3375,35.6,15.6,6.4,14.8,36.9,4.7
2026-05-10T12:04:31,1425,23.6,19.9,4.2,12.7,39.3,4.4
2026-05-10T14:05:02,720,21,22.2,4.1,12.2,44.8,4.8
2026-05-10T16:05:45,510,17,26,3.8,11.3,50,5.1
2026-05-10T18:05:03,495,13.5,32,3.7,10.3,56.3,5.4
2026-05-10T20:04:49,495,11.1,34.8,3.5,9.2,63.2,5.6
2026-05-10T22:05:13,495,10.1,41.3,3.9,8.8,70.9,6.2
2026-05-11T00:05:25,495,9,42.6,3.8,8,71.2,5.9
2026-05-11T02:05:11,495,7.8,45.7,3.7,7,75.6,5.9
2026-05-11T04:05:35,1305,9.3,66.6,6,8.8,72.3,6.3
2026-05-11T06:06:09,1920,20.5,37.8,6.7,11.5,60.9,6.3
2026-05-11T08:06:35,3345,23.1,39,8.1,13.4,49.3,5.7
2026-05-11T10:07:23,2250,27.9,23.1,6.3,14.3,45.5,5.6
2026-05-11T12:07:02,1125,23,28,5.8,13.9,52.4,6.3
2026-05-11T14:07:29,915,21.2,28.4,5.3,13.1,53,6
2026-05-11T16:06:34,750,15.8,39.6,5.3,11.4,61.5,6.3
2026-05-11T18:06:55,510,14,42.4,5.1,11.1,64.2,6.5
2026-05-11T20:06:43,495,11.6,47.1,4.9,10.1,69.9,6.6
2026-05-11T22:07:17,510,9.7,51.1,4.7,9.5,75.8,6.9
2026-05-12T00:07:46,945,9.4,67.8,6.1,10.1,72.8,6.9
2026-05-12T02:07:01,870,9.3,64.6,5.8,8.7,76.6,6.6
2026-05-12T04:06:45,1860,11.2,70.2,7.1,9.2,76.2,6.8
2026-05-12T06:07:05,2115,15.5,57.5,7.6,10.4,71.9,6.9
2026-05-12T08:07:39,1305,16.1,48.6,6.7,10.8,71,7
2026-05-12T10:07:05,495,14.5,50.5,6.3,10.1,81.6,7.7
2026-05-12T12:06:17,1410,14.8,65,8.2,11.9,80.3,8.5
2026-05-12T14:07:05,1665,16.9,55.6,8,12.8,70.8,7.9
2026-05-12T16:07:00,1455,18.6,50.1,8,14.1,67.2,8.2
2026-05-12T18:06:44,1110,16,53.5,7.3,13.3,68.6,7.9
2026-05-12T20:06:53,870,13.2,60.2,6.9,12.1,73.9,7.9
2026-05-12T22:06:20,720,11.1,64.7,6.5,10.9,78,7.8
2026-05-13T00:06:54,1230,11,73.8,7.4,11.2,77.7,7.9
2026-05-13T02:06:34,1230,11.6,71.5,7.4,10.3,82.7,7.9
2026-05-13T04:05:51,1590,12.1,72.5,7.8,9.4,86,7.8
2026-05-13T06:06:41,2235,17.5,64,9.5,12,80,8.5
2026-05-13T08:05:48,1935,20.5,57.1,10.2,13.3,82.3,9.5
2026-05-13T10:05:13,2820,25.9,48.6,11.8,15.7,73.9,9.9
2026-05-13T12:05:12,1575,26.8,38.2,9.7,16.9,68.2,9.8
2026-05-13T14:05:51,630,21.6,41.8,7.9,15.2,73.7,9.6
2026-05-13T16:06:24,510,16,58.3,7.9,13.3,84.7,9.8
2026-05-13T18:07:10,495,14.2,61.6,7.5,12,92.1,9.8
2026-05-13T20:06:20,885,13.3,79.6,9.2,11.9,99.1,10.5
2026-05-13T22:06:35,1530,11.9,82.1,8.7,8.9,100,8.8
2026-05-14T00:07:03,1620,9.5,81.2,7.4,6.2,100,7.4
2026-05-14T02:07:08,1680,8.8,83.9,7.3,5.8,100,7.2
2026-05-14T04:07:46,1725,8.9,84.8,7.4,6,100,7.3
2026-05-14T06:08:35,1875,11.2,76.4,7.7,7,94.1,7.3
2026-05-14T08:08:50,2340,13.8,68.2,8.1,7.8,86.9,7.1
2026-05-14T10:08:04,2790,23.5,37.9,8,10.8,68.3,6.7
2026-05-14T12:08:06,1770,20.8,38.3,6.9,11.3,65.7,6.7
2026-05-14T14:08:23,900,15.4,44.3,5.8,11.8,63.1,6.6
2026-05-14T16:08:11,840,12.3,52.9,5.7,10.7,67.7,6.6
2026-05-14T18:08:58,780,10.4,59.2,5.7,9.6,73,6.7
2026-05-14T20:08:33,495,7.5,64.6,5.2,8,79.2,6.5
2026-05-14T22:08:17,495,5.8,69,4.9,6.8,82.5,6.3
2026-05-15T00:07:43,480,4.7,73,4.9,6,87.3,6.3
2026-05-15T02:08:05,480,4.9,77,5.2,6.2,89.4,6.6
2026-05-15T04:08:14,1740,8.1,90.3,7.5,8.4,85.8,7.3
2026-05-15T06:08:01,3150,23.8,46.3,10,14,63.7,7.7
2026-05-15T08:08:24,3135,29.5,30.7,9.1,15.4,55,7.2
2026-05-15T10:08:48,2940,30.8,24,7.6,15.3,47.4,6.2
2026-05-15T12:09:24,1710,24.5,26.9,6,14.5,47.1,5.9
2026-05-15T14:08:54,1635,24.4,28,6.2,16.1,45.1,6.2
2026-05-15T16:09:38,885,22.5,28.3,5.7,16.3,46.8,6.5
2026-05-15T18:10:05,510,16.9,30.5,4.4,13.8,53.9,6.4
2026-05-15T20:10:46,495,11,33.2,3.3,10.3,66.9,6.4
2026-05-15T22:10:03,495,8.3,40.5,3.4,8.9,72.6,6.4
2026-05-16T00:10:44,495,8.6,45.6,3.9,8.8,74.5,6.5
2026-05-16T02:11:24,480,8.9,48.2,4.2,8.3,78,6.6
2026-05-16T04:10:39,495,9.9,53,4.9,8.6,79.7,6.8
2026-05-16T06:10:08,1245,13.7,59,7,10.6,76.4,7.5
2026-05-16T08:09:47,1635,19.4,53.3,8.9,14.1,72.8,8.8
2026-05-16T10:09:14,2175,23.9,41.7,9,15.7,60.4,8.1
2026-05-16T12:08:49,2490,29,29.3,8.4,17.3,48.6,7.2
2026-05-16T14:08:59,1260,20.5,33.8,6,17.4,43.4,6.4
2026-05-16T16:09:00,945,17.7,33.6,5.1,16.9,39.7,5.7
2026-05-16T18:09:05,495,16.2,36.6,5,12.7,55.6,6.2
2026-05-16T20:08:39,495,11,37,3.7,10.5,63.3,6.1
2026-05-16T22:09:13,495,9.4,44.3,4,9.6,73.7,6.7
2026-05-17T00:09:14,495,7.5,48.5,3.9,7.7,83.4,6.8
2026-05-17T02:09:47,480,5.9,57.3,4.1,6.3,89.5,6.6
2026-05-17T04:09:32,945,9.2,77.3,6.9,8.9,88.8,7.8
2026-05-17T06:09:37,2850,18.4,59.6,9.4,11.3,76.6,7.8
2026-05-17T08:08:54,3015,34,26,9.8,16.8,53.5,7.6
2026-05-17T10:09:15,3225,35,21.3,8.4,15.8,48.6,6.5
2026-05-17T12:08:59,1995,26.7,24.9,6.3,15,45.7,5.9
2026-05-17T14:08:43,1245,17.9,33.8,5.2,14.4,44.8,5.5
2026-05-17T16:08:07,510,14.8,35.5,4.5,13.7,50.4,6
2026-05-17T18:07:30,495,11.8,39.4,4.1,12.1,54.7,5.9
2026-05-17T20:06:46,495,6.7,38.5,2.9,8.3,65.2,5.5
2026-05-17T22:06:39,480,2.5,43.2,2.5,5,78.1,5.3
2026-05-18T00:07:05,480,0.8,48.1,2.5,3.3,83.5,5.1
2026-05-18T02:07:25,480,-0.3,51.5,2.4,1.7,89.1,4.9
2026-05-18T04:07:44,495,7.9,67.1,5.5,8.6,81.7,7
2026-05-18T06:08:17,3375,27.6,45.8,12.2,15.8,58.8,7.9
2026-05-18T08:08:31,3435,37.4,22.2,10,20.7,39.2,7.1
2026-05-18T10:08:30,3435,43.8,16.2,10,21.6,33,6.3
2026-05-18T12:07:45,2910,33.5,18.5,6.8,19.5,32.9,5.5
2026-05-18T14:07:57,1530,27.9,20.6,5.6,19.8,33.1,5.7
2026-05-18T16:08:22,510,24,20.8,4.5,18.6,37,5.9
2026-05-18T18:07:33,495,19.7,21.3,3.6,17,42.7,6.2
2026-05-18T20:08:22,495,16.1,24.2,3.3,15.3,48.9,6.4
2026-05-18T22:08:04,480,13.4,26.8,3.1,13.5,62.3,7.3
2026-05-19T00:08:40,480,11.9,30.6,3.2,11.2,80.4,8.1
2026-05-19T02:08:14,480,11.5,34.6,3.6,10.8,81.1,8
2026-05-19T04:07:47,480,12.1,38.7,4.1,11.3,90.4,9.2
2026-05-19T06:07:38,480,14.3,45.8,5.6,13.2,87.5,10
2026-05-19T08:07:52,495,17.9,50.4,7.7,15.7,88.2,11.8
2026-05-19T10:07:43,2340,22.9,65.3,13.3,17.1,80.2,11.7
2026-05-19T12:07:03,1905,29,46,13.2,20.4,70.9,12.5
2026-05-19T14:06:41,1035,24.9,45.8,10.5,21.7,61.4,11.7
2026-05-19T16:06:24,795,24.3,44.1,9.8,21.3,61.6,11.5
2026-05-19T18:06:34,555,20.6,48.6,8.7,19.7,67.2,11.4
2026-05-19T20:06:11,540,16.5,51.7,7.3,16.8,75.5,10.8
2026-05-19T22:06:47,480,13.1,64.3,7.3,14.4,87.5,10.8
2026-05-20T00:06:03,720,12.4,79.9,8.7,12.3,95.1,10.3
2026-05-20T02:06:48,1065,12.2,82.3,8.9,11.1,96.1,9.7
2026-05-20T04:06:01,1920,13.9,82.7,9.9,10.5,96.2,9.3
2026-05-20T06:05:19,1560,15.9,70.6,9.6,10.6,98.3,9.6
2026-05-20T08:05:20,2475,23.6,57.4,12.2,14.1,85.5,10.4
2026-05-20T10:04:54,1980,28.9,41.5,11.9,17.3,75.2,11.1
2026-05-20T12:05:46,1380,26.1,41,10,16.3,75.5,10.5
2026-05-20T14:06:03,1365,24.5,43,9.6,15.9,74.4,10.1
2026-05-20T16:06:34,750,21.5,44.4,8.4,15.8,73.3,9.9
2026-05-20T18:07:02,495,16,58.5,8,15.3,75,9.8
2026-05-20T20:07:45,480,11.7,59.5,6.2,11.8,83.7,8.8
2026-05-20T22:07:12,480,8.4,68.1,5.8,9.4,90.6,8.2
2026-05-21T00:06:32,480,8.6,78.7,6.8,9.3,92.3,8.3
2026-05-21T02:07:16,705,9.7,77.6,7.2,9.4,94.1,8.5
2026-05-21T04:07:10,1575,12.8,82.9,9.3,11.5,90.1,9.3
2026-05-21T06:07:52,2340,18.8,72,11.6,14,83.7,10.1
2026-05-21T08:08:33,2385,29,43.3,12.4,18.5,68.3,10.8
2026-05-21T10:08:05,930,22.6,47.5,9.5,16.7,76.5,10.9
2026-05-21T12:07:50,1560,25.9,42.7,10.3,17.2,71.2,10.4
2026-05-21T14:08:07,825,18.8,60.2,9.7,14.9,88.4,11.3
2026-05-21T16:07:52,945,15.8,67.1,9,15.5,77.2,10.2
2026-05-21T18:07:18,1665,15,72.3,9.3,14.5,73.3,9.1
2026-05-21T20:06:42,765,11.7,69.4,7.3,11,84.6,8.5
2026-05-21T22:05:54,495,8.5,76.5,6.5,8.8,92.5,8
2026-05-22T00:05:14,735,8.3,81.1,6.8,8.4,94.5,8
2026-05-22T02:05:01,540,7.6,79.5,6.4,7.9,94.2,7.7
2026-05-22T04:04:38,1455,9.8,87.6,8.1,9.2,92.4,8.2
2026-05-22T06:04:40,3345,28.7,53.1,15,17.9,64.3,9.8
2026-05-22T08:05:00,1335,22.6,44.2,8.9,15.7,70.1,9.4
2026-05-22T10:04:24,1980,24.5,48.9,10.9,17.4,68.8,10.2
2026-05-22T12:04:12,495,21.4,44,8.2,15.2,79.8,10.4
2026-05-22T14:03:55,495,17.5,54.5,8.1,13.9,91.5,11
2026-05-22T16:04:08,540,16.9,63.7,9.2,14.2,94.8,11.6
2026-05-22T18:04:06,780,15.7,70.4,9.4,14.4,89.4,11
2026-05-22T20:04:25,720,13.6,74.7,8.8,12.2,96.6,10.4
2026-05-22T22:04:47,495,10.2,79.4,7.6,10.3,97.6,9.3
2026-05-23T00:04:55,495,8,84.4,7,8.9,98.6,8.6
2026-05-23T02:04:33,540,7.3,87.3,6.9,8.3,99.5,8.4
2026-05-23T04:05:04,2340,14,97.8,11.8,12.7,92.3,10.3
2026-05-23T06:04:52,2970,30.9,44.8,14.3,21.1,62.9,11.6
2026-05-23T08:04:58,3375,43.3,27.4,16.5,27.9,45.4,12.3
2026-05-23T10:04:47,3480,47.2,20,14.6,26.1,36.5,8.9
2026-05-23T12:04:32,2430,35.7,23.7,9.7,24.7,37.4,8.5
2026-05-23T14:04:29,1695,28.3,30.4,8.4,24,37.8,8.2
2026-05-23T16:05:27,570,23.8,31.8,6.8,22.5,42.4,8.5
2026-05-23T18:04:55,555,19.3,37.2,6.2,18.2,58.5,9.1
2026-05-23T20:05:44,480,15.6,50.4,6.7,14.3,75.3,9.2
2026-05-23T22:05:18,480,13.3,62.8,7.3,11.5,89.7,9.3
2026-05-24T00:05:26,495,12.4,69.3,7.6,11.6,92.4,9.6
2026-05-24T02:05:35,600,11.2,79.8,8.1,10.9,97.9,9.7
2026-05-24T04:04:50,1365,13.7,85.8,10.2,13.1,92.9,10.6
2026-05-24T06:04:55,3390,30.7,42.5,13.4,18.7,60.4,9.7
2026-05-24T08:04:08,2835,33,28.8,10.3,19.2,52.2,8.6
2026-05-24T10:04:56,2865,33.5,28.3,10.4,19.5,51.1,8.6
2026-05-24T12:05:30,2250,30.3,29.7,9.2,19,50.2,8.2
2026-05-24T14:05:49,1590,22.3,37.4,7.4,18.3,47.6,7.4
2026-05-24T16:05:49,975,18.6,41.4,6.6,17.1,50.7,7.4
2026-05-24T18:06:17,915,17.6,42.3,6.3,16.3,51.9,7.2
2026-05-24T20:05:45,510,13.2,44.6,5.1,13.8,60,7.1
2026-05-24T22:05:28,495,11,49.1,4.9,12.5,65.6,7.2
2026-05-25T00:06:19,495,10.2,54.2,5.2,11.4,69.8,7.2
2026-05-25T02:06:23,495,11.4,56.1,5.8,11.8,72.5,7.6
2026-05-25T04:07:12,495,11.6,56.9,5.9,11.4,72.7,7.5
2026-05-25T06:07:25,3360,19.8,60.7,10.4,14.5,54.4,6.8
2026-05-25T08:07:50,3420,34.3,25.7,9.8,19.8,37.4,6.4
2026-05-25T10:07:49,3435,38.1,18.8,8.7,18.7,33.5,5.4
2026-05-25T12:07:52,2190,25.9,22.7,5.5,16.3,35.6,4.9
2026-05-25T14:08:19,1200,18.8,28.4,4.6,15.5,37.2,4.9
2026-05-25T16:08:00,840,16.6,29,4.1,14.3,38.8,4.8
2026-05-25T18:08:06,495,14.2,31,3.8,12.9,44.4,5
2026-05-25T20:08:19,480,9.5,30.9,2.8,10.1,53.3,5
2026-05-25T22:07:35,480,7.2,34.7,2.7,8.7,60.4,5.2
2026-05-26T00:07:53,495,5.8,38.7,2.8,7.6,67.9,5.5
2026-05-26T02:08:18,480,5.2,42.3,2.9,6.8,73.3,5.6
2026-05-26T04:08:05,1500,14.1,51.5,6.2,12,59.7,6.4
2026-05-26T06:08:31,3375,32.4,26,9,18.2,42,6.5
2026-05-26T08:07:44,3405,37.6,20.2,9.2,20.6,32.9,5.9
2026-05-26T10:07:13,3420,40.3,16.6,8.6,19.5,33.2,5.6
2026-05-26T12:06:43,1860,29.6,20.3,6,18,37.6,5.8
2026-05-26T14:07:22,1215,22.2,26.9,5.3,17.1,39.2,5.7
2026-05-26T16:07:48,555,18.6,27,4.3,15.2,43.8,5.7
2026-05-26T18:07:57,540,16.4,30,4.2,13.5,47.3,5.5
2026-05-26T20:07:23,495,10.9,29.7,3,10.7,56.3,5.5
2026-05-26T22:07:01,480,8.8,33.8,2.9,9.1,64.9,5.8
2026-05-27T00:07:56,465,6.2,35.2,2.6,7,72.4,5.6
2026-05-27T02:08:14,465,6.6,42.9,3.2,6.6,83.5,6.3
2026-05-27T04:09:05,465,9.8,47.3,4.4,8.1,85.1,7.1
2026-05-27T06:09:51,480,15.7,43.4,5.8,9.8,78.8,7.3
2026-05-27T08:08:49,3375,33.4,31.5,11.5,16.2,48.9,6.7
2026-05-27T10:09:30,1710,28.5,23.5,6.6,13.1,56.4,6.4
2026-05-27T12:08:49,465,17.1,39.6,5.8,10.6,83.8,8.2
2026-05-27T14:08:46,540,14.9,38.1,4.9,10.2,75.3,7.2
2026-05-27T16:08:41,705,13.4,49.9,5.8,12,64.5,6.9
2026-05-27T18:08:12,1560,13.8,49.8,5.9,11.4,57.9,5.9
2026-05-27T20:07:48,1185,10.2,45.9,4.4,9.3,52.4,4.7
2026-05-27T22:08:00,450,7.9,50.3,4.1,7.8,64.3,5.2
2026-05-28T00:07:29,465,7.3,55.3,4.4,7.7,74.2,6
2026-05-28T02:08:10,465,8.1,57.3,4.8,7.6,79,6.4
2026-05-28T04:07:24,855,9,62.1,5.5,8.4,74.5,6.3
2026-05-28T06:07:08,3360,27.3,35.9,9.4,14.3,45.6,5.6
2026-05-28T08:06:49,3210,23.7,32.5,7,14,44.6,5.4
2026-05-28T10:06:19,3420,32.7,21.1,7.4,15.4,35.4,4.6
2026-05-28T12:06:34,1890,23.4,23.5,4.9,14.3,38.2,4.7
2026-05-28T14:06:58,1335,20.5,24,4.3,13.5,38.2,4.5
2026-05-28T16:07:31,1245,17.5,28.3,4.2,13.3,38.6,4.5
2026-05-28T18:07:00,900,15.5,29.1,3.8,12.5,39.6,4.4
2026-05-28T20:07:02,480,12.7,30.4,3.4,11.1,46,4.6
2026-05-28T22:07:50,480,9,32.3,2.8,9.1,61.7,5.5
2026-05-29T00:07:42,480,6.7,36.7,2.8,7.6,66.4,5.3
2026-05-29T02:08:13,480,5.6,41.7,2.9,6.3,74.1,5.5
2026-05-29T04:08:17,1410,13.4,51.7,6,11,62.1,6.2
2026-05-29T06:07:33,3390,31.4,25.9,8.5,16.9,42.2,6.1
2026-05-29T08:06:48,3045,28.8,23,6.5,16,38.3,5.2
2026-05-29T10:06:48,3405,35.5,18.9,7.7,17.1,34.2,5
2026-05-29T12:06:23,2310,27.8,22,5.9,16.5,37.1,5.2
2026-05-29T14:06:25,1905,23.4,25.4,5.3,16.6,35.7,5
2026-05-29T16:06:34,750,20.4,25.8,4.6,15.7,40.2,5.4
2026-05-29T18:06:45,480,16.1,28.9,4,12.2,58,6.3
2026-05-29T20:06:02,480,11.6,33.5,3.5,9.9,67.1,6.3
2026-05-29T22:05:09,480,9.4,36.8,3.3,8.8,69.9,6.1
2026-05-30T00:04:47,480,6.6,40,3,7.5,73.2,5.9
2026-05-30T02:05:08,465,5.7,44.2,3.1,6.8,73.3,5.6
2026-05-30T04:05:06,1845,14.8,52.3,6.6,13,55.8,6.3
2026-05-30T06:05:25,3030,33.7,25.5,9.4,21.2,40.8,7.6
2026-05-30T08:06:22,3465,41.9,18,10.1,23.4,29.3,6.2
2026-05-30T10:07:04,3525,45.4,15,10,22.7,28.2,5.7
2026-05-30T12:07:47,3195,32.7,19.2,6.7,20,30.7,5.3
2026-05-30T14:08:32,1485,22.6,25.9,5.2,20.9,29,5.3
2026-05-30T16:08:49,945,19.9,25.6,4.4,20.7,27.6,5
2026-05-30T18:08:03,555,18.4,27.4,4.3,19.8,31.2,5.3
2026-05-30T20:07:32,495,13.8,31.2,3.7,13.1,61.8,7
2026-05-30T22:07:54,480,9.3,31.7,2.8,10.3,68.2,6.5
2026-05-31T00:08:37,480,6.6,37.1,2.8,8.3,77,6.5
2026-05-31T02:08:33,480,7.8,47.7,3.9,9,83.3,7.3
2026-05-31T04:09:02,645,11.5,67.7,7,10.1,88.4,8.4
2026-05-31T06:09:04,1230,14.6,64.9,8.1,10.2,90.6,8.6
2026-05-31T08:08:23,1980,18.9,56.6,9.2,11.4,83.5,8.6
2026-05-31T10:07:38,1590,19.4,52.9,8.8,11.7,83.8,8.8
2026-05-31T12:06:48,2190,26.3,37.1,9.2,14.1,67.8,8.2
2026-05-31T14:06:43,1185,21.9,37.7,7.3,13.2,68.6,7.9
2026-05-31T18:06:38,660,14.8,46.4,5.9,11.8,67.2,7.1
2026-05-31T20:07:11,480,9.7,48.4,4.5,9.2,73.3,6.5
2026-05-31T22:07:23,465,5.3,54.9,3.8,6.2,81.1,6
2026-06-01T00:07:01,480,4.5,62.3,4.1,5.9,85.4,6.2
2026-06-01T02:07:02,465,5.5,65.7,4.6,5.9,88.5,6.4
2026-06-01T04:07:39,2925,16.3,74.4,10.3,11.7,79.2,8.3
2026-06-01T06:07:10,2370,27.1,40.2,10.4,15.8,67.9,9.1
2026-06-01T08:07:25,2250,30,30.9,9.4,15.9,61.9,8.4
2026-06-01T10:07:20,3405,39.4,19.9,9.9,16.8,51,7.3
2026-06-01T12:07:41,2130,30.5,24.2,7.5,16.5,49,6.9
2026-06-01T14:07:32,555,21,30.3,5.5,14.9,53.5,6.8
2026-06-01T16:08:11,555,15.6,38.3,5.1,14.4,56.6,7
2026-06-01T18:07:59,480,13.8,45.3,5.4,13.6,58.4,6.9
2026-06-01T20:07:58,480,9.9,43.1,4,10.1,71.9,6.8
2026-06-01T22:08:08,480,6.9,51.2,3.9,8,78.4,6.5
2026-06-02T00:07:41,480,7.5,53.4,4.3,7.6,84,6.8
2026-06-02T02:07:48,480,8.7,58.4,5,8.2,86.8,7.3
2026-06-02T04:07:06,1500,16,63.6,8.7,13.2,76.6,8.8
2026-06-02T06:06:50,1575,23.5,45,9.5,16.5,67.9,9.5
2026-06-02T08:06:29,3315,32.6,37.2,13,20.4,55,9.7
2026-06-02T10:07:08,2850,37.7,23.4,10.7,21,49,9
2026-06-02T12:07:24,1920,34.3,23.6,9,20.1,49.3,8.6
2026-06-02T14:07:43,1290,26.3,30.7,7.6,19.4,48.1,8
2026-06-02T16:08:32,750,23.5,32.7,6.9,18.7,51,8.2
2026-06-02T18:08:47,555,19.7,36.7,6.2,17.1,58,8.4
2026-06-02T20:08:06,495,15.7,41.2,5.5,15.2,64.7,8.4
2026-06-02T22:07:32,495,11,43.6,4.4,11.9,75.9,8
2026-06-03T00:06:43,495,7,48.2,3.7,9.1,80.3,7.1
2026-06-03T02:06:38,480,5.4,55.2,3.9,7.5,86.4,6.9
2026-06-03T04:06:13,1635,16.2,71.3,9.8,15.7,73.3,9.8
2026-06-03T06:06:08,3270,38.3,28.1,13.2,24.6,44.9,10.1
2026-06-03T08:05:41,3360,45.8,19,12.9,27.3,37.2,9.7
2026-06-03T10:05:03,3105,44.3,16.4,10.4,22.6,41.1,8.3
2026-06-03T12:05:39,1935,34.2,20.8,7.9,21.2,40.4,7.5
2026-06-03T14:05:56,780,23.3,30,6.3,20.7,40.8,7.3
2026-06-03T16:06:16,555,20.6,36.9,6.6,20.2,46.9,8.2
2026-06-03T18:06:04,570,18.3,43.2,6.8,18.2,52.6,8.2
2026-06-03T20:06:40,555,14.5,42.2,5.2,15,65.6,8.4
2026-06-03T22:07:29,495,10.2,47.9,4.6,12.1,74.1,7.9
2026-06-04T00:08:07,495,8.5,52.5,4.5,10.6,80.7,7.9
2026-06-04T02:07:44,480,7.9,57.2,4.7,9.7,84.8,7.8
2026-06-04T04:08:32,1440,17.4,71.4,10.6,16.3,78.1,10.8
2026-06-04T06:07:52,1815,32.7,34.6,12.1,20.1,67.1,11.7
2026-06-04T08:07:32,3360,43.6,23.4,14.3,25.7,44.7,10.7
2026-06-04T10:08:03,3075,41.9,21.2,11.9,24.1,44.3,9.7
2026-06-04T12:08:05,1470,34.3,24.1,9.2,23.3,45.5,9.5
2026-06-04T14:08:04,675,26.1,36.2,8.9,22.2,54.2,10.6
2026-06-04T16:08:03,1080,22.3,46.5,9.2,21.1,54.8,10.1
2026-06-04T18:08:05,945,19.9,50.2,8.6,19.2,59.2,9.8
2026-06-04T20:08:28,510,16.4,55.9,7.8,16.3,70.5,9.8
2026-06-04T22:08:33,495,12.2,58.9,6.4,13.7,77.3,9.1
2026-06-05T00:07:57,495,10,65.8,6.2,12.2,82.8,8.9
2026-06-05T02:07:39,495,11.3,77.8,7.9,12.7,87.3,9.7
2026-06-05T04:07:22,3360,19.2,97.1,16,18.1,71.6,11.1
2026-06-05T06:07:02,1455,26.6,39,9.8,18.2,64.8,10.1
2026-06-05T08:07:51,915,22.8,45.2,9.2,17.3,71.3,10.5
2026-06-05T10:08:19,855,20.2,59.5,10.4,17.2,82.3,12
2026-06-05T12:08:30,1905,20.3,70.1,12.3,17.8,76.8,11.7
2026-06-05T14:08:50,1110,21.4,59,11.1,17.6,80.7,12.1
2026-06-05T16:09:36,1290,19.5,69.6,11.7,17.3,83.8,12.3
2026-06-05T18:09:53,1275,19.9,68.5,11.8,17,85.8,12.4
2026-06-05T20:09:27,885,16.5,73.7,10.3,15.5,89.7,11.9
2026-06-05T22:08:58,1035,15.3,81.2,10.6,14.9,91.8,11.7
2026-06-06T00:08:48,1065,14.4,83.6,10.3,14.2,92.9,11.3
2026-06-06T04:08:47,1635,16.2,90.7,12.5,14.5,100,12.4
2026-06-06T06:07:59,1860,17.8,91,13.8,15.4,100,13.1
2026-06-06T08:07:13,2235,19,92.9,15.1,15.9,100,13.5
2026-06-06T10:06:28,1665,20.6,79.4,14.2,16.4,100,14
2026-06-06T12:05:43,1920,25.2,66.2,15.4,18,94.4,14.5
2026-06-06T14:05:18,1335,19,78.4,12.8,15.7,100,13.4
2026-06-06T16:05:53,1500,16.2,81.1,11.2,13.1,100,11.4
2026-06-06T18:06:23,1455,15.1,85.3,11,13.1,98.7,11.3
2026-06-06T20:05:34,1185,13.1,85.4,9.7,11.7,100,10.5
2026-06-06T22:05:13,1695,12.6,93.2,10.3,11.2,100,10.1
2026-06-07T00:05:02,1770,12.5,93.7,10.3,10.9,100,9.9
2026-06-07T02:04:16,1845,12.8,93.9,10.5,11.1,100,10.1
2026-06-07T04:04:23,2100,13.9,93.5,11.2,11.2,100,10.1
2026-06-07T06:05:03,2040,17.6,76.9,11.5,11.9,100,10.6
2026-06-07T08:05:08,3090,24.9,65.7,15,15.8,87.7,11.8
2026-06-07T10:05:48,3210,41.4,26.7,14.7,20,66.3,11.5
2026-06-07T12:06:22,1815,31.7,32.8,10.9,19.3,63.5,10.5
2026-06-07T14:06:21,570,21.1,48.7,9,17.7,71.7,10.8
2026-06-07T16:06:30,975,17.7,61.1,9.2,17.5,69.7,10.4
2026-06-07T18:06:09,1770,16.5,60.9,8.5,17,57.3,8.3
2026-06-07T20:05:37,495,12.9,56.5,6.4,13.2,71.7,8.2
2026-06-07T22:05:45,495,7.3,61.5,4.9,9.5,87.9,8
2026-06-08T00:05:41,495,5.4,66.8,4.7,7.8,92,7.5
2026-06-08T02:06:05,480,5.2,70.5,4.9,7,93.9,7.3
2026-06-08T04:05:32,1950,15.2,85.7,11.1,14.7,82.6,10.4
2026-06-08T06:06:13,3240,34.2,35.3,13.4,22.4,51.5,10.2
2026-06-08T08:05:35,3405,41.4,24.5,13.5,25.4,42.5,10
2026-06-08T10:05:23,3225,41.8,19.1,10.7,23.5,39.3,8.3
2026-06-08T12:06:08,2085,34.5,21.4,8.3,21.6,40.3,7.6
2026-06-08T14:05:17,990,26.5,28.5,7.1,21.2,43.5,8.1
2026-06-08T16:04:39,1125,25.4,31.6,7.4,20.3,46.3,8.1
2026-06-08T18:05:09,555,21,35.1,6.4,18.2,53.1,8.3
2026-06-08T20:04:47,555,16.6,37.3,5.3,15.7,65.2,8.7
2026-06-08T22:05:37,495,14,42.5,5.1,14,72.7,8.8
2026-06-09T00:04:53,495,13,48,5.4,13.2,78.4,9
2026-06-09T02:04:15,495,13.6,52,6.1,14.1,80.6,9.8
2026-06-09T04:04:24,555,16,56.5,7.7,15.1,80.8,10.4
2026-06-09T06:04:31,555,19.8,50.8,8.7,16.5,77.5,10.9
2026-06-09T08:04:13,555,19.2,57.9,9.5,17.5,80.6,12
2026-06-09T10:04:25,1350,20,62.9,10.9,17.3,77.3,11.4
2026-06-09T12:04:38,555,18.7,62.3,10,15.9,89.3,12.1
2026-06-09T14:04:19,555,17.3,62.6,9.2,15.3,95.4,12.5
2026-06-09T16:04:01,660,18.6,67.9,10.8,16,94.4,12.9
2026-06-09T18:03:18,675,18.1,68.9,10.6,15.8,94,12.6
2026-06-09T20:03:28,660,16.6,73.7,10.4,15.2,95.5,12.4
2026-06-09T22:02:35,810,15.4,79.3,10.4,14.5,97.5,12.1
2026-06-10T00:02:09,1080,14.7,82.6,10.4,13.4,97.9,11.4
2026-06-10T02:01:28,1485,13.9,90.2,10.8,12.5,100,11
2026-06-10T04:00:58,1500,15.1,85.3,11,12.7,100,11.1
2026-06-10T06:01:18,1665,14.7,89.8,11.3,12.8,100,11.2
2026-06-10T08:00:24,2145,21.6,70.5,13.4,15.5,91.7,12.1
2026-06-10T10:00:16,3390,34.2,36.6,13.9,19.1,57.5,9.4
2026-06-10T12:00:40,1755,29.8,33,9.9,17.4,64.9,9.6
2026-06-10T13:59:51,1005,20.5,44.9,8,16.8,62.2,8.9
2026-06-10T16:00:01,1335,16.9,49.8,7.2,16.4,53.7,7.5
2026-06-10T17:59:09,900,15.5,54,7.1,15,63.2,8.1
2026-06-10T19:59:08,480,12.7,55.5,6.2,12.8,73.7,8.3
2026-06-10T21:59:25,495,8.9,62.6,5.5,10.5,88.3,8.6
2026-06-10T23:59:10,480,9.2,70.3,6.3,10.1,94,8.9
2026-06-11T01:59:58,480,9.8,77.4,7.2,10.6,97.8,9.5
2026-06-11T04:00:07,1785,14.1,90.8,11,13.2,93,10.7
2026-06-11T05:59:58,3180,33.5,39,14.3,20.6,63,11.3
2026-06-11T08:00:15,3480,40.3,22.1,11.5,21.2,40.3,7.5
2026-06-11T10:00:55,2430,39.1,20.8,10.2,20.1,51.2,8.9
2026-06-11T12:01:03,1215,27.8,27.3,7.3,16.7,55.7,7.9
2026-06-11T14:00:36,555,22.6,32.5,6.5,15.5,62,8.2
2026-06-11T15:59:57,495,17,38,5.5,13.6,72.3,8.5
2026-06-11T18:00:37,495,13,45.2,5.1,11.6,84.3,8.8
2026-06-11T20:00:22,495,11.8,49.1,5.2,9.8,98.8,9.2
2026-06-11T22:00:04,495,11.9,51.5,5.5,10,100,9.4
2026-06-12T00:00:08,495,12.3,57.8,6.3,10.5,100,9.7
2026-06-12T01:59:55,495,13,66.3,7.5,11.6,100,10.4
2026-06-12T03:59:14,1035,14.8,77.2,9.8,12.4,100,10.9
2026-06-12T05:58:34,1335,15.3,78.8,10.3,12.2,100,10.8
2026-06-12T07:59:10,1635,19.7,66.9,11.4,13,99.6,11.3
2026-06-12T09:58:30,1485,24.9,47.3,10.8,14.6,88.5,11.1
2026-06-12T11:57:32,1785,26.5,42.5,10.6,15.6,77.4,10.3
2026-06-12T13:57:47,1740,25.7,44.3,10.6,16.6,73.2,10.3
2026-06-12T17:58:14,570,20.1,47.4,8.2,15.5,76.1,10.1
2026-06-12T19:58:15,555,15.1,49.2,6.3,13.2,82.4,9.5
2026-06-12T21:58:15,495,11.2,58.5,5.9,11.1,89.7,9
2026-06-12T23:58:48,495,9.9,65.4,6.1,10.1,94.5,8.9
2026-06-13T01:59:02,495,9.4,70.3,6.4,9.6,96.7,8.9
2026-06-13T03:59:01,1320,13.4,82,9.5,11.6,96.2,10
2026-06-13T05:59:50,2025,22.9,54.3,11.1,14.7,81.5,10.3
2026-06-13T07:59:36,1575,22.1,52,10.2,15.1,79.5,10.3
2026-06-13T10:00:25,840,20.7,51.6,9.3,15,83.8,10.7
2026-06-13T11:59:41,1035,17.8,62.1,9.4,13.1,91.3,10.4
2026-06-13T14:00:22,675,15.4,60.1,7.9,11.1,94.2,9.5
2026-06-13T16:00:55,495,14.3,62.5,7.7,10.8,97.1,9.6
2026-06-13T18:01:25,480,12.4,66.6,7.3,10.1,99.7,9.4
2026-06-13T20:01:25,495,11.4,72.4,7.4,9.6,100,9.2
2026-06-13T22:01:38,735,11.2,75.3,7.6,9.3,100,9
2026-06-14T00:01:13,1035,11.1,81,8.2,9.3,100,9
2026-06-14T02:01:24,1530,11.2,86.5,8.8,9.1,100,8.9
2026-06-14T04:00:53,1830,11.9,87.6,9.3,9.2,100,8.9
2026-06-14T06:01:20,1845,13.7,78.5,9.3,10,94.8,8.9
2026-06-14T08:00:31,2220,19,63.1,10.3,11.8,86.9,9.1
2026-06-14T10:01:09,3195,28.7,41.2,11.7,14.3,74.2,9.1
2026-06-14T12:01:03,2040,28.1,33.9,9.3,14.6,68.9,8.6
2026-06-14T14:00:25,495,16.5,52.8,7.4,12,93.4,9.9
2026-06-14T16:00:22,675,16.1,64.3,8.8,12.8,94.7,10.6
2026-06-14T18:00:46,750,14.5,72.3,9,12.7,94.6,10.5
2026-06-14T20:01:30,495,12.1,74,7.9,11.9,97.3,10.3
2026-06-14T22:01:50,495,9.8,80.3,7.4,10.5,100,9.7
2026-06-15T00:01:25,495,9.3,78.3,7,9.8,100,9.3
2026-06-15T02:01:26,1035,10.7,86.8,8.5,10,100,9.4
2026-06-15T04:02:07,1470,13.5,83.3,9.7,11,100,10
2026-06-15T06:02:58,1860,16,85.2,11.6,12.6,100,11.1
2026-06-15T08:02:32,1215,17.1,73,10.6,13.2,100,11.5
2026-06-15T10:02:49,1935,19.6,81.5,13.8,15,100,12.8
2026-06-15T12:02:12,2160,20.9,75.4,13.7,15.3,94.8,12.4
2026-06-15T14:01:47,1410,21.6,59.2,11.2,15.4,88.7,11.6
2026-06-15T16:01:19,1350,20.6,60.3,10.8,14.3,91.7,11.3
2026-06-15T18:02:07,945,16.1,68.2,9.3,13.7,89.6,10.6
2026-06-15T20:01:51,495,12.1,74.3,8,11.7,96.1,10
2026-06-15T22:01:27,495,7.7,77.2,6.3,8.9,99.7,8.7
2026-06-16T00:00:41,495,6.5,84.1,6.3,7.9,100,8.2
2026-06-16T02:00:34,495,6.8,84.3,6.4,7.3,100,7.9
2026-06-16T04:01:02,1890,12.3,92.6,10.1,10.6,97.4,9.5
2026-06-16T06:00:52,2760,29.7,49.3,14.7,18.1,81.3,12.6
2026-06-16T08:00:41,3450,41.3,30.6,16.7,24.2,54.7,12
2026-06-16T10:00:32,3435,42.4,23.3,13.4,23.7,46.4,9.9
2026-06-16T12:01:04,1770,35.8,24.5,10.1,20.2,56.1,9.8
2026-06-16T14:01:37,1530,28.5,35.3,9.9,21.1,54.1,10
2026-06-16T16:02:09,1125,26.6,34,8.6,21.1,50.9,9.4
2026-06-16T18:01:46,570,21.9,39.2,7.6,18.7,64.9,10.4
2026-06-16T20:02:23,555,17.3,42.7,6.3,16.4,74.3,10.4
2026-06-16T22:02:00,495,13.9,48.5,5.8,14.2,82.9,10.1
2026-06-17T00:01:30,495,13.7,53.4,6.3,13.6,91.3,10.7
2026-06-17T02:01:15,495,14,57.1,6.9,12.4,88.8,9.7
2026-06-17T04:00:37,495,14,57.7,7,11.7,91.9,9.6
2026-06-17T06:00:38,495,14.8,63.9,8.1,12.5,90.7,10
2026-06-17T08:00:14,495,14.9,61.3,7.8,12.3,98.7,10.7
2026-06-17T10:00:15,495,16.7,66.1,9.4,13.7,100,11.8
2026-06-17T11:59:28,555,17.2,66.4,9.7,14.1,100,12.1
2026-06-17T14:00:03,675,17.8,68.8,10.4,14.6,100,12.5
2026-06-17T15:59:35,720,17,71.6,10.4,14.5,98.7,12.3
2026-06-17T17:59:27,1095,15.7,76.3,10.2,14.7,88.5,11.1
2026-06-17T19:59:44,1200,13.8,78.2,9.3,13.9,83.3,10
2026-06-17T21:58:55,930,11.6,80.1,8.3,12.3,86.6,9.4
2026-06-17T23:58:39,900,10.2,83.8,8,11.3,89,9.1
2026-06-18T01:59:21,900,9,86,7.6,9.9,91.9,8.6
2026-06-18T03:59:37,2805,16,89.4,12.2,14.9,79.9,10.2
2026-06-18T05:59:50,3030,32.8,39.7,14,21.9,58.2,11.2
2026-06-18T07:59:50,3510,44.8,25.1,16.3,26.1,42.9,10.5
2026-06-18T09:59:24,3210,41,24.5,13.2,24.9,44.9,10.3
2026-06-18T11:59:27,3450,40.9,22.1,11.8,23.5,38.6,8.2
2026-06-18T13:59:42,1230,30,28.3,8.6,22,47.5,9.2
2026-06-18T15:59:52,555,26.7,34.1,8.6,20.8,58.9,10.7
2026-06-18T17:59:24,555,22.7,36,7.3,18.4,62,9.7
2026-06-18T19:58:58,540,17.8,40.8,6.2,16.3,66.1,9.2
2026-06-18T21:59:36,540,15.2,46.9,6.1,14.8,73,9.2
2026-06-18T23:59:14,555,14.1,51.5,6.2,14.2,80.2,9.8
2026-06-19T01:59:32,540,13.3,56.2,6.5,13.5,87.3,10.2
2026-06-19T04:00:21,1485,19.9,63.6,10.9,17.9,73.4,11.2
2026-06-19T05:59:47,3390,37.4,28.8,12.9,23.5,45.5,9.6
2026-06-19T08:00:19,3465,45.7,20.3,13.8,28.4,34.7,9.7
2026-06-19T10:00:36,3495,51.9,15.5,14.1,28.4,33.1,9.2
2026-06-19T12:00:27,1665,37.8,19.6,9,22.4,44.8,8.9
2026-06-19T14:00:34,945,27.9,28.1,7.6,22.6,43.1,8.7
2026-06-19T16:01:15,555,23,35.6,7.3,21.6,51.8,9.8
2026-06-19T18:01:12,555,20.4,41,7.3,20.8,56.1,10.2
2026-06-19T20:01:19,555,17.1,43,6.3,18.2,65.8,10.2
2026-06-19T22:01:54,480,12.5,48.4,5.3,14.7,72.2,9.1
2026-06-20T00:01:27,480,9.6,53.3,4.9,12,80.4,8.6
2026-06-20T02:02:10,480,10.2,62.3,5.9,11.7,82,8.6
2026-06-20T04:01:41,2820,18.4,86.9,13.7,17.3,77,11.3
2026-06-20T06:02:08,1590,25.8,47.3,11.4,19.2,69.7,11.5
2026-06-20T08:01:37,2115,33.8,34.5,12.8,21.9,60.9,11.8
2026-06-20T10:02:18,2460,42.8,23.6,13.9,24.3,53.9,11.9
2026-06-20T12:02:22,1575,37.4,29.8,13.4,23.5,64.2,13.6
2026-06-20T14:02:56,615,26.7,46.4,11.8,22.4,71.8,14.3
2026-06-20T16:02:27,900,23.7,59.3,12.7,22.4,73.2,14.5
2026-06-20T18:03:11,1185,21.9,63.8,12.3,21.3,71.4,13.3
2026-06-20T20:03:04,1005,19.3,64.9,10.8,19,73.9,12
2026-06-20T22:02:34,945,17.4,77.6,11.5,17.7,86.4,13
2026-06-21T00:01:52,1200,17.6,81.9,12.3,17.5,88.3,13.2
2026-06-21T02:01:37,1080,16.6,84.4,11.9,16.5,93.2,13.1
2026-06-21T04:00:49,1860,19.8,87.8,15,19.1,87.5,14.3
2026-06-21T06:00:31,2460,37.3,42.7,19.1,26.3,66,16.3
2026-06-21T07:59:58,3210,49.2,26.4,21.2,31.4,51.3,16.8
2026-06-21T10:00:04,3480,52.5,20.9,19.5,30.1,46.9,14.3
2026-06-21T11:59:27,2250,41.8,26.3,14.7,28,48.4,13.2
2026-06-21T13:59:25,1365,31.3,36.5,11.9,26.4,50.1,12.5
2026-06-21T15:59:11,1305,26.8,40.2,10.2,26.1,44.2,10.8
2026-06-21T17:59:47,960,24.2,41.9,9.2,24.3,47,10.4
2026-06-21T19:59:36,555,19.7,41.3,7,20.3,53,9.3
2026-06-21T21:58:59,555,14.6,46.6,5.8,16.7,62.7,8.9
2026-06-21T23:59:30,495,12.6,50.6,5.6,14.4,66.5,8.2
2026-06-22T01:59:01,495,11.1,55.8,5.6,13,72.5,8.2
2026-06-22T03:59:11,2175,19.8,60.3,10.3,17.8,61.3,9.3
2026-06-22T05:58:53,2970,32.7,32.8,11.5,21.1,50.9,9.4
2026-06-22T07:58:14,3480,43,22.9,13.6,24.7,41.6,9.4
2026-06-22T09:57:33,3495,48.2,17.3,13.2,24.9,37.6,8.6
2026-06-22T11:57:37,3045,38.4,20.9,9.9,21.8,41.4,7.9
2026-06-22T13:58:01,1650,27.1,28.5,7.4,21.6,38.4,7.3
2026-06-22T15:57:34,1080,21.5,31.8,6,20.8,36.3,6.6
2026-06-22T17:57:27,840,18.7,32.8,5.2,18.6,38.5,6.1
2026-06-22T19:58:07,555,15.2,32.1,4.2,15.4,43.1,5.7
2026-06-22T21:57:29,495,11.8,32.3,3.4,12.8,54.4,6.1
2026-06-22T23:57:34,480,7.6,36.6,2.9,9.9,66.5,6.2
2026-06-23T01:57:52,495,6.9,41.6,3.2,8.8,74.4,6.5
2026-06-23T03:57:33,1035,15.9,52.6,7.1,14.4,63.8,7.9
2026-06-23T05:57:36,3420,34.9,25.9,10.2,20.5,41.3,7.3
2026-06-23T07:57:48,3420,38.6,19.9,9.5,21.8,36.2,6.9
2026-06-23T09:57:08,3465,45.1,16,10.5,22.2,34.1,6.7
2026-06-23T11:57:44,2415,34.6,19.3,7.5,18.7,40.9,6.5
2026-06-23T13:57:22,1620,25.9,27.5,6.7,19.5,39.6,6.6
2026-06-23T15:56:35,570,24.1,25.5,5.6,18.6,44.1,7
2026-06-23T17:56:19,555,21.5,24.2,4.6,17,48.6,7
2026-06-23T19:56:43,555,15.7,27.6,3.7,14.8,54.2,6.9
2026-06-23T21:57:04,495,13.2,32.7,3.8,13.2,63.2,7.3
2026-06-23T23:56:49,495,12.7,37.8,4.2,12.5,70.9,7.8
2026-06-24T01:57:06,480,12.7,44,4.9,12.6,72.2,8
2026-06-24T03:57:42,495,13.1,53.5,6.1,12.5,86,9.5
2026-06-24T05:58:12,495,15.2,68.4,8.9,13.4,95.5,11.1
2026-06-24T07:58:58,1080,16.9,74.4,10.7,14,97.6,11.8
2026-06-24T09:59:29,1380,19.8,67.7,11.6,15,93.9,12
2026-06-24T12:00:11,3015,30,45.6,13.8,16.4,79.8,11.1
2026-06-24T14:00:06,1995,24.2,49,10.8,17.6,66.9,10
2026-06-24T16:00:00,1035,23.8,43,9.3,18.4,65,10.2
2026-06-24T17:59:19,1155,21.3,46.5,8.7,18.3,60.4,9.4
2026-06-24T19:59:57,495,14.5,51.9,6.5,14,76.4,9.2
2026-06-24T22:00:28,495,9.9,58.3,5.4,11.4,85.7,8.8
2026-06-25T00:01:01,480,8.7,65.9,5.7,10.6,87.3,8.5
2026-06-25T02:01:16,480,8.4,67.3,5.7,9.8,87.8,8.1
2026-06-25T04:00:54,1905,16.1,69.4,9.5,13.8,75.2,9
2026-06-25T06:00:15,2340,31.1,33.1,10.7,18.8,57.9,9.3
2026-06-25T08:00:22,3450,40.2,25.2,13,23,44.7,9.2
2026-06-25T10:01:10,3495,47.3,18.4,13.5,25.2,35.3,8.2
2026-06-25T12:01:31,2235,38.5,19.5,9.3,23.5,39.3,8.3
2026-06-25T14:01:13,1230,32,23.9,8.1,22.3,44.2,8.7
2026-06-25T16:01:04,570,27.7,26.9,7.2,20.7,54,9.7
2026-06-25T18:01:46,555,18.9,31.8,5.2,16.6,75.9,10.7
2026-06-25T20:01:53,510,16.1,40.6,5.6,15,87,11.2
2026-06-25T22:01:10,495,13.6,47.1,5.5,13.7,91,10.8
2026-06-26T00:00:48,495,11.8,53.9,5.7,12.2,96.6,10.4
2026-06-26T02:00:58,495,10.6,58.5,5.7,10.8,97.5,9.6
2026-06-26T04:00:57,555,16.3,66.7,9.3,14.6,90.5,11.3
2026-06-26T06:01:37,3240,34.5,40.3,15.5,21.3,63.9,11.9
2026-06-26T08:01:58,3255,43,25,14.9,26,47.5,11.6
2026-06-26T10:01:36,3360,43.1,22.3,13.3,24.6,44.9,10.1
2026-06-26T12:02:08,2070,36.9,23.8,10.4,22.7,47.6,9.6
2026-06-26T14:02:18,1035,31.2,27.1,8.8,22.4,49.5,9.8
2026-06-26T16:01:32,570,27.2,27.9,7.3,20.6,59.7,10.7
2026-06-26T18:01:55,570,18.2,35.3,5.5,16.8,69.3,9.9
2026-06-26T20:02:05,510,15.7,43.5,5.8,14.9,81.5,10.4
2026-06-26T22:02:09,510,14.6,61.6,7.7,13.7,89.3,10.6
2026-06-27T00:01:43,495,13.5,70.5,8.2,13.2,91.3,10.5
2026-06-27T02:02:02,495,13.1,70.6,8.1,12.9,94.2,10.6
2026-06-27T04:02:39,975,16.2,78,10.8,15,94,12
2026-06-27T06:03:01,1755,28.1,47.2,12.9,18.2,80.6,12.5
2026-06-27T08:02:24,3435,36.6,41.8,18,22.7,64.2,13
2026-06-27T10:02:57,3465,46.9,23.6,17,25.1,54.7,12.7
2026-06-27T12:02:49,2805,38.8,26.1,12.6,23.5,50.2,10.6
2026-06-27T14:02:09,1440,29,35.2,10.1,24.3,47.2,10.4
2026-06-27T16:02:43,765,25.1,37.2,8.6,24.5,45.6,10.2
2026-06-27T18:03:06,570,22.4,41.2,8.2,23.9,46.9,10.1
2026-06-27T20:03:13,555,17.9,39.9,6.1,19.3,61.2,10.1
2026-06-27T22:03:37,495,13.3,46.5,5.4,15.7,71.2,9.5
2026-06-28T00:04:00,495,11,52,5.2,13.2,79.6,9.1
2026-06-28T02:04:42,480,10.3,58.5,5.6,12.2,84.9,9.2
2026-06-28T04:04:14,1020,18.9,65.3,10.6,18.3,75.1,11.7
2026-06-28T08:04:49,1335,30,35,10.6,21.7,58.4,11.1
2026-06-28T10:05:35,1515,37.1,27.3,12.1,23.7,57.4,12.3
2026-06-28T12:05:53,555,31.6,31.4,10.4,22.3,72.5,14.3
2026-06-28T14:05:07,765,22.9,59.2,12.1,21.3,76.4,14.2
2026-06-28T16:05:03,1095,20.4,74.7,13.2,20,84.3,14.6
2026-06-28T18:05:25,1005,19,81.7,13.3,18.2,96.3,15
2026-06-28T20:04:45,1035,18.1,86.6,13.4,17.5,99.4,14.8
2026-06-28T22:04:36,915,16.6,88.3,12.5,16.8,99.6,14.2
2026-06-29T00:05:01,765,15,89.8,11.5,15.8,100,13.5
2026-06-29T02:05:47,1410,16.1,97,13.3,16.1,100,13.7
2026-06-29T04:05:47,1635,17.9,91,13.9,16.6,98,13.8
2026-06-29T06:06:20,3390,32.6,60.3,21,22.8,74.8,15.2
2026-06-29T08:06:27,3300,44.7,30.8,19.9,28.7,54.3,15.4
2026-06-29T10:07:09,3495,52.5,22.3,20.8,29.5,48.4,14.3
2026-06-29T12:06:19,2175,42.4,26.7,15.4,25.8,58,14
2026-06-29T14:05:55,840,29.3,44.4,13,25.3,64.7,15.2
2026-06-29T16:05:17,945,25.9,52.1,12.6,24.5,63.5,14.2
2026-06-29T18:05:02,1260,25.2,52.6,12.2,22.7,64.7,13.1
2026-06-29T20:05:32,720,20.1,54.3,9.4,19.8,65.5,11.2
2026-06-29T22:05:28,555,15.8,62.1,8.4,17.2,75.3,11
2026-06-30T00:04:58,540,15.9,72.9,9.9,16.9,86.4,12.4
2026-06-30T02:04:27,615,17,77.7,11.2,17.1,93.2,13.6
2026-06-30T04:03:40,2160,23.1,83.7,17.3,21.5,83.1,15.7
2026-06-30T06:04:28,2430,39.9,36,18.3,28.7,56.1,15.9
2026-06-30T08:03:56,3375,49.3,24.9,20,29.9,50.2,15.2
2026-06-30T10:04:00,3495,49.5,22.3,18.1,28.2,48.6,13.4
2026-06-30T12:04:25,1740,35.4,31,12.5,25.1,53,12.3
2026-06-30T14:05:01,1305,28.6,38.3,10.8,24.8,50.2,11.4
2026-06-30T16:04:23,1155,24.5,42.2,9.4,24.5,45.9,10.3
2026-06-30T18:03:49,1170,22.9,43.9,9,24.1,44.2,9.7
2026-06-30T20:04:08,555,18.4,45.6,7.2,19.3,60.4,10
2026-06-30T22:04:47,555,14.7,52,6.5,17,69,10
2026-07-01T00:04:57,540,15,54.7,7,16.2,73.7,10.2
2026-07-01T02:05:08,555,15.2,56.5,7.3,15.6,73.9,9.8
2026-07-01T04:05:43,1365,18.8,62.7,10.1,17.3,71.4,10.5
2026-07-01T06:06:24,2835,32.1,39.4,13.4,22.4,56.1,11.1
2026-07-01T08:06:22,3015,41.9,24.4,13.7,25.9,45,10.9
2026-07-01T10:06:42,3225,46.9,18.7,13.4,25.4,44.5,10.5
2026-07-01T12:07:35,1650,36.7,23.3,10.1,23.9,46.2,10
2026-07-01T14:07:10,990,29.6,29.1,8.6,23,47.4,9.7
2026-07-01T16:06:27,960,26.9,32.6,8.3,21.9,49.2,9.5
2026-07-01T18:07:16,840,23.5,38.6,8.2,20.8,52.4,9.5
2026-07-01T20:07:23,570,19.8,42.6,7.3,19.2,58.5,9.6
2026-07-01T22:06:40,555,18,46.6,7.2,18.3,62.4,9.8
2026-07-02T00:06:42,555,16.2,54.9,7.6,15.6,80.3,10.7
2026-07-02T02:06:49,540,15.1,60.9,7.9,14.8,87.5,11.1
2026-07-02T04:07:24,555,16.1,67.3,9.2,15.2,89,11.5
2026-07-02T06:06:42,1035,18.5,69,10.9,16.4,86.5,12.1
2026-07-02T08:07:13,2325,24.2,61,13.4,17.6,78.2,11.7
2026-07-02T10:07:22,2205,33.9,34.5,12.9,20,67.1,11.6
2026-07-02T12:07:27,2460,35,32.7,13,20.7,61.7,11.1
2026-07-02T14:06:42,765,28.2,35.3,9.7,19.1,70.4,11.5
2026-07-02T16:07:39,570,19.5,51.8,8.7,15.7,94.4,12.6
2026-07-02T18:08:22,555,18,59.6,9.2,16.1,93.9,12.9
2026-07-02T20:08:12,555,14.2,65.6,8,14.2,97.3,11.9
2026-07-02T22:08:28,540,12.1,73.6,7.9,13.2,98.2,11.3
2026-07-03T00:08:11,540,11,75.5,7.6,12.5,99.6,10.9
2026-07-03T02:09:03,495,12.6,82.6,9.1,13.1,100,11.4
2026-07-03T04:08:34,1410,17.1,88.7,12.9,15.7,99.5,13.3
2026-07-03T06:08:47,1440,16.5,86.1,12.1,14.5,99.7,12.4
2026-07-03T08:09:11,1890,17.3,90.4,13.3,14.7,100,12.6
2026-07-03T10:10:00,1770,19.5,81.6,13.7,16.4,94.8,13.2
2026-07-03T12:10:36,1680,24.3,59.9,13.3,16.6,92.4,13
2026-07-03T14:11:18,1575,23.7,62,13.3,17.3,90.2,13.3
2026-07-03T16:11:50,1515,22.5,65.6,13.1,17.6,89.1,13.4
2026-07-03T18:11:46,1215,18.5,75.1,11.9,16.4,91.7,12.8
2026-07-03T20:11:50,945,15.6,81.6,10.8,15,96,12.3
2026-07-03T22:11:08,660,13.3,83.8,9.7,13.6,98.8,11.6
2026-07-04T00:10:36,495,12.5,83.7,9.2,13.2,100,11.5
2026-07-04T02:10:44,1230,13.3,93.3,10.8,13.1,100,11.4
2026-07-04T04:10:56,2040,16.1,93.2,12.8,13.6,100,11.8
2026-07-04T06:11:18,2985,25.1,73.5,17,18.2,88.6,13.8
2026-07-04T08:10:57,1080,23.7,55.1,11.8,17.1,89.8,13.1
2026-07-04T10:11:44,1080,19.5,70.1,11.8,16.2,93.2,12.8
2026-07-04T12:11:51,1605,20.5,76,13.5,17,94.1,13.6
2026-07-04T14:12:28,1665,20.6,73,13.1,17.9,84.2,12.9
2026-07-04T16:11:38,1875,19.5,74.7,12.5,17,82.7,12
2026-07-04T18:12:24,975,17.1,75.6,11,16,90.7,12.4
2026-07-04T20:12:24,720,15.8,75.3,10.1,14.8,95.6,12.1
2026-07-04T22:13:16,555,12.8,82.6,9.2,13.2,98.8,11.3
2026-07-05T00:13:12,765,13.6,83.9,9.9,13.2,100,11.5
2026-07-05T02:13:02,900,13.8,84.6,10.1,13.2,100,11.5
2026-07-05T04:13:19,1275,15.2,86.7,11.2,13.8,100,11.9
2026-07-05T06:12:49,1455,15.2,86.6,11.2,13.2,100,11.5
2026-07-05T08:13:30,1845,17.3,88,13,14.4,100,12.4
2026-07-05T10:13:19,1860,21.1,77.4,14.3,16.1,99.7,13.7
2026-07-05T12:13:06,1350,20.6,73.4,13.1,16.1,100,13.7
2026-07-05T14:13:36,1305,19.7,75.5,12.8,15.8,100,13.5
2026-07-05T16:14:09,1440,18.7,79.6,12.7,15.3,99.5,13
2026-07-05T18:14:17,1275,17.9,77.8,11.9,14.7,100,12.6
2026-07-05T20:14:13,1215,15.4,85.5,11.2,14,100,12.1
2026-07-05T22:13:36,1305,14.6,89.3,11.2,13.6,100,11.8
2026-07-06T00:13:15,1395,14.1,90.8,11,13,100,11.3
2026-07-06T02:13:25,1605,13.7,93,11,12.5,100,11
2026-07-06T04:12:47,2190,16.1,95.3,13.1,13.5,100,11.7
2026-07-06T06:12:19,1785,17.8,85,12.9,14.5,100,12.4
2026-07-06T08:12:47,1815,21.8,72.4,13.9,16.3,95.8,13.3
2026-07-06T10:12:42,2430,27.6,52.5,14,17.3,81.9,12.1
2026-07-06T12:12:02,1815,23,54,11.1,14.5,85.6,10.6
2026-07-06T14:11:53,2055,21.5,54.7,10.3,13.6,80,9.4
2026-07-06T16:12:13,1830,17.2,59.7,8.7,13,73.7,8.4
2026-07-06T18:12:55,1095,12.4,67.4,7.4,11.1,79.9,8
2026-07-06T20:13:00,660,8.7,71.5,6.2,9.1,83.7,7.4
2026-07-06T22:13:32,1230,8.6,85.1,7.3,8.3,92.9,7.8
2026-07-07T02:13:39,1425,9.6,88,8.1,8.1,100,8.3
2026-07-07T04:13:15,1800,11.1,92.2,9.3,9.2,100,8.9
2026-07-07T06:13:45,2010,13.9,88.5,10.6,10.7,100,9.8
2026-07-07T08:13:02,1815,16.3,82.3,11.4,12.3,100,10.9
2026-07-07T10:12:17,1440,18.1,71,11,12.9,100,11.3
2026-07-07T12:11:46,1980,20,75.7,13.1,14.7,96.5,12.1
2026-07-07T14:12:22,1890,18.8,71.5,11.5,15.3,83.4,10.9
2026-07-07T16:12:49,1515,17.9,70.6,10.8,14.2,90.2,11
2026-07-07T18:12:58,1110,15.3,77.5,10.1,13.1,97,11.1
2026-07-07T20:12:12,780,12.3,81.4,8.8,11.6,100,10.4
2026-07-07T22:11:40,495,9.1,84.6,7.5,9.8,100,9.3
2026-07-08T00:11:19,795,8.2,89,7.5,8.7,100,8.6
2026-07-08T02:10:35,1485,10.1,93.2,8.8,9.3,100,9
2026-07-08T04:11:04,1845,12.2,93.5,10.1,10.3,100,9.6
2026-07-08T06:11:48,2370,15.6,91.7,12.2,11.8,100,10.5
2026-07-08T08:11:08,3000,26.6,60.4,15.2,15.9,90.4,12.2
2026-07-08T10:11:04,2820,30.7,43.5,13.7,17.8,75.9,11.5
2026-07-08T12:10:34,3075,33,38.3,13.7,19.1,66,10.8
2026-07-08T14:10:01,990,26.1,40.7,10,17.9,73.2,11.2
2026-07-08T16:09:45,555,21.5,45.5,8.6,16.4,81.6,11.4
2026-07-08T18:10:14,555,17.1,51.1,7.4,15,87.4,11.2
2026-07-08T20:10:42,555,15.4,56.6,7.4,14.7,87.6,11
2026-07-08T22:11:02,555,14.7,61.9,7.8,14.4,87.2,10.8
2026-07-09T00:11:01,555,14.2,66.6,8.1,14,87.1,10.5
2026-07-09T02:11:44,660,14.3,70.8,8.7,14,86.7,10.5
2026-07-09T04:12:23,825,13.9,74.3,8.9,14,85.2,10.3
2026-07-09T06:12:16,1095,15.2,76.9,10,14.3,88.4,10.9
2026-07-09T08:12:56,1320,17.8,73.8,11.2,14.6,93.9,11.7
2026-07-09T10:13:40,1275,17.7,75.6,11.4,14.4,97.7,12.1
2026-07-09T12:13:02,1515,17.6,80.8,12.1,14.3,100,12.3
2026-07-09T14:12:37,1800,20,78,13.5,16.1,95.4,13.1
2026-07-09T16:12:01,2100,21,77.3,14.2,17.3,87.8,12.9
2026-07-09T18:12:09,1005,19.1,70.3,11.5,16.3,92.3,12.8
2026-07-09T20:12:38,510,14.7,76.2,9.6,14.4,98.2,12.1
2026-07-09T22:13:04,495,11.7,84,8.8,12.8,100,11.2
2026-07-10T00:12:32,1035,13.4,86.9,10.1,12.8,100,11.2
2026-07-10T02:12:24,1305,14.7,88.2,11.1,13.5,100,11.7
2026-07-10T04:12:42,1905,16.9,91.3,13.1,14.5,100,12.4
2026-07-10T06:12:28,2310,27.9,58.6,15.9,18.5,88.1,13.9
2026-07-10T08:12:48,3225,43.2,28.5,17.1,24.1,60.7,13.3
2026-07-10T10:12:54,3405,43.6,24,14.7,23,52.8,10.9
2026-07-10T12:12:34,1560,34.4,26.6,10.2,20.5,58.4,10.4
2026-07-10T14:12:32,570,23.9,37.1,8,19.5,60.2,10.1
2026-07-10T16:13:18,555,19.8,45.1,7.7,20,54.5,9.4
2026-07-10T18:14:12,555,18.9,48,7.8,18.6,63.8,10.2
2026-07-10T20:14:34,495,14,50.4,6.1,14.8,80.1,10.1
2026-07-10T22:13:46,495,11.7,60.9,6.4,13,87.5,9.9
2026-07-11T00:13:43,480,13.5,61.4,7.2,14.2,85.8,10.5
2026-07-11T02:14:09,495,14.8,61.9,7.8,14.6,82.6,10.3
2026-07-11T04:13:41,735,17.7,62.5,9.4,16.2,81,11.2
2026-07-11T06:13:51,750,22.2,51,10,17.9,77.6,11.8
2026-07-11T08:13:43,2190,28.7,51.2,14.5,21,70.7,12.9
2026-07-11T10:13:34,3135,38,39.3,18.2,23.9,66,14.3
2026-07-11T12:13:23,2040,36.5,37.5,16.1,24.3,67.5,14.9
2026-07-11T14:13:31,1275,27.9,51.6,14,25.6,62.5,14.9
2026-07-11T16:13:54,1170,28.1,52.8,14.4,26.8,61.7,15.7
2026-07-11T18:13:08,555,25,51.5,11.9,19.2,100,16.5
2026-07-11T20:14:11,555,18.8,63,10.1,17.4,100,14.8
2026-07-11T22:13:56,555,16.6,69,9.7,16.4,100,14
2026-07-12T00:14:30,555,15.6,73.7,9.8,16.3,100,13.9
2026-07-12T02:14:07,555,16.1,76,10.4,16.1,100,13.7
2026-07-12T04:14:16,1005,19,84.6,13.8,18,100,15.4
2026-07-12T06:14:59,960,21.6,76,14.4,19,99.8,16.3
2026-07-12T08:14:38,1710,25.7,77.8,18.6,22.1,93.4,18.2
2026-07-12T10:14:56,3255,44.3,39.3,24.9,27.8,71.2,19.2
2026-07-12T12:14:58,2295,39.1,39.3,19.2,26.6,68,17.1
2026-07-12T14:15:39,1305,31.2,54.6,17.7,26.7,74.1,18.8
2026-07-12T16:16:29,570,24.7,46.9,10.6,19.4,87.9,14.7
2026-07-12T18:16:13,570,22.2,55.2,10.8,20.8,91.8,16.6
2026-07-12T20:15:53,555,19.1,64.5,10.6,19.3,94.8,15.7
2026-07-12T22:15:44,555,18.7,70.8,11.3,19.5,92.2,15.5
2026-07-13T00:15:12,555,18.2,74.7,11.6,18.1,96.5,14.9
2026-07-13T02:15:55,555,16.4,78.6,11,16.3,97.4,13.5
2026-07-13T04:16:03,1050,17.4,80.6,11.9,16.2,95.2,13.1
2026-07-13T06:16:27,1920,19.6,81,13.7,16.2,93.7,12.9
2026-07-13T08:16:09,2025,22.6,68.9,13.8,16.4,91.8,12.8
2026-07-13T10:16:20,2445,32.5,46.5,16.1,19.9,80.7,13.9
2026-07-13T12:15:41,1665,29.4,47.2,13.9,19.7,80.6,13.7
2026-07-13T14:15:15,1125,25.4,52.1,12.3,18.8,83.7,13.5
2026-07-13T16:14:30,1200,24.4,55.1,12.3,18.7,82.9,13.3
2026-07-13T18:15:05,855,21.5,60.5,11.4,18.2,85.6,13.3
2026-07-13T20:15:42,780,18.8,67.7,10.9,17.4,86.6,12.8
2026-07-13T22:15:59,840,17.8,71.1,10.8,16.9,86.6,12.5
2026-07-14T00:15:21,780,16.2,71.2,9.8,15.5,87.5,11.6
2026-07-14T02:15:23,600,12.8,80.3,9,13.5,93,10.9
2026-07-14T04:14:36,2325,19.4,83.1,13.9,17.4,81.6,12.1
2026-07-14T06:15:31,3015,34.4,40.8,15.7,22.2,63.9,12.5
2026-07-14T08:15:30,2805,32.8,39.9,14.1,20.9,65.2,11.9
2026-07-14T10:16:00,3435,45.9,25.4,17.4,23,59.1,12.1
2026-07-14T12:15:51,2160,34.9,32.5,12.8,21.2,62.8,11.6
2026-07-14T14:16:20,1185,24,47.8,10.4,21.6,59.1,11.2
2026-07-14T16:15:55,1065,21.5,51.4,9.7,22.5,53.6,10.7
2026-07-14T18:15:19,510,19.8,52.3,8.9,20.9,62.1,11.3
2026-07-14T20:15:56,555,15,51.6,6.6,16.9,79.9,11.5
2026-07-14T22:16:41,495,11.7,58.8,6.1,14.2,89,10.9
2026-07-15T00:15:53,495,10.5,64.7,6.3,12.8,90.8,10.2
2026-07-15T02:15:08,495,10.6,69.1,6.7,12.7,92.1,10.2
2026-07-15T04:14:39,1200,18,76.2,11.7,18.3,80.1,12.5
2026-07-15T06:14:27,2940,38.1,36.9,17.2,26.2,56.4,13.9
2026-07-15T08:13:40,3075,42.2,27.9,15.9,26.9,50,12.8
2026-07-15T10:14:30,3015,41.5,26.1,14.4,25.5,49.8,11.8
2026-07-15T12:15:04,2160,35.7,29.7,12.2,24.6,49.3,11.1
2026-07-15T14:15:22,1275,30,35.9,10.9,25.5,49.1,11.6
2026-07-15T16:14:56,555,25.4,41.4,9.7,25.4,51.1,12
2026-07-15T18:14:43,555,23.5,43.7,9.2,23.9,57.8,12.5
2026-07-15T20:15:18,555,19.6,44.6,7.5,20.1,65.6,11.4
2026-07-15T22:15:38,555,16.4,50.2,7,17.7,73.5,11.1
2026-07-16T00:15:58,555,14.7,55.1,6.9,16.5,75.1,10.5
2026-07-16T02:15:16,495,14,58.2,7,15.3,76.5,10
2026-07-16T04:14:38,1680,20.9,61.9,11.3,19.3,67.6,11.2
2026-07-16T06:14:08,3030,38.2,31.7,14.8,24.4,53.5,11.9
2026-07-16T08:13:14,3045,45.3,23.2,15.4,28,46.1,12.5
2026-07-16T10:12:31,2685,39,29.2,14.2,23.2,58.7,12.2
2026-07-16T12:11:55,1500,34.3,30.4,11.6,21.3,63.7,11.9
2026-07-16T14:11:52,1125,27.4,39.1,10.3,21.2,61,11.3
2026-07-16T16:12:36,1095,21.4,47.8,9,20.1,56.5,9.8
2026-07-16T18:13:08,975,19.2,53.2,8.8,19,60.4,9.8
2026-07-16T20:12:51,510,15.4,54.8,7.2,15.9,74.1,10
2026-07-16T22:13:39,495,11.4,59,6.1,13.1,84.5,9.6
2026-07-17T00:12:54,480,9.3,63.1,5.7,11.6,89.6,9.3
2026-07-17T02:13:26,480,8.4,68.8,5.8,11.2,92.3,9.4
2026-07-17T04:13:09,1545,17.3,84.7,12.5,18.4,79.5,12.5
2026-07-17T06:12:31,3000,35.1,36.2,14.4,23.2,55.5,11.5
2026-07-17T08:12:48,3075,42.7,23.6,13.8,26,45.9,11.2
2026-07-17T10:12:16,2925,46.8,20.1,14.4,25.6,50.2,12
2026-07-17T12:11:52,1410,35.9,28.3,11.7,23.3,58.6,12.3
2026-07-17T14:12:28,630,25.6,42.2,10.1,23.2,58.9,12.2
2026-07-17T16:12:32,855,23.2,52.2,10.9,23,60.8,12.5
2026-07-17T18:13:18,915,21.3,57.3,10.7,21.2,65.8,12.2
2026-07-17T20:13:59,510,18,58.5,9,18.6,73.4,11.7
2026-07-17T22:14:35,510,14,63.1,7.6,16.1,81.4,11.2
2026-07-18T00:13:52,510,12.3,67.6,7.3,15.2,88.5,11.5
2026-07-18T02:13:10,495,14.1,83.3,10.1,16.6,94,13.3
2026-07-18T04:12:59,1740,19.4,92.8,15.5,19.8,88,15
2026-07-18T06:13:12,2730,25.2,75.3,17.5,21.4,79.2,14.8
2026-07-18T08:13:41,2100,37.3,34.2,15.3,24.2,63.9,14.1
2026-07-18T10:14:26,2385,40.9,29.9,16,24.3,62.9,13.9
2026-07-18T12:14:07,1485,33.5,36,13.2,25.1,58.8,13.6
2026-07-18T14:14:15,1335,30.6,39.8,12.5,25.1,56.9,13.2
2026-07-18T16:13:25,1260,27.7,43,11.5,24.2,55.4,12.2
2026-07-18T18:13:57,510,21,56.6,10.4,20.8,77.1,14
2026-07-18T20:14:17,825,19.3,78.7,13.1,19.2,92.3,15.2
2026-07-18T22:14:19,1470,19.1,93.3,15.3,18.3,100,15.6
2026-07-19T00:14:36,1575,18.6,93,14.8,17.5,100,14.9
2026-07-19T02:14:38,1575,17.6,93.1,14,16.4,100,14
2026-07-19T04:15:27,1830,17.6,91,13.6,15.4,100,13.1
2026-07-19T06:16:09,1740,16.9,86.7,12.5,14.2,100,12.2
2026-07-19T08:16:39,2865,24.2,69.7,15.3,16.6,89.9,12.7
2026-07-19T10:17:07,2700,30.3,48,14.8,18.9,78.2,12.7
2026-07-19T12:17:23,2070,27.2,49.6,12.9,18,77.6,11.9
2026-07-19T14:17:21,1770,25.4,48.4,11.4,16.6,78.1,11
2026-07-19T16:17:50,1380,22.3,52.6,10.4,15.8,80.4,10.8
2026-07-19T18:17:14,1050,19.1,57.3,9.4,15,81.3,10.4
2026-07-19T20:17:38,885,16,65.5,8.9,14.3,83.2,10.2
2026-07-19T22:18:01,945,14.9,69.9,8.9,13.8,84.4,10.1
2026-07-20T00:17:34,1140,14.5,71.8,8.9,13.3,83.7,9.7
2026-07-20T02:16:44,1230,13.9,74.4,8.9,12.8,84.9,9.5
2026-07-20T04:16:11,1800,15.5,74.9,9.9,13.2,83.8,9.6
2026-07-20T06:16:12,2340,22.4,55.8,11.1,15.3,74.5,9.7
2026-07-20T08:15:57,3375,34.5,35.8,13.8,19.3,61.2,10.1
2026-07-20T10:15:51,3450,35.6,29.2,11.9,20.1,50.5,8.8
2026-07-20T12:15:46,2265,32.5,27.1,9.4,19.5,49.9,8.4
2026-07-20T14:15:19,1410,26.1,31.4,7.7,19.1,48.8,8
2026-07-20T16:15:51,825,23.8,32.1,6.9,18.1,52.2,8.1
2026-07-20T18:15:39,555,19.5,34.4,5.8,16.2,58.8,8.1
2026-07-20T20:14:44,495,14.6,38.8,4.9,13.9,69.2,8.3
2026-07-20T22:15:04,495,12,45.8,4.9,12.1,77.3,8.3
2026-07-21T00:14:34,495,10.3,49.6,4.7,10.7,80.4,7.9
2026-07-21T02:14:52,495,9.2,53.6,4.8,9.7,86.2,7.9
2026-07-21T04:14:24,495,11.5,56.3,5.8,10.3,82.6,7.9
2026-07-21T06:14:51,915,15.7,52,7,11.2,78.3,7.9
2026-07-21T08:15:22,1410,20.2,45,7.9,12.2,75.3,8.1
2026-07-21T10:15:50,1440,20.4,44.3,7.8,12.6,72.9,8.1
2026-07-21T12:16:33,720,17.9,48,7.3,12.5,79.5,8.7
2026-07-21T14:16:19,720,16.6,55.2,7.8,12.3,85.6,9.3
2026-07-21T16:16:57,555,15,58,7.4,11.5,87.5,9
2026-07-21T18:17:40,555,12.9,62.9,7.1,10.9,88.5,8.8
2026-07-21T20:17:42,495,11.4,68.4,7,10.3,93.9,9
2026-07-21T22:17:00,495,10.9,72.3,7.2,10,96.4,9.1
2026-07-22T00:16:25,480,11,74.9,7.5,10,97.5,9.2
2026-07-22T02:16:51,660,10.8,77.7,7.7,9.9,98.5,9.2
2026-07-22T04:17:31,1140,12,81.8,8.7,10.3,98.9,9.5
2026-07-22T06:17:53,1635,14.8,79.8,10.1,11.8,95.5,10
2026-07-22T08:18:26,3030,24,60.3,13.1,15,81.1,10.4
2026-07-22T10:17:49,3330,35.9,30.5,12.7,18.6,60.2,9.6
2026-07-22T12:17:45,3045,31.9,29.4,9.9,18.6,50.1,8
2026-07-22T14:17:00,2340,25,37,8.5,18.3,47.8,7.5
2026-07-22T16:16:28,1290,22.4,37.2,7.4,17.7,51.9,7.8
2026-07-22T18:15:43,495,18.5,41.1,6.5,15.8,67.1,9
2026-07-22T20:15:20,510,14.9,41.7,5.3,14.1,73.8,9
2026-07-22T22:15:24,495,12.9,50,5.6,13.1,80.7,9.2
2026-07-23T00:15:48,495,12.7,54.8,6.1,12.8,86.9,9.7
2026-07-23T02:15:00,480,12.2,58.9,6.4,11.9,89.8,9.5
2026-07-23T04:14:25,480,12.9,67.2,7.6,11.8,93.1,9.8
2026-07-23T06:14:51,1185,15.8,74.6,10,13.3,93.3,10.8
2026-07-23T08:15:31,2805,24.5,65.1,14.6,17.2,82.9,12.1
2026-07-23T10:16:02,2745,34.3,35.5,13.6,19.8,68,11.6
2026-07-23T12:15:33,630,29.2,30.7,8.9,16.9,75.2,10.8
2026-07-23T14:16:23,555,20.6,43,7.7,16.7,80.7,11.5
2026-07-23T16:16:05,540,17.6,54.3,8.1,16.2,85.4,11.8
2026-07-23T18:16:52,540,15.3,63.1,8.2,15.6,89.8,11.9
2026-07-23T20:17:38,480,12.3,67.8,7.4,13,94.8,10.7
2026-07-23T22:18:10,480,9.8,70.1,6.5,11.1,98.7,9.9
2026-07-24T00:18:20,480,7,72.2,5.6,9.3,100,9
2026-07-24T02:17:50,480,6.7,78.6,6,8.4,100,8.5
2026-07-24T04:17:49,1470,13.6,91.7,10.8,13.4,94.9,11
2026-07-24T06:18:34,2400,33.8,44,16.4,22.9,69.5,14.2
2026-07-24T08:18:10,3450,45.8,23.9,16.3,25.5,47.1,11.2
2026-07-24T10:18:51,1785,35.5,26.1,10.6,21.3,55.4,10.3
2026-07-24T12:18:26,1605,33.5,28.4,10.4,20.7,58,10.4
2026-07-24T14:18:06,750,24.1,39,8.5,19.4,60.4,10.1
2026-07-24T16:17:16,555,19.6,46.8,7.9,17.5,65.5,9.8
2026-07-24T18:17:18,555,17.1,53.6,7.8,16.5,73.4,10.3
2026-07-24T20:17:02,495,12,60.2,6.4,13.1,82.2,9.4
2026-07-24T22:17:13,480,9.7,67.7,6.2,11.5,86.8,9
2026-07-25T00:16:52,1035,11.9,83.2,8.8,14.1,80.4,9.8
2026-07-25T02:16:05,1065,12.9,83,9.4,13.7,86.2,10.2
2026-07-25T04:15:56,1980,16.2,85.8,11.8,15.1,84.9,10.9
2026-07-25T06:16:39,2025,25.2,50.2,11.7,17.3,73.6,10.8
2026-07-25T08:15:55,1095,22.4,51.3,10.2,15.8,83.7,11.3
2026-07-25T10:16:27,1305,22,59.3,11.5,16.8,84.6,12.1
2026-07-25T12:16:02,1380,20.5,69.1,12.3,17.8,84.1,12.8
2026-07-25T14:16:29,990,22.4,56.4,11.2,17.4,85,12.6
2026-07-25T16:16:51,1140,18.2,77.2,12,16.3,93.8,13
2026-07-25T18:16:36,1140,17.3,81.6,12,15.6,97.7,13
2026-07-25T20:15:34,1230,15.9,88.6,12,15.3,98,12.8
2026-07-25T22:16:12,1635,15.7,91.8,12.3,15.4,92.8,12.2
2026-07-26T00:15:37,1665,15.5,88.6,11.7,15.1,89.9,11.6
2026-07-26T02:16:03,1605,15.7,86.6,11.6,15,89.9,11.5
2026-07-26T04:15:34,1635,16.5,88.4,12.4,15.2,95,12.3
2026-07-26T06:15:43,1920,19.5,78,13.1,16.3,89,12.3
2026-07-26T08:15:24,1350,17.7,83.7,12.6,15.7,98.7,13.2
2026-07-26T10:14:50,2160,23.5,68.5,14.5,17.9,85.8,13.1
2026-07-26T12:15:40,1215,20.4,70.9,12.5,17.5,90.3,13.5
2026-07-26T14:15:00,1185,19.8,74.1,12.7,17.7,90.5,13.6
2026-07-26T16:15:35,1290,17.6,81.7,12.2,17.4,87.6,13
2026-07-26T18:15:23,1380,17.2,87.6,12.8,17.3,90.6,13.3
2026-07-26T20:16:19,1350,16.6,89.9,12.7,16.8,92.7,13.2
2026-07-26T22:16:44,1245,16,91.6,12.5,15.9,98.1,13.3
2026-07-27T00:16:13,1200,14.4,93.3,11.5,14.4,100,12.4
2026-07-27T02:16:08,1380,14.3,94.8,11.6,14.1,100,12.1
2026-07-27T04:16:13,1725,15.5,97.7,12.9,14.7,100,12.6
2026-07-27T06:15:35,2025,17.5,97.9,14.6,15.8,100,13.5
2026-07-27T08:15:53,1965,19.3,92.9,15.4,17,99.6,14.4
2026-07-27T10:15:58,2250,23.7,72.9,15.6,17.8,91.3,13.9
2026-07-27T12:15:36,2145,26.3,60.2,14.9,18.8,84.1,13.5
2026-07-27T14:15:11,1650,26.4,53.7,13.4,19.5,78.4,13.2
2026-07-27T16:14:50,1290,22.2,64.4,12.6,18.9,83,13.4
2026-07-27T18:15:18,930,19.3,72.5,12,17.2,94,13.8
2026-07-27T20:15:49,1065,17.1,84.8,12.3,15.9,100,13.5
2026-07-27T22:15:28,1305,16.4,90.8,12.7,15.6,100,13.3
2026-07-28T00:15:16,1470,15.8,89.6,12.1,14.4,100,12.4
2026-07-28T02:14:42,1545,15.1,90.2,11.6,13.6,100,11.8
2026-07-28T04:14:56,1770,14.9,92.6,11.8,13.2,100,11.5
2026-07-28T06:15:45,2145,18.2,90.9,14.1,14.9,100,12.7
2026-07-28T08:16:07,3180,37.4,36.1,16.2,21.7,66.2,12.6
2026-07-28T10:15:41,3255,41.7,26.2,14.6,22.4,56.3,11.2
2026-07-28T12:15:39,1590,26.4,45,11.2,17.4,75.8,11.2
2026-07-28T14:16:26,1395,25.3,43.5,10.2,17.1,72.9,10.6
2026-07-28T16:15:58,855,22.7,47.1,9.5,16.8,76.7,11
2026-07-28T18:16:33,510,18.1,52.9,8.2,15.5,81.8,10.8
2026-07-28T20:16:47,495,12.7,61,6.8,13.4,89.7,10.4
2026-07-28T22:16:11,495,9.7,69.2,6.4,11.8,94.9,10
2026-07-29T00:15:22,495,9.7,83.7,7.7,11.6,97.8,10.2
2026-07-29T02:15:03,495,11,82.1,8.2,11.5,99.5,10.3
2026-07-29T04:15:37,1410,14.9,91.1,11.6,15.4,91.3,12
2026-07-29T06:15:13,3150,34.3,44.1,16.8,23.7,61.8,13.2
2026-07-29T08:15:30,3405,43.6,26.1,16,27.5,45.3,12
2026-07-29T10:15:12,3510,48,20.8,15.7,26.7,43.6,11
2026-07-29T12:14:22,2160,35,26.8,10.6,23.5,45.6,9.6
2026-07-29T14:13:45,765,25.4,34.8,8.2,22.2,49.3,9.7
2026-07-29T16:13:29,570,23.5,38.2,8.1,22.7,49.7,10
2026-07-29T18:13:05,570,20.6,40.6,7.3,20.3,67.5,11.9
2026-07-29T20:12:16,555,16.1,44,6,17.3,69.6,10.2
2026-07-29T22:11:46,495,12.3,53.3,5.8,14.4,83.6,10.3
2026-07-30T00:12:08,495,10.5,61.8,6,12.8,91.4,10.2
2026-07-30T02:12:08,495,10,68.7,6.5,12,95.2,10.1
2026-07-30T04:12:41,735,14.8,75.5,9.6,13.4,96.7,11.2
2026-07-30T06:12:45,3390,29.6,65,19.3,20.6,74.6,13.3
2026-07-30T08:12:17,1770,32.8,39.4,13.9,22.3,68.3,13.5
2026-07-30T10:12:21,1680,36.4,32.4,13.8,21.5,72.1,13.6
2026-07-30T12:11:54,1635,34.4,36.5,14,21.6,73.9,14
2026-07-30T14:11:07,885,25.2,52.1,12.1,22.2,71.2,14
2026-07-30T16:11:20,825,23.3,57.2,12,21.8,73.2,14
2026-07-30T18:10:44,720,20.5,67.6,12,19.3,86.7,14.4
2026-07-30T20:11:17,510,16.9,77.2,11.1,17.3,93.9,13.8
2026-07-30T22:11:10,510,15.3,81.1,10.6,16.3,95.3,13.2
2026-07-31T00:10:32,495,13.4,84,9.8,15.2,97.3,12.6
2026-07-31T02:10:27,720,14.1,92,11.2,15.7,98.7,13.2
2026-07-31T04:10:32,1845,18.1,100,15.4,19,91,14.8
2026-07-31T06:10:34,2430,28.5,64,17.9,22.5,76.8,15.3
2026-07-31T08:09:58,2265,38.1,37.4,17.4,25.7,64.9,15.5
2026-07-31T10:10:08,1890,38.7,33.8,16.2,25.5,65,15.4
2026-07-31T12:10:49,1110,34.4,38.1,14.6,25.3,68.8,16.1
2026-07-31T14:10:51,555,22.5,58.9,11.8,19.9,92.9,16
2026-07-31T16:10:28,570,21.7,67.9,13,19.6,94.2,15.9
2026-07-31T18:11:07,915,19.8,82.5,14.1,18.7,100,16
2026-07-31T20:10:15,885,17.4,86.2,12.8,17.3,100,14.7
2026-07-31T22:09:29,810,15,89.6,11.5,15.8,100,13.5
2026-08-01T00:08:52,780,12.9,92.3,10.4,14.2,100,12.2
2026-08-01T02:09:11,1545,14.7,95,12,14,100,12.1
2026-08-01T04:08:55,1965,16,95.8,13,14.1,100,12.1
2026-08-01T06:08:53,3105,25,84.2,19.4,19.5,89.7,15.1
2026-08-01T08:08:31,3165,37.4,36.3,16.3,24.4,57.4,12.8
2026-08-01T10:09:08,3030,39.8,26.5,13.4,23.6,50.9,10.8
2026-08-01T12:08:31,1665,33,31.8,11.3,22.4,56.5,11.2
2026-08-01T14:08:29,960,25.6,39.3,9.4,20.9,58.1,10.6
2026-08-01T16:08:55,900,23.6,45.3,9.6,19.3,67.1,11.1
2026-08-01T18:09:12,555,19.7,50.7,8.6,16.8,74,10.6
2026-08-01T20:08:53,510,15.1,56.2,7.2,14.8,78.4,9.9
2026-08-01T22:09:03,510,13.1,63.8,7.3,13.6,86,10.1
2026-08-02T00:09:44,510,12.4,69.1,7.5,13.1,90.5,10.3
2026-08-02T02:09:37,495,11.9,74,7.8,12.6,93.7,10.4
2026-08-02T04:10:03,510,11.5,76.7,7.9,12.5,96.3,10.6
2026-08-02T06:10:40,3390,32,56.5,19.1,21.3,70.8,13.2
2026-08-02T08:11:30,3435,40.3,28.9,15,26,45.8,11.2
2026-08-02T10:11:24,3465,44.1,19.9,12.5,23.9,40.8,8.8
2026-08-02T12:10:54,1815,33.5,25.4,9.3,21.9,46.5,9
2026-08-02T14:11:27,765,24.5,32.3,7.2,20,49.6,8.6
2026-08-02T16:11:54,570,20.9,41,7.5,17.6,68.1,10.2
2026-08-02T18:11:47,555,17.6,52.6,7.9,16.1,76.4,10.5
2026-08-02T20:12:01,495,13.2,60.4,6.9,13.9,83.4,10
2026-08-02T22:12:20,495,11.4,67.6,6.9,13,89.2,10.1
2026-08-03T00:12:37,495,10.2,74.3,7.1,12.3,93.5,10.1
2026-08-03T02:12:33,510,10.6,80.2,7.8,12.5,95.7,10.5
2026-08-03T04:13:20,1245,14.8,91.1,11.5,15.8,91.5,12.3
2026-08-03T06:12:44,3390,31.7,50.6,16.8,22.2,60.9,12
2026-08-03T08:13:27,2970,38.9,25.7,12.4,23.7,47.6,10.2
2026-08-03T10:14:19,1800,33.5,27.7,10.1,20.4,55.3,9.8
2026-08-03T12:14:41,1500,31.1,28.8,9.3,19.5,56.4,9.5
2026-08-03T14:14:54,1155,25.8,37.5,9,19.1,59.8,9.8
2026-08-03T16:14:11,720,20.7,44.2,8,18.6,59.8,9.5
2026-08-03T18:14:26,540,16.7,51.4,7.3,16.5,67.1,9.4
2026-08-03T20:14:02,495,12.4,55.3,6,13.6,73.8,8.7
2026-08-03T22:14:07,495,8.8,61.6,5.4,11.3,84.1,8.6
2026-08-04T00:13:37,480,6.4,66.7,5,9.5,91.4,8.3
2026-08-04T02:14:11,495,5.2,69.3,4.8,8.5,94.4,8.1
2026-08-04T04:14:29,810,11,82.5,8.3,11.6,92.5,9.6
2026-08-04T06:14:09,1590,18.8,79.3,12.8,15.6,96.1,12.8
2026-08-04T08:14:04,2415,30.8,47.9,15.2,20.5,73.6,13.1
2026-08-04T10:13:46,1755,30.2,42.5,13,20,73.3,12.7
2026-08-04T12:13:19,765,27.5,39.9,10.6,19.8,73,12.5
2026-08-04T14:13:07,1080,22.6,53.1,10.7,19.6,69.3,11.7
2026-08-04T16:13:17,1080,19.8,58.6,10,19.8,64,10.9
2026-08-04T18:12:57,1005,17.6,63.3,9.5,18.2,68.5,10.6
2026-08-04T20:13:10,495,13,69.5,7.9,14.2,86.5,10.6
2026-08-04T22:13:49,495,9.6,70.9,6.5,12,91.1,9.7
2026-08-05T00:14:17,495,7.4,74.7,5.9,10.4,94.3,9.1
2026-08-05T02:14:42,495,6.7,78.5,6,9.4,97.4,8.8
2026-08-05T04:13:57,1065,10.3,91.9,8.8,11.1,96.7,9.7
2026-08-05T06:14:33,2940,20.6,85,15.2,15.4,93.4,12.3
2026-08-05T08:14:34,1875,27.1,53.1,13.7,18.5,82.8,13.1
2026-08-05T10:14:50,3465,40.6,30.8,16.2,22.8,58.8,11.9
2026-08-05T12:14:12,1695,31.1,34.4,11.1,21.4,58.4,10.9
2026-08-05T14:14:08,1125,28.3,35.7,9.9,21.1,58.8,10.8
2026-08-05T16:14:35,795,24.2,44.3,9.7,19.3,69.2,11.5
2026-08-05T18:14:41,555,20.2,53.6,9.4,18.2,77.5,12
2026-08-05T20:14:37,555,17.7,62.7,9.5,17.3,84.9,12.5
2026-08-05T22:15:02,555,16.9,71.4,10.3,17,86.4,12.5
2026-08-06T00:15:26,555,17.1,72.7,10.6,16.9,88.7,12.8
2026-08-06T02:14:59,660,16.8,76.8,11,16.9,91.7,13.2
2026-08-06T04:15:49,1440,18.6,89,14.2,18.5,91.9,14.5
2026-08-06T06:16:14,2760,33.4,50.5,18.4,24.3,70.5,15.6
2026-08-06T08:16:07,1575,34.5,38.2,14.7,23.6,70.5,15
2026-08-06T10:16:45,1095,27.9,52.7,14.3,20.7,87.7,15.8
2026-08-06T12:17:21,1440,33.2,34.5,12.4,23.3,61.2,12.8
2026-08-06T14:17:18,1080,24.1,51.3,11.2,21.8,64.1,12.3
2026-08-06T16:16:54,990,21.3,60.7,11.3,19.9,73.9,12.7
2026-08-06T18:17:25,750,18.4,70.5,11.1,17.8,86.1,13.1
2026-08-06T20:17:43,750,15.5,84.3,11.1,16.1,95.5,13.1
2026-08-06T22:18:23,1005,14.9,91.9,11.7,15.9,96,13
2026-08-07T00:18:46,1245,15.4,95.6,12.6,16.2,97,13.4
2026-08-07T02:19:13,1065,14.4,93,11.5,15.1,98.1,12.7
2026-08-07T04:19:38,1860,16.9,100,14.4,17.2,93.6,13.7
2026-08-07T06:19:48,2985,28.2,57.4,15.8,20.5,71.4,12.7
2026-08-07T08:19:06,3165,35.6,37.1,15.2,23.7,55.6,11.9
2026-08-07T10:18:59,1995,33.5,34.2,12.5,21.9,60.6,11.7
2026-08-07T12:19:36,1605,31.4,35.6,11.7,21.4,62.7,11.8
2026-08-07T14:20:07,1515,25.1,44,10.2,20.1,59.3,10.3
2026-08-07T16:19:35,1125,24.3,41.1,9.1,19,60.9,9.9
2026-08-07T18:20:07,555,18,47.2,7.2,16.4,69.2,9.7
2026-08-07T20:19:48,495,11.7,54.5,5.7,13.1,74.6,8.5
2026-08-07T22:19:13,495,8.6,63,5.4,10.9,80.8,8
2026-08-08T00:19:37,495,7.4,68,5.4,9.5,85.4,7.8
2026-08-08T02:20:00,480,5.8,73.4,5.3,8.3,89.9,7.6
2026-08-08T04:20:40,1335,10.8,90.8,9,12.4,86.2,9.4
2026-08-08T06:20:08,3060,26.8,53.2,13.5,19,66.2,10.8
2026-08-08T08:20:12,3045,33.1,31,11.1,20.7,49.2,8.9
2026-08-08T12:21:10,2130,28.1,31.5,8.6,19.4,47,7.8
2026-08-08T14:21:25,915,21.9,36,6.9,19,48.5,7.9
2026-08-08T16:21:38,885,20.6,38.2,6.8,18.8,49.1,7.9
2026-08-08T18:21:40,510,15.9,42.1,5.7,16.4,55.8,7.8
2026-08-08T20:22:07,510,11.3,46,4.7,13.5,68,8
2026-08-08T22:21:30,495,8.8,52.8,4.6,11.4,80.9,8.3
2026-08-09T00:21:05,495,9.6,67.2,6.2,12.2,93,10
2026-08-09T02:20:29,495,10.9,68.8,6.8,12.8,96.2,10.8
2026-08-09T04:20:54,780,14.8,85.3,10.8,15.8,93.2,12.5
2026-08-09T06:21:33,3405,31.7,53.4,17.8,22.1,63.8,12.5
2026-08-09T08:22:14,3000,38.7,28.4,13.6,24.1,48.9,10.7
2026-08-09T10:21:56,2235,34.4,30.4,11.7,21.4,55.6,10.4
2026-08-09T14:21:02,555,21.7,50.7,9.7,19.1,72.2,11.8
2026-08-09T16:20:36,1005,18.6,64.9,10.3,18.2,74.1,11.5
2026-08-09T18:20:38,900,16.6,72.8,10.3,16.6,83.4,11.8
2026-08-09T20:20:45,870,14.4,83.9,10.4,15.1,92.1,11.9
2026-08-09T22:21:26,1005,13.6,89,10.5,14.7,93.1,11.7
2026-08-10T00:21:42,1110,13.2,90.6,10.4,14.1,93.1,11.3
2026-08-10T02:21:09,990,12.4,91.3,10,13,98.1,11.1
2026-08-10T04:20:32,1740,14.8,99.4,12.6,14.7,97.6,12.3
2026-08-10T06:20:24,3180,27,59.6,15.3,19.2,72.6,12
2026-08-10T08:20:56,2025,32.6,38.8,13.5,21.1,68.5,12.6
2026-08-10T10:21:46,1710,35.3,31.1,12.5,22,63.3,12.3
2026-08-10T12:22:27,570,23.1,48.4,10,19.3,72.7,12.1
2026-08-10T14:22:53,975,17.7,77.4,11.7,16.6,92.9,13.1
2026-08-10T16:22:29,1440,17,88.6,12.8,15.4,100,13.1
2026-08-10T18:22:07,1515,16.2,91.9,12.7,15,100,12.8
2026-08-10T20:22:17,1575,15.6,92.1,12.2,14.3,100,12.3
2026-08-10T22:21:41,1665,15.8,94.8,12.8,14.7,100,12.6
2026-08-11T00:21:48,1560,15.2,94.7,12.3,14.4,100,12.4
2026-08-11T02:21:52,1170,12.7,93.2,10.4,12.8,100,11.2
2026-08-11T04:22:09,2010,14.7,100,12.6,13.4,100,11.6
2026-08-11T06:21:19,2745,22,78.2,15.2,16.6,90.2,12.7
2026-08-11T08:22:20,3225,36.5,35.6,15.2,22.9,57,11.6
2026-08-11T10:22:19,990,27.8,35.6,9.6,17.9,70.5,10.8
2026-08-11T12:22:58,1035,20.1,55.9,9.7,15.5,81.5,10.8
2026-08-11T14:23:24,1110,18.3,62.8,9.8,14.6,85.6,10.7
2026-08-11T16:23:47,675,15.1,69.7,9,14.4,87.1,10.8
2026-08-11T18:24:15,900,12.1,75.1,8.1,11.9,86.8,9.2
2026-08-11T20:24:12,1035,10.6,81.4,7.9,10.5,91.2,8.8
2026-08-11T22:24:20,765,8.6,82.6,7.1,9.1,94.1,8.3
2026-08-12T00:24:25,735,6.8,86.4,6.6,7.9,95.2,7.8
2026-08-12T02:24:31,765,6.9,89.9,6.9,7.9,98.4,8.1
2026-08-12T04:24:05,1815,11.1,96.5,9.7,11.1,93.1,9.4
2026-08-12T06:23:52,3225,25.2,57.5,13.4,17.1,70.3,10.2
2026-08-12T08:24:18,3330,31.9,36.6,12.3,18.8,57.4,9.2
2026-08-12T10:24:20,1845,29.4,33.7,9.9,17.4,64,9.5
2026-08-12T12:24:32,2055,26.6,39.2,9.9,17.3,61.4,9
2026-08-12T14:24:41,1815,21.3,44.1,8.2,17.2,53.9,7.9
2026-08-12T16:25:03,870,17.7,46.3,7,15.8,59.6,8
2026-08-12T18:24:34,495,13.8,51.6,6.1,13.7,69.3,8.2
2026-08-12T20:24:43,480,10.5,55.4,5.4,11.5,78.7,8.1
2026-08-12T22:24:09,495,8.9,61,5.3,10.2,85.1,8.1
2026-08-13T00:24:31,480,7.8,64.4,5.3,8.7,90.7,7.8
2026-08-13T02:24:17,480,6.7,67.6,5.1,7.6,94.4,7.6
2026-08-13T04:24:49,870,9.8,83.3,7.7,10.4,91.8,8.8
2026-08-13T06:25:33,3390,28.4,51.9,14.4,18.6,66.1,10.5
2026-08-13T08:26:01,3435,37.4,29.2,13.1,22.9,47.3,9.7
2026-08-13T10:26:19,3360,40.2,23.4,12.1,21.9,46.6,9
2026-08-13T12:25:49,1815,30.7,30.3,9.6,20.4,51.9,9.2
2026-08-13T14:25:25,1605,29.1,30.8,8.9,19.9,52.4,9
2026-08-13T16:25:31,570,23.8,33.7,7.3,18.2,57.6,8.9
2026-08-13T18:24:52,555,18.2,34.9,5.4,15.6,69.7,9.3
2026-08-13T20:24:20,495,10.9,43.2,4.3,11.9,82.8,8.8
2026-08-13T22:23:53,495,8.5,51.8,4.4,10.1,87,8.2
2026-08-14T00:23:27,495,8.4,60.9,5.2,9.6,90.6,8.3
2026-08-14T02:23:32,495,10.5,62.6,6.1,10.4,92.3,8.9
2026-08-14T04:23:00,495,12.2,68,7.3,11.5,92.9,9.6
2026-08-14T06:23:10,2805,19.9,77.6,13.3,16,82.2,11.2
2026-08-14T08:22:45,1605,23.5,50.4,10.7,17.4,71.8,10.6
2026-08-14T10:23:12,2070,30,43.1,13.1,19.3,72.2,12
2026-08-14T12:23:35,1935,27.1,37.5,9.7,19.3,55.3,9.2
2026-08-14T14:24:16,675,21.6,46.2,8.8,18.9,65,10.5
2026-08-14T16:23:31,675,20.1,55.4,9.6,17.7,76.1,11.5
2026-08-14T18:23:41,555,18.1,62.8,9.7,16.8,86.5,12.4
2026-08-14T20:22:47,705,16.1,75.1,10.3,15.7,91.3,12.2
2026-08-14T22:22:10,750,15.2,78.1,10.1,14.9,93.9,12
2026-08-15T00:21:55,870,14.8,81.1,10.3,14.5,95.4,11.9
2026-08-15T02:21:45,900,14.4,86.4,10.7,14.6,96.9,12.1
2026-08-15T04:21:38,1305,15.4,92.8,12.2,15.1,100,12.9
2026-08-15T06:22:04,1845,19.4,88,14.7,17,96.2,13.9
2026-08-15T08:21:51,2985,34.8,47.5,18.6,23.1,72.5,15
2026-08-15T10:22:30,2940,39.8,34.7,17.6,24.2,65.9,14.5
2026-08-15T12:21:59,1530,31.1,41.4,13.3,23.4,64.5,13.6
2026-08-15T14:22:32,1020,27,49.6,12.8,22.2,72.5,14.2
2026-08-15T16:22:50,1395,23.6,51.6,11,20.9,62.5,11.4
2026-08-15T18:22:17,555,18.2,61.4,9.5,18.2,76.9,11.9
2026-08-15T20:21:53,555,15.6,75.4,10,16.8,86.2,12.3
2026-08-15T22:22:27,1245,16.1,86,11.8,17,86.6,12.5
2026-08-16T00:21:59,1035,16.1,81.3,11.1,15.9,91.1,12.3
2026-08-16T02:22:30,1050,15.5,84.9,11.2,15.2,95.3,12.4
2026-08-16T04:23:09,1380,16.2,93.2,12.8,15.8,99.6,13.4
2026-08-16T06:23:54,1605,18.5,87.4,13.8,17.4,93.4,13.8
2026-08-16T08:24:03,2415,27.3,63.4,16.6,19.9,84,14.4
2026-08-16T10:23:19,2760,29.8,49.3,14.8,20.2,71.6,12.5
2026-08-16T12:24:05,1245,25.5,48.3,11.4,18.6,76.8,12.2
2026-08-16T14:24:27,1020,23.6,53.1,11.3,17.5,84.2,12.5
2026-08-16T16:24:30,915,19.8,61.1,10.4,16.5,84.7,11.9
2026-08-16T18:23:50,840,16.9,73.7,10.6,15.3,93.6,12.2
2026-08-16T20:24:14,1005,15.4,81.7,10.7,14.2,98,12
2026-08-16T22:24:14,1140,15.2,86,11.2,14.1,100,12.1
2026-08-17T00:23:29,1095,15.1,86.2,11.1,14.1,100,12.1
2026-08-17T02:22:50,975,13.9,88.3,10.6,13.8,100,11.9
2026-08-17T04:23:02,1470,14.6,95.1,11.9,14.2,100,12.2
2026-08-17T06:23:33,2235,18.7,87.1,13.9,15.8,91.9,12.4
2026-08-17T08:24:01,3030,33.1,45.2,16.2,21.3,68.3,12.7
2026-08-17T10:23:13,2175,31.3,40.5,13.2,20.3,68,12
2026-08-17T12:23:14,2040,28.6,43.7,12.3,20.5,64.2,11.4
2026-08-17T14:22:57,1200,24.5,47.5,10.6,19.4,69,11.5
2026-08-17T16:21:59,570,20.6,53.9,9.6,18.3,76.6,12
2026-08-17T18:21:28,555,15.5,58.4,7.7,15.8,78.2,10.5
2026-08-17T20:22:13,495,11.8,65.9,6.9,13.1,85.4,9.7
2026-08-17T22:21:39,495,9.7,71.7,6.6,11.4,90.9,9.3
2026-08-18T00:21:03,495,7.9,75,6.2,9.9,94.7,8.8
2026-08-18T02:20:39,480,6.2,81.2,6,8.5,97.7,8.3
2026-08-18T04:20:56,870,8.7,92.7,8,10.1,97.5,9.2
2026-08-18T06:21:21,2415,22.3,70.7,14,16.9,83.6,12
2026-08-18T08:21:20,3480,38.1,34.5,16,24.3,49.6,11
2026-08-18T10:21:03,3000,35.4,30.1,12.2,21.7,51.7,9.9
2026-08-18T12:21:03,2085,29.3,35.8,10.5,20.1,55.4,9.6
2026-08-18T14:20:41,1185,27,34.9,9,19.4,58.3,9.7
2026-08-18T16:20:25,555,18.3,45.6,7.1,17,65.5,9.5
2026-08-18T18:19:51,555,13.2,50.2,5.8,13.6,80.8,9.5
2026-08-18T20:19:53,495,9.1,59.1,5.2,11.2,88.6,9
2026-08-18T22:20:19,495,8.6,64.5,5.5,10.4,92.5,8.9
2026-08-19T00:20:53,495,8.8,70.8,6.2,10,94.6,8.9
2026-08-19T02:20:14,495,8.3,69,5.8,9.4,97.5,8.8
2026-08-19T04:19:39,495,9.1,82.2,7.3,9.9,99.4,9.3
2026-08-19T06:20:13,2025,17,83.6,12.1,14.6,89.6,11.2
2026-08-19T08:20:20,3285,35.4,35.9,14.5,21.9,57.3,11.1
2026-08-19T10:20:49,3075,37.3,26.7,11.9,21.1,51.9,9.6
2026-08-19T12:21:01,1890,27.9,34.9,9.4,19.8,52.4,8.9
2026-08-19T14:20:40,1425,22.6,38.4,7.7,19.4,47.8,8
2026-08-19T16:21:21,750,18,46.2,7.1,18.1,54.2,8.4
2026-08-19T18:21:35,510,13.7,46.6,5.5,14.6,65.5,8.2
2026-08-19T20:21:19,495,8.8,52,4.5,11.3,76.7,7.8
2026-08-19T22:22:05,495,6.2,57.8,4.3,9,84.9,7.5
2026-08-20T00:22:25,480,4.2,61.1,3.9,7.3,90.8,7.2
2026-08-20T02:21:52,480,3.1,65.4,3.9,6.4,92.8,6.9
2026-08-20T04:21:30,495,8.5,81.8,7,9.9,92.2,8.6
2026-08-20T06:21:03,3225,20.6,86,15.4,16.4,84,11.7
2026-08-20T08:20:53,1755,25.6,46.4,11.1,17.2,73.3,10.7
2026-08-20T10:20:36,555,23.6,38.9,8.3,15.9,81.3,11
2026-08-20T12:20:22,570,18.4,57.9,9.1,14.1,97.6,11.8
2026-08-20T14:20:45,1035,17.4,75.5,11.2,14.5,100,12.4
2026-08-20T16:21:07,1020,16.7,79.6,11.3,14.7,100,12.6
2026-08-20T18:20:48,1305,15.3,86.7,11.3,13.8,100,11.9
2026-08-20T20:20:44,1425,14.8,88.2,11.2,13.1,100,11.4
2026-08-20T22:20:47,1455,14.6,89,11.1,13.1,100,11.4
2026-08-21T00:21:02,1470,13.5,85.8,10,11.4,100,10.3
2026-08-21T02:21:43,1305,12.1,85.9,9.2,10.6,100,9.8
2026-08-21T04:21:25,1665,11.5,93,9.6,10.1,100,9.5
2026-08-21T06:21:57,2355,20.4,85.7,15.2,16.6,93,13.1
2026-08-21T08:22:01,3450,38.2,33.4,15.6,23.6,53.5,11.4
2026-08-21T10:21:59,3015,39.9,25.1,12.8,21,55.2,10.1
2026-08-21T12:22:16,1095,28.2,34.8,9.6,19.8,61.6,10.5
2026-08-21T14:21:59,555,21.3,45.5,8.5,18.3,77,12
2026-08-21T16:22:45,555,17.1,63,9.2,16.8,78.2,11.2
2026-08-21T18:22:22,855,15.5,75.2,9.9,15.3,87.4,11.4
2026-08-21T20:21:51,660,14.3,76.4,9.4,13.8,93.9,11.2
2026-08-21T22:21:09,510,12.6,79,8.7,12.8,96.5,10.8
2026-08-22T00:21:35,1080,12.6,88.2,9.8,12.5,97.5,10.7
2026-08-22T02:21:31,495,12,80.4,8.6,12,100,10.7
2026-08-22T04:20:57,1530,12.5,95.8,10.5,12,100,10.7
2026-08-22T08:21:18,2325,30.8,48.2,15.3,19.6,79.6,13.4
2026-08-22T10:22:05,1680,27.2,48.6,12.7,17.5,83.4,12.4
2026-08-22T12:22:45,1095,24.4,50.9,11.3,17,86,12.4
2026-08-22T14:21:56,795,19.9,58.7,10.1,16,86.7,11.8
2026-08-22T16:22:08,555,16.3,67.8,9.4,14.6,97.5,12.2
2026-08-22T18:21:47,510,14.9,73.8,9.4,14,100,12.1
2026-08-22T20:21:18,600,14.2,79.9,9.8,13.6,100,11.8
2026-08-22T22:22:03,945,14.5,82.8,10.3,13.4,100,11.6
2026-08-23T00:22:25,1260,14.7,86,10.8,13.2,100,11.5
2026-08-23T02:22:43,1470,14.7,88.8,11.2,13.1,100,11.4
2026-08-23T06:23:02,1860,15,91.5,11.7,12.8,100,11.2
2026-08-23T08:22:56,2070,16.6,89.4,12.6,13.4,100,11.6
2026-08-23T10:23:42,1950,16.6,87.8,12.4,13.4,100,11.6
2026-08-23T12:23:08,1860,18.2,78.7,12.2,13.4,100,11.6
2026-08-23T14:23:46,1470,16.4,79.6,11.1,13.1,100,11.4
2026-08-23T16:23:06,1665,16,82.4,11.2,13.8,93.2,11.1
2026-08-23T18:23:46,1335,14.9,82.9,10.6,13.6,93.8,11
2026-08-23T20:23:10,1395,13.7,88.9,10.5,13.2,94.5,10.8
2026-08-23T22:23:30,1275,13.2,89.5,10.3,12.8,96.9,10.8
2026-08-24T00:23:49,1065,11.8,90.3,9.5,11.7,100,10.5
2026-08-24T02:24:26,1290,11.4,94.3,9.7,11.2,100,10.1
2026-08-24T04:25:16,1530,11.8,95.2,10,11.3,100,10.2
2026-08-24T06:25:38,2820,18.3,86.9,13.6,14.2,92.3,11.3
2026-08-24T08:26:05,2175,21.3,65.1,12.1,14.9,86.2,11
2026-08-24T10:25:15,3045,25.8,56.1,13.5,16.7,76,10.8
2026-08-24T12:25:23,1965,22.5,58.3,11.6,16.8,76.1,10.9
2026-08-24T14:26:07,720,18.2,63.4,9.9,14.6,93.8,11.7
2026-08-24T16:25:26,750,16.4,69.5,9.7,14.5,92.6,11.5
2026-08-24T18:25:39,495,13.4,76.4,8.9,13.1,97.3,11.1
2026-08-24T20:25:57,495,10.6,81.5,8,11.5,98.9,10.2
2026-08-24T22:25:59,495,9.8,84.6,7.8,10.6,100,9.8
2026-08-25T00:25:45,480,8.9,84.9,7.4,9.6,100,9.2
2026-08-25T02:26:31,600,8.2,86.1,7.2,8.8,100,8.7
2026-08-25T04:26:24,1260,10.1,90.2,8.5,9.4,100,9
2026-08-25T06:26:34,2865,19.7,79,13.4,14.7,87.9,11.1
2026-08-25T08:25:52,3420,31.9,40.5,13.6,17.9,61.4,9.4
2026-08-25T10:25:08,3420,33.5,33.6,12.3,16.7,61.6,8.8
2026-08-25T12:25:38,2835,25.7,41.8,10,17.5,56.3,8.4
2026-08-25T14:25:16,1350,21.6,43.8,8.3,17.7,57.9,8.7
2026-08-25T16:25:46,555,17.7,48.8,7.4,17.6,59.7,9
2026-08-25T18:26:09,555,12,51.4,5.5,13.1,79.7,9.1
2026-08-25T20:26:12,495,8.7,60.7,5.2,10.8,87.4,8.6
2026-08-25T22:26:40,495,9.4,64.9,5.9,10.3,90.5,8.7
2026-08-26T00:26:19,495,7.9,67.9,5.6,9.6,94.8,8.7
2026-08-26T02:26:55,495,8.7,73.7,6.4,10.1,99.6,9.4
2026-08-26T04:27:10,495,11.1,79,8,11.3,99.4,10.1
2026-08-26T06:28:02,2475,21.4,79.6,14.9,17.9,83.8,12.8
2026-08-26T08:28:19,2820,38.4,34.4,16.2,25.2,59,13.7
2026-08-26T10:27:26,2955,37.8,30.9,14.1,22.5,58.3,11.6
2026-08-26T12:27:27,1275,28.4,38.6,10.7,20.5,64.1,11.4
2026-08-26T14:26:55,1020,26.5,40.8,10.2,19.8,67.1,11.5
2026-08-26T16:26:41,570,20.4,48.1,8.5,18.6,73.9,11.8
2026-08-26T18:26:27,555,14.1,54.9,6.7,15,86,11
2026-08-26T20:27:06,495,10.4,62.5,6,12.3,91.4,9.9
2026-08-26T22:27:09,495,8.3,66.5,5.6,10.5,95.5,9.3
2026-08-27T00:26:34,480,7.2,70.6,5.5,9.4,97.6,8.8
2026-08-27T02:26:42,495,6.6,73.5,5.5,8.2,99.5,8.3
2026-08-27T04:26:07,480,7.8,82.2,6.7,9.9,98.3,9.2
2026-08-27T06:25:41,3315,23.7,80.2,17.2,19.8,75.3,12.9
2026-08-27T08:25:49,2955,38.6,31.4,15,26.7,49,12.4
2026-08-27T10:25:07,2370,38.5,25,11.9,23.1,50.3,10.4
2026-08-27T12:25:39,1200,28,31,8.4,20.9,50.1,9.1
2026-08-27T14:25:42,855,23.3,39.4,8.2,20.4,54.3,9.6
2026-08-27T16:26:11,555,22.1,41.8,8.2,19.4,61.1,10.2
2026-08-27T18:26:51,570,16.5,45.3,6.4,16.3,75.7,10.5
2026-08-27T20:26:31,495,10.9,54.5,5.4,13.2,84.7,9.7
2026-08-27T22:27:22,495,9.9,62.9,5.9,11.7,90.2,9.4
2026-08-28T00:26:45,480,8.4,62.7,5.3,10.3,93.3,8.9
2026-08-28T02:27:06,495,7.6,66.9,5.4,9.6,94.2,8.6
2026-08-28T04:27:34,480,8.6,76.2,6.5,9.9,95.7,8.9
2026-08-28T06:27:01,2715,19.4,80.1,13.4,15.3,86.4,11.3
2026-08-28T08:27:48,2190,27.4,53.7,14.1,19.7,74.9,12.7
2026-08-28T10:27:34,2025,32.9,36.9,13.1,20.8,67.1,12.1
2026-08-28T12:28:21,1500,27.5,42.3,11.2,20.2,66,11.5
2026-08-28T14:28:03,1095,25.5,43.7,10.3,19.3,68.8,11.4
2026-08-28T16:28:50,705,19.8,57.6,9.8,17.8,77.2,11.7
2026-08-28T18:29:13,555,16.7,65.9,9.4,16.1,90.9,12.5
2026-08-28T20:29:43,555,14.9,74.8,9.5,15.3,91.8,12
2026-08-28T22:30:12,555,14.2,82.1,10,14.9,95.9,12.2
2026-08-29T00:30:57,555,13.5,83.6,9.8,14.3,98.2,12.1
2026-08-29T02:31:13,750,13.1,88.4,10.1,13.7,100,11.8
2026-08-29T04:30:34,1200,13.7,93.7,11.1,13.8,100,11.9
2026-08-29T06:31:04,2715,18.3,92.6,14.5,16.9,84.7,12.2
2026-08-29T08:30:23,1710,21.6,61.6,11.7,17.5,76.6,11.4
2026-08-29T10:31:03,1485,26,46.5,11.3,18.7,72.7,11.6
2026-08-29T12:30:42,1500,24.2,52.6,11.6,18.4,74.8,11.8
2026-08-29T14:31:25,1245,22.7,55.2,11.2,18.3,76.2,11.9
2026-08-29T16:30:39,1110,19.7,64.9,11,17.5,80.1,11.9
2026-08-29T18:30:50,1365,18,70.5,10.8,17.2,77,11.3
2026-08-29T20:30:05,1380,17.1,76.7,11.2,16.8,81.1,11.6
2026-08-29T22:30:25,1275,16.5,79,11.1,16.3,84.5,11.7
2026-08-30T00:30:41,1170,15.7,86.2,11.5,14.8,98.5,12.5
2026-08-30T02:31:01,1470,15.6,92.3,12.3,14.7,100,12.6
2026-08-30T04:31:24,1605,16,94.1,12.8,14.9,100,12.7
2026-08-30T06:31:39,1755,16.9,93.5,13.4,15.3,100,13.1
2026-08-30T08:32:13,1860,18.4,91.6,14.4,16.1,100,13.7
2026-08-30T10:32:10,2175,20.8,89,16.1,17.3,98.6,14.5
2026-08-30T12:32:51,1620,25.5,57.1,13.5,18.1,86.7,13.4
2026-08-30T14:32:29,1545,22,69.1,13.4,18.6,85.1,13.5
2026-08-30T16:32:32,1170,19.1,74.8,12.3,17.2,90.2,13.2
2026-08-30T18:31:44,960,15.3,86.5,11.3,15.3,97.1,12.7
2026-08-30T20:30:52,1140,15.2,91.2,11.8,15,100,12.8
2026-08-30T22:31:04,1395,15.6,96.1,12.8,15.4,100,13.1
2026-08-31T00:31:28,1590,16,96.8,13.2,15.4,100,13.1
2026-08-31T02:30:56,1725,16.3,98.2,13.6,15.6,100,13.3
2026-08-31T04:30:30,1815,16.4,98.5,13.7,15.5,100,13.2
2026-08-31T06:29:52,1950,16.7,99.5,14.1,15.5,100,13.2
2026-08-31T08:29:32,1980,16.9,100,14.4,15.7,100,13.4
2026-08-31T10:29:52,2175,18.7,100,16,16.9,100,14.4
2026-08-31T12:30:31,2115,21.9,86.1,16.6,17.8,100,15.2
2026-08-31T14:29:48,1650,21.8,78.7,15.1,17.5,100,14.9
2026-08-31T16:29:29,1575,19.4,84,14,16.6,100,14.1
2026-08-31T18:29:06,1560,16.8,91.5,13.1,15.5,100,13.2
2026-08-31T20:29:15,1590,16,94.8,12.9,15,100,12.8
2026-08-31T22:29:38,1635,15.2,96.5,12.5,14.5,100,12.4
2026-09-01T00:29:14,1620,14.5,97,12.1,13.9,100,12
2026-09-01T02:28:26,1590,13.1,99.5,11.3,13,100,11.3
2026-09-01T04:28:45,1905,14.8,100,12.7,13.8,100,11.9
2026-09-01T06:29:02,2205,17.8,100,15.2,15.9,100,13.5
2026-09-01T08:28:26,2355,24.3,72.5,16,18.1,90.4,14
2026-09-01T10:28:51,1920,25.2,57.4,13.4,18.2,81.3,12.6
2026-09-01T12:29:33,1755,25.8,56.9,13.7,18.6,83.9,13.3
2026-09-01T14:29:06,1290,22.7,61.4,12.4,18.7,81.7,13.1
2026-09-01T16:28:40,1080,20,70.7,12.2,18.2,86.9,13.5
2026-09-01T18:29:06,0,14.8,78,9.9,15.3,95.8,12.5
2026-09-01T20:28:11,0,12.4,84.2,9.2,13.3,100,11.5
2026-09-01T22:27:47,870,11,93.5,9.4,12.2,100,10.8
2026-09-02T00:28:37,480,9.4,90.1,8.1,10.9,100,9.9
2026-09-02T02:27:46,990,9.9,93.9,8.8,10.6,100,9.8
2026-09-02T04:27:10,1650,12.4,94.5,10.3,11.3,100,10.2
2026-09-02T06:26:45,2085,13.9,91.8,11,11,100,10
2026-09-02T08:26:13,2430,26,65,15.8,16.5,81.9,11.5
2026-09-02T10:27:01,2460,36.4,35.5,15.1,17.8,70.2,10.7
2026-09-02T12:26:28,1980,24.2,51.5,11.3,18.3,67.9,10.6
2026-09-02T14:25:40,1125,19.9,58.1,10,18.6,68.3,10.9
2026-09-02T16:25:26,0,17.7,58.6,8.8,18,72.5,11.1
2026-09-02T18:25:02,0,14,52.5,6.3,14.8,90.9,11.5
2026-09-02T20:24:49,0,12.5,67.5,7.4,13.5,97.6,11.4
2026-09-02T22:24:21,0,11,68,6.8,11.8,98.8,10.4
2026-09-03T00:24:15,0,9.4,78.5,7.1,11.1,100,10.1
2026-09-03T02:23:59,0,9.7,77.5,7.1,12.4,100,10.9
2026-09-03T04:23:36,840,12.8,91,10.2,13.6,100,11.8
2026-09-03T06:22:58,1620,15,92.7,11.9,14.5,95,11.8
2026-09-03T08:23:20,2430,28.5,46.1,12.9,19.2,65.3,10.8
2026-09-03T10:23:43,2430,30.9,37.6,12,18.5,55.7,8.8
2026-09-03T12:23:57,1245,22.1,42.8,8.4,17.5,59.7,8.9
2026-09-03T14:24:02,615,17.9,51.9,7.9,16.5,67.8,9.5
2026-09-03T16:24:26,600,15.4,57.1,7.5,14.8,71.2,9
2026-09-03T18:24:35,0,11.2,63.9,6.5,12,80.4,8.6
2026-09-03T20:24:05,0,8.3,71.4,6,9.3,87.5,7.9
2026-09-03T22:23:14,1275,6.3,92.8,6.9,7.2,92.4,7.3
2026-09-04T00:22:56,0,4.5,75.9,5,6.2,95.4,7
2026-09-04T02:23:32,1245,5.8,95.8,6.9,6.4,97.7,7.3
2026-09-04T04:24:27,0,6.2,81.6,6,7.1,99.2,7.7
2026-09-04T06:23:44,1875,11.7,98.9,10.3,11.2,97.5,9.9
2026-09-04T08:24:01,2280,25.6,58.5,13.9,18.2,79.3,12.3
2026-09-04T10:23:22,2445,34.9,35.6,14,17.6,62.5,9.4
2026-09-04T12:22:49,1260,25.6,37.8,9,17,66.3,9.6
2026-09-04T14:23:39,0,18.9,47.4,7.7,15.1,77.5,10
2026-09-04T16:24:21,0,16.4,46.1,6.4,14.2,81.1,9.9
2026-09-04T18:24:19,0,11.7,65.3,6.8,11.8,89,9.4
2026-09-04T20:25:04,1215,9,90.3,8,9.6,93,8.5
2026-09-04T22:25:09,0,8,69.4,5.7,8.7,95.4,8.2
2026-09-05T00:25:25,1185,6.9,92.3,7.1,7.1,97.6,7.6
2026-09-05T02:24:58,0,5.3,75.2,5.2,5.7,100,7.1
2026-09-05T04:25:41,1110,4.9,94.2,6.4,5.3,100,6.9
2026-09-05T06:24:54,1815,13.8,80.2,9.6,10.8,93.3,9.2
2026-09-05T08:24:24,1860,25.3,48.1,11.3,15.3,82.6,10.8
2026-09-05T10:23:45,2460,37.8,33.1,15.2,18.2,66.9,10.4
2026-09-05T12:23:12,780,18.2,57.9,9,15.2,81.5,10.6
2026-09-05T14:22:21,1380,16.3,64.6,9,15.6,70.2,9.3
2026-09-05T16:22:29,780,15.2,61.9,8,14.6,74.9,9.4
2026-09-05T18:21:57,0,13,66,7.5,12.8,83.7,9.4
2026-09-05T20:21:42,0,10.3,66.7,6.4,10.8,93,9.2
2026-09-05T22:20:51,0,8.4,68.3,5.8,9.1,98.5,8.7
2026-09-06T00:20:01,0,7.1,69.6,5.4,7.5,100,8
2026-09-06T02:19:43,0,7.9,75.4,6.2,7.6,100,8.1
2026-09-06T04:19:38,450,8.8,78.8,6.9,8.4,100,8.5
2026-09-06T06:19:36,2025,13.8,82.5,9.8,12,84.8,9
2026-09-06T08:19:12,2445,25.1,44.8,10.4,14.7,62.5,7.9
2026-09-06T10:19:32,2430,30.1,31.6,9.6,14,57.9,7
2026-09-06T12:19:52,1725,18.4,44.2,6.9,14,56,6.8
2026-09-06T14:19:37,1290,14.9,48.1,6.1,14.2,52.9,6.5
2026-09-06T16:19:26,840,12.8,49.5,5.5,13.4,55.4,6.4
2026-09-06T18:19:09,0,8,51.1,4.2,9.6,68.3,6.3
2026-09-06T20:18:51,0,5,55.5,3.8,7.4,81.6,6.5
2026-09-06T22:18:20,0,3.6,54,3.3,5.6,87.6,6.2
2026-09-07T00:18:10,0,2.5,60,3.5,4.4,91.2,6
2026-09-07T02:18:50,0,2.5,63.4,3.6,3.5,94.5,5.8
2026-09-07T04:19:27,0,1.8,72,3.9,2.8,94.9,5.6
2026-09-07T06:18:42,1650,11.7,75.8,7.9,11.4,76.8,7.9
2026-09-07T08:18:08,2145,23.8,35.4,7.6,13.4,59.2,6.9
2026-09-07T10:18:18,2430,28.6,31.4,8.8,15.2,56.2,7.3
2026-09-07T12:18:22,720,19.4,40.2,6.7,14.4,64.5,8
2026-09-07T14:17:46,0,16.2,52.8,7.3,15.2,75.3,9.8
2026-09-07T16:18:28,480,17.3,59.3,8.7,14.7,85.5,10.8
2026-09-07T18:19:15,735,15.2,73.2,9.5,14.2,91.7,11.2
2026-09-07T20:18:28,870,14.4,81.8,10.1,13.4,100,11.6
2026-09-07T22:19:19,960,14.2,85.1,10.4,13.5,100,11.7
2026-09-08T00:19:15,1230,14.2,91.9,11.2,13.9,100,12
2026-09-08T02:19:03,1470,14.5,94.4,11.7,14,100,12.1
2026-09-08T04:19:42,1530,14.7,95,12,14,100,12.1
2026-09-08T06:20:45,1905,15.4,97.8,12.8,14,100,12.1
2026-09-08T08:20:53,1890,15.5,96.4,12.7,14,100,12.1
2026-09-08T10:20:11,1875,16.2,95.6,13.2,14.5,100,12.4
2026-09-08T12:19:27,1695,16.7,92.2,13.1,15,99.8,12.8
2026-09-08T14:19:53,1620,16,90.9,12.4,15.4,93,12.2
2026-09-08T16:20:26,1395,15.3,91.8,12,14.6,99.2,12.4
2026-09-08T18:20:35,1515,14.8,95.3,12.1,14.9,95.5,12.2
2026-09-08T20:19:57,1680,15.2,98,12.7,14.6,100,12.5
2026-09-08T22:19:29,1620,15.2,97.2,12.6,14.6,100,12.5
2026-09-09T00:18:49,1725,14.6,98.9,12.4,14.1,100,12.1
2026-09-09T02:18:32,1785,15,99.9,12.8,14.4,100,12.4
2026-09-09T04:18:46,1845,15.4,100,13.1,14.6,100,12.5
2026-09-09T06:18:15,1890,16.2,100,13.8,15.3,100,13.1
2026-09-09T08:17:48,2055,17.6,100,15,16.4,98.5,13.7
2026-09-09T10:16:53,1950,19.6,82,13.8,16.5,92,12.9
2026-09-09T12:16:36,1560,17.5,85.2,12.7,15,100,12.8
2026-09-09T14:16:41,1665,16.7,89.1,12.7,14.6,100,12.5
2026-09-09T16:16:11,1710,16,92.8,12.6,14.5,100,12.4
2026-09-09T18:16:05,1785,15.3,96,12.5,14,100,12.1
2026-09-09T20:16:03,1815,14.9,97,12.4,13.8,100,11.9
2026-09-09T22:16:16,1785,14.3,97.1,11.9,13.2,100,11.5
2026-09-10T00:16:30,1785,13.6,98.1,11.5,12.7,100,11.1
2026-09-10T02:16:05,1920,14,99.2,12,12.9,100,11.3
2026-09-10T04:16:59,1785,13,100,11.3,12.3,100,10.9
2026-09-10T06:17:16,1980,14.1,98.8,12,12.7,100,11.1
2026-09-10T08:17:16,2445,19.7,90.3,15.3,15.8,91.8,12.4
2026-09-10T10:17:17,2445,27.2,61,15.9,17.8,85.1,12.9
2026-09-10T12:16:35,1815,23.7,56.1,12,17.2,78.9,11.5
2026-09-10T14:15:55,1440,20.5,63.7,11.3,16.3,84.1,11.7
2026-09-10T16:15:53,915,17.7,66.8,10.1,15,89.3,11.4
2026-09-10T18:16:12,840,13.8,77.1,9.2,12.3,97.8,10.6
2026-09-10T20:16:37,930,12.7,82.4,9.2,11.5,100,10.3
2026-09-10T22:16:22,1035,12,85,9.1,11,100,10
2026-09-11T00:15:58,975,10.1,87,8.2,9.8,100,9.3
2026-09-11T02:16:33,930,8.5,87.1,7.4,8.3,100,8.4
2026-09-11T04:16:27,1065,7.4,90.5,7.2,7.4,100,8
