timestamp,rpm,mold_index,indoor_temp_c,indoor_rh_pct,indoor_abs_humidity_g_m3,outdoor_temp_c,outdoor_rh_pct,outdoor_abs_humidity_g_m3
2025-06-18T18:06:54Z,1125,,,,,,,
2025-06-18T20:26:57Z,1110,,,,,,,
2025-06-18T21:27:40Z,1095,,,,,,,
2025-06-19T03:07:50Z,1830,,10.4,87.5,8.43,10.1,85.3,8.06
2025-06-19T05:07:48Z,2025,,13.3,80.9,9.34,11.3,84.1,8.58
2025-06-19T07:08:25Z,2025,,19.1,61.1,10.01,13.7,77.6,9.19
2025-06-19T09:07:33Z,1725,,24.3,43.9,9.72,15.9,70.3,9.52
2025-06-19T11:07:35Z,750,,19.6,49.9,8.42,14.5,79.5,9.88
2025-06-19T13:08:24Z,1050,,17.5,61,9.09,14.4,81.4,10.06
2025-06-19T15:09:00Z,1185,,16.7,66.9,9.5,14.2,83.5,10.19
2025-06-19T17:08:41Z,1410,,15.4,75.9,9.97,13.8,86.1,10.25
2025-06-19T19:08:49Z,1365,,13.6,80.3,9.45,13.5,84.3,9.86
2025-06-19T21:08:39Z,1335,,12.9,84.9,9.56,12.5,90.5,9.95
2025-06-19T23:08:35Z,1470,,12.3,85.8,9.31,12,88.8,9.46
2025-06-20T01:08:25Z,1530,,11.8,86,9.05,11.8,86.3,9.08
2025-06-20T03:08:52Z,1815,,12.2,87.4,9.43,11.8,86,9.05
2025-06-20T05:08:16Z,2475,,16,77.6,10.57,13.3,78.2,9.03
2025-06-20T07:08:25Z,3000,,24,46.5,10.12,17.2,55.7,8.15
2025-06-20T09:08:32Z,3015,,34.7,23,8.97,20.2,41.7,7.29
2025-06-20T11:08:06Z,2985,,38,16.1,7.45,18.4,38.7,6.09
2025-06-20T13:07:38Z,2835,,40.5,14.2,7.45,19.3,37.9,6.28
2025-06-20T15:06:55Z,1320,,33.5,17.9,6.55,20,40.4,6.98
2025-06-20T17:06:09Z,510,,25.8,25.2,6.07,17.8,52.7,8.0
2025-06-20T19:06:50Z,510,,18.7,33.6,5.38,16.1,60,8.22
2025-06-20T21:06:03Z,495,,12,45.6,4.86,13.2,68,7.8
2025-06-20T23:06:36Z,495,,9,60.4,5.32,10.7,74.8,7.34
2025-06-21T01:06:28Z,495,,7.8,67.7,5.52,9.2,80.4,7.18
2025-06-21T03:07:04Z,1170,,8.8,83.2,7.24,10.5,80.3,7.79
2025-06-21T05:07:00Z,2025,,18.4,61.8,9.72,15.1,69.4,8.95
2025-06-21T07:07:58Z,1320,,19.7,49.2,8.35,14.6,70.1,8.77
2025-06-21T09:07:25Z,1080,,15.1,59.9,7.72,12.1,79.1,8.48
2025-06-21T11:07:04Z,1545,,14.5,76,9.45,11.9,89.5,9.48
2025-06-21T13:06:48Z,2070,,22,55.3,10.73,14.5,78.7,9.78
2025-06-21T15:06:59Z,1935,,16.2,72.2,9.95,12.6,84.3,9.32
2025-06-21T17:06:47Z,1365,,16,59.2,8.06,12,78.5,8.36
2025-06-21T19:07:22Z,1200,,13.4,67,7.79,11.2,82.2,8.33
2025-06-21T21:07:36Z,1260,,11,80.6,8.06,9.9,90.6,8.46
2025-06-21T23:07:24Z,1440,,11.2,85.5,8.66,10.3,92.4,8.85
2025-06-22T01:07:43Z,1425,,10.6,84.7,8.26,9.9,90.9,8.48
2025-06-22T03:06:59Z,1665,,10.3,88.5,8.47,10.1,87.8,8.3
2025-06-22T05:06:09Z,2265,,14.1,83.4,10.12,12.7,80,8.9
2025-06-22T07:05:24Z,2325,,28.8,35.1,9.98,20.6,49,8.77
2025-06-22T09:05:18Z,1710,,30.7,25.4,8.01,18.9,48.6,7.87
2025-06-22T11:05:49Z,1545,,30.4,24.1,7.48,18.3,48.5,7.58
2025-06-22T13:05:12Z,2100,,32.8,21.4,7.55,18,44.9,6.89
2025-06-22T15:05:02Z,1110,,30.4,21.3,6.61,18.3,46.4,7.25
2025-06-22T17:04:14Z,510,,27.1,20.9,5.41,18.1,44.6,6.89
2025-06-22T19:04:43Z,510,,20,29.1,5.03,16.4,53.4,7.45
2025-06-22T21:05:19Z,510,,12.1,39.4,4.22,13.1,62.3,7.11
2025-06-22T23:05:14Z,495,,6.4,48.1,3.58,9.1,74.3,6.59
2025-06-23T01:04:57Z,480,,3.8,56.1,3.52,7,80.9,6.27
2025-06-23T03:05:25Z,1020,,7.4,83,6.6,9.7,78.4,7.23
2025-06-23T05:06:14Z,3210,,17.8,69,10.47,15.8,59.5,8.01
2025-06-23T07:05:22Z,1395,,23.7,30.5,6.52,17,47.1,6.81
2025-06-23T09:04:44Z,1350,,23.2,36.2,7.53,16,57.4,7.82
2025-06-23T11:04:27Z,1290,,24.6,32.5,7.32,16.6,54.9,7.75
2025-06-23T13:03:44Z,1395,,23.7,33.7,7.21,16.8,52.4,7.49
2025-06-23T15:03:39Z,720,,22.3,34.5,6.81,16.2,58.5,8.06
2025-06-23T17:04:13Z,1170,,15.3,63.3,8.26,14.2,72.8,8.89
2025-06-23T19:03:46Z,1410,,13.4,81.2,9.44,12.4,88.7,9.69
2025-06-23T21:03:37Z,1545,,12.8,88.9,9.95,11.9,94.3,9.98
2025-06-23T23:02:55Z,1665,,12.9,92.2,10.39,12.1,95.4,10.23
2025-06-24T01:02:36Z,1665,,12.7,92.3,10.27,12.1,94.8,10.16
2025-06-24T03:01:53Z,1950,,13.5,95.4,11.15,12.8,92.7,10.38
2025-06-24T05:02:39Z,1890,,14.5,90,11.19,13.4,91.5,10.63
2025-06-24T07:02:36Z,1845,,15.4,90.1,11.83,13.8,94.4,11.24
2025-06-24T09:03:07Z,1740,,14.6,88.5,11.07,12.8,95.3,10.67
2025-06-24T11:02:54Z,1815,,14.1,87.9,10.66,12.3,93.9,10.19
2025-06-24T13:03:15Z,1800,,15.1,82.7,10.66,12.9,90.8,10.23
2025-06-24T15:02:59Z,1575,,15.5,75.4,9.96,12.6,89.6,9.91
2025-06-24T17:03:00Z,1695,,14.3,84.9,10.43,12.3,93.6,10.16
2025-06-24T19:02:44Z,1560,,13.1,88.9,10.14,11.9,96.2,10.18
2025-06-24T21:03:16Z,1665,,12.4,92.3,10.08,11.4,96.4,9.89
2025-06-24T23:03:52Z,1770,,12.3,94.5,10.26,11.4,97.1,9.96
2025-06-25T01:04:07Z,1800,,12.5,96.2,10.57,11.7,97.2,10.16
2025-06-25T03:04:27Z,1800,,13.4,97.3,11.31,12.7,98,10.9
2025-06-25T05:03:40Z,1995,,14.8,95.2,12.05,13.3,96.3,11.12
2025-06-25T07:02:56Z,1815,,15.2,88.2,11.44,13.4,93.7,10.89
2025-06-25T09:03:31Z,1905,,17.5,76.4,11.39,14,88.7,10.69
2025-06-25T11:03:47Z,1485,,21.4,56.3,10.55,15.3,82.5,10.77
2025-06-25T13:03:14Z,1500,,23.4,52.6,11.06,16.3,81.2,11.26
2025-06-25T15:03:43Z,1425,,23.2,51.6,10.73,16,81.1,11.05
2025-06-25T17:03:25Z,1050,,18.6,61.4,9.77,15.2,83.1,10.78
2025-06-25T19:03:29Z,1050,,14.9,69.5,8.85,13.4,84,9.76
2025-06-25T21:04:02Z,1470,,12.4,79,8.63,12.3,80.3,8.72
2025-06-25T23:04:14Z,1560,,12.3,73.7,8.0,11.7,76.6,8.01
2025-06-26T01:04:00Z,1170,,9.1,78.2,6.94,9.2,83.8,7.48
2025-06-26T03:04:06Z,1815,,9.1,89.1,7.9,8.9,85.9,7.52
2025-06-26T05:04:38Z,2445,,14.8,70.7,8.95,11.1,75.7,7.62
2025-06-26T07:04:09Z,3000,,26,42.2,10.28,16.7,57.9,8.23
2025-06-26T09:04:40Z,1965,,32.2,26.1,8.92,17.8,55.1,8.36
2025-06-26T11:04:15Z,2340,,35.6,23.1,9.44,17,56.9,8.23
2025-06-26T13:04:34Z,2040,,36.9,20,8.74,15.2,62.5,8.11
2025-06-26T15:05:04Z,1320,,33.6,21.5,7.91,16.7,59.5,8.45
2025-06-26T17:04:27Z,525,,27.3,27.2,7.12,16.2,63.8,8.79
2025-06-26T19:03:39Z,510,,16.1,46.9,6.43,13.4,73.1,8.49
2025-06-26T21:03:17Z,495,,9.2,56.1,5.01,10.8,78.7,7.78
2025-06-26T23:03:11Z,495,,5.4,61.2,4.27,8.6,85.1,7.31
2025-06-27T01:03:52Z,480,,3.4,69.4,4.24,7.4,88.6,7.04
2025-06-27T03:04:25Z,495,,6.8,94.3,7.21,10.3,92.7,8.87
2025-06-27T05:03:41Z,3375,,19.6,100,16.88,17.7,71.6,10.8
2025-06-27T07:03:53Z,1785,,30.6,28.6,8.97,21.2,46.8,8.67
2025-06-27T09:04:06Z,1380,,33.7,22.1,8.18,19.9,49.9,8.57
2025-06-27T11:04:16Z,1140,,30.7,25.3,7.98,18.2,56,8.7
2025-06-27T13:04:48Z,1230,,30.4,27.2,8.44,18.2,58.2,9.04
2025-06-27T15:05:05Z,795,,23.7,37.7,8.06,17.2,64.8,9.49
2025-06-27T17:05:38Z,525,,19.3,47.9,7.94,16.1,72.5,9.93
2025-06-27T19:06:19Z,510,,15.6,64.2,8.53,14.9,81.8,10.42
2025-06-27T21:06:34Z,765,,14.1,71.8,8.71,13.8,85.1,10.14
2025-06-27T23:06:07Z,1200,,13.5,79.9,9.34,12.9,88.9,10.02
2025-06-28T01:05:44Z,1440,,13.1,84.2,9.6,12.3,90.6,9.83
2025-06-28T03:05:43Z,1695,,13.1,87.5,9.98,12.1,90.9,9.74
2025-06-28T05:05:41Z,1875,,14.4,85.6,10.58,12.7,90.4,10.06
2025-06-28T07:06:21Z,1875,,15.2,85.9,11.15,13.4,90.5,10.52
2025-06-28T09:06:43Z,1875,,17.3,78.4,11.55,14.3,89,10.93
2025-06-28T11:06:22Z,3120,,25.8,59.2,14.26,16.8,78.3,11.19
2025-06-28T13:05:50Z,1305,,30.2,32.9,10.1,18.8,66.4,10.69
2025-06-28T15:06:10Z,855,,34.4,22.8,8.75,18.5,64.1,10.14
2025-06-28T17:06:11Z,525,,24.2,34.8,7.66,16.9,68.5,9.85
2025-06-28T19:05:31Z,510,,17.4,56.5,8.37,15.2,80.6,10.46
2025-06-28T21:05:05Z,1245,,14.3,72.4,8.89,13.4,81.1,9.42
2025-06-28T23:05:52Z,1335,,13.7,85.8,10.16,13,93.4,10.59
2025-06-29T01:05:59Z,1530,,13.9,93.2,11.17,13.1,98.2,11.2
2025-06-29T05:04:55Z,1740,,15.4,93.6,12.29,14,99.2,11.96
2025-06-29T07:05:07Z,1680,,15.9,88.9,12.03,14.5,95.8,11.91
2025-06-29T09:05:44Z,1800,,20.1,70,12.17,15.1,90.9,11.72
2025-06-29T11:05:52Z,3180,,33.2,31.8,11.46,17.8,59.1,8.97
2025-06-29T13:05:50Z,1935,,31.9,24.2,8.14,18.7,48,7.68
2025-06-29T15:06:10Z,1230,,28.9,22.9,6.55,18,45.3,6.96
2025-06-29T17:06:41Z,915,,23.7,29.4,6.29,17.2,49.1,7.19
2025-06-29T19:06:31Z,495,,16.4,39.6,5.52,15.4,55,7.22
2025-06-29T21:06:20Z,510,,11.8,52.1,5.48,13.2,64,7.35
2025-06-29T23:07:10Z,495,,10.1,64.4,6.09,12,70.8,7.54
2025-06-30T01:06:43Z,750,,9.2,73.9,6.6,11.1,77,7.75
2025-06-30T03:06:13Z,1635,,10.8,84.3,8.33,12.3,75.3,8.17
2025-06-30T05:07:02Z,2370,,19.4,62.1,10.36,17,62,8.97
2025-06-30T07:07:02Z,2145,,28.1,33,9.03,19.9,47.4,8.14
2025-06-30T09:07:49Z,1365,,27.7,30.8,8.24,18.5,54.4,8.6
2025-06-30T11:08:18Z,3015,,35.2,25.1,10.05,19.6,48.1,8.12
2025-06-30T13:07:45Z,1485,,34.4,21.1,8.1,20.3,47.7,8.39
2025-06-30T15:06:56Z,870,,26.7,29.1,7.37,18.9,52.8,8.55
2025-06-30T17:06:51Z,525,,24.3,31.9,7.06,18,56.8,8.72
2025-06-30T19:07:32Z,510,,18,40.8,6.26,16.7,64.4,9.15
2025-06-30T21:08:12Z,510,,12.9,59.7,6.73,14.4,73.8,9.12
2025-06-30T23:08:23Z,555,,11.5,71.8,7.41,13.2,77.8,8.93
2025-07-01T01:07:20Z,735,,10.4,78.1,7.52,12.1,81.6,8.75
2025-07-01T03:06:58Z,1695,,12.1,89.7,9.62,14,77.9,9.39
2025-07-01T05:07:37Z,2430,,21.8,60.4,11.59,20.1,57.3,9.96
2025-07-01T07:06:57Z,2100,,32.5,29.5,10.24,23.9,43.3,9.37
2025-07-01T09:06:21Z,2430,,39.8,19.9,10.08,25.4,37.1,8.74
2025-07-01T11:06:22Z,2430,,42.7,15.5,9.08,23.5,37.4,7.91
2025-07-01T13:06:29Z,2085,,43.2,15.6,9.36,24.2,39.5,8.69
2025-07-01T15:06:57Z,1365,,38.4,18.2,8.59,24.2,41.2,9.07
2025-07-01T17:06:23Z,585,,28.1,26.7,7.31,22.6,44.9,9.02
2025-07-01T19:07:11Z,525,,21.7,33.9,6.47,20.3,49,8.62
2025-07-01T21:07:42Z,525,,15.5,43.4,5.73,17.2,57.3,8.39
2025-07-01T23:06:59Z,510,,12.6,54.4,6.02,14.9,62,7.9
2025-07-02T01:06:32Z,555,,10.6,65.4,6.38,12.9,68.3,7.69
2025-07-02T03:06:42Z,1470,,11.8,79.9,8.41,14.4,68.5,8.46
2025-07-02T05:06:52Z,2115,,26.1,47.4,11.61,24.8,46.4,10.56
2025-07-02T07:07:14Z,1950,,38.6,21.3,10.16,28.6,34.4,9.67
2025-07-02T09:07:39Z,2265,,47,13.7,9.89,28.9,31.2,8.92
2025-07-02T11:08:23Z,2070,,46.8,16,11.44,26.7,42.3,10.71
2025-07-02T13:09:12Z,1680,,46.6,17.9,12.67,27.8,47.1,12.68
2025-07-02T15:09:53Z,1050,,35.8,27,11.15,27.1,48.3,12.51
2025-07-02T17:09:59Z,990,,31.4,30.8,10.08,24.9,50.2,11.49
2025-07-02T19:09:49Z,510,,22.9,41.6,8.5,22.1,54.2,10.58
2025-07-02T21:09:52Z,510,,18,50.4,7.74,19.1,64.5,10.57
2025-07-02T23:09:35Z,510,,14.7,67.1,8.44,17,71.4,10.33
2025-07-03T01:10:21Z,915,,14.6,74.5,9.32,16.2,76.8,10.59
2025-07-03T03:10:20Z,1740,,15.8,81.2,10.93,16.4,75.8,10.58
2025-07-03T05:10:11Z,2445,,19.5,79.8,13.39,18.3,73.6,11.5
2025-07-03T07:10:54Z,1440,,30.1,33,10.07,21.2,56.1,10.4
2025-07-03T09:10:10Z,2205,,34.7,29.6,11.54,22.9,51.1,10.44
2025-07-03T11:09:58Z,1320,,32,29,9.8,22.4,52.2,10.37
2025-07-03T13:10:36Z,960,,26.9,35.9,9.19,20.7,57.8,10.4
2025-07-03T15:11:00Z,1035,,22.2,60.3,11.84,20.8,72.4,13.11
2025-07-03T17:11:29Z,1365,,23.2,54,11.23,18.8,72.5,11.67
2025-07-03T19:11:06Z,1185,,17.3,64.3,9.47,16.1,74.1,10.15
2025-07-03T21:11:12Z,1545,,14.7,73.5,9.25,14,77.5,9.34
2025-07-03T23:12:00Z,1530,,14,73.6,8.87,12.9,79,8.9
2025-07-04T01:12:24Z,1620,,12.3,84,9.12,10.9,90.6,9.01
2025-07-04T03:11:37Z,1770,,12.2,82.7,8.92,11.8,81.8,8.61
2025-07-04T05:12:15Z,2910,,17.9,67.3,10.27,16.1,61.3,8.4
2025-07-04T07:12:23Z,1800,,27.9,31.7,8.58,21,45.1,8.26
2025-07-04T09:11:28Z,2190,,35.3,20.4,8.21,21.6,38.9,7.38
2025-07-04T11:11:58Z,1845,,37.4,16.4,7.35,19.3,42.4,7.03
2025-07-04T13:11:22Z,1680,,34.6,17.6,6.83,18.2,43.3,6.73
2025-07-04T15:10:32Z,1110,,30.9,17.9,5.7,17.4,42.6,6.31
2025-07-04T17:10:59Z,525,,24.3,22.3,4.94,16.3,44.3,6.14
2025-07-04T19:10:09Z,510,,15.6,28.7,3.82,14.1,48.8,5.92
2025-07-04T21:09:59Z,495,,9.1,41,3.64,11,58.1,5.81
2025-07-04T23:10:48Z,495,,5,46.4,3.15,8,72.4,5.98
2025-07-05T01:10:29Z,480,,4.4,56.9,3.72,7,78.1,6.05
2025-07-05T03:09:48Z,1035,,8.8,75.1,6.54,9.2,80,7.14
2025-07-05T05:10:35Z,3105,,16.5,82.6,11.59,13.8,76.5,9.11
2025-07-05T07:10:50Z,1710,,31.3,28.7,9.34,21.4,49.2,9.22
2025-07-05T09:10:00Z,1665,,34.1,24.6,9.29,19.4,55.6,9.27
2025-07-05T11:10:01Z,1635,,39.7,19.6,9.88,18.4,63.5,9.98
2025-07-05T13:10:03Z,1485,,34.2,23.3,8.85,18.4,58.2,9.15
2025-07-05T15:10:18Z,570,,24,33.3,7.25,16.3,63.6,8.82
2025-07-05T19:10:02Z,1215,,13.8,78,9.29,12.5,90.3,9.92
2025-07-05T21:09:56Z,1530,,13.1,86.9,9.91,11.8,94.7,9.96
2025-07-05T23:09:13Z,1695,,13,90.1,10.21,11.7,95.5,9.98
2025-07-06T01:09:32Z,1755,,13.3,92.6,10.69,12.1,96.4,10.33
2025-07-06T03:09:55Z,1950,,13.8,94,11.2,12.4,95,10.38
2025-07-06T05:10:02Z,2115,,15.5,92.6,12.24,13.5,94.5,11.05
2025-07-06T07:10:26Z,1995,,17.2,84.1,12.31,14.3,92.7,11.38
2025-07-06T09:10:22Z,1560,,17.1,82.7,12.03,14.4,96.9,11.97
2025-07-06T11:11:07Z,1680,,18.6,80.6,12.82,15.5,95.5,12.62
2025-07-06T13:11:09Z,1575,,17.4,86,12.74,15.4,97.2,12.77
2025-07-06T15:10:39Z,1620,,17.1,88,12.81,15.2,97.8,12.69
2025-07-06T17:10:26Z,1575,,16.6,86.3,12.19,14.9,96.3,12.27
2025-07-06T19:10:59Z,1545,,15.6,88.8,11.8,14.4,96.6,11.94
2025-07-06T21:11:31Z,1545,,14.4,92.4,11.42,13.6,97.1,11.42
2025-07-06T23:10:44Z,1545,,14,94.1,11.35,13.6,97.2,11.43
2025-07-07T01:11:43Z,1605,,14.5,96.6,12.01,14,99.2,11.96
2025-07-07T03:10:44Z,1770,,15.4,96.5,12.67,14.7,97.6,12.28
2025-07-07T05:10:09Z,1800,,16,93.5,12.73,14.7,97.5,12.27
2025-07-07T07:10:08Z,1740,,17.9,83.1,12.68,15.3,94.2,12.3
2025-07-07T09:09:53Z,1650,,19.5,76.3,12.8,15.8,94.5,12.72
2025-07-07T11:10:16Z,1920,,23.4,66.1,13.9,17.8,86.8,13.17
2025-07-07T13:10:15Z,1620,,36.4,29.8,12.69,20.4,72,12.73
2025-07-07T15:09:54Z,675,,29.3,35.4,10.34,19.4,74.6,12.44
2025-07-07T17:10:05Z,615,,21.7,54,10.3,17.4,84.4,12.5
2025-07-07T19:10:52Z,915,,16.9,75.2,10.81,15.9,90.6,12.26
2025-07-07T21:11:17Z,1245,,15.5,86.2,11.39,15.3,92.4,12.06
2025-07-07T23:11:15Z,1545,,15.2,91.2,11.83,14.8,94.1,11.92
2025-07-08T01:10:28Z,1605,,15.4,93.9,12.33,14.9,96.1,12.24
2025-07-08T03:10:11Z,1545,,15.5,94.9,12.54,14.8,99.6,12.61
2025-07-08T05:10:57Z,1680,,15.8,96.1,12.93,14.9,100,12.74
2025-07-08T07:11:40Z,1845,,16.8,96.2,13.75,15.4,100,13.13
2025-07-08T09:12:07Z,1710,,18.3,86.5,13.52,16,97.8,13.32
2025-07-08T11:12:00Z,2445,,22.5,71.3,14.24,15.9,89.5,12.12
2025-07-08T13:11:42Z,1530,,21.8,58.6,11.24,15.4,87,11.43
2025-07-08T15:12:28Z,1560,,26.1,43.9,10.75,16,79,10.76
2025-07-08T17:11:45Z,630,,26.3,35.2,8.72,17,72.9,10.54
2025-07-08T19:12:26Z,510,,16.7,47.1,6.69,14.5,83.1,10.33
2025-07-08T21:12:06Z,495,,9,63.5,5.6,11.4,90.5,9.29
2025-07-08T23:12:14Z,495,,7.1,72.9,5.68,9.8,94,8.72
2025-07-09T01:13:03Z,480,,5.2,78.7,5.42,8.9,96.7,8.47
2025-07-09T03:12:59Z,900,,9.6,91,8.33,11.5,90.7,9.36
2025-07-09T05:13:18Z,3345,,17.9,96.1,14.67,17.2,69.2,10.13
2025-07-09T07:13:29Z,2085,,31.3,32.3,10.52,22.5,48.5,9.69
2025-07-09T09:14:11Z,2400,,42.4,19.1,11.02,24.3,43.5,9.63
2025-07-09T11:13:29Z,2550,,44.9,15.1,9.85,20.8,46.4,8.4
2025-07-09T13:12:33Z,1410,,39.3,15.9,7.86,20.3,46.5,8.18
2025-07-09T15:12:24Z,1215,,37.4,16.8,7.53,20.6,45.5,8.14
2025-07-09T17:12:53Z,585,,28.9,25.7,7.35,18.9,56.4,9.13
2025-07-09T19:12:08Z,510,,20.5,31.5,5.6,17.8,58.3,8.85
2025-07-09T21:12:40Z,480,,12.6,44.5,4.92,14.3,68.5,8.41
2025-07-09T23:12:47Z,495,,10.5,55,5.33,12.7,74.8,8.32
2025-07-10T01:13:32Z,495,,9.1,62.1,5.51,11.2,80.3,8.14
2025-07-10T03:13:16Z,660,,10.6,73.3,7.15,12,79.6,8.48
2025-07-10T05:13:28Z,3090,,17.5,84.7,12.62,16.8,69,9.86
2025-07-10T07:13:04Z,1995,,27.7,41.3,11.05,20.4,58.1,10.28
2025-07-10T09:12:33Z,1650,,36,24.1,10.06,21.7,52.5,10.01
2025-07-10T11:12:24Z,2235,,36.7,25,10.82,20.8,53.4,9.67
2025-07-10T13:12:48Z,900,,32.7,24.1,8.46,20,55.8,9.64
2025-07-10T15:13:33Z,1035,,30.5,27.6,8.61,19.4,57.3,9.56
2025-07-10T17:14:15Z,510,,22.8,36.3,7.38,18.1,61.8,9.55
2025-07-10T19:14:58Z,510,,16.1,46,6.3,15.4,77.9,10.23
2025-07-10T21:15:45Z,495,,14.3,57.3,7.04,14.5,80.8,10.05
2025-07-10T23:15:15Z,495,,13.9,64.2,7.69,14.4,81.9,10.12
2025-07-11T01:15:45Z,480,,13.5,64.5,7.54,14.5,79.3,9.86
2025-07-11T03:16:30Z,555,,14.1,66.6,8.08,14.8,77.5,9.81
2025-07-11T05:16:05Z,1110,,18.9,57.9,9.38,15.9,75.3,10.19
2025-07-11T07:15:29Z,1350,,19.5,62,10.4,16.1,79.3,10.87
2025-07-11T09:15:16Z,1380,,20.6,61.2,10.95,16.5,80.5,11.3
2025-07-11T11:15:41Z,1500,,24.2,53.6,11.8,17.7,79.4,11.98
2025-07-11T13:15:27Z,1530,,28,45.5,12.38,19.6,74.1,12.51
2025-07-11T15:16:13Z,1335,,32.5,35.4,12.29,20.6,72.3,12.94
2025-07-11T17:15:23Z,675,,25.5,45.7,10.82,20.4,73.5,13.0
2025-07-11T19:15:51Z,525,,20,56.6,9.78,19.1,78.5,12.86
2025-07-11T21:15:38Z,510,,17.6,66.1,9.91,18.7,81.9,13.11
2025-07-11T23:14:58Z,885,,17.5,77,11.48,18.2,84.1,13.07
2025-07-12T01:15:25Z,1080,,17.1,83.1,12.09,17.6,87.7,13.15
2025-07-12T03:14:46Z,1275,,16.7,86.2,12.25,17.4,87.2,12.92
2025-07-12T05:15:05Z,1650,,18.9,85.4,13.83,18.7,85.1,13.62
2025-07-12T07:15:52Z,2115,,35.4,42.1,17.03,26.7,61.5,15.57
2025-07-12T09:15:56Z,1620,,42.7,27.9,16.34,28.9,57.9,16.55
2025-07-12T11:16:24Z,2160,,52.4,19.3,17.95,29.6,55.7,16.54
2025-07-12T13:16:52Z,1230,,43,23.7,14.08,24.5,67.9,15.2
2025-07-12T15:17:36Z,1335,,41.6,28.2,15.64,26.3,66.7,16.52
2025-07-12T17:16:53Z,750,,31,41.9,13.42,25,69.5,16.0
2025-07-12T19:16:22Z,735,,24.5,57.3,12.83,22.5,76.2,15.22
2025-07-12T21:15:46Z,990,,19.1,75.3,12.34,19.4,82.8,13.81
2025-07-12T23:16:20Z,1245,,17,84.8,12.27,17.9,84.8,12.94
2025-07-13T01:15:41Z,1635,,17.3,91.1,13.42,17.7,87.9,13.26
2025-07-13T03:15:34Z,1965,,17.9,96.7,14.76,18,89.4,13.73
2025-07-13T05:14:58Z,1950,,22.4,84.8,16.84,21.4,84.1,15.77
2025-07-13T07:15:43Z,1350,,36.3,38.9,16.48,26.9,68.1,17.44
2025-07-13T09:14:49Z,1575,,46.4,23.5,16.48,29.4,57,16.75
2025-07-13T11:14:30Z,2265,,54,18.2,18.21,27.9,60.6,16.4
2025-07-13T13:14:54Z,1470,,45.7,21.2,14.37,25.8,62.2,14.98
2025-07-13T15:15:32Z,1200,,43.7,21.9,13.47,25.8,61,14.69
2025-07-13T17:15:07Z,720,,35.1,30.6,12.18,25.4,62.5,14.72
2025-07-13T19:15:53Z,585,,26.2,44,10.84,24.2,68.9,15.16
2025-07-13T21:15:20Z,510,,19.8,61.9,10.57,21.5,76.8,14.48
2025-07-13T23:14:31Z,1065,,18.4,78.4,12.33,19.8,79.7,13.61
2025-07-14T01:15:21Z,1080,,16.9,83.7,12.03,18.3,84,13.13
2025-07-14T03:15:39Z,1875,,17.7,94.7,14.28,19.3,81.8,13.56
2025-07-14T05:15:26Z,1995,,27.9,63.3,17.13,26.4,64,15.94
2025-07-14T07:15:41Z,1695,,41.2,29.5,16.03,30.3,51.3,15.83
2025-07-14T09:16:08Z,2160,,51.6,18.1,16.22,32.1,44,14.95
2025-07-14T11:16:15Z,1995,,52,16.3,14.88,28.6,50,14.06
2025-07-14T13:16:14Z,1755,,50.3,16.6,14.0,27.7,51.5,13.78
2025-07-14T15:17:00Z,1125,,40.1,24.6,12.65,26.5,56,14.02
2025-07-14T17:16:55Z,585,,28.2,38.6,10.62,23,65.9,13.55
2025-07-14T19:16:34Z,525,,22.4,50.6,10.05,21.2,74.9,13.88
2025-07-14T21:16:06Z,525,,18.2,69,10.72,19.4,81.2,13.54
2025-07-14T23:16:32Z,510,,16.3,76,10.54,18.2,85.2,13.24
2025-07-15T01:16:22Z,675,,15.7,84.6,11.31,17.6,89.5,13.42
2025-07-15T03:16:10Z,1395,,17.6,92.7,13.9,19.3,86.9,14.41
2025-07-15T05:16:46Z,2520,,25.7,82.5,19.76,26.1,68.5,16.78
2025-07-15T07:15:49Z,1440,,41.4,28.5,15.65,34,43.6,16.39
2025-07-15T09:15:57Z,2325,,51,17.7,15.43,32.3,39.9,13.71
2025-07-15T11:16:00Z,2115,,48,16.9,12.79,28.4,42.7,11.88
2025-07-15T13:16:46Z,1710,,47.3,16.4,12.01,27.7,44.5,11.91
2025-07-15T15:16:28Z,1470,,43,18.6,11.05,28,42.5,11.57
2025-07-15T17:16:39Z,570,,25.6,48.7,11.6,23,68.5,14.08
2025-07-15T19:15:57Z,525,,20.4,63.1,11.16,19.4,87.7,14.63
2025-07-15T21:15:30Z,510,,16.6,71.3,10.07,17.9,89,13.58
2025-07-15T23:16:20Z,510,,14.5,78.4,9.75,16.9,91,13.08
2025-07-16T01:16:27Z,510,,14.1,82.6,10.02,16.6,90.8,12.82
2025-07-16T03:16:51Z,1110,,16.3,91.7,12.72,18.1,89.5,13.82
2025-07-16T05:16:44Z,2805,,23.8,92.4,19.88,23.9,76.4,16.53
2025-07-16T07:16:07Z,1365,,38,31.7,14.66,31.4,47.1,15.42
2025-07-16T09:16:14Z,2370,,49,17.8,14.13,31,39.2,12.56
2025-07-16T11:16:45Z,2250,,50.6,14.4,12.32,27.8,41.4,11.14
2025-07-16T13:16:45Z,2220,,49.4,12.6,10.19,27,36.2,9.32
2025-07-16T15:16:18Z,1170,,42.6,15,8.74,27.2,37.1,9.66
2025-07-16T17:16:21Z,585,,35.2,18.3,7.32,26.6,36.9,9.29
2025-07-16T19:15:44Z,570,,23,27.5,5.65,22.5,50.1,10.01
2025-07-16T21:15:28Z,510,,14.5,41,5.1,17.4,62.3,9.23
2025-07-16T23:14:53Z,495,,11.1,51.5,5.19,14.9,69.7,8.88
2025-07-17T01:15:45Z,495,,11.4,66.7,6.84,14.5,74.8,9.3
2025-07-17T03:16:06Z,990,,13.5,77.2,9.03,16.1,73.6,10.08
2025-07-17T05:15:15Z,3030,,25.1,65.5,15.17,25.5,51.6,12.22
2025-07-17T07:14:32Z,1260,,40.7,23,12.19,33.8,35.2,13.09
2025-07-17T09:13:42Z,2370,,52.7,15.3,14.43,34.9,32.2,12.69
2025-07-17T11:14:04Z,2385,,54.4,13.3,13.55,31,37.4,11.98
2025-07-17T13:14:37Z,1485,,50.1,13.9,11.62,28.9,42.2,12.06
2025-07-17T15:14:20Z,1230,,41.1,18.9,10.22,28.6,39.2,11.02
2025-07-17T17:14:50Z,570,,32.5,26.8,9.3,26.1,48.1,11.78
2025-07-17T19:15:27Z,585,,24.4,34,7.57,23.7,47.1,10.08
2025-07-17T21:16:12Z,510,,18.8,46.8,7.53,21.3,57.6,10.74
2025-07-17T23:16:15Z,510,,15.3,54.6,7.13,18.9,65.3,10.58
2025-07-18T01:16:26Z,510,,13.2,62.2,7.14,16.9,68.6,9.86
2025-07-18T03:16:35Z,870,,14.2,70.1,8.56,17.3,66.2,9.75
2025-07-18T05:16:07Z,3180,,24.9,60.8,13.92,23.9,49.5,10.71
2025-07-18T07:15:32Z,1785,,36.3,22.4,9.49,27.2,35.3,9.19
2025-07-18T09:15:15Z,1875,,43.5,14.3,8.71,27,32.4,8.34
2025-07-18T11:14:47Z,2070,,46.1,13.1,9.05,24.7,37.1,8.4
2025-07-18T13:14:41Z,1980,,43.8,13.4,8.28,24.2,35.7,7.86
2025-07-18T15:14:17Z,1425,,37.5,17.2,7.75,23.9,37.3,8.07
2025-07-18T17:14:53Z,585,,30.9,22.5,7.17,23.3,41.6,8.7
2025-07-18T19:14:11Z,570,,21.1,30,5.53,20.6,50.6,9.05
2025-07-18T21:14:32Z,495,,14,42.6,5.14,16.7,60.4,8.58
2025-07-18T23:14:19Z,495,,12.6,57.1,6.31,15.5,66.5,8.79
2025-07-19T01:14:56Z,510,,12.6,64.5,7.13,15.1,69.7,8.99
2025-07-19T05:15:07Z,2820,,24.3,69,15.27,23.3,60.8,12.71
2025-07-19T07:14:58Z,1695,,37.5,28.4,12.8,27.6,47.5,12.64
2025-07-19T09:14:40Z,2130,,43.6,18,11.02,28,37.1,10.1
2025-07-19T11:14:25Z,2025,,43.6,16.4,10.04,25,40.6,9.35
2025-07-19T13:14:48Z,1950,,44.5,13.5,8.63,24.7,36.5,8.26
2025-07-19T15:15:37Z,1185,,38.6,17.5,8.34,24.2,41,9.02
2025-07-19T17:15:56Z,585,,31.7,23,7.65,23.8,43.6,9.38
2025-07-19T19:15:45Z,570,,21.4,31.9,5.98,20.9,53.7,9.78
2025-07-19T21:15:45Z,510,,14.2,44.9,5.48,17.2,66.3,9.71
2025-07-19T23:16:03Z,510,,11.9,57.5,6.09,15,72.6,9.31
2025-07-20T01:15:09Z,510,,11,64.5,6.45,13.7,80.1,9.48
2025-07-20T03:14:56Z,840,,13,76.4,8.66,15.4,76,9.98
2025-07-20T05:14:40Z,2955,,21.3,78.4,14.61,23.1,57.1,11.8
2025-07-20T07:14:01Z,1695,,37.4,24.9,11.17,30,36.5,11.08
2025-07-20T09:14:43Z,2325,,48.4,15.1,11.65,30.9,32.4,10.32
2025-07-20T11:14:13Z,2370,,50.9,12.7,11.02,27.7,36.6,9.8
2025-07-20T13:14:56Z,1680,,47.1,12.6,9.14,26.7,36.1,9.14
2025-07-20T15:15:39Z,1335,,39.7,17.7,8.92,25.3,40.7,9.53
2025-07-20T17:16:07Z,585,,34.7,21.2,8.27,26.2,41.8,10.29
2025-07-20T19:16:24Z,570,,25,29.4,6.77,23.7,49.5,10.59
2025-07-20T21:16:55Z,510,,17.4,39.5,5.85,20.4,55.7,9.85
2025-07-20T23:17:34Z,510,,14.7,54.5,6.86,17.6,67,10.05
2025-07-21T01:17:16Z,495,,14.7,62,7.8,17,70.5,10.2
2025-07-21T03:17:04Z,765,,15.5,68.4,9.04,17.2,72,10.54
2025-07-21T05:16:27Z,2085,,23.3,60.1,12.57,22,59.3,11.51
2025-07-21T07:16:35Z,1800,,38.9,27,13.07,28.6,45.4,12.77
2025-07-21T09:17:04Z,1395,,41.1,22.8,12.33,27.6,48.7,12.96
2025-07-21T11:16:44Z,1650,,32.6,44.2,15.43,24.5,68.6,15.36
2025-07-21T13:16:46Z,2040,,25.5,68.1,16.13,21.9,77.3,14.92
2025-07-21T15:16:21Z,1095,,27.9,48.2,13.04,21.5,76.1,14.35
2025-07-21T17:16:23Z,1335,,24.2,66.4,14.61,22.4,77.3,15.35
2025-07-21T19:15:38Z,1335,,21.3,76.8,14.31,21.3,81.1,15.12
2025-07-21T21:15:34Z,1365,,18.4,82.4,12.96,19.5,80.5,13.51
2025-07-21T23:15:16Z,1680,,17.3,88,12.96,18.6,80,12.73
2025-07-22T01:15:03Z,1755,,17.5,87.3,13.01,18.3,80.6,12.6
2025-07-22T03:15:22Z,1890,,17.9,92.1,14.06,17.9,87.3,13.32
2025-07-22T05:15:41Z,1980,,18.6,94.9,15.1,18.3,90,14.07
2025-07-22T07:15:50Z,2295,,22.3,86.3,17.04,20.2,85.4,14.93
2025-07-22T09:15:16Z,2295,,34.4,46,17.66,24.6,69.9,15.74
2025-07-22T11:15:37Z,1710,,42.8,25.9,15.24,26.4,60.2,14.99
2025-07-22T13:16:24Z,1095,,41.2,22.5,12.23,27.4,51.7,13.61
2025-07-22T15:16:57Z,1125,,40.1,22.1,11.37,26.8,49.3,12.55
2025-07-22T17:16:39Z,585,,32.3,28.1,9.65,24.6,59.4,13.37
2025-07-22T19:15:58Z,525,,22.7,45.8,9.25,22,69.8,13.55
2025-07-22T21:16:22Z,510,,18.7,59.9,9.59,20.3,75.6,13.29
2025-07-22T23:16:47Z,525,,17.5,71.5,10.66,19.1,80.3,13.16
2025-07-23T01:17:11Z,570,,16.2,76,10.48,17.9,83.2,12.7
2025-07-23T03:16:28Z,1050,,16.3,84.1,11.66,17.8,84.1,12.76
2025-07-23T05:16:02Z,2745,,25,78.5,18.08,24.6,67.6,15.22
2025-07-23T07:16:44Z,1665,,39.6,30.5,15.3,30.5,49,15.28
2025-07-23T09:17:06Z,1635,,46.5,19.4,13.67,30.9,43.2,13.77
2025-07-23T11:16:17Z,2040,,39,29.7,14.45,27.1,51.8,13.41
2025-07-23T13:15:37Z,1680,,45.1,19.5,12.84,26.1,52.9,12.96
2025-07-23T15:16:07Z,1260,,39.5,22.2,11.08,25.9,49.1,11.89
2025-07-23T17:16:04Z,810,,32.5,28.8,10.0,25.5,49.9,11.82
2025-07-23T19:16:07Z,570,,22.8,43.4,8.82,22.6,60.9,12.23
2025-07-23T21:15:55Z,510,,16.8,58.5,8.36,19,73.5,11.97
2025-07-23T23:16:00Z,510,,14.5,70,8.7,17.3,80.7,11.88
2025-07-24T01:15:21Z,510,,13.7,76.9,9.1,16.4,85.8,11.97
2025-07-24T03:15:16Z,900,,16.1,83.5,11.44,18.4,83.5,13.13
2025-07-24T05:16:02Z,3030,,24.6,87.3,19.65,25.9,64.4,15.6
2025-07-24T07:16:41Z,1335,,40.7,25.6,13.57,34.2,37.7,14.32
2025-07-24T09:17:07Z,2385,,50.9,15,13.01,32.2,33.8,11.55
2025-07-24T11:16:25Z,2370,,53.2,13.3,12.83,29.5,38.7,11.43
2025-07-24T13:16:46Z,1860,,49.2,14.1,11.3,28.1,40.2,11.0
2025-07-24T15:16:20Z,1305,,42.5,17.4,10.09,28.2,39.1,10.76
2025-07-24T17:15:32Z,585,,34.4,22.3,8.56,27.1,40.4,10.46
2025-07-24T19:14:44Z,570,,22.9,35.6,7.28,23,59.6,12.25
2025-07-24T21:15:03Z,495,,15.7,49.9,6.67,19,69,11.24
2025-07-24T23:15:15Z,495,,13.2,60.2,6.91,16.6,75.9,10.72
2025-07-25T01:15:22Z,495,,12.5,69.3,7.62,15.5,79.4,10.49
2025-07-25T03:16:07Z,495,,13.4,78.2,9.09,16.4,80.8,11.27
2025-07-25T05:16:06Z,3390,,24.2,91.6,20.16,26.3,59.1,14.64
2025-07-25T07:15:56Z,1665,,41.1,25.9,14.01,33.9,37.4,13.98
2025-07-25T09:15:39Z,2085,,52,14.9,13.6,34.8,32.4,12.7
2025-07-25T11:15:40Z,2190,,52.8,12.4,11.75,30.8,33.8,10.71
2025-07-25T13:16:30Z,1815,,48.8,13.7,10.77,29.4,35.6,10.46
2025-07-25T15:17:06Z,1260,,43,16,9.51,28.6,36.6,10.29
2025-07-25T17:17:33Z,705,,33.3,24.5,8.87,27.4,40.6,10.69
2025-07-25T19:16:54Z,570,,23.7,37.2,7.96,23.7,54.1,11.57
2025-07-25T21:17:03Z,495,,17.1,50,7.28,20,65.8,11.37
2025-07-25T23:16:51Z,495,,14.9,60,7.64,17.9,72.4,11.05
2025-07-26T01:17:14Z,495,,13.5,66.4,7.76,16.5,77.4,10.86
2025-07-26T03:17:45Z,750,,14.5,78.9,9.81,17.8,75.8,11.5
2025-07-26T05:18:17Z,3000,,25.5,81.8,19.37,26.2,61.8,15.22
2025-07-26T07:17:59Z,1725,,39.9,28.4,14.46,31.8,42.5,14.21
2025-07-26T09:18:03Z,1815,,48.4,18.2,14.04,32,40,13.52
2025-07-26T11:17:14Z,1785,,48.8,17.7,13.92,28.5,48.7,13.62
2025-07-26T13:17:21Z,1500,,44.1,19.5,12.23,26.9,49.4,12.65
2025-07-26T15:17:39Z,1080,,39.5,25.3,12.63,26.2,56.8,13.99
2025-07-26T17:17:23Z,765,,31.4,36.7,12.01,25.2,61.1,14.23
2025-07-26T19:17:43Z,555,,23.2,54.4,11.31,23,69.3,14.24
2025-07-26T21:18:04Z,510,,18.1,65.5,10.12,20.4,75.3,13.32
2025-07-26T23:18:00Z,495,,15.9,73.5,9.95,18.5,81,12.81
2025-07-27T01:18:46Z,495,,14.5,79.8,9.92,17.1,85.1,12.38
2025-07-27T03:19:06Z,945,,15.1,90.1,11.62,18.2,83.9,13.04
2025-07-27T05:19:15Z,3255,,24.9,92.5,21.18,26.3,64.2,15.9
2025-07-27T07:18:44Z,1560,,40.3,29.5,15.33,31.9,46.6,15.67
2025-07-27T09:19:08Z,1815,,45.3,23,15.29,29.2,51.1,14.85
2025-07-27T13:20:31Z,1680,,45.7,17,11.53,26.6,45.9,11.56
2025-07-27T15:20:56Z,1095,,38.9,22.8,11.04,25.9,50.9,12.33
2025-07-27T17:21:18Z,690,,30.6,37.6,11.79,24.7,62.6,14.17
2025-07-27T19:21:54Z,795,,23.1,63.3,13.09,23.2,73.5,15.28
2025-07-27T21:21:33Z,795,,19.5,76,12.75,21.6,77.9,14.77
2025-07-27T23:21:07Z,825,,17.4,81.5,12.07,19.7,82.3,13.97
2025-07-28T01:20:15Z,915,,16.2,86,11.85,18.5,85.2,13.48
2025-07-28T03:20:41Z,1275,,17.1,94.2,13.71,19.3,87,14.43
2025-07-28T05:20:32Z,3015,,23.3,99.6,20.83,24.3,74.7,16.53
2025-07-28T07:20:15Z,1620,,34.9,41.4,16.31,27.2,62.7,16.32
2025-07-28T09:20:36Z,1710,,42.9,25.1,14.84,27.6,55.2,14.69
2025-07-28T11:21:20Z,1575,,43.6,23.2,14.2,26.2,58.8,14.48
2025-07-28T13:21:34Z,1515,,44.1,23,14.43,26.1,60.6,14.84
2025-07-28T15:21:59Z,1230,,37.3,29,12.94,25.5,59,13.97
2025-07-28T17:21:59Z,810,,29.8,40.7,12.22,24.8,63,14.34
2025-07-28T19:22:19Z,570,,23.2,56.5,11.75,23.5,69,14.59
2025-07-28T21:21:21Z,510,,20.5,68.9,12.26,22.3,76.1,15.03
2025-07-28T23:21:00Z,1560,,21.5,81.6,15.39,22.6,77.4,15.55
2025-07-29T01:20:20Z,1485,,21.2,84.6,15.68,21.7,83.7,15.97
2025-07-29T03:20:28Z,1800,,21.7,89.3,17.03,21.6,87,16.5
2025-07-29T05:20:18Z,1890,,23.2,84,17.46,21.8,86.4,16.58
2025-07-29T07:19:32Z,1860,,26.3,71.1,17.61,22.9,81.7,16.7
2025-07-29T09:20:21Z,1275,,34.8,40,15.68,24.3,75.8,16.78
2025-07-29T11:20:35Z,1230,,26.5,61.5,15.4,22.7,81.5,16.47
2025-07-29T13:21:17Z,1965,,27.7,66.6,17.83,24.2,75.9,16.7
2025-07-29T15:21:49Z,1395,,27.9,55.8,15.1,24.5,70,15.67
2025-07-29T17:22:22Z,1305,,24.8,64.4,14.66,23.4,73.7,15.5
2025-07-29T19:22:27Z,1395,,22.2,73.8,14.49,22.9,73.5,15.02
2025-07-29T21:22:34Z,1380,,20,84.5,14.6,21.5,79.8,15.05
2025-07-29T23:23:07Z,1560,,20,90.2,15.58,20.9,85.8,15.62
2025-07-30T01:22:57Z,1680,,19,91.8,14.96,19.8,86.1,14.7
2025-07-30T03:23:39Z,1845,,19.4,95.8,15.98,19.8,89.3,15.25
2025-07-30T05:22:58Z,2145,,25.9,72.7,17.61,23.2,76.5,15.9
2025-07-30T07:23:47Z,1455,,31.2,48.1,15.58,24.1,73.6,16.11
2025-07-30T09:23:42Z,2115,,44.8,26.6,17.26,29,55.4,15.93
2025-07-30T11:23:20Z,1770,,43.4,24.2,14.67,27.6,53.7,14.29
2025-07-30T13:24:01Z,1680,,44.6,22.4,14.4,27.8,53.3,14.35
2025-07-30T15:24:37Z,1260,,39,23.9,11.63,28,46,12.52
2025-07-30T17:24:12Z,840,,31.5,34.6,11.39,27.1,51.3,13.28
2025-07-30T19:24:39Z,765,,24.6,52.5,11.82,25.1,60.5,14.01
2025-07-30T21:24:11Z,675,,20.2,65.4,11.43,22.7,67.8,13.7
2025-07-30T23:24:42Z,990,,18.5,74.4,11.77,21.2,71.2,13.19
2025-07-31T01:24:52Z,1140,,18.3,81.8,12.79,20.7,77,13.86
2025-07-31T03:25:25Z,1560,,19.2,90.4,14.9,21.3,81,15.1
2025-07-31T05:25:49Z,2190,,28,69.5,18.91,26.4,68.5,17.06
2025-07-31T07:26:00Z,1830,,39.3,35.1,17.34,30.6,53,16.62
2025-07-31T09:26:20Z,2010,,48.3,20.8,15.97,31.6,45.6,15.09
2025-07-31T11:25:47Z,1785,,49.1,17.2,13.72,29.3,45.9,13.41
2025-07-31T13:26:08Z,945,,36.4,31.9,13.59,25.9,64,15.5
2025-07-31T15:26:36Z,1290,,32,41.2,13.93,25.1,64.3,14.89
2025-07-31T17:26:45Z,960,,29,46.1,13.25,24.5,67.1,15.02
2025-07-31T19:27:18Z,765,,23.4,61.4,12.91,23.5,72,15.23
2025-07-31T21:27:42Z,855,,19.7,75.1,12.75,21.4,78,14.62
2025-07-31T23:28:25Z,1155,,18.3,83.9,13.11,19.8,83.4,14.24
2025-08-01T01:27:36Z,1185,,17.3,86.9,12.8,18.8,85.2,13.72
2025-08-01T03:28:07Z,1815,,18.2,95,14.76,19.3,85.7,14.21
2025-08-01T05:27:47Z,2805,,23.2,86.2,17.92,22.2,75.8,14.88
2025-08-01T07:27:50Z,1605,,29.2,47,13.66,23.3,65.8,13.76
2025-08-01T09:28:06Z,2025,,39.6,28.6,14.35,26.5,53.7,13.45
2025-08-01T11:27:51Z,1440,,38.9,28,13.56,25,61.3,14.11
2025-08-01T13:27:50Z,1560,,35.8,33.5,13.83,23.9,64.3,13.91
2025-08-01T15:27:19Z,990,,32.5,35.1,12.19,23.6,64.7,13.76
2025-08-01T17:27:13Z,975,,25.3,57.6,13.49,21.9,78.9,15.22
2025-08-01T19:26:57Z,1275,,21.6,74.8,14.19,20.4,84.5,14.95
2025-08-01T21:26:30Z,1530,,19.9,84.2,14.46,19.6,87,14.68
2025-08-01T23:26:24Z,1605,,19.4,85.2,14.21,18.9,87.1,14.11
2025-08-02T01:27:12Z,1695,,18.3,89.8,14.04,17.8,90.8,13.78
2025-08-02T03:26:26Z,1755,,16.9,89.9,12.93,16.1,91.2,12.5
2025-08-02T05:25:46Z,2430,,19.9,94.6,16.25,18.6,87.6,13.94
2025-08-02T07:26:32Z,2070,,25.4,65,15.31,21,76.8,14.07
2025-08-02T09:26:22Z,2265,,38.2,27.8,12.99,25.7,48.4,11.59
2025-08-02T11:25:43Z,1905,,42.4,19.4,11.19,24.1,48.8,10.68
2025-08-02T13:26:04Z,1575,,40.4,19.4,10.13,22.8,50.5,10.26
2025-08-02T15:26:19Z,1095,,34.3,25.3,9.66,22.9,52.6,10.75
2025-08-02T17:26:52Z,585,,27.6,34.4,9.16,21.9,57.8,11.15
2025-08-02T19:26:52Z,525,,19.4,60.2,10.04,19.8,72,12.3
2025-08-02T21:26:45Z,525,,15,67,8.59,16.9,77.9,11.2
2025-08-02T23:26:55Z,525,,12.6,71.2,7.87,15.3,83.2,10.86
2025-08-03T01:27:19Z,510,,11.3,75.3,7.68,14.2,87.1,10.63
2025-08-03T03:26:57Z,465,,11.5,84,8.67,14.8,88.4,11.19
2025-08-03T05:27:10Z,3195,,22.1,98.2,19.17,23.3,70.8,14.8
2025-08-03T07:27:27Z,1830,,35.7,32.1,13.19,27.8,47.2,12.7
2025-08-03T09:27:14Z,2040,,44.9,19.9,12.98,27.7,45.1,12.07
2025-08-03T11:26:48Z,1860,,45.4,18.8,12.56,25.1,52.3,12.11
2025-08-03T13:27:09Z,1245,,40.9,21.4,11.46,25.2,53.2,12.39
2025-08-03T15:27:22Z,855,,34.8,29,11.37,24.1,60.3,13.2
2025-08-03T17:28:10Z,600,,26.2,46.2,11.38,22.8,67.8,13.78
2025-08-03T19:28:41Z,540,,19.9,62.8,10.79,21.1,74.5,13.72
2025-08-03T21:28:40Z,735,,18.4,76.2,11.98,20.5,79.8,14.2
2025-08-03T23:27:51Z,960,,17.6,84.6,12.68,19.8,83.2,14.21
2025-08-04T01:28:11Z,900,,16.2,87.2,12.02,19,84.6,13.78
2025-08-04T03:27:36Z,1500,,17.6,96.5,14.47,19.9,85.8,14.74
2025-08-04T05:26:56Z,3030,,24.1,90.3,19.76,24.1,72,15.76
2025-08-04T07:26:35Z,1545,,35.6,34.1,13.94,27.6,53.2,14.16
2025-08-04T09:26:05Z,1755,,43.7,24,14.76,28.6,51.4,14.46
2025-08-04T11:25:42Z,1680,,44.4,22,14.0,27.1,54.4,14.09
2025-08-04T13:25:49Z,1515,,43.7,21.9,13.47,27.2,53.7,13.98
2025-08-04T15:25:37Z,855,,24.8,53.3,12.14,21.4,74.8,14.02
2025-08-04T17:24:53Z,1365,,20,75.2,12.99,18.5,85.1,13.46
2025-08-04T19:24:49Z,1470,,18.8,84.4,13.59,18.4,88,13.84
2025-08-04T21:25:13Z,1500,,17.4,92,13.63,18.2,89.4,13.89
2025-08-04T23:24:43Z,1320,,15.7,90.8,12.14,16.6,90.6,12.79
2025-08-05T01:25:20Z,1605,,17.3,97.8,14.4,18.1,92.8,14.33
2025-08-05T03:24:57Z,1845,,17.8,97.4,14.78,17.8,92.8,14.08
2025-08-05T05:25:26Z,2085,,18.8,94.7,15.25,18.2,89.5,13.91
2025-08-05T07:25:51Z,1725,,25.9,55.3,13.39,20.6,72.9,13.05
2025-08-05T09:26:25Z,1425,,29.2,41.8,12.15,21.2,67.8,12.56
2025-08-05T11:26:00Z,1350,,26.8,44.9,11.43,20.7,66.9,12.04
2025-08-05T13:25:13Z,1560,,26.3,47.1,11.66,20.9,64.5,11.75
2025-08-05T15:25:45Z,1245,,20.6,71.6,12.81,17.7,90.7,13.68
2025-08-05T17:25:54Z,1500,,19.2,84.2,13.88,18,91.7,14.08
2025-08-05T19:25:11Z,1425,,17.1,89.1,12.97,17.2,91.7,13.42
2025-08-05T21:26:08Z,1395,,15.4,89.2,11.71,16,88.8,12.09
2025-08-05T23:26:45Z,1020,,12.4,89.1,9.73,13.7,91.7,10.85
2025-08-06T01:26:10Z,1395,,14.1,98.8,11.99,15.4,94.4,12.4
2025-08-06T03:26:49Z,1800,,15.4,97.6,12.82,16.4,88.3,12.32
2025-08-06T05:26:36Z,3345,,19.6,84.9,14.33,19.2,61.5,10.14
2025-08-06T07:26:18Z,1605,,23.6,53.4,11.36,18.4,71.8,11.29
2025-08-06T09:26:06Z,1755,,31.6,29.6,9.79,20.7,53.1,9.56
2025-08-06T11:26:42Z,1530,,31.8,27.8,9.3,19.7,55.6,9.44
2025-08-06T13:27:02Z,1530,,30.3,27.3,8.42,18.9,53.2,8.62
2025-08-06T15:27:54Z,1215,,25.5,34.4,8.15,18.2,56.2,8.73
2025-08-06T17:27:35Z,945,,19.4,48.6,8.11,16.8,64.6,9.23
2025-08-06T19:27:38Z,1140,,15,69.5,8.91,15.4,74,9.72
2025-08-06T21:27:40Z,1395,,14.2,81.4,9.94,13.7,86.5,10.24
2025-08-06T23:27:41Z,1620,,13.3,87,10.05,13,88.4,10.02
2025-08-07T01:28:06Z,1110,,11.1,86.2,8.68,11.7,90.6,9.47
2025-08-07T03:27:28Z,780,,9.5,89.8,8.17,11.5,91.7,9.47
2025-08-07T05:27:35Z,3135,,18.8,100,16.1,18.7,78.4,12.55
2025-08-07T07:27:31Z,1620,,30.6,36.2,11.35,24.5,50.6,11.33
2025-08-07T09:27:11Z,1035,,34.4,24.2,9.29,23.1,50.3,10.4
2025-08-07T11:27:22Z,2250,,36.1,24.5,10.28,22.5,45.8,9.15
2025-08-07T13:26:56Z,1350,,33.8,26.4,9.82,21.2,55.7,10.32
2025-08-07T15:27:31Z,1185,,30.3,33,10.18,20.1,63.7,11.07
2025-08-07T17:27:40Z,810,,22.1,46.4,9.06,18.3,67.9,10.61
2025-08-07T19:28:29Z,840,,15.3,67.9,8.86,15.8,75.6,10.17
2025-08-07T21:28:34Z,855,,12.2,77.1,8.32,13.3,82,9.47
2025-08-07T23:28:11Z,450,,9.4,78.4,7.09,11.8,85.2,8.96
2025-08-08T01:28:36Z,450,,8.3,81,6.83,11.3,89,9.07
2025-08-08T03:28:35Z,495,,8.7,86.6,7.49,11.8,91.5,9.63
2025-08-08T05:28:14Z,2685,,17.6,100,14.99,17.4,85.8,12.71
2025-08-08T07:28:03Z,1860,,20.4,73.1,12.93,17.9,80.4,12.27
2025-08-08T09:27:56Z,2040,,26.1,55.2,13.52,20.6,69.8,12.49
2025-08-08T11:28:12Z,2280,,23.9,60.9,13.18,16.8,81.1,11.59
2025-08-08T13:27:42Z,1335,,35.9,24.3,10.09,18.5,67.5,10.68
2025-08-08T15:27:42Z,1200,,19.4,62.4,10.41,15.6,84.2,11.19
2025-08-08T17:28:33Z,930,,18.3,65.3,10.21,15.7,86.6,11.58
2025-08-08T19:28:33Z,465,,12.3,76.2,8.27,13.5,90.6,10.59
2025-08-08T21:29:10Z,450,,8.6,77.7,6.68,11.7,92.7,9.69
2025-08-08T23:29:00Z,855,,9.8,91.1,8.45,11.4,93.9,9.63
2025-08-09T01:28:21Z,465,,8.3,85.9,7.24,10.7,95.3,9.36
2025-08-09T03:28:47Z,465,,7.3,89.4,7.06,10.6,96,9.37
2025-08-09T05:27:57Z,2325,,17.8,100,15.17,17,91.3,13.21
2025-08-09T07:27:39Z,2010,,30.6,45.6,14.3,23,64.7,13.3
2025-08-09T09:28:17Z,1755,,36.9,30.1,13.16,24.5,57.2,12.8
2025-08-09T11:29:05Z,1455,,38.9,22.8,11.04,23,55.8,11.47
2025-08-09T13:28:11Z,1290,,38.1,24,11.16,22.1,61.1,11.93
2025-08-09T15:28:19Z,945,,31.2,32.7,10.59,21.2,65,12.04
2025-08-09T17:28:28Z,765,,22.9,44.2,9.03,19.4,63.6,10.61
2025-08-09T19:27:46Z,765,,15.6,67.6,8.99,15.9,77.5,10.49
2025-08-09T21:27:40Z,765,,12.2,77.4,8.35,13.6,83.3,9.8
2025-08-09T23:27:53Z,735,,11.4,80.4,8.25,12.7,87.5,9.74
2025-08-10T01:28:31Z,450,,8.1,81.4,6.77,11.1,90.5,9.11
2025-08-10T03:27:58Z,450,,8,89.9,7.43,11.1,92.4,9.3
2025-08-10T05:28:44Z,2040,,14.5,98,12.18,14.6,89.4,11.18
2025-08-10T07:29:02Z,2055,,24.9,60.7,13.9,20.3,72.5,12.75
2025-08-10T09:28:15Z,1875,,37.6,25.1,11.37,24,49.9,10.86
2025-08-10T11:28:13Z,525,,25,40.7,9.37,19.6,69.9,11.8
2025-08-10T13:27:54Z,1140,,25.6,44.6,10.62,19.1,70.2,11.5
2025-08-10T15:28:03Z,975,,27.2,38.6,10.05,18.7,71.1,11.38
2025-08-10T17:28:50Z,525,,23,43.8,9.0,18.5,70,11.07
2025-08-10T19:28:25Z,540,,15.5,63.2,8.35,15.9,78.5,10.63
2025-08-10T21:29:01Z,525,,11.1,71.6,7.21,13,83.7,9.49
2025-08-10T23:28:57Z,690,,11,81.5,8.15,12.4,88.8,9.7
2025-08-11T01:29:25Z,885,,10.5,85.6,8.3,11.5,91.5,9.45
2025-08-11T03:29:34Z,1155,,10.9,91.8,9.13,11.8,93.8,9.87
2025-08-11T05:30:01Z,2955,,17.4,99.1,14.68,17.9,78,11.91
2025-08-11T07:29:23Z,1920,,32,38.3,12.95,24.8,53.9,12.27
2025-08-11T09:29:03Z,2130,,41.3,21.4,11.69,25.4,45.2,10.64
2025-08-11T11:28:53Z,2010,,41.1,17.3,9.36,22,45.6,8.85
2025-08-11T13:29:30Z,1965,,41,16.4,8.83,21.8,43.5,8.35
2025-08-11T15:29:19Z,780,,32.3,21,7.21,21.2,45.9,8.51
2025-08-11T17:28:45Z,540,,22.8,31.5,6.4,19.1,53.3,8.73
2025-08-11T19:28:45Z,525,,15,38.7,4.96,15.8,64.5,8.68
2025-08-11T21:28:33Z,510,,11.1,54.4,5.48,13.1,72.3,8.25
2025-08-11T23:29:00Z,465,,10,65.1,6.12,11.8,77.4,8.14
2025-08-12T01:29:16Z,450,,8.1,67.2,5.59,10.3,82.7,7.92
2025-08-12T03:29:34Z,450,,9.1,74.5,6.61,10.3,84.7,8.11
2025-08-12T05:29:49Z,1815,,13.4,87.4,10.16,13.1,85.5,9.75
2025-08-12T07:29:32Z,1980,,16.8,79.7,11.39,14.6,84.3,10.54
2025-08-12T09:29:07Z,2400,,37.1,26.7,11.79,22.4,51.6,10.25
2025-08-12T11:28:52Z,525,,25.6,25.4,6.05,13.4,93.2,10.83
2025-08-12T13:28:51Z,1470,,24.4,55.3,12.31,15.1,97.1,12.52
2025-08-12T15:28:22Z,1035,,25.7,48.7,11.66,16.4,93.1,12.99
2025-08-12T17:28:49Z,525,,20.5,50.7,9.02,15.5,92.7,12.25
2025-08-12T19:28:47Z,525,,12.5,67.8,7.45,13.1,96.5,11.01
2025-08-12T21:28:36Z,510,,11,79.8,7.98,12.3,94.9,10.3
2025-08-12T23:28:01Z,465,,10,83.4,7.83,10.9,95.9,9.54
2025-08-13T03:28:07Z,825,,9.1,89.2,7.91,10.1,96.5,9.12
2025-08-13T05:27:25Z,2820,,16.7,100,14.21,16.5,83.4,11.71
2025-08-13T07:27:40Z,1485,,30.9,38.3,12.21,24.5,55.9,12.51
2025-08-13T09:28:19Z,1785,,41.3,19.9,10.87,24.6,46.8,10.54
2025-08-13T11:27:29Z,2565,,45.2,15,9.93,22.3,42.6,8.41
2025-08-13T13:26:50Z,1500,,38.7,17.2,8.24,21.4,44.9,8.42
2025-08-13T15:26:04Z,885,,35,18,7.13,21.4,44,8.25
2025-08-13T17:26:44Z,525,,24.7,30,6.79,19.5,58.6,9.83
2025-08-13T19:25:54Z,525,,15.2,45.6,5.92,15.9,68,9.21
2025-08-13T21:26:30Z,510,,11.6,58.3,6.06,13.2,78.5,9.01
2025-08-13T23:26:58Z,450,,8.8,67.7,5.89,11.6,83.7,8.7
2025-08-14T01:26:21Z,465,,7.2,69.3,5.44,10.4,86.5,8.33
2025-08-14T03:26:53Z,450,,6.7,74,5.62,10.1,88,8.32
2025-08-14T05:26:58Z,2490,,15.3,98.4,12.84,14.7,86.6,10.9
2025-08-14T07:27:12Z,2295,,29.8,50.6,15.19,23.1,64.9,13.42
2025-08-14T09:26:46Z,1470,,38.5,23.3,11.05,25.1,49.7,11.51
2025-08-14T11:26:43Z,1650,,41.9,23,12.94,23.3,62.4,13.05
2025-08-14T13:27:07Z,990,,37.5,24.8,11.18,22.3,64,12.64
2025-08-14T15:27:28Z,960,,32.9,26.9,9.54,22.3,55,10.86
2025-08-14T17:27:02Z,525,,24.6,36.1,8.13,21,57.8,10.59
2025-08-14T19:27:29Z,525,,16.6,50.5,7.13,17.6,72.4,10.85
2025-08-14T21:27:11Z,525,,12.4,63.3,6.91,15.1,81.3,10.48
2025-08-14T23:26:35Z,525,,10.5,69.1,6.7,13.7,85.7,10.14
2025-08-15T01:27:20Z,465,,9.1,75.9,6.73,12.9,89,10.03
2025-08-15T03:26:34Z,465,,11.8,83.4,8.77,13.8,91.3,10.87
2025-08-15T05:26:21Z,3075,,18.7,98.7,15.8,19.1,76.8,12.59
2025-08-15T07:25:40Z,1920,,29.5,39.7,11.73,23.6,52.3,11.12
2025-08-15T09:25:33Z,1830,,30.6,39.4,12.35,22.5,59.6,11.9
2025-08-15T11:24:56Z,1500,,38.1,27.2,12.64,23.1,62.7,12.96
2025-08-15T13:25:36Z,1260,,35.2,30.5,12.21,24,60,13.06
2025-08-15T15:25:22Z,975,,28.1,39.6,10.84,23.3,58.6,12.25
2025-08-15T17:25:03Z,1065,,23.3,54.4,11.37,21,68.4,12.53
2025-08-15T19:25:08Z,1365,,18.8,78.1,12.57,18,85.4,13.11
2025-08-15T21:25:57Z,1515,,17.9,93.1,14.21,17.5,96.2,14.34
2025-08-15T23:25:09Z,1650,,17.6,94.2,14.12,17.2,95.2,13.94
2025-08-16T01:25:43Z,2040,,16.6,86.8,12.26,15.1,87.2,11.25
2025-08-16T03:25:44Z,1635,,13.3,87.1,10.06,12.1,91.9,9.85
2025-08-16T05:25:38Z,2280,,15.9,87.8,11.89,14.4,84.9,10.49
2025-08-16T07:25:25Z,2175,,24.3,47.4,10.49,18.4,60.2,9.47
2025-08-16T09:25:44Z,1770,,25.1,41.5,9.61,18,60.4,9.27
2025-08-16T11:25:59Z,1950,,33,24.2,8.63,17.8,53.4,8.1
2025-08-16T13:25:20Z,1350,,27.7,29.6,7.92,15.8,61.7,8.3
2025-08-16T15:25:38Z,795,,16.4,50.2,7.0,13,72.6,8.23
2025-08-16T17:25:25Z,1020,,14.9,59.7,7.61,12.5,76.9,8.45
2025-08-16T19:25:28Z,1215,,12.5,72.8,8.0,11.5,82.7,8.54
2025-08-16T21:25:45Z,1545,,11.9,83.3,8.82,11.1,87.8,8.84
2025-08-16T23:26:30Z,1530,,11.1,87.7,8.83,10.5,91.7,8.89
2025-08-17T01:26:46Z,1545,,10.8,88,8.7,10.1,92.9,8.78
2025-08-17T03:26:16Z,1695,,10.8,90.5,8.94,10,93.2,8.75
2025-08-17T05:26:54Z,2160,,12.7,90.8,10.1,10.8,92.1,9.1
2025-08-17T07:27:05Z,2985,,22.7,59.7,12.06,15.6,72.2,9.6
2025-08-17T09:27:14Z,2280,,32.6,31.6,11.03,19.3,59,9.78
2025-08-17T11:27:47Z,1320,,31,26.1,8.36,18.1,57.4,8.87
2025-08-17T13:27:22Z,1485,,31.2,26.2,8.48,18.8,54,8.69
2025-08-17T15:27:46Z,1155,,25.8,33.1,7.97,18.7,54.2,8.67
2025-08-17T17:27:53Z,525,,20.2,37.4,6.54,17.7,58.2,8.78
2025-08-17T19:28:23Z,510,,14.2,52.7,6.43,14.7,81.4,10.24
2025-08-17T21:27:49Z,510,,14.6,63.5,7.94,14.1,83.1,10.08
2025-08-17T23:28:28Z,780,,14.1,69.9,8.48,13.6,82.7,9.73
2025-08-18T01:29:15Z,1185,,13.7,77.4,9.16,13.3,85,9.82
2025-08-18T03:29:04Z,1395,,13.7,78.3,9.27,13,84.2,9.54
2025-08-18T05:28:53Z,1905,,16.3,74.7,10.36,13.8,81.7,9.73
2025-08-18T07:28:24Z,1800,,20,60.4,10.44,14.9,78.9,10.05
2025-08-18T09:28:02Z,3060,,36,25.8,10.76,22.1,44.3,8.65
2025-08-18T11:28:26Z,2325,,40.9,17.1,9.16,19.7,47.9,8.13
2025-08-18T13:28:45Z,1635,,37.9,17,7.82,19.8,46,7.86
2025-08-18T15:28:06Z,720,,31.5,22,7.24,20.2,49.8,8.71
2025-08-18T17:27:22Z,540,,22,30.5,5.92,18.6,58.8,9.36
2025-08-18T19:27:54Z,510,,14.5,47.2,5.87,15.5,68.1,9.0
2025-08-18T21:27:40Z,525,,11.8,62.4,6.56,13.6,77.5,9.12
2025-08-18T23:28:05Z,720,,11.1,74.9,7.54,12.5,80.4,8.84
2025-08-19T01:27:40Z,930,,9.8,80.6,7.48,11,84.6,8.47
2025-08-19T03:28:10Z,1380,,10.2,88.4,8.41,10.8,88.2,8.71
2025-08-19T05:27:58Z,3060,,16.5,98.5,13.83,16.8,77.1,11.02
2025-08-19T07:28:06Z,2100,,27.9,43.2,11.69,21.2,57.4,10.64
2025-08-19T09:27:40Z,1455,,34.9,24.7,9.73,22.2,51.6,10.13
2025-08-19T11:27:04Z,1860,,36.7,22.3,9.65,20.7,51.3,9.23
2025-08-19T13:26:33Z,720,,28.2,25.3,6.96,19.5,49.7,8.34
2025-08-19T15:26:03Z,915,,27.5,24.7,6.54,18.4,47.7,7.5
2025-08-19T17:25:58Z,525,,18.4,33.4,5.25,15.8,55.8,7.51
2025-08-19T19:25:37Z,510,,12.3,47.1,5.11,13.2,66,7.57
2025-08-19T21:26:13Z,525,,10.8,57.1,5.64,12,74,7.88
2025-08-19T23:26:56Z,465,,10.5,64.2,6.22,11,76.6,7.66
2025-08-20T01:27:36Z,465,,7.5,68.4,5.47,8.7,82.7,7.15
2025-08-20T03:28:13Z,450,,6.4,75.2,5.6,7.5,88.3,7.07
2025-08-20T05:28:12Z,3000,,13,93.1,10.55,13.3,73,8.43
2025-08-20T07:28:22Z,2160,,26.5,36.1,9.04,18.5,51.7,8.18
2025-08-20T09:29:06Z,1635,,28.2,26.8,7.37,16.8,50.8,7.26
2025-08-20T11:28:55Z,2835,,33.6,18.7,6.88,15.2,44.6,5.79
2025-08-20T13:29:17Z,1665,,30.3,18.9,5.83,15.4,43.9,5.77
2025-08-20T15:28:51Z,600,,24.9,21.5,4.92,15.2,46.2,5.99
2025-08-20T17:28:31Z,525,,16.8,26.6,3.8,13.7,54.2,6.42
2025-08-20T19:27:56Z,510,,8.9,40.8,3.57,9.9,68.1,6.36
2025-08-20T21:27:56Z,465,,6.8,55.3,4.23,8,76.4,6.32
2025-08-20T23:27:34Z,450,,5.3,66.5,4.61,6.7,80.3,6.1
2025-08-21T01:27:45Z,450,,5.7,68.3,4.86,6.8,84.2,6.44
2025-08-21T03:26:57Z,450,,4.1,75.9,4.86,5.4,86.4,6.03
2025-08-21T05:26:28Z,3090,,12.4,97,10.59,12.5,75,8.24
2025-08-21T07:26:05Z,975,,24.2,35.2,7.75,17.3,58.7,8.64
2025-08-21T09:25:48Z,1020,,27.2,27.9,7.26,16.5,58.2,8.17
2025-08-21T11:25:23Z,2295,,30.5,28,8.73,16.3,55.9,7.75
2025-08-21T13:24:47Z,525,,19.4,39.9,6.66,13.8,69.4,8.27
2025-08-21T15:24:26Z,780,,21.7,33.7,6.43,13.6,63.6,7.48
2025-08-21T17:24:10Z,525,,14.9,48.6,6.19,11.8,73.1,7.69
2025-08-21T19:23:31Z,465,,9.4,65.3,5.9,10,79.5,7.47
2025-08-21T21:22:40Z,975,,9.5,77,7.01,9.9,83.5,7.79
2025-08-21T23:23:29Z,450,,6.6,76.4,5.77,8,88.1,7.28
2025-08-22T01:22:49Z,450,,3.5,77.4,4.76,5.9,89.1,6.42
2025-08-22T03:22:34Z,435,,2.1,80.6,4.51,4.8,89.9,6.03
2025-08-22T05:21:50Z,2370,,8.6,98.7,8.48,8.3,87.4,7.37
2025-08-22T07:21:41Z,2760,,20.7,64.2,11.56,16.5,68.9,9.67
2025-08-22T09:21:59Z,1290,,27.2,31.2,8.12,17.5,58.2,8.67
2025-08-22T11:21:51Z,960,,32.3,20.5,7.04,16.8,55.8,7.97
2025-08-22T13:22:05Z,750,,27.3,24.2,6.34,15.4,57.3,7.53
2025-08-22T15:22:09Z,1080,,30.9,21.7,6.92,15.6,57.2,7.6
2025-08-22T17:21:26Z,480,,15.6,41.8,5.56,13,68.2,7.73
2025-08-22T19:21:51Z,450,,9.6,52.5,4.81,10.3,77.1,7.38
2025-08-22T21:21:07Z,450,,6.4,58,4.32,8,82.7,6.84
2025-08-22T23:21:03Z,450,,3.5,63.7,3.92,6.1,86.8,6.34
2025-08-23T01:20:23Z,435,,1.8,68.8,3.77,5.1,87.6,5.99
2025-08-23T03:21:09Z,435,,2.8,76,4.46,5.2,88.9,6.12
2025-08-23T05:21:08Z,1440,,8.4,85.3,7.23,8.8,84.7,7.37
2025-08-23T07:20:49Z,3180,,21.5,66.5,12.54,18.6,60.9,9.69
2025-08-23T09:20:32Z,1170,,32.5,22.1,7.67,20,48.3,8.35
2025-08-23T11:20:21Z,2070,,41.2,13.6,7.39,17.7,45.6,6.88
2025-08-23T13:20:14Z,1590,,30.5,22.6,7.05,17.5,47.8,7.12
2025-08-23T15:20:42Z,540,,27.4,22.7,5.98,17.1,50.2,7.3
2025-08-23T17:20:46Z,525,,20.3,26.7,4.69,15.5,56,7.4
2025-08-23T19:20:33Z,525,,10.7,37.9,3.72,11.6,67.8,7.04
2025-08-23T21:21:17Z,465,,8.1,53.5,4.45,9.3,76.2,6.85
2025-08-23T23:22:01Z,450,,6.8,63.6,4.86,8.2,81.9,6.86
2025-08-24T01:22:15Z,450,,5.5,68,4.78,7,85.8,6.65
2025-08-24T03:21:27Z,450,,4.3,73.6,4.78,5.8,88.7,6.35
2025-08-24T05:21:04Z,2430,,10.7,95.2,9.35,11,79.8,7.98
2025-08-24T07:21:51Z,2040,,21.5,51.4,9.69,17.3,60.7,8.94
2025-08-24T09:21:27Z,1050,,29.6,24.7,7.34,18.4,52.1,8.19
2025-08-24T11:21:34Z,1380,,26,31,7.55,16.5,56,7.86
2025-08-24T13:22:13Z,1515,,30.3,25.2,7.77,17,54.4,7.87
2025-08-24T15:22:23Z,480,,18.6,35.1,5.58,12.8,70.1,7.85
2025-08-24T17:22:33Z,465,,11.8,51.5,5.42,10,84.9,7.98
2025-08-24T19:22:28Z,465,,10,64.6,6.07,9,90.2,7.95
2025-08-24T21:21:41Z,780,,9.7,75.9,7.0,8.8,92.8,8.08
2025-08-24T23:21:00Z,1155,,10.1,81.7,7.72,9.2,94,8.39
2025-08-25T01:21:21Z,1335,,10.5,84.8,8.22,9.3,95.5,8.58
2025-08-25T03:22:01Z,1410,,10.3,87.1,8.34,9.2,95.9,8.56
2025-08-25T05:21:36Z,1800,,11.1,90.1,9.07,9.5,95.2,8.66
2025-08-25T07:21:44Z,3285,,18.4,83.7,13.16,14,80.9,9.75
2025-08-25T09:21:16Z,1950,,27.5,38.1,10.09,16.4,68.2,9.52
2025-08-25T11:21:31Z,900,,22.2,41.4,8.13,15.1,72.2,9.31
2025-08-25T13:21:10Z,1170,,20.5,44.9,7.99,14.8,67.8,8.58
2025-08-25T15:21:17Z,1605,,20.8,42.4,7.68,14.4,62,7.66
2025-08-25T17:21:17Z,525,,14.6,52.2,6.53,13.1,69.4,7.92
2025-08-25T19:21:09Z,495,,9.6,64.9,5.94,10.5,82,7.95
2025-08-25T21:20:40Z,450,,8,73.2,6.05,9.1,83.6,7.42
2025-08-25T23:20:57Z,555,,6.9,79,6.08,8,89.7,7.41
2025-08-26T01:20:20Z,1035,,7.3,85.9,6.79,7.6,92.3,7.43
2025-08-26T03:20:42Z,1530,,8.7,89,7.7,8.2,92.6,7.75
2025-08-26T05:19:58Z,2055,,11.1,91.2,9.18,9.7,90.7,8.36
2025-08-26T07:20:18Z,2355,,24,50.8,11.05,18.1,62.3,9.62
2025-08-26T09:20:04Z,1905,,26.1,37.8,9.26,17.1,60.3,8.77
2025-08-26T11:20:15Z,1515,,29.9,25.3,7.64,17.2,53.2,7.79
2025-08-26T13:20:07Z,1830,,37.7,17.5,7.97,17.9,50.5,7.71
2025-08-26T15:20:21Z,525,,21.8,30.6,5.87,15.7,58.2,7.78
2025-08-26T17:20:37Z,525,,16.5,36.9,5.18,14.2,66.3,8.09
2025-08-26T19:20:26Z,510,,11,51.7,5.17,11.7,74.9,7.83
2025-08-26T21:20:07Z,480,,8,61.5,5.08,9.6,81.2,7.44
2025-08-26T23:19:07Z,450,,6.6,68.9,5.2,8.3,83.8,7.06
2025-08-27T01:20:04Z,450,,6.3,76.7,5.68,7.8,86.9,7.09
2025-08-27T03:19:39Z,690,,6.9,80.7,6.21,7.8,90.4,7.38
2025-08-27T05:19:12Z,1980,,10,93.6,8.79,8.8,93.8,8.16
2025-08-27T07:18:44Z,3135,,17.4,84.8,12.56,14.8,77.8,9.85
2025-08-27T09:18:30Z,1470,,30.2,28.5,8.75,18.4,57,8.96
2025-08-27T11:18:09Z,1830,,33.9,22.4,8.37,17.5,54.2,8.08
2025-08-27T13:18:28Z,960,,27.7,26.6,7.12,17.2,54.8,8.02
2025-08-27T15:18:16Z,735,,26.8,26.2,6.67,17.2,53.9,7.89
2025-08-27T17:18:57Z,540,,18.1,36.8,5.68,15.3,62.5,8.16
2025-08-27T19:18:24Z,510,,11.5,47.7,4.93,12.1,72.2,7.74
2025-08-27T21:18:04Z,450,,7.9,60.4,4.96,9.6,77.6,7.11
2025-08-27T23:17:50Z,450,,5.5,69.6,4.89,7.7,83.1,6.74
2025-08-28T01:17:20Z,450,,3.7,70.2,4.38,6.3,88.6,6.56
2025-08-28T03:18:08Z,435,,2.2,73.8,4.16,5,89.7,6.1
2025-08-28T07:19:11Z,2775,,19.9,68.1,11.7,17.1,67.4,9.81
2025-08-28T09:19:44Z,1065,,28.8,28.7,8.16,18.6,56.5,8.99
2025-08-28T11:19:58Z,1905,,37.7,21.7,9.88,17.7,62.9,9.49
2025-08-28T13:20:35Z,945,,27.6,35.4,9.42,17.3,72.6,10.69
2025-08-28T15:20:32Z,870,,22.9,45.3,9.26,17,73.6,10.65
2025-08-28T17:20:03Z,795,,17.9,60.3,9.2,15.7,80,10.7
2025-08-28T19:19:33Z,825,,13.6,75.9,8.93,14.1,85,10.31
2025-08-28T21:19:15Z,780,,11.9,82.2,8.7,13.2,87.8,10.08
2025-08-28T23:18:58Z,915,,11.2,85,8.61,12.4,89,9.72
2025-08-29T01:19:26Z,555,,9.9,86.7,8.09,12.3,90.5,9.82
2025-08-29T03:19:45Z,915,,10.5,91.2,8.84,12.4,92,10.05
2025-08-29T05:19:00Z,1845,,13.4,97.5,11.33,13.3,93.2,10.76
2025-08-29T07:19:12Z,1980,,15.5,96.1,12.7,14.9,92.4,11.77
2025-08-29T09:19:00Z,1845,,15.2,89.6,11.63,13.8,92.9,11.06
2025-08-29T11:19:08Z,1680,,14.7,92.5,11.64,13.1,100,11.41
2025-08-29T13:19:45Z,1575,,15.1,91.2,11.76,13.6,100,11.76
2025-08-29T15:19:50Z,1545,,14.6,92.5,11.57,13.5,100,11.69
2025-08-29T17:18:59Z,1545,,14.6,94.7,11.85,13.8,100,11.91
2025-08-29T19:19:22Z,1575,,14.7,95.9,12.07,14,100,12.06
2025-08-29T21:18:47Z,1650,,14.8,96,12.16,13.9,100,11.98
2025-08-29T23:18:45Z,1680,,14.7,96.7,12.17,13.8,100,11.91
2025-08-30T01:19:02Z,1725,,15,98.1,12.57,14.3,100,12.28
2025-08-30T03:19:12Z,1710,,15.5,99.2,13.11,14.8,100,12.66
2025-08-30T05:18:51Z,1875,,16,100,13.62,15.1,100,12.9
2025-08-30T07:18:09Z,2055,,17.2,100,14.64,15.7,100,13.37
2025-08-30T09:18:05Z,2040,,19,94.6,15.41,16.6,99.7,14.08
2025-08-30T11:17:29Z,1650,,19.4,87,14.51,16.9,99,14.23
2025-08-30T13:17:38Z,1500,,18.5,87.3,13.81,16.6,99.6,14.06
2025-08-30T15:18:15Z,1590,,17.7,91.7,13.83,16.2,99.9,13.77
2025-08-30T17:17:33Z,1590,,17.1,95.1,13.84,16.2,100,13.78
2025-08-30T21:17:23Z,1770,,15.5,98.1,12.96,14.6,100,12.51
2025-08-30T23:18:07Z,1785,,15.4,99,13.0,14.6,100,12.51
2025-08-31T01:18:28Z,1785,,15.3,99.2,12.95,14.5,100,12.43
2025-08-31T03:18:35Z,1845,,15.1,99.2,12.79,14.2,100,12.21
2025-08-31T05:18:57Z,1920,,15.3,100,13.05,14.3,100,12.28
2025-08-31T07:19:26Z,2040,,16.5,98.4,13.81,14.8,100,12.66
2025-08-31T09:18:34Z,1890,,18,92.1,14.14,15.7,99.6,13.32
2025-08-31T11:18:09Z,1935,,21.3,80.6,15.02,17.2,96.5,14.13
2025-08-31T13:18:23Z,1140,,19.6,74.3,12.54,16.4,97.4,13.59
2025-08-31T15:17:57Z,1395,,17.7,86,12.97,16,97.5,13.28
2025-08-31T17:18:15Z,1395,,16.5,89,12.49,15.5,98,12.95
2025-08-31T19:17:53Z,1395,,15.2,93.4,12.12,14.8,99.1,12.55
2025-08-31T21:18:11Z,1575,,15.2,96.5,12.52,14.6,99.8,12.48
2025-08-31T23:17:40Z,1380,,14.1,95.3,11.56,13.9,100,11.98
2025-09-01T01:17:21Z,1110,,12.2,95.2,10.27,12.8,100,11.2
2025-09-01T03:17:56Z,1680,,13.3,100,11.55,13,100,11.34
2025-09-01T05:17:37Z,1980,,14.9,100,12.74,13.7,100,11.84
2025-09-01T07:17:46Z,2355,,16.4,97.5,13.6,14.2,96.9,11.83
2025-09-01T09:18:30Z,1620,,18.6,75.4,12.0,14.4,95.7,11.83
2025-09-01T11:18:04Z,1665,,21.1,66.6,12.27,15.5,90.4,11.94
2025-09-01T13:18:23Z,1305,,22.1,58.8,11.48,15.9,89,12.05
2025-09-01T15:18:45Z,1140,,20.7,61.7,11.11,16,89.1,12.13
2025-09-01T17:18:44Z,510,,15,73,9.36,14.5,93.4,11.61
2025-09-01T19:18:38Z,495,,9.4,78.7,7.12,11.6,96.7,10.05
2025-09-01T21:18:19Z,450,,6.7,81.2,6.17,9.8,98.2,9.11
2025-09-01T23:19:10Z,450,,5.5,86.9,6.1,8.7,99,8.56
2025-09-02T01:18:46Z,1170,,8.7,97.2,8.4,9.7,97.4,8.98
2025-09-02T03:18:04Z,1710,,11.5,99,10.22,11,99.3,9.94
2025-09-02T05:18:08Z,1875,,12.9,99.6,11.22,12.2,98.4,10.61
2025-09-02T07:18:12Z,2040,,15.1,99.6,12.84,13.7,99,11.72
2025-09-02T09:18:49Z,2235,,19.6,81.3,13.72,15.9,90.3,12.22
2025-09-02T11:18:56Z,1470,,22.9,56.3,11.51,16.7,82.9,11.78
2025-09-02T13:19:04Z,1305,,22.2,55.1,10.82,16.7,80.8,11.48
2025-09-02T15:19:27Z,1095,,21.3,57.3,10.68,16.2,85.7,11.81
2025-09-02T17:19:04Z,1035,,17.3,71.3,10.5,15.4,89.3,11.73
2025-09-02T19:18:29Z,1050,,15.3,83.4,10.89,15,93,11.92
2025-09-02T21:19:28Z,855,,12.6,88.9,9.83,13.8,95.1,11.33
2025-09-02T23:19:46Z,1425,,13.2,97.1,11.14,13.9,95.5,11.44
2025-09-03T01:19:24Z,1620,,14.1,97.4,11.82,14.2,96.2,11.74
2025-09-03T03:19:48Z,1485,,13.8,96.1,11.45,14,97,11.7
2025-09-03T05:20:07Z,2160,,15.9,100,13.54,15.8,90,12.11
2025-09-03T07:20:31Z,1935,,23.5,60.1,12.71,17.6,79.6,11.93
2025-09-03T09:20:57Z,1170,,26.2,44.6,10.98,17.8,78.4,11.9
2025-09-03T11:20:16Z,1650,,27.3,47,12.3,17.8,80.5,12.21
2025-09-03T13:19:34Z,1275,,23.9,54.3,11.75,17.9,81.6,12.45
2025-09-03T15:20:10Z,915,,19.9,67.1,11.53,17.7,86.6,13.06
2025-09-03T17:20:19Z,1320,,17.5,88.4,13.17,16.9,96,13.8
2025-09-03T19:20:20Z,1455,,16.8,93.1,13.31,16.4,97.4,13.59
2025-09-03T21:21:09Z,1590,,15.7,94.4,12.63,15.4,95.8,12.58
2025-09-04T01:21:01Z,1650,,14.6,97.4,12.18,14.4,97.2,12.01
2025-09-04T03:20:08Z,1770,,14.5,97.7,12.15,14.1,97,11.77
2025-09-04T05:19:39Z,1995,,15.2,99.3,12.88,14.3,97.3,11.95
2025-09-04T07:20:27Z,2385,,18.2,88.1,13.69,15.4,90.2,11.85
2025-09-04T09:20:47Z,2835,,32.6,43.9,15.32,20.3,72.4,12.73
2025-09-04T11:21:26Z,1815,,39.8,25.1,12.72,19.4,74.1,12.36
2025-09-04T13:21:05Z,1230,,36.8,26.9,11.7,18.9,78,12.63
2025-09-04T15:21:42Z,600,,27.6,37.3,9.93,17.6,80.6,12.08
2025-09-04T17:20:59Z,525,,17.1,59.8,8.7,15.9,85.6,11.59
2025-09-04T19:21:06Z,510,,12.5,75.6,8.31,13.8,91.5,10.9
2025-09-04T21:20:56Z,510,,9.3,79.5,7.14,12,93.7,9.98
2025-09-04T23:21:28Z,465,,9.5,87.6,7.97,11.5,95.4,9.85
2025-09-05T01:21:50Z,1305,,12.2,92.1,9.93,12.3,95.8,10.4
2025-09-05T03:22:29Z,1770,,13.4,95.2,11.06,12.7,96,10.68
2025-09-05T05:22:41Z,2100,,15,98,12.56,13.4,97.4,11.32
2025-09-05T07:23:28Z,1980,,17.8,93.5,14.19,15.6,99.2,13.19
2025-09-05T09:23:03Z,3045,,26.4,71.3,17.76,18.1,92.1,14.23
2025-09-05T11:23:34Z,1635,,34.7,35.9,14.0,19.5,83.8,14.06
2025-09-05T13:24:09Z,1125,,36.6,27.9,12.01,20.1,76.6,13.31
2025-09-05T15:23:42Z,540,,30.6,33.2,10.41,20,76.3,13.18
2025-09-05T17:23:48Z,510,,19.4,56.4,9.41,17.8,86,13.05
2025-09-05T19:24:12Z,885,,14.8,81.8,10.36,14.7,94,11.83
2025-09-05T21:23:49Z,1140,,14.2,85.8,10.47,13.7,95.2,11.27
2025-09-05T23:24:12Z,1305,,12.8,92.1,10.31,12.9,95.6,10.77
2025-09-06T01:25:02Z,1710,,14.2,95.3,11.63,13.6,96.3,11.33
2025-09-06T03:25:15Z,1785,,14.8,95.4,12.08,13.8,97.8,11.65
2025-09-06T05:25:50Z,2040,,16.3,98.9,13.72,15.2,97.5,12.65
2025-09-06T07:25:39Z,2040,,18.5,96.5,15.26,16.7,98.5,13.99
2025-09-06T09:25:53Z,1995,,22.4,82.4,16.36,18.4,96.6,15.19
2025-09-06T11:26:20Z,1380,,29.2,51.8,15.05,20.2,89.9,15.72
2025-09-06T13:26:13Z,1125,,34.6,36,13.96,21.5,81.1,15.29
2025-09-06T15:25:56Z,585,,28.1,46.6,12.75,20.7,85.8,15.44
2025-09-06T17:25:41Z,525,,21,68.4,12.53,19.8,90.1,15.39
2025-09-06T19:25:57Z,510,,17.9,78.5,11.98,18.6,92.8,14.77
2025-09-06T21:25:20Z,510,,16,84.9,11.56,17.5,95.1,14.17
2025-09-06T23:26:06Z,765,,15.5,90.7,11.98,17,96.4,13.94
2025-09-07T01:26:25Z,855,,15.4,93.4,12.27,16.9,97.6,14.03
2025-09-07T03:25:46Z,1125,,15.7,96.2,12.87,16.8,98.2,14.03
2025-09-07T05:26:06Z,1890,,17.9,99.9,15.25,17.2,98.5,14.42
2025-09-07T07:26:18Z,2115,,19.8,100,17.08,18.5,97.4,15.41
2025-09-07T09:26:07Z,1665,,24.4,71.9,16.0,19.8,92.2,15.74
2025-09-07T11:26:03Z,1500,,25.7,63.5,15.21,19.5,92.2,15.47
2025-09-07T13:25:44Z,1275,,26.4,58.9,14.67,19.8,91.4,15.61
2025-09-07T15:25:38Z,1125,,23,69.8,14.35,19.6,92.2,15.56
2025-09-07T17:26:20Z,825,,19.6,77.4,13.06,18.7,93.9,15.03
2025-09-07T19:26:10Z,510,,14.9,85.5,10.89,16.6,96.3,13.6
2025-09-07T21:25:37Z,525,,13,87.9,9.96,15.3,97.7,12.75
2025-09-07T23:25:58Z,510,,12.2,92.3,9.96,14.2,99,12.08
2025-09-08T01:25:55Z,1155,,13.3,97.7,11.28,14.1,99.9,12.12
2025-09-08T03:25:34Z,1575,,15,98.9,12.68,14.9,100,12.74
2025-09-08T05:26:26Z,1950,,16.7,100,14.21,15.5,100,13.21
2025-09-08T07:27:12Z,2295,,19.7,96.5,16.38,16.9,99.6,14.32
2025-09-08T09:27:13Z,2025,,24.2,76.6,16.86,18.7,97.2,15.56
2025-09-08T11:27:38Z,2220,,37,42.5,18.67,21.1,91.2,16.8
2025-09-08T13:27:00Z,1020,,34.8,34.6,13.56,21.9,78.6,15.17
2025-09-08T15:26:38Z,540,,29.3,38.8,11.34,21.5,74.3,14.01
2025-09-08T17:27:27Z,540,,19.5,55.4,9.3,18.8,82,13.2
2025-09-08T19:26:35Z,525,,15.2,72.8,9.45,17,86,12.44
2025-09-08T21:26:13Z,510,,13.1,78.2,8.92,15.5,90.5,11.96
2025-09-08T23:25:20Z,510,,11.2,80.2,8.13,13.9,93.6,11.22
2025-09-09T01:25:31Z,495,,10.2,85,8.09,12.8,94.7,10.6
2025-09-09T03:24:48Z,450,,9.3,84.1,7.56,12.1,96.3,10.32
2025-09-09T05:25:23Z,1050,,13.2,96.7,11.1,15.6,91.7,12.19
2025-09-09T07:25:03Z,3360,,25,87.8,20.22,21.9,74.9,14.45
2025-09-09T09:25:26Z,1425,,35.5,29.3,11.91,23.5,58.7,12.41
2025-09-09T11:26:16Z,1740,,38.8,23.3,11.22,21.3,59.2,11.03
2025-09-09T15:27:24Z,540,,26.9,33.7,8.63,20,64.1,11.08
2025-09-09T17:27:21Z,525,,17.7,48.3,7.28,17.9,74.4,11.36
2025-09-09T19:27:36Z,510,,14.3,69.3,8.51,16.4,82,11.44
2025-09-09T21:27:50Z,510,,12.6,75.6,8.36,15.3,86.4,11.28
2025-09-09T23:28:13Z,510,,12.5,81.1,8.91,14.9,88.8,11.31
2025-09-10T01:29:05Z,855,,13.1,87.6,9.99,14.8,90.6,11.47
2025-09-10T03:28:53Z,1275,,14.3,90.9,11.16,14.8,92.5,11.71
2025-09-10T05:28:45Z,1905,,16.1,96.7,13.25,16,90.8,12.37
2025-09-10T07:28:21Z,2040,,22.3,74.4,14.69,19.2,81.7,13.47
2025-09-10T09:28:24Z,1200,,26.7,47.8,12.1,19.9,75.4,12.95
2025-09-10T11:29:05Z,1950,,32.5,34.7,12.05,21.2,60.7,11.25
2025-09-10T13:29:00Z,1350,,30.2,35.5,10.89,21.1,62.5,11.51
2025-09-10T15:28:32Z,705,,25.3,42.9,10.05,20.3,68,11.96
2025-09-10T17:28:56Z,510,,18.4,62.9,9.89,18.7,75.9,12.15
2025-09-10T19:28:58Z,570,,15,76.2,9.77,17.2,81,11.86
2025-09-10T21:28:12Z,825,,14.2,85.1,10.39,16.5,85.6,12.02
2025-09-10T23:28:24Z,1545,,15.6,93.6,12.44,17.7,82.8,12.49
2025-09-11T01:28:56Z,1410,,15.8,89.7,12.07,17.5,83,12.37
2025-09-11T03:29:08Z,1395,,15.1,93.4,12.04,16.4,89.3,12.46
2025-09-11T05:29:51Z,1815,,16.3,95.5,13.24,17.1,87.8,12.78
2025-09-11T07:29:25Z,1605,,22.9,63,12.88,19.2,78.3,12.91
2025-09-11T09:29:52Z,1680,,32.6,36.3,12.67,21.6,65.6,12.44
2025-09-11T11:30:33Z,1380,,33,32.7,11.66,20.7,67.9,12.22
2025-09-11T13:31:02Z,1125,,29.3,36.9,10.78,20.6,66.2,11.85
2025-09-11T15:31:27Z,855,,21.9,49.4,9.53,19.3,66.3,10.99
2025-09-11T17:32:15Z,1185,,17.8,66.2,10.04,18.9,66.3,10.74
2025-09-11T19:31:42Z,1380,,17.3,69.9,10.29,18.4,67.4,10.6
2025-09-11T21:31:26Z,1380,,16.2,72.1,9.94,17.4,69.3,10.27
2025-09-11T23:31:39Z,1470,,15.3,75.4,9.84,16.9,69.4,9.98
2025-09-12T01:31:57Z,1545,,15.1,76.9,9.92,16.2,72.1,9.94
2025-09-12T03:31:11Z,1605,,15,77.3,9.91,15.7,73.2,9.79
2025-09-12T05:31:33Z,1650,,15.9,73.4,9.94,15.6,73.7,9.8
2025-09-12T07:32:14Z,1590,,18.1,64.2,9.92,15.9,73.2,9.91
2025-09-12T09:31:18Z,1305,,18.7,61.3,9.81,15.8,76.7,10.32
2025-09-12T11:30:59Z,1230,,16.2,82.9,11.43,14.7,97.3,12.25
2025-09-12T13:30:33Z,1395,,15.7,88.5,11.84,14.2,100,12.21
2025-09-12T15:29:57Z,1515,,15.1,92.4,11.92,13.9,100,11.98
2025-09-12T17:30:30Z,1575,,15.1,95.8,12.35,14.4,100,12.36
2025-09-12T19:30:55Z,1650,,15.5,97,12.82,14.8,100,12.66
2025-09-12T21:30:14Z,1590,,15.2,95.9,12.44,14.6,100,12.51
2025-09-12T23:29:44Z,1650,,15.2,97,12.59,14.5,100,12.43
2025-09-13T01:29:35Z,1620,,15.2,97.1,12.6,14.6,100,12.51
2025-09-13T03:30:19Z,1590,,15.2,97,12.59,14.8,100,12.66
2025-09-13T05:29:38Z,1710,,15.5,99,13.08,15,99.7,12.78
2025-09-13T07:29:26Z,1680,,17.9,84.8,12.94,15.9,93.9,12.71
2025-09-13T09:30:04Z,1740,,27.5,48.8,12.92,18.2,81.7,12.69
2025-09-13T11:29:58Z,1425,,21.7,62.8,11.98,17.4,83.1,12.31
2025-09-13T13:29:14Z,1725,,21.1,63.8,11.75,16.7,80.9,11.49
2025-09-13T15:30:03Z,960,,18.7,64.1,10.26,16.5,81.9,11.5
2025-09-13T17:30:17Z,780,,13.7,79.5,9.41,14.4,88.5,10.94
2025-09-13T19:31:09Z,1050,,12,91.1,9.7,12.9,94,10.59
2025-09-13T21:31:17Z,465,,9.4,88.9,8.04,11.6,96.2,10.0
2025-09-13T23:30:48Z,570,,9.2,92,8.21,11.3,97.3,9.92
2025-09-14T01:30:47Z,795,,9.9,91.9,8.58,11.4,97.7,10.02
2025-09-14T03:30:36Z,1215,,11.6,98.1,10.19,12.8,97,10.86
2025-09-14T05:31:16Z,1785,,14,100,12.06,13.8,98,11.67
2025-09-14T07:30:44Z,1875,,15.3,99.5,12.99,14.5,99.4,12.36
2025-09-14T09:30:06Z,1755,,15.1,98.3,12.68,14.3,100,12.28
2025-09-14T11:30:38Z,1905,,16.2,97,13.37,14.7,98.8,12.43
2025-09-14T13:30:42Z,1875,,16.2,95,13.1,14.8,98,12.41
2025-09-14T15:30:34Z,1770,,16.6,90.6,12.79,14.8,97.2,12.31
2025-09-14T17:30:59Z,1575,,14.8,95.4,12.08,14.2,98.6,12.04
2025-09-14T19:30:41Z,1485,,14.4,96.4,11.91,14.3,99.1,12.17
2025-09-14T21:30:11Z,1395,,13.9,98.5,11.8,15,95.2,12.2
2025-09-14T23:30:22Z,1650,,14.5,98.8,12.28,15.2,93.4,12.12
2025-09-15T01:30:55Z,1650,,14.8,97.8,12.38,15.2,94.2,12.22
2025-09-15T03:31:38Z,1710,,14.5,93.6,11.64,15.2,87,11.29
2025-09-15T05:32:14Z,1845,,14.2,94.8,11.57,13.9,92.5,11.08
2025-09-15T07:31:49Z,1845,,13.9,95.1,11.4,12.9,96.6,10.88
2025-09-15T09:31:49Z,1845,,13.7,96.7,11.45,12.4,100,10.92
2025-09-15T11:32:09Z,1875,,13.9,97.8,11.72,12.8,100,11.2
2025-09-15T13:31:37Z,1845,,15.1,97.9,12.62,13.9,100,11.98
2025-09-15T15:32:09Z,1620,,15.4,95.9,12.59,14.5,100,12.43
2025-09-15T17:32:14Z,1320,,13.4,95.3,11.07,13.6,98.8,11.62
2025-09-15T19:32:02Z,1320,,12.4,100,10.92,13.2,99.9,11.47
2025-09-15T21:32:56Z,1455,,13.4,100,11.62,13.7,99.9,11.82
2025-09-15T23:33:19Z,1710,,14,99.6,12.01,13.7,99.1,11.73
2025-09-16T01:33:24Z,1725,,14.3,99,12.16,14.2,97.1,11.85
2025-09-16T03:33:43Z,1815,,14.3,100,12.28,13.6,100,11.76
2025-09-16T05:33:54Z,1815,,14.3,100,12.28,13.6,100,11.76
2025-09-16T07:34:23Z,1875,,14.4,100,12.36,13.4,100,11.62
2025-09-16T09:34:21Z,2010,,15.9,100,13.54,14.6,100,12.51
2025-09-16T11:34:42Z,2835,,20.5,78.4,13.95,15.2,89.2,11.57
2025-09-16T13:34:31Z,1335,,20.4,62.8,11.11,16.1,84.8,11.62
2025-09-16T15:34:58Z,1260,,15.4,79.4,10.43,13.9,92.7,11.11
2025-09-16T17:34:11Z,975,,11.6,89.5,9.3,12.4,95.1,10.39
2025-09-16T19:33:43Z,1425,,12.2,99.4,10.72,13.6,93.3,10.98
2025-09-16T21:33:06Z,1425,,12.5,96,10.55,13.3,93.8,10.83
2025-09-16T23:32:19Z,1620,,13.3,96.2,11.11,13.6,93.8,11.03
2025-09-17T01:32:18Z,1680,,13.8,96.7,11.52,13.6,96,11.29
2025-09-17T03:32:06Z,1620,,12.9,95.1,10.71,12.2,99,10.68
2025-09-17T05:32:41Z,1770,,12.9,96.5,10.87,12.2,97,10.46
2025-09-17T07:32:15Z,2415,,16.4,95.7,13.35,14.3,93.3,11.46
2025-09-17T09:32:19Z,1425,,19.2,68.8,11.34,14.9,91.8,11.69
2025-09-17T11:32:05Z,1635,,19.5,68.7,11.53,15.8,85.2,11.46
2025-09-17T13:31:30Z,1455,,17.7,76.5,11.54,15.1,91.5,11.8
2025-09-17T15:31:59Z,1425,,15.7,82.6,11.05,14.4,91.8,11.34
2025-09-17T17:31:27Z,1260,,12.8,90.3,10.11,12.9,96,10.82
2025-09-17T19:31:22Z,1185,,11.6,95.3,9.9,12.3,98.1,10.65
2025-09-17T21:31:36Z,1380,,11.9,98.4,10.42,12.4,98.4,10.75
2025-09-17T23:31:22Z,1110,,10.6,95.4,9.31,11.3,99.8,10.18
2025-09-18T01:31:27Z,975,,9,97.6,8.6,10.4,100,9.63
2025-09-18T03:32:02Z,555,,7.4,96.1,7.64,9.7,100,9.22
2025-09-18T05:32:36Z,1515,,11.7,100,10.46,11.8,100,10.52
2025-09-18T07:33:17Z,2880,,16.7,100,14.21,14.6,92,11.51
2025-09-18T09:33:35Z,1935,,21,68.6,12.56,16.2,85.3,11.76
2025-09-18T11:34:20Z,810,,20.9,53.1,9.67,15.3,86,11.23
2025-09-18T13:35:09Z,1110,,21.4,56.3,10.55,16.1,84,11.51
2025-09-18T15:34:47Z,1155,,17.5,70.1,10.45,15.1,87.5,11.28
2025-09-18T17:33:58Z,810,,12.5,81.6,8.97,12.9,92,10.36
2025-09-18T19:34:23Z,1245,,11.6,93.1,9.67,12.3,94.5,10.26
2025-09-18T23:34:55Z,1185,,10.8,94,9.29,11.3,98.2,10.01
2025-09-19T01:34:45Z,1440,,10.9,97.6,9.7,11,98.9,9.9
2025-09-19T03:35:11Z,1605,,11.3,98.1,10.0,10.9,99.5,9.89
2025-09-19T05:35:08Z,2100,,13.3,100,11.55,11.8,99,10.42
2025-09-19T07:35:41Z,2880,,16.3,99.1,13.74,13.4,96.6,11.22
2025-09-19T09:34:55Z,2385,,17.6,89.1,13.36,14.1,95.2,11.55
2025-09-19T11:34:08Z,2295,,28,46.1,12.54,15.6,83.6,11.11
2025-09-19T13:34:19Z,1275,,26.3,40.4,10.01,15.7,79.6,10.65
2025-09-19T15:34:30Z,525,,17.8,52.9,8.03,14.6,82.3,10.29
2025-09-19T17:34:52Z,510,,12.8,66.6,7.46,12.8,88.4,9.9
2025-09-19T19:34:43Z,435,,8.6,77.1,6.62,10.6,93.4,9.11
2025-09-19T21:35:06Z,555,,8.5,86,7.34,9.7,96.2,8.87
2025-09-19T23:35:43Z,675,,8.1,88.8,7.39,9.3,97.8,8.79
2025-09-20T03:35:36Z,1395,,13.1,100,11.41,13.6,100,11.76
2025-09-20T05:36:11Z,1650,,14.9,100,12.74,14.7,100,12.59
2025-09-20T07:35:17Z,1785,,16.6,100,14.12,16,100,13.62
2025-09-20T09:35:14Z,1890,,17.2,99.6,14.58,16.4,98.7,13.77
2025-09-20T11:35:50Z,1800,,18.3,91.6,14.32,16.8,96.5,13.79
2025-09-20T13:36:00Z,1995,,22.1,75.4,14.72,17.3,92.9,13.68
2025-09-20T15:36:23Z,1140,,19,72.4,11.8,16.9,89.3,12.84
2025-09-20T17:35:59Z,1380,,15.8,90.9,12.23,15.6,95.5,12.7
2025-09-20T19:35:16Z,1455,,15.3,94.6,12.35,15.3,96.9,12.65
2025-09-20T21:35:05Z,1530,,15.1,99.1,12.78,15.3,98.8,12.9
2025-09-20T23:34:53Z,1560,,15.5,99.2,13.11,15.5,99.1,13.09
2025-09-21T01:34:09Z,1650,,15.6,99.4,13.21,15.5,98.7,13.04
2025-09-21T03:34:49Z,1680,,15.5,100,13.21,15.2,100,12.97
2025-09-21T05:34:29Z,1710,,15.8,100,13.46,15.4,100,13.13
2025-09-21T07:33:57Z,2850,,20.7,95.2,17.14,18.5,89.2,14.11
2025-09-21T09:33:43Z,1455,,28.4,48.2,13.41,20.6,77.2,13.81
2025-09-21T11:33:12Z,1395,,32.4,35.6,12.29,20.3,73.4,12.91
2025-09-21T13:33:26Z,1215,,27.6,45,11.98,19.1,78.4,12.85
2025-09-21T15:33:33Z,1140,,20.7,64,11.52,18.3,80.6,12.6
2025-09-21T17:33:45Z,1320,,18.3,82.1,12.83,17.9,87.6,13.37
2025-09-21T19:32:49Z,1530,,17.3,94,13.84,17.9,91.5,13.97
2025-09-21T21:32:33Z,1680,,16.9,93.9,13.5,16.7,93.1,13.23
2025-09-21T23:32:50Z,1485,,14.8,94.5,11.97,15.2,93.9,12.18
2025-09-22T01:32:50Z,1725,,14.4,93.8,11.59,14.9,89.5,11.4
2025-09-22T03:33:23Z,1605,,13.3,85.9,9.92,13.7,82.9,9.81
2025-09-22T05:32:48Z,1875,,12.3,88.1,9.56,12.5,82,9.01
2025-09-22T07:32:30Z,2085,,15.5,75.3,9.95,13.7,76.9,9.1
2025-09-22T09:32:42Z,2115,,20.5,50.7,9.02,14.7,65.1,8.19
2025-09-22T11:33:06Z,1230,,22.2,35.5,6.97,14.1,61.2,7.42
2025-09-22T13:33:38Z,1500,,22,35.9,6.97,13.8,59,7.03
2025-09-22T15:33:45Z,510,,14.4,48.7,6.02,12.5,67,7.36
2025-09-22T17:33:30Z,510,,8.8,64.6,5.62,10.1,76.5,7.23
2025-09-22T19:33:28Z,540,,6.6,76.3,5.76,8.3,81.9,6.9
2025-09-22T21:32:38Z,555,,5,81.2,5.52,7,86.1,6.67
2025-09-22T23:32:32Z,1170,,5.1,88.6,6.06,6.7,85.7,6.51
2025-09-23T01:32:18Z,1305,,5.4,88.2,6.15,6.4,86.6,6.45
2025-09-23T03:32:11Z,1320,,5.1,89.7,6.14,5.6,90,6.36
2025-09-23T05:32:52Z,2205,,7.5,99.4,7.96,7.8,87.1,7.11
2025-09-23T07:33:14Z,2715,,11.6,87,9.04,9.6,82.8,7.58
2025-09-23T09:33:24Z,1530,,17,54.4,7.87,11.2,78.4,7.94
2025-09-23T11:33:28Z,1155,,13.8,64,7.62,10.1,88,8.32
2025-09-23T13:32:43Z,1755,,11.2,66.7,6.76,8.5,76.4,6.52
2025-09-23T15:33:31Z,1365,,10.6,64.6,6.3,8.6,76.3,6.55
2025-09-23T17:32:43Z,870,,5.9,68.5,4.94,6.1,77.4,5.65
2025-09-23T19:33:05Z,855,,3.3,77.6,4.71,4.2,82.7,5.33
2025-09-23T21:32:24Z,780,,2,82.5,4.59,3,86.7,5.16
2025-09-23T23:32:13Z,1290,,3.6,86.6,5.36,4.1,86.3,5.53
2025-09-24T01:32:25Z,1155,,3.1,86.6,5.19,3.4,89.1,5.44
2025-09-24T03:33:10Z,1020,,2.6,87.1,5.04,3,90.9,5.41
2025-09-24T05:32:56Z,1545,,3.8,94.7,5.94,4.8,88.3,5.92
2025-09-24T07:32:59Z,3345,,13.6,89.8,10.56,11,67.6,6.76
2025-09-24T09:32:46Z,2970,,25.4,29.1,6.85,12,50.5,5.38
2025-09-24T11:33:11Z,2055,,26.7,21.8,5.52,10.5,52.5,5.09
2025-09-24T13:33:01Z,1455,,23.2,22.1,4.59,10.5,48.5,4.7
2025-09-24T15:33:22Z,450,,12.2,28.9,3.12,9.8,51.4,4.77
2025-09-24T17:33:51Z,495,,3.9,31.6,2.0,5.8,68.8,4.93
2025-09-24T19:33:17Z,435,,0,42.8,2.08,3.1,77.1,4.62
2025-09-24T21:34:05Z,435,,1.8,51.6,2.83,3.8,82.6,5.18
2025-09-24T23:33:59Z,450,,1.5,55.9,3.0,3.2,87.1,5.25
2025-09-25T01:33:16Z,435,,0,62.3,3.02,1.7,89.7,4.89
2025-09-25T03:32:53Z,435,,0,75.6,3.67,0.9,90.6,4.67
2025-09-25T05:32:03Z,795,,3.7,79.3,4.94,3.2,91.9,5.54
2025-09-25T07:32:05Z,3210,,15.8,86.8,11.68,14.7,70.4,8.86
2025-09-25T09:32:56Z,1320,,25.5,34.8,8.24,16.1,63.5,8.7
2025-09-25T11:33:18Z,765,,22.7,34.5,6.97,14.6,66,8.26
2025-09-25T13:33:10Z,945,,20.7,38.8,6.98,14.3,64.5,7.92
2025-09-25T15:33:03Z,525,,16.4,44.5,6.21,13.6,68.3,8.03
2025-09-25T17:33:01Z,465,,8.6,50.1,4.3,9.5,80.6,7.33
2025-09-25T19:33:27Z,450,,5.8,64.4,4.61,7.4,84.5,6.72
2025-09-25T21:33:28Z,450,,5.2,70.5,4.85,6.4,87.7,6.53
2025-09-25T23:32:37Z,450,,2.9,75.6,4.47,4.4,89.9,5.87
2025-09-26T01:32:45Z,495,,3,82.6,4.91,4.2,92.1,5.94
2025-09-26T03:33:13Z,435,,2.5,83.2,4.78,3.5,94.5,5.81
2025-09-26T05:33:39Z,900,,4.6,89.7,5.94,5.9,93.6,6.75
2025-09-26T07:34:20Z,3120,,14.5,100,12.43,13.6,82.3,9.68
2025-09-26T09:34:49Z,2055,,24.2,47,10.34,14.5,76.4,9.5
2025-09-26T11:34:43Z,1215,,25.9,35,8.48,14.4,73.8,9.12
2025-09-26T13:34:47Z,930,,22.3,36.8,7.27,14,68.3,8.23
2025-09-26T15:34:04Z,525,,15.8,47.8,6.43,12.8,74.9,8.39
2025-09-26T17:34:12Z,510,,10,56.6,5.32,10.3,82.8,7.93
2025-09-26T19:33:27Z,450,,7,65.7,5.09,8.1,86.6,7.2
2025-09-26T21:33:06Z,450,,7,72.7,5.63,7.9,88.8,7.29
2025-09-26T23:33:32Z,450,,6.7,78.5,5.96,7.7,91.9,7.45
2025-09-27T01:34:05Z,450,,6,80.4,5.84,7.1,94.7,7.38
2025-09-27T03:34:25Z,555,,5.9,82.7,5.96,6.6,95.4,7.2
2025-09-27T05:35:19Z,1005,,6.6,88.8,6.7,7,96.1,7.45
2025-09-27T07:34:42Z,3195,,14,96.4,11.62,11.8,83.6,8.8
2025-09-27T09:33:56Z,1950,,26.3,38.4,9.51,14.9,69.9,8.9
2025-09-27T11:33:44Z,1515,,28.4,29.4,8.18,14.4,67.7,8.37
2025-09-27T13:34:07Z,975,,27.1,29.6,7.66,15,67.3,8.63
2025-09-27T15:33:55Z,525,,16.5,39.2,5.5,14.2,68.7,8.39
2025-09-27T17:34:19Z,450,,9.6,49.2,4.51,10.9,79.5,7.9
2025-09-27T19:34:19Z,450,,8.4,58.2,4.94,10.2,83.5,7.94
2025-09-27T21:33:33Z,450,,7,64.6,5.01,8.6,87.3,7.5
2025-09-27T23:32:49Z,450,,5.9,69,4.98,7.1,90.1,7.03
2025-09-28T01:33:19Z,450,,4.4,73.9,4.83,5.8,91.7,6.57
2025-09-28T03:32:36Z,435,,4,77.6,4.94,5.4,93.7,6.54
2025-09-28T05:33:03Z,615,,5.7,80.5,5.73,6.3,92.6,6.85
2025-09-28T07:33:07Z,3375,,15.6,99,13.16,13.8,78.4,9.34
2025-09-28T09:32:26Z,1635,,27.6,30.3,8.07,15.3,60.9,7.95
2025-09-28T11:32:15Z,1335,,23.2,33.7,7.01,13.3,64.2,7.41
2025-09-28T13:32:21Z,765,,22.5,32.1,6.41,12.5,68.7,7.55
2025-09-28T15:32:04Z,450,,12.7,43.8,4.87,11,68.6,6.86
2025-09-28T17:32:37Z,435,,5.8,51.1,3.66,8,77.5,6.41
2025-09-28T19:32:14Z,450,,3.5,58.9,3.62,6.9,81.7,6.29
2025-09-28T21:32:20Z,450,,3.5,64.8,3.99,6,85.5,6.21
2025-09-28T23:32:42Z,450,,3.6,70.7,4.38,5.2,87.9,6.05
2025-09-29T01:33:30Z,435,,2.1,72.1,4.04,3.7,90.9,5.67
2025-09-29T03:33:35Z,435,,2.8,76.7,4.5,3.9,92.6,5.85
2025-09-29T05:33:07Z,435,,2.2,77.1,4.35,4,92.7,5.9
2025-09-29T07:33:53Z,3330,,12,99.9,10.64,10.5,73.7,7.15
2025-09-29T09:33:53Z,1575,,15,47.7,6.11,9.6,67,6.14
2025-09-29T11:33:14Z,2070,,20.5,36.2,6.44,9.9,62.9,5.87
2025-09-29T13:33:19Z,795,,16.4,35.5,4.95,8.9,66,5.78
2025-09-29T15:32:51Z,450,,10.5,44.5,4.31,8.2,70.6,5.91
2025-09-29T17:32:56Z,450,,4.9,52.9,3.57,6.3,77.3,5.72
2025-09-29T19:33:46Z,435,,3.4,60.7,3.71,4.9,81.2,5.48
2025-09-29T21:33:12Z,435,,3.4,66,4.03,4.2,84.7,5.46
2025-09-29T23:32:32Z,435,,1.7,71.8,3.91,2.6,87.7,5.08
2025-09-30T01:31:56Z,435,,1.3,70.8,3.75,2.1,89.9,5.03
2025-09-30T03:31:37Z,420,,0.2,76.4,3.76,1.3,90.9,4.82
2025-09-30T05:31:44Z,435,,-0.5,80.5,3.77,1.2,92,4.84
2025-09-30T07:31:20Z,3330,,10,100,9.39,7.2,85.8,6.73
2025-09-30T09:30:50Z,2280,,16.4,48.9,6.82,10.8,60.8,6.01
2025-09-30T11:30:41Z,1080,,18.1,33.8,5.22,10.2,60.5,5.76
2025-09-30T13:31:01Z,510,,16,32,4.36,9.2,62.6,5.59
2025-09-30T15:31:33Z,450,,8.9,39,3.42,8.2,64.6,5.41
2025-09-30T17:32:21Z,435,,2.4,46.1,2.63,4.2,75.7,4.88
2025-09-30T19:32:49Z,435,,2.7,59.9,3.49,3.7,79.5,4.96
2025-09-30T21:32:13Z,600,,5.5,63.9,4.49,5.8,75.2,5.39
2025-09-30T23:31:33Z,1005,,6.2,67.9,4.99,5.8,77.2,5.53
2025-10-01T01:32:18Z,1290,,6.7,70.3,5.34,5.7,79.1,5.63
2025-10-01T03:32:51Z,1425,,7,71.7,5.56,5.6,80.7,5.71
2025-10-01T05:32:51Z,1680,,7.3,74.1,5.85,5.6,81.7,5.78
2025-10-01T07:32:10Z,1830,,9.3,71.4,6.41,6.5,82.3,6.17
2025-10-01T09:32:19Z,2865,,19,47.4,7.72,11,63.8,6.38
2025-10-01T11:31:50Z,1830,,24.2,28.9,6.36,11.2,60.4,6.12
2025-10-01T13:32:08Z,930,,22,27.7,5.38,11.3,59.7,6.09
2025-10-01T15:31:47Z,510,,14.1,38.1,4.62,10.1,65.9,6.23
2025-10-01T17:32:04Z,450,,8.2,42.5,3.56,8.2,73.6,6.16
2025-10-01T19:31:45Z,420,,2.5,49,2.82,4.9,81.3,5.49
2025-10-01T21:31:03Z,420,,0.4,53.8,2.68,3.2,84.4,5.09
2025-10-01T23:30:20Z,420,,0,60.7,2.94,2.4,86.3,4.93
2025-10-02T01:30:03Z,435,,0.9,66.4,3.43,2.3,88.2,5.0
2025-10-02T03:29:18Z,810,,4.2,77,4.96,4.1,88.6,5.67
2025-10-02T05:29:14Z,1530,,5.9,82.8,5.97,5,88.7,6.03
2025-10-02T07:29:22Z,1875,,7.7,83.4,6.76,5.9,88.9,6.41
2025-10-02T09:29:53Z,2205,,10.1,82.7,7.82,7.3,87.7,6.93
2025-10-02T11:30:14Z,1710,,12.7,70.3,7.82,9.2,84.6,7.55
2025-10-02T13:30:03Z,1440,,14.2,54.2,6.62,10.1,71.9,6.8
2025-10-02T15:29:47Z,825,,11.9,54,5.72,9.2,73.9,6.6
2025-10-02T17:30:18Z,810,,9.3,61.9,5.56,8.3,76.8,6.47
2025-10-02T19:29:48Z,435,,5.8,64.6,4.63,6.2,81.6,6.0
2025-10-02T21:29:14Z,435,,2.1,68.7,3.85,3.6,86,5.33
2025-10-02T23:29:54Z,435,,0.6,73.9,3.73,3.1,87.3,5.23
2025-10-03T01:29:41Z,435,,0.1,74.9,3.66,1.7,89.1,4.85
2025-10-03T03:30:02Z,795,,1.9,81.3,4.49,2.6,86.8,5.03
2025-10-03T05:29:57Z,1035,,2.7,80,4.66,2.5,85.3,4.91
2025-10-03T07:30:35Z,2865,,6.5,90.8,6.81,5.2,80.7,5.56
2025-10-03T09:31:19Z,1575,,9.2,66.5,5.94,6.8,76.9,5.88
2025-10-03T11:31:45Z,1605,,12.3,56.6,6.14,8.3,72.6,6.12
2025-10-03T13:31:47Z,1035,,12.5,52.4,5.76,8.7,73.3,6.34
2025-10-03T15:31:21Z,870,,10.5,56.4,5.47,8.2,75.2,6.3
2025-10-03T17:32:07Z,840,,8.5,64.6,5.51,7.4,79.2,6.3
2025-10-03T19:32:13Z,840,,5.4,74.4,5.19,6.1,81.8,5.98
2025-10-03T21:31:24Z,1560,,7,79.1,6.13,6.4,82.4,6.14
2025-10-03T23:32:06Z,1395,,7.3,78.3,6.19,6.3,85.7,6.34
2025-10-04T01:32:25Z,1335,,4.6,84.4,5.59,4.3,88.9,5.77
2025-10-04T03:31:41Z,555,,3,80.1,4.76,3.7,91.1,5.68
2025-10-04T05:32:05Z,435,,1.5,84.8,4.56,4.6,91.9,6.08
2025-10-04T07:32:52Z,2835,,9.1,100,8.87,8,88.1,7.28
2025-10-04T09:32:10Z,1965,,12.8,69.8,7.82,9.2,81.3,7.26
2025-10-04T11:31:47Z,1440,,14.2,59.7,7.29,9.3,83.5,7.5
2025-10-04T13:31:41Z,1410,,11.8,67.9,7.14,8.6,85.3,7.33
2025-10-04T15:31:44Z,1410,,9.9,71.6,6.68,7.9,83.5,6.86
2025-10-04T17:31:23Z,1470,,8.9,71,6.22,7.3,79.4,6.27
2025-10-04T19:32:07Z,1425,,8.9,76.9,6.73,7.9,83.8,6.88
2025-10-04T21:32:47Z,1515,,9.9,82.4,7.69,8.8,88.8,7.73
2025-10-04T23:32:10Z,1500,,10.5,85.2,8.26,9.5,91.7,8.34
2025-10-05T01:32:51Z,1635,,9.9,87.5,8.17,9.4,89.6,8.1
2025-10-05T03:32:51Z,1635,,9.7,86.4,7.96,9.6,86.1,7.88
2025-10-05T05:32:59Z,1770,,10.1,86.8,8.21,9.8,85,7.88
2025-10-05T07:33:36Z,1860,,11.7,82.8,8.66,10.2,86,8.18
2025-10-05T09:33:35Z,1575,,14.7,64.8,8.16,10.9,81.5,8.1
2025-10-05T11:33:34Z,1665,,12.2,80.3,8.66,9.7,92,8.48
2025-10-05T13:33:11Z,1575,,11.3,80,8.16,9.8,88.5,8.21
2025-10-05T15:33:53Z,1575,,10.6,87,8.49,9.1,95.5,8.47
2025-10-05T17:34:38Z,1635,,10.5,91.5,8.87,9.3,97.7,8.78
2025-10-05T19:35:01Z,1755,,10.3,91.5,8.76,8.9,96.7,8.47
2025-10-05T21:34:41Z,1725,,10.3,93,8.9,8.9,99.4,8.71
2025-10-05T23:34:02Z,1770,,10.6,93.8,9.15,9,100,8.81
2025-10-06T01:33:54Z,1635,,10.4,93.9,9.05,9.3,100,8.98
2025-10-06T03:34:29Z,1725,,11,95.5,9.56,9.9,100,9.33
2025-10-06T05:34:20Z,1785,,11,94.2,9.43,9.5,100,9.1
2025-10-06T07:34:24Z,1935,,11.4,95.3,9.78,9.6,100,9.16
2025-10-06T09:34:58Z,1905,,12.4,92.5,10.1,10.2,100,9.51
2025-10-06T11:34:57Z,1875,,13,92.1,10.44,10.7,100,9.82
2025-10-06T13:34:36Z,1725,,14,88.7,10.69,11.7,100,10.46
2025-10-06T15:35:02Z,1575,,13.2,91.1,10.46,11.6,100,10.39
2025-10-06T17:35:49Z,1380,,11.5,91.7,9.47,10.7,100,9.82
2025-10-06T19:35:26Z,1710,,11.9,96.9,10.26,11,100,10.01
2025-10-06T21:35:32Z,1665,,11.3,96.9,9.88,10.7,100,9.82
2025-10-06T23:35:02Z,1575,,11.1,95.8,9.65,10.5,100,9.7
2025-10-07T01:34:40Z,1530,,10.9,96.7,9.62,10.5,100,9.7
2025-10-07T03:34:21Z,1800,,11.8,99,10.42,11,100,10.01
2025-10-07T05:34:52Z,1875,,12.2,99.2,10.7,11.3,100,10.2
2025-10-07T07:34:40Z,2130,,13.6,99.4,11.69,11.8,100,10.52
2025-10-07T09:33:58Z,2505,,18.7,80.7,12.92,13.4,94.2,10.95
2025-10-07T11:33:42Z,1590,,16.8,76.7,10.96,13.3,94.8,10.95
2025-10-07T13:33:22Z,1230,,18,63.5,9.75,13.3,90,10.39
2025-10-07T15:33:38Z,1185,,14.5,78.1,9.71,12.4,95.2,10.4
2025-10-07T17:33:31Z,1380,,12.5,88.7,9.75,11.9,95.6,10.12
2025-10-07T19:32:56Z,1575,,12.3,91.7,9.95,12.1,92.6,9.93
2025-10-07T21:33:38Z,1545,,12.2,93,10.03,11.7,96.2,10.06
2025-10-07T23:33:55Z,1575,,11.8,92.9,9.77,11.4,95.3,9.78
2025-10-08T01:33:27Z,1575,,11.8,93.2,9.81,11.3,96.6,9.85
2025-10-08T03:34:03Z,1635,,11.6,91.8,9.54,11.2,92.8,9.4
2025-10-08T05:34:22Z,1785,,12.2,93.3,10.06,11.4,94.6,9.71
2025-10-08T07:34:56Z,1740,,14.2,82.1,10.02,12,92,9.8
2025-10-08T09:34:36Z,1605,,13.1,87.9,10.03,11.6,96.7,10.05
2025-10-08T11:35:14Z,1740,,12.8,93.1,10.42,11.7,97.4,10.18
2025-10-08T13:34:34Z,1695,,12.7,94.7,10.54,11.5,100,10.33
2025-10-08T15:34:03Z,1710,,12.4,96.4,10.53,11.5,100,10.33
2025-10-08T17:33:32Z,1740,,12.2,97,10.46,11.3,100,10.2
2025-10-08T19:33:10Z,1740,,11.8,96.7,10.17,10.9,100,9.94
2025-10-08T21:32:21Z,1800,,11.7,97.6,10.2,10.7,100,9.82
2025-10-08T23:32:53Z,1830,,12.1,98.4,10.55,11.1,100,10.07
2025-10-09T01:32:53Z,1860,,12.3,98.9,10.73,11.3,100,10.2
2025-10-09T03:32:33Z,1770,,12.3,98.4,10.68,11.4,100,10.26
2025-10-09T05:32:35Z,1770,,12.5,99.3,10.91,11.6,100,10.39
2025-10-09T07:32:35Z,2055,,13.6,99.8,11.74,12.2,100,10.79
2025-10-09T09:32:42Z,1965,,15.4,89.8,11.79,12.8,98.2,10.99
2025-10-09T11:31:55Z,1860,,20.5,60.8,10.82,13.1,90.3,10.3
2025-10-09T13:31:59Z,1170,,18.4,57.1,8.98,12.8,86.5,9.68
2025-10-09T15:32:39Z,1020,,12.7,78.6,8.75,11.5,94.8,9.79
2025-10-09T17:33:41Z,1080,,10.3,90.9,8.7,10.3,99.4,9.52
2025-10-09T19:33:02Z,1020,,8.8,93.3,8.12,9.4,100,9.04
2025-10-09T21:33:22Z,1470,,9.7,98.5,9.08,9.9,98.7,9.21
2025-10-09T23:33:44Z,1710,,11,98.4,9.85,10.6,98.7,9.63
2025-10-10T01:32:57Z,1740,,11.3,97.5,9.94,10.4,100,9.63
2025-10-10T03:32:36Z,1665,,10.4,95.3,9.18,9.5,100,9.1
2025-10-10T05:33:16Z,1680,,9.8,96.6,8.96,9,100,8.81
2025-10-10T07:33:28Z,2220,,11.8,98.3,10.34,9.8,98.9,9.17
2025-10-10T09:33:41Z,3330,,16.7,90.7,12.88,9.7,86.4,7.96
2025-10-10T11:32:58Z,2175,,23.3,40.6,8.49,10.1,80.9,7.65
2025-10-10T13:33:07Z,1020,,19.1,39.5,6.47,10.5,74.2,7.19
2025-10-10T15:33:39Z,450,,9.7,51.3,4.73,8.7,78.5,6.79
2025-10-10T17:34:20Z,450,,2.9,61.3,3.62,5,88.6,6.02
2025-10-10T19:34:43Z,420,,1.7,71,3.87,3.8,91.3,5.73
2025-10-10T21:35:04Z,420,,2.6,84,4.86,4.2,91.8,5.92
2025-10-10T23:34:29Z,1560,,6.6,94.8,7.16,7.1,91.2,7.11
2025-10-11T01:35:02Z,1560,,9.2,93.9,8.38,9.3,93,8.36
2025-10-11T03:35:39Z,1290,,8.7,91.6,7.92,8.8,96.3,8.38
2025-10-11T05:35:08Z,1530,,7.9,93,7.64,8.5,90,7.68
2025-10-11T07:34:41Z,3390,,12.8,83.7,9.37,11.3,66.7,6.8
2025-10-11T09:35:05Z,1965,,18.8,40.3,6.49,11.3,59.2,6.04
2025-10-11T11:35:52Z,2190,,19.9,39.3,6.75,11,60.1,6.01
2025-10-11T13:36:12Z,1125,,16.2,38.3,5.28,10.1,60.8,5.75
2025-10-11T15:35:41Z,435,,9.6,51.9,4.75,8.7,69.4,6.0
2025-10-11T17:35:19Z,435,,6.8,58.3,4.46,7.4,74.6,5.93
2025-10-11T19:35:19Z,435,,3.9,70.1,4.43,5.5,80.5,5.65
2025-10-11T21:34:38Z,660,,2.9,79.7,4.71,4.4,85.2,5.56
2025-10-11T23:34:14Z,990,,3.2,84.3,5.08,4,87.1,5.54
2025-10-12T01:34:15Z,1620,,4.8,88.4,5.93,4.4,88.4,5.77
2025-10-12T03:34:18Z,1665,,5.5,86.8,6.1,4.8,89,5.97
2025-10-12T05:33:36Z,1335,,4.9,85.3,5.76,4.5,91.1,5.99
2025-10-12T07:34:14Z,2415,,7.9,88,7.23,5.8,87,6.23
2025-10-12T09:34:19Z,2730,,11.8,69.5,7.31,7,79.5,6.16
2025-10-12T11:33:48Z,1530,,12.7,54.2,6.03,8.2,72.9,6.1
2025-10-12T13:34:42Z,1215,,12.5,52.3,5.75,8.3,72.9,6.14
2025-10-12T15:34:41Z,765,,8.1,62,5.16,7,77.2,5.98
2025-10-12T17:34:40Z,870,,5.9,71.7,5.17,6.3,79.4,5.88
2025-10-12T19:34:57Z,1815,,6.4,71.5,5.33,6.4,68.1,5.07
2025-10-12T21:35:28Z,1320,,5.8,70,5.01,5.4,75,5.23
2025-10-12T23:35:55Z,1230,,4.4,74.7,4.88,4.4,78.5,5.13
2025-10-13T01:35:18Z,1395,,4.1,77.6,4.97,4.3,77.9,5.05
2025-10-13T03:34:59Z,1590,,4.9,77.1,5.21,4.3,78.6,5.1
2025-10-13T05:34:51Z,1755,,5.7,79.2,5.64,4.7,81.2,5.41
2025-10-13T07:34:47Z,1980,,8.2,74.1,6.2,5.9,79.7,5.75
2025-10-13T09:34:19Z,1935,,10.7,61.6,6.05,6.7,74.7,5.68
2025-10-13T11:34:49Z,1635,,11.4,57.5,5.9,7,74.6,5.78
2025-10-13T13:34:54Z,1365,,10.3,58.5,5.6,6.5,77.7,5.83
2025-10-13T15:34:36Z,1005,,8.1,65,5.41,5.8,83.8,6.0
2025-10-13T17:34:01Z,1035,,6.6,74.9,5.65,4.9,92.2,6.22
2025-10-13T19:33:34Z,1395,,6.4,79.8,5.95,4.9,90.3,6.1
2025-10-13T21:32:46Z,1530,,6.4,80.8,6.02,5,89.1,6.06
2025-10-13T23:33:24Z,1530,,6.3,80.3,5.94,4.8,88.7,5.95
2025-10-14T01:34:13Z,1455,,5.8,81.4,5.83,4.3,90.3,5.86
2025-10-14T03:33:54Z,1560,,5.8,84.9,6.08,4.1,94.2,6.03
2025-10-14T05:33:28Z,1620,,6.2,87,6.4,4.3,96.2,6.24
2025-10-14T07:34:07Z,1890,,7.4,88.2,7.01,5.2,95.3,6.56
2025-10-14T09:34:44Z,2085,,9.6,80.9,7.41,6.6,89.3,6.74
2025-10-14T11:35:20Z,2115,,13.3,62.3,7.19,7.6,80.7,6.5
2025-10-14T13:35:15Z,1305,,11.9,56.2,5.95,7.3,79.5,6.28
2025-10-14T15:35:24Z,975,,8.2,66.8,5.59,6,86.4,6.27
2025-10-14T17:35:51Z,1125,,6.2,76.7,5.64,5,89.4,6.08
2025-10-14T19:36:20Z,1320,,5.6,83,5.87,4.6,91.9,6.08
2025-10-14T21:35:45Z,1380,,5.6,85.7,6.06,4.4,93.8,6.13
2025-10-14T23:35:48Z,1290,,4.6,88,5.82,3.5,96.8,5.95
2025-10-15T01:36:24Z,1545,,5.2,89.6,6.17,3.5,97.5,6.0
2025-10-15T03:37:10Z,1425,,5.1,87.3,5.97,3.4,97.4,5.95
2025-10-15T05:37:53Z,1620,,4.6,91.1,6.03,2.9,97.5,5.76
2025-10-15T07:38:10Z,2850,,8.1,95.6,7.95,4.9,95.7,6.46
2025-10-15T09:38:21Z,1905,,10.6,76.1,7.43,6.6,92.5,6.98
2025-10-15T11:38:51Z,1635,,13.9,60.5,7.25,8.5,83.6,7.14
2025-10-15T13:39:22Z,1185,,12.8,63,7.05,9.1,85.4,7.58
2025-10-15T15:39:00Z,1050,,10.5,70.4,6.83,8.8,86.9,7.56
2025-10-15T17:39:10Z,1245,,9.3,79.4,7.13,8.4,89.4,7.58
2025-10-15T19:39:42Z,1200,,8.1,85.1,7.08,7.7,92.8,7.52
2025-10-15T21:39:38Z,1005,,5.8,87,6.23,6.1,95.3,6.96
2025-10-15T23:39:19Z,960,,4.7,89.7,5.98,5.2,97.2,6.69
2025-10-16T01:40:09Z,975,,4.4,90.5,5.91,4.8,98.6,6.61
2025-10-16T03:39:56Z,1695,,6,97.7,7.09,5.5,99,6.95
2025-10-16T05:39:24Z,1800,,8.1,97.2,8.09,7,100,7.75
2025-10-16T07:39:16Z,2010,,9.6,96.4,8.83,8,98.1,8.11
2025-10-16T09:38:41Z,2235,,11.4,95.3,9.78,9.1,97,8.6
2025-10-16T11:39:34Z,2355,,13.4,73.2,8.51,8.7,84.9,7.34
2025-10-16T13:39:55Z,1470,,11.7,58.6,6.13,7.9,76.3,6.27
2025-10-16T15:40:16Z,735,,6.1,64.5,4.71,5.5,78.5,5.51
2025-10-16T17:41:06Z,720,,2.7,74.6,4.35,3.7,80.5,5.02
2025-10-16T19:41:25Z,735,,1.6,79.2,4.29,2.2,86,4.85
2025-10-16T21:41:21Z,420,,-0.5,81.3,3.81,0.2,90.7,4.46
2025-10-16T23:41:03Z,420,,-1.8,83.7,3.58,-0.9,92.7,4.22
2025-10-17T01:41:32Z,420,,-2.8,79.6,3.18,-1.7,94.8,4.09
2025-10-17T03:42:10Z,420,,-5.8,79.2,2.55,-2.5,95.1,3.88
2025-10-17T05:42:11Z,420,,-2.2,85.8,3.57,-1.3,95.8,4.25
2025-10-17T07:42:20Z,2805,,6,99.2,7.2,5.1,86.8,5.94
2025-10-17T09:41:36Z,3105,,17.3,55.5,8.17,7.9,77,6.32
2025-10-17T11:42:13Z,1695,,21.2,30.8,5.71,6.8,72.8,5.57
2025-10-17T13:42:13Z,510,,16,30.9,4.21,6.8,69.2,5.29
2025-10-17T15:42:14Z,435,,4.1,37,2.37,3.9,79.5,5.02
2025-10-17T17:42:47Z,435,,-1.4,45.5,2.0,0.8,86.6,4.44
2025-10-17T19:43:36Z,420,,-4.4,51.1,1.82,-0.9,89.1,4.06
2025-10-17T21:42:57Z,420,,-4.9,55.6,1.91,-1.8,91.9,3.93
2025-10-17T23:43:26Z,435,,-4.4,61.4,2.19,-2.1,91.9,3.85
2025-10-18T01:43:37Z,420,,-3.7,63.2,2.37,-2.2,93.8,3.9
2025-10-18T03:43:36Z,420,,-4.5,64,2.26,-2.9,94.3,3.74
2025-10-18T05:42:52Z,420,,-2.9,69.1,2.74,-2.2,94.2,3.92
2025-10-18T07:42:10Z,1845,,3.8,90.7,5.69,2.9,87.4,5.16
2025-10-18T09:42:46Z,2970,,14.8,58.4,7.39,5.7,82.9,5.9
2025-10-18T11:42:50Z,1620,,20.6,30.8,5.51,5.1,80.3,5.49
2025-10-18T13:43:50Z,510,,14.7,31.5,3.96,5.3,76.8,5.32
2025-10-18T15:44:07Z,435,,2.7,37.4,2.18,2.5,82.9,4.77
2025-10-18T17:43:58Z,435,,-4.1,45.4,1.65,-0.7,88.7,4.1
2025-10-18T19:44:14Z,420,,-6.5,53.6,1.64,-2.7,91.8,3.69
2025-10-18T21:44:55Z,435,,-7.1,59.9,1.75,-3.6,93.5,3.52
2025-10-18T23:45:24Z,420,,-6.8,63.8,1.91,-3.8,94.5,3.51
2025-10-19T01:45:12Z,435,,-7.1,65.6,1.92,-4.2,95.4,3.45
2025-10-19T03:45:02Z,420,,-7.6,65.9,1.86,-4.4,96.3,3.43
2025-10-19T05:44:54Z,420,,-7.1,68.9,2.02,-4.1,96.9,3.53
2025-10-19T07:45:05Z,2070,,4.1,97.6,6.25,3.2,90.4,5.45
2025-10-19T09:45:49Z,2370,,18,46.9,7.2,8.4,73.3,6.22
2025-10-19T11:45:32Z,990,,20.3,29.9,5.26,8.7,68.3,5.91
2025-10-19T13:45:29Z,465,,13.6,38.8,4.56,8,74.8,6.18
2025-10-19T15:45:38Z,435,,6.3,52.4,3.88,5.9,85.7,6.18
2025-10-19T17:46:24Z,435,,1.7,59.1,3.22,3.3,90.2,5.47
2025-10-19T19:47:10Z,435,,-1.9,63,2.68,1.1,92.9,4.86
2025-10-19T21:46:52Z,420,,-4.2,66.9,2.42,-0.6,94.2,4.38
2025-10-19T23:46:04Z,435,,-5.3,68.6,2.29,-1.6,95.9,4.16
2025-10-20T01:46:28Z,420,,-5.8,70.1,2.26,-2.4,96.8,3.97
2025-10-20T03:45:47Z,435,,-6.5,72,2.2,-3.1,97.5,3.81
2025-10-20T05:45:02Z,435,,-5,78.5,2.68,-2.5,97.4,3.97
2025-10-20T07:45:15Z,2760,,5.8,99.1,7.1,4,91.4,5.81
2025-10-20T09:44:22Z,2100,,15.3,61.7,8.05,8.6,84.8,7.29
2025-10-20T11:44:13Z,1005,,16.4,45.5,6.35,9.6,77.2,7.07
2025-10-20T13:43:50Z,435,,11.8,55.9,5.88,8.3,86.5,7.29
2025-10-20T15:44:09Z,450,,8.2,67.3,5.64,7.1,89.1,6.95
2025-10-20T17:44:35Z,450,,2.4,68.4,3.91,4.4,92.7,6.05
2025-10-20T19:44:27Z,435,,1.8,79,4.33,3.2,94.2,5.68
2025-10-20T21:44:43Z,810,,4.5,83.2,5.47,4.6,94.1,6.23
2025-10-20T23:44:57Z,1530,,7.2,88.8,6.97,7.3,88.5,6.99
2025-10-21T01:44:47Z,1590,,7.7,82.8,6.71,7.1,84.9,6.62
2025-10-21T03:45:32Z,1110,,5.4,82.5,5.76,5.6,88.6,6.26
2025-10-21T05:46:12Z,1650,,6.1,84.7,6.19,6.2,82.7,6.08
2025-10-21T07:45:49Z,2805,,10,81.2,7.63,7.2,80.2,6.29
2025-10-21T09:46:03Z,1680,,14.6,48.8,6.1,7.3,75.2,5.94
2025-10-21T11:46:55Z,1155,,14.5,37.4,4.65,6.9,65.3,5.03
2025-10-21T13:47:08Z,945,,10.3,46.1,4.41,7.2,63.3,4.97
2025-10-21T15:46:39Z,615,,6.5,59.6,4.47,6.6,70.5,5.32
2025-10-21T17:46:17Z,1200,,5.2,78.8,5.43,6.3,78.6,5.82
2025-10-21T19:46:50Z,1335,,5.6,83.8,5.92,6.2,83.8,6.16
2025-10-21T21:46:46Z,1320,,5.5,86.1,6.05,6,86.7,6.29
2025-10-21T23:47:17Z,1395,,5.2,86.9,5.98,5.5,87.9,6.17
2025-10-22T01:47:58Z,1560,,5.2,89.2,6.14,5,90,6.12
2025-10-22T03:48:08Z,1785,,6,87.2,6.33,4.7,91.3,6.08
2025-10-22T05:47:44Z,1755,,5.8,85.9,6.15,4,92,5.85
2025-10-22T07:48:08Z,1815,,6.3,86.1,6.37,4.3,92.2,5.98
2025-10-22T09:47:41Z,1950,,8.1,82,6.82,5.2,92.1,6.34
2025-10-22T11:47:24Z,1695,,9.3,75.6,6.79,6.3,89.3,6.61
2025-10-22T13:48:07Z,1575,,10.1,70.8,6.69,7.5,83.3,6.67
2025-10-22T15:48:39Z,1470,,9.2,73.6,6.57,7.9,81.6,6.7
2025-10-22T17:48:23Z,1395,,8.5,78.1,6.67,7,89,6.9
2025-10-22T19:47:51Z,1620,,8,82.7,6.84,7,87.1,6.75
2025-10-22T23:46:50Z,1620,,7.6,84.4,6.8,6.6,89.2,6.73
2025-10-23T01:46:54Z,1695,,7.7,84.1,6.82,6.6,88.4,6.67
2025-10-23T03:47:45Z,1695,,7.6,87,7.01,5.9,95.7,6.9
2025-10-23T05:47:19Z,1725,,7.4,89.1,7.08,5.5,98.4,6.91
2025-10-23T07:47:41Z,1875,,7.8,91.1,7.43,5.6,100,7.07
2025-10-23T09:47:20Z,1830,,8.4,90.4,7.67,6,100,7.26
2025-10-23T11:46:40Z,1785,,8.5,90.3,7.71,6.3,100,7.4
2025-10-23T13:46:40Z,1755,,8.5,90.5,7.73,6.3,100,7.4
2025-10-23T15:46:26Z,1710,,8.2,91,7.62,6.3,100,7.4
2025-10-23T17:45:58Z,1725,,8.2,92.1,7.71,6.4,100,7.45
2025-10-23T19:45:42Z,1755,,8.5,93.1,7.95,6.6,100,7.55
2025-10-23T21:45:12Z,1755,,8.7,93.3,8.07,6.9,100,7.7
2025-10-23T23:45:27Z,1830,,8.8,93.2,8.11,6.9,100,7.7
2025-10-24T01:45:40Z,1770,,8.7,92.8,8.02,6.9,100,7.7
2025-10-24T03:44:47Z,1755,,8.6,92.7,7.96,6.8,100,7.65
2025-10-24T05:45:00Z,1770,,8.6,92.8,7.97,6.8,100,7.65
2025-10-24T07:45:26Z,1830,,9.1,93.1,8.26,7.2,100,7.85
2025-10-24T09:44:37Z,1755,,9.9,91.4,8.53,7.8,99.9,8.15
2025-10-24T11:44:49Z,1725,,10.1,90.5,8.56,8,100,8.27
2025-10-24T13:45:04Z,1620,,9.8,89.3,8.28,7.9,99.9,8.2
2025-10-24T15:44:42Z,1680,,9.6,91.9,8.42,8,100,8.27
2025-10-24T17:45:25Z,1725,,9.7,93.6,8.63,8.2,100,8.37
2025-10-24T19:46:07Z,1800,,9.9,94.6,8.83,8.5,100,8.54
2025-10-24T21:45:19Z,1845,,10.2,95,9.04,8.6,100,8.59
2025-10-24T23:46:05Z,1860,,10.3,96.2,9.21,8.8,100,8.7
2025-10-25T01:46:13Z,1830,,10.6,96.6,9.43,9.2,100,8.93
2025-10-25T03:46:36Z,1875,,11,97.3,9.74,9.7,100,9.22
2025-10-25T05:46:11Z,1905,,11.2,97.8,9.91,9.9,100,9.33
2025-10-25T07:46:54Z,1995,,11.6,98.2,10.2,10.1,100,9.45
2025-10-25T09:47:01Z,1965,,11.9,97,10.27,10.3,100,9.57
2025-10-25T11:46:37Z,1845,,11.8,94.9,9.98,10.2,100,9.51
2025-10-25T13:46:40Z,1830,,11.3,95,9.69,9.7,100,9.22
2025-10-25T15:46:37Z,1800,,11.1,96.3,9.7,9.7,100,9.22
2025-10-25T17:46:57Z,1815,,11.2,97.1,9.84,9.9,100,9.33
2025-10-25T19:47:15Z,1890,,11.1,97.3,9.8,9.8,100,9.27
2025-10-25T21:46:30Z,1860,,11.1,97.8,9.85,9.9,100,9.33
2025-10-25T23:46:49Z,1860,,11.3,98.3,10.02,10.1,100,9.45
2025-10-26T01:46:34Z,1875,,11.4,98.1,10.07,10.1,100,9.45
2025-10-26T03:46:43Z,1905,,11.3,98,9.99,10,100,9.39
2025-10-26T05:46:48Z,1905,,11.1,98,9.87,9.8,100,9.27
2025-10-26T07:46:10Z,1995,,11.1,98.1,9.88,9.6,100,9.16
2025-10-26T09:45:40Z,2040,,11.4,97.6,10.01,9.6,100,9.16
2025-10-26T11:45:09Z,2130,,11.8,94.8,9.97,9.4,100,9.04
2025-10-26T13:45:04Z,1935,,11,94.1,9.42,9,100,8.81
2025-10-26T15:44:41Z,1830,,9.4,93.8,8.48,7.6,100,8.06
2025-10-26T17:45:09Z,1830,,8.6,94.6,8.13,6.9,100,7.7
2025-10-26T19:45:44Z,1845,,8,94.4,7.8,6.3,100,7.4
2025-10-26T21:46:03Z,1830,,7.6,95.5,7.69,6.2,100,7.35
2025-10-26T23:45:36Z,1920,,8.3,97.2,8.19,6.9,100,7.7
2025-10-27T01:46:26Z,1890,,8,97.4,8.05,6.6,100,7.55
2025-10-27T03:46:12Z,1830,,8.8,98.1,8.54,7.7,100,8.11
2025-10-27T05:47:00Z,1695,,8.3,96.4,8.12,7.3,100,7.9
2025-10-27T07:47:54Z,1995,,9.3,95.2,8.55,7.3,100,7.9
2025-10-27T09:47:50Z,2025,,10.1,84.9,8.03,6.6,97.8,7.38
2025-10-27T11:47:21Z,1605,,9.2,84.9,7.58,6.4,100,7.45
2025-10-27T13:46:50Z,1695,,8.2,89.8,7.52,6.1,100,7.31
2025-10-27T15:47:11Z,1725,,7.9,92.3,7.58,6.1,100,7.31
2025-10-27T17:46:30Z,1605,,6.9,92.9,7.15,5.6,100,7.07
2025-10-27T19:45:50Z,1755,,7.1,94.4,7.36,5.5,100,7.02
2025-10-27T21:45:48Z,1695,,6.6,92.8,7.01,5.1,100,6.84
2025-10-27T23:45:44Z,1695,,6.1,94.3,6.89,4.5,100,6.57
2025-10-28T01:45:41Z,1560,,5.7,92.6,6.59,4.2,100,6.44
2025-10-28T03:45:43Z,1665,,5.5,93.7,6.58,4,100,6.36
2025-10-28T05:44:53Z,1575,,4.7,95.5,6.36,3.8,100,6.28
2025-10-28T07:44:16Z,2355,,7.5,100,8.0,5.4,100,6.98
2025-10-28T09:44:30Z,2205,,8.9,92.4,8.09,6,100,7.26
2025-10-28T11:44:26Z,2235,,8.7,92.8,8.02,5.7,100,7.12
2025-10-28T13:43:55Z,2205,,9.1,91.3,8.1,6,100,7.26
2025-10-28T15:43:50Z,1830,,7.8,91.2,7.44,5.6,100,7.07
2025-10-28T17:44:25Z,1860,,7.3,93.4,7.38,5.4,100,6.98
2025-10-28T19:44:17Z,1935,,7,94.7,7.34,5.2,100,6.89
2025-10-28T21:43:28Z,1860,,7.1,94.2,7.35,5.3,100,6.93
2025-10-28T23:43:00Z,1980,,7.2,95.1,7.46,5.3,100,6.93
2025-10-29T01:43:20Z,1920,,7.3,95.2,7.52,5.5,100,7.02
2025-10-29T03:43:19Z,1635,,6.7,91.8,6.97,5.1,100,6.84
2025-10-29T05:43:09Z,1665,,5.5,95.2,6.69,4.2,100,6.44
2025-10-29T07:43:48Z,2835,,8.6,100,8.59,5.8,100,7.16
2025-10-29T09:44:26Z,2205,,10.8,89.1,8.8,7.2,100,7.85
2025-10-29T11:45:02Z,2280,,11.7,86.5,9.04,7.4,100,7.95
2025-10-29T13:44:15Z,1665,,10.1,85,8.04,7.2,100,7.85
2025-10-29T15:44:24Z,1515,,8.4,88,7.46,6.6,100,7.55
2025-10-29T17:44:06Z,1305,,7.2,88.3,6.93,5.9,100,7.21
2025-10-29T19:43:58Z,705,,3.2,89.2,5.38,3.7,100,6.23
2025-10-29T21:43:51Z,900,,2.5,93.8,5.39,3,100,5.95
2025-10-29T23:44:37Z,900,,3.3,90.4,5.49,3.2,100,6.03
2025-10-30T01:45:12Z,750,,1,93.4,4.85,1.8,100,5.49
2025-10-30T03:44:36Z,570,,1.2,90.1,4.74,1.9,100,5.52
2025-10-30T05:44:05Z,450,,-0.1,92,4.43,0.9,100,5.16
2025-10-30T07:44:36Z,1725,,4.7,98.1,6.54,3.5,100,6.15
2025-10-30T09:44:49Z,2820,,10.2,96.6,9.19,6.9,100,7.7
2025-10-30T11:44:47Z,2040,,9.6,90.7,8.31,6.7,100,7.6
2025-10-30T13:45:11Z,1920,,8.9,92.8,8.13,6.8,100,7.65
2025-10-30T15:45:05Z,1890,,8.6,95,8.16,6.9,100,7.7
2025-10-30T17:44:42Z,1890,,8.9,96.1,8.42,7.3,100,7.9
2025-10-30T19:44:03Z,1890,,8.9,96,8.41,7.3,100,7.9
2025-10-30T21:44:48Z,1830,,8.8,96.3,8.38,7.4,100,7.95
2025-10-30T23:44:37Z,1800,,8.9,95.1,8.33,7.4,100,7.95
2025-10-31T01:44:40Z,1755,,8.7,94.5,8.17,7.2,100,7.85
2025-10-31T03:44:45Z,1845,,8.6,94.9,8.15,7,100,7.75
2025-10-31T05:44:23Z,1920,,8.4,94.1,7.98,6.4,100,7.45
2025-10-31T07:43:41Z,2025,,8.1,94.5,7.86,5.9,100,7.21
2025-10-31T09:43:06Z,2235,,8.7,95,8.21,6,100,7.26
2025-10-31T11:42:39Z,2310,,9.2,93.6,8.36,6.1,100,7.31
2025-10-31T13:42:47Z,1995,,8.8,90.7,7.89,6.1,100,7.31
2025-10-31T15:42:03Z,1800,,7.8,91.7,7.48,5.7,100,7.12
2025-10-31T17:42:41Z,1770,,7.2,93.1,7.31,5.5,100,7.02
2025-10-31T19:42:24Z,1875,,6.9,95.5,7.35,5.2,100,6.89
2025-10-31T21:41:31Z,1815,,6.7,93.6,7.11,5,100,6.8
2025-10-31T23:40:57Z,1335,,5.3,90.1,6.25,4.3,100,6.49
2025-11-01T01:41:33Z,1200,,3.4,94,5.74,3,100,5.95
2025-11-01T03:42:15Z,1890,,5.3,97.7,6.77,3.6,100,6.19
2025-11-01T05:42:37Z,1965,,6.3,96.2,7.12,4.3,100,6.49
2025-11-01T07:43:13Z,2355,,7.5,97.6,7.81,5,100,6.8
2025-11-01T09:43:04Z,2610,,9.1,97.3,8.63,5.9,100,7.21
2025-11-01T11:42:37Z,2205,,9.7,91.3,8.41,6.5,100,7.5
2025-11-01T13:43:00Z,1920,,9.3,88.5,7.95,6.4,100,7.45
2025-11-01T15:42:46Z,1650,,7.7,90.1,7.3,5.8,100,7.16
2025-11-01T17:42:06Z,1650,,7,91.7,7.1,5.4,100,6.98
2025-11-01T19:42:03Z,1725,,7,93.2,7.22,5.2,100,6.89
2025-11-01T21:42:14Z,1725,,6.8,93.8,7.17,5.3,100,6.93
2025-11-01T23:42:49Z,1785,,7,94.5,7.32,5.5,100,7.02
2025-11-02T01:42:10Z,1800,,8.1,97.8,8.14,7.1,100,7.8
2025-11-02T03:41:22Z,1470,,7.3,94.6,7.47,6.8,100,7.65
2025-11-02T05:42:14Z,1470,,7,94.9,7.35,6.5,100,7.5
2025-11-02T07:42:34Z,1800,,8.1,93.3,7.76,6.9,96.8,7.45
2025-11-02T09:43:12Z,1830,,8.2,93.2,7.8,6.4,100,7.45
2025-11-02T11:42:52Z,2040,,8.7,95.8,8.28,6.7,100,7.6
2025-11-02T13:43:05Z,1950,,8.8,96.4,8.39,7.2,100,7.85
2025-11-02T15:43:25Z,1950,,9.4,98.1,8.87,8,100,8.27
2025-11-02T17:42:57Z,1935,,9.8,98.3,9.12,8.5,100,8.54
2025-11-02T19:42:53Z,1830,,9.7,97.2,8.96,8.5,100,8.54
2025-11-02T21:42:22Z,1770,,9.3,95.7,8.6,8,100,8.27
2025-11-02T23:42:26Z,1755,,8.9,95.3,8.35,7.6,100,8.06
2025-11-03T01:42:45Z,1830,,8.7,95.8,8.28,7.3,100,7.9
2025-11-03T03:42:35Z,1890,,9.5,98.3,8.95,8.3,100,8.43
2025-11-03T05:42:16Z,1845,,9.6,97.4,8.92,8.4,100,8.48
2025-11-03T07:42:21Z,1935,,10,98.6,9.26,8.6,100,8.59
2025-11-03T09:42:01Z,2145,,11.5,96.4,9.95,9.3,100,8.98
2025-11-03T11:41:29Z,1935,,12.5,89.8,9.87,9.7,100,9.22
2025-11-03T13:41:19Z,1575,,10.8,89,8.79,9,100,8.81
2025-11-03T15:40:53Z,1245,,8.2,91.6,7.67,7.8,100,8.16
2025-11-03T17:41:17Z,1665,,7.9,96.4,7.92,7,100,7.75
2025-11-03T19:40:29Z,1800,,8.1,95.3,7.93,6.8,100,7.65
2025-11-03T21:39:55Z,1695,,7.7,92.6,7.51,6.3,100,7.4
2025-11-03T23:40:10Z,1500,,6.9,91,7.0,5.7,100,7.12
2025-11-04T01:39:48Z,975,,3.5,90.7,5.58,3.5,100,6.15
2025-11-04T03:40:21Z,1335,,3.5,96,5.9,3,100,5.95
2025-11-04T05:40:41Z,1785,,5.4,97.6,6.81,4.3,100,6.49
2025-11-04T07:41:10Z,2025,,7.4,99.5,7.91,6.1,100,7.31
2025-11-04T09:40:38Z,2370,,11.2,98.9,10.02,8.7,100,8.65
2025-11-04T11:40:45Z,1965,,12.7,82.9,9.22,9.1,96.8,8.59
2025-11-04T13:41:34Z,1635,,10.1,90.1,8.52,8.2,100,8.37
2025-11-04T15:41:34Z,1770,,9.9,96.2,8.98,8.7,100,8.65
2025-11-04T17:42:24Z,1845,,10.4,97.9,9.43,9.3,100,8.98
2025-11-04T19:42:07Z,1845,,11.1,99.4,10.01,10.2,100,9.51
2025-11-04T21:42:37Z,1830,,11.5,99.1,10.23,10.5,100,9.7
2025-11-04T23:42:56Z,1815,,11.7,99,10.35,10.8,100,9.88
2025-11-05T01:43:00Z,1815,,11.8,98.7,10.38,10.9,100,9.94
2025-11-05T03:43:30Z,1815,,11.8,98.7,10.38,10.8,100,9.88
2025-11-05T05:42:36Z,1875,,11.8,99,10.42,10.8,100,9.88
2025-11-05T07:43:17Z,1875,,11.9,99.1,10.49,10.8,100,9.88
2025-11-05T09:42:47Z,1935,,12.3,98.7,10.71,11,100,10.01
2025-11-05T11:43:31Z,1905,,12.1,97.2,10.42,10.7,100,9.82
2025-11-05T13:42:45Z,1800,,11.6,97,10.08,10.5,100,9.7
2025-11-05T15:42:53Z,1710,,11.1,96.4,9.71,10.1,100,9.45
2025-11-05T17:42:37Z,1605,,10.9,96.2,9.57,10.1,100,9.45
2025-11-05T19:42:23Z,1590,,10.8,95.9,9.48,10.1,99.7,9.42
2025-11-05T21:41:52Z,1605,,10.8,95.7,9.46,9.9,100,9.33
2025-11-05T23:41:57Z,1605,,10.7,95.6,9.39,9.9,100,9.33
2025-11-06T01:41:53Z,1740,,10.8,96.6,9.54,9.8,100,9.27
2025-11-06T03:41:50Z,1740,,10.8,96.5,9.53,9.8,100,9.27
2025-11-06T05:42:20Z,1740,,10.8,96.3,9.52,9.7,100,9.22
2025-11-06T07:41:34Z,1860,,11.2,96.7,9.8,9.8,100,9.27
2025-11-06T09:41:03Z,1875,,11.5,96.2,9.93,10,100,9.39
2025-11-06T11:40:23Z,1875,,12.4,93.3,10.19,10.4,100,9.63
2025-11-06T13:40:43Z,1620,,12.4,89.2,9.74,10.4,100,9.63
2025-11-06T15:40:46Z,1605,,11.4,93.2,9.56,10.1,100,9.45
2025-11-06T17:41:26Z,1650,,11.1,94.8,9.55,10,100,9.39
2025-11-06T19:40:38Z,1710,,10.8,96.1,9.5,9.6,100,9.16
2025-11-06T21:41:26Z,1845,,10.8,96.8,9.56,9.5,100,9.1
2025-11-06T23:41:12Z,1875,,10.8,97.1,9.59,9.5,100,9.1
2025-11-07T01:40:34Z,1875,,10.8,97.2,9.6,9.4,100,9.04
2025-11-07T03:39:51Z,1875,,10.7,97.5,9.57,9.4,100,9.04
2025-11-07T05:40:17Z,1905,,10.7,97.8,9.6,9.4,100,9.04
2025-11-07T07:40:32Z,1995,,11.1,98.5,9.92,9.6,100,9.16
2025-11-07T09:40:16Z,2115,,11.9,98.8,10.46,10.1,100,9.45
2025-11-07T11:40:01Z,1995,,12,98,10.44,10.4,100,9.63
2025-11-07T13:40:08Z,1875,,11.8,97.6,10.27,10.6,100,9.76
2025-11-07T15:40:37Z,1800,,11.4,97.6,10.01,10.3,100,9.57
2025-11-07T17:40:08Z,1815,,11.1,98,9.87,10,100,9.39
2025-11-07T19:39:42Z,1800,,10.7,98.3,9.65,9.7,100,9.22
2025-11-07T21:40:26Z,1860,,10.7,98.1,9.63,9.5,100,9.1
2025-11-07T23:40:55Z,1830,,10,96.5,9.06,8.7,100,8.65
2025-11-08T01:41:14Z,1905,,9.7,97.1,8.95,8.3,100,8.43
2025-11-08T03:41:52Z,1935,,9.6,97.4,8.92,8.1,100,8.32
2025-11-08T05:41:11Z,1935,,9.5,97.6,8.88,8.1,100,8.32
2025-11-08T07:40:41Z,2025,,9.5,97.4,8.86,7.8,100,8.16
2025-11-08T09:40:28Z,2085,,9.7,97.6,9.0,7.9,100,8.21
2025-11-08T11:40:46Z,1995,,9.9,97.2,9.07,8.3,100,8.43
2025-11-08T13:40:56Z,1845,,9.5,95.7,8.71,8,100,8.27
2025-11-08T15:40:32Z,1860,,8.9,96.2,8.42,7.4,100,7.95
2025-11-08T17:40:50Z,1890,,8.8,97.1,8.45,7.4,100,7.95
2025-11-08T19:41:22Z,1890,,8.7,96.9,8.38,7.3,100,7.9
2025-11-08T21:41:48Z,1890,,8.6,96.8,8.32,7.2,100,7.85
2025-11-08T23:41:58Z,1935,,8.7,97.5,8.43,7.3,100,7.9
2025-11-09T01:41:48Z,1890,,8.7,97.3,8.41,7.3,100,7.9
2025-11-09T03:41:39Z,1890,,8.5,97.8,8.35,7.2,100,7.85
2025-11-09T05:41:51Z,1920,,8.6,98.2,8.44,7.2,100,7.85
2025-11-09T07:41:37Z,1950,,8.7,96.9,8.38,7.1,100,7.8
2025-11-09T09:41:32Z,1860,,8.2,94,7.87,6.4,100,7.45
2025-11-09T11:42:22Z,2025,,8.5,95,8.11,6.4,100,7.45
2025-11-09T13:42:41Z,1800,,8.3,92.9,7.83,6.4,100,7.45
2025-11-09T15:42:21Z,1680,,7.5,92.9,7.43,6,100,7.26
2025-11-09T17:42:53Z,1830,,6.7,95.8,7.28,5.3,100,6.93
2025-11-09T19:42:52Z,1875,,7.1,95.5,7.45,5.4,100,6.98
2025-11-09T21:42:13Z,1950,,7.2,95.7,7.51,5.5,100,7.02
2025-11-09T23:41:34Z,1950,,7.3,95.8,7.57,5.6,100,7.07
2025-11-10T01:41:44Z,2010,,7.5,95.9,7.67,5.6,100,7.07
2025-11-10T03:40:59Z,1950,,6.6,92.7,7.0,4.1,100,6.4
2025-11-10T05:40:12Z,1845,,5.5,92.4,6.49,3,100,5.95
2025-11-10T07:39:56Z,1950,,5.6,94.2,6.66,2.9,100,5.91
2025-11-10T09:39:11Z,2235,,6.5,93.8,7.03,2.8,100,5.87
2025-11-10T11:39:43Z,2205,,6.9,90.9,7.0,3.1,100,5.99
2025-11-10T13:38:56Z,1830,,6.1,89.4,6.53,3,100,5.95
2025-11-10T15:38:35Z,1725,,5.4,90.9,6.34,2.7,100,5.83
2025-11-10T17:39:03Z,1710,,4.9,91,6.14,2.1,100,5.6
2025-11-10T19:38:49Z,1590,,4.4,90.6,5.92,1.6,100,5.41
2025-11-10T21:39:29Z,1650,,4.3,91.5,5.94,1.6,100,5.41
2025-11-10T23:39:25Z,1665,,4.4,92,6.01,1.7,100,5.45
2025-11-11T01:39:53Z,1695,,4.6,92.5,6.12,1.9,100,5.52
2025-11-11T03:40:11Z,1695,,4.6,92.9,6.15,2.1,100,5.6
2025-11-11T05:40:46Z,1725,,4.8,93.6,6.28,2.3,100,5.67
2025-11-11T07:40:45Z,2040,,5.6,95.5,6.75,2.9,100,5.91
2025-11-11T09:40:56Z,2715,,8.1,95.6,7.95,4.4,100,6.53
2025-11-11T11:41:33Z,2205,,9.1,90.4,8.02,5.8,100,7.16
2025-11-11T13:41:43Z,1635,,8.6,88.6,7.61,6.4,100,7.45
2025-11-11T15:41:19Z,1500,,7.6,91.1,7.34,6.4,100,7.45
2025-11-11T17:41:12Z,1575,,7.4,93.7,7.45,6.3,100,7.4
2025-11-11T19:42:10Z,1830,,8.2,96.2,8.05,6.8,100,7.65
2025-11-11T21:41:05Z,1890,,8.6,96.3,8.27,7.1,100,7.8
2025-11-11T23:40:36Z,1890,,8.4,95.9,8.13,6.8,100,7.65
2025-11-12T01:40:21Z,1920,,8.5,96.3,8.22,6.9,100,7.7
2025-11-12T03:40:56Z,1920,,8.4,95.9,8.13,6.7,100,7.6
2025-11-12T05:40:52Z,1920,,8.1,95.9,7.98,6.5,100,7.5
2025-11-12T07:41:09Z,1845,,8.2,95.8,8.02,6.7,100,7.6
2025-11-12T09:40:20Z,1785,,8.7,94.5,8.17,7.1,100,7.8
2025-11-12T11:40:57Z,1710,,9,91.5,8.06,7.4,98.2,7.81
2025-11-12T13:40:14Z,1575,,8.8,92.4,8.04,7.6,99.8,8.04
2025-11-12T15:40:42Z,1575,,9.2,94.6,8.45,8.5,99.3,8.48
2025-11-12T17:41:15Z,1605,,9.5,93.6,8.52,8.6,98.5,8.46
2025-11-12T19:41:12Z,1635,,9.8,93,8.63,8.8,97.4,8.48
2025-11-12T21:41:16Z,1665,,9.3,95.3,8.56,8.2,100,8.37
2025-11-12T23:41:21Z,1755,,9,96.6,8.51,7.9,100,8.21
2025-11-13T01:41:31Z,1845,,9.1,97.8,8.68,8,100,8.27
2025-11-13T03:41:27Z,1830,,9.3,98.3,8.83,8.3,100,8.43
2025-11-13T05:41:01Z,1830,,9.8,99.4,9.22,8.9,100,8.76
2025-11-13T07:41:03Z,1875,,10.5,99.7,9.67,9.6,100,9.16
2025-11-13T09:41:24Z,1905,,10.8,98.8,9.76,9.7,100,9.22
2025-11-13T11:42:10Z,1815,,11,97.6,9.77,9.9,100,9.33
2025-11-13T13:42:45Z,1680,,10.6,96.9,9.45,9.7,100,9.22
2025-11-13T15:43:12Z,1725,,10.3,97.7,9.35,9.3,100,8.98
2025-11-13T17:42:27Z,1965,,8.5,91.3,7.79,6,100,7.26
2025-11-13T19:42:23Z,1560,,5.5,89.2,6.27,3.2,100,6.03
2025-11-13T21:42:46Z,1455,,4.1,90.4,5.79,2,100,5.56
2025-11-13T23:42:40Z,1365,,3.2,91.1,5.49,1.3,100,5.3
2025-11-14T01:42:30Z,1230,,2.3,91.8,5.21,0.7,100,5.09
2025-11-14T03:42:12Z,810,,0.2,89.7,4.41,-0.4,100,4.72
2025-11-14T05:41:27Z,450,,-1.6,89.9,3.9,-1.2,100,4.46
2025-11-14T07:41:46Z,840,,-0.3,94.8,4.5,-0.6,100,4.65
2025-11-14T09:42:09Z,2850,,6,100,7.26,1.7,99.1,5.4
2025-11-14T11:41:35Z,2085,,9.3,71.7,6.44,2.1,97.5,5.46
2025-11-14T13:41:13Z,960,,4.1,76.9,4.92,1.1,98.9,5.17
2025-11-14T15:40:32Z,840,,0.7,88.9,4.52,-0.1,100,4.82
2025-11-14T17:41:16Z,765,,0.3,86.7,4.29,-0.9,100,4.56
2025-11-14T19:41:44Z,435,,-2,89.5,3.78,-1.7,100,4.31
2025-11-14T21:42:25Z,435,,-3,87.5,3.44,-2.4,100,4.1
2025-11-14T23:42:45Z,435,,-3.2,89.8,3.48,-2.7,100,4.02
2025-11-15T01:43:30Z,855,,-1.1,95.2,4.28,-1.8,100,4.28
2025-11-15T03:44:08Z,600,,-1.5,86.6,3.78,-2.7,98.7,3.97
2025-11-15T05:43:45Z,435,,-3.7,83.3,3.12,-4.2,100,3.61
2025-11-15T07:43:34Z,450,,-3.3,89.9,3.46,-3.3,97.6,3.76
2025-11-15T09:42:50Z,1545,,2.1,87.8,4.91,-1,94.9,4.29
2025-11-15T11:42:53Z,1560,,4.9,77.3,5.22,0.1,95.2,4.65
2025-11-15T13:42:10Z,945,,2.6,78.5,4.55,0.1,95.9,4.68
2025-11-15T15:43:03Z,450,,-0.1,84,4.05,-0.3,97.3,4.62
2025-11-15T17:42:39Z,705,,-0.3,90.1,4.28,-0.1,97.1,4.68
2025-11-15T19:42:08Z,1095,,1,90.5,4.7,0.7,92.5,4.71
2025-11-15T21:42:16Z,1005,,1.4,85,4.54,0.8,91.9,4.71
2025-11-15T23:42:26Z,840,,0.3,85,4.21,0.5,89.8,4.51
2025-11-16T01:42:23Z,900,,0.3,87.8,4.35,0.7,89.7,4.56
2025-11-16T03:43:01Z,1230,,1.7,87.4,4.76,1.6,87.9,4.76
2025-11-16T05:42:15Z,1275,,2.3,86.5,4.91,1.8,89.2,4.89
2025-11-16T07:41:54Z,1320,,3.1,88.4,5.29,2.7,90.3,5.26
2025-11-16T09:42:13Z,2355,,7.7,81.2,6.58,4.8,85.2,5.71
2025-11-16T11:42:34Z,2880,,10.4,75.9,7.31,5.6,85.3,6.03
2025-11-16T13:43:01Z,1380,,8,67.6,5.59,4.7,86.8,5.78
2025-11-16T15:42:34Z,735,,3.2,77.9,4.7,3,90.7,5.39
2025-11-16T17:43:01Z,450,,0.1,80.2,3.92,1.3,94.7,5.02
2025-11-16T19:42:33Z,900,,1,90.4,4.7,1,96.7,5.02
2025-11-16T21:42:50Z,555,,1.4,85.2,4.55,1.4,98.8,5.27
2025-11-16T23:42:08Z,555,,0.3,89.8,4.45,0.7,100,5.09
2025-11-17T01:42:41Z,705,,0.8,88.9,4.55,0.4,100,4.99
2025-11-17T03:42:59Z,1170,,1.8,92.3,5.06,0.4,100,4.99
2025-11-17T05:42:39Z,1230,,2.5,91.1,5.24,0.8,100,5.12
2025-11-17T07:42:56Z,1275,,2.7,91,5.3,0.7,100,5.09
2025-11-17T09:42:45Z,2100,,4.8,94.2,6.32,1,100,5.19
2025-11-17T11:43:26Z,1635,,4.1,87.2,5.58,0.2,100,4.92
2025-11-17T13:44:06Z,1440,,3.3,86.6,5.26,0,100,4.85
2025-11-17T15:43:43Z,1335,,2.5,88.1,5.07,-0.2,100,4.78
2025-11-17T17:44:28Z,1035,,1.6,85.6,4.63,-0.5,100,4.69
2025-11-17T19:45:04Z,615,,-0.7,87.2,4.03,-1.6,100,4.34
2025-11-17T21:45:44Z,1020,,-0.1,93.9,4.52,-1.8,100,4.28
2025-11-17T23:46:17Z,1215,,1,91.1,4.73,-1.6,100,4.34
2025-11-18T01:45:39Z,1095,,0.8,90,4.61,-1.2,100,4.46
2025-11-18T03:45:14Z,1290,,1.8,91.4,5.01,-0.6,100,4.65
2025-11-18T05:44:57Z,1065,,1,87.4,4.54,-1.5,100,4.37
2025-11-18T07:44:23Z,1185,,1,88.6,4.6,-1.6,98.4,4.27
2025-11-18T09:43:40Z,1290,,1.3,87.1,4.62,-2.2,97.5,4.06
2025-11-18T11:43:31Z,1290,,0.8,83.9,4.3,-3.1,94.5,3.69
2025-11-18T13:43:25Z,735,,-1,78.1,3.53,-4.3,94.6,3.39
2025-11-18T17:43:32Z,615,,-2.7,85.1,3.42,-4.3,94.7,3.4
2025-11-18T19:43:19Z,450,,-6.9,76.8,2.28,-6.6,98.4,2.99
2025-11-18T21:43:27Z,0,,-9.7,74.9,1.81,-8.2,100,2.7
2025-11-18T23:42:42Z,0,,-10.8,87.9,1.95,-9.3,100,2.49
2025-11-19T01:42:06Z,0,,-11.7,91.5,1.9,-10.4,100,2.29
2025-11-19T03:41:35Z,0,,-12.8,83.8,1.6,-10.3,100,2.31
2025-11-19T05:41:42Z,0,,-12.5,89.8,1.75,-10.2,100,2.33
2025-11-19T07:41:11Z,0,,-11.6,82.7,1.73,-9.7,100,2.42
2025-11-19T09:40:33Z,435,,-3.9,85.2,3.14,-6,98,3.11
2025-11-19T11:40:08Z,1050,,-0.8,88.9,4.08,-4.3,97.4,3.49
2025-11-19T13:40:27Z,435,,-2.6,81.3,3.29,-4.2,98.2,3.55
2025-11-19T15:41:12Z,435,,-5.2,81.6,2.74,-4.9,99.9,3.43
2025-11-19T17:41:16Z,435,,-4.6,86.9,3.05,-4.9,100,3.44
2025-11-19T19:41:04Z,660,,-2.5,90.7,3.7,-4.1,100,3.64
2025-11-19T21:40:33Z,690,,-1.9,88.7,3.77,-3.9,100,3.69
2025-11-19T23:40:25Z,1020,,-0.2,90,4.31,-3,100,3.93
2025-11-20T01:40:27Z,990,,0.1,87.3,4.26,-2.6,100,4.05
2025-11-20T03:40:07Z,765,,-0.6,86.5,4.02,-2.4,100,4.1
2025-11-20T05:39:15Z,1035,,0.3,90.3,4.47,-1.6,100,4.34
2025-11-20T07:39:20Z,1365,,2.1,92.1,5.16,-0.1,100,4.82
2025-11-20T09:40:00Z,1350,,2.9,93.3,5.51,1.5,100,5.37
2025-11-20T11:40:39Z,1665,,4.2,94.9,6.12,2.3,100,5.67
2025-11-20T13:40:32Z,1455,,4.2,88.7,5.72,2,98.7,5.49
2025-11-20T15:40:20Z,1395,,3.7,87.6,5.46,1.7,97.4,5.31
2025-11-20T17:39:59Z,1395,,3.7,89.1,5.55,1.8,98.2,5.39
2025-11-20T19:39:11Z,1425,,3.8,88.6,5.56,1.7,98,5.34
2025-11-20T21:39:26Z,1290,,3.3,88.2,5.35,0.9,100,5.16
2025-11-20T23:39:55Z,1320,,3.1,89.4,5.35,0.8,100,5.12
2025-11-21T01:40:31Z,1320,,2.9,88.8,5.25,0.6,100,5.05
2025-11-21T03:41:14Z,1335,,2.6,89.1,5.16,0.1,100,4.88
2025-11-21T05:41:53Z,1275,,2.6,88.9,5.15,0.3,99.9,4.95
2025-11-21T07:41:27Z,1260,,2.6,89.3,5.17,0.4,99.9,4.98
2025-11-21T09:41:00Z,1500,,3.2,90.8,5.47,0.5,100,5.02
2025-11-21T11:41:17Z,1875,,5,89.5,6.08,1.1,100,5.23
2025-11-21T13:41:47Z,1335,,3.2,87,5.24,0.5,100,5.02
2025-11-21T15:41:51Z,1365,,2.7,89.2,5.2,0,100,4.85
2025-11-21T17:41:59Z,1395,,2.6,89.7,5.19,0,100,4.85
2025-11-21T19:41:53Z,1380,,2.5,89.7,5.16,-0.2,100,4.78
2025-11-21T23:43:13Z,1425,,2.3,87.3,4.95,-1.6,100,4.34
2025-11-22T01:42:36Z,1200,,1.4,83.7,4.47,-2.7,100,4.02
2025-11-22T03:42:56Z,450,,-2.8,76.4,3.05,-5.1,100,3.39
2025-11-22T05:42:12Z,0,,-8,74.6,2.04,-7,100,2.95
2025-11-22T07:42:28Z,435,,-7.8,70.8,1.97,-6.9,100,2.97
2025-11-22T09:41:50Z,495,,-2.3,88.2,3.64,-3.6,99.9,3.77
2025-11-22T11:42:26Z,1425,,2.3,90.2,5.12,0,97.7,4.74
2025-11-22T13:42:12Z,1125,,2.4,86.2,4.92,0.4,98.2,4.9
2025-11-22T15:42:40Z,1095,,2.2,92.3,5.2,1.3,100,5.3
2025-11-22T17:42:36Z,1230,,2.9,94.5,5.58,2.2,100,5.64
2025-11-22T19:42:29Z,1425,,4,95.8,6.09,3.2,100,6.03
2025-11-22T21:41:51Z,1695,,5.4,95.4,6.66,4.1,100,6.4
2025-11-22T23:41:57Z,1725,,5.7,94.3,6.71,4.2,100,6.44
2025-11-23T01:42:31Z,1650,,5.6,93.7,6.62,4.1,100,6.4
2025-11-23T03:41:46Z,1725,,5.8,94.2,6.75,4.3,100,6.49
2025-11-23T05:41:44Z,1455,,5.4,91.9,6.41,4.3,100,6.49
2025-11-23T07:40:56Z,1725,,5.8,95.4,6.83,4.6,100,6.62
2025-11-23T09:41:45Z,2220,,7.9,93.4,7.67,5.3,98,6.79
2025-11-23T11:42:18Z,2010,,9.1,79.9,7.09,5.3,93.7,6.5
2025-11-23T13:42:24Z,1560,,6.8,83.8,6.41,5.1,93.8,6.42
2025-11-23T15:42:19Z,1500,,6.1,90.5,6.61,4.7,99.9,6.66
2025-11-23T17:42:57Z,1560,,5.9,91,6.56,4.3,100,6.49
2025-11-23T19:43:03Z,1560,,5.3,92.5,6.41,3.9,99.8,6.3
2025-11-23T21:42:22Z,1590,,5.5,92.6,6.5,4,100,6.36
2025-11-23T23:42:59Z,1605,,5.3,91.2,6.32,3.6,99.1,6.14
2025-11-24T01:42:56Z,1335,,4.1,91.5,5.86,3,99.8,5.94
2025-11-24T03:42:25Z,1395,,4.1,92,5.89,2.7,100,5.83
2025-11-24T05:42:51Z,1365,,3.9,90.7,5.73,2.3,100,5.67
2025-11-24T07:43:04Z,1380,,3.6,91.4,5.66,2,99.9,5.55
2025-11-24T09:43:46Z,1560,,4.2,91.5,5.9,2.2,99.2,5.59
2025-11-24T11:43:05Z,1650,,4.7,91,6.06,2.3,99.6,5.65
2025-11-24T13:43:24Z,1500,,4.5,89.2,5.86,2.2,100,5.64
2025-11-24T15:43:44Z,1305,,3.4,88.7,5.42,1.4,100,5.34
2025-11-24T17:44:28Z,1155,,2.6,87.2,5.05,0.4,100,4.99
2025-11-24T19:44:48Z,615,,-0.9,88.9,4.05,-1.5,100,4.37
2025-11-24T21:44:07Z,795,,-0.3,89,4.23,-1.7,100,4.31
2025-11-24T23:43:49Z,555,,-1.2,87.6,3.91,-1.9,100,4.25
2025-11-25T01:43:06Z,1260,,0.9,94.6,4.88,-0.9,100,4.56
2025-11-25T03:42:54Z,1455,,2.4,92.8,5.3,0,100,4.85
2025-11-25T05:43:32Z,1425,,2.6,91.4,5.29,0.2,100,4.92
2025-11-25T07:42:44Z,1320,,2.2,89,5.02,-0.5,100,4.69
2025-11-25T09:42:49Z,1365,,2.1,87.8,4.91,-1.4,100,4.4
2025-11-25T11:42:55Z,1350,,1.8,85.6,4.7,-1.7,97.5,4.2
2025-11-25T13:42:12Z,1125,,0.6,83.4,4.21,-2.5,95.1,3.88
2025-11-25T15:41:55Z,960,,-0.3,83.9,3.99,-2.8,94.2,3.76
2025-11-25T17:41:34Z,675,,-1.7,82.2,3.54,-3.7,96.1,3.6
2025-11-25T19:41:35Z,450,,-3.2,85.4,3.31,-4.5,97.6,3.45
2025-11-25T21:41:04Z,450,,-3.6,83.8,3.16,-5,98.2,3.35
2025-11-25T23:40:49Z,0,,-9.1,72.4,1.83,-7.4,100,2.87
2025-11-26T01:40:10Z,0,,-10.5,88.1,2.0,-8.7,100,2.6
2025-11-26T03:40:09Z,0,,-8.9,85.4,2.19,-8,100,2.74
2025-11-26T05:39:56Z,435,,-5.3,94.6,3.16,-6.2,99.4,3.11
2025-11-26T07:40:07Z,855,,-2.1,92.4,3.87,-4.6,99.6,3.5
2025-11-26T09:39:22Z,1380,,0.7,92.7,4.72,-2.7,99.8,4.01
2025-11-26T11:39:26Z,1485,,2.3,90,5.11,-1.1,100,4.49
2025-11-26T13:39:29Z,1395,,2.2,87.4,4.93,-1.4,100,4.4
2025-11-26T15:39:31Z,1215,,1.4,86.6,4.62,-2,100,4.22
2025-11-26T17:40:10Z,1095,,0.4,86.8,4.33,-3,100,3.93
2025-11-26T19:39:49Z,930,,-0.3,85.5,4.06,-3.8,100,3.72
2025-11-26T21:39:15Z,615,,-2.1,83,3.48,-5.4,100,3.31
2025-11-26T23:39:49Z,0,,-5.9,77,2.46,-7,100,2.95
2025-11-27T01:39:40Z,0,,-9.8,89,2.13,-8.3,100,2.68
2025-11-27T03:40:21Z,0,,-8.1,89.1,2.42,-7.4,100,2.87
2025-11-27T05:39:40Z,435,,-4.7,93.4,3.26,-5.6,100,3.27
2025-11-27T07:39:42Z,885,,-1.5,93.1,4.07,-3.7,100,3.74
2025-11-27T09:39:29Z,1485,,1.8,93.5,5.13,-0.9,100,4.56
2025-11-27T11:39:17Z,1395,,3,87.2,5.19,0,100,4.85
2025-11-27T13:39:41Z,1245,,2.7,86.4,5.04,0,99.5,4.83
2025-11-27T15:39:48Z,1230,,2.7,89.5,5.22,0.6,100,5.05
2025-11-27T17:39:20Z,1455,,3.4,93.5,5.71,1.8,100,5.49
2025-11-27T19:38:43Z,1560,,4.2,92.4,5.96,2.2,100,5.64
2025-11-27T21:38:56Z,1635,,4.7,93.1,6.2,2.8,100,5.87
2025-11-27T23:37:54Z,1755,,5.4,94,6.56,3.5,100,6.15
2025-11-28T01:38:21Z,1890,,6.1,94.5,6.9,4.2,100,6.44
2025-11-28T03:38:29Z,1890,,6.4,94.6,7.05,4.5,100,6.57
2025-11-28T05:39:08Z,1950,,6.9,95.3,7.34,5,100,6.8
2025-11-28T07:39:26Z,1950,,7.2,95.4,7.49,5.4,100,6.98
2025-11-28T09:38:47Z,1965,,8,96.6,7.98,6.4,100,7.45
2025-11-28T11:38:51Z,1920,,8.8,96.7,8.41,7.3,100,7.9
2025-11-28T13:38:34Z,1860,,9,96.2,8.48,7.5,100,8.0
2025-11-28T15:38:11Z,1890,,9.1,96.2,8.53,7.6,100,8.06
2025-11-28T17:38:08Z,1650,,8.7,93.6,8.09,7.3,100,7.9
2025-11-28T19:38:41Z,1590,,8.4,94.6,8.02,7.4,100,7.95
2025-11-28T21:38:38Z,1590,,8.6,93.5,8.03,7.5,99.1,7.93
2025-11-28T23:38:37Z,1560,,8.6,93.6,8.04,7.5,99.7,7.98
2025-11-29T01:39:08Z,1635,,8.6,94.4,8.11,7.5,100,8.0
2025-11-29T03:39:12Z,1890,,8,94.7,7.83,6.2,100,7.35
2025-11-29T05:39:52Z,1950,,7.6,94.5,7.61,5.6,100,7.07
2025-11-29T07:39:37Z,1980,,7.2,94.4,7.41,5.2,100,6.89
2025-11-29T09:39:00Z,1950,,7.1,94.4,7.36,5.2,100,6.89
2025-11-29T11:38:58Z,1920,,7,94.5,7.32,5.1,100,6.84
2025-11-29T13:38:35Z,1890,,7.4,95.1,7.56,5.7,100,7.12
2025-11-29T15:38:01Z,1800,,7.6,94.4,7.6,6,100,7.26
2025-11-29T17:37:51Z,1830,,7.7,94.8,7.69,6,100,7.26
2025-11-29T19:38:26Z,1770,,7.8,94.7,7.73,6.4,100,7.45
2025-11-29T21:38:05Z,1770,,8,94.8,7.84,6.5,100,7.5
2025-11-29T23:38:09Z,1695,,7.8,91.9,7.5,6.8,95.8,7.33
2025-11-30T01:38:34Z,1560,,7.7,91.4,7.41,6.7,96.7,7.35
2025-11-30T03:39:14Z,1095,,5.9,88.4,6.37,5.5,98.7,6.93
2025-11-30T05:39:27Z,870,,3.5,90.7,5.58,3.9,100,6.32
2025-11-30T07:39:31Z,615,,1.6,91.4,4.95,2.5,100,5.75
2025-11-30T09:40:08Z,1890,,5.8,100,7.16,4.9,100,6.75
2025-11-30T11:40:41Z,2055,,8.1,97.5,8.11,6.4,100,7.45
2025-11-30T13:40:55Z,1935,,8.1,94.4,7.85,6.2,100,7.35
2025-11-30T15:41:32Z,1695,,7.1,91.1,7.1,5.2,99.7,6.87
2025-11-30T17:40:52Z,1650,,6.3,90,6.66,4.1,100,6.4
2025-11-30T19:40:12Z,1560,,5.2,88.6,6.1,2.8,100,5.87
2025-11-30T21:39:31Z,1650,,4.9,91.3,6.16,2.5,100,5.75
2025-11-30T23:39:30Z,1725,,4.6,92.3,6.11,2,100,5.56
2025-12-01T01:39:45Z,1725,,4.4,92.2,6.02,1.7,100,5.45
2025-12-01T03:39:36Z,1560,,3.8,90.6,5.69,1.2,100,5.27
2025-12-01T05:39:53Z,1665,,4.2,93.5,6.03,2,100,5.56
2025-12-01T07:39:46Z,1800,,5,94.4,6.42,2.9,100,5.91
2025-12-01T09:40:38Z,1845,,5.8,94.6,6.78,3.8,100,6.28
2025-12-01T11:40:18Z,1920,,6.5,94.7,7.1,4.6,100,6.62
2025-12-01T13:40:49Z,1860,,6.9,94.5,7.27,5.2,100,6.89
2025-12-01T15:40:51Z,1890,,7.1,94.8,7.39,5.3,100,6.93
2025-12-01T17:40:21Z,1860,,7.2,94.2,7.39,5.5,100,7.02
2025-12-01T19:39:53Z,1365,,4.8,92.5,6.2,4.1,100,6.4
2025-12-01T21:40:06Z,1740,,5.6,95,6.72,4.2,100,6.44
2025-12-01T23:40:05Z,1620,,5.5,92.5,6.5,3.8,100,6.28
2025-12-02T01:40:00Z,1170,,3.7,90.5,5.64,2.8,100,5.87
2025-12-02T03:39:34Z,780,,1.1,91.6,4.79,1.4,100,5.34
2025-12-02T05:39:32Z,450,,-0.2,92.6,4.43,0.8,100,5.12
2025-12-02T07:39:24Z,1245,,3,99.8,5.94,3.5,100,6.15
2025-12-02T09:39:19Z,2100,,6.8,99.7,7.62,5.2,100,6.89
2025-12-02T11:39:23Z,1845,,7.5,93,7.44,5.8,98.4,7.05
2025-12-02T13:39:14Z,1725,,6.7,89.1,6.77,5.2,94.6,6.51
2025-12-02T15:39:16Z,1725,,6.3,89.1,6.6,4.9,94.2,6.36
2025-12-02T17:39:29Z,1725,,6.4,89.2,6.65,4.6,96.1,6.36
2025-12-02T19:39:50Z,1725,,6.1,88.7,6.48,4.3,95.7,6.21
2025-12-02T21:39:58Z,1695,,6.1,88.5,6.47,4.2,95.8,6.17
2025-12-02T23:40:03Z,1695,,6.1,88.3,6.45,4.1,95.3,6.1
2025-12-03T01:40:31Z,1695,,5.9,87.3,6.3,3.9,94.7,5.98
2025-12-03T03:40:15Z,1695,,6,87.7,6.37,4,95.4,6.07
2025-12-03T05:39:55Z,1725,,6,85.8,6.23,4.1,92.2,5.9
2025-12-03T07:40:36Z,1620,,5.9,84.8,6.11,3.6,94.2,5.83
2025-12-03T09:41:14Z,1560,,5.8,87.1,6.24,3.5,98.6,6.06
2025-12-03T11:41:52Z,1725,,6.1,90.6,6.62,3.8,100,6.28
2025-12-03T13:41:37Z,1785,,6.2,91.6,6.74,4,100,6.36
2025-12-03T15:42:09Z,1785,,6.2,92,6.77,4,100,6.36
2025-12-03T17:42:02Z,1815,,6.2,92.3,6.79,4.1,100,6.4
2025-12-03T19:41:51Z,1815,,6.1,91.8,6.71,3.8,100,6.28
2025-12-03T21:41:26Z,1815,,6,91.8,6.66,3.6,100,6.19
2025-12-03T23:41:14Z,1725,,5.4,90.2,6.29,2.9,100,5.91
2025-12-04T01:41:21Z,1650,,4.7,90.3,6.02,2.1,100,5.6
2025-12-04T03:40:42Z,1545,,4.4,89.4,5.84,1.9,100,5.52
2025-12-04T05:41:13Z,1410,,4.2,87.9,5.67,1.8,99.7,5.47
2025-12-04T07:40:47Z,1395,,3.9,88.1,5.57,1.4,100,5.34
2025-12-04T09:40:11Z,1395,,3.9,87.8,5.55,1.3,99.9,5.3
2025-12-04T11:40:09Z,1425,,4.1,87.5,5.6,1.5,99.7,5.36
2025-12-04T13:40:55Z,1365,,3.9,86.6,5.47,1.5,99.2,5.33
2025-12-04T15:40:49Z,1365,,4,87.4,5.56,1.5,100,5.37
2025-12-04T17:41:15Z,1425,,4.1,87.9,5.63,1.6,100,5.41
2025-12-04T19:41:22Z,1530,,4.4,89,5.81,1.8,100,5.49
2025-12-04T21:41:01Z,1485,,4.3,88.9,5.77,1.9,100,5.52
2025-12-04T23:41:23Z,1530,,4.4,89.5,5.85,2,100,5.56
2025-12-05T01:41:30Z,1665,,4.8,91.1,6.11,2.3,100,5.67
2025-12-05T03:41:04Z,1755,,5.5,92.2,6.48,3.3,100,6.07
2025-12-05T05:40:27Z,1785,,6,92.2,6.69,3.9,100,6.32
2025-12-05T07:39:41Z,1770,,6.2,91.7,6.74,4.1,100,6.4
2025-12-05T09:40:29Z,1890,,6.5,92.7,6.95,4.2,100,6.44
2025-12-05T11:41:16Z,1695,,6.6,89,6.72,4.1,100,6.4
2025-12-05T13:41:04Z,1575,,5.9,89.3,6.44,4,100,6.36
2025-12-05T15:41:53Z,1530,,5.4,90.5,6.31,3.6,100,6.19
2025-12-05T17:42:18Z,1665,,5.5,91.9,6.45,3.6,100,6.19
2025-12-05T19:42:43Z,1725,,5.8,92,6.59,3.8,100,6.28
2025-12-05T21:42:24Z,1755,,6,91.8,6.66,3.9,100,6.32
2025-12-05T23:41:33Z,1890,,6.4,92.7,6.91,4.2,100,6.44
2025-12-06T01:41:57Z,1860,,6.6,92.3,6.97,4.3,100,6.49
2025-12-06T03:41:27Z,1755,,6.4,91.7,6.83,4.3,100,6.49
2025-12-06T05:41:35Z,1725,,6.3,92.1,6.82,4.4,100,6.53
2025-12-06T07:41:09Z,1755,,6.5,92.6,6.94,4.6,100,6.62
2025-12-06T09:40:52Z,1950,,6.8,92.9,7.1,4.5,100,6.57
2025-12-06T11:41:16Z,1950,,6.9,93,7.16,4.5,100,6.57
2025-12-06T13:42:05Z,1935,,6.9,93.6,7.2,4.7,100,6.66
2025-12-06T15:41:29Z,1980,,7,93.6,7.25,4.7,100,6.66
2025-12-06T17:42:17Z,1905,,6.8,93,7.11,4.5,100,6.57
2025-12-06T19:41:33Z,1815,,6.2,91.8,6.75,3.8,100,6.28
2025-12-06T21:41:35Z,1755,,5.7,91.7,6.53,3.3,100,6.07
2025-12-06T23:42:04Z,1815,,5.7,92.7,6.6,3.3,100,6.07
2025-12-07T01:41:23Z,1845,,5.9,93.1,6.71,3.5,100,6.15
2025-12-07T03:42:00Z,1875,,5.9,93.1,6.71,3.4,100,6.11
2025-12-07T05:42:37Z,1890,,6,92.9,6.74,3.5,100,6.15
2025-12-07T07:41:51Z,1890,,6,93.1,6.76,3.5,100,6.15
2025-12-07T09:42:29Z,1950,,6.1,92.8,6.78,3.3,100,6.07
2025-12-07T11:42:27Z,1860,,5.9,91.4,6.59,3.1,100,5.99
2025-12-07T13:42:22Z,1710,,5.1,90.4,6.18,2.3,100,5.67
2025-12-07T15:41:42Z,1650,,4.7,91.3,6.08,2.1,100,5.6
2025-12-07T17:41:03Z,1620,,4.5,91.2,6.0,1.9,100,5.52
2025-12-07T19:41:23Z,1560,,4.3,91.2,5.92,1.8,100,5.49
2025-12-07T21:41:44Z,1590,,4.3,90.6,5.88,1.7,100,5.45
2025-12-07T23:41:25Z,1515,,4,89.7,5.7,1.5,100,5.37
2025-12-08T01:40:53Z,1620,,4.2,91.7,5.91,1.7,100,5.45
2025-12-08T03:40:17Z,1725,,4.5,92.2,6.06,1.9,100,5.52
2025-12-08T05:40:06Z,1755,,4.8,93,6.24,2.3,100,5.67
2025-12-08T07:40:20Z,1845,,5.4,93.8,6.55,3,100,5.95
2025-12-08T09:39:44Z,1830,,5.6,93.1,6.58,3.1,100,5.99
2025-12-08T11:40:06Z,1830,,5.6,92.8,6.56,3.1,100,5.99
2025-12-08T13:40:12Z,1785,,5.5,92.3,6.48,3,100,5.95
2025-12-08T15:39:59Z,1770,,5.4,92.5,6.45,3,100,5.95
2025-12-08T17:39:34Z,1755,,5.5,92.9,6.53,3.2,100,6.03
2025-12-08T19:39:13Z,1755,,5.6,93,6.58,3.3,100,6.07
2025-12-08T21:39:43Z,1755,,5.4,92.3,6.44,3.1,100,5.99
2025-12-08T23:39:47Z,1860,,5.7,94.3,6.71,3.6,100,6.19
2025-12-09T01:39:33Z,1920,,6.4,94.8,7.06,4.4,100,6.53
2025-12-09T03:39:22Z,2010,,7.2,96,7.54,5.3,100,6.93
2025-12-09T05:39:59Z,1920,,8.1,96.1,7.99,6.5,100,7.5
2025-12-09T07:39:14Z,1920,,8,94.8,7.84,6.1,100,7.31
2025-12-09T09:40:04Z,2055,,8.2,95.4,7.99,6.1,100,7.31
2025-12-09T11:40:08Z,2085,,8.4,94.2,7.99,6.1,100,7.31
2025-12-09T13:40:32Z,1920,,7.2,90.9,7.13,4.7,100,6.66
2025-12-09T15:39:57Z,1755,,6.1,90.5,6.61,3.5,100,6.15
2025-12-09T17:39:07Z,1635,,5,91.4,6.21,2.6,100,5.79
2025-12-09T19:39:52Z,1695,,4.9,91.8,6.2,2.3,100,5.67
2025-12-09T21:39:25Z,1590,,4.5,90.5,5.95,1.8,100,5.49
2025-12-09T23:39:01Z,1575,,3.8,90.1,5.65,1,100,5.19
2025-12-10T01:39:21Z,1560,,3.4,89.9,5.49,0.5,100,5.02
2025-12-10T03:39:41Z,1215,,1.9,88.6,4.89,-0.5,100,4.69
2025-12-10T05:40:20Z,1230,,1.5,90.7,4.87,-0.9,100,4.56
2025-12-10T07:40:46Z,1515,,2.3,91.6,5.2,-0.7,100,4.62
2025-12-10T09:40:17Z,1560,,2.7,91,5.3,-0.3,100,4.75
2025-12-10T11:40:23Z,1650,,3.3,91.3,5.54,0,100,4.85
2025-12-10T13:40:11Z,1650,,3.6,92.4,5.72,0.8,100,5.12
2025-12-10T15:40:04Z,1995,,6,96.9,7.03,4.1,100,6.4
2025-12-10T17:39:31Z,1995,,7.2,97.3,7.64,5.6,100,7.07
2025-12-10T19:40:12Z,1920,,8.6,97.2,8.35,7.1,100,7.8
2025-12-10T21:39:42Z,1800,,8.4,94.3,8.0,6.8,100,7.65
2025-12-10T23:39:38Z,1755,,8,93.5,7.73,6.4,100,7.45
2025-12-11T01:39:06Z,1740,,7.9,92.6,7.6,6.2,100,7.35
2025-12-11T03:38:31Z,1695,,7.4,92.4,7.35,5.7,100,7.12
2025-12-11T05:37:54Z,1695,,7.1,91.8,7.16,5.3,100,6.93
2025-12-11T07:38:26Z,1695,,7.1,91.4,7.13,5.2,100,6.89
2025-12-11T09:37:47Z,1860,,7.4,92,7.32,5.3,100,6.93
2025-12-11T11:37:47Z,1935,,8.1,90.6,7.54,5.5,100,7.02
2025-12-11T13:37:16Z,1695,,7.3,89.1,7.04,5.1,100,6.84
2025-12-11T15:37:51Z,1665,,6.6,90.3,6.82,4.6,100,6.62
2025-12-11T17:38:13Z,1605,,5.9,88.2,6.36,3.2,100,6.03
2025-12-11T19:37:45Z,1620,,5.1,88.9,6.08,2.1,100,5.6
2025-12-11T21:38:20Z,1395,,3.5,85.5,5.26,0.3,100,4.95
2025-12-11T23:38:59Z,1290,,2.5,86.4,4.97,-0.5,100,4.69
2025-12-12T01:39:42Z,1170,,1.8,86,4.72,-1,100,4.53
2025-12-12T03:40:18Z,1140,,1.5,87.7,4.71,-1.1,100,4.49
2025-12-12T05:39:33Z,735,,0.2,82.3,4.05,-1.7,99.3,4.28
2025-12-12T07:40:29Z,705,,-1.6,82.8,3.59,-3,92.6,3.64
2025-12-12T09:40:08Z,1155,,-0.7,84,3.88,-3.7,88.8,3.32
2025-12-12T11:40:14Z,1200,,0.1,77.6,3.79,-4,87.4,3.2
2025-12-12T13:41:02Z,450,,-2.6,76,3.08,-4.7,92.2,3.21
2025-12-12T15:41:13Z,435,,-5.4,79.9,2.65,-5.9,94.9,3.03
2025-12-12T17:41:51Z,435,,-6.2,80.7,2.52,-6.5,96.2,2.94
2025-12-12T19:41:44Z,435,,-6.7,80.3,2.42,-6.9,97.4,2.89
2025-12-12T21:42:32Z,435,,-5.4,83.7,2.77,-6.6,97.5,2.96
2025-12-12T23:41:38Z,0,,-6.5,81,2.48,-7,98.6,2.91
2025-12-13T01:41:48Z,0,,-7,81.4,2.4,-7.4,99.4,2.85
2025-12-13T03:41:59Z,0,,-7,83,2.45,-7.4,99.8,2.86
2025-12-13T05:42:46Z,0,,-7,88.1,2.6,-7.2,100,2.91
2025-12-13T07:42:50Z,0,,-7.1,92.9,2.72,-7.3,100,2.89
2025-12-13T09:42:26Z,435,,-5.7,90.8,2.94,-6.4,100,3.08
2025-12-13T11:42:10Z,780,,-2.2,89.4,3.72,-4.8,98,3.39
2025-12-13T13:42:51Z,540,,-1.9,83,3.53,-4.1,98.7,3.59
2025-12-13T15:42:23Z,435,,-2.7,82.9,3.33,-4.3,99.8,3.58
2025-12-13T17:42:09Z,690,,-2.1,86.4,3.62,-3.3,93.8,3.61
2025-12-13T19:42:58Z,1350,,-0.8,75.8,3.48,-1.6,70.7,3.07
2025-12-13T21:43:23Z,1125,,-0.2,66.1,3.16,-1.4,68,2.99
2025-12-13T23:42:40Z,1350,,0,70.3,3.41,-1.1,68.6,3.08
2025-12-14T01:42:57Z,930,,0.4,75.9,3.78,-2,88.1,3.72
2025-12-14T03:42:55Z,960,,-0.1,78.4,3.78,-1.7,85.4,3.68
2025-12-14T05:43:39Z,1095,,0.7,79.2,4.03,-1.6,87.9,3.82
2025-12-14T07:44:02Z,1065,,0.9,78.8,4.07,-1.7,90.5,3.9
2025-12-14T09:43:57Z,1065,,1.3,79.7,4.23,-1.7,92.7,4.0
2025-12-14T11:43:30Z,1065,,1.6,81.3,4.4,-1.3,96.8,4.29
2025-12-14T13:44:12Z,1125,,2,86.3,4.8,-0.6,100,4.65
2025-12-14T15:44:25Z,1230,,2.4,88.5,5.06,-0.1,100,4.82
2025-12-14T17:43:40Z,1320,,2.5,89.5,5.15,0,100,4.85
2025-12-14T19:44:34Z,1320,,2.8,91.6,5.38,1.1,100,5.23
2025-12-14T21:44:24Z,1260,,3,92.2,5.48,1.7,100,5.45
2025-12-14T23:43:51Z,1305,,2.9,91.7,5.42,1.2,100,5.27
2025-12-15T01:43:07Z,1335,,3,92.6,5.51,1.5,100,5.37
2025-12-15T03:42:20Z,1335,,3.2,93.3,5.62,1.9,100,5.52
2025-12-15T05:42:16Z,1365,,3.2,93.3,5.62,1.9,100,5.52
2025-12-15T07:42:45Z,1485,,3.8,95.5,5.99,2.7,100,5.83
2025-12-15T09:42:40Z,1980,,5.8,97,6.95,3.7,100,6.23
2025-12-15T11:43:16Z,2115,,7.5,96.7,7.74,5.4,100,6.98
2025-12-15T13:42:32Z,2055,,8,95.5,7.89,6.1,100,7.31
2025-12-15T15:43:09Z,2040,,7.9,94.3,7.74,5.7,100,7.12
2025-12-15T17:44:07Z,2010,,7.6,93.6,7.54,5.4,100,6.98
2025-12-15T19:44:00Z,1980,,7.4,93.8,7.46,5.3,100,6.93
2025-12-15T21:44:00Z,1980,,7.5,94.2,7.54,5.4,100,6.98
2025-12-15T23:43:44Z,1980,,7.6,94.5,7.61,5.6,100,7.07
2025-12-16T01:43:14Z,1980,,7.8,94.5,7.71,5.7,100,7.12
2025-12-16T03:43:11Z,2010,,7.9,94.7,7.78,5.8,100,7.16
2025-12-16T05:43:04Z,2010,,8,94.8,7.84,5.9,100,7.21
2025-12-16T07:42:55Z,1980,,8.1,94.9,7.89,6.1,100,7.31
2025-12-16T09:42:45Z,2070,,8.4,95.2,8.07,6.2,100,7.35
2025-12-16T11:42:22Z,1920,,8.2,93.6,7.84,6.1,100,7.31
2025-12-16T13:41:56Z,1920,,7.9,93.6,7.69,5.9,100,7.21
2025-12-16T15:42:27Z,1920,,7.7,93.4,7.57,5.6,100,7.07
2025-12-16T17:41:47Z,1815,,7.3,91.9,7.26,5.2,100,6.89
2025-12-16T19:42:25Z,1785,,6.8,92,7.04,4.7,100,6.66
2025-12-16T21:42:15Z,1860,,6.8,92.8,7.1,4.7,100,6.66
2025-12-16T23:42:22Z,1815,,6.8,92.9,7.1,4.9,100,6.75
2025-12-17T01:41:55Z,1680,,6.8,91.5,7.0,5,100,6.8
2025-12-17T03:42:22Z,1680,,6.7,91.3,6.94,4.8,100,6.71
2025-12-17T05:42:47Z,1710,,6.5,91.8,6.88,4.7,100,6.66
2025-12-17T07:42:40Z,1860,,7.1,94.2,7.35,5.4,100,6.98
2025-12-17T09:41:56Z,1815,,7.7,93,7.54,5.8,100,7.16
2025-12-17T11:41:38Z,1905,,7.6,93.8,7.56,5.5,100,7.02
2025-12-17T13:41:28Z,1980,,7.3,94.2,7.44,5.2,100,6.89
2025-12-17T15:41:19Z,1905,,7.4,94.8,7.54,5.5,100,7.02
2025-12-17T17:40:55Z,1950,,7.7,95.6,7.75,6,100,7.26
2025-12-17T19:41:52Z,1695,,7.8,92.5,7.55,6.1,100,7.31
2025-12-17T21:42:07Z,1440,,5.5,91,6.39,4.3,100,6.49
2025-12-17T23:41:37Z,1470,,5.3,90.7,6.29,3.8,100,6.28
2025-12-18T01:42:19Z,1365,,4.2,90.9,5.86,2.9,100,5.91
2025-12-18T03:42:29Z,1290,,3.9,90.5,5.72,2.5,100,5.75
2025-12-18T05:42:32Z,765,,1.3,88.6,4.7,0.8,100,5.12
2025-12-18T07:43:16Z,1785,,3.7,97.6,6.08,1.7,100,5.45
2025-12-18T09:43:42Z,2010,,5.7,95.1,6.77,3.1,100,5.99
2025-12-18T11:43:02Z,1905,,6.9,92.4,7.11,4.5,100,6.57
2025-12-18T13:42:42Z,1695,,6.5,89.7,6.73,4.9,97,6.55
2025-12-18T15:43:21Z,1650,,6.1,90.5,6.61,4,100,6.36
2025-12-18T17:43:03Z,1905,,7,95.9,7.43,5.3,100,6.93
2025-12-18T19:43:15Z,1950,,7.5,94.7,7.58,5.5,100,7.02
2025-12-18T21:42:31Z,1950,,7.2,94.7,7.43,5.2,100,6.89
2025-12-18T23:42:55Z,1815,,7.3,94.1,7.43,5.6,100,7.07
2025-12-19T01:42:11Z,1680,,7.3,92.9,7.34,5.7,100,7.12
2025-12-19T03:42:14Z,1905,,7.4,94.6,7.52,5.5,100,7.02
2025-12-19T05:42:16Z,1935,,7.5,94.8,7.59,5.6,100,7.07
2025-12-19T07:41:54Z,1980,,7.6,94.8,7.64,5.6,100,7.07
2025-12-19T09:42:32Z,1860,,7.5,92.8,7.43,5.6,100,7.07
2025-12-19T11:41:50Z,1725,,7.3,90.4,7.14,5.5,98.3,6.9
2025-12-19T13:41:32Z,1620,,6.7,89.8,6.82,4.8,100,6.71
2025-12-19T15:41:19Z,1815,,6.5,93,6.97,4.4,100,6.53
2025-12-19T17:41:27Z,1950,,7,95.4,7.39,5.1,100,6.84
2025-12-19T19:41:10Z,1920,,7.7,96,7.78,6,100,7.26
2025-12-19T21:41:55Z,1980,,8.1,96.3,8.01,6.4,100,7.45
2025-12-19T23:41:44Z,1950,,8.5,96.1,8.2,6.8,100,7.65
2025-12-20T01:41:05Z,1950,,8.6,95.8,8.23,6.8,100,7.65
2025-12-20T03:40:35Z,1785,,8.1,94.5,7.86,6.6,100,7.55
2025-12-20T05:41:15Z,1560,,7.1,93.2,7.27,5.9,100,7.21
2025-12-20T07:41:53Z,1860,,7.1,95.7,7.46,5.6,100,7.07
2025-12-20T09:41:19Z,1950,,7.3,96.2,7.6,5.6,100,7.07
2025-12-20T11:40:37Z,1830,,7.8,93.3,7.61,6,100,7.26
2025-12-20T13:40:23Z,1560,,7,92.1,7.14,5.6,100,7.07
2025-12-20T15:39:51Z,1890,,7.2,94.3,7.4,5.5,100,7.02
2025-12-20T17:40:26Z,1695,,7,92.7,7.18,5.4,100,6.98
2025-12-20T19:39:56Z,1725,,6.5,94.2,7.06,5.1,100,6.84
2025-12-20T21:40:20Z,1560,,6.1,92.6,6.77,4.9,100,6.75
2025-12-20T23:40:43Z,1785,,6.2,94.6,6.96,4.7,100,6.66
2025-12-21T01:40:28Z,1665,,6.1,91.7,6.7,4.4,100,6.53
2025-12-21T03:40:10Z,1755,,6,92.8,6.74,4.2,100,6.44
2025-12-21T05:39:56Z,1665,,5.8,90.9,6.51,3.8,100,6.28
2025-12-21T07:39:16Z,1665,,5.3,90.6,6.28,2.9,100,5.91
2025-12-21T09:38:28Z,1785,,5.2,90.1,6.2,2.7,97.5,5.68
2025-12-21T11:37:47Z,1620,,4.9,89.1,6.02,2.5,98.3,5.65
2025-12-21T13:38:09Z,1590,,4.6,89,5.89,2.5,96.8,5.57
2025-12-21T15:38:27Z,1230,,3.4,85.1,5.2,1.9,95.2,5.26
2025-12-21T17:37:44Z,825,,1.5,87.6,4.71,0.6,99.4,5.02
2025-12-21T19:37:45Z,1050,,1.3,93.3,4.95,0.4,100,4.99
2025-12-21T21:38:16Z,1260,,2.7,91.6,5.34,1.1,99.6,5.21
2025-12-21T23:39:00Z,1410,,3.3,90.8,5.51,1.2,99.4,5.23
2025-12-22T01:38:11Z,1410,,3.4,89.6,5.47,1.1,99.1,5.18
2025-12-22T03:38:05Z,1335,,3.3,88.5,5.37,1.1,99.5,5.2
2025-12-22T05:37:36Z,1155,,2.3,88.8,5.04,0.4,100,4.99
2025-12-22T07:37:31Z,1080,,2,88.5,4.92,0.2,100,4.92
2025-12-22T09:37:10Z,1455,,2.9,92.3,5.45,0.6,100,5.05
2025-12-22T11:37:29Z,1620,,3.6,89.1,5.52,0.1,100,4.88
2025-12-22T13:36:46Z,1245,,2,81.6,4.54,-2.3,98.2,4.06
2025-12-22T15:36:04Z,1215,,-0.2,81.2,3.88,-3.8,87.7,3.26
2025-12-22T17:35:20Z,435,,-4.3,74.3,2.66,-6.1,82.5,2.6
2025-12-22T19:35:38Z,0,,-7.7,76,2.13,-7.3,88.9,2.57
2025-12-22T21:35:02Z,0,,-8.9,76.3,1.96,-8.1,90.5,2.46
2025-12-22T23:34:36Z,0,,-7.6,81.4,2.3,-7.4,89.8,2.57
2025-12-23T01:34:13Z,420,,-6.2,84.6,2.65,-6.9,89.2,2.65
2025-12-23T03:34:37Z,600,,-5,85.9,2.93,-6.3,85.9,2.67
2025-12-23T05:34:36Z,420,,-5.1,79.7,2.7,-6.6,87.6,2.66
2025-12-23T07:34:02Z,0,,-7.8,73.5,2.04,-8,90.7,2.49
2025-12-23T09:34:03Z,0,,-7.7,76.4,2.14,-8.1,91.4,2.49
2025-12-23T11:34:26Z,990,,-3.8,94.3,3.5,-6.1,88.8,2.8
2025-12-23T13:34:56Z,435,,-3.4,77.3,2.96,-6.1,90,2.84
2025-12-23T15:35:27Z,435,,-4.9,77.4,2.66,-6.6,91.8,2.79
2025-12-23T19:35:42Z,660,,-4.5,90.4,3.2,-6.3,93,2.89
2025-12-23T21:35:33Z,690,,-2.8,82.1,3.28,-5.6,91.4,2.99
2025-12-23T23:35:37Z,810,,-2,83.3,3.52,-4.6,91.1,3.2
2025-12-24T01:35:59Z,915,,-0.8,85.6,3.93,-3.1,94.1,3.68
2025-12-24T03:36:39Z,1020,,0.1,86.5,4.22,-2.2,96.8,4.03
2025-12-24T05:36:27Z,855,,0,85.6,4.15,-1.8,97.5,4.17
2025-12-24T07:36:58Z,780,,0,85.1,4.13,-1.7,97.5,4.2
2025-12-24T09:36:29Z,1065,,0.4,87.9,4.38,-1.6,96.7,4.2
2025-12-24T11:36:54Z,1320,,1.7,86.2,4.7,-1.5,96.5,4.22
2025-12-24T13:36:41Z,1050,,1.1,84.5,4.42,-1.7,97.9,4.22
2025-12-24T15:36:39Z,1050,,1.1,86.5,4.52,-1.6,99.3,4.31
2025-12-24T17:37:11Z,1125,,1.3,86.6,4.59,-1.4,99,4.36
2025-12-24T19:37:47Z,1140,,1.7,88.2,4.81,-0.8,100,4.59
2025-12-24T21:38:31Z,1320,,2.5,89.4,5.14,-0.1,100,4.82
2025-12-24T23:38:05Z,1425,,3,90.3,5.37,0.4,100,4.99
2025-12-25T01:37:55Z,1545,,3.8,91.1,5.72,1.2,100,5.27
2025-12-25T03:38:06Z,1590,,4.4,91.4,5.97,2,100,5.56
2025-12-25T05:38:13Z,1530,,4.6,90.5,5.99,2.4,100,5.71
2025-12-25T09:37:26Z,1590,,5.3,91.3,6.33,4,96.8,6.16
2025-12-25T11:38:01Z,1725,,6.3,87.2,6.45,4.8,93.1,6.24
2025-12-25T13:37:23Z,1785,,6.7,84.6,6.43,5.3,89.1,6.18
2025-12-25T15:37:32Z,1725,,6.5,84.1,6.31,5,90.3,6.14
2025-12-25T17:38:17Z,1305,,5.7,84.7,6.03,5.1,92.5,6.33
2025-12-25T19:37:53Z,1200,,5,87.5,5.95,5,93.7,6.37
2025-12-25T21:37:05Z,870,,4.1,84.5,5.41,4.1,95.5,6.11
2025-12-25T23:36:30Z,870,,2.9,87.3,5.16,3.3,94.3,5.72
2025-12-26T01:37:19Z,825,,2.1,87.3,4.89,2.5,94.6,5.44
2025-12-26T03:37:53Z,870,,1.6,86.9,4.7,1.6,93.7,5.07
2025-12-26T05:38:34Z,795,,1,87,4.52,1,95.8,4.98
2025-12-26T07:38:31Z,660,,0.8,87.6,4.49,0.7,99.3,5.05
2025-12-26T09:39:11Z,1425,,2.8,96.7,5.67,1.6,100,5.41
2025-12-26T11:39:48Z,1860,,5.4,93.1,6.5,3,100,5.95
2025-12-26T13:40:33Z,1155,,3.6,88.8,5.5,2.1,100,5.6
2025-12-26T15:41:00Z,765,,1.8,88.2,4.84,1.5,100,5.37
2025-12-26T17:40:53Z,795,,1.4,91.1,4.86,1.2,100,5.27
2025-12-26T19:41:10Z,1350,,2.9,94.6,5.59,1.7,100,5.45
2025-12-26T21:41:25Z,1650,,4.3,92.1,5.98,1.7,100,5.45
2025-12-26T23:42:01Z,1620,,3.9,90,5.69,0.9,100,5.16
2025-12-27T01:42:16Z,1590,,3.4,90.5,5.53,0.3,100,4.95
2025-12-27T03:41:47Z,1560,,3.2,91,5.49,0.2,100,4.92
2025-12-27T05:41:24Z,1620,,3.7,92.5,5.77,1,100,5.19
2025-12-27T07:42:05Z,1680,,4.6,92.7,6.14,2.3,100,5.67
2025-12-27T09:41:45Z,1410,,4.1,88.1,5.64,2.5,97.1,5.58
2025-12-27T11:42:06Z,1965,,4.5,82.7,5.44,2.1,84,4.7
2025-12-27T13:41:21Z,1770,,3.6,80.6,4.99,1.9,80.6,4.45
2025-12-27T15:41:23Z,1305,,3.1,85.6,5.13,0.4,98.2,4.9
2025-12-27T17:41:28Z,1305,,2.9,88.2,5.21,1,97.7,5.07
2025-12-27T19:41:48Z,1305,,2.9,88.9,5.25,0.6,100,5.05
2025-12-27T21:41:26Z,1350,,2.8,88.4,5.19,0.4,97.6,4.87
2025-12-27T23:42:13Z,1620,,2.6,86.1,4.99,0.1,89.6,4.38
2025-12-28T01:42:06Z,1905,,2,81.9,4.55,0.2,76.6,3.77
2025-12-28T03:41:14Z,2115,,1.4,76.8,4.1,-0.4,67.1,3.17
2025-12-28T05:41:24Z,1650,,-0.1,71.4,3.44,-1.7,65.1,2.81
2025-12-28T07:41:46Z,1635,,-1.1,72.9,3.28,-2.2,62.7,2.61
2025-12-28T09:42:01Z,1965,,0.4,73.4,3.66,-2,65.5,2.76
2025-12-28T11:41:38Z,1710,,1.8,66.7,3.66,-1.9,69.7,2.96
2025-12-28T13:41:31Z,765,,-0.9,66.4,3.03,-3.2,76.8,2.98
2025-12-28T15:41:57Z,900,,-2.1,77.4,3.24,-3.4,78.6,3.01
2025-12-28T17:42:41Z,1005,,-0.7,77.1,3.56,-2.7,82.8,3.33
2025-12-28T19:43:03Z,990,,-0.2,82.4,3.94,-2.1,89.4,3.75
2025-12-28T21:42:20Z,1125,,0.6,87.9,4.44,-1.2,95.3,4.25
2025-12-28T23:42:02Z,1320,,1.9,88.3,4.88,-0.4,96.5,4.55
2025-12-29T01:42:49Z,1050,,1.8,87.5,4.8,0.2,98.1,4.82
2025-12-29T03:43:31Z,1125,,1.2,85.1,4.48,-0.4,92.4,4.36
2025-12-29T05:44:08Z,705,,-0.7,80.6,3.72,-1.8,91.6,3.92
2025-12-29T07:43:30Z,675,,-1.7,83.2,3.59,-2.6,92.1,3.73
2025-12-29T09:42:47Z,1455,,0.4,91.5,4.56,-1.7,91.7,3.95
2025-12-29T11:42:19Z,1155,,0.7,81.1,4.13,-2.6,92.8,3.75
2025-12-29T13:42:46Z,1185,,-0.1,80.4,3.87,-3.3,86.9,3.35
2025-12-29T15:42:31Z,990,,-1,79.5,3.6,-4.3,88.9,3.19
2025-12-29T17:41:38Z,990,,-1.2,80.9,3.61,-4.2,88.5,3.2
2025-12-29T19:40:56Z,1020,,-1.5,79.6,3.48,-4.4,84.3,3.0
2025-12-29T21:41:13Z,900,,-2,78.6,3.32,-4.8,85.8,2.97
2025-12-29T23:41:15Z,855,,-2.2,80.6,3.35,-5.1,88.3,2.99
2025-12-30T01:41:56Z,735,,-2.1,81.2,3.4,-5.3,94,3.14
2025-12-30T03:42:20Z,735,,-2.3,81.7,3.38,-5.5,94.4,3.11
2025-12-30T05:42:09Z,615,,-2.5,83.1,3.39,-5.6,97.7,3.19
2025-12-30T07:41:38Z,705,,-1.7,84.8,3.65,-4.8,100,3.46
2025-12-30T09:41:14Z,855,,-0.8,84.7,3.89,-4,97.9,3.59
2025-12-30T11:41:55Z,960,,-0.3,82.8,3.93,-3.9,96.1,3.55
2025-12-30T13:41:27Z,915,,-0.9,80.4,3.66,-4.4,92,3.28
2025-12-30T15:41:23Z,735,,-2.2,77.3,3.22,-5.9,89.4,2.86
2025-12-30T17:41:12Z,0,,-4.9,79.1,2.72,-7.6,80.1,2.26
2025-12-30T19:41:25Z,0,,-7.2,81.1,2.36,-8.8,77.8,2.01
2025-12-30T21:42:10Z,0,,-9,80.3,2.04,-9.9,79.8,1.9
2025-12-30T23:42:27Z,0,,-9.9,78.5,1.87,-10.7,82.6,1.85
2025-12-31T01:43:16Z,0,,-10.8,76.3,1.7,-11.1,83.1,1.81
2025-12-31T03:43:21Z,0,,-11.1,75.5,1.64,-11.5,85.5,1.8
2025-12-31T05:43:02Z,0,,-12.6,72.4,1.4,-12.7,89,1.71
2025-12-31T07:42:28Z,0,,-12.7,71.9,1.38,-12.7,90.6,1.74
2025-12-31T09:42:41Z,0,,-8.6,69.1,1.81,-10.7,88.8,1.99
2025-12-31T11:42:21Z,0,,-6.4,71.4,2.2,-9.8,88.8,2.13
2025-12-31T13:41:47Z,0,,-10.2,71,1.65,-11.1,91.9,2.0
2025-12-31T15:41:32Z,0,,-11.9,69,1.41,-12.5,94.3,1.84
2025-12-31T17:40:59Z,0,,-12.7,69.2,1.33,-13,94.6,1.78
2025-12-31T19:40:53Z,0,,-15.4,73,1.14,-14.7,95.7,1.58
2025-12-31T21:40:12Z,0,,-17.9,78.7,1.01,-16.1,95.5,1.41
2025-12-31T23:39:25Z,0,,-18.7,81.1,0.97,-16.8,95.5,1.33
2026-01-01T01:39:04Z,0,,-19.3,80.5,0.92,-17.5,95.7,1.26
2026-01-01T03:39:43Z,0,,-21.1,84.1,0.83,-18.7,95.6,1.14
2026-01-01T05:40:28Z,0,,-20.3,87,0.91,-18.7,94.6,1.13
2026-01-01T07:40:35Z,0,,-18.7,86,1.03,-17.8,94.3,1.21
2026-01-01T09:40:21Z,0,,-14.6,79.7,1.32,-14,89.9,1.56
2026-01-01T11:40:57Z,0,,-10.4,79.8,1.83,-11.5,93.4,1.97
2026-01-01T13:40:23Z,0,,-9.6,79.6,1.94,-11.2,96.3,2.08
2026-01-01T15:41:17Z,0,,-10.8,76.1,1.69,-12.1,97.1,1.96
2026-01-01T17:41:54Z,0,,-10.8,76.9,1.71,-12.3,96.2,1.91
2026-01-01T19:42:13Z,0,,-8.1,85.6,2.33,-10.2,96.4,2.24
2026-01-01T21:42:25Z,0,,-6.1,86.5,2.72,-8.5,98.7,2.61
2026-01-01T23:41:53Z,0,,-5,87.2,2.97,-7.7,99.4,2.79
2026-01-02T01:42:13Z,690,,-2.8,88.4,3.53,-5.3,99,3.3
2026-01-02T03:42:45Z,690,,-2.3,83.1,3.43,-5.7,98,3.18
2026-01-02T05:42:33Z,675,,-2.3,82.8,3.42,-5.7,96.3,3.12
2026-01-02T07:42:18Z,720,,-2.1,82.4,3.45,-5.3,94.5,3.15
2026-01-02T09:42:21Z,705,,-2.1,81.2,3.4,-6.7,96.2,2.9
2026-01-02T11:41:52Z,0,,-3,80.6,3.17,-7.8,96.9,2.7
2026-01-02T13:41:53Z,0,,-4.4,84.7,3.02,-8.1,97.4,2.65
2026-01-02T15:41:58Z,0,,-4.6,85.8,3.01,-7.9,98,2.71
2026-01-02T17:42:54Z,0,,-4.4,86.9,3.09,-7.5,98.4,2.8
2026-01-02T19:42:42Z,450,,-4,87.8,3.22,-6.8,99.7,2.98
2026-01-02T21:43:11Z,585,,-2.8,85.3,3.4,-6.6,100,3.04
2026-01-02T23:42:52Z,585,,-2.6,83.7,3.39,-6.8,100,2.99
2026-01-03T01:42:42Z,0,,-2.8,82.4,3.29,-7.7,99.6,2.79
2026-01-03T03:42:04Z,0,,-4.5,86.3,3.05,-8.6,98.8,2.59
2026-01-03T05:42:41Z,0,,-5,86.2,2.94,-9,98.5,2.51
2026-01-03T07:43:20Z,0,,-5.3,85.9,2.87,-9.1,98.3,2.48
2026-01-03T09:43:48Z,0,,-4.8,85.8,2.97,-8.4,97.8,2.6
2026-01-03T11:43:21Z,0,,-4.4,85.8,3.06,-7.9,97.3,2.69
2026-01-03T13:42:42Z,0,,-4.3,85.5,3.07,-8,96.3,2.64
2026-01-03T15:42:14Z,0,,-5.1,85.1,2.88,-9.1,95.3,2.41
2026-01-03T17:42:16Z,0,,-5.8,85.4,2.75,-9.8,94.7,2.27
2026-01-03T19:42:46Z,0,,-6.2,85.3,2.67,-10.2,94.7,2.2
2026-01-03T21:42:01Z,0,,-6.6,85.4,2.59,-10.5,94.4,2.15
2026-01-03T23:41:51Z,0,,-7.1,85,2.49,-10.9,94.2,2.08
2026-01-04T01:41:11Z,0,,-7.4,83.8,2.4,-11.2,94.3,2.03
2026-01-04T03:41:10Z,0,,-7.5,85.2,2.42,-11.4,94.1,2.0
2026-01-04T05:40:50Z,0,,-8.1,83.6,2.27,-12.4,93.5,1.84
2026-01-04T07:40:21Z,0,,-8.8,83.4,2.15,-12.8,93.1,1.78
2026-01-04T09:39:54Z,0,,-8.5,84,2.22,-13.1,91.4,1.7
2026-01-04T11:39:13Z,0,,-8.7,83.7,2.18,-13.7,91.3,1.63
2026-01-04T13:39:19Z,0,,-9.2,81.6,2.05,-14.2,91.1,1.56
2026-01-04T15:39:43Z,0,,-9.6,81,1.97,-14.3,93.1,1.58
2026-01-04T17:39:47Z,0,,-9.6,83.2,2.02,-14.5,93,1.56
2026-01-04T19:39:37Z,0,,-10.4,81.2,1.86,-15.7,91.3,1.39
2026-01-04T21:40:16Z,0,,-11.7,80,1.66,-16.2,91.6,1.34
2026-01-04T23:40:36Z,0,,-13.2,76.4,1.41,-17.2,92.6,1.25
2026-01-05T01:40:08Z,0,,-14.5,75.3,1.26,-18.4,94.1,1.15
2026-01-05T03:39:43Z,0,,-15.8,75.2,1.14,-19,94.3,1.1
2026-01-05T05:39:20Z,0,,-17.4,75.8,1.01,-19.8,94.7,1.04
2026-01-05T07:38:42Z,0,,-20.8,77.9,0.79,-20.6,94.9,0.97
2026-01-05T09:38:20Z,0,,-14.8,59.6,0.97,-17.6,91.9,1.2
2026-01-05T11:37:43Z,0,,-11.9,65.9,1.35,-15.8,93,1.4
2026-01-05T13:36:54Z,0,,-14.8,73.7,1.2,-16,94.9,1.41
2026-01-05T15:36:30Z,0,,-17.5,79.3,1.05,-17.2,96.1,1.3
2026-01-05T17:37:18Z,0,,-18.8,82.2,0.98,-17.8,96.2,1.24
2026-01-05T21:36:53Z,0,,-19.3,81.7,0.93,-18.3,96,1.19
2026-01-05T23:37:05Z,0,,-20.8,82.5,0.83,-19,96.1,1.12
2026-01-06T01:36:55Z,0,,-20.3,81.8,0.86,-19.2,95.3,1.1
2026-01-06T03:37:38Z,0,,-20,79.3,0.85,-19.5,95.3,1.07
2026-01-06T05:37:11Z,0,,-18.6,77.4,0.93,-18.6,94.7,1.14
2026-01-06T07:37:18Z,0,,-14.9,78,1.26,-13.4,92,1.68
2026-01-06T09:37:13Z,0,,-10.9,76.2,1.68,-10.3,94.2,2.18
2026-01-06T11:36:28Z,0,,-6.8,83,2.48,-7.6,95.8,2.7
2026-01-06T13:36:55Z,450,,-4.6,85.9,3.02,-5.7,98,3.18
2026-01-06T15:37:15Z,750,,-1.9,92,3.91,-3.3,100,3.85
2026-01-06T17:36:50Z,870,,-0.7,87.7,4.05,-3.7,100,3.74
2026-01-06T19:36:04Z,915,,-0.4,85.8,4.05,-4.2,100,3.61
2026-01-06T21:36:47Z,915,,-0.4,84.3,3.98,-4.5,100,3.54
2026-01-06T23:36:30Z,945,,-0.2,85,4.07,-4.3,100,3.59
2026-01-07T01:37:09Z,990,,0,85.1,4.13,-3.8,100,3.72
2026-01-07T03:36:29Z,1110,,0.4,84.8,4.23,-4.4,100,3.56
2026-01-07T05:36:08Z,1080,,0.4,81.6,4.07,-5.9,100,3.2
2026-01-07T07:36:08Z,0,,0.2,79.2,3.89,-7,100,2.95
2026-01-07T09:35:44Z,1080,,-0.1,81.8,3.94,-6.9,96.2,2.86
2026-01-07T11:34:58Z,0,,0.1,77.2,3.77,-7.4,97,2.78
2026-01-07T13:34:33Z,0,,-2.8,91.8,3.66,-9.1,99.3,2.51
2026-01-07T15:34:03Z,0,,-3.9,96,3.54,-10.5,99.8,2.27
2026-01-07T17:34:42Z,0,,-5.1,95.7,3.24,-10.9,99.9,2.2
2026-01-07T19:35:20Z,0,,-6,100,3.17,-12.4,100,1.97
2026-01-07T21:35:31Z,0,,-6.9,98.9,2.94,-13.2,99.8,1.85
2026-01-07T23:36:03Z,0,,-8.9,99.6,2.55,-13.7,99.9,1.78
2026-01-08T01:35:42Z,0,,-8.9,97.8,2.51,-14.4,99.7,1.68
2026-01-08T03:34:58Z,0,,-10.9,100,2.21,-16,99.8,1.48
2026-01-08T05:35:24Z,0,,-9.9,99.6,2.37,-15.8,98.5,1.49
2026-01-08T07:35:21Z,0,,-10.8,98.8,2.2,-15.5,98.5,1.52
2026-01-08T09:36:02Z,0,,-8.4,83.1,2.21,-14.5,96,1.61
2026-01-08T11:36:38Z,0,,-7.7,81.7,2.29,-14.5,97.5,1.63
2026-01-08T13:36:50Z,0,,-9.9,90.1,2.14,-14.9,98.2,1.59
2026-01-08T15:36:50Z,0,,-11.3,95.8,2.05,-16.2,98.4,1.44
2026-01-08T17:37:14Z,0,,-12.2,95.8,1.91,-17.4,98.5,1.31
2026-01-08T19:36:43Z,0,,-12.3,94.3,1.87,-18.4,97.6,1.2
2026-01-08T21:36:21Z,0,,-12.7,93.4,1.8,-18.7,97.1,1.16
2026-01-08T23:36:01Z,0,,-11.3,85.3,1.83,-16.8,96.8,1.35
2026-01-09T01:36:10Z,0,,-10.8,84.4,1.88,-15.1,97.2,1.55
2026-01-09T03:36:24Z,0,,-9.7,83.8,2.02,-13.4,97.5,1.78
2026-01-09T05:36:30Z,0,,-9.7,86.1,2.08,-15.1,98,1.56
2026-01-09T07:35:59Z,0,,-9.8,86.1,2.06,-15.3,98.1,1.54
2026-01-09T09:36:09Z,0,,-9.1,83.3,2.1,-14.6,95.7,1.59
2026-01-09T11:36:44Z,0,,-8.9,82.4,2.11,-14.6,94,1.56
2026-01-09T13:36:49Z,0,,-9,84.6,2.15,-15,92.4,1.49
2026-01-09T15:37:20Z,0,,-9.1,84.9,2.14,-15.1,91.6,1.46
2026-01-09T17:37:08Z,0,,-9.1,83.9,2.12,-15,88.5,1.42
2026-01-09T19:37:32Z,0,,-9.1,83.3,2.1,-15,86.4,1.39
2026-01-09T21:37:55Z,0,,-9.2,82.4,2.07,-15,87.1,1.4
2026-01-09T23:37:59Z,0,,-9.1,81.9,2.07,-14.6,89.4,1.48
2026-01-10T01:38:07Z,0,,-9,82.3,2.09,-14.6,95.1,1.58
2026-01-10T03:37:35Z,0,,-8.9,81.7,2.1,-13.8,95.3,1.68
2026-01-10T05:37:44Z,0,,-8.2,80.7,2.18,-12.4,93.7,1.84
2026-01-10T07:38:25Z,0,,-7.7,80.8,2.26,-11.2,91.2,1.97
2026-01-10T09:38:25Z,0,,-6.8,80.6,2.41,-10.8,89.4,1.99
2026-01-10T11:38:31Z,0,,-6.1,81.2,2.56,-9.7,92,2.22
2026-01-10T13:37:58Z,0,,-5.9,83.3,2.66,-9.5,94.2,2.31
2026-01-10T15:38:02Z,0,,-5.6,83,2.71,-9.4,93,2.3
2026-01-10T17:37:57Z,0,,-5.6,83.3,2.72,-9.3,93.2,2.32
2026-01-10T19:37:09Z,0,,-5.3,83,2.77,-8.9,93.5,2.4
2026-01-10T21:37:48Z,0,,-5.2,83.7,2.81,-8.6,96.2,2.52
2026-01-10T23:37:22Z,0,,-5,84.2,2.87,-8.2,96.1,2.6
2026-01-11T01:37:39Z,0,,-4.8,84.6,2.93,-8,96.5,2.65
2026-01-11T03:36:55Z,0,,-4.6,85.1,2.99,-7.8,97.1,2.7
2026-01-11T05:36:44Z,0,,-4.6,86,3.02,-7.6,97.2,2.74
2026-01-11T07:36:55Z,0,,-4.6,86,3.02,-7.5,97.2,2.76
2026-01-11T09:36:41Z,0,,-4,86.3,3.16,-7.1,96,2.81
2026-01-11T11:36:08Z,675,,-3.7,86.1,3.22,-6.8,93.8,2.81
2026-01-11T13:36:59Z,0,,-2.8,80.5,3.21,-7,95,2.8
2026-01-11T15:37:24Z,0,,-4,85.6,3.14,-7.1,95.3,2.79
2026-01-11T17:36:53Z,0,,-4.3,86.4,3.1,-7.2,96.4,2.8
2026-01-11T19:36:42Z,0,,-4.4,86,3.06,-7.3,96.9,2.8
2026-01-11T21:36:20Z,0,,-4.5,86,3.04,-7.2,97.3,2.83
2026-01-11T23:35:41Z,0,,-5.8,85.8,2.76,-8,98,2.69
2026-01-12T01:36:19Z,0,,-5.4,87.3,2.89,-7.9,97.3,2.69
2026-01-12T03:35:40Z,0,,-4.7,87.6,3.05,-7.4,97.3,2.79
2026-01-12T05:35:28Z,0,,-4.2,87.7,3.17,-7.2,97.3,2.83
2026-01-12T07:35:17Z,0,,-5,88,3.0,-8.1,98.2,2.67
2026-01-12T09:35:32Z,0,,-6.3,85.6,2.66,-8.9,98,2.51
2026-01-12T11:36:28Z,0,,-4.6,87.7,3.08,-7.3,96.9,2.8
2026-01-12T13:36:27Z,0,,-4.7,88.2,3.07,-7.7,97.5,2.73
2026-01-12T15:37:13Z,0,,-5.6,86.8,2.84,-8.1,98.5,2.68
2026-01-12T17:37:33Z,0,,-4.8,88.3,3.06,-7.4,98.7,2.83
2026-01-12T19:36:45Z,450,,-4.4,89.4,3.18,-6.9,99,2.94
2026-01-12T21:37:29Z,585,,-2.8,85.8,3.42,-6.1,99.2,3.13
2026-01-12T23:37:25Z,690,,-2,83.3,3.52,-5.8,99.2,3.19
2026-01-13T01:36:44Z,690,,-1.6,82,3.56,-5.7,99.2,3.22
2026-01-13T03:36:30Z,690,,-1.4,80.8,3.56,-5.4,98.8,3.27
2026-01-13T05:36:43Z,690,,-1.5,78.6,3.44,-5.7,96.3,3.12
2026-01-13T07:37:03Z,540,,-1.9,75.9,3.23,-6.1,95,2.99
2026-01-13T09:37:34Z,735,,-1.8,79.3,3.39,-6.6,95.5,2.9
2026-01-13T11:38:24Z,735,,-1.5,76.7,3.35,-6.8,94.8,2.84
2026-01-13T13:38:51Z,0,,-1.8,76.1,3.26,-7.2,95.9,2.79
2026-01-13T15:39:35Z,0,,-4,84,3.08,-7.5,96.8,2.75
2026-01-13T17:40:07Z,0,,-4.3,85.7,3.07,-7.5,97.2,2.76
2026-01-13T19:39:48Z,0,,-4.3,86,3.08,-7.4,97.9,2.8
2026-01-13T21:39:34Z,0,,-4.1,86.5,3.15,-7,98.2,2.9
2026-01-13T23:39:57Z,390,,-3.9,86.1,3.18,-6.5,98.7,3.02
2026-01-14T01:39:55Z,510,,-2.4,81.8,3.36,-6,99.2,3.15
2026-01-14T03:40:18Z,525,,-2.2,78.6,3.27,-5.8,97,3.12
2026-01-14T05:39:45Z,480,,-2.2,78.4,3.26,-5.8,97.6,3.14
2026-01-14T07:39:09Z,420,,-2.2,79,3.29,-5.9,98.7,3.15
2026-01-14T09:38:55Z,525,,-2,80.6,3.4,-5.9,100,3.2
2026-01-14T11:39:13Z,525,,-1.7,79.4,3.42,-5.9,100,3.2
2026-01-14T13:39:03Z,585,,-1.4,79.4,3.49,-5.2,99.2,3.34
2026-01-14T15:39:18Z,525,,-1.6,77.9,3.38,-4.8,97.4,3.37
2026-01-14T17:40:14Z,420,,-2.5,78.8,3.21,-4.9,96,3.3
2026-01-14T19:40:40Z,405,,-2.9,79.7,3.16,-5.2,94.2,3.17
2026-01-14T21:41:01Z,405,,-2.9,77.5,3.07,-6.3,94.1,2.92
2026-01-14T23:41:24Z,420,,-3.1,78.9,3.08,-6.9,98.6,2.93
2026-01-15T01:41:26Z,0,,-3.8,75,2.79,-7.3,94.1,2.72
2026-01-15T03:41:49Z,0,,-4.1,77.8,2.83,-7,93.9,2.77
2026-01-15T05:42:16Z,450,,-3.6,79.3,2.99,-6.6,95.3,2.89
2026-01-15T07:42:48Z,0,,-3.2,79.3,3.08,-7.2,99.5,2.89
2026-01-15T09:42:56Z,450,,-3,80.4,3.16,-6.8,97.5,2.92
2026-01-15T11:42:31Z,420,,-2.3,78.7,3.25,-6.5,99.5,3.04
2026-01-15T13:42:30Z,525,,-1.9,80,3.4,-5.8,100,3.22
2026-01-15T15:42:53Z,600,,-1.4,80.5,3.54,-5.1,100,3.39
2026-01-15T17:42:19Z,720,,-0.9,82.3,3.75,-4.4,100,3.56
2026-01-15T19:42:37Z,810,,-0.4,83.7,3.95,-3.6,100,3.77
2026-01-15T21:41:58Z,930,,0.1,85,4.15,-3,100,3.93
2026-01-15T23:41:17Z,990,,0.5,85,4.27,-2.8,100,3.99
2026-01-16T01:41:20Z,1005,,0.8,85.1,4.36,-2.4,100,4.1
2026-01-16T03:41:41Z,1050,,1.1,85,4.45,-2.2,100,4.16
2026-01-16T05:41:37Z,1080,,1.4,84.9,4.53,-1.8,100,4.28
2026-01-16T07:42:25Z,1080,,1.5,84.1,4.52,-1.9,100,4.25
2026-01-16T09:42:34Z,1125,,1.8,84,4.61,-1.5,100,4.37
2026-01-16T11:43:06Z,1080,,2.3,82.6,4.69,-0.9,100,4.56
2026-01-16T13:42:41Z,1050,,1.9,78.6,4.34,-2.5,100,4.07
2026-01-16T15:43:30Z,840,,1.3,75.1,3.98,-3.5,100,3.8
2026-01-16T17:43:28Z,825,,1,76.6,3.98,-3.2,100,3.88
2026-01-16T19:43:56Z,810,,0.6,77.3,3.91,-3.7,100,3.74
2026-01-16T21:43:46Z,720,,0.3,74.3,3.68,-4.4,100,3.56
2026-01-16T23:44:19Z,720,,-0.1,76.4,3.68,-4.6,100,3.51
2026-01-17T01:43:26Z,645,,-0.5,75.2,3.52,-5.5,100,3.29
2026-01-17T03:42:55Z,525,,-0.9,75.2,3.43,-5.8,100,3.22
2026-01-17T05:42:47Z,675,,-1,79.6,3.6,-5,100,3.41
2026-01-17T07:42:28Z,825,,-0.6,83.9,3.9,-4.1,100,3.64
2026-01-17T09:42:14Z,945,,0,85.9,4.17,-3.6,100,3.77
2026-01-17T11:42:11Z,1035,,0.4,86.5,4.31,-3,100,3.93
2026-01-17T13:42:48Z,1125,,0.8,86.8,4.45,-2.7,100,4.02
2026-01-17T15:43:22Z,1140,,1,87.4,4.54,-2.3,100,4.13
2026-01-17T17:43:59Z,1170,,1.4,87.3,4.66,-1.9,100,4.25
2026-01-17T19:43:49Z,1245,,1.7,88,4.79,-1.5,100,4.37
2026-01-17T21:44:04Z,1350,,2.1,88.6,4.96,-1.1,100,4.49
2026-01-17T23:43:46Z,1380,,2.4,88.5,5.06,-0.8,100,4.59
2026-01-18T01:42:57Z,1380,,2.5,89.1,5.12,-0.5,100,4.69
2026-01-18T03:42:19Z,1425,,2.6,89.4,5.18,-0.4,100,4.72
2026-01-18T05:42:57Z,1410,,2.6,89.5,5.18,-0.3,100,4.75
2026-01-18T07:43:28Z,1410,,2.7,89.5,5.22,-0.3,100,4.75
2026-01-18T09:44:02Z,1425,,2.7,89.8,5.23,-0.2,100,4.78
2026-01-18T11:44:30Z,1410,,2.8,89.5,5.25,-0.1,100,4.82
2026-01-18T13:44:38Z,1440,,2.7,89.5,5.22,-0.3,100,4.75
2026-01-18T15:43:57Z,1440,,2.7,89.4,5.21,-0.4,100,4.72
2026-01-18T17:44:17Z,1440,,2.7,89.1,5.19,-0.5,100,4.69
2026-01-18T19:43:36Z,1440,,2.7,89.4,5.21,-0.5,100,4.69
2026-01-18T21:42:55Z,1485,,2.7,89.4,5.21,-0.5,100,4.69
2026-01-18T23:43:45Z,1470,,2.7,89.6,5.22,-0.5,100,4.69
2026-01-19T01:44:04Z,1485,,2.7,89.5,5.22,-0.5,100,4.69
2026-01-19T03:43:24Z,1470,,2.7,89.5,5.22,-0.6,100,4.65
2026-01-19T05:43:46Z,1470,,2.6,88.9,5.15,-0.8,100,4.59
2026-01-19T07:42:59Z,1485,,2.6,88.5,5.12,-0.9,100,4.56
2026-01-19T09:42:20Z,1455,,2.7,87.6,5.11,-0.9,100,4.56
2026-01-19T11:41:31Z,1410,,2.6,86.8,5.03,-1.2,100,4.46
2026-01-19T13:41:39Z,1455,,2.6,86.4,5.0,-1.5,100,4.37
2026-01-19T15:41:41Z,1380,,2.4,84.7,4.84,-1.8,100,4.28
2026-01-19T17:41:26Z,1380,,2.3,83.7,4.75,-2.4,100,4.1
2026-01-19T19:41:36Z,1275,,2.2,82.7,4.66,-2.4,100,4.1
2026-01-19T21:42:00Z,1245,,2,82,4.56,-2.7,100,4.02
2026-01-19T23:42:23Z,1155,,1.7,80.6,4.39,-3.2,100,3.88
2026-01-20T01:42:57Z,1125,,1.5,79.5,4.27,-3.6,100,3.77
2026-01-20T03:43:08Z,1050,,1.3,78.4,4.16,-4,100,3.66
2026-01-20T05:43:21Z,975,,1,77.5,4.03,-4.4,100,3.56
2026-01-20T07:42:57Z,945,,0.8,77.1,3.95,-4.6,100,3.51
2026-01-20T09:43:04Z,945,,0.9,77.4,3.99,-4.3,100,3.59
2026-01-20T11:43:48Z,915,,0.9,77.2,3.98,-4.2,100,3.61
2026-01-20T13:43:06Z,915,,0.7,77.4,3.94,-4.4,100,3.56
2026-01-20T15:43:49Z,885,,0.5,77.5,3.89,-4.7,100,3.49
2026-01-20T17:43:50Z,885,,0.4,77.5,3.86,-4.7,100,3.49
2026-01-20T19:43:26Z,885,,0.5,77.9,3.91,-4.5,100,3.54
2026-01-20T21:43:21Z,870,,0.7,78.3,3.98,-4.3,100,3.59
2026-01-20T23:43:18Z,945,,1,79.6,4.13,-3.4,100,3.82
2026-01-21T01:42:29Z,990,,1.4,80.7,4.31,-2.4,100,4.1
2026-01-21T03:42:15Z,1050,,1.6,81.1,4.39,-2.4,100,4.1
2026-01-21T05:41:58Z,1050,,1.5,80.4,4.32,-3,100,3.93
2026-01-21T07:42:42Z,1050,,1.5,79.5,4.27,-3.4,100,3.82
2026-01-21T09:43:12Z,1050,,1.5,78.3,4.21,-3.8,100,3.72
2026-01-21T11:43:48Z,1065,,1.7,76.9,4.19,-3.9,100,3.69
2026-01-21T13:43:16Z,1020,,1.5,76,4.08,-4,100,3.66
2026-01-21T15:42:43Z,900,,1.2,75.6,3.98,-4,100,3.66
2026-01-21T17:42:32Z,900,,0.9,76,3.92,-4.3,100,3.59
2026-01-21T19:42:53Z,885,,0.7,76.2,3.88,-4.5,100,3.54
2026-01-21T21:42:06Z,825,,0.5,75.4,3.78,-4.7,100,3.49
2026-01-21T23:42:47Z,765,,0.2,74.8,3.68,-4.7,100,3.49
2026-01-22T01:41:55Z,720,,0,75.2,3.65,-4.9,100,3.44
2026-01-22T03:41:24Z,690,,-0.3,73.3,3.48,-5.7,98.8,3.2
2026-01-22T05:40:35Z,540,,-0.6,73.2,3.41,-5.8,99.2,3.19
2026-01-22T07:40:54Z,480,,-1.1,74.2,3.33,-5.9,100,3.2
2026-01-22T09:41:39Z,540,,-1.1,74.4,3.34,-5.9,98.8,3.16
2026-01-22T11:41:56Z,540,,-0.9,73.9,3.37,-6,99.2,3.15
2026-01-22T13:42:19Z,540,,-1.3,74,3.28,-6.8,99.3,2.97
2026-01-22T15:42:28Z,0,,-1.7,73.9,3.19,-7.3,99.4,2.87
2026-01-22T17:42:11Z,0,,-3.5,79.9,3.03,-7.5,98.5,2.8
2026-01-22T19:42:19Z,0,,-3.9,80.2,2.96,-7.9,98,2.71
2026-01-22T21:42:45Z,0,,-4.3,80.7,2.89,-8,98.1,2.69
2026-01-22T23:43:09Z,0,,-4.7,81.2,2.83,-8.4,98.9,2.63
2026-01-23T01:43:25Z,0,,-4.9,81.7,2.81,-8.6,99,2.6
2026-01-23T03:44:00Z,0,,-5,81.8,2.79,-8.9,99.3,2.55
2026-01-23T05:44:12Z,0,,-5.5,83,2.73,-9.3,98.6,2.45
2026-01-23T07:43:36Z,0,,-5.2,81.9,2.75,-9.3,97.3,2.42
2026-01-23T09:42:54Z,0,,-4.9,80.4,2.76,-9.3,96.7,2.41
2026-01-23T11:42:28Z,0,,-4.6,81.1,2.85,-9,96.6,2.46
2026-01-23T13:43:07Z,0,,-4.9,83.3,2.86,-9.1,96.8,2.45
2026-01-23T15:42:40Z,0,,-5.5,84.6,2.78,-9.3,97.5,2.43
2026-01-23T17:43:15Z,0,,-5.7,83.9,2.72,-9.5,97.1,2.38
2026-01-23T19:43:42Z,0,,-5.8,82,2.64,-9.7,96.8,2.34
2026-01-23T21:43:04Z,0,,-5.9,82.2,2.63,-10,96.3,2.27
2026-01-23T23:42:37Z,0,,-6.1,82.8,2.61,-10.5,96.6,2.2
2026-01-24T01:43:01Z,0,,-6.5,84.4,2.58,-10.8,96.7,2.15
2026-01-24T03:43:51Z,0,,-6.8,85.3,2.55,-10.5,97.5,2.22
2026-01-24T05:43:12Z,0,,-6.8,86.1,2.58,-10.3,98.3,2.27
2026-01-24T07:43:03Z,0,,-6.4,85.6,2.64,-9.9,98.9,2.35
2026-01-24T09:42:26Z,0,,-4.6,81,2.84,-8.6,98.3,2.58
2026-01-24T11:42:56Z,0,,-3.6,80.7,3.04,-7.9,98.1,2.71
2026-01-24T13:43:06Z,0,,-3.3,83.5,3.22,-7.9,98.8,2.73
2026-01-24T15:43:28Z,0,,-4.3,85.8,3.08,-8.6,99.1,2.6
2026-01-24T17:43:51Z,0,,-4.9,89.2,3.06,-8.6,99.6,2.61
2026-01-24T19:43:46Z,0,,-4.4,87.8,3.13,-8.7,99.7,2.59
2026-01-24T21:44:32Z,0,,-4,84.8,3.11,-8.8,99.7,2.58
2026-01-24T23:44:49Z,0,,-3.7,78.8,2.95,-8.8,99.6,2.57
2026-01-25T01:45:20Z,0,,-3.6,72.7,2.74,-9.2,98.6,2.47
2026-01-25T03:44:31Z,0,,-4.1,74,2.69,-9.3,98.8,2.46
2026-01-25T05:43:57Z,0,,-3.6,70.7,2.67,-9,98.4,2.5
2026-01-25T07:43:24Z,0,,-3.6,70.9,2.67,-8.6,98.5,2.58
2026-01-25T09:43:00Z,0,,-3.1,68.6,2.68,-8.1,96.2,2.62
2026-01-25T11:42:17Z,0,,-2.7,68,2.73,-7.9,95.7,2.64
2026-01-25T13:42:13Z,0,,-2.4,67.5,2.77,-7.8,96.4,2.68
2026-01-25T15:42:08Z,0,,-4.2,75.7,2.73,-8.7,98.9,2.57
2026-01-25T17:42:32Z,0,,-5.4,80.1,2.65,-9.5,99.2,2.43
2026-01-25T19:42:54Z,0,,-5,74.1,2.53,-8.7,98.9,2.57
2026-01-25T21:42:31Z,0,,-5.1,75.6,2.56,-8.4,100,2.66
2026-01-25T23:42:04Z,0,,-4.7,74.7,2.6,-8,100,2.74
2026-01-26T01:42:20Z,0,,-4.2,73.8,2.67,-8,100,2.74
2026-01-26T03:41:36Z,0,,-4.4,76.2,2.71,-8,100,2.74
2026-01-26T05:40:43Z,0,,-3.9,75.8,2.8,-8.1,100,2.72
2026-01-26T07:40:51Z,0,,-4.3,78.5,2.82,-8.4,100,2.66
2026-01-26T09:41:26Z,0,,-3,75.2,2.96,-7.7,98,2.75
2026-01-26T11:41:29Z,0,,-1.7,73.2,3.15,-8.2,97.3,2.63
2026-01-26T13:41:16Z,0,,-2.8,78.3,3.12,-7.8,97.1,2.7
2026-01-26T15:41:20Z,0,,-10.2,85,1.98,-10,99.5,2.35
2026-01-26T17:41:03Z,0,,-4.9,84.9,2.92,-9,100,2.55
2026-01-26T19:40:26Z,0,,-4.2,79.3,2.86,-8.1,99.4,2.7
2026-01-26T21:39:59Z,0,,-4,79.5,2.91,-7.9,98.5,2.72
2026-01-26T23:40:01Z,0,,-3.9,80.2,2.96,-7.7,98.3,2.75
2026-01-27T01:40:52Z,0,,-3.8,79.7,2.96,-7.6,98.8,2.79
2026-01-27T03:40:22Z,0,,-3.9,80.6,2.97,-7.7,99.1,2.78
2026-01-27T05:40:12Z,0,,-4.2,82.8,2.99,-7.8,99.4,2.77
2026-01-27T07:39:55Z,0,,-4,82.8,3.03,-8,99.7,2.73
2026-01-27T09:39:25Z,0,,-3.3,81.2,3.13,-7.6,98.6,2.78
2026-01-27T11:39:50Z,0,,-2.8,80.9,3.23,-7.5,98.2,2.79
2026-01-27T13:39:07Z,0,,-3.2,83.2,3.23,-8.4,99.6,2.65
2026-01-27T15:39:22Z,0,,-3.7,84.8,3.17,-9,100,2.55
2026-01-27T17:38:33Z,0,,-4.1,82.7,3.01,-10,100,2.36
2026-01-27T19:38:32Z,0,,-4.9,84.3,2.9,-10.4,100,2.29
2026-01-27T21:37:51Z,0,,-5.1,81.7,2.77,-11.6,100,2.09
2026-01-27T23:37:23Z,0,,-5.8,82.3,2.65,-12.3,100,1.98
2026-01-28T01:37:02Z,0,,-6.1,80.6,2.54,-12.6,100,1.94
2026-01-28T03:37:32Z,0,,-6.5,81.2,2.48,-12.9,100,1.89
2026-01-28T05:37:13Z,0,,-7.1,81.2,2.38,-13,100,1.88
2026-01-28T07:37:06Z,0,,-6.9,80,2.38,-12.7,99.8,1.92
2026-01-28T09:36:47Z,0,,-5.8,74.8,2.41,-11.2,98.7,2.13
2026-01-28T11:36:55Z,0,,-5,73.8,2.52,-10.3,97.6,2.25
2026-01-28T13:36:12Z,0,,-4.8,74.8,2.59,-10.1,97.6,2.29
2026-01-28T15:35:42Z,0,,-4.8,75.7,2.62,-10.2,97.9,2.28
2026-01-28T17:36:02Z,0,,-4.8,74.6,2.58,-10.1,97,2.27
2026-01-28T19:36:05Z,0,,-4.7,73.7,2.57,-10.1,96,2.25
2026-01-28T21:36:08Z,0,,-4.9,73.4,2.52,-10,95.5,2.26
2026-01-28T23:36:40Z,0,,-5.5,76.8,2.53,-11.1,97.6,2.12
2026-01-29T01:37:20Z,0,,-5.6,75.8,2.48,-12.4,97.8,1.93
2026-01-29T03:37:50Z,0,,-6,75.3,2.39,-13.5,97.7,1.77
2026-01-29T05:38:01Z,0,,-7.7,82.8,2.32,-14.7,98.3,1.62
2026-01-29T07:38:16Z,0,,-8.1,83.9,2.28,-15.1,98,1.56
2026-01-29T09:37:37Z,0,,-5.8,69.4,2.23,-13,94.8,1.78
2026-01-29T11:38:04Z,0,,-4.4,70,2.49,-12,96.3,1.95
2026-01-29T13:38:31Z,0,,-5.5,78.2,2.57,-11.6,97.6,2.04
2026-01-29T15:39:08Z,0,,-8.8,93.5,2.42,-13.3,99.4,1.83
2026-01-29T17:39:43Z,0,,-8.3,87.7,2.35,-14.8,99.3,1.62
2026-01-29T19:38:58Z,0,,-9.2,90.1,2.26,-16.4,99.1,1.43
2026-01-29T21:39:38Z,0,,-9.8,90.1,2.16,-17.4,98.7,1.31
2026-01-29T23:39:40Z,0,,-10.6,92.1,2.08,-18,98.4,1.25
2026-01-30T01:40:37Z,0,,-11.4,92.9,1.97,-18.9,98.3,1.16
2026-01-30T05:40:41Z,0,,-15.8,99.3,1.5,-20.8,97.9,0.99
2026-01-30T07:41:00Z,0,,-13.4,95.6,1.74,-19.6,95.9,1.07
2026-01-30T09:41:24Z,0,,-9.5,75.1,1.84,-14.1,90.5,1.56
2026-01-30T11:40:56Z,0,,-8.2,77.7,2.1,-13.5,95.2,1.72
2026-01-30T13:41:10Z,0,,-9,84.1,2.14,-12.7,96.6,1.86
2026-01-30T15:41:47Z,0,,-12.9,97.2,1.84,-15.2,98.8,1.56
2026-01-30T17:41:55Z,0,,-12,97.7,1.98,-16.5,98.5,1.41
2026-01-30T19:41:34Z,0,,-12.9,97.2,1.84,-17.5,98.6,1.3
2026-01-30T21:41:46Z,0,,-12.9,97.4,1.85,-18.2,98.1,1.22
2026-01-30T23:42:38Z,0,,-13.8,97.4,1.72,-19.1,98.3,1.14
2026-01-31T01:42:36Z,0,,-13.2,95,1.76,-19.1,97.7,1.13
2026-01-31T03:41:54Z,0,,-13.8,94.7,1.67,-19.9,97.8,1.06
2026-01-31T05:41:32Z,0,,-14.3,94.8,1.61,-20.4,96.6,1.01
2026-01-31T07:41:10Z,0,,-13.9,92.8,1.63,-20,95.9,1.03
2026-01-31T09:41:57Z,0,,-10.8,79.3,1.76,-15.6,90.8,1.39
2026-01-31T11:41:25Z,0,,-9.3,78.8,1.96,-15.6,95.9,1.47
2026-01-31T13:42:06Z,0,,-10,83.3,1.97,-14.8,96.5,1.58
2026-01-31T15:41:21Z,0,,-12.2,91.6,1.83,-15.9,98.3,1.47
2026-01-31T17:42:03Z,0,,-13.6,94.3,1.69,-16.9,98.6,1.36
2026-01-31T19:42:53Z,0,,-14.6,99.1,1.65,-18.6,98.6,1.19
2026-01-31T21:42:57Z,0,,-14.2,95,1.63,-19.3,98,1.12
2026-01-31T23:43:20Z,0,,-14.5,94.1,1.57,-20.3,97.7,1.03
2026-02-01T01:42:36Z,0,,-13.7,87.1,1.55,-19.9,97,1.05
2026-02-01T03:43:02Z,0,,-15.1,90.3,1.44,-20.7,97.4,0.99
2026-02-01T05:43:14Z,0,,-14.3,86.7,1.47,-20.5,97.2,1.0
2026-02-01T07:42:58Z,0,,-13.9,83.5,1.46,-19.3,96.4,1.1
2026-02-01T09:42:41Z,0,,-10.9,76.5,1.69,-15.9,91.2,1.37
2026-02-01T11:42:05Z,0,,-9.2,76.8,1.93,-16.1,95.9,1.41
2026-02-01T13:41:54Z,0,,-10.5,83.1,1.89,-16.1,96.5,1.42
2026-02-01T15:41:48Z,0,,-13.5,94.8,1.71,-17.8,97.8,1.26
2026-02-01T17:42:33Z,0,,-14.6,95.1,1.58,-19.3,97.8,1.12
2026-02-01T19:42:02Z,0,,-14.9,95.8,1.55,-20.6,97.4,1.0
2026-02-01T21:42:24Z,0,,-14.6,89.6,1.49,-21,96.1,0.95
2026-02-01T23:41:44Z,0,,-14.8,87.3,1.43,-21.4,95.1,0.91
2026-02-02T01:42:34Z,0,,-15.5,87.5,1.35,-21.8,94.7,0.88
2026-02-02T03:42:13Z,0,,-15.4,84.6,1.32,-21.4,93.3,0.89
2026-02-02T05:43:07Z,0,,-15.5,83,1.28,-20.8,92.2,0.93
2026-02-02T07:43:00Z,0,,-14.1,78.1,1.35,-18.9,88.1,1.04
2026-02-02T09:43:54Z,0,,-11.7,74.7,1.55,-14.7,79.3,1.31
2026-02-02T11:44:37Z,0,,-9.7,74.7,1.8,-13.7,81.1,1.44
2026-02-02T13:43:55Z,0,,-9.8,78.5,1.88,-13.3,79.2,1.45
2026-02-02T15:43:33Z,0,,-10.1,79.6,1.87,-14.4,81.3,1.37
2026-02-02T17:43:55Z,0,,-10.2,79.4,1.85,-15,80.2,1.29
2026-02-02T19:43:47Z,0,,-10.3,80.4,1.86,-15.3,77.7,1.22
2026-02-02T21:44:37Z,0,,-10.6,80.7,1.82,-15.5,81.4,1.26
2026-02-02T23:45:23Z,0,,-11.1,82,1.78,-16.3,86.1,1.25
2026-02-03T01:44:56Z,0,,-11.2,81.3,1.75,-16.7,89.3,1.26
2026-02-03T03:45:17Z,0,,-11.6,81.7,1.71,-17,91.8,1.26
2026-02-03T05:44:28Z,0,,-12.3,84.2,1.67,-17.6,93.4,1.22
2026-02-03T07:45:17Z,0,,-11.5,79.7,1.68,-16.8,90.1,1.26
2026-02-03T09:45:36Z,0,,-9.1,74.9,1.89,-12.8,84.5,1.61
2026-02-03T11:45:42Z,0,,-7,75.6,2.23,-11.7,87.6,1.82
2026-02-03T13:46:04Z,0,,-7.3,80.1,2.31,-10.6,86.4,1.95
2026-02-03T15:46:27Z,0,,-11.1,91.9,2.0,-13.1,91,1.7
2026-02-03T17:46:24Z,0,,-13.4,99.6,1.82,-15.8,93.2,1.41
2026-02-03T19:46:18Z,0,,-15.1,98.2,1.57,-16.9,93.7,1.3
2026-02-03T21:46:13Z,0,,-13,90.8,1.71,-16.5,93.7,1.34
2026-02-03T23:46:43Z,0,,-12.9,87.1,1.65,-15.8,95.2,1.44
2026-02-04T01:47:09Z,0,,-12.7,84.2,1.62,-15.4,95.6,1.49
2026-02-04T03:47:35Z,0,,-13.9,84.9,1.49,-16.4,96,1.38
2026-02-04T05:48:05Z,0,,-13,82.5,1.55,-16.8,96.2,1.34
2026-02-04T07:48:12Z,0,,-12.4,79.1,1.56,-16.3,95.7,1.39
2026-02-04T09:48:27Z,0,,-10.9,77.8,1.72,-14.3,95.2,1.62
2026-02-04T11:47:56Z,0,,-9.1,78.9,1.99,-12.3,94.9,1.88
2026-02-04T13:48:38Z,0,,-8.3,82.3,2.21,-11.5,95.8,2.02
2026-02-04T15:49:27Z,0,,-8.3,85.6,2.3,-11.4,97,2.06
2026-02-04T17:49:55Z,0,,-7.9,86.8,2.4,-11.3,97.3,2.08
2026-02-04T19:49:48Z,0,,-8,89,2.44,-11.3,97.5,2.09
2026-02-04T21:49:25Z,0,,-7.6,88.6,2.5,-11.2,97.7,2.11
2026-02-04T23:49:43Z,0,,-7.4,89.7,2.57,-11.3,98,2.1
2026-02-05T01:49:59Z,0,,-7.2,91.1,2.65,-11.3,98,2.1
2026-02-05T03:50:30Z,0,,-7.3,92.2,2.66,-11.4,98,2.08
2026-02-05T05:50:30Z,0,,-7.5,93.4,2.66,-11.6,98.1,2.05
2026-02-05T07:50:51Z,0,,-6.2,85.6,2.68,-11.3,96.3,2.06
2026-02-05T09:51:37Z,0,,-3.4,77.1,2.95,-10,90.8,2.14
2026-02-05T11:51:00Z,0,,-1.9,71.3,3.03,-10.9,91.1,2.01
2026-02-05T13:51:49Z,0,,-3.3,81.2,3.13,-11.1,92.5,2.01
2026-02-05T15:51:30Z,0,,-7.5,100,2.84,-13.6,96,1.72
2026-02-05T17:51:56Z,0,,-8.5,100,2.64,-14.9,96.3,1.56
2026-02-05T19:51:45Z,0,,-7.7,98.1,2.75,-14.9,95.9,1.55
2026-02-05T21:51:10Z,0,,-8.1,88.7,2.41,-14.7,96.7,1.59
2026-02-05T23:51:38Z,0,,-8.6,90.8,2.38,-15.5,97.2,1.5
2026-02-06T01:51:34Z,0,,-9.3,93,2.31,-17.4,97,1.29
2026-02-06T03:50:52Z,0,,-10.4,93.1,2.13,-19.2,96.6,1.11
2026-02-06T05:50:53Z,0,,-11.3,92.8,1.99,-19.8,96,1.05
2026-02-06T07:51:35Z,0,,-10.1,83.4,1.96,-17.8,95.4,1.23
2026-02-06T09:52:00Z,0,,-9.1,79.6,2.01,-15.3,93.9,1.48
2026-02-06T11:51:04Z,0,,-7.9,79.4,2.19,-13.2,93.5,1.73
2026-02-06T13:50:24Z,0,,-7.1,81.6,2.39,-12.2,94,1.88
2026-02-06T15:50:52Z,0,,-8.4,88.1,2.34,-13.6,95,1.7
2026-02-06T17:50:22Z,0,,-9.4,93.7,2.31,-15.1,95.9,1.53
2026-02-06T19:50:50Z,0,,-10.2,93.1,2.17,-16.1,96,1.42
2026-02-06T21:50:39Z,0,,-10.4,91.1,2.09,-17.3,96.1,1.29
2026-02-06T23:50:53Z,0,,-11,86.7,1.9,-18.2,95.9,1.2
2026-02-07T01:51:11Z,0,,-12,85.6,1.74,-19.1,96,1.11
2026-02-07T03:51:00Z,0,,-15.6,94.8,1.45,-20.2,96.4,1.02
2026-02-07T05:51:06Z,0,,-16.3,97.3,1.41,-21,95.9,0.95
2026-02-07T07:51:13Z,0,,-12.4,82.6,1.63,-17.9,91.1,1.16
2026-02-07T09:50:33Z,0,,-9.8,80,1.92,-14.2,86.8,1.49
2026-02-07T11:51:00Z,0,,-7.8,82.1,2.28,-13.2,91,1.68
2026-02-07T13:50:58Z,0,,-7.6,85.9,2.43,-11.8,91.6,1.89
2026-02-07T15:51:10Z,0,,-7.7,84.9,2.38,-11.4,97,2.06
2026-02-07T17:50:59Z,0,,-7.5,85,2.42,-11.7,98.4,2.04
2026-02-07T19:51:16Z,0,,-7.5,85.7,2.44,-11.5,97.5,2.06
2026-02-07T21:50:28Z,0,,-7.2,85.1,2.47,-11,97.6,2.14
2026-02-07T23:49:41Z,0,,-6.9,84.4,2.51,-10.4,98.4,2.26
2026-02-08T01:49:04Z,0,,-6.9,86.5,2.57,-10.6,99.2,2.24
2026-02-08T03:49:32Z,0,,-6.9,87.9,2.61,-11.4,100,2.12
2026-02-08T05:49:53Z,0,,-7.1,91.2,2.67,-13,99.8,1.88
2026-02-08T07:49:55Z,0,,-6.6,87.7,2.66,-11.2,95.5,2.06
2026-02-08T09:49:08Z,0,,-3.9,77.1,2.85,-8.4,86.7,2.31
2026-02-08T11:49:07Z,0,,-1.9,71.8,3.05,-10.1,91.8,2.15
2026-02-08T13:49:33Z,0,,-3,73.3,2.88,-9.6,91.9,2.24
2026-02-08T15:49:27Z,0,,-10.8,87.5,1.95,-11.9,95,1.94
2026-02-08T17:49:11Z,0,,-9.2,97.9,2.46,-14.1,96.7,1.67
2026-02-08T19:48:43Z,0,,-10.8,98.9,2.2,-15.9,97,1.45
2026-02-08T21:48:51Z,0,,-8.8,79.7,2.06,-14.6,96.1,1.6
2026-02-08T23:48:23Z,0,,-8,75.2,2.06,-13.1,96.9,1.81
2026-02-09T01:48:48Z,0,,-6.9,74.1,2.2,-10.7,99.4,2.23
2026-02-09T03:49:13Z,0,,-6,77,2.44,-8.5,100,2.64
2026-02-09T05:49:25Z,0,,-5.3,80.7,2.69,-7.3,99.8,2.88
2026-02-09T07:48:38Z,450,,-4.4,82.1,2.92,-5.9,96.7,3.09
2026-02-09T09:49:10Z,585,,-2.5,79.3,3.23,-4.5,89.6,3.17
2026-02-09T11:48:42Z,1020,,0.2,75.3,3.7,-4.1,90,3.27
2026-02-09T13:49:02Z,780,,0.4,66.3,3.31,-4.8,88.7,3.07
2026-02-09T15:48:18Z,480,,-0.5,64.9,3.04,-6.7,92.6,2.79
2026-02-09T17:48:44Z,0,,-1.4,67.4,2.97,-7.3,93.4,2.7
2026-02-09T19:48:19Z,0,,-3.3,70.1,2.7,-7,94.3,2.78
2026-02-09T21:47:39Z,450,,-2.9,70.4,2.79,-6.9,95.9,2.85
2026-02-09T23:48:36Z,0,,-2,70.3,2.97,-7.1,97.4,2.85
2026-02-10T01:48:59Z,0,,-3.2,75.2,2.92,-7.2,98.7,2.87
2026-02-10T03:49:04Z,0,,-3.7,78.9,2.95,-7.1,99.1,2.9
2026-02-10T05:48:52Z,0,,-3.8,80.7,3.0,-7,99.2,2.93
2026-02-10T07:48:57Z,465,,-2.9,78.7,3.12,-6.4,98.3,3.03
2026-02-10T09:49:17Z,540,,-1.1,74.5,3.35,-5.2,96.2,3.23
2026-02-10T11:48:47Z,735,,0.1,71,3.47,-4,91.8,3.36
2026-02-10T13:48:25Z,690,,0.5,67.5,3.39,-4.5,93.5,3.31
2026-02-10T15:47:38Z,525,,0.3,65.1,3.22,-5.2,94.8,3.19
2026-02-10T17:47:31Z,480,,0,66.1,3.21,-5.4,95.4,3.16
2026-02-10T19:48:25Z,480,,-0.1,69.5,3.35,-4.7,100,3.49
2026-02-10T21:47:38Z,600,,-0.3,75.3,3.58,-4.6,100,3.51
2026-02-10T23:47:12Z,690,,0,75.4,3.66,-4.5,100,3.54
2026-02-11T01:46:49Z,690,,0.2,75.2,3.7,-4.5,100,3.54
2026-02-11T03:46:38Z,780,,0.3,75.4,3.73,-4.9,100,3.44
2026-02-11T05:46:31Z,795,,0.5,73.3,3.68,-5.1,100,3.39
2026-02-11T07:46:00Z,720,,0.5,72.9,3.66,-4.4,100,3.56
2026-02-11T09:46:46Z,690,,0.6,74.3,3.76,-3.9,100,3.69
2026-02-11T11:47:03Z,690,,0.7,73.1,3.72,-4.1,99.9,3.63
2026-02-11T13:46:32Z,705,,0.8,72.2,3.7,-4.3,100,3.59
2026-02-11T15:45:44Z,690,,0.8,71,3.64,-4.7,100,3.49
2026-02-11T17:46:11Z,690,,0.9,69.6,3.59,-5.1,100,3.39
2026-02-11T19:45:32Z,690,,0.9,68.2,3.52,-5.3,100,3.34
2026-02-11T21:45:34Z,690,,1.1,66.5,3.48,-5.8,100,3.22
2026-02-11T23:44:45Z,690,,1.3,66,3.5,-5.8,100,3.22
2026-02-12T01:44:22Z,660,,1.3,65.3,3.46,-6,100,3.17
2026-02-12T03:43:42Z,0,,1.2,63.6,3.35,-7.3,100,2.89
2026-02-12T05:44:04Z,0,,0.2,68.4,3.36,-8.2,100,2.7
2026-02-12T07:43:27Z,0,,0.1,68.7,3.35,-8.7,99.3,2.58
2026-02-12T09:42:48Z,0,,0.5,65.9,3.31,-7.9,96.2,2.66
2026-02-12T11:43:06Z,0,,0.7,64.8,3.3,-8.4,94.7,2.52
2026-02-12T13:42:29Z,0,,0.5,65.3,3.28,-8.3,95.9,2.57
2026-02-12T15:43:14Z,0,,0.2,65.5,3.22,-9.3,97.4,2.42
2026-02-12T17:43:45Z,0,,-0.1,65.8,3.17,-10,97.9,2.31
2026-02-12T19:43:42Z,0,,-0.5,67,3.14,-10.8,97.5,2.17
2026-02-12T21:43:23Z,0,,-0.8,65.8,3.02,-11.5,97.5,2.06
2026-02-12T23:42:46Z,0,,-1.2,65.5,2.92,-13.6,97.1,1.74
2026-02-13T01:43:29Z,0,,-1.4,63.5,2.79,-13.6,96.9,1.74
2026-02-13T03:44:00Z,0,,-1.9,61,2.59,-14.5,96.9,1.62
2026-02-13T05:43:21Z,0,,-3.1,64.1,2.5,-17,97.3,1.34
2026-02-13T07:43:57Z,0,,-2,56.5,2.38,-14.7,91.7,1.51
2026-02-13T09:44:46Z,0,,-1.3,55.5,2.46,-11.6,85.5,1.79
2026-02-13T11:44:30Z,0,,-1.1,57.2,2.57,-12,92.4,1.88
2026-02-13T13:44:17Z,0,,-1.9,59.5,2.53,-11.9,92.3,1.89
2026-02-13T15:43:43Z,0,,-3.6,66.9,2.52,-13.7,94.2,1.68
2026-02-13T17:44:21Z,0,,-4.1,67.2,2.44,-15.1,95,1.52
2026-02-13T19:43:49Z,0,,-5.3,70.2,2.34,-16,95.2,1.42
2026-02-13T21:43:15Z,0,,-5.8,69.8,2.25,-17,95.3,1.31
2026-02-13T23:42:44Z,0,,-5.6,66.7,2.18,-17.7,94.8,1.23
2026-02-14T01:43:01Z,0,,-6,63.8,2.02,-18.5,94.6,1.15
2026-02-14T03:43:35Z,0,,-6.8,64.4,1.93,-19.2,94.3,1.08
2026-02-14T05:43:10Z,0,,-7.2,63.8,1.85,-19.7,94.2,1.04
2026-02-14T07:43:30Z,0,,-6.3,57.3,1.78,-15.8,87.5,1.32
2026-02-14T09:43:52Z,0,,-5.1,60.7,2.06,-11.5,79.6,1.68
2026-02-14T11:43:19Z,0,,-4.6,66,2.32,-12.7,87.7,1.69
2026-02-14T13:44:04Z,0,,-5.1,70.1,2.37,-12,88,1.79
2026-02-14T15:43:46Z,0,,-9,85.5,2.18,-13.9,91.9,1.61
2026-02-14T17:43:43Z,0,,-12.9,94.8,1.8,-16.4,92.7,1.34
2026-02-14T19:44:06Z,0,,-14.5,97.2,1.63,-18.8,93.1,1.11
2026-02-14T21:44:33Z,0,,-13.3,97.5,1.79,-20.4,92.9,0.97
2026-02-14T23:44:59Z,0,,-20.1,92.1,0.98,-21.8,92.9,0.86
2026-02-15T01:45:29Z,0,,-17,94.5,1.3,-22.7,92.6,0.8
2026-02-15T03:44:41Z,0,,-19.4,91.6,1.04,-22.8,92.4,0.79
2026-02-15T05:44:40Z,0,,-12.4,94.6,1.86,-21.5,92,0.87
2026-02-15T07:44:21Z,0,,-10.9,82.6,1.82,-18.3,91.2,1.13
2026-02-15T09:44:22Z,0,,-9.3,65.1,1.62,-13,90.6,1.7
2026-02-15T11:43:46Z,0,,-7.8,71.1,1.98,-8.6,94,2.46
2026-02-15T13:43:35Z,0,,-7.1,76,2.23,-8.5,95.9,2.53
2026-02-15T15:43:40Z,0,,-6.8,80.5,2.41,-9.1,96.9,2.45
2026-02-15T17:43:39Z,0,,-7.2,85.9,2.5,-9.8,97.4,2.34
2026-02-15T19:43:08Z,0,,-6.8,84.7,2.54,-9.5,97.2,2.38
2026-02-15T21:43:36Z,0,,-6.3,84.2,2.61,-9.3,97.5,2.43
2026-02-15T23:44:00Z,0,,-6.1,85.6,2.7,-9.4,98,2.42
2026-02-16T01:44:00Z,0,,-6.1,86.5,2.72,-9.6,98.4,2.39
2026-02-16T03:43:26Z,0,,-5.7,85.9,2.79,-9.8,99.4,2.38
2026-02-16T05:44:15Z,0,,-5.7,86.7,2.81,-9.8,99.7,2.39
2026-02-16T07:44:01Z,0,,-5,84.3,2.88,-9.5,99.4,2.44
2026-02-16T09:43:34Z,0,,-4.2,81.9,2.96,-8.4,97.5,2.59
2026-02-16T11:44:15Z,0,,-3.5,80.2,3.04,-7.3,96.4,2.78
2026-02-16T13:44:34Z,435,,-3.5,82.1,3.12,-6.9,96.5,2.87
2026-02-16T15:43:51Z,0,,-2.5,75.5,3.08,-8,98,2.69
2026-02-16T17:43:25Z,0,,-3.7,83.1,3.11,-8.7,98.5,2.56
2026-02-16T19:43:33Z,0,,-3.9,83.8,3.09,-8.8,98.7,2.55
2026-02-16T21:44:11Z,0,,-4,84.2,3.09,-8.6,98.8,2.59
2026-02-16T23:43:30Z,0,,-3.3,80.7,3.11,-8.3,98.6,2.64
2026-02-17T01:43:26Z,0,,-2.9,77.7,3.08,-8.1,98.9,2.69
2026-02-17T03:43:27Z,0,,-3.6,79.7,3.0,-7.9,98.5,2.72
2026-02-17T05:42:55Z,0,,-3.3,77.6,2.99,-7.7,97.5,2.73
2026-02-17T07:42:47Z,0,,-2.5,71.9,2.93,-7.1,94.4,2.76
2026-02-17T09:42:22Z,465,,-1.9,68,2.89,-5.6,90.6,2.96
2026-02-17T11:41:30Z,780,,0.4,63.4,3.16,-5.6,85.1,2.78
2026-02-17T13:42:23Z,435,,0.8,53.6,2.75,-5.9,86.2,2.76
2026-02-17T15:42:00Z,0,,-0.5,56.9,2.67,-7.5,89.6,2.55
2026-02-17T17:42:17Z,0,,-9.1,77.1,1.95,-10.3,93.3,2.15
2026-02-17T19:41:29Z,0,,-14.4,77.1,1.3,-12.6,94.6,1.83
2026-02-17T21:41:35Z,0,,-16.2,78,1.14,-13.3,94.4,1.73
2026-02-17T23:41:42Z,0,,-15.9,81.9,1.23,-12.9,95,1.8
2026-02-18T01:41:02Z,0,,-13.4,88,1.6,-14.6,97.1,1.61
2026-02-18T03:40:19Z,0,,-11,84.4,1.85,-12.8,95.2,1.82
2026-02-18T05:40:21Z,0,,-11.1,76.2,1.66,-13.3,97.8,1.8
2026-02-18T07:40:55Z,0,,-6.9,69.7,2.07,-11.8,95.6,1.97
2026-02-18T09:41:35Z,0,,-3.9,69.3,2.56,-8.4,89.6,2.38
2026-02-18T11:40:45Z,0,,-2.6,67.5,2.73,-8.6,89.4,2.34
2026-02-18T13:40:33Z,0,,-3,61.6,2.42,-8.7,87.9,2.29
2026-02-18T15:40:15Z,0,,-4.3,65.5,2.35,-10.1,94,2.2
2026-02-18T17:40:25Z,0,,-4.6,64.7,2.27,-10.7,95.4,2.14
2026-02-18T19:40:44Z,0,,-5,65.3,2.23,-11,97.4,2.13
2026-02-18T21:40:55Z,0,,-6.8,73.2,2.19,-11.8,97.4,2.01
2026-02-18T23:41:05Z,0,,-7.1,75.3,2.21,-12.7,97.7,1.88
2026-02-19T01:41:42Z,0,,-6.6,72.7,2.21,-12.7,97.4,1.87
2026-02-19T03:41:12Z,0,,-6.6,72.6,2.21,-12.6,97.7,1.89
2026-02-19T05:40:47Z,0,,-6.4,72.2,2.23,-12.4,98,1.93
2026-02-19T07:41:37Z,0,,-6,71,2.25,-12.3,96.3,1.91
2026-02-19T09:40:52Z,0,,-5,66.1,2.25,-11,92.1,2.02
2026-02-19T11:41:12Z,0,,-4.3,66.1,2.37,-10.4,90.4,2.07
2026-02-19T13:41:23Z,0,,-4.4,69.2,2.46,-10.5,90.2,2.05
2026-02-19T15:41:20Z,0,,-4.7,71,2.47,-10.9,91.4,2.02
2026-02-19T17:41:05Z,0,,-4.9,69.6,2.39,-11.2,92.9,2.0
2026-02-19T19:41:32Z,0,,-5.3,70.4,2.35,-12.4,94.2,1.85
2026-02-19T21:42:27Z,0,,-5.8,71.2,2.29,-13.6,95,1.7
2026-02-19T23:42:27Z,0,,-6.7,71.5,2.16,-14.3,95.7,1.63
2026-02-20T01:42:34Z,0,,-7,71.3,2.1,-15.3,95.8,1.51
2026-02-20T03:42:39Z,0,,-8.1,72.3,1.97,-16.1,95.3,1.41
2026-02-20T05:42:54Z,0,,-9.4,74.5,1.84,-16.8,95.7,1.34
2026-02-20T07:43:52Z,0,,-6.9,67.9,2.02,-11.8,84.8,1.75
2026-02-20T09:44:28Z,435,,-4.9,71.2,2.45,-6.6,77.5,2.35
2026-02-20T11:45:00Z,420,,-3.4,70.7,2.7,-5.8,84.7,2.73
2026-02-20T13:44:12Z,480,,-1.8,71.2,3.05,-4.6,86.9,3.05
2026-02-20T15:44:01Z,420,,-2.5,73.5,2.99,-5.1,92.8,3.14
2026-02-20T17:43:36Z,0,,-3.3,76.6,2.95,-7.1,95.3,2.79
2026-02-20T19:43:32Z,0,,-4.7,82.7,2.88,-7.8,93.7,2.61
2026-02-20T21:43:03Z,420,,-3.9,74,2.73,-5.9,88.9,2.84
2026-02-20T23:43:07Z,420,,-3.3,72.5,2.79,-5.3,94.3,3.15
2026-02-21T01:43:18Z,420,,-2.1,82.9,3.47,-2.5,97.5,3.97
2026-02-21T03:42:51Z,585,,-0.9,86.5,3.94,-1.8,97.7,4.18
2026-02-21T05:42:05Z,780,,-0.6,85.3,3.97,-2.5,97.6,3.98
2026-02-21T07:42:16Z,825,,0,85.3,4.14,-2.3,98.3,4.06
2026-02-21T09:41:23Z,870,,0.5,85.5,4.29,-1.8,100,4.28
2026-02-21T11:41:38Z,1020,,1.2,82.4,4.34,-1.6,97.4,4.23
2026-02-21T13:42:25Z,975,,1.5,80.3,4.32,-1.7,97.7,4.21
2026-02-21T15:41:56Z,960,,1.2,79.9,4.21,-2.6,99.7,4.03
2026-02-21T17:41:40Z,885,,0.8,76.6,3.92,-2.8,96,3.83
2026-02-21T19:41:13Z,780,,0.5,75.6,3.79,-3.3,97.2,3.74
2026-02-21T21:41:08Z,780,,0.4,79,3.94,-3.4,100,3.82
2026-02-21T23:41:10Z,780,,0.2,79.1,3.89,-3.7,100,3.74
2026-02-22T01:41:20Z,825,,0.2,80.1,3.94,-3.8,100,3.72
2026-02-22T03:40:41Z,885,,0.5,80.2,4.03,-3.6,100,3.77
2026-02-22T05:40:31Z,885,,0.8,80.1,4.1,-3,100,3.93
2026-02-22T07:41:01Z,990,,0.8,77.3,3.96,-4.3,97.2,3.49
2026-02-22T09:40:16Z,1050,,1.2,75.1,3.95,-3.3,92.7,3.57
2026-02-22T11:40:58Z,1515,,2.9,73.5,4.34,-3.3,90,3.47
2026-02-22T13:40:08Z,1050,,3.3,60.8,3.69,-3.2,86.9,3.37
2026-02-22T15:40:54Z,705,,1.6,59.6,3.22,-4.9,89.9,3.09
2026-02-22T17:40:36Z,420,,0.4,60,2.99,-6.3,93.3,2.9
2026-02-22T19:40:03Z,435,,-0.9,63.8,2.91,-6.9,95.8,2.85
2026-02-22T21:39:28Z,0,,-1.7,65.6,2.83,-8,97.1,2.66
2026-02-22T23:40:27Z,0,,-6.4,80.7,2.49,-9.3,98.1,2.44
2026-02-23T01:41:07Z,0,,-9.8,79.8,1.91,-10.7,98,2.2
2026-02-23T03:41:10Z,0,,-10.7,92,2.06,-11.6,97.5,2.04
2026-02-23T05:41:27Z,0,,-11.6,88.7,1.86,-12.6,97,1.88
2026-02-23T07:42:05Z,405,,-5.7,78.1,2.53,-6.4,89,2.74
2026-02-23T09:41:24Z,420,,-3.7,72.1,2.7,-5.9,92.4,2.95
2026-02-23T11:40:41Z,420,,-1.8,76.2,3.26,-3.4,91.5,3.5
2026-02-23T13:40:56Z,780,,-0.6,77.6,3.61,-4.4,93.7,3.34
2026-02-23T15:40:08Z,720,,-1.3,77.7,3.44,-6.4,96.7,2.98
2026-02-23T17:39:30Z,0,,-2.1,76.8,3.22,-8.5,99.1,2.62
2026-02-23T19:39:02Z,0,,-6.8,93.5,2.8,-9.5,98.7,2.42
2026-02-23T21:39:39Z,0,,-7.8,96.5,2.68,-10.1,98.7,2.31
2026-02-23T23:39:59Z,0,,-7.9,97.9,2.7,-10.5,98.7,2.25
2026-02-24T01:40:47Z,0,,-9.2,97.8,2.45,-10.9,98.7,2.18
2026-02-24T03:40:21Z,0,,-9,100,2.55,-11.1,98.7,2.15
2026-02-24T05:40:34Z,0,,-7.8,95.2,2.65,-11,98.5,2.16
2026-02-24T07:41:27Z,0,,-6.2,87.2,2.73,-8.5,96.8,2.56
2026-02-24T09:41:59Z,405,,-3.2,75.4,2.92,-4.1,90,3.27
2026-02-24T11:42:30Z,480,,-2.2,78.8,3.28,-3.3,89.1,3.43
2026-02-24T13:42:04Z,825,,-1.5,80.9,3.54,-3.4,88.3,3.38
2026-02-24T15:41:57Z,945,,-1.2,79.3,3.54,-4.3,87,3.12
2026-02-24T17:42:31Z,840,,-1.2,75.9,3.39,-5.8,90.1,2.9
2026-02-24T19:43:19Z,720,,-1.6,74.7,3.24,-6.7,92.1,2.78
2026-02-24T21:44:02Z,0,,-2.2,74.8,3.11,-7.9,94.9,2.62
2026-02-24T23:43:45Z,0,,-4.9,86.3,2.96,-9,97.2,2.47
2026-02-25T01:43:12Z,0,,-6,91.1,2.89,-9.8,97.3,2.33
2026-02-25T03:43:42Z,0,,-6.8,93.2,2.79,-11,97.7,2.14
2026-02-25T05:43:42Z,0,,-8,97,2.66,-11.8,97.2,2.0
2026-02-25T07:43:50Z,465,,-4.4,78.5,2.8,-5.3,83.3,2.78
2026-02-25T09:43:17Z,750,,-0.8,73.1,3.35,-0.8,76.9,3.53
2026-02-25T11:43:24Z,1095,,1.5,65.7,3.53,-3.2,81.3,3.15
2026-02-25T13:44:10Z,540,,0.7,57.6,2.93,-2.6,77,3.12
2026-02-25T15:44:54Z,435,,-0.3,59.5,2.83,-5.1,86.6,2.93
2026-02-25T17:44:34Z,420,,-1,62.6,2.83,-6.3,91.7,2.85
2026-02-25T19:44:43Z,420,,-1.3,64.9,2.88,-6,92.4,2.93
2026-02-25T21:45:23Z,420,,-1.1,66.5,2.99,-4.5,90.8,3.21
2026-02-25T23:45:10Z,420,,-0.9,67.7,3.09,-3.6,88,3.32
2026-02-26T01:45:01Z,600,,-0.3,69.6,3.31,-2.8,85.2,3.4
2026-02-26T03:45:08Z,690,,-0.2,79.3,3.79,-3.5,100,3.8
2026-02-26T05:45:57Z,855,,0,84,4.07,-3.1,100,3.91
2026-02-26T07:45:28Z,915,,0.2,84.8,4.17,-2.9,100,3.96
2026-02-26T09:46:26Z,990,,0.9,84.4,4.35,-2.3,100,4.13
2026-02-26T11:46:23Z,1020,,1.3,84,4.45,-1.6,99.9,4.34
2026-02-26T13:46:03Z,1125,,1.9,85.8,4.74,-0.9,100,4.56
2026-02-26T15:46:29Z,1110,,2,85.1,4.73,-0.9,100,4.56
2026-02-26T17:47:10Z,1215,,2.2,83.2,4.69,-0.2,94.1,4.5
2026-02-26T19:47:01Z,1215,,2.4,82.3,4.7,0.2,92.8,4.56
2026-02-26T21:47:25Z,1215,,2.5,88.3,5.08,0.1,100,4.88
2026-02-26T23:48:09Z,1380,,2.8,91.7,5.38,0.7,100,5.09
2026-02-27T01:48:13Z,1410,,3,92.3,5.49,1,100,5.19
2026-02-27T03:47:54Z,1455,,3,92.6,5.51,1,100,5.19
2026-02-27T05:48:19Z,1455,,3,92.8,5.52,0.9,100,5.16
2026-02-27T07:48:28Z,1485,,3.1,93.4,5.59,1,100,5.19
2026-02-27T09:48:45Z,1575,,3.4,94.6,5.78,1.4,100,5.34
2026-02-27T11:49:28Z,1605,,3.8,93.5,5.87,1.5,100,5.37
2026-02-27T13:49:02Z,1620,,3.8,93.6,5.87,1.6,100,5.41
2026-02-27T15:48:21Z,1545,,3.7,92.4,5.76,1.5,100,5.37
2026-02-27T17:47:56Z,1620,,3.7,92.9,5.79,1.2,100,5.27
2026-02-27T19:47:50Z,1605,,3.4,92.1,5.63,0.8,100,5.12
2026-02-27T21:48:06Z,1575,,3.3,91.8,5.57,0.6,100,5.05
2026-02-27T23:48:23Z,1560,,3.3,91.5,5.55,0.5,100,5.02
2026-02-28T01:48:03Z,1545,,3.4,91.4,5.58,0.5,100,5.02
2026-02-28T03:47:41Z,1590,,3.4,91.1,5.57,0.5,100,5.02
2026-02-28T05:48:06Z,1590,,3.5,91.4,5.62,0.8,100,5.12
2026-02-28T07:48:47Z,1740,,4.3,92.4,5.99,1.4,100,5.34
2026-02-28T09:48:43Z,1950,,5.6,91.9,6.5,2.4,100,5.71
2026-02-28T11:48:32Z,1620,,5.9,87.1,6.28,2.9,100,5.91
2026-02-28T13:49:10Z,1500,,5.7,84.3,6.0,2.7,100,5.83
2026-02-28T15:49:21Z,1395,,4.7,84.9,5.66,1.8,100,5.49
2026-02-28T17:49:47Z,1410,,4.1,87.2,5.58,1.3,100,5.3
2026-02-28T19:49:24Z,1485,,3.8,88,5.52,0.8,100,5.12
2026-02-28T21:49:48Z,1515,,3.6,88.3,5.47,0.4,100,4.99
2026-02-28T23:49:37Z,1485,,3.3,88.3,5.36,0,100,4.85
2026-03-01T01:50:00Z,1485,,3,88.1,5.24,-0.4,100,4.72
2026-03-01T03:49:34Z,1485,,2.9,88.7,5.24,-0.4,100,4.72
2026-03-01T05:48:49Z,1515,,3,89.4,5.32,-0.2,100,4.78
2026-03-01T07:48:48Z,1605,,3.4,89.8,5.49,0,100,4.85
2026-03-01T09:48:16Z,1680,,3.9,89.7,5.67,0.4,100,4.99
2026-03-01T11:48:22Z,1875,,5.8,87.3,6.25,1.6,100,5.41
2026-03-01T13:48:29Z,1590,,4.9,85.6,5.78,1.3,100,5.3
2026-03-01T15:47:56Z,1515,,4.1,87.5,5.6,1,100,5.19
2026-03-01T17:48:00Z,1590,,4.1,90.4,5.79,1.3,100,5.3
2026-03-01T19:48:44Z,1575,,3.8,89.9,5.64,0.8,100,5.12
2026-03-01T21:48:21Z,1545,,3.5,89.9,5.53,0.4,100,4.99
2026-03-01T23:48:18Z,1560,,3.6,90.4,5.6,0.6,100,5.05
2026-03-02T01:48:23Z,1545,,3.6,89.6,5.55,0.4,100,4.99
2026-03-02T03:48:55Z,1485,,3,88.3,5.25,-0.2,100,4.78
2026-03-02T05:48:12Z,1485,,2.9,89.1,5.26,-0.3,100,4.75
2026-03-02T07:48:14Z,1575,,3.3,91.3,5.54,0.2,100,4.92
2026-03-02T09:48:34Z,2010,,5.4,90.9,6.34,1.4,100,5.34
2026-03-02T11:49:18Z,1590,,5.6,83.2,5.88,1.6,100,5.41
2026-03-02T13:49:46Z,1560,,5.9,80.4,5.8,1.6,100,5.41
2026-03-02T15:50:01Z,1260,,4.2,81.5,5.25,0.7,100,5.09
2026-03-02T17:49:18Z,1245,,3.4,84.7,5.17,0.2,100,4.92
2026-03-02T19:49:03Z,1125,,2.4,84.2,4.81,-0.3,100,4.75
2026-03-02T21:48:48Z,780,,-0.1,88.3,4.25,-1.5,100,4.37
2026-03-02T23:48:56Z,1320,,1.2,91.3,4.81,-1.6,100,4.34
2026-03-03T01:49:13Z,1290,,1.6,87.8,4.75,-1.8,100,4.28
2026-03-03T03:49:42Z,1290,,1.3,87.5,4.64,-2.4,100,4.1
2026-03-03T05:49:35Z,1290,,1.5,87.9,4.72,-2,100,4.22
2026-03-03T07:49:59Z,1485,,2.5,88.4,5.08,-1.2,100,4.46
2026-03-03T09:50:06Z,1560,,3.9,85.1,5.38,-0.2,100,4.78
2026-03-03T11:50:16Z,1350,,4.1,80.6,5.16,0,100,4.85
2026-03-03T13:50:43Z,1320,,3.2,84.5,5.09,-0.1,100,4.82
2026-03-03T15:50:43Z,1380,,3.2,87.8,5.29,0.3,100,4.95
2026-03-03T17:50:57Z,1545,,3.9,90.7,5.73,1.4,100,5.34
2026-03-03T19:51:34Z,1560,,4,90.2,5.74,1.3,100,5.3
2026-03-03T21:50:54Z,1560,,4,91,5.79,1.6,100,5.41
2026-03-03T23:51:25Z,1170,,2.8,87.5,5.13,0.8,100,5.12
2026-03-04T01:51:17Z,900,,0.6,90,4.55,-0.3,100,4.75
2026-03-04T03:52:04Z,840,,0.1,90.3,4.41,-0.7,100,4.62
2026-03-04T05:52:03Z,735,,-0.5,92.1,4.32,-0.5,100,4.69
2026-03-04T07:52:21Z,1260,,3.2,93.8,5.65,3,96.6,5.75
2026-03-04T09:52:40Z,3345,,11.4,83.6,8.58,5.5,82.1,5.77
2026-03-04T11:52:06Z,1695,,13.3,45,5.2,4.6,75.9,5.02
2026-03-04T13:52:25Z,720,,9,50.6,4.46,4,81.8,5.2
2026-03-04T15:52:44Z,735,,5.4,63.4,4.42,2.7,85.7,5.0
2026-03-04T17:52:17Z,840,,3.9,71.9,4.54,3,84.8,5.04
2026-03-04T19:51:46Z,1365,,3.9,80.8,5.1,3.3,84.4,5.12
2026-03-04T21:51:00Z,1155,,3.1,82.5,4.94,2.4,88.8,5.07
2026-03-04T23:51:30Z,1095,,2.4,84.8,4.84,2,90,5.0
2026-03-05T01:51:25Z,1065,,2,86.2,4.79,1.6,91.4,4.95
2026-03-05T03:51:22Z,1065,,1.7,87.1,4.75,1.2,91.7,4.83
2026-03-05T05:51:19Z,1065,,1.4,87.2,4.65,0.6,93.1,4.71
2026-03-05T07:52:06Z,3225,,7.3,89.9,7.1,5,78.5,5.33
2026-03-05T09:52:13Z,2355,,16.9,44,6.33,6.1,75.4,5.51
2026-03-05T11:52:40Z,1785,,17.5,36.7,5.47,5.5,74.6,5.24
2026-03-05T13:53:25Z,1080,,14.1,38.9,4.72,5.8,72.3,5.18
2026-03-05T15:54:00Z,435,,5.7,53.5,3.81,4.1,78.8,5.04
2026-03-05T17:53:33Z,435,,-0.5,66.1,3.1,0.7,85.7,4.36
2026-03-05T19:54:11Z,435,,-1.3,71.5,3.17,-0.4,90.1,4.25
2026-03-05T21:55:06Z,435,,-1.5,77.5,3.39,-0.7,93.4,4.32
2026-03-05T23:55:06Z,435,,-3.6,76.3,2.88,-1.8,95.3,4.08
2026-03-06T01:54:29Z,435,,-5.5,77.9,2.56,-2.5,96.3,3.92
2026-03-06T03:54:15Z,435,,-6,78.1,2.48,-3.4,97.4,3.72
2026-03-06T05:55:02Z,420,,-6.6,77.4,2.35,-3.3,97.1,3.74
2026-03-06T07:55:37Z,2970,,5.1,100,6.84,3,86.6,5.15
2026-03-06T09:55:08Z,2055,,16.3,41.1,5.7,5.9,72.8,5.25
2026-03-06T11:54:45Z,1455,,18.8,30.7,4.94,5.7,71.5,5.09
2026-03-06T13:55:03Z,450,,14.4,33.8,4.18,4.6,76.9,5.09
2026-03-06T15:54:23Z,450,,5.1,51.6,3.53,2.5,82.7,4.76
2026-03-06T17:55:03Z,435,,1.3,69.1,3.66,0.2,92.5,4.55
2026-03-06T19:54:57Z,435,,-0.5,75.1,3.52,-0.8,94.2,4.32
2026-03-06T21:55:38Z,435,,0.2,81.9,4.03,0.2,94.6,4.65
2026-03-06T23:55:47Z,555,,0.9,81.1,4.18,0.7,93.9,4.78
2026-03-07T01:55:14Z,450,,0.1,79.8,3.9,0,95.5,4.63
2026-03-07T03:54:54Z,435,,-0.4,79.9,3.77,-0.4,96.4,4.55
2026-03-07T05:54:39Z,495,,-0.3,84.4,4.01,-0.5,96.3,4.51
2026-03-07T07:55:22Z,1755,,4,87.6,5.57,2.7,87.8,5.12
2026-03-07T09:55:17Z,2745,,12.5,58.3,6.41,5,79.2,5.38
2026-03-07T11:54:52Z,1335,,19.2,28.9,4.76,5.7,70.7,5.03
2026-03-07T13:55:25Z,480,,16.4,26.1,3.64,5.9,67.8,4.89
2026-03-07T15:56:08Z,465,,6,29.3,2.13,4.6,68.3,4.52
2026-03-07T17:56:25Z,435,,0.1,38.1,1.86,1.6,75.5,4.09
2026-03-07T19:57:10Z,435,,-2.7,46.8,1.88,-1.2,82.2,3.67
2026-03-07T21:57:17Z,435,,-2.2,54,2.25,-1.3,84.7,3.75
2026-03-07T23:56:40Z,435,,-4.2,57.2,2.07,-2.3,87.5,3.62
2026-03-08T01:55:55Z,435,,-4.1,65.4,2.38,-2.3,89,3.68
2026-03-08T03:56:37Z,435,,-5.3,67.4,2.25,-3.2,91.3,3.54
2026-03-08T05:57:13Z,435,,-3.2,75.6,2.93,-2.5,91.9,3.74
2026-03-08T07:57:58Z,2850,,5.4,93.5,6.52,2.6,84.9,4.92
2026-03-08T09:58:29Z,1665,,13.1,50.7,5.78,5.9,78.7,5.67
2026-03-08T11:58:17Z,1050,,17.1,35,5.09,6.6,74.7,5.64
2026-03-08T13:57:29Z,480,,16.6,32.4,4.58,7.1,75,5.85
2026-03-08T15:58:02Z,465,,8,43.7,3.61,5.7,79.2,5.64
2026-03-08T17:58:56Z,450,,2.7,56.9,3.32,3.3,84.4,5.12
2026-03-08T19:58:09Z,450,,0.8,69.7,3.57,1.1,89,4.65
2026-03-08T21:58:58Z,450,,-0.6,74.5,3.47,-0.3,91.9,4.37
2026-03-08T23:59:37Z,435,,-1.1,79,3.55,-0.8,95,4.36
2026-03-09T01:59:48Z,435,,-0.9,81.8,3.73,-1.1,96.4,4.33
2026-03-09T04:00:28Z,435,,-1.8,81.2,3.48,-1.5,98.1,4.29
2026-03-09T06:01:09Z,1155,,1,93.9,4.88,-0.2,99.3,4.75
2026-03-09T08:00:51Z,1785,,4.6,88.2,5.84,1.3,97.2,5.15
2026-03-09T10:00:34Z,1845,,7.1,80.2,6.25,2.4,98,5.6
2026-03-09T12:00:58Z,1560,,7.4,76.8,6.11,2.7,100,5.83
2026-03-09T14:00:26Z,1170,,7.4,70.7,5.62,3,98.5,5.86
2026-03-09T16:00:21Z,945,,5.7,75,5.34,2.9,98.8,5.84
2026-03-09T17:59:59Z,1200,,5.1,81.6,5.58,2.8,97.8,5.74
2026-03-09T19:59:35Z,510,,1.9,81,4.47,1,99.7,5.18
2026-03-09T21:59:17Z,450,,-0.4,83,3.92,-0.3,100,4.75
2026-03-09T23:59:27Z,930,,0.5,92.3,4.63,-0.3,100,4.75
2026-03-10T01:59:48Z,1065,,1.4,86.9,4.64,-1.2,100,4.46
2026-03-10T03:59:48Z,1200,,1.6,87.5,4.73,-1.2,100,4.46
2026-03-10T06:00:02Z,1395,,2.4,89,5.08,-0.6,100,4.65
2026-03-10T07:59:39Z,2100,,4.9,92.4,6.24,0.6,100,5.05
2026-03-10T10:00:29Z,2745,,13,66,7.48,3.8,97,6.09
2026-03-10T12:00:17Z,1590,,18.5,42.3,6.69,6.4,89.1,6.64
2026-03-10T13:59:50Z,735,,15.3,41.7,5.44,7.2,82,6.44
2026-03-10T16:00:23Z,465,,6.7,51.7,3.93,4.5,77.6,5.1
2026-03-10T18:01:06Z,450,,2.8,66.8,3.92,3,84.8,5.04
2026-03-10T20:01:05Z,450,,1.5,73.7,3.96,2.2,89.7,5.06
2026-03-10T22:00:15Z,825,,1.9,83.5,4.61,2.1,90,5.04
2026-03-11T00:00:09Z,810,,1.7,81.8,4.46,1.1,93.2,4.87
2026-03-11T02:00:12Z,450,,0.3,82.2,4.07,0,96.3,4.67
2026-03-11T04:00:06Z,450,,-0.5,83.6,3.92,-0.7,98.4,4.55
2026-03-11T05:59:55Z,810,,0.4,90.6,4.52,-0.3,100,4.75
2026-03-11T08:00:10Z,2835,,6.8,95.3,7.29,3.2,94,5.67
2026-03-11T09:59:17Z,2370,,17.8,46.3,7.02,6.6,80.3,6.06
2026-03-11T11:59:32Z,1440,,21.8,30.6,5.87,7.5,75.7,6.06
2026-03-11T14:00:02Z,465,,16.1,34.9,4.78,6.5,78.2,5.86
2026-03-11T16:00:25Z,450,,7.5,52.5,4.2,4,89.8,5.71
2026-03-11T17:59:58Z,750,,5.8,71.4,5.11,4.2,91.9,5.92
2026-03-11T20:00:43Z,1110,,6.1,78.8,5.76,4,96.9,6.16
2026-03-11T22:01:02Z,1305,,6.1,82.5,6.03,3.5,100,6.15
2026-03-12T00:00:43Z,1365,,5.8,84,6.02,3.3,100,6.07
2026-03-12T02:00:45Z,1500,,5.3,85,5.89,2.3,100,5.67
2026-03-12T04:00:38Z,1590,,5.4,87.7,6.12,2.6,100,5.79
2026-03-12T06:01:18Z,1725,,6.2,89.7,6.6,3.7,100,6.23
2026-03-12T08:01:38Z,1770,,6.6,87.8,6.63,3.7,100,6.23
2026-03-12T10:02:17Z,1815,,7.7,86.2,6.99,4.5,100,6.57
2026-03-12T12:01:35Z,1665,,7.3,83,6.56,3.8,100,6.28
2026-03-12T14:02:06Z,1710,,7.2,82.2,6.45,3.4,100,6.11
2026-03-12T16:02:05Z,1380,,6.3,81.6,6.04,3.3,100,6.07
2026-03-12T18:01:31Z,1440,,4.9,84.2,5.68,1.9,100,5.52
2026-03-12T20:01:30Z,1095,,3.6,84,5.2,1.3,100,5.3
2026-03-12T22:00:50Z,1050,,2.6,88.1,5.1,1.4,100,5.34
2026-03-13T00:00:01Z,1410,,3.4,91.1,5.57,1.4,100,5.34
2026-03-13T01:59:34Z,1395,,3.7,88.3,5.5,1.1,100,5.23
2026-03-13T04:00:00Z,1065,,2.9,85.2,5.03,0.8,100,5.12
2026-03-13T06:00:15Z,1245,,2.9,89.8,5.31,1.4,98.9,5.28
2026-03-13T08:00:03Z,1830,,6.3,80.6,5.97,3.3,90.2,5.47
2026-03-13T09:59:59Z,1680,,14.1,47.2,5.73,6,77.6,5.63
2026-03-13T12:00:12Z,1410,,17.5,35.6,5.31,8.3,64.8,5.46
2026-03-13T13:59:21Z,930,,14.5,37.9,4.71,8.3,63.7,5.37
2026-03-13T15:58:55Z,720,,8.6,54.5,4.68,6.5,74.3,5.57
2026-03-13T17:58:38Z,1110,,6.3,71.5,5.29,5.7,80.6,5.74
2026-03-13T19:59:25Z,1110,,5.3,76.4,5.3,4.6,86.6,5.73
2026-03-13T21:58:44Z,1245,,4.9,81.8,5.52,4.7,87.5,5.83
2026-03-13T23:58:41Z,1050,,4.3,81.8,5.31,3.7,92.3,5.75
2026-03-14T01:58:45Z,945,,3.3,86.9,5.27,3.3,95.6,5.8
2026-03-14T03:59:14Z,1230,,4.1,91.2,5.84,3.8,96.5,6.06
2026-03-14T05:59:46Z,1995,,6.1,92.3,6.74,4.9,92.2,6.22
2026-03-14T07:59:14Z,2265,,8.6,81.5,7.0,5.7,86.4,6.15
2026-03-14T09:59:48Z,1710,,16.6,44.7,6.31,8,73.9,6.11
2026-03-14T11:58:58Z,1470,,18.7,37.8,6.05,9.3,69.1,6.21
2026-03-14T13:58:41Z,525,,17.5,36.7,5.47,10.2,70,6.66
2026-03-14T15:59:09Z,525,,11.8,41.9,4.41,8.3,75.7,6.38
2026-03-14T17:59:04Z,450,,5.7,59.6,4.24,6.3,81.3,6.02
2026-03-14T19:59:21Z,810,,7.2,67.1,5.27,6.9,79.1,6.09
2026-03-14T21:59:41Z,1530,,7.1,70.6,5.51,7.1,71,5.54
2026-03-14T23:59:43Z,1215,,7,59.9,4.64,6,68,4.94
2026-03-15T01:59:35Z,1410,,6.7,62.5,4.75,5.3,70.7,4.9
2026-03-15T03:59:21Z,1080,,5.4,61.4,4.28,4.5,71.5,4.7
2026-03-15T05:59:26Z,1665,,5.5,69.4,4.87,4.5,72.2,4.75
2026-03-15T07:59:03Z,1800,,13.4,40.8,4.74,6.7,59.8,4.54
2026-03-15T09:59:53Z,1785,,18.9,30.4,4.92,7.9,58.3,4.79
2026-03-15T12:00:30Z,1335,,20.2,27,4.72,8.1,59.9,4.98
2026-03-15T14:00:47Z,765,,16.3,31.8,4.41,7.9,63.1,5.18
2026-03-15T16:00:34Z,465,,9.5,46.4,4.22,7,68.2,5.28
2026-03-15T18:00:48Z,720,,7.2,66.7,5.24,5.4,88.1,6.15
2026-03-15T20:01:04Z,1200,,5.5,76.1,5.35,3,93.2,5.54
2026-03-15T22:01:35Z,1305,,5,78.2,5.31,2.4,92.7,5.3
2026-03-16T00:02:12Z,1335,,4.6,80.4,5.32,1.9,94.5,5.22
2026-03-16T02:01:46Z,1335,,4.3,80.5,5.22,1.7,94.4,5.14
2026-03-16T04:02:00Z,1275,,3.9,81.3,5.14,1.3,95.8,5.08
2026-03-16T06:02:36Z,1395,,4.1,82.8,5.3,1.3,95.7,5.07
2026-03-16T08:02:02Z,1560,,5.5,76.3,5.36,1.7,91.6,4.99
2026-03-16T10:01:59Z,1725,,7.7,68.8,5.58,2.4,89.8,5.13
2026-03-16T12:01:50Z,1635,,13.2,47.5,5.45,4,83.3,5.3
2026-03-16T14:02:18Z,960,,13,41.2,4.67,3.4,83.9,5.13
2026-03-16T16:02:14Z,465,,5.9,54.7,3.94,1.1,92.7,4.85
2026-03-16T18:01:46Z,450,,3.1,64.1,3.84,0.2,94.1,4.63
2026-03-16T20:01:58Z,465,,2.7,69.7,4.06,0.1,96,4.69
2026-03-16T22:02:32Z,750,,2.6,75.8,4.39,0.3,96.6,4.78
2026-03-17T00:01:58Z,900,,3,78.7,4.68,0.5,97.3,4.88
2026-03-17T02:01:29Z,1170,,3.5,81.4,5.01,0.7,97.5,4.96
2026-03-17T04:00:51Z,1305,,4,82.9,5.27,0.9,98.6,5.09
2026-03-17T06:00:06Z,1560,,4.7,86,5.73,1.2,100,5.27
2026-03-17T07:59:28Z,1785,,6.8,81.8,6.26,2.3,100,5.67
2026-03-17T10:00:10Z,1725,,7.4,79,6.28,3,99.5,5.92
2026-03-17T12:00:33Z,1650,,9.1,72.2,6.4,3.6,99.7,6.17
2026-03-17T14:00:14Z,1380,,9.7,66.7,6.15,4.5,96.8,6.36
2026-03-17T16:00:36Z,1080,,7.8,67.4,5.5,3.7,94.9,5.92
2026-03-17T18:00:16Z,465,,0.8,69.2,3.55,0.9,97.9,5.05
2026-03-17T20:00:03Z,1230,,1.7,91.9,5.01,-0.2,100,4.78
2026-03-17T22:00:40Z,1230,,2.4,84.7,4.84,-0.9,100,4.56
2026-03-18T00:01:22Z,1230,,2.6,85.2,4.93,-0.6,100,4.65
2026-03-18T02:00:42Z,1260,,2.7,85.5,4.98,-0.4,100,4.72
2026-03-18T04:01:15Z,1230,,2.4,84.2,4.81,-0.9,100,4.56
2026-03-18T06:01:41Z,1305,,2.6,86,4.98,-0.6,100,4.65
2026-03-18T08:00:52Z,1635,,4.2,85.2,5.49,0.1,100,4.88
2026-03-18T10:01:36Z,1500,,5.7,77.8,5.54,0.8,100,5.12
2026-03-18T12:01:03Z,1335,,7.2,69.7,5.47,1.4,100,5.34
2026-03-18T14:00:19Z,1275,,7.4,66,5.25,1.5,97.2,5.22
2026-03-18T16:01:08Z,885,,5.3,67.2,4.66,0.7,97.9,4.98
2026-03-18T18:01:55Z,1035,,3.3,80.6,4.89,0.3,100,4.95
2026-03-18T20:01:07Z,1200,,3.2,83.9,5.06,0.2,100,4.92
2026-03-18T22:00:55Z,1290,,3.3,85.9,5.21,0.3,100,4.95
2026-03-19T00:01:36Z,1290,,3.2,86.6,5.22,0.3,100,4.95
2026-03-19T02:00:51Z,1320,,3.5,86.6,5.33,0.7,100,5.09
2026-03-19T04:00:46Z,1365,,3.7,86.2,5.37,0.9,100,5.16
2026-03-19T06:00:33Z,1455,,4,87.3,5.55,1.1,100,5.23
2026-03-19T07:59:59Z,1755,,5.5,86.5,6.08,1.8,100,5.49
2026-03-19T09:59:16Z,1860,,10.2,68.8,6.55,3.4,98.6,6.02
2026-03-19T11:59:03Z,1575,,11.2,63.8,6.46,4.8,96.7,6.49
2026-03-19T13:59:15Z,1500,,11.9,59.8,6.33,5.3,92.9,6.44
2026-03-19T15:59:10Z,720,,8.6,63.3,5.44,4.9,95.9,6.47
2026-03-19T17:58:42Z,450,,3.1,70.7,4.23,2.6,99.1,5.74
2026-03-19T19:58:37Z,465,,1.3,76.7,4.07,1.9,94.8,5.24
2026-03-19T21:58:56Z,450,,0,76.7,3.72,0,96.3,4.67
2026-03-19T23:59:25Z,450,,-0.8,79.2,3.63,-0.3,96.1,4.57
2026-03-20T01:59:35Z,450,,-1.1,80.8,3.63,-0.6,95.6,4.45
2026-03-20T03:59:36Z,450,,-1.1,80.5,3.62,-1,95.3,4.31
2026-03-20T05:59:19Z,930,,1.2,86.6,4.56,1.4,90.1,4.81
2026-03-20T07:59:41Z,3345,,11.5,93.7,9.67,8.7,71.4,6.17
2026-03-20T10:00:17Z,2910,,24.9,27.1,6.2,9.7,55.7,5.13
2026-03-20T12:00:12Z,3060,,27.1,19.5,5.05,8.4,47.6,4.04
2026-03-20T13:59:43Z,780,,22.4,19.1,3.79,8.6,51.8,4.45
2026-03-20T16:00:03Z,465,,11,21.3,2.13,7.7,55.4,4.49
2026-03-20T17:59:59Z,450,,3,25.7,1.53,3.7,68.4,4.26
2026-03-20T19:59:24Z,435,,-1.8,30.8,1.32,0.4,76.6,3.82
2026-03-20T21:59:40Z,435,,-2.2,40.6,1.69,-0.9,82,3.74
2026-03-20T23:59:47Z,435,,-4.5,42.9,1.52,-2.5,86.4,3.52
2026-03-21T02:00:04Z,435,,-4.1,53.1,1.93,-2.8,88.9,3.55
2026-03-21T03:59:20Z,450,,-2.9,64.8,2.57,-1.5,89,3.89
2026-03-21T05:58:33Z,1170,,1.6,85.4,4.62,1.7,85.8,4.67
2026-03-21T07:57:58Z,3315,,14.9,52.5,6.69,8.9,56.3,4.93
2026-03-21T09:58:24Z,1695,,22.3,23.6,4.66,9.3,50.6,4.55
2026-03-21T11:57:34Z,1260,,21.7,22.2,4.23,7.9,54.7,4.49
2026-03-21T13:58:30Z,795,,17,25.8,3.73,7.2,55,4.32
2026-03-21T15:58:13Z,450,,8.6,33.7,2.9,6.3,51.1,3.78
2026-03-21T17:57:36Z,450,,4.6,44.9,2.97,4,60,3.82
2026-03-21T19:57:16Z,795,,5,56.7,3.85,3.3,71.2,4.32
2026-03-21T21:57:37Z,930,,5.1,60.2,4.12,3,75.5,4.49
2026-03-21T23:58:26Z,945,,4.7,65.5,4.36,2.7,81,4.72
2026-03-22T01:57:56Z,1035,,4.5,69.8,4.59,2.4,85.1,4.86
2026-03-22T03:57:40Z,555,,2,74.4,4.14,1.2,91,4.79
2026-03-22T05:56:52Z,1845,,4.2,90.2,5.81,3.1,88.1,5.28
2026-03-22T07:57:16Z,2190,,15.9,43.8,5.93,7.6,66,5.32
2026-03-22T09:57:50Z,1590,,21.8,27.9,5.35,8.9,61.6,5.39
2026-03-22T11:58:14Z,1365,,21.8,26.4,5.06,8.2,63.6,5.33
2026-03-22T13:58:31Z,795,,17.7,29,4.37,8,61.5,5.08
2026-03-22T15:58:56Z,450,,8.3,43.5,3.67,5.7,66.8,4.75
2026-03-22T17:59:31Z,450,,3.6,59.2,3.67,2.8,77.3,4.54
2026-03-22T19:58:47Z,735,,2,71.2,3.96,2,80.2,4.46
2026-03-22T21:59:31Z,870,,2.1,78.3,4.38,1.7,87,4.74
2026-03-22T23:58:45Z,915,,1.8,81.3,4.46,1.3,89.9,4.77
2026-03-23T01:58:47Z,1035,,2,84.1,4.68,1.2,92.1,4.85
2026-03-23T03:59:27Z,915,,1.7,84.5,4.6,0.7,95.3,4.85
2026-03-23T05:58:55Z,1650,,3.9,90,5.69,2.6,91.6,5.3
2026-03-23T07:59:33Z,3015,,13.5,60,7.02,7.1,70.1,5.47
2026-03-23T10:00:14Z,1875,,15.7,40.8,5.46,6.6,68.4,5.16
2026-03-23T11:59:51Z,1530,,19.8,27.5,4.7,7.7,58.7,4.76
2026-03-23T14:00:27Z,615,,14,33.4,4.03,7,62.2,4.82
2026-03-23T15:59:43Z,450,,8,49.3,4.08,4.2,78.2,5.04
2026-03-23T18:00:32Z,660,,4.9,68,4.59,2.5,91.7,5.27
2026-03-23T20:01:00Z,900,,4.2,72.6,4.68,2.2,89.4,5.04
2026-03-23T22:00:42Z,450,,1.1,73.7,3.85,0.5,92.4,4.64
2026-03-24T00:00:30Z,450,,-2,74.4,3.14,-1.3,94.2,4.17
2026-03-24T02:00:43Z,435,,-3.8,74.9,2.78,-2.5,95.6,3.9
2026-03-24T03:59:59Z,435,,-5.9,73,2.33,-3.9,96.7,3.57
2026-03-24T05:59:21Z,930,,-0.5,95.8,4.49,0,94.4,4.58
2026-03-24T08:00:06Z,3360,,11.8,78.5,8.26,6.5,69.9,5.24
2026-03-24T09:59:40Z,2145,,21.4,25.9,4.86,8.4,51.6,4.38
2026-03-24T12:00:12Z,1425,,21.3,22.4,4.17,6.9,56.2,4.33
2026-03-24T13:59:20Z,720,,14.4,28.3,3.5,5.3,59.8,4.15
2026-03-24T15:59:58Z,450,,8.4,38.6,3.27,4.7,59.8,3.98
2026-03-24T17:59:28Z,675,,5.8,49.8,3.57,3.7,67,4.18
2026-03-24T19:59:27Z,1125,,6.1,51.6,3.77,4.2,62.2,4.01
2026-03-24T21:58:39Z,1005,,6.3,60.1,4.45,4.1,76.4,4.89
2026-03-24T23:58:32Z,1065,,6.1,70.7,5.17,3.7,88.3,5.5
2026-03-25T01:58:17Z,1200,,5.8,79.3,5.68,3.8,94.9,5.96
2026-03-25T03:58:09Z,1245,,5.5,83.3,5.85,3.3,98.9,6.0
2026-03-25T05:58:29Z,1470,,5.9,86.3,6.22,3.6,100,6.19
2026-03-25T07:59:01Z,1860,,7.1,89.2,6.96,4.6,100,6.62
2026-03-25T09:59:45Z,1725,,7.3,87.4,6.9,4.7,100,6.66
2026-03-25T12:00:34Z,2025,,10.2,80.4,7.65,6.4,94.5,7.04
2026-03-25T14:00:59Z,1455,,11.7,60.7,6.35,7.2,82.4,6.47
2026-03-25T16:00:17Z,1155,,8.8,66.6,5.8,7.6,78,6.28
2026-03-25T17:59:30Z,1380,,9.1,65.9,5.85,8.2,71.8,6.01
2026-03-25T19:58:52Z,1545,,9,65.7,5.79,8,70.3,5.81
2026-03-25T21:58:21Z,1350,,9.2,64.7,5.78,7.5,75.4,6.03
2026-03-25T23:57:57Z,1395,,7.3,76.3,6.03,6.2,84.4,6.21
2026-03-26T01:57:46Z,1305,,5.9,78.7,5.67,4.8,88.9,5.96
2026-03-26T03:57:00Z,1170,,4.6,82.5,5.46,3.7,92.3,5.75
2026-03-26T05:56:32Z,2115,,6.2,85.9,6.32,4.6,86.1,5.7
2026-03-26T07:56:54Z,2280,,15.5,48.3,6.38,7.1,72.2,5.63
2026-03-26T09:56:11Z,1545,,19.3,31,5.14,7.4,65.5,5.21
2026-03-26T11:56:11Z,1230,,19.4,26.2,4.37,7.8,57.4,4.68
2026-03-26T13:57:13Z,435,,12.2,37.7,4.07,5.9,69.3,5.0
2026-03-26T15:57:20Z,840,,8.1,54.5,4.53,5.2,75,5.16
2026-03-26T17:57:00Z,1035,,6.6,64.4,4.86,4.4,80.9,5.28
2026-03-26T19:56:11Z,1245,,6.2,69.7,5.13,4.3,82.1,5.33
2026-03-26T21:56:04Z,1275,,6,72.1,5.23,3.7,86.7,5.4
2026-03-26T23:56:37Z,1275,,5.7,74.9,5.33,3.3,90.4,5.49
2026-03-27T01:56:41Z,1275,,5.4,77.6,5.41,2.8,93.6,5.49
2026-03-27T03:56:36Z,1275,,5.1,79.8,5.46,2.3,96.3,5.46
2026-03-27T05:56:20Z,1560,,5.8,81.5,5.84,2.5,96.2,5.53
2026-03-27T07:56:30Z,3180,,14,65.8,7.93,7.1,78.5,6.12
2026-03-27T09:56:17Z,1920,,24.3,29.4,6.51,9.8,66.2,6.14
2026-03-27T10:27:52Z,,0,,,,,,
2026-03-27T11:27:52Z,,0,,,,,,
2026-03-27T11:56:51Z,1725,,28.2,22.2,6.11,9.6,64.9,5.94
2026-03-27T12:27:52Z,,0,,,,,,
2026-03-27T13:27:52Z,,0,,,,,,
2026-03-27T13:57:02Z,705,,21.3,20.9,3.9,9.8,50.2,4.66
2026-03-27T14:27:52Z,,0,,,,,,
2026-03-27T15:27:52Z,,0,,,,,,
2026-03-27T15:57:42Z,465,,11.1,30.3,3.05,8,52.6,4.35
2026-03-27T16:27:53Z,,0,,,,,,
2026-03-27T17:27:52Z,,0,,,,,,
2026-03-27T17:57:19Z,450,,4.6,43.2,2.86,4.5,69.2,4.55
2026-03-27T18:27:53Z,,0,,,,,,
2026-03-27T19:27:52Z,,0,,,,,,
2026-03-27T19:58:03Z,450,,1.2,59.8,3.15,1.7,79.7,4.34
2026-03-27T20:27:52Z,,0,,,,,,
2026-03-27T21:27:52Z,,0,,,,,,
2026-03-27T21:57:36Z,435,,-0.5,64.2,3.01,0,83.1,4.03
2026-03-27T22:27:52Z,,0,,,,,,
2026-03-27T23:27:52Z,,0,,,,,,
2026-03-27T23:56:52Z,435,,-4.3,63.7,2.28,-1.8,87.3,3.74
2026-03-28T00:27:52Z,,0,,,,,,
2026-03-28T01:27:52Z,,0,,,,,,
2026-03-28T01:57:35Z,435,,-2.4,73.8,3.03,-1.5,90.9,3.97
2026-03-28T02:27:52Z,,0,,,,,,
2026-03-28T03:27:52Z,,0,,,,,,
2026-03-28T03:56:43Z,435,,-3.9,75.3,2.78,-1.7,92.9,4.0
2026-03-28T04:27:52Z,,0,,,,,,
2026-03-28T05:27:52Z,,0,,,,,,
2026-03-28T05:56:09Z,1500,,1.6,98.6,5.34,0,100,4.85
2026-03-28T06:27:52Z,,6e-05,,,,,,
2026-03-28T07:27:52Z,,0.00013,,,,,,
2026-03-28T07:55:47Z,2370,,6.8,89,6.81,1.8,98.8,5.42
2026-03-28T08:27:52Z,,0.00017,,,,,,
2026-03-28T09:27:52Z,,0.00021,,,,,,
2026-03-28T09:55:55Z,2160,,20.5,33.2,5.91,5.5,75.6,5.31
2026-03-28T10:27:52Z,,0,,,,,,
2026-03-28T11:27:52Z,,0,,,,,,
2026-03-28T11:55:49Z,1125,,16.2,31.2,4.3,3.1,76.2,4.56
2026-03-28T12:27:52Z,,0,,,,,,
2026-03-28T13:27:52Z,,0,,,,,,
2026-03-28T13:55:46Z,855,,15.8,29,3.9,3.2,72.9,4.39
2026-03-28T14:27:52Z,,0,,,,,,
2026-03-28T15:27:52Z,,0,,,,,,
2026-03-28T15:54:53Z,450,,7.5,38.5,3.08,2.1,82.4,4.61
2026-03-28T16:27:52Z,,0,,,,,,
2026-03-28T17:27:52Z,,0,,,,,,
2026-03-28T17:54:59Z,450,,3.1,54.5,3.26,1.5,85.6,4.6
2026-03-28T18:27:52Z,,0,,,,,,
2026-03-28T19:27:52Z,,0,,,,,,
2026-03-28T19:54:31Z,450,,-3.4,53.1,2.03,-1.1,88.8,3.99
2026-03-28T20:27:52Z,,0,,,,,,
2026-03-28T21:27:52Z,,0,,,,,,
2026-03-28T21:54:10Z,435,,-1,77.4,3.5,-0.5,93.4,4.38
2026-03-28T22:27:52Z,,0,,,,,,
2026-03-28T23:27:52Z,,0,,,,,,
2026-03-28T23:54:08Z,450,,-1.8,76.2,3.26,-1.3,94.6,4.19
2026-03-29T00:27:53Z,,0,,,,,,
2026-03-29T01:27:52Z,,0,,,,,,
2026-03-29T01:53:36Z,450,,-4.7,71.2,2.48,-2.4,95.5,3.92
2026-03-29T02:27:52Z,,0,,,,,,
2026-03-29T03:27:52Z,,0,,,,,,
2026-03-29T03:53:07Z,705,,-0.6,85.6,3.98,-1.1,95,4.27
2026-03-29T04:27:52Z,,0,,,,,,
2026-03-29T05:27:52Z,,0,,,,,,
2026-03-29T05:53:15Z,1740,,3.4,91.2,5.57,2,90.6,5.04
2026-03-29T06:27:52Z,,0,,,,,,
2026-03-29T07:27:52Z,,1e-05,,,,,,
2026-03-29T07:52:53Z,3210,,14.8,54.8,6.94,7.4,67,5.33
2026-03-29T08:27:52Z,,0,,,,,,
2026-03-29T09:27:53Z,,0,,,,,,
2026-03-29T09:53:20Z,1230,,21,25.8,4.73,7.4,63.4,5.04
2026-03-29T10:27:52Z,,0,,,,,,
2026-03-29T11:27:52Z,,0,,,,,,
2026-03-29T11:53:28Z,450,,10.2,43.9,4.18,3.9,84.1,5.31
2026-03-29T12:27:52Z,,0,,,,,,
2026-03-29T13:27:52Z,,0,,,,,,
2026-03-29T13:53:45Z,975,,7.7,63.4,5.14,3.5,90.7,5.58
2026-03-29T14:27:53Z,,0,,,,,,
2026-03-29T15:27:52Z,,0,,,,,,
2026-03-29T15:53:08Z,1110,,7.8,65.4,5.34,3.4,91.9,5.61
2026-03-29T16:27:52Z,,0,,,,,,
2026-03-29T17:27:52Z,,0,,,,,,
2026-03-29T17:53:23Z,975,,5.7,72,5.12,2.6,95.4,5.52
2026-03-29T18:27:52Z,,0,,,,,,
2026-03-29T19:27:52Z,,0,,,,,,
2026-03-29T20:27:52Z,,0,,,,,,
2026-03-29T21:27:52Z,,0,,,,,,
2026-03-29T21:53:36Z,1065,,2.9,83,4.9,0.9,96.7,4.99
2026-03-29T22:27:52Z,,0,,,,,,
2026-03-29T23:27:52Z,,0,,,,,,
2026-03-29T23:53:31Z,1140,,3.6,81.2,5.03,0.8,98.3,5.04
2026-03-30T00:27:52Z,,0,,,,,,
2026-03-30T01:27:52Z,,0,,,,,,
2026-03-30T01:52:46Z,1140,,3.6,81.6,5.05,0.6,99.8,5.04
2026-03-30T02:27:52Z,,0,,,,,,
2026-03-30T03:27:52Z,,0,,,,,,
2026-03-30T03:52:54Z,1110,,3.3,81.6,4.95,0.1,100,4.88
2026-03-30T04:27:52Z,,0,,,,,,
2026-03-30T05:27:52Z,,0,,,,,,
2026-03-30T05:52:38Z,1335,,3.5,83.6,5.14,-0.1,100,4.82
2026-03-30T06:27:52Z,,0,,,,,,
2026-03-30T07:27:52Z,,0,,,,,,
2026-03-30T07:51:58Z,1470,,4.7,79.3,5.28,-0.1,100,4.82
2026-03-30T08:27:52Z,,0,,,,,,
2026-03-30T09:27:52Z,,0,,,,,,
2026-03-30T09:52:30Z,1860,,8.8,65.2,5.67,0.6,95.4,4.82
2026-03-30T10:27:52Z,,0,,,,,,
2026-03-30T11:27:52Z,,0,,,,,,
2026-03-30T11:53:23Z,2370,,14.9,47.2,6.01,2.2,85.9,4.84
2026-03-30T12:27:52Z,,0,,,,,,
2026-03-30T13:27:52Z,,0,,,,,,
2026-03-30T13:52:42Z,1230,,18.5,31.1,4.92,2.7,86.4,5.04
2026-03-30T14:27:52Z,,0,,,,,,
2026-03-30T15:27:53Z,,0,,,,,,
2026-03-30T15:53:03Z,465,,10.9,34.6,3.44,2.9,83.9,4.96
2026-03-30T16:27:52Z,,0,,,,,,
2026-03-30T17:27:52Z,,0,,,,,,
2026-03-30T17:53:09Z,450,,2.2,41.8,2.36,0.5,89,4.47
2026-03-30T18:27:52Z,,0,,,,,,
2026-03-30T19:27:52Z,,0,,,,,,
2026-03-30T19:53:38Z,450,,-2.9,49,1.94,-1.9,92.2,3.92
2026-03-30T20:27:52Z,,0,,,,,,
2026-03-30T21:27:52Z,,0,,,,,,
2026-03-30T21:53:01Z,450,,-0.5,61.5,2.88,-1.4,93.5,4.12
2026-03-30T22:27:53Z,,0,,,,,,
2026-03-30T23:27:52Z,,0,,,,,,
2026-03-30T23:53:17Z,450,,1.6,64,3.46,-0.2,94,4.5
2026-03-31T00:27:52Z,,0,,,,,,
2026-03-31T01:27:52Z,,0,,,,,,
2026-03-31T01:54:02Z,450,,1.9,67.6,3.73,0,94.1,4.56
2026-03-31T02:27:52Z,,0,,,,,,
2026-03-31T03:27:52Z,,0,,,,,,
2026-03-31T03:53:28Z,450,,2.3,71.3,4.05,0.2,94.8,4.66
2026-03-31T04:27:52Z,,0,,,,,,
2026-03-31T05:27:52Z,,0,,,,,,
2026-03-31T05:53:23Z,870,,3,76.2,4.53,0.6,95.2,4.81
2026-03-31T06:27:52Z,,0,,,,,,
2026-03-31T07:27:52Z,,0,,,,,,
2026-03-31T07:54:04Z,3330,,16.2,72.9,10.05,9.4,71.1,6.43
2026-03-31T08:27:52Z,,0,,,,,,
2026-03-31T09:27:52Z,,0,,,,,,
2026-03-31T09:53:20Z,2025,,29.5,18.1,5.35,12.1,46.1,4.94
2026-03-31T10:27:52Z,,0,,,,,,
2026-03-31T11:27:52Z,,0,,,,,,
2026-03-31T11:53:07Z,1485,,30.7,15.4,4.85,10.8,50.5,4.99
2026-03-31T12:27:52Z,,0,,,,,,
2026-03-31T13:27:52Z,,0,,,,,,
2026-03-31T13:52:32Z,525,,23,18.1,3.72,10.2,52.3,4.98
2026-03-31T14:27:52Z,,0,,,,,,
2026-03-31T15:27:52Z,,0,,,,,,
2026-03-31T15:52:32Z,525,,15.7,19.3,2.58,9.4,55.4,5.01
2026-03-31T16:27:52Z,,0,,,,,,
2026-03-31T17:27:53Z,,0,,,,,,
2026-03-31T17:52:48Z,450,,6.1,25.2,1.84,6.1,63.5,4.64
2026-03-31T18:27:52Z,,0,,,,,,
2026-03-31T19:27:52Z,,0,,,,,,
2026-03-31T19:53:22Z,450,,2.7,32.6,1.9,3.8,71.3,4.47
2026-03-31T20:27:52Z,,0,,,,,,
2026-03-31T21:27:51Z,,0,,,,,,
2026-03-31T21:53:56Z,450,,0.2,36.5,1.79,1,77.6,4.03
2026-03-31T22:27:52Z,,0,,,,,,
2026-03-31T23:27:52Z,,0,,,,,,
2026-03-31T23:53:48Z,450,,0.3,43.7,2.16,0.6,86.1,4.35
2026-04-01T00:27:52Z,,0,,,,,,
2026-04-01T01:27:52Z,,0,,,,,,
2026-04-01T01:53:40Z,435,,-3.9,44.4,1.64,-1.7,87.4,3.77
2026-04-01T02:27:52Z,,0,,,,,,
2026-04-01T03:27:52Z,,0,,,,,,
2026-04-01T03:53:17Z,435,,-6.3,50.2,1.56,-3.4,90.2,3.45
2026-04-01T04:27:52Z,,0,,,,,,
2026-04-01T05:27:52Z,,0,,,,,,
2026-04-01T05:53:40Z,855,,1.1,77.1,4.03,-0.7,89.9,4.15
2026-04-01T06:27:52Z,,0,,,,,,
2026-04-01T07:27:52Z,,0,,,,,,
2026-04-01T07:52:58Z,1710,,6,74.3,5.39,1.6,89.8,4.86
2026-04-01T08:27:52Z,,0,,,,,,
2026-04-01T09:27:52Z,,0,,,,,,
2026-04-01T09:53:37Z,1815,,9.5,60.1,5.47,2.5,86.2,4.96
2026-04-01T10:27:52Z,,0,,,,,,
2026-04-01T11:27:52Z,,0,,,,,,
2026-04-01T11:53:01Z,2355,,24.2,27.8,6.12,5,78,5.3
2026-04-01T12:27:53Z,,0,,,,,,
2026-04-01T13:27:52Z,,0,,,,,,
2026-04-01T13:52:00Z,570,,18.9,27.6,4.47,5.1,79.1,5.41
2026-04-01T14:27:52Z,,0,,,,,,
2026-04-01T15:27:53Z,,0,,,,,,
2026-04-01T15:51:57Z,510,,11.8,30.8,3.24,4.8,79.9,5.36
2026-04-01T16:27:52Z,,0,,,,,,
2026-04-01T17:27:52Z,,0,,,,,,
2026-04-01T17:51:13Z,450,,3.2,49.3,2.97,1.8,86.5,4.74
2026-04-01T18:27:52Z,,0,,,,,,
2026-04-01T19:27:52Z,,0,,,,,,
2026-04-01T19:50:36Z,420,,0,63.3,3.07,-0.4,90.3,4.26
2026-04-01T20:27:52Z,,0,,,,,,
2026-04-01T21:27:52Z,,0,,,,,,
2026-04-01T21:49:53Z,420,,-1.1,73.9,3.32,-1.4,95.3,4.19
2026-04-01T22:27:52Z,,0,,,,,,
2026-04-01T23:27:51Z,,0,,,,,,
2026-04-01T23:49:26Z,420,,-0.2,79.1,3.78,-1.4,97,4.27
2026-04-02T00:27:52Z,,0,,,,,,
2026-04-02T01:27:52Z,,0,,,,,,
2026-04-02T01:48:46Z,420,,-1,79.8,3.61,-0.7,99.2,4.58
2026-04-02T02:27:52Z,,0,,,,,,
2026-04-02T03:27:52Z,,0,,,,,,
2026-04-02T03:48:12Z,420,,-0.1,85.1,4.1,-0.1,99.3,4.78
2026-04-02T04:27:52Z,,0,,,,,,
2026-04-02T05:27:52Z,,0,,,,,,
2026-04-02T05:48:38Z,1785,,3.5,95.8,5.89,1.6,97,5.25
2026-04-02T06:27:52Z,,7e-05,,,,,,
2026-04-02T07:27:52Z,,0.00015,,,,,,
2026-04-02T07:49:27Z,1905,,6.9,82.8,6.37,2.6,97.2,5.63
2026-04-02T08:27:52Z,,0,,,,,,
2026-04-02T09:27:52Z,,0,,,,,,
2026-04-02T09:48:53Z,1575,,8.9,68.7,6.02,3.6,94.7,5.86
2026-04-02T10:27:52Z,,0,,,,,,
2026-04-02T11:27:52Z,,0,,,,,,
2026-04-02T11:48:43Z,1935,,13.6,55.6,6.54,5.3,88.1,6.11
2026-04-02T12:27:52Z,,0,,,,,,
2026-04-02T13:27:52Z,,0,,,,,,
2026-04-02T13:48:29Z,1005,,10.7,55.2,5.42,4.6,90.5,5.99
2026-04-02T14:27:52Z,,0,,,,,,
2026-04-02T15:27:52Z,,0,,,,,,
2026-04-02T15:48:33Z,975,,9.3,59.8,5.37,4.5,91.2,6.0
2026-04-02T16:27:52Z,,0,,,,,,
2026-04-02T17:27:52Z,,0,,,,,,
2026-04-02T18:27:52Z,,0,,,,,,
2026-04-02T19:27:52Z,,0,,,,,,
2026-04-02T19:47:59Z,1095,,5.8,77.5,5.55,3.2,96.8,5.84
2026-04-02T20:27:52Z,,0,,,,,,
2026-04-02T21:27:52Z,,0,,,,,,
2026-04-02T21:47:39Z,1230,,5.5,80.7,5.67,2.8,99,5.81
2026-04-02T22:27:52Z,,0,,,,,,
2026-04-02T23:27:52Z,,0,,,,,,
2026-04-02T23:48:06Z,1290,,5.5,81.5,5.72,2.9,98.1,5.8
2026-04-03T00:27:52Z,,0,,,,,,
2026-04-03T01:27:52Z,,0,,,,,,
2026-04-03T01:47:50Z,1305,,5.5,82.5,5.79,3,98.7,5.87
2026-04-03T02:27:52Z,,0,,,,,,
2026-04-03T03:27:52Z,,0,,,,,,
2026-04-03T03:48:34Z,1395,,5.6,83,5.87,3.1,98.2,5.88
2026-04-03T04:27:52Z,,0,,,,,,
2026-04-03T05:27:52Z,,0,,,,,,
2026-04-03T05:47:53Z,1755,,6.8,83,6.35,3.5,96.6,5.94
2026-04-03T06:27:52Z,,0,,,,,,
2026-04-03T07:27:52Z,,0,,,,,,
2026-04-03T07:47:15Z,2115,,10.5,70.7,6.85,4.8,92.3,6.19
2026-04-03T08:27:52Z,,0,,,,,,
2026-04-03T09:27:52Z,,0,,,,,,
2026-04-03T09:47:47Z,1605,,14.9,52.9,6.74,6.8,86.5,6.62
2026-04-03T10:27:52Z,,0,,,,,,
2026-04-03T11:27:52Z,,0,,,,,,
2026-04-03T11:47:40Z,1125,,14.7,49.3,6.2,7.6,84.2,6.78
2026-04-03T12:27:53Z,,0,,,,,,
2026-04-03T13:27:52Z,,0,,,,,,
2026-04-03T13:48:10Z,990,,14.2,48.7,5.94,7.5,82.8,6.63
2026-04-03T14:27:52Z,,0,,,,,,
2026-04-03T15:27:52Z,,0,,,,,,
2026-04-03T15:48:12Z,555,,9.8,57.6,5.34,5.9,89.3,6.44
2026-04-03T16:27:52Z,,0,,,,,,
2026-04-03T17:27:52Z,,0,,,,,,
2026-04-03T17:48:02Z,450,,7.3,66.1,5.22,5.1,93.3,6.38
2026-04-03T18:27:52Z,,0,,,,,,
2026-04-03T19:27:52Z,,0,,,,,,
2026-04-03T19:48:28Z,585,,6.2,71.2,5.24,4.6,95,6.29
2026-04-03T20:27:52Z,,0,,,,,,
2026-04-03T21:27:52Z,,0,,,,,,
2026-04-03T21:48:53Z,855,,5.7,76.4,5.44,4.1,95.9,6.14
2026-04-03T22:27:52Z,,0,,,,,,
2026-04-03T23:27:52Z,,0,,,,,,
2026-04-03T23:48:48Z,1065,,5.7,79.7,5.67,3.7,96.9,6.04
2026-04-04T00:27:52Z,,0,,,,,,
2026-04-04T01:27:52Z,,0,,,,,,
2026-04-04T01:48:25Z,1260,,5.8,81.9,5.87,3.5,97.6,6.0
2026-04-04T02:27:52Z,,0,,,,,,
2026-04-04T03:27:52Z,,0,,,,,,
2026-04-04T03:48:16Z,1395,,5.9,83.1,5.99,3.4,97.9,5.98
2026-04-04T04:27:52Z,,0,,,,,,
2026-04-04T05:27:52Z,,0,,,,,,
2026-04-04T05:48:02Z,1560,,6.3,83.7,6.2,3.1,99.4,5.95
2026-04-04T06:27:52Z,,0,,,,,,
2026-04-04T07:27:52Z,,0,,,,,,
2026-04-04T07:47:27Z,1500,,6.6,81,6.11,3.1,100,5.99
2026-04-04T08:27:52Z,,0,,,,,,
2026-04-04T09:27:52Z,,0,,,,,,
2026-04-04T09:46:54Z,1590,,6.7,81.5,6.19,2.8,100,5.87
2026-04-04T10:27:52Z,,0,,,,,,
2026-04-04T11:27:52Z,,0,,,,,,
2026-04-04T11:46:10Z,1395,,6.4,78.8,5.87,2.7,100,5.83
2026-04-04T12:27:52Z,,0,,,,,,
2026-04-04T13:27:52Z,,0,,,,,,
2026-04-04T13:46:08Z,1335,,7.3,73.1,5.77,3.3,95.9,5.82
2026-04-04T14:27:52Z,,0,,,,,,
2026-04-04T15:27:52Z,,0,,,,,,
2026-04-04T15:45:57Z,1200,,6.6,72.9,5.5,3.1,95.3,5.71
2026-04-04T16:27:52Z,,0,,,,,,
2026-04-04T17:27:52Z,,0,,,,,,
2026-04-04T17:45:16Z,1170,,5.1,78.8,5.39,2.2,98.8,5.57
2026-04-04T18:27:52Z,,0,,,,,,
2026-04-04T19:27:52Z,,0,,,,,,
2026-04-04T19:45:09Z,1200,,4.6,82.2,5.44,1.8,99.7,5.47
2026-04-04T20:27:52Z,,0,,,,,,
2026-04-04T21:27:53Z,,0,,,,,,
2026-04-04T21:45:44Z,1305,,4.6,83.6,5.53,1.8,99.8,5.47
2026-04-04T22:27:52Z,,0,,,,,,
2026-04-04T23:27:51Z,,0,,,,,,
2026-04-04T23:45:42Z,1320,,4.7,84,5.6,1.8,100,5.49
2026-04-05T00:27:52Z,,0,,,,,,
2026-04-05T01:27:52Z,,0,,,,,,
2026-04-05T01:45:33Z,1335,,4.4,85.2,5.56,1.6,100,5.41
2026-04-05T02:27:52Z,,0,,,,,,
2026-04-05T03:27:52Z,,0,,,,,,
2026-04-05T03:45:10Z,1335,,4.5,84.3,5.54,1.7,100,5.45
2026-04-05T04:27:52Z,,0,,,,,,
2026-04-05T05:27:52Z,,0,,,,,,
2026-04-05T05:45:45Z,2175,,6.6,90.4,6.82,2.5,100,5.75
2026-04-05T06:27:52Z,,5e-05,,,,,,
2026-04-05T07:27:52Z,,0.0001,,,,,,
2026-04-05T07:45:31Z,1725,,8.7,74.5,6.44,3.7,97.5,6.08
2026-04-05T08:27:52Z,,0,,,,,,
2026-04-05T09:27:52Z,,0,,,,,,
2026-04-05T09:45:26Z,1980,,12.5,59.6,6.55,4.8,90,6.04
2026-04-05T10:27:52Z,,0,,,,,,
2026-04-05T11:27:52Z,,0,,,,,,
2026-04-05T11:44:43Z,1065,,10.4,54.6,5.26,4.2,88.5,5.7
2026-04-05T12:27:52Z,,0,,,,,,
2026-04-05T13:27:52Z,,0,,,,,,
2026-04-05T13:45:16Z,1065,,11.2,49.7,5.04,3.8,86.2,5.41
2026-04-05T14:27:52Z,,0,,,,,,
2026-04-05T15:27:52Z,,0,,,,,,
2026-04-05T15:46:00Z,945,,8.7,55.5,4.8,2.9,88.5,5.23
2026-04-05T16:27:53Z,,0,,,,,,
2026-04-05T17:27:52Z,,0,,,,,,
2026-04-05T17:46:25Z,825,,5.1,73.8,5.05,2.5,97.5,5.61
2026-04-05T18:27:52Z,,0,,,,,,
2026-04-05T19:27:52Z,,0,,,,,,
2026-04-05T20:27:52Z,,0,,,,,,
2026-04-05T21:27:52Z,,0,,,,,,
2026-04-05T21:45:43Z,1275,,5.4,86.3,6.02,3.6,100,6.19
2026-04-05T22:27:52Z,,0,,,,,,
2026-04-05T23:27:52Z,,0,,,,,,
2026-04-05T23:46:05Z,1425,,5.1,84.3,5.77,3.5,93.6,5.76
2026-04-06T00:27:52Z,,0,,,,,,
2026-04-06T01:27:52Z,,0,,,,,,
2026-04-06T01:46:11Z,1395,,4.5,79.6,5.23,2.9,88.2,5.21
2026-04-06T02:27:52Z,,0,,,,,,
2026-04-06T03:27:53Z,,0,,,,,,
2026-04-06T03:47:04Z,1395,,4.4,81.9,5.35,2.4,92.6,5.29
2026-04-06T04:27:52Z,,0,,,,,,
2026-04-06T05:27:52Z,,0,,,,,,
2026-04-06T05:47:04Z,1350,,4.6,84.7,5.61,2,99.4,5.53
2026-04-06T06:27:52Z,,0,,,,,,
2026-04-06T07:27:52Z,,0,,,,,,
2026-04-06T07:46:25Z,1590,,5.2,86.7,5.97,2,100,5.56
2026-04-06T08:27:52Z,,0,,,,,,
2026-04-06T09:27:52Z,,0,,,,,,
2026-04-06T09:46:10Z,1605,,7.2,79,6.2,2.9,100,5.91
2026-04-06T10:27:52Z,,0,,,,,,
2026-04-06T11:27:52Z,,0,,,,,,
2026-04-06T11:45:21Z,1830,,10.8,64.1,6.33,3.7,94.7,5.9
2026-04-06T12:27:52Z,,0,,,,,,
2026-04-06T13:27:52Z,,0,,,,,,
2026-04-06T13:45:18Z,1050,,9.3,62,5.57,4,95.8,6.09
2026-04-06T14:27:52Z,,0,,,,,,
2026-04-06T15:27:52Z,,0,,,,,,
2026-04-06T15:44:32Z,1035,,7.9,69,5.67,4,96.2,6.12
2026-04-06T16:27:52Z,,0,,,,,,
2026-04-06T17:27:52Z,,0,,,,,,
2026-04-06T17:44:27Z,870,,5.1,76,5.2,2.8,98.6,5.79
2026-04-06T18:27:52Z,,0,,,,,,
2026-04-06T19:27:52Z,,0,,,,,,
2026-04-06T19:44:52Z,1035,,4.8,80.6,5.41,2.7,98.8,5.76
2026-04-06T20:27:52Z,,0,,,,,,
2026-04-06T21:27:52Z,,0,,,,,,
2026-04-06T21:45:46Z,1185,,4.8,83.7,5.61,2.5,99.4,5.72
2026-04-06T22:27:52Z,,0,,,,,,
2026-04-06T23:27:52Z,,0,,,,,,
2026-04-06T23:46:10Z,1230,,5,83.5,5.67,2.5,99.8,5.74
2026-04-07T00:27:52Z,,0,,,,,,
2026-04-07T01:27:52Z,,0,,,,,,
2026-04-07T01:45:30Z,1230,,4.7,85,5.66,2.5,100,5.75
2026-04-07T02:27:52Z,,0,,,,,,
2026-04-07T03:27:52Z,,0,,,,,,
2026-04-07T03:45:32Z,1260,,4.7,85,5.66,2.3,100,5.67
2026-04-07T04:27:52Z,,0,,,,,,
2026-04-07T05:27:52Z,,0,,,,,,
2026-04-07T05:46:16Z,1605,,5.8,87,6.23,3.2,98.9,5.96
2026-04-07T06:27:52Z,,1e-05,,,,,,
2026-04-07T07:27:52Z,,1e-05,,,,,,
2026-04-07T07:46:56Z,2175,,8.7,76.4,6.61,4.4,89.4,5.84
2026-04-07T08:27:52Z,,0,,,,,,
2026-04-07T09:27:52Z,,0,,,,,,
2026-04-07T09:47:06Z,1710,,10.6,59.4,5.8,5.1,82.4,5.64
2026-04-07T10:27:52Z,,0,,,,,,
2026-04-07T11:27:52Z,,0,,,,,,
2026-04-07T11:46:28Z,1575,,9.4,66,5.97,5.2,86.5,5.96
2026-04-07T12:27:52Z,,0,,,,,,
2026-04-07T13:27:52Z,,0,,,,,,
2026-04-07T13:46:05Z,1950,,11.4,66.3,6.8,6.5,83.9,6.29
2026-04-07T14:27:52Z,,0,,,,,,
2026-04-07T15:27:52Z,,0,,,,,,
2026-04-07T15:45:53Z,1185,,11.5,55.2,5.7,7.3,77.4,6.11
2026-04-07T16:27:52Z,,0,,,,,,
2026-04-07T17:27:52Z,,0,,,,,,
2026-04-07T17:46:39Z,885,,7.2,60.3,4.73,6.1,74.1,5.41
2026-04-07T18:27:52Z,,0,,,,,,
2026-04-07T19:27:52Z,,0,,,,,,
2026-04-07T19:46:16Z,735,,4.5,67.5,4.44,4.6,77.8,5.15
2026-04-07T20:27:52Z,,0,,,,,,
2026-04-07T21:27:52Z,,0,,,,,,
2026-04-07T21:46:09Z,765,,2.5,70.6,4.06,3,77.3,4.6
2026-04-07T22:27:52Z,,0,,,,,,
2026-04-07T23:27:52Z,,0,,,,,,
2026-04-07T23:46:16Z,1200,,1.7,72.8,3.97,2.2,71.2,4.01
2026-04-08T00:27:52Z,,0,,,,,,
2026-04-08T01:27:52Z,,0,,,,,,
2026-04-08T01:46:07Z,1155,,1.6,71.2,3.85,1.3,73.1,3.88
2026-04-08T02:27:52Z,,0,,,,,,
2026-04-08T03:27:52Z,,0,,,,,,
2026-04-08T03:45:09Z,1140,,1,71.8,3.73,0.3,74.3,3.68
2026-04-08T04:27:52Z,,0,,,,,,
2026-04-08T05:27:52Z,,0,,,,,,
2026-04-08T05:44:43Z,1995,,3.4,74.8,4.57,1.1,72.8,3.81
2026-04-08T06:27:52Z,,0,,,,,,
2026-04-08T07:27:52Z,,0,,,,,,
2026-04-08T07:44:18Z,3315,,14.6,44.9,5.62,5.5,53.7,3.77
2026-04-08T08:27:52Z,,0,,,,,,
2026-04-08T09:27:52Z,,0,,,,,,
2026-04-08T09:45:06Z,3300,,22.2,23,4.52,5.6,46.3,3.27
2026-04-08T10:27:52Z,,0,,,,,,
2026-04-08T11:27:52Z,,0,,,,,,
2026-04-08T11:44:39Z,2925,,23.1,17.6,3.64,5.3,43.1,2.99
2026-04-08T12:27:52Z,,0,,,,,,
2026-04-08T13:27:52Z,,0,,,,,,
2026-04-08T13:44:41Z,1755,,19.7,16.5,2.8,5.8,37.6,2.69
2026-04-08T14:27:52Z,,0,,,,,,
2026-04-08T15:27:52Z,,0,,,,,,
2026-04-08T15:45:25Z,450,,13.6,16.6,1.95,5.1,37.3,2.55
2026-04-08T16:27:52Z,,0,,,,,,
2026-04-08T17:27:52Z,,0,,,,,,
2026-04-08T17:46:06Z,435,,4.2,17.8,1.15,3.2,39.5,2.38
2026-04-08T18:27:52Z,,0,,,,,,
2026-04-08T19:27:52Z,,0,,,,,,
2026-04-08T19:46:08Z,435,,0,20.8,1.01,1,46.1,2.39
2026-04-08T20:27:52Z,,0,,,,,,
2026-04-08T21:27:52Z,,0,,,,,,
2026-04-08T21:46:46Z,420,,-2.9,23,0.91,-1.1,53.6,2.41
2026-04-08T22:27:52Z,,0,,,,,,
2026-04-08T23:27:52Z,,0,,,,,,
2026-04-08T23:46:48Z,420,,-3.6,25.4,0.96,-1.8,59.6,2.55
2026-04-09T00:27:52Z,,0,,,,,,
2026-04-09T01:27:52Z,,0,,,,,,
2026-04-09T01:46:38Z,405,,-4.4,27.9,0.99,-3,66.1,2.6
2026-04-09T02:27:52Z,,0,,,,,,
2026-04-09T03:27:52Z,,0,,,,,,
2026-04-09T03:47:26Z,420,,-4.8,30.6,1.06,-3.8,70.6,2.62
2026-04-09T04:27:52Z,,0,,,,,,
2026-04-09T05:27:53Z,,0,,,,,,
2026-04-09T05:47:58Z,420,,2.1,47.3,2.65,0.6,61,3.08
2026-04-09T06:27:52Z,,0,,,,,,
2026-04-09T07:27:52Z,,0,,,,,,
2026-04-09T07:47:36Z,3345,,16.1,42.2,5.78,5.8,44.1,3.16
2026-04-09T08:27:52Z,,0,,,,,,
2026-04-09T09:27:52Z,,0,,,,,,
2026-04-09T09:48:01Z,3030,,25.4,16.1,3.79,6.3,40.8,3.02
2026-04-09T10:27:52Z,,0,,,,,,
2026-04-09T11:27:51Z,,0,,,,,,
2026-04-09T11:47:17Z,3045,,27.6,11.9,3.17,5.9,35.6,2.57
2026-04-09T12:27:52Z,,0,,,,,,
2026-04-09T13:27:52Z,,0,,,,,,
2026-04-09T13:48:11Z,1275,,22.4,11.2,2.22,6.9,30.9,2.38
2026-04-09T14:27:52Z,,0,,,,,,
2026-04-09T15:27:52Z,,0,,,,,,
2026-04-09T15:48:18Z,465,,14.7,14.2,1.79,4.8,40.4,2.71
2026-04-09T16:27:52Z,,0,,,,,,
2026-04-09T17:27:52Z,,0,,,,,,
2026-04-09T17:47:33Z,435,,4,17.3,1.1,2.7,50.8,2.96
2026-04-09T18:27:52Z,,0,,,,,,
2026-04-09T19:27:52Z,,0,,,,,,
2026-04-09T19:47:56Z,420,,-2.4,18.6,0.76,-0.8,60.4,2.77
2026-04-09T20:27:52Z,,0,,,,,,
2026-04-09T21:27:52Z,,0,,,,,,
2026-04-09T21:48:28Z,405,,-5.1,22,0.75,-2.9,68.4,2.71
2026-04-09T22:27:51Z,,0,,,,,,
2026-04-09T23:27:52Z,,0,,,,,,
2026-04-09T23:48:42Z,390,,-5.9,25.8,0.82,-3.9,72.2,2.66
2026-04-10T00:27:52Z,,0,,,,,,
2026-04-10T01:27:52Z,,0,,,,,,
2026-04-10T01:47:59Z,405,,-5.2,29,0.98,-3.9,72.6,2.68
2026-04-10T02:27:52Z,,0,,,,,,
2026-04-10T03:27:52Z,,0,,,,,,
2026-04-10T03:48:34Z,390,,-5.3,30.4,1.01,-3.8,70.7,2.63
2026-04-10T04:27:52Z,,0,,,,,,
2026-04-10T05:27:52Z,,0,,,,,,
2026-04-10T05:48:16Z,780,,2.3,52.1,2.96,2.7,56.5,3.29
2026-04-10T06:27:52Z,,0,,,,,,
2026-04-10T07:27:52Z,,0,,,,,,
2026-04-10T07:47:43Z,3375,,19.8,33,5.64,10.2,37.6,3.58
2026-04-10T08:27:52Z,,0,,,,,,
2026-04-10T09:27:52Z,,0,,,,,,
2026-04-10T09:47:06Z,3060,,26.3,12.4,3.07,8.8,28.1,2.45
2026-04-10T10:27:52Z,,0,,,,,,
2026-04-10T11:27:51Z,,0,,,,,,
2026-04-10T11:47:37Z,1890,,27.7,10,2.68,7.8,31.1,2.54
2026-04-10T12:27:52Z,,0,,,,,,
2026-04-10T13:27:52Z,,0,,,,,,
2026-04-10T13:47:22Z,1575,,23.8,8.1,1.74,7.5,21.8,1.74
2026-04-10T14:27:52Z,,0,,,,,,
2026-04-10T15:27:52Z,,0,,,,,,
2026-04-10T15:46:55Z,525,,18.3,7.7,1.2,8.2,25,2.09
2026-04-10T16:27:52Z,,0,,,,,,
2026-04-10T17:27:52Z,,0,,,,,,
2026-04-10T17:47:28Z,450,,6.1,8.4,0.61,5.3,33.7,2.34
2026-04-10T18:27:52Z,,0,,,,,,
2026-04-10T19:27:52Z,,0,,,,,,
2026-04-10T19:47:56Z,405,,-1.1,9.4,0.42,2.5,38.2,2.2
2026-04-10T20:27:51Z,,0,,,,,,
2026-04-10T21:27:52Z,,0,,,,,,
2026-04-10T21:47:31Z,420,,-3,10.7,0.42,-0.2,47.2,2.26
2026-04-10T22:27:52Z,,0,,,,,,
2026-04-10T23:27:52Z,,0,,,,,,
2026-04-10T23:46:57Z,405,,-3.8,12.5,0.46,-1.6,51.2,2.22
2026-04-11T00:27:52Z,,0,,,,,,
2026-04-11T01:27:52Z,,0,,,,,,
2026-04-11T01:47:12Z,405,,-3.8,13.3,0.49,-1.5,47.5,2.08
2026-04-11T02:27:52Z,,0,,,,,,
2026-04-11T03:27:52Z,,0,,,,,,
2026-04-11T03:47:50Z,405,,-3.8,15.1,0.56,-1.8,48.6,2.08
2026-04-11T04:27:51Z,,0,,,,,,
2026-04-11T05:27:52Z,,0,,,,,,
2026-04-11T05:48:00Z,480,,6.1,30.4,2.22,4.3,42.2,2.74
2026-04-11T06:27:52Z,,0,,,,,,
2026-04-11T07:27:52Z,,0,,,,,,
2026-04-11T07:47:40Z,3345,,22.2,26.6,5.22,12.3,31.6,3.43
2026-04-11T08:27:52Z,,0,,,,,,
2026-04-11T09:27:52Z,,0,,,,,,
2026-04-11T09:48:27Z,2145,,28.1,10.6,2.9,11,26.5,2.65
2026-04-11T10:27:52Z,,0,,,,,,
2026-04-11T11:27:52Z,,0,,,,,,
2026-04-11T11:48:17Z,2145,,28.9,8.5,2.43,9.6,24.3,2.23
2026-04-11T12:27:52Z,,0,,,,,,
2026-04-11T13:27:52Z,,0,,,,,,
2026-04-11T13:47:31Z,1470,,26,7.8,1.9,9.8,20.9,1.94
2026-04-11T14:27:52Z,,0,,,,,,
2026-04-11T15:27:52Z,,0,,,,,,
2026-04-11T15:47:26Z,480,,17.4,8.6,1.27,8.4,23.4,1.98
2026-04-11T16:27:52Z,,0,,,,,,
2026-04-11T17:27:51Z,,0,,,,,,
2026-04-11T17:47:36Z,450,,6.3,7.9,0.58,5.8,32.3,2.31
2026-04-11T18:27:52Z,,0,,,,,,
2026-04-11T19:27:52Z,,0,,,,,,
2026-04-11T19:46:53Z,435,,-0.4,9.5,0.45,1.2,42.2,2.22
2026-04-11T20:27:57Z,,0,,,,,,
2026-04-11T21:27:52Z,,0,,,,,,
2026-04-11T21:46:19Z,420,,-3.7,10.7,0.4,-1,49.8,2.25
2026-04-11T22:27:52Z,,0,,,,,,
2026-04-11T23:27:53Z,,0,,,,,,
2026-04-11T23:46:33Z,405,,-3.6,13.4,0.51,-1.5,51.8,2.26
2026-04-12T00:27:52Z,,0,,,,,,
2026-04-12T01:27:52Z,,0,,,,,,
2026-04-12T01:46:16Z,405,,-2.4,14,0.57,0.2,46.3,2.28
2026-04-12T02:27:52Z,,0,,,,,,
2026-04-12T03:27:52Z,,0,,,,,,
2026-04-12T03:46:23Z,420,,-2,15.4,0.65,0,48.4,2.35
2026-04-12T04:27:52Z,,0,,,,,,
2026-04-12T05:27:52Z,,0,,,,,,
2026-04-12T05:47:14Z,600,,7.8,31.5,2.57,5.6,43.3,3.06
2026-04-12T06:27:52Z,,0,,,,,,
2026-04-12T07:27:52Z,,0,,,,,,
2026-04-12T07:46:36Z,3270,,23.7,25.8,5.52,13.7,35.6,4.21
2026-04-12T08:27:52Z,,0,,,,,,
2026-04-12T09:27:52Z,,0,,,,,,
2026-04-12T09:45:47Z,1440,,28.5,15.3,4.28,11.3,43.1,4.39
2026-04-12T10:27:52Z,,0,,,,,,
2026-04-12T11:27:52Z,,0,,,,,,
2026-04-12T11:46:19Z,1215,,28.2,15.1,4.15,9.7,48.4,4.46
2026-04-12T12:27:52Z,,0,,,,,,
2026-04-12T13:27:52Z,,0,,,,,,
2026-04-12T13:46:16Z,705,,24.4,16.6,3.69,9.7,48.1,4.43
2026-04-12T14:27:52Z,,0,,,,,,
2026-04-12T15:27:52Z,,0,,,,,,
2026-04-12T15:46:25Z,525,,19.6,18.5,3.12,9.3,45.5,4.09
2026-04-12T16:27:52Z,,0,,,,,,
2026-04-12T17:27:52Z,,0,,,,,,
2026-04-12T17:45:42Z,450,,8.7,24.2,2.09,7.7,48.6,3.94
2026-04-12T18:27:51Z,,0,,,,,,
2026-04-12T19:27:52Z,,0,,,,,,
2026-04-12T19:45:31Z,435,,1.4,27.4,1.46,3.6,58.2,3.6
2026-04-12T20:27:52Z,,0,,,,,,
2026-04-12T21:27:52Z,,0,,,,,,
2026-04-12T21:45:23Z,435,,-1.9,32,1.36,0.8,66.6,3.41
2026-04-12T22:27:52Z,,0,,,,,,
2026-04-12T23:27:52Z,,0,,,,,,
2026-04-12T23:45:23Z,435,,-3.5,36.8,1.4,-1.1,71.9,3.23
2026-04-13T00:27:52Z,,0,,,,,,
2026-04-13T01:27:52Z,,0,,,,,,
2026-04-13T01:45:32Z,420,,-3.8,43.5,1.62,-1.7,75.3,3.25
2026-04-13T02:27:52Z,,0,,,,,,
2026-04-13T03:27:52Z,,0,,,,,,
2026-04-13T03:45:43Z,420,,-3.4,49,1.87,-1.8,77.3,3.31
2026-04-13T04:27:51Z,,0,,,,,,
2026-04-13T05:27:52Z,,0,,,,,,
2026-04-13T05:45:52Z,2355,,6.1,75.3,5.5,6.8,62.3,4.76
2026-04-13T06:27:52Z,,0,,,,,,
2026-04-13T07:27:52Z,,0,,,,,,
2026-04-13T07:45:04Z,2040,,24,26.5,5.77,14.9,41.7,5.31
2026-04-13T08:27:52Z,,0,,,,,,
2026-04-13T09:27:52Z,,0,,,,,,
2026-04-13T09:44:50Z,1305,,27.9,15.4,4.17,12.5,40.1,4.41
2026-04-13T10:27:52Z,,0,,,,,,
2026-04-13T11:27:53Z,,0,,,,,,
2026-04-13T11:45:15Z,810,,29.7,13.8,4.12,11.5,46.9,4.84
2026-04-13T12:27:52Z,,0,,,,,,
2026-04-13T13:27:51Z,,0,,,,,,
2026-04-13T13:45:58Z,525,,19.1,23.9,3.92,10.9,50.7,5.04
2026-04-13T14:27:52Z,,0,,,,,,
2026-04-13T15:27:52Z,,0,,,,,,
2026-04-13T15:46:44Z,510,,16.8,25.2,3.6,10.2,52.4,4.98
2026-04-13T16:27:52Z,,0,,,,,,
2026-04-13T17:27:52Z,,0,,,,,,
2026-04-13T17:46:16Z,495,,8.8,31.3,2.72,8.2,57.8,4.84
2026-04-13T18:27:52Z,,0,,,,,,
2026-04-13T19:27:52Z,,0,,,,,,
2026-04-13T19:45:30Z,420,,2,37,2.06,4.2,67.2,4.33
2026-04-13T20:27:52Z,,0,,,,,,
2026-04-13T21:27:52Z,,0,,,,,,
2026-04-13T21:45:55Z,405,,-0.7,42.4,1.96,1.3,75.4,4.0
2026-04-13T22:27:52Z,,0,,,,,,
2026-04-13T23:27:52Z,,0,,,,,,
2026-04-13T23:45:34Z,420,,-2.2,46.3,1.93,-0.1,78.8,3.8
2026-04-14T00:27:52Z,,0,,,,,,
2026-04-14T01:27:52Z,,0,,,,,,
2026-04-14T01:45:29Z,405,,-3.3,49.1,1.89,-1.1,81.5,3.66
2026-04-14T02:27:52Z,,0,,,,,,
2026-04-14T03:27:52Z,,0,,,,,,
2026-04-14T03:45:43Z,405,,-2.9,55.5,2.2,-1.6,84.2,3.65
2026-04-14T04:27:52Z,,0,,,,,,
2026-04-14T05:27:52Z,,0,,,,,,
2026-04-14T05:45:43Z,2040,,6.2,82.8,6.09,6.9,72.3,5.57
2026-04-14T06:27:52Z,,0,,,,,,
2026-04-14T07:27:52Z,,0,,,,,,
2026-04-14T07:45:00Z,2325,,23.6,34.8,7.4,15.6,48.7,6.47
2026-04-14T08:27:52Z,,0,,,,,,
2026-04-14T09:27:52Z,,0,,,,,,
2026-04-14T09:44:19Z,1440,,32.5,15.3,5.31,14.8,43.5,5.51
2026-04-14T10:27:52Z,,0,,,,,,
2026-04-14T11:27:52Z,,0,,,,,,
2026-04-14T11:44:38Z,1065,,27.9,16.7,4.52,13.3,43.5,5.02
2026-04-14T12:27:52Z,,0,,,,,,
2026-04-14T13:27:52Z,,0,,,,,,
2026-04-14T13:45:27Z,1230,,27.9,16.4,4.44,12.3,43.8,4.75
2026-04-14T14:27:52Z,,0,,,,,,
2026-04-14T15:27:52Z,,0,,,,,,
2026-04-14T15:45:44Z,525,,21.8,17.6,3.38,11.8,43.6,4.59
2026-04-14T16:27:52Z,,0,,,,,,
2026-04-14T17:27:52Z,,0,,,,,,
2026-04-14T17:45:13Z,465,,10.6,21.1,2.06,9.3,50.4,4.53
2026-04-14T18:27:52Z,,0,,,,,,
2026-04-14T19:27:52Z,,0,,,,,,
2026-04-14T19:44:18Z,435,,3,26.5,1.58,5.1,59.8,4.09
2026-04-14T20:27:52Z,,0,,,,,,
2026-04-14T21:27:52Z,,0,,,,,,
2026-04-14T21:44:01Z,435,,-0.4,30.2,1.42,2.3,67,3.8
2026-04-14T22:27:52Z,,0,,,,,,
2026-04-14T23:27:52Z,,0,,,,,,
2026-04-14T23:44:11Z,420,,-2.4,34.6,1.42,0.3,73.3,3.63
2026-04-15T00:27:51Z,,0,,,,,,
2026-04-15T01:27:52Z,,0,,,,,,
2026-04-15T01:44:18Z,420,,-4.2,39.6,1.43,-1.4,76.7,3.38
2026-04-15T02:27:52Z,,0,,,,,,
2026-04-15T03:27:52Z,,0,,,,,,
2026-04-15T03:43:38Z,420,,-2.2,46.6,1.94,-0.4,76.4,3.6
2026-04-15T04:27:52Z,,0,,,,,,
2026-04-15T05:27:52Z,,0,,,,,,
2026-04-15T05:43:18Z,420,,3.2,53.2,3.21,2.5,73.8,4.24
2026-04-15T06:27:52Z,,0,,,,,,
2026-04-15T07:27:52Z,,0,,,,,,
2026-04-15T07:43:27Z,3300,,12.7,77.6,8.63,8.4,60.6,5.14
2026-04-15T08:27:52Z,,0,,,,,,
2026-04-15T09:27:52Z,,0,,,,,,
2026-04-15T09:43:01Z,3285,,31.5,14.2,4.67,16.8,24.7,3.53
2026-04-15T10:27:52Z,,0,,,,,,
2026-04-15T11:27:53Z,,0,,,,,,
2026-04-15T11:43:25Z,2265,,35.1,10.3,4.1,15.7,27.2,3.64
2026-04-15T12:27:52Z,,0,,,,,,
2026-04-15T13:27:53Z,,0,,,,,,
2026-04-15T13:42:36Z,945,,27.4,12.5,3.29,12.5,34,3.74
2026-04-15T14:27:52Z,,0,,,,,,
2026-04-15T15:27:52Z,,0,,,,,,
2026-04-15T15:43:08Z,525,,21.1,18,3.32,11.4,45.8,4.7
2026-04-15T16:27:52Z,,0,,,,,,
2026-04-15T17:27:52Z,,0,,,,,,
2026-04-15T17:43:15Z,525,,11,26.5,2.65,9.4,51.5,4.66
2026-04-15T18:27:52Z,,0,,,,,,
2026-04-15T19:27:52Z,,0,,,,,,
2026-04-15T19:43:39Z,435,,3.7,29.2,1.82,5.6,60,4.24
2026-04-15T20:27:52Z,,0,,,,,,
2026-04-15T21:27:52Z,,0,,,,,,
2026-04-15T21:44:28Z,435,,1.5,33.9,1.82,3.2,67.8,4.09
2026-04-15T22:27:52Z,,0,,,,,,
2026-04-15T23:27:52Z,,0,,,,,,
2026-04-15T23:44:38Z,420,,0.7,37.5,1.91,2,74.8,4.16
2026-04-16T00:27:52Z,,0,,,,,,
2026-04-16T01:27:52Z,,0,,,,,,
2026-04-16T01:44:46Z,435,,0.1,43.9,2.14,1.7,83.1,4.53
2026-04-16T02:27:52Z,,0,,,,,,
2026-04-16T03:27:52Z,,0,,,,,,
2026-04-16T03:45:35Z,435,,2.6,53.1,3.07,2.5,81.1,4.66
2026-04-16T04:27:52Z,,0,,,,,,
2026-04-16T05:27:52Z,,0,,,,,,
2026-04-16T05:45:43Z,915,,6.4,61.9,4.61,4.6,78.1,5.17
2026-04-16T06:27:52Z,,0,,,,,,
2026-04-16T07:27:52Z,,0,,,,,,
2026-04-16T07:45:06Z,945,,8.8,57.7,5.02,5.6,80.1,5.66
2026-04-16T08:27:52Z,,0,,,,,,
2026-04-16T09:27:52Z,,0,,,,,,
2026-04-16T09:45:34Z,1140,,9.5,61.7,5.61,7,78.3,6.07
2026-04-16T10:27:52Z,,0,,,,,,
2026-04-16T11:27:52Z,,0,,,,,,
2026-04-16T11:45:29Z,2205,,15.4,54.6,7.17,10.1,67.6,6.39
2026-04-16T12:27:52Z,,0,,,,,,
2026-04-16T13:27:52Z,,0,,,,,,
2026-04-16T13:44:41Z,930,,18.1,35.9,5.55,11.8,59.9,6.3
2026-04-16T14:27:52Z,,0,,,,,,
2026-04-16T15:27:52Z,,0,,,,,,
2026-04-16T15:44:35Z,450,,12.4,42.8,4.67,10.3,68.8,6.59
2026-04-16T16:27:52Z,,0,,,,,,
2026-04-16T17:27:52Z,,0,,,,,,
2026-04-16T17:44:24Z,450,,10,49.9,4.69,9.1,75.7,6.71
2026-04-16T18:27:52Z,,0,,,,,,
2026-04-16T19:27:52Z,,0,,,,,,
2026-04-16T19:44:22Z,450,,8.8,55.2,4.8,8.9,70.1,6.14
2026-04-16T20:27:52Z,,0,,,,,,
2026-04-16T21:27:52Z,,0,,,,,,
2026-04-16T21:43:51Z,615,,8.4,60.6,5.14,8.5,72.1,6.15
2026-04-16T22:27:52Z,,0,,,,,,
2026-04-16T23:27:52Z,,0,,,,,,
2026-04-16T23:43:32Z,615,,8.7,63.7,5.51,8.2,78.5,6.57
2026-04-17T00:27:52Z,,0,,,,,,
2026-04-17T01:27:52Z,,0,,,,,,
2026-04-17T01:43:04Z,900,,8.1,68.7,5.72,7.3,82.1,6.49
2026-04-17T02:27:52Z,,0,,,,,,
2026-04-17T03:27:51Z,,0,,,,,,
2026-04-17T03:43:06Z,1200,,7.3,71.7,5.66,6.9,78.2,6.02
2026-04-17T04:27:53Z,,0,,,,,,
2026-04-17T05:27:52Z,,0,,,,,,
2026-04-17T05:42:53Z,2955,,11.8,67.5,7.1,10.7,57.5,5.65
2026-04-17T06:27:52Z,,0,,,,,,
2026-04-17T07:27:52Z,,0,,,,,,
2026-04-17T07:43:24Z,2940,,25.1,27.3,6.32,15.8,38.2,5.14
2026-04-17T08:27:53Z,,0,,,,,,
2026-04-17T09:27:52Z,,0,,,,,,
2026-04-17T09:42:52Z,3195,,32.9,15.9,5.64,16.3,31.8,4.41
2026-04-17T10:27:52Z,,0,,,,,,
2026-04-17T11:27:52Z,,0,,,,,,
2026-04-17T11:43:31Z,2175,,34.1,12.4,4.69,14.4,34.2,4.23
2026-04-17T12:27:52Z,,0,,,,,,
2026-04-17T13:27:52Z,,0,,,,,,
2026-04-17T13:42:54Z,1350,,29.3,12.9,3.77,14,32.9,3.97
2026-04-17T14:27:52Z,,0,,,,,,
2026-04-17T15:27:52Z,,0,,,,,,
2026-04-17T15:43:17Z,525,,23.4,14.6,3.07,13.6,34.8,4.09
2026-04-17T16:27:52Z,,0,,,,,,
2026-04-17T17:27:52Z,,0,,,,,,
2026-04-17T17:42:59Z,510,,12.9,16.8,1.89,11.5,41.3,4.26
2026-04-17T18:27:52Z,,0,,,,,,
2026-04-17T19:27:52Z,,0,,,,,,
2026-04-17T19:42:12Z,450,,6,21,1.52,8.4,49.2,4.17
2026-04-17T20:27:52Z,,0,,,,,,
2026-04-17T21:27:52Z,,0,,,,,,
2026-04-17T21:42:19Z,450,,4.3,25.1,1.63,6.3,54.4,4.03
2026-04-17T22:27:51Z,,0,,,,,,
2026-04-17T23:27:52Z,,0,,,,,,
2026-04-17T23:42:21Z,435,,4.2,29.4,1.89,5.9,56.2,4.05
2026-04-18T00:27:52Z,,0,,,,,,
2026-04-18T01:27:52Z,,0,,,,,,
2026-04-18T01:42:32Z,435,,2.3,31.5,1.79,3.5,63.6,3.91
2026-04-18T02:27:52Z,,0,,,,,,
2026-04-18T03:27:52Z,,0,,,,,,
2026-04-18T03:41:43Z,420,,-0.4,36.1,1.7,1.5,69,3.71
2026-04-18T04:27:52Z,,0,,,,,,
2026-04-18T05:27:52Z,,0,,,,,,
2026-04-18T05:42:24Z,3315,,11.3,69.2,7.06,10.4,51.1,4.92
2026-04-18T06:27:51Z,,0,,,,,,
2026-04-18T07:27:52Z,,0,,,,,,
2026-04-18T07:42:05Z,2145,,28,18.1,4.93,18,28.9,4.44
2026-04-18T08:27:52Z,,0,,,,,,
2026-04-18T09:27:52Z,,0,,,,,,
2026-04-18T09:41:45Z,1650,,33.2,11.5,4.14,15.1,32,4.13
2026-04-18T10:27:52Z,,0,,,,,,
2026-04-18T11:27:52Z,,0,,,,,,
2026-04-18T11:42:25Z,1440,,27,15.7,4.04,10.8,42.3,4.18
2026-04-18T12:27:52Z,,0,,,,,,
2026-04-18T13:27:52Z,,0,,,,,,
2026-04-18T13:42:47Z,1140,,26,16.1,3.92,10.2,45,4.28
2026-04-18T14:27:52Z,,0,,,,,,
2026-04-18T15:27:52Z,,0,,,,,,
2026-04-18T15:42:22Z,510,,19.5,19.5,3.27,9.3,48.1,4.32
2026-04-18T16:27:52Z,,0,,,,,,
2026-04-18T17:27:52Z,,0,,,,,,
2026-04-18T17:42:53Z,450,,11.3,26.2,2.67,7.4,54.9,4.37
2026-04-18T18:27:52Z,,0,,,,,,
2026-04-18T19:27:52Z,,0,,,,,,
2026-04-18T19:42:59Z,450,,5.4,29.9,2.09,5.4,58.2,4.06
2026-04-18T20:27:52Z,,0,,,,,,
2026-04-18T21:27:52Z,,0,,,,,,
2026-04-18T21:43:20Z,435,,6.1,35.3,2.58,5.2,57.5,3.96
2026-04-18T22:27:51Z,,0,,,,,,
2026-04-18T23:27:52Z,,0,,,,,,
2026-04-18T23:42:54Z,435,,4.8,34.1,2.29,3.8,58.7,3.68
2026-04-19T00:27:52Z,,0,,,,,,
2026-04-19T01:27:52Z,,0,,,,,,
2026-04-19T01:43:41Z,420,,-0.3,37.6,1.79,0.6,65.3,3.3
2026-04-19T02:27:52Z,,0,,,,,,
2026-04-19T03:27:52Z,,0,,,,,,
2026-04-19T03:43:33Z,420,,-1.9,42.6,1.81,-1,71.7,3.24
2026-04-19T04:27:52Z,,0,,,,,,
2026-04-19T05:27:52Z,,0,,,,,,
2026-04-19T05:43:50Z,3015,,7.3,65.4,5.17,5.9,56,4.04
2026-04-19T06:27:52Z,,0,,,,,,
2026-04-19T07:27:52Z,,0,,,,,,
2026-04-19T07:43:20Z,2730,,21.4,22.7,4.26,9.9,38.6,3.6
2026-04-19T08:27:52Z,,0,,,,,,
2026-04-19T09:27:52Z,,0,,,,,,
2026-04-19T09:42:56Z,2130,,27.6,15,3.99,10,38.7,3.64
2026-04-19T10:27:52Z,,0,,,,,,
2026-04-19T11:27:52Z,,0,,,,,,
2026-04-19T11:42:53Z,1920,,31.9,11.8,3.97,8.1,45.3,3.77
2026-04-19T12:27:52Z,,0,,,,,,
2026-04-19T13:27:52Z,,0,,,,,,
2026-04-19T13:43:43Z,1035,,26.2,13.5,3.32,7.9,45.3,3.72
2026-04-19T14:27:52Z,,0,,,,,,
2026-04-19T15:27:52Z,,0,,,,,,
2026-04-19T15:43:34Z,510,,19.6,15.8,2.67,7.7,44.5,3.61
2026-04-19T16:27:52Z,,0,,,,,,
2026-04-19T17:27:52Z,,0,,,,,,
2026-04-19T17:43:57Z,510,,8.5,19.6,1.67,6.1,49.4,3.61
2026-04-19T18:27:52Z,,0,,,,,,
2026-04-19T19:27:52Z,,0,,,,,,
2026-04-19T19:44:30Z,435,,1.1,23.7,1.24,3.7,50,3.12
2026-04-19T20:27:52Z,,0,,,,,,
2026-04-19T21:27:52Z,,0,,,,,,
2026-04-19T21:44:25Z,435,,-0.1,26.1,1.26,2.4,50.9,2.91
2026-04-19T22:27:52Z,,0,,,,,,
2026-04-19T23:27:52Z,,0,,,,,,
2026-04-19T23:43:35Z,420,,-0.8,28.3,1.3,1.3,53.1,2.82
2026-04-20T00:27:52Z,,0,,,,,,
2026-04-20T01:27:52Z,,0,,,,,,
2026-04-20T01:44:03Z,435,,-1.8,31.1,1.33,-0.3,58.2,2.76
2026-04-20T02:27:52Z,,0,,,,,,
2026-04-20T03:27:52Z,,0,,,,,,
2026-04-20T03:43:35Z,435,,-1.6,31.9,1.38,-0.4,59.9,2.83
2026-04-20T04:27:52Z,,0,,,,,,
2026-04-20T05:27:52Z,,0,,,,,,
2026-04-20T05:44:21Z,3315,,9.7,54.4,5.01,7.7,44.3,3.59
2026-04-20T06:27:52Z,,0,,,,,,
2026-04-20T07:27:52Z,,0,,,,,,
2026-04-20T07:44:32Z,2175,,24.9,15.7,3.59,13.8,27.2,3.24
2026-04-20T08:27:52Z,,0,,,,,,
2026-04-20T09:27:52Z,,0,,,,,,
2026-04-20T09:44:11Z,3000,,32.2,10.9,3.72,13.5,25.9,3.03
2026-04-20T10:27:52Z,,0,,,,,,
2026-04-20T11:27:52Z,,0,,,,,,
2026-04-20T11:44:05Z,2760,,33.1,9.4,3.37,11,28.9,2.89
2026-04-20T12:27:52Z,,0,,,,,,
2026-04-20T13:27:52Z,,0,,,,,,
2026-04-20T13:43:59Z,1140,,28.3,9.9,2.74,11.8,28.3,2.98
2026-04-20T14:27:52Z,,0,,,,,,
2026-04-20T15:27:52Z,,0,,,,,,
2026-04-20T15:43:28Z,510,,22.8,10,2.03,12,27,2.88
2026-04-20T16:27:52Z,,0,,,,,,
2026-04-20T17:27:52Z,,0,,,,,,
2026-04-20T17:44:24Z,510,,12,11.2,1.19,10.3,31.1,2.98
2026-04-20T18:27:52Z,,0,,,,,,
2026-04-20T19:27:52Z,,0,,,,,,
2026-04-20T19:44:40Z,435,,3.8,13,0.82,6.5,38.8,2.91
2026-04-20T20:27:52Z,,0,,,,,,
2026-04-20T21:27:52Z,,0,,,,,,
2026-04-20T21:44:04Z,435,,-0.1,15,0.72,3.1,47.1,2.82
2026-04-20T22:27:51Z,,0,,,,,,
2026-04-20T23:27:52Z,,0,,,,,,
2026-04-20T23:44:15Z,435,,-3.2,17.9,0.69,1,50.7,2.63
2026-04-21T00:27:52Z,,0,,,,,,
2026-04-21T01:27:52Z,,0,,,,,,
2026-04-21T01:44:17Z,435,,-3,21.9,0.86,0.8,54.5,2.79
2026-04-21T02:27:52Z,,0,,,,,,
2026-04-21T03:27:52Z,,0,,,,,,
2026-04-21T03:44:28Z,420,,-1.2,23,1.03,1.6,54.5,2.95
2026-04-21T04:27:53Z,,0,,,,,,
2026-04-21T05:27:52Z,,0,,,,,,
2026-04-21T05:45:03Z,3360,,11.9,45.4,4.81,10.9,35,3.48
2026-04-21T06:27:52Z,,0,,,,,,
2026-04-21T07:27:53Z,,0,,,,,,
2026-04-21T07:45:12Z,2025,,28.1,14.4,3.94,18.7,22.6,3.62
2026-04-21T08:27:52Z,,0,,,,,,
2026-04-21T09:27:52Z,,0,,,,,,
2026-04-21T09:45:41Z,2940,,35,9.9,3.92,16.5,23.2,3.26
2026-04-21T10:27:52Z,,0,,,,,,
2026-04-21T11:27:52Z,,0,,,,,,
2026-04-21T11:46:01Z,2400,,35.5,9.1,3.7,13.3,28.1,3.25
2026-04-21T12:27:52Z,,0,,,,,,
2026-04-21T13:27:52Z,,0,,,,,,
2026-04-21T13:45:42Z,1350,,30.8,9.7,3.07,13.7,27.4,3.24
2026-04-21T14:27:52Z,,0,,,,,,
2026-04-21T15:27:52Z,,0,,,,,,
2026-04-21T15:45:16Z,510,,24.1,11,2.41,14.3,26.1,3.21
2026-04-21T16:27:52Z,,0,,,,,,
2026-04-21T17:27:52Z,,0,,,,,,
2026-04-21T17:45:25Z,510,,13.4,11.4,1.32,12.4,31.1,3.4
2026-04-21T18:27:52Z,,0,,,,,,
2026-04-21T19:27:52Z,,0,,,,,,
2026-04-21T19:45:49Z,435,,4.2,14.1,0.91,7.3,40.5,3.2
2026-04-21T20:27:52Z,,0,,,,,,
2026-04-21T21:27:52Z,,0,,,,,,
2026-04-21T21:45:37Z,420,,2.3,20,1.13,5.8,52.6,3.77
2026-04-21T22:27:52Z,,0,,,,,,
2026-04-21T23:27:52Z,,0,,,,,,
2026-04-21T23:45:57Z,435,,3.7,23.3,1.45,5.8,58.7,4.21
2026-04-22T00:27:51Z,,0,,,,,,
2026-04-22T01:27:52Z,,0,,,,,,
2026-04-22T01:46:24Z,435,,3.5,32.8,2.02,5.2,62.3,4.29
2026-04-22T02:27:52Z,,0,,,,,,
2026-04-22T03:27:52Z,,0,,,,,,
2026-04-22T03:46:30Z,420,,3.4,43.6,2.66,4.8,62.4,4.18
2026-04-22T04:27:52Z,,0,,,,,,
2026-04-22T05:27:52Z,,0,,,,,,
2026-04-22T05:47:18Z,3330,,13.2,54.5,6.26,10.4,47.4,4.57
2026-04-22T06:27:51Z,,0,,,,,,
2026-04-22T07:27:52Z,,0,,,,,,
2026-04-22T07:46:34Z,825,,17.2,26.2,3.84,9.9,47.2,4.41
2026-04-22T08:27:52Z,,0,,,,,,
2026-04-22T09:27:52Z,,0,,,,,,
2026-04-22T09:46:06Z,1395,,19.1,28.1,4.61,9.9,51,4.76
2026-04-22T10:27:51Z,,0,,,,,,
2026-04-22T11:27:52Z,,0,,,,,,
2026-04-22T11:46:09Z,990,,17.7,28.1,4.24,9.7,51.3,4.73
2026-04-22T12:27:52Z,,0,,,,,,
2026-04-22T13:27:52Z,,0,,,,,,
2026-04-22T13:45:56Z,1410,,23,23.4,4.81,10.3,51.7,4.95
2026-04-22T14:27:52Z,,0,,,,,,
2026-04-22T15:27:52Z,,0,,,,,,
2026-04-22T15:45:48Z,450,,16.2,27.3,3.76,10.3,52.1,4.99
2026-04-22T16:27:52Z,,0,,,,,,
2026-04-22T17:27:54Z,,0,,,,,,
2026-04-22T17:46:27Z,465,,10.9,31.1,3.09,9.3,54.6,4.91
2026-04-22T18:27:52Z,,0,,,,,,
2026-04-22T19:27:52Z,,0,,,,,,
2026-04-22T19:47:07Z,630,,7.9,38.7,3.18,8.4,45,3.82
2026-04-22T20:27:52Z,,0,,,,,,
2026-04-22T21:27:52Z,,0,,,,,,
2026-04-22T21:47:07Z,915,,6.7,36.8,2.8,5.7,44.2,3.15
2026-04-22T22:27:52Z,,0,,,,,,
2026-04-22T23:27:52Z,,0,,,,,,
2026-04-22T23:47:25Z,555,,2.8,38.3,2.25,2.5,46.2,2.66
2026-04-23T00:27:52Z,,0,,,,,,
2026-04-23T01:27:53Z,,0,,,,,,
2026-04-23T01:46:55Z,420,,0.1,40.2,1.96,0.6,52,2.63
2026-04-23T02:27:53Z,,0,,,,,,
2026-04-23T03:27:52Z,,0,,,,,,
2026-04-23T03:47:10Z,435,,-0.3,43.9,2.09,0.8,52.8,2.71
2026-04-23T04:27:52Z,,0,,,,,,
2026-04-23T05:27:53Z,,0,,,,,,
2026-04-23T05:46:59Z,3315,,8.6,47.1,4.05,5,38.5,2.62
2026-04-23T06:27:53Z,,0,,,,,,
2026-04-23T07:27:53Z,,0,,,,,,
2026-04-23T07:46:11Z,3000,,18.9,20.6,3.34,7.2,34.4,2.7
2026-04-23T08:27:53Z,,0,,,,,,
2026-04-23T09:27:53Z,,0,,,,,,
2026-04-23T09:46:28Z,2355,,24.2,14.7,3.24,7.9,34.5,2.83
2026-04-23T10:27:52Z,,0,,,,,,
2026-04-23T11:27:52Z,,0,,,,,,
2026-04-23T11:46:29Z,1860,,24.2,13,2.86,7.4,34.4,2.74
2026-04-23T12:27:53Z,,0,,,,,,
2026-04-23T13:27:52Z,,0,,,,,,
2026-04-23T13:45:47Z,1425,,23.6,13.2,2.81,8.3,34.6,2.92
2026-04-23T14:27:53Z,,0,,,,,,
2026-04-23T15:27:53Z,,0,,,,,,
2026-04-23T15:46:28Z,465,,16.7,15.9,2.26,8.6,35.6,3.06
2026-04-23T16:27:52Z,,0,,,,,,
2026-04-23T17:27:52Z,,0,,,,,,
2026-04-23T17:46:08Z,450,,10.5,16.4,1.59,7.7,39.1,3.17
2026-04-23T18:27:52Z,,0,,,,,,
2026-04-23T19:27:52Z,,0,,,,,,
2026-04-23T19:45:57Z,435,,3.2,18.6,1.12,4.2,49.1,3.16
2026-04-23T20:27:52Z,,0,,,,,,
2026-04-23T21:27:52Z,,0,,,,,,
2026-04-23T21:46:11Z,435,,1.5,26.1,1.4,2.3,56.4,3.2
2026-04-23T22:27:52Z,,0,,,,,,
2026-04-23T23:27:52Z,,0,,,,,,
2026-04-23T23:45:51Z,435,,0.8,33.9,1.74,1.4,62.1,3.31
2026-04-24T00:27:52Z,,0,,,,,,
2026-04-24T01:27:52Z,,0,,,,,,
2026-04-24T01:46:39Z,420,,-0.3,36.9,1.75,0.3,67.2,3.33
2026-04-24T02:27:52Z,,0,,,,,,
2026-04-24T03:27:52Z,,0,,,,,,
2026-04-24T03:46:25Z,420,,1.2,48.1,2.53,1.4,70.6,3.77
2026-04-24T04:27:52Z,,0,,,,,,
2026-04-24T05:27:52Z,,0,,,,,,
2026-04-24T05:46:34Z,2340,,7.9,64.3,5.28,5.3,66.2,4.59
2026-04-24T06:27:52Z,,0,,,,,,
2026-04-24T07:27:52Z,,0,,,,,,
2026-04-24T07:46:26Z,3315,,23.5,24.6,5.2,13.3,33.4,3.86
2026-04-24T08:27:52Z,,0,,,,,,
2026-04-24T09:27:52Z,,0,,,,,,
2026-04-24T09:47:12Z,2805,,30.7,13.6,4.29,13.4,31.3,3.64
2026-04-24T10:27:52Z,,0,,,,,,
2026-04-24T11:27:52Z,,0,,,,,,
2026-04-24T11:46:37Z,1305,,25.4,13.4,3.16,10.7,33.8,3.32
2026-04-24T12:27:52Z,,0,,,,,,
2026-04-24T13:27:52Z,,0,,,,,,
2026-04-24T13:46:57Z,1335,,26.3,11.4,2.82,10.6,30.5,2.98
2026-04-24T14:27:52Z,,0,,,,,,
2026-04-24T15:27:53Z,,0,,,,,,
2026-04-24T15:47:33Z,510,,18.9,13.2,2.14,9.8,32.6,3.02
2026-04-24T16:27:52Z,,0,,,,,,
2026-04-24T17:27:52Z,,0,,,,,,
2026-04-24T17:47:05Z,510,,10.2,15.5,1.47,7.9,38.2,3.14
2026-04-24T18:27:52Z,,0,,,,,,
2026-04-24T19:27:52Z,,0,,,,,,
2026-04-24T19:46:25Z,435,,3.2,17.8,1.07,4.7,45.6,3.04
2026-04-24T20:27:52Z,,0,,,,,,
2026-04-24T21:27:52Z,,0,,,,,,
2026-04-24T21:45:26Z,435,,0.1,24,1.17,2,53.5,2.97
2026-04-24T22:27:52Z,,0,,,,,,
2026-04-24T23:27:52Z,,0,,,,,,
2026-04-24T23:45:26Z,435,,3.8,35.5,2.23,3.2,56.6,3.41
2026-04-25T00:27:52Z,,0,,,,,,
2026-04-25T01:27:52Z,,0,,,,,,
2026-04-25T01:44:42Z,435,,4.9,45.6,3.08,4,62,3.94
2026-04-25T02:27:52Z,,0,,,,,,
2026-04-25T03:27:53Z,,0,,,,,,
2026-04-25T03:44:16Z,435,,5.6,55,3.89,4.5,72.3,4.75
2026-04-25T04:27:53Z,,0,,,,,,
2026-04-25T05:27:52Z,,0,,,,,,
2026-04-25T05:44:21Z,1455,,7.1,71.2,5.55,5.1,82.3,5.63
2026-04-25T06:27:52Z,,0,,,,,,
2026-04-25T07:27:52Z,,0,,,,,,
2026-04-25T07:44:38Z,2235,,11.9,65.2,6.9,7.7,75.2,6.1
2026-04-25T08:27:52Z,,0,,,,,,
2026-04-25T09:27:52Z,,0,,,,,,
2026-04-25T09:43:55Z,915,,19,30,4.89,10.3,57.9,5.54
2026-04-25T10:27:53Z,,0,,,,,,
2026-04-25T11:27:52Z,,0,,,,,,
2026-04-25T11:43:15Z,450,,12.4,40.7,4.45,8.3,67.3,5.67
2026-04-25T12:27:52Z,,0,,,,,,
2026-04-25T13:27:52Z,,0,,,,,,
2026-04-25T13:43:40Z,1020,,13.8,44,5.24,7.2,73.9,5.8
2026-04-25T14:27:52Z,,0,,,,,,
2026-04-25T15:27:52Z,,0,,,,,,
2026-04-25T15:43:27Z,1380,,12.8,38.8,4.34,7.5,56.3,4.51
2026-04-25T16:27:53Z,,0,,,,,,
2026-04-25T17:27:52Z,,0,,,,,,
2026-04-25T17:43:16Z,435,,6.7,43.4,3.3,3.2,70.5,4.25
2026-04-25T18:27:53Z,,0,,,,,,
2026-04-25T19:27:52Z,,0,,,,,,
2026-04-25T19:43:18Z,435,,3.4,50.9,3.11,0.6,89.9,4.54
2026-04-25T20:27:53Z,,0,,,,,,
2026-04-25T21:27:52Z,,0,,,,,,
2026-04-25T21:43:57Z,435,,2.7,54.2,3.16,0,89.8,4.36
2026-04-25T22:27:52Z,,0,,,,,,
2026-04-25T23:27:52Z,,0,,,,,,
2026-04-25T23:44:10Z,420,,2.1,56.9,3.19,-0.4,89.5,4.22
2026-04-26T00:27:52Z,,0,,,,,,
2026-04-26T01:27:53Z,,0,,,,,,
2026-04-26T01:44:24Z,420,,1.4,58.7,3.13,-0.4,78.7,3.71
2026-04-26T02:27:52Z,,0,,,,,,
2026-04-26T03:27:52Z,,0,,,,,,
2026-04-26T03:44:43Z,720,,0.7,61.5,3.13,-0.5,71.9,3.37
2026-04-26T04:27:52Z,,0,,,,,,
2026-04-26T05:27:53Z,,0,,,,,,
2026-04-26T05:43:54Z,2070,,3.4,59.7,3.65,1.3,57,3.02
2026-04-26T06:27:53Z,,0,,,,,,
2026-04-26T07:27:52Z,,0,,,,,,
2026-04-26T07:43:40Z,3315,,11.2,41.6,4.22,5.1,36.2,2.48
2026-04-26T08:27:53Z,,0,,,,,,
2026-04-26T09:27:53Z,,0,,,,,,
2026-04-26T09:44:23Z,3015,,17.3,19.6,2.89,5.1,33.8,2.31
2026-04-26T10:27:53Z,,0,,,,,,
2026-04-26T11:27:52Z,,0,,,,,,
2026-04-26T11:45:00Z,1905,,15.5,17.8,2.35,5.3,32.1,2.23
2026-04-26T12:27:52Z,,0,,,,,,
2026-04-26T13:27:52Z,,0,,,,,,
2026-04-26T13:45:17Z,2130,,16.4,17,2.37,6,29.6,2.15
2026-04-26T14:27:52Z,,0,,,,,,
2026-04-26T15:27:53Z,,0,,,,,,
2026-04-26T15:45:21Z,1275,,13.5,18.6,2.17,6.3,31.2,2.31
2026-04-26T16:27:52Z,,0,,,,,,
2026-04-26T17:27:52Z,,0,,,,,,
2026-04-26T17:45:43Z,450,,7.9,20.7,1.7,4.8,37.6,2.52
2026-04-26T18:27:52Z,,0,,,,,,
2026-04-26T19:27:52Z,,0,,,,,,
2026-04-26T19:45:35Z,435,,2.3,22.3,1.27,2.4,45.8,2.62
2026-04-26T20:27:52Z,,0,,,,,,
2026-04-26T21:27:52Z,,0,,,,,,
2026-04-26T21:45:56Z,420,,0,27.1,1.31,0.7,55.3,2.81
2026-04-26T22:27:53Z,,0,,,,,,
2026-04-26T23:27:52Z,,0,,,,,,
2026-04-26T23:45:26Z,435,,0,34.3,1.66,0.3,57.7,2.86
2026-04-27T00:27:53Z,,0,,,,,,
2026-04-27T01:27:52Z,,0,,,,,,
2026-04-27T01:45:12Z,435,,1.1,34.7,1.81,0.3,61.8,3.06
2026-04-27T02:27:52Z,,0,,,,,,
2026-04-27T03:27:53Z,,0,,,,,,
2026-04-27T03:44:24Z,435,,0.2,41.4,2.04,0.5,61.5,3.09
2026-04-27T04:27:52Z,,0,,,,,,
2026-04-27T05:27:52Z,,0,,,,,,
2026-04-27T05:43:45Z,3315,,9.7,45.7,4.21,5,45.5,3.09
2026-04-27T06:27:52Z,,0,,,,,,
2026-04-27T07:27:52Z,,0,,,,,,
2026-04-27T07:44:04Z,3120,,20.9,20.2,3.68,10,30.2,2.84
2026-04-27T08:27:53Z,,0,,,,,,
2026-04-27T09:27:53Z,,0,,,,,,
2026-04-27T09:44:07Z,2865,,23,14.6,3.0,9.2,27.4,2.45
2026-04-27T10:27:52Z,,0,,,,,,
2026-04-27T11:27:53Z,,0,,,,,,
2026-04-27T11:44:44Z,1575,,22.2,14.5,2.85,8.1,34.3,2.85
2026-04-27T12:27:52Z,,0,,,,,,
2026-04-27T13:27:52Z,,0,,,,,,
2026-04-27T13:45:15Z,1440,,20.8,14.1,2.55,7.7,32.4,2.63
2026-04-27T14:27:52Z,,0,,,,,,
2026-04-27T15:27:52Z,,0,,,,,,
2026-04-27T15:44:51Z,450,,14.7,17.5,2.2,6.2,40.7,2.99
2026-04-27T16:27:52Z,,0,,,,,,
2026-04-27T17:27:52Z,,0,,,,,,
2026-04-27T17:44:56Z,450,,7.6,19,1.53,3.9,56.5,3.57
2026-04-27T18:27:52Z,,0,,,,,,
2026-04-27T19:27:53Z,,0,,,,,,
2026-04-27T19:44:46Z,435,,2.5,24.4,1.4,2.1,65,3.64
2026-04-27T20:27:52Z,,0,,,,,,
2026-04-27T21:27:52Z,,0,,,,,,
2026-04-27T21:44:03Z,420,,0.5,28.8,1.45,1.6,57.7,3.12
2026-04-27T22:27:53Z,,0,,,,,,
2026-04-27T23:27:52Z,,0,,,,,,
2026-04-27T23:44:56Z,435,,-0.2,37.2,1.78,0.4,61.5,3.07
2026-04-28T00:27:53Z,,0,,,,,,
2026-04-28T01:27:52Z,,0,,,,,,
2026-04-28T01:45:34Z,435,,-0.8,41,1.88,-0.1,61.5,2.96
2026-04-28T02:27:52Z,,0,,,,,,
2026-04-28T03:27:52Z,,0,,,,,,
2026-04-28T03:44:57Z,420,,0.2,46.8,2.3,1.1,61.7,3.23
2026-04-28T04:27:52Z,,0,,,,,,
2026-04-28T05:27:53Z,,0,,,,,,
2026-04-28T05:44:42Z,3330,,9.8,53.4,4.95,5.4,48.7,3.4
2026-04-28T06:27:52Z,,0,,,,,,
2026-04-28T07:27:53Z,,0,,,,,,
2026-04-28T07:43:54Z,2220,,18.9,19.8,3.21,6.7,37.6,2.86
2026-04-28T08:27:52Z,,0,,,,,,
2026-04-28T09:27:52Z,,0,,,,,,
2026-04-28T09:43:21Z,1560,,18.8,16.6,2.67,5.6,38,2.69
2026-04-28T10:27:52Z,,0,,,,,,
2026-04-28T11:27:52Z,,0,,,,,,
2026-04-28T11:43:26Z,915,,16.2,18,2.48,5.6,39.8,2.81
2026-04-28T12:27:52Z,,0,,,,,,
2026-04-28T13:27:52Z,,0,,,,,,
2026-04-28T13:44:03Z,1350,,16,19,2.59,6,37.1,2.69
2026-04-28T14:27:52Z,,0,,,,,,
2026-04-28T15:27:53Z,,0,,,,,,
2026-04-28T15:43:24Z,435,,12.4,20.4,2.23,5.6,39.6,2.8
2026-04-28T16:27:53Z,,0,,,,,,
2026-04-28T17:27:53Z,,0,,,,,,
2026-04-28T17:42:41Z,450,,8,22.2,1.84,4.6,41,2.71
2026-04-28T18:27:52Z,,0,,,,,,
2026-04-28T19:27:52Z,,0,,,,,,
2026-04-28T19:42:50Z,435,,2.9,23,1.36,2.3,47.5,2.7
2026-04-28T20:27:52Z,,0,,,,,,
2026-04-28T21:27:52Z,,0,,,,,,
2026-04-28T21:43:36Z,435,,0.4,29.3,1.46,0.9,54.2,2.8
2026-04-28T22:27:52Z,,0,,,,,,
2026-04-28T23:27:53Z,,0,,,,,,
2026-04-28T23:43:41Z,435,,3.1,33.2,1.99,1.9,53.4,2.95
2026-04-29T00:27:52Z,,0,,,,,,
2026-04-29T01:27:52Z,,0,,,,,,
2026-04-29T01:43:32Z,435,,3,35.9,2.14,1.6,55,2.98
2026-04-29T02:27:52Z,,0,,,,,,
2026-04-29T03:27:53Z,,0,,,,,,
2026-04-29T03:43:53Z,435,,3.2,40.7,2.45,1.6,55.3,2.99
2026-04-29T04:27:53Z,,0,,,,,,
2026-04-29T05:27:53Z,,0,,,,,,
2026-04-29T05:44:32Z,2970,,8.6,44.5,3.82,4.4,46.4,3.03
2026-04-29T06:27:53Z,,0,,,,,,
2026-04-29T07:27:52Z,,0,,,,,,
2026-04-29T07:44:52Z,3345,,21.3,20.9,3.9,9,31.4,2.77
2026-04-29T08:27:52Z,,0,,,,,,
2026-04-29T09:27:52Z,,0,,,,,,
2026-04-29T09:45:28Z,3015,,29.6,11.4,3.39,9.8,29.6,2.75
2026-04-29T10:27:52Z,,0,,,,,,
2026-04-29T11:27:52Z,,0,,,,,,
2026-04-29T11:44:53Z,2790,,30.5,10.1,3.15,7.7,32.8,2.66
2026-04-29T12:27:53Z,,0,,,,,,
2026-04-29T13:27:52Z,,0,,,,,,
2026-04-29T13:44:42Z,1470,,25.5,10.7,2.53,8.6,30.4,2.61
2026-04-29T14:27:53Z,,0,,,,,,
2026-04-29T15:27:52Z,,0,,,,,,
2026-04-29T15:45:20Z,525,,21.1,10.6,1.95,9.4,28.1,2.54
2026-04-29T16:27:52Z,,0,,,,,,
2026-04-29T17:27:53Z,,0,,,,,,
2026-04-29T17:44:57Z,510,,10.8,11.2,1.11,7.7,32.8,2.66
2026-04-29T18:27:52Z,,0,,,,,,
2026-04-29T19:27:53Z,,0,,,,,,
2026-04-29T19:45:17Z,435,,4,14.6,0.93,4.5,39.8,2.62
2026-04-29T20:27:52Z,,0,,,,,,
2026-04-29T21:27:52Z,,0,,,,,,
2026-04-29T21:46:00Z,435,,0.1,18,0.88,1.6,46.4,2.51
2026-04-29T22:27:52Z,,0,,,,,,
2026-04-29T23:27:52Z,,0,,,,,,
2026-04-29T23:45:16Z,435,,-1,23.7,1.07,0.1,51.9,2.53
2026-04-30T00:27:52Z,,0,,,,,,
2026-04-30T01:27:53Z,,0,,,,,,
2026-04-30T01:45:46Z,435,,2,32.3,1.8,1.2,55,2.9
2026-04-30T02:27:52Z,,0,,,,,,
2026-04-30T03:27:52Z,,0,,,,,,
2026-04-30T03:45:31Z,435,,4.1,41.8,2.68,2.3,58.7,3.33
2026-04-30T04:27:52Z,,0,,,,,,
2026-04-30T05:27:52Z,,0,,,,,,
2026-04-30T05:46:12Z,1470,,7.9,49.2,4.04,4.3,62.4,4.05
2026-04-30T06:27:53Z,,0,,,,,,
2026-04-30T07:27:52Z,,0,,,,,,
2026-04-30T07:45:22Z,1350,,15.7,40.5,5.42,8.5,66.2,5.65
2026-04-30T08:27:52Z,,0,,,,,,
2026-04-30T09:27:53Z,,0,,,,,,
2026-04-30T09:45:42Z,3345,,30.4,28.2,8.75,14.1,53.7,6.51
2026-04-30T10:27:53Z,,0,,,,,,
2026-04-30T11:27:53Z,,0,,,,,,
2026-04-30T11:46:06Z,720,,26.2,22.3,5.49,15,51.2,6.56
2026-04-30T12:27:53Z,,0,,,,,,
2026-04-30T13:27:52Z,,0,,,,,,
2026-04-30T13:46:31Z,840,,30.3,18.3,5.65,16,48.1,6.55
2026-04-30T14:27:52Z,,0,,,,,,
2026-04-30T15:27:53Z,,0,,,,,,
2026-04-30T15:47:25Z,525,,22.3,24.2,4.78,15.7,48.7,6.51
2026-04-30T16:27:53Z,,0,,,,,,
2026-04-30T17:27:52Z,,0,,,,,,
2026-04-30T17:48:11Z,525,,17.6,30.9,4.63,14.1,55.6,6.74
2026-04-30T18:27:53Z,,0,,,,,,
2026-04-30T19:27:52Z,,0,,,,,,
2026-04-30T19:48:43Z,525,,12.8,41.7,4.67,12.4,60,6.55
2026-04-30T20:27:53Z,,0,,,,,,
2026-04-30T21:27:52Z,,0,,,,,,
2026-04-30T21:48:29Z,450,,9.8,48.1,4.46,10.1,66.4,6.28
2026-04-30T22:27:52Z,,0,,,,,,
2026-04-30T23:27:52Z,,0,,,,,,
2026-04-30T23:48:53Z,450,,7.1,53.8,4.2,8.3,72,6.07
2026-05-01T00:27:53Z,,0,,,,,,
2026-05-01T01:27:53Z,,0,,,,,,
2026-05-01T01:48:31Z,450,,5.1,58.4,4.0,6.4,76.1,5.67
2026-05-01T02:27:52Z,,0,,,,,,
2026-05-01T03:27:52Z,,0,,,,,,
2026-05-01T03:49:04Z,450,,5.1,71.2,4.87,7.3,75.5,5.96
2026-05-01T04:27:53Z,,0,,,,,,
2026-05-01T05:27:53Z,,0,,,,,,
2026-05-01T05:49:10Z,3405,,19.3,73.4,12.17,17.5,51.7,7.71
2026-05-01T06:27:53Z,,0,,,,,,
2026-05-01T07:27:53Z,,0,,,,,,
2026-05-01T07:49:47Z,1635,,32.8,20.6,7.27,22.9,35.5,7.26
2026-05-01T08:27:52Z,,0,,,,,,
2026-05-01T09:27:53Z,,0,,,,,,
2026-05-01T09:49:56Z,2190,,40.5,13.8,7.24,22.6,32.8,6.59
2026-05-01T10:27:53Z,,0,,,,,,
2026-05-01T11:27:53Z,,0,,,,,,
2026-05-01T11:49:03Z,2205,,41.6,11.2,6.21,19.6,33.5,5.65
2026-05-01T12:27:53Z,,0,,,,,,
2026-05-01T13:27:52Z,,0,,,,,,
2026-05-01T13:49:06Z,1425,,37.1,11.4,5.03,20.1,30.2,5.25
2026-05-01T14:27:52Z,,0,,,,,,
2026-05-01T15:27:53Z,,0,,,,,,
2026-05-01T15:48:36Z,540,,31.1,12.3,3.96,20.7,28.1,5.06
2026-05-01T16:27:53Z,,0,,,,,,
2026-05-01T17:27:53Z,,0,,,,,,
2026-05-01T17:48:07Z,525,,20.1,21.6,3.75,17.4,39.6,5.87
2026-05-01T18:27:53Z,,0,,,,,,
2026-05-01T19:27:53Z,,0,,,,,,
2026-05-01T19:48:07Z,495,,12,30.9,3.29,13.3,43.2,4.99
2026-05-01T20:27:53Z,,0,,,,,,
2026-05-01T21:27:52Z,,0,,,,,,
2026-05-01T21:48:47Z,435,,7.9,45.9,3.77,8.9,60,5.25
2026-05-01T22:27:52Z,,0,,,,,,
2026-05-01T23:27:52Z,,0,,,,,,
2026-05-01T23:48:06Z,435,,3.6,48.5,3.0,5.8,67.1,4.81
2026-05-02T00:27:52Z,,0,,,,,,
2026-05-02T01:27:52Z,,0,,,,,,
2026-05-02T01:48:04Z,435,,1.9,53.1,2.93,3.6,74.4,4.61
2026-05-02T02:27:52Z,,0,,,,,,
2026-05-02T03:27:53Z,,0,,,,,,
2026-05-02T03:48:20Z,495,,2.7,65.9,3.84,5.1,74.6,5.1
2026-05-02T04:27:52Z,,0,,,,,,
2026-05-02T05:27:52Z,,0,,,,,,
2026-05-02T05:48:10Z,3375,,17.5,75.5,11.25,14.2,55.9,6.82
2026-05-02T06:27:53Z,,0,,,,,,
2026-05-02T07:27:53Z,,0,,,,,,
2026-05-02T07:48:30Z,1605,,33.3,19.6,7.1,23.4,34.1,7.17
2026-05-02T08:27:53Z,,0,,,,,,
2026-05-02T09:27:52Z,,0,,,,,,
2026-05-02T09:49:19Z,1710,,41.9,12.2,6.87,23.7,31.7,6.78
2026-05-02T10:27:53Z,,0,,,,,,
2026-05-02T11:27:52Z,,0,,,,,,
2026-05-02T11:48:35Z,1905,,39,12.7,6.18,20.3,33.8,5.94
2026-05-02T12:27:53Z,,0,,,,,,
2026-05-02T13:27:52Z,,0,,,,,,
2026-05-02T13:48:08Z,1215,,31.2,16.2,5.25,18.9,34.9,5.65
2026-05-02T14:27:52Z,,0,,,,,,
2026-05-02T15:27:52Z,,0,,,,,,
2026-05-02T15:47:33Z,945,,26.7,16.3,4.13,18.3,30.3,4.74
2026-05-02T16:27:52Z,,0,,,,,,
2026-05-02T17:27:53Z,,0,,,,,,
2026-05-02T17:47:53Z,510,,18.1,25.9,4.0,16.1,41,5.62
2026-05-02T18:27:52Z,,0,,,,,,
2026-05-02T19:27:52Z,,0,,,,,,
2026-05-02T19:48:34Z,465,,11.3,39.3,4.01,12.4,53.2,5.81
2026-05-02T20:27:53Z,,0,,,,,,
2026-05-02T21:27:52Z,,0,,,,,,
2026-05-02T21:48:21Z,555,,7.9,59.8,4.91,8.3,70,5.9
2026-05-02T22:27:53Z,,0,,,,,,
2026-05-02T23:27:52Z,,0,,,,,,
2026-05-02T23:49:03Z,930,,6.6,69.1,5.22,6.7,77,5.85
2026-05-03T00:27:53Z,,0,,,,,,
2026-05-03T01:27:53Z,,0,,,,,,
2026-05-03T02:27:53Z,,0,,,,,,
2026-05-03T03:27:52Z,,0,,,,,,
2026-05-03T03:48:59Z,2040,,6.6,85.1,6.42,6.3,79.4,5.88
2026-05-03T04:27:53Z,,0,,,,,,
2026-05-03T05:27:52Z,,0,,,,,,
2026-05-03T05:48:52Z,2490,,16,58.3,7.94,11.6,64.6,6.71
2026-05-03T06:27:53Z,,0,,,,,,
2026-05-03T07:27:52Z,,0,,,,,,
2026-05-03T07:49:06Z,1875,,17.1,54.6,7.94,13,66.3,7.52
2026-05-03T08:27:53Z,,0,,,,,,
2026-05-03T09:27:52Z,,0,,,,,,
2026-05-03T09:49:10Z,3345,,27.6,38.8,10.33,16.7,52.6,7.47
2026-05-03T10:27:53Z,,0,,,,,,
2026-05-03T11:27:53Z,,0,,,,,,
2026-05-03T11:49:47Z,1380,,25.8,28.8,6.94,16.8,51.2,7.32
2026-05-03T12:27:53Z,,0,,,,,,
2026-05-03T13:27:53Z,,0,,,,,,
2026-05-03T13:49:55Z,1695,,33,19.6,6.99,17.5,46.2,6.89
2026-05-03T14:27:53Z,,0,,,,,,
2026-05-03T15:27:53Z,,0,,,,,,
2026-05-03T15:50:17Z,525,,23.7,24.8,5.31,16.5,46.6,6.54
2026-05-03T16:27:52Z,,0,,,,,,
2026-05-03T17:27:52Z,,0,,,,,,
2026-05-03T17:50:54Z,510,,17.2,29.1,4.26,14.7,52.7,6.63
2026-05-03T18:27:53Z,,0,,,,,,
2026-05-03T19:27:53Z,,0,,,,,,
2026-05-03T19:51:18Z,510,,13.5,38.1,4.45,12.7,59.9,6.67
2026-05-03T20:27:52Z,,0,,,,,,
2026-05-03T21:27:52Z,,0,,,,,,
2026-05-03T21:51:36Z,495,,12,46.9,5.0,11.7,62.3,6.51
2026-05-03T22:27:52Z,,0,,,,,,
2026-05-03T23:27:52Z,,0,,,,,,
2026-05-03T23:50:57Z,1155,,11.4,48.2,4.95,10.5,55,5.33
2026-05-04T00:27:53Z,,0,,,,,,
2026-05-04T01:27:53Z,,0,,,,,,
2026-05-04T01:50:17Z,1200,,10.3,44.4,4.25,8.9,51.8,4.54
2026-05-04T02:27:52Z,,0,,,,,,
2026-05-04T03:27:52Z,,0,,,,,,
2026-05-04T03:50:00Z,1305,,7.9,52.8,4.34,8.6,52.8,4.54
2026-05-04T04:27:52Z,,0,,,,,,
2026-05-04T05:27:52Z,,0,,,,,,
2026-05-04T05:49:12Z,2340,,17.5,38.5,5.74,13.1,43.8,5.0
2026-05-04T06:27:52Z,,0,,,,,,
2026-05-04T07:27:52Z,,0,,,,,,
2026-05-04T07:48:43Z,810,,24,21,4.57,16.2,38.6,5.32
2026-05-04T08:27:52Z,,0,,,,,,
2026-05-04T09:27:53Z,,0,,,,,,
2026-05-04T09:48:09Z,450,,16.3,29.8,4.13,12.8,55.1,6.17
2026-05-04T10:27:53Z,,0,,,,,,
2026-05-04T11:27:52Z,,0,,,,,,
2026-05-04T11:48:26Z,465,,14.2,46.9,5.72,10.6,73.3,7.15
2026-05-04T12:27:53Z,,0,,,,,,
2026-05-04T13:27:53Z,,0,,,,,,
2026-05-04T13:47:44Z,1905,,19.4,50.1,8.36,11.7,75,7.84
2026-05-04T14:27:53Z,,0,,,,,,
2026-05-04T15:27:53Z,,0,,,,,,
2026-05-04T15:48:22Z,1125,,18.5,43.5,6.88,11.7,71.4,7.46
2026-05-04T16:27:53Z,,0,,,,,,
2026-05-04T17:27:52Z,,0,,,,,,
2026-05-04T17:48:37Z,885,,13.8,57.1,6.8,10.5,80.5,7.8
2026-05-04T18:27:53Z,,0,,,,,,
2026-05-04T19:27:53Z,,0,,,,,,
2026-05-04T19:47:49Z,1080,,9.8,69.1,6.41,8.6,81.2,6.98
2026-05-04T20:27:53Z,,0,,,,,,
2026-05-04T21:27:53Z,,0,,,,,,
2026-05-04T21:47:14Z,1635,,9,79.7,7.02,7.6,85.8,6.91
2026-05-04T22:27:52Z,,0,,,,,,
2026-05-04T23:27:52Z,,0,,,,,,
2026-05-04T23:46:35Z,1665,,8.6,79.4,6.82,6,92.2,6.69
2026-05-05T00:27:52Z,,0,,,,,,
2026-05-05T01:27:52Z,,0,,,,,,
2026-05-05T01:46:00Z,1725,,8.1,81.6,6.79,6,90.6,6.58
2026-05-05T02:27:53Z,,0,,,,,,
2026-05-05T03:27:53Z,,0,,,,,,
2026-05-05T03:45:12Z,1785,,8,82.8,6.84,5,96.3,6.54
2026-05-05T04:27:53Z,,0,,,,,,
2026-05-05T05:27:53Z,,0,,,,,,
2026-05-05T05:45:36Z,2430,,15.9,56.7,7.68,10.8,66.1,6.53
2026-05-05T06:27:52Z,,0,,,,,,
2026-05-05T07:27:53Z,,0,,,,,,
2026-05-05T07:45:18Z,1830,,26.7,24,6.08,16.3,42,5.82
2026-05-05T08:27:53Z,,0,,,,,,
2026-05-05T09:27:53Z,,0,,,,,,
2026-05-05T09:45:21Z,3030,,30.9,18.5,5.9,15.5,35.7,4.72
2026-05-05T10:27:53Z,,0,,,,,,
2026-05-05T11:27:52Z,,0,,,,,,
2026-05-05T11:46:10Z,2250,,30.5,14.5,4.52,12.1,37.6,4.03
2026-05-05T12:27:53Z,,0,,,,,,
2026-05-05T13:27:53Z,,0,,,,,,
2026-05-05T13:46:30Z,1605,,26.3,15.3,3.79,11.4,36.7,3.77
2026-05-05T14:27:52Z,,0,,,,,,
2026-05-05T15:27:53Z,,0,,,,,,
2026-05-05T15:46:04Z,510,,21.4,14.5,2.72,10.4,35.2,3.39
2026-05-05T16:27:52Z,,0,,,,,,
2026-05-05T17:27:53Z,,0,,,,,,
2026-05-05T17:46:06Z,510,,12.3,17.4,1.89,7.9,40.8,3.35
2026-05-05T18:27:53Z,,0,,,,,,
2026-05-05T19:27:53Z,,0,,,,,,
2026-05-05T19:45:20Z,435,,4.3,24,1.56,4.7,49.6,3.3
2026-05-05T20:27:52Z,,0,,,,,,
2026-05-05T21:27:52Z,,0,,,,,,
2026-05-05T21:46:02Z,420,,0.2,30.6,1.5,1.6,59.2,3.2
2026-05-05T22:27:52Z,,0,,,,,,
2026-05-05T23:27:52Z,,0,,,,,,
2026-05-05T23:46:43Z,420,,-1.6,39.5,1.71,-0.3,66.5,3.16
2026-05-06T00:27:52Z,,0,,,,,,
2026-05-06T01:27:52Z,,0,,,,,,
2026-05-06T01:47:15Z,405,,-3.5,41.7,1.58,-1.8,72.1,3.09
2026-05-06T02:27:52Z,,0,,,,,,
2026-05-06T03:27:52Z,,0,,,,,,
2026-05-06T03:47:16Z,420,,-1.4,59.4,2.61,1.2,70.5,3.71
2026-05-06T04:27:52Z,,0,,,,,,
2026-05-06T05:27:52Z,,0,,,,,,
2026-05-06T05:47:39Z,3345,,13,77.2,8.75,10.8,49.2,4.86
2026-05-06T06:27:52Z,,0,,,,,,
2026-05-06T07:27:52Z,,0,,,,,,
2026-05-06T07:47:32Z,2730,,27.6,17.2,4.58,16.2,28.5,3.93
2026-05-06T08:27:53Z,,0,,,,,,
2026-05-06T09:27:53Z,,0,,,,,,
2026-05-06T09:47:04Z,2835,,30.5,12.3,3.84,13.7,27.4,3.24
2026-05-06T10:27:53Z,,0,,,,,,
2026-05-06T11:27:53Z,,0,,,,,,
2026-05-06T11:47:54Z,1110,,31.2,8.2,2.66,11.9,27.7,2.93
2026-05-06T12:27:52Z,,0,,,,,,
2026-05-06T13:27:53Z,,0,,,,,,
2026-05-06T13:48:42Z,870,,30.8,9.7,3.07,11.2,35.3,3.58
2026-05-06T14:27:53Z,,0,,,,,,
2026-05-06T15:27:53Z,,0,,,,,,
2026-05-06T15:48:08Z,525,,17.1,18.3,2.66,9.9,37.4,3.49
2026-05-06T16:27:52Z,,0,,,,,,
2026-05-06T17:27:53Z,,0,,,,,,
2026-05-06T17:48:33Z,510,,12.2,21.5,2.32,9,40.8,3.6
2026-05-06T18:27:53Z,,0,,,,,,
2026-05-06T19:27:52Z,,0,,,,,,
2026-05-06T19:47:51Z,435,,4,22.6,1.44,5,53.4,3.63
2026-05-06T20:27:53Z,,0,,,,,,
2026-05-06T21:27:53Z,,0,,,,,,
2026-05-06T21:48:34Z,435,,-0.4,27.9,1.32,2.6,54.9,3.18
2026-05-06T22:27:53Z,,0,,,,,,
2026-05-06T23:27:53Z,,0,,,,,,
2026-05-06T23:48:55Z,420,,-0.9,29.6,1.35,1.1,54.1,2.83
2026-05-07T00:27:52Z,,0,,,,,,
2026-05-07T01:27:52Z,,0,,,,,,
2026-05-07T01:48:56Z,420,,-2.3,32.2,1.33,0,54.9,2.66
2026-05-07T02:27:53Z,,0,,,,,,
2026-05-07T03:27:53Z,,0,,,,,,
2026-05-07T03:48:55Z,420,,0.1,37.4,1.83,2.3,51.7,2.93
2026-05-07T04:27:53Z,,0,,,,,,
2026-05-07T05:27:53Z,,0,,,,,,
2026-05-07T05:48:05Z,3330,,14.4,53.6,6.62,10.3,37.9,3.63
2026-05-07T06:27:53Z,,0,,,,,,
2026-05-07T07:27:52Z,,0,,,,,,
2026-05-07T07:47:47Z,2265,,31.8,13.4,4.48,19.4,23.8,3.97
2026-05-07T08:27:53Z,,0,,,,,,
2026-05-07T09:27:53Z,,0,,,,,,
2026-05-07T09:48:05Z,3240,,40,8.3,4.25,18,21.4,3.29
2026-05-07T10:27:52Z,,0,,,,,,
2026-05-07T11:27:53Z,,0,,,,,,
2026-05-07T11:47:58Z,2175,,35.8,7.5,3.1,13,24.9,2.82
2026-05-07T12:27:53Z,,0,,,,,,
2026-05-07T13:27:52Z,,0,,,,,,
2026-05-07T13:47:50Z,1575,,30.2,8.4,2.58,12.2,24.1,2.6
2026-05-07T14:27:53Z,,0,,,,,,
2026-05-07T15:27:53Z,,0,,,,,,
2026-05-07T15:48:13Z,525,,20.7,11.5,2.07,10.9,27.2,2.7
2026-05-07T16:27:52Z,,0,,,,,,
2026-05-07T17:27:52Z,,0,,,,,,
2026-05-07T17:48:53Z,510,,13,14.6,1.66,10,29.7,2.79
2026-05-07T18:27:53Z,,0,,,,,,
2026-05-07T19:27:52Z,,0,,,,,,
2026-05-07T19:49:13Z,435,,4.1,15.1,0.97,5.7,38,2.7
2026-05-07T20:27:53Z,,0,,,,,,
2026-05-07T21:27:53Z,,0,,,,,,
2026-05-07T21:48:44Z,435,,2.8,19.4,1.14,5.3,42.2,2.93
2026-05-07T22:27:52Z,,0,,,,,,
2026-05-07T23:27:52Z,,0,,,,,,
2026-05-07T23:47:54Z,420,,2.1,22.5,1.26,4.3,50,3.24
2026-05-08T00:27:52Z,,0,,,,,,
2026-05-08T01:27:53Z,,0,,,,,,
2026-05-08T01:48:30Z,420,,0.4,24.1,1.2,2.5,56.7,3.26
2026-05-08T02:27:53Z,,0,,,,,,
2026-05-08T03:27:52Z,,0,,,,,,
2026-05-08T03:48:54Z,420,,2.8,32.2,1.89,4.8,54.8,3.68
2026-05-08T04:27:53Z,,0,,,,,,
2026-05-08T05:27:53Z,,0,,,,,,
2026-05-08T05:48:17Z,3315,,15.6,40.8,5.42,11.1,39.8,4.01
2026-05-08T06:27:53Z,,0,,,,,,
2026-05-08T07:27:53Z,,0,,,,,,
2026-05-08T07:48:22Z,2715,,27.5,15.7,4.16,15.4,27.3,3.59
2026-05-08T08:27:53Z,,0,,,,,,
2026-05-08T09:27:53Z,,0,,,,,,
2026-05-08T09:48:37Z,3150,,33.6,10.4,3.83,14.8,23.4,2.96
2026-05-08T10:27:53Z,,0,,,,,,
2026-05-08T11:27:53Z,,0,,,,,,
2026-05-08T11:48:06Z,3015,,35.5,8.1,3.29,13.2,23.2,2.66
2026-05-08T12:27:53Z,,0,,,,,,
2026-05-08T13:27:53Z,,0,,,,,,
2026-05-08T13:47:52Z,1605,,32.2,7.7,2.63,13.7,22.4,2.65
2026-05-08T14:27:53Z,,0,,,,,,
2026-05-08T15:27:53Z,,0,,,,,,
2026-05-08T15:47:57Z,540,,27.1,8.7,2.25,13.5,26.2,3.06
2026-05-08T16:27:52Z,,0,,,,,,
2026-05-08T17:27:53Z,,0,,,,,,
2026-05-08T17:48:09Z,525,,16.2,11.6,1.6,11.7,29.7,3.11
2026-05-08T18:27:53Z,,0,,,,,,
2026-05-08T19:27:53Z,,0,,,,,,
2026-05-08T19:47:24Z,435,,5.8,13.7,0.98,7.3,40.7,3.22
2026-05-08T20:27:53Z,,0,,,,,,
2026-05-08T21:27:53Z,,0,,,,,,
2026-05-08T21:47:05Z,420,,0.5,15.4,0.77,3.5,51.6,3.17
2026-05-08T22:27:52Z,,0,,,,,,
2026-05-08T23:27:52Z,,0,,,,,,
2026-05-08T23:47:07Z,420,,-1.8,19,0.81,1.5,57.7,3.1
2026-05-09T00:27:52Z,,0,,,,,,
2026-05-09T01:27:52Z,,0,,,,,,
2026-05-09T01:47:37Z,420,,-2.7,22.4,0.9,-0.4,66.3,3.13
2026-05-09T02:27:52Z,,0,,,,,,
2026-05-09T03:27:53Z,,0,,,,,,
2026-05-09T03:46:53Z,435,,0,33.6,1.63,2.1,63.7,3.57
2026-05-09T04:27:53Z,,0,,,,,,
2026-05-09T05:27:53Z,,0,,,,,,
2026-05-09T05:47:03Z,3315,,15.2,55.3,7.17,11.6,43.6,4.53
2026-05-09T06:27:52Z,,0,,,,,,
2026-05-09T07:27:53Z,,0,,,,,,
2026-05-09T07:46:33Z,1605,,22.7,16.6,3.35,13.6,28.6,3.36
2026-05-09T08:27:52Z,,0,,,,,,
2026-05-09T09:27:53Z,,0,,,,,,
2026-05-09T09:46:13Z,2340,,30.6,11.3,3.54,14.2,25.4,3.1
2026-05-09T10:27:53Z,,0,,,,,,
2026-05-09T11:27:53Z,,0,,,,,,
2026-05-09T11:46:27Z,1755,,30.3,9.5,2.93,12.7,25.6,2.85
2026-05-09T12:27:52Z,,0,,,,,,
2026-05-09T13:27:53Z,,0,,,,,,
2026-05-09T13:45:55Z,975,,26.1,10,2.45,12.4,25.1,2.74
2026-05-09T14:27:53Z,,0,,,,,,
2026-05-09T15:27:53Z,,0,,,,,,
2026-05-09T15:46:38Z,525,,22.7,12.1,2.44,12.1,27.9,2.99
2026-05-09T16:27:53Z,,0,,,,,,
2026-05-09T17:27:53Z,,0,,,,,,
2026-05-09T17:46:43Z,510,,15.2,15.3,1.99,11.1,30.2,3.04
2026-05-09T18:27:52Z,,0,,,,,,
2026-05-09T19:27:53Z,,0,,,,,,
2026-05-09T19:46:41Z,435,,8.6,18.3,1.57,9.3,31.8,2.86
2026-05-09T20:27:53Z,,0,,,,,,
2026-05-09T21:27:52Z,,0,,,,,,
2026-05-09T21:46:30Z,435,,3.3,19.2,1.17,5.8,38.4,2.75
2026-05-09T22:27:53Z,,0,,,,,,
2026-05-09T23:27:52Z,,0,,,,,,
2026-05-09T23:45:36Z,420,,0,20.7,1.0,2.9,47.3,2.79
2026-05-10T00:27:52Z,,0,,,,,,
2026-05-10T01:27:52Z,,0,,,,,,
2026-05-10T01:45:04Z,420,,-1.2,22.8,1.02,1.4,53.8,2.87
2026-05-10T02:27:53Z,,0,,,,,,
2026-05-10T03:27:52Z,,0,,,,,,
2026-05-10T03:45:50Z,435,,1.1,30.8,1.61,3.8,56.6,3.55
2026-05-10T04:27:52Z,,0,,,,,,
2026-05-10T05:27:52Z,,0,,,,,,
2026-05-10T05:45:18Z,3360,,17.4,51.6,7.64,12.9,46.9,5.28
2026-05-10T06:27:52Z,,0,,,,,,
2026-05-10T07:27:53Z,,0,,,,,,
2026-05-10T07:45:29Z,1875,,30.3,15.9,4.91,16.9,32.5,4.67
2026-05-10T08:27:52Z,,0,,,,,,
2026-05-10T09:27:53Z,,0,,,,,,
2026-05-10T09:45:42Z,2115,,35.9,11.7,4.86,15.8,33,4.44
2026-05-10T10:27:53Z,,0,,,,,,
2026-05-10T11:27:53Z,,0,,,,,,
2026-05-10T11:45:32Z,1455,,32.9,11.8,4.18,13.7,36.6,4.33
2026-05-10T12:27:53Z,,0,,,,,,
2026-05-10T13:27:53Z,,0,,,,,,
2026-05-10T13:45:08Z,645,,25,16.4,3.78,13,39.9,4.52
2026-05-10T14:27:53Z,,0,,,,,,
2026-05-10T15:27:52Z,,0,,,,,,
2026-05-10T15:45:54Z,525,,18.9,22.6,3.66,12.1,45,4.82
2026-05-10T16:27:53Z,,0,,,,,,
2026-05-10T17:27:53Z,,0,,,,,,
2026-05-10T17:46:00Z,525,,14.1,31.5,3.82,11.1,50.3,5.06
2026-05-10T18:27:53Z,,0,,,,,,
2026-05-10T19:27:53Z,,0,,,,,,
2026-05-10T19:45:49Z,510,,11.3,39.5,4.03,9.9,57.7,5.39
2026-05-10T20:27:53Z,,0,,,,,,
2026-05-10T21:27:52Z,,0,,,,,,
2026-05-10T21:45:44Z,555,,10.2,50.4,4.79,9.4,63.6,5.75
2026-05-10T22:27:53Z,,0,,,,,,
2026-05-10T23:27:52Z,,0,,,,,,
2026-05-10T23:46:14Z,720,,9.2,54.3,4.85,8.7,66.2,5.72
2026-05-11T00:27:53Z,,0,,,,,,
2026-05-11T01:27:52Z,,0,,,,,,
2026-05-11T01:46:36Z,915,,8.6,59,5.07,8,69.1,5.71
2026-05-11T02:27:53Z,,0,,,,,,
2026-05-11T03:27:52Z,,0,,,,,,
2026-05-11T03:45:50Z,1740,,7.5,75.5,6.04,8.3,69.8,5.88
2026-05-11T04:27:52Z,,0,,,,,,
2026-05-11T05:27:53Z,,0,,,,,,
2026-05-11T05:46:04Z,1785,,17.6,41.6,6.24,12.2,55.6,6.0
2026-05-11T06:27:52Z,,0,,,,,,
2026-05-11T07:27:52Z,,0,,,,,,
2026-05-11T07:46:16Z,1875,,19,36.1,5.88,11.9,52.3,5.54
2026-05-11T08:27:52Z,,0,,,,,,
2026-05-11T09:27:53Z,,0,,,,,,
2026-05-11T09:46:55Z,1200,,28.2,17.2,4.73,14.6,40.7,5.09
2026-05-11T10:27:53Z,,0,,,,,,
2026-05-11T11:27:53Z,,0,,,,,,
2026-05-11T11:46:55Z,645,,24.2,22.7,5.0,14.1,49.5,6.0
2026-05-11T12:27:53Z,,0,,,,,,
2026-05-11T13:27:52Z,,0,,,,,,
2026-05-11T13:46:38Z,1500,,25.5,23.3,5.52,13.6,47.6,5.6
2026-05-11T14:27:52Z,,0,,,,,,
2026-05-11T15:27:52Z,,0,,,,,,
2026-05-11T15:47:06Z,720,,17.2,35.1,5.14,12,57.1,6.08
2026-05-11T16:27:52Z,,0,,,,,,
2026-05-11T17:27:52Z,,0,,,,,,
2026-05-11T17:47:28Z,510,,14.5,40.4,5.02,11.8,58.2,6.12
2026-05-11T18:27:53Z,,0,,,,,,
2026-05-11T19:27:53Z,,0,,,,,,
2026-05-11T20:27:52Z,,0,,,,,,
2026-05-11T21:27:53Z,,0,,,,,,
2026-05-11T21:47:12Z,450,,10,52.1,4.89,10.2,67.9,6.46
2026-05-11T22:27:52Z,,0,,,,,,
2026-05-11T23:27:53Z,,0,,,,,,
2026-05-11T23:46:26Z,1215,,8.7,71.3,6.16,10.5,68,6.59
2026-05-12T00:27:53Z,,0,,,,,,
2026-05-12T01:27:53Z,,0,,,,,,
2026-05-12T01:46:11Z,1380,,9.3,69.5,6.24,9.6,70.6,6.47
2026-05-12T02:27:53Z,,0,,,,,,
2026-05-12T03:27:53Z,,0,,,,,,
2026-05-12T03:46:18Z,1920,,10,74.2,6.97,9.5,71.1,6.47
2026-05-12T04:27:52Z,,0,,,,,,
2026-05-12T05:27:53Z,,0,,,,,,
2026-05-12T05:46:14Z,1950,,14.1,57.1,6.93,10.6,66.3,6.47
2026-05-12T06:27:53Z,,0,,,,,,
2026-05-12T07:27:53Z,,0,,,,,,
2026-05-12T07:46:49Z,1365,,16.4,45.7,6.38,11.4,64.8,6.65
2026-05-12T08:27:53Z,,0,,,,,,
2026-05-12T09:27:53Z,,0,,,,,,
2026-05-12T09:45:59Z,780,,16.1,46.1,6.32,11.4,72.2,7.41
2026-05-12T10:27:53Z,,0,,,,,,
2026-05-12T11:27:53Z,,0,,,,,,
2026-05-12T11:45:51Z,1425,,15.2,60.8,7.89,11.8,76.7,8.07
2026-05-12T12:27:53Z,,0,,,,,,
2026-05-12T13:27:53Z,,0,,,,,,
2026-05-12T13:45:57Z,1215,,17.7,47.1,7.1,13.4,65.5,7.61
2026-05-12T14:27:53Z,,0,,,,,,
2026-05-12T15:27:53Z,,0,,,,,,
2026-05-12T15:45:53Z,1290,,19.6,43.5,7.34,14.6,61.7,7.72
2026-05-12T16:27:53Z,,0,,,,,,
2026-05-12T17:27:53Z,,0,,,,,,
2026-05-12T17:46:07Z,990,,16.4,48.6,6.78,14.1,62.6,7.59
2026-05-12T18:27:53Z,,0,,,,,,
2026-05-12T19:27:53Z,,0,,,,,,
2026-05-12T19:46:42Z,885,,13.4,57,6.62,12.8,67.6,7.57
2026-05-12T20:27:53Z,,0,,,,,,
2026-05-12T21:27:53Z,,0,,,,,,
2026-05-12T21:46:33Z,885,,11.5,63.6,6.57,11.7,71.2,7.44
2026-05-12T22:27:52Z,,0,,,,,,
2026-05-12T23:27:53Z,,0,,,,,,
2026-05-12T23:45:54Z,1470,,11,74.1,7.41,11.7,72.3,7.56
2026-05-13T00:27:53Z,,0,,,,,,
2026-05-13T01:27:53Z,,0,,,,,,
2026-05-13T01:45:34Z,1575,,11.5,73.6,7.6,11,76,7.6
2026-05-13T02:27:53Z,,0,,,,,,
2026-05-13T03:27:53Z,,0,,,,,,
2026-05-13T03:46:24Z,1740,,11.9,72.2,7.64,9.9,79.4,7.41
2026-05-13T04:27:53Z,,0,,,,,,
2026-05-13T05:27:53Z,,0,,,,,,
2026-05-13T05:45:56Z,2130,,16.5,63.2,8.87,12.1,74.6,8.0
2026-05-13T06:27:53Z,,0,,,,,,
2026-05-13T07:27:53Z,,0,,,,,,
2026-05-13T07:46:28Z,1995,,19.7,57.5,9.76,13.7,76.3,9.03
2026-05-13T08:27:53Z,,0,,,,,,
2026-05-13T09:27:53Z,,0,,,,,,
2026-05-13T09:46:42Z,2220,,25.2,45.6,10.62,15.7,70.6,9.44
2026-05-13T10:27:53Z,,0,,,,,,
2026-05-13T11:27:52Z,,0,,,,,,
2026-05-13T11:47:13Z,1290,,32.2,26.1,8.92,17.5,64,9.54
2026-05-13T12:27:53Z,,0,,,,,,
2026-05-13T13:27:52Z,,0,,,,,,
2026-05-13T13:46:59Z,780,,24.7,33.3,7.54,16.2,64.8,8.93
2026-05-13T14:27:53Z,,0,,,,,,
2026-05-13T15:27:53Z,,0,,,,,,
2026-05-13T15:47:28Z,510,,17.2,52.1,7.63,14.1,77.7,9.43
2026-05-13T16:27:53Z,,0,,,,,,
2026-05-13T17:27:53Z,,0,,,,,,
2026-05-13T17:46:55Z,510,,14.6,58.5,7.32,12.8,84.7,9.48
2026-05-13T18:27:53Z,,0,,,,,,
2026-05-13T19:27:53Z,,0,,,,,,
2026-05-13T19:47:31Z,855,,13.5,75.7,8.85,12.7,91,10.13
2026-05-13T20:27:53Z,,0,,,,,,
2026-05-13T21:27:53Z,,0,,,,,,
2026-05-13T21:48:18Z,1455,,12.3,81.6,8.86,10,96.1,9.03
2026-05-13T22:27:53Z,,0,,,,,,
2026-05-13T23:27:52Z,,0,,,,,,
2026-05-13T23:48:49Z,1545,,9.5,82.5,7.51,6.9,98.2,7.56
2026-05-14T00:27:53Z,,0,,,,,,
2026-05-14T01:27:53Z,,0,,,,,,
2026-05-14T01:49:12Z,1575,,8.7,85.5,7.39,6.5,98.4,7.38
2026-05-14T02:27:53Z,,1e-05,,,,,,
2026-05-14T03:27:53Z,,2e-05,,,,,,
2026-05-14T03:49:54Z,1740,,8.7,85.4,7.38,6.6,94.9,7.16
2026-05-14T04:27:53Z,,3e-05,,,,,,
2026-05-14T05:27:53Z,,3e-05,,,,,,
2026-05-14T05:50:18Z,1725,,10.7,73.1,7.18,7.5,87.2,6.98
2026-05-14T06:27:53Z,,0,,,,,,
2026-05-14T07:27:53Z,,0,,,,,,
2026-05-14T07:51:01Z,1845,,12.7,63.2,7.03,7.9,81.7,6.71
2026-05-14T08:27:52Z,,0,,,,,,
2026-05-14T09:27:53Z,,0,,,,,,
2026-05-14T09:50:55Z,1830,,22.2,33.4,6.56,11,62.9,6.29
2026-05-14T10:27:53Z,,0,,,,,,
2026-05-14T11:27:52Z,,0,,,,,,
2026-05-14T11:50:41Z,1560,,23.8,29.6,6.37,11.6,61.4,6.38
2026-05-14T12:27:53Z,,0,,,,,,
2026-05-14T13:27:53Z,,0,,,,,,
2026-05-14T13:50:20Z,1245,,27.7,22.4,6.0,12.4,58.7,6.41
2026-05-14T14:27:53Z,,0,,,,,,
2026-05-14T15:27:53Z,,0,,,,,,
2026-05-14T15:51:12Z,795,,24.1,25.1,5.49,11.7,61.2,6.4
2026-05-14T16:27:53Z,,0,,,,,,
2026-05-14T17:27:53Z,,0,,,,,,
2026-05-14T17:51:03Z,510,,15.2,35.9,4.66,10.3,67,6.41
2026-05-14T18:27:53Z,,0,,,,,,
2026-05-14T19:27:52Z,,0,,,,,,
2026-05-14T19:50:23Z,450,,8.2,50.5,4.23,8.9,71.8,6.29
2026-05-14T20:27:53Z,,0,,,,,,
2026-05-14T21:27:53Z,,0,,,,,,
2026-05-14T21:50:34Z,450,,6.1,59.4,4.34,7.6,75.7,6.1
2026-05-14T22:27:53Z,,0,,,,,,
2026-05-14T23:27:52Z,,0,,,,,,
2026-05-14T23:50:51Z,435,,4.6,65.1,4.31,6.6,80.1,6.05
2026-05-15T00:27:53Z,,0,,,,,,
2026-05-15T01:27:53Z,,0,,,,,,
2026-05-15T01:51:26Z,435,,4.8,71.5,4.8,6.9,82.4,6.34
2026-05-15T02:27:53Z,,0,,,,,,
2026-05-15T03:27:53Z,,0,,,,,,
2026-05-15T03:51:13Z,1395,,7,84.8,6.57,8.3,80.8,6.81
2026-05-15T04:27:53Z,,0,,,,,,
2026-05-15T05:27:53Z,,0,,,,,,
2026-05-15T05:50:54Z,2340,,19.3,51,8.46,13.7,62.3,7.37
2026-05-15T06:27:53Z,,0,,,,,,
2026-05-15T07:27:53Z,,0,,,,,,
2026-05-15T07:50:43Z,1935,,27.9,27.4,7.42,16.3,50.3,6.98
2026-05-15T08:27:52Z,,0,,,,,,
2026-05-15T09:27:53Z,,0,,,,,,
2026-05-15T09:50:59Z,1875,,31.3,19.2,6.25,15.9,43.9,5.94
2026-05-15T10:27:53Z,,0,,,,,,
2026-05-15T11:27:53Z,,0,,,,,,
2026-05-15T11:50:41Z,1725,,31.6,17,5.62,15.1,42.5,5.48
2026-05-15T12:27:53Z,,0,,,,,,
2026-05-15T13:27:53Z,,0,,,,,,
2026-05-15T13:50:40Z,1080,,29.3,17.7,5.17,16.2,41.8,5.76
2026-05-15T14:27:53Z,,0,,,,,,
2026-05-15T15:27:53Z,,0,,,,,,
2026-05-15T15:51:32Z,525,,27.3,18.8,4.92,17.1,42.6,6.2
2026-05-15T16:27:53Z,,0,,,,,,
2026-05-15T17:27:52Z,,0,,,,,,
2026-05-15T17:51:14Z,510,,19,23.7,3.86,15.3,47.5,6.2
2026-05-15T18:27:53Z,,0,,,,,,
2026-05-15T19:27:53Z,,0,,,,,,
2026-05-15T19:50:35Z,510,,11.8,32,3.37,11.6,59.7,6.2
2026-05-15T20:27:53Z,,0,,,,,,
2026-05-15T21:27:53Z,,0,,,,,,
2026-05-15T21:51:04Z,450,,8.2,40.8,3.42,9.5,65.9,6.0
2026-05-15T22:27:53Z,,0,,,,,,
2026-05-15T23:27:53Z,,0,,,,,,
2026-05-15T23:50:28Z,450,,8.2,49.1,4.11,9.3,68.3,6.14
2026-05-16T00:27:52Z,,0,,,,,,
2026-05-16T01:27:52Z,,0,,,,,,
2026-05-16T01:50:08Z,495,,8.7,53.9,4.66,9,70.7,6.23
2026-05-16T02:27:53Z,,0,,,,,,
2026-05-16T03:27:53Z,,0,,,,,,
2026-05-16T03:50:31Z,780,,9.6,61.6,5.64,9,74.3,6.55
2026-05-16T04:27:53Z,,0,,,,,,
2026-05-16T05:27:53Z,,0,,,,,,
2026-05-16T05:50:06Z,2130,,13.6,66.3,7.8,10.9,70.9,7.05
2026-05-16T06:27:52Z,,0,,,,,,
2026-05-16T07:27:53Z,,0,,,,,,
2026-05-16T07:49:23Z,2145,,17,63.4,9.17,13.4,71.3,8.28
2026-05-16T08:27:53Z,,0,,,,,,
2026-05-16T09:27:53Z,,0,,,,,,
2026-05-16T09:49:01Z,1605,,21.8,40.2,7.71,15.6,58.1,7.72
2026-05-16T10:27:53Z,,0,,,,,,
2026-05-16T11:27:53Z,,0,,,,,,
2026-05-16T11:48:23Z,2775,,39.7,16.2,8.17,17.8,45.6,6.92
2026-05-16T12:27:53Z,,0,,,,,,
2026-05-16T13:27:53Z,,0,,,,,,
2026-05-16T13:48:28Z,1635,,33,16.7,5.95,18.1,38.5,5.95
2026-05-16T14:27:53Z,,0,,,,,,
2026-05-16T15:27:53Z,,0,,,,,,
2026-05-16T15:49:21Z,525,,27.5,15.8,4.18,17.8,35.8,5.43
2026-05-16T16:27:53Z,,0,,,,,,
2026-05-16T17:27:53Z,,0,,,,,,
2026-05-16T17:49:42Z,525,,19.3,26.8,4.44,14.2,49.2,6.01
2026-05-16T18:27:53Z,,0,,,,,,
2026-05-16T19:27:53Z,,0,,,,,,
2026-05-16T19:50:03Z,510,,12.3,36.4,3.95,11.5,57,5.89
2026-05-16T20:27:53Z,,0,,,,,,
2026-05-16T21:27:53Z,,0,,,,,,
2026-05-16T21:49:34Z,510,,9.9,50.9,4.75,10.4,65.6,6.32
2026-05-16T22:27:53Z,,0,,,,,,
2026-05-16T23:27:53Z,,0,,,,,,
2026-05-16T23:50:13Z,615,,8.4,65.7,5.57,8.8,76.2,6.63
2026-05-17T00:27:52Z,,0,,,,,,
2026-05-17T01:27:53Z,,0,,,,,,
2026-05-17T01:50:44Z,1035,,6.8,73.6,5.63,7.1,79.5,6.2
2026-05-17T02:27:52Z,,0,,,,,,
2026-05-17T03:27:53Z,,0,,,,,,
2026-05-17T03:50:04Z,1530,,8.3,80.9,6.82,8.2,81.7,6.84
2026-05-17T04:27:52Z,,0,,,,,,
2026-05-17T05:27:52Z,,0,,,,,,
2026-05-17T05:50:36Z,2175,,14.6,66.1,8.27,11.1,73.6,7.41
2026-05-17T06:27:53Z,,0,,,,,,
2026-05-17T07:27:53Z,,0,,,,,,
2026-05-17T07:50:15Z,2280,,30.6,25.7,8.06,17.4,48.4,7.17
2026-05-17T08:27:53Z,,0,,,,,,
2026-05-17T09:27:53Z,,0,,,,,,
2026-05-17T09:49:49Z,1755,,34.7,18.1,7.06,16.4,49.2,6.86
2026-05-17T10:27:53Z,,0,,,,,,
2026-05-17T11:27:53Z,,0,,,,,,
2026-05-17T11:50:29Z,1950,,34.9,14.8,5.83,15.7,40.9,5.47
2026-05-17T12:27:53Z,,0,,,,,,
2026-05-17T13:27:53Z,,0,,,,,,
2026-05-17T13:50:44Z,1140,,31.7,15.1,5.02,15,42.9,5.5
2026-05-17T14:27:53Z,,0,,,,,,
2026-05-17T15:27:53Z,,0,,,,,,
2026-05-17T15:50:05Z,645,,26.6,18.6,4.68,14.4,45.5,5.62
2026-05-17T16:27:53Z,,0,,,,,,
2026-05-17T17:27:53Z,,0,,,,,,
2026-05-17T17:50:19Z,510,,18.1,25.2,3.89,13.1,48.9,5.58
2026-05-17T18:27:53Z,,0,,,,,,
2026-05-17T19:27:53Z,,0,,,,,,
2026-05-17T19:50:48Z,510,,8.7,35,3.03,9.6,58.4,5.35
2026-05-17T20:27:53Z,,0,,,,,,
2026-05-17T21:27:53Z,,0,,,,,,
2026-05-17T21:51:42Z,495,,3.2,39.2,2.36,6.1,71.4,5.22
2026-05-17T22:27:52Z,,0,,,,,,
2026-05-17T23:27:53Z,,0,,,,,,
2026-05-17T23:51:16Z,435,,1.8,46.6,2.56,4.2,77.2,4.98
2026-05-18T00:27:53Z,,0,,,,,,
2026-05-18T01:27:53Z,,0,,,,,,
2026-05-18T01:51:26Z,420,,-0.4,48,2.26,2.5,82.3,4.73
2026-05-18T02:27:53Z,,0,,,,,,
2026-05-18T03:27:52Z,,0,,,,,,
2026-05-18T03:51:00Z,435,,4.2,71.9,4.63,7.9,77.2,6.34
2026-05-18T04:27:53Z,,0,,,,,,
2026-05-18T05:27:52Z,,0,,,,,,
2026-05-18T05:50:44Z,3330,,17.1,85.4,12.43,15,57.1,7.32
2026-05-18T06:27:52Z,,1e-05,,,,,,
2026-05-18T07:27:53Z,,2e-05,,,,,,
2026-05-18T07:51:33Z,1650,,32.7,20.7,7.26,21.3,38.3,7.14
2026-05-18T08:27:53Z,,0,,,,,,
2026-05-18T09:27:52Z,,0,,,,,,
2026-05-18T09:50:46Z,3165,,44.4,11.7,7.45,22.2,29.7,5.83
2026-05-18T10:27:53Z,,0,,,,,,
2026-05-18T11:27:53Z,,0,,,,,,
2026-05-18T11:50:59Z,2010,,43.1,9.5,5.67,20,30.7,5.3
2026-05-18T12:27:53Z,,0,,,,,,
2026-05-18T13:27:52Z,,0,,,,,,
2026-05-18T13:50:30Z,1095,,37,10.6,4.66,20.3,29.4,5.17
2026-05-18T14:27:53Z,,0,,,,,,
2026-05-18T15:27:53Z,,0,,,,,,
2026-05-18T15:49:52Z,540,,26.8,13.7,3.49,19.4,32.6,5.44
2026-05-18T16:27:53Z,,0,,,,,,
2026-05-18T17:27:53Z,,0,,,,,,
2026-05-18T17:49:30Z,525,,20.8,17,3.08,18,38,5.83
2026-05-18T18:27:53Z,,0,,,,,,
2026-05-18T19:27:53Z,,0,,,,,,
2026-05-18T19:49:18Z,525,,16.4,21.8,3.04,16.1,44.1,6.04
2026-05-18T20:27:52Z,,0,,,,,,
2026-05-18T21:27:53Z,,0,,,,,,
2026-05-18T21:48:27Z,510,,14,28.8,3.47,14.6,55.1,6.89
2026-05-18T22:27:53Z,,0,,,,,,
2026-05-18T23:27:53Z,,0,,,,,,
2026-05-18T23:48:56Z,510,,12.1,40.4,4.33,12,73.1,7.79
2026-05-19T00:27:53Z,,0,,,,,,
2026-05-19T01:27:53Z,,0,,,,,,
2026-05-19T01:49:15Z,510,,11.6,50.1,5.21,11.6,73.3,7.62
2026-05-19T02:27:53Z,,0,,,,,,
2026-05-19T03:27:53Z,,0,,,,,,
2026-05-19T03:49:15Z,495,,12,51.5,5.49,11.5,84.6,8.74
2026-05-19T04:27:53Z,,0,,,,,,
2026-05-19T05:27:53Z,,0,,,,,,
2026-05-19T05:50:03Z,510,,14.1,53,6.43,13.4,81.8,9.51
2026-05-19T06:27:53Z,,0,,,,,,
2026-05-19T07:27:53Z,,0,,,,,,
2026-05-19T07:50:24Z,885,,17.5,62.2,9.27,15.5,79.9,10.56
2026-05-19T08:27:53Z,,0,,,,,,
2026-05-19T09:27:53Z,,0,,,,,,
2026-05-19T09:51:05Z,1815,,23.4,54.3,11.42,17.1,75.7,11.02
2026-05-19T10:27:53Z,,0,,,,,,
2026-05-19T11:27:53Z,,0,,,,,,
2026-05-19T11:50:23Z,1725,,30.4,37.5,11.63,20.1,66.5,11.56
2026-05-19T12:27:53Z,,0,,,,,,
2026-05-19T13:27:53Z,,0,,,,,,
2026-05-19T13:49:43Z,1350,,39.6,21.1,10.58,22,57.4,11.14
2026-05-19T14:27:53Z,,0,,,,,,
2026-05-19T15:27:53Z,,0,,,,,,
2026-05-19T15:49:08Z,540,,28.7,30.1,8.51,22.1,55.8,10.89
2026-05-19T16:27:53Z,,0,,,,,,
2026-05-19T17:27:53Z,,0,,,,,,
2026-05-19T17:49:47Z,525,,24.4,37.1,8.26,20.7,61.1,11.0
2026-05-19T18:27:53Z,,0,,,,,,
2026-05-19T19:27:53Z,,0,,,,,,
2026-05-19T19:50:06Z,525,,17.7,52.2,7.87,17.9,68.4,10.44
2026-05-19T20:27:52Z,,0,,,,,,
2026-05-19T21:27:53Z,,0,,,,,,
2026-05-19T21:49:44Z,525,,13.6,68.2,8.02,15.3,78.6,10.26
2026-05-19T22:27:53Z,,0,,,,,,
2026-05-19T23:27:53Z,,0,,,,,,
2026-05-19T23:49:13Z,1245,,12.9,84.5,9.52,13.3,87.4,10.09
2026-05-20T00:27:53Z,,0,,,,,,
2026-05-20T01:27:53Z,,0,,,,,,
2026-05-20T01:48:44Z,1575,,12.6,85.9,9.5,11.8,90,9.47
2026-05-20T02:27:53Z,,2e-05,,,,,,
2026-05-20T03:27:53Z,,4e-05,,,,,,
2026-05-20T03:48:55Z,1905,,13.2,83.5,9.58,11.4,87.6,8.99
2026-05-20T04:27:53Z,,0,,,,,,
2026-05-20T05:27:53Z,,0,,,,,,
2026-05-20T05:49:06Z,1740,,15.2,74,9.6,11.3,91.3,9.31
2026-05-20T06:27:53Z,,0,,,,,,
2026-05-20T07:27:53Z,,0,,,,,,
2026-05-20T07:48:51Z,1950,,21.6,54.5,10.34,13.8,80.8,9.62
2026-05-20T08:27:53Z,,0,,,,,,
2026-05-20T09:27:53Z,,0,,,,,,
2026-05-20T09:48:59Z,1125,,28.2,35.3,9.71,17.7,70.6,10.65
2026-05-20T10:27:53Z,,0,,,,,,
2026-05-20T11:27:53Z,,0,,,,,,
2026-05-20T11:48:43Z,945,,26.8,34.6,8.81,16.8,70.1,10.02
2026-05-20T12:27:53Z,,0,,,,,,
2026-05-20T13:27:53Z,,0,,,,,,
2026-05-20T13:48:37Z,1005,,24.5,38.6,8.64,16.4,69.4,9.68
2026-05-20T14:27:53Z,,0,,,,,,
2026-05-20T15:27:53Z,,0,,,,,,
2026-05-20T15:49:28Z,1455,,26.8,36.3,9.24,16.4,67.7,9.45
2026-05-20T16:27:53Z,,0,,,,,,
2026-05-20T17:27:53Z,,0,,,,,,
2026-05-20T17:50:02Z,525,,21.1,41.8,7.7,16.1,68.5,9.39
2026-05-20T18:27:53Z,,0,,,,,,
2026-05-20T19:27:53Z,,0,,,,,,
2026-05-20T19:50:30Z,510,,13,57.7,6.54,12.9,76.5,8.62
2026-05-20T20:27:53Z,,0,,,,,,
2026-05-20T21:27:52Z,,0,,,,,,
2026-05-20T21:50:41Z,510,,9.2,68,6.07,10.2,83.4,7.93
2026-05-20T22:27:53Z,,0,,,,,,
2026-05-20T23:27:53Z,,0,,,,,,
2026-05-20T23:51:02Z,975,,9.1,80.3,7.12,9.7,86,7.93
2026-05-21T00:27:53Z,,0,,,,,,
2026-05-21T01:27:53Z,,0,,,,,,
2026-05-21T01:50:07Z,1365,,10.2,83.2,7.92,10,87.5,8.22
2026-05-21T02:27:53Z,,0,,,,,,
2026-05-21T03:27:53Z,,0,,,,,,
2026-05-21T03:50:03Z,2100,,12,90.9,9.68,11.5,85.2,8.8
2026-05-21T04:27:53Z,,8e-05,,,,,,
2026-05-21T05:27:53Z,,0.00016,,,,,,
2026-05-21T05:49:21Z,2310,,16.8,74,10.58,13.7,78.2,9.26
2026-05-21T06:27:53Z,,0,,,,,,
2026-05-21T07:27:53Z,,0,,,,,,
2026-05-21T07:48:34Z,1770,,26.5,42,10.52,18.5,64.7,10.23
2026-05-21T08:27:53Z,,0,,,,,,
2026-05-21T09:27:53Z,,0,,,,,,
2026-05-21T09:48:21Z,525,,24,38.4,8.36,17,70.7,10.23
2026-05-21T10:27:53Z,,0,,,,,,
2026-05-21T11:27:53Z,,0,,,,,,
2026-05-21T11:47:34Z,1545,,25.7,41.6,9.96,18,65,9.98
2026-05-21T12:27:53Z,,0,,,,,,
2026-05-21T13:27:53Z,,0,,,,,,
2026-05-21T13:46:52Z,1425,,18.2,64.8,10.07,14.9,81.6,10.4
2026-05-21T14:27:53Z,,0,,,,,,
2026-05-21T15:27:53Z,,0,,,,,,
2026-05-21T15:47:09Z,1410,,25.3,40.2,9.41,16.2,70.4,9.7
2026-05-21T16:27:53Z,,0,,,,,,
2026-05-21T17:27:53Z,,0,,,,,,
2026-05-21T17:47:17Z,855,,19.4,47,7.84,15.2,69.4,9.0
2026-05-21T18:27:53Z,,0,,,,,,
2026-05-21T19:27:53Z,,0,,,,,,
2026-05-21T19:47:10Z,465,,12.6,59.6,6.59,12.4,76.3,8.33
2026-05-21T20:27:53Z,,0,,,,,,
2026-05-21T21:27:52Z,,0,,,,,,
2026-05-21T21:47:40Z,495,,9,69.3,6.11,9.6,85.3,7.81
2026-05-21T22:27:53Z,,0,,,,,,
2026-05-21T23:27:53Z,,0,,,,,,
2026-05-21T23:47:17Z,675,,8.2,77.7,6.51,9,87.8,7.74
2026-05-22T00:27:52Z,,0,,,,,,
2026-05-22T01:27:53Z,,0,,,,,,
2026-05-22T01:46:37Z,975,,8,81.1,6.7,8.5,87.2,7.44
2026-05-22T02:27:53Z,,0,,,,,,
2026-05-22T03:27:53Z,,0,,,,,,
2026-05-22T03:46:06Z,1830,,10,87.6,8.23,9.5,86.2,7.84
2026-05-22T04:27:53Z,,4e-05,,,,,,
2026-05-22T05:27:53Z,,7e-05,,,,,,
2026-05-22T05:46:24Z,3135,,20.6,69.1,12.37,17.1,65.5,9.53
2026-05-22T06:27:53Z,,0,,,,,,
2026-05-22T07:27:53Z,,0,,,,,,
2026-05-22T07:46:17Z,900,,23.3,37.3,7.8,16.5,63.3,8.88
2026-05-22T08:27:53Z,,0,,,,,,
2026-05-22T09:27:53Z,,0,,,,,,
2026-05-22T09:47:05Z,1740,,23.4,46.6,9.8,17.5,64.5,9.61
2026-05-22T10:27:52Z,,0,,,,,,
2026-05-22T11:27:53Z,,0,,,,,,
2026-05-22T11:47:12Z,525,,23.4,36.6,7.7,17,70.5,10.2
2026-05-22T12:27:53Z,,0,,,,,,
2026-05-22T13:27:53Z,,0,,,,,,
2026-05-22T13:47:19Z,630,,17.5,57.9,8.63,14.9,81.4,10.37
2026-05-22T14:27:53Z,,0,,,,,,
2026-05-22T15:27:53Z,,0,,,,,,
2026-05-22T15:47:36Z,1065,,18.9,61,9.88,14.9,85.4,10.88
2026-05-22T16:27:53Z,,0,,,,,,
2026-05-22T17:27:53Z,,0,,,,,,
2026-05-22T17:47:47Z,1065,,17.1,67.3,9.79,15.3,82.3,10.74
2026-05-22T18:27:53Z,,0,,,,,,
2026-05-22T19:27:53Z,,0,,,,,,
2026-05-22T19:47:58Z,1215,,14.1,78.3,9.5,13.1,88.7,10.12
2026-05-22T20:27:52Z,,0,,,,,,
2026-05-22T21:27:53Z,,0,,,,,,
2026-05-22T21:48:10Z,1140,,11.1,84.4,8.5,11.2,90.4,9.16
2026-05-22T22:27:53Z,,0,,,,,,
2026-05-22T23:27:53Z,,0,,,,,,
2026-05-22T23:47:37Z,1125,,9.3,87,7.82,9.7,91.4,8.42
2026-05-23T00:27:53Z,,3e-05,,,,,,
2026-05-23T01:27:53Z,,6e-05,,,,,,
2026-05-23T01:47:32Z,1200,,8.5,88.1,7.52,8.9,92.1,8.07
2026-05-23T02:27:53Z,,0.0001,,,,,,
2026-05-23T03:27:53Z,,0.00013,,,,,,
2026-05-23T03:47:53Z,2130,,12.2,97.4,10.51,12.4,86.8,9.48
2026-05-23T04:27:53Z,,0.00035,,,,,,
2026-05-23T05:27:53Z,,0.00057,,,,,,
2026-05-23T05:47:14Z,2775,,21.8,69.7,13.37,20.3,63.9,11.24
2026-05-23T06:27:53Z,,0.00024,,,,,,
2026-05-23T07:27:53Z,,0,,,,,,
2026-05-23T07:47:53Z,2430,,36.9,26.8,11.71,27,39.6,10.2
2026-05-23T08:27:53Z,,0,,,,,,
2026-05-23T09:27:53Z,,0,,,,,,
2026-05-23T09:47:51Z,3015,,45.4,15.8,10.56,27.5,32.6,8.63
2026-05-23T10:27:53Z,,0,,,,,,
2026-05-23T11:27:53Z,,0,,,,,,
2026-05-23T12:27:53Z,,0,,,,,,
2026-05-23T13:27:53Z,,0,,,,,,
2026-05-23T13:47:37Z,1470,,40.2,14.9,7.7,24.8,35,7.97
2026-05-23T14:27:53Z,,0,,,,,,
2026-05-23T15:27:53Z,,0,,,,,,
2026-05-23T15:47:51Z,1050,,34.1,19.1,7.22,23.5,38.1,8.06
2026-05-23T16:27:52Z,,0,,,,,,
2026-05-23T17:27:53Z,,0,,,,,,
2026-05-23T17:48:37Z,540,,24,31.1,6.77,19.6,51.2,8.64
2026-05-23T18:27:53Z,,0,,,,,,
2026-05-23T19:27:53Z,,0,,,,,,
2026-05-23T19:49:04Z,630,,16.6,52.8,7.46,15.7,66.6,8.91
2026-05-23T20:27:53Z,,0,,,,,,
2026-05-23T21:27:53Z,,0,,,,,,
2026-05-23T21:48:21Z,1110,,13.6,71.6,8.42,12.3,84.4,9.16
2026-05-23T22:27:53Z,,0,,,,,,
2026-05-23T23:27:53Z,,0,,,,,,
2026-05-23T23:48:15Z,1395,,12.9,78,8.79,12.2,84.7,9.14
2026-05-24T00:27:53Z,,0,,,,,,
2026-05-24T01:27:53Z,,0,,,,,,
2026-05-24T01:48:56Z,1410,,12,85,9.06,11.5,90.3,9.32
2026-05-24T02:27:52Z,,0,,,,,,
2026-05-24T03:27:53Z,,0,,,,,,
2026-05-24T03:48:54Z,1875,,13,90.9,10.3,12.5,88.5,9.73
2026-05-24T04:27:53Z,,9e-05,,,,,,
2026-05-24T05:27:53Z,,0.00017,,,,,,
2026-05-24T05:48:24Z,2820,,23.2,52.2,10.85,18.7,56.8,9.09
2026-05-24T06:27:53Z,,0,,,,,,
2026-05-24T07:27:53Z,,0,,,,,,
2026-05-24T07:47:44Z,1590,,29.9,26.9,8.12,20,47.5,8.21
2026-05-24T08:27:53Z,,0,,,,,,
2026-05-24T09:27:53Z,,0,,,,,,
2026-05-24T09:47:50Z,1410,,31.6,23.2,7.68,19.6,47.2,7.97
2026-05-24T10:27:53Z,,0,,,,,,
2026-05-24T11:27:53Z,,0,,,,,,
2026-05-24T11:48:27Z,1920,,34.1,22,8.31,19.9,46.1,7.92
2026-05-24T12:27:53Z,,0,,,,,,
2026-05-24T13:27:53Z,,0,,,,,,
2026-05-24T13:48:21Z,1590,,30.9,22.2,7.07,19,43.8,7.14
2026-05-24T14:27:52Z,,0,,,,,,
2026-05-24T15:27:53Z,,0,,,,,,
2026-05-24T15:48:00Z,585,,26.3,23.1,5.72,17.7,45.7,6.89
2026-05-24T16:27:53Z,,0,,,,,,
2026-05-24T17:27:53Z,,0,,,,,,
2026-05-24T17:48:12Z,525,,21.1,29,5.34,17.2,47,6.88
2026-05-24T18:27:53Z,,0,,,,,,
2026-05-24T19:27:53Z,,0,,,,,,
2026-05-24T19:48:21Z,525,,14.2,39.5,4.82,14.7,54.4,6.85
2026-05-24T20:27:53Z,,0,,,,,,
2026-05-24T21:27:53Z,,0,,,,,,
2026-05-24T21:47:44Z,510,,11.8,51.8,5.45,13.3,59.5,6.87
2026-05-24T22:27:53Z,,0,,,,,,
2026-05-24T23:27:53Z,,0,,,,,,
2026-05-24T23:48:17Z,990,,10.9,61.8,6.14,12.2,63.6,6.86
2026-05-25T00:27:53Z,,0,,,,,,
2026-05-25T01:27:53Z,,0,,,,,,
2026-05-25T01:47:50Z,1350,,12.1,65.7,7.04,12.6,66.2,7.32
2026-05-25T02:27:53Z,,0,,,,,,
2026-05-25T03:27:53Z,,0,,,,,,
2026-05-25T03:46:58Z,1380,,12.2,65.3,7.04,12.2,67.4,7.27
2026-05-25T04:27:53Z,,0,,,,,,
2026-05-25T05:27:53Z,,0,,,,,,
2026-05-25T05:46:26Z,3000,,16.7,54.5,7.74,13.6,52.8,6.21
2026-05-25T06:27:53Z,,0,,,,,,
2026-05-25T07:27:52Z,,0,,,,,,
2026-05-25T07:46:17Z,3165,,29.3,24,7.01,19.4,33.4,5.57
2026-05-25T08:27:53Z,,0,,,,,,
2026-05-25T09:27:53Z,,0,,,,,,
2026-05-25T09:46:44Z,2850,,34.8,14.8,5.8,19.4,29.3,4.89
2026-05-25T10:27:53Z,,0,,,,,,
2026-05-25T11:27:53Z,,0,,,,,,
2026-05-25T11:46:38Z,2265,,34.7,12.5,4.87,17,29.9,4.32
2026-05-25T12:27:53Z,,0,,,,,,
2026-05-25T13:27:53Z,,0,,,,,,
2026-05-25T13:45:55Z,1425,,31.6,13,4.3,16.4,32.3,4.51
2026-05-25T14:27:53Z,,0,,,,,,
2026-05-25T15:27:53Z,,0,,,,,,
2026-05-25T15:46:00Z,525,,23.6,17.4,3.7,14.9,35.6,4.54
2026-05-25T16:27:53Z,,0,,,,,,
2026-05-25T17:27:53Z,,0,,,,,,
2026-05-25T17:45:40Z,510,,18.7,20.2,3.23,13.9,40.3,4.83
2026-05-25T18:27:53Z,,0,,,,,,
2026-05-25T19:27:53Z,,0,,,,,,
2026-05-25T19:45:12Z,510,,11.1,28.4,2.86,11.2,47.1,4.77
2026-05-25T20:27:53Z,,0,,,,,,
2026-05-25T21:27:53Z,,0,,,,,,
2026-05-25T21:44:35Z,510,,8.1,39.8,3.31,9.7,53.4,4.92
2026-05-25T22:27:53Z,,0,,,,,,
2026-05-25T23:27:52Z,,0,,,,,,
2026-05-25T23:43:49Z,435,,6.6,49.3,3.72,8.4,61.1,5.18
2026-05-26T00:27:53Z,,0,,,,,,
2026-05-26T01:27:53Z,,0,,,,,,
2026-05-26T01:43:25Z,435,,5.8,58.8,4.21,7.5,66.6,5.33
2026-05-26T02:27:53Z,,0,,,,,,
2026-05-26T03:27:52Z,,0,,,,,,
2026-05-26T03:43:30Z,2475,,9.9,74.5,6.95,11.1,58.6,5.9
2026-05-26T04:27:53Z,,0,,,,,,
2026-05-26T05:27:53Z,,0,,,,,,
2026-05-26T05:43:37Z,2085,,22.1,34.6,6.75,17.5,41.6,6.2
2026-05-26T06:27:54Z,,0,,,,,,
2026-05-26T07:27:53Z,,0,,,,,,
2026-05-26T07:42:58Z,2355,,32.2,18.3,6.25,20.7,30.4,5.47
2026-05-26T08:27:53Z,,0,,,,,,
2026-05-26T09:27:53Z,,0,,,,,,
2026-05-26T09:43:12Z,2385,,37.4,13.5,6.05,20.8,29.3,5.3
2026-05-26T10:27:53Z,,0,,,,,,
2026-05-26T11:27:53Z,,0,,,,,,
2026-05-26T11:43:45Z,1350,,34.6,13.1,5.08,18.4,34.3,5.39
2026-05-26T12:27:53Z,,0,,,,,,
2026-05-26T13:27:54Z,,0,,,,,,
2026-05-26T13:44:36Z,1560,,34.3,14,5.35,18.1,35,5.41
2026-05-26T14:27:53Z,,0,,,,,,
2026-05-26T15:27:53Z,,0,,,,,,
2026-05-26T15:44:43Z,705,,23.9,20.7,4.48,15.8,39.7,5.34
2026-05-26T16:27:53Z,,0,,,,,,
2026-05-26T17:27:53Z,,0,,,,,,
2026-05-26T17:45:12Z,510,,19.9,24,4.12,14.8,43.4,5.5
2026-05-26T18:27:53Z,,0,,,,,,
2026-05-26T19:27:53Z,,0,,,,,,
2026-05-26T19:45:32Z,510,,12,29.5,3.14,11.7,49.9,5.22
2026-05-26T20:27:53Z,,0,,,,,,
2026-05-26T21:27:53Z,,0,,,,,,
2026-05-26T21:45:27Z,495,,9.4,40,3.62,10,57.1,5.36
2026-05-26T22:27:53Z,,0,,,,,,
2026-05-26T23:27:53Z,,0,,,,,,
2026-05-26T23:45:32Z,495,,7,47,3.64,8.1,63.1,5.25
2026-05-27T00:27:53Z,,0,,,,,,
2026-05-27T01:27:53Z,,0,,,,,,
2026-05-27T01:44:52Z,495,,6.5,62.7,4.7,7.1,76.7,5.98
2026-05-27T02:27:54Z,,0,,,,,,
2026-05-27T03:27:53Z,,0,,,,,,
2026-05-27T03:44:51Z,1245,,8.9,69.9,6.12,7.9,78.6,6.46
2026-05-27T04:27:53Z,,0,,,,,,
2026-05-27T05:27:53Z,,0,,,,,,
2026-05-27T05:45:11Z,1845,,13.8,60.7,7.23,10.1,73.5,6.95
2026-05-27T06:27:53Z,,0,,,,,,
2026-05-27T07:27:53Z,,0,,,,,,
2026-05-27T07:44:33Z,3210,,25.9,34.6,8.38,15.9,47.6,6.44
2026-05-27T08:27:53Z,,0,,,,,,
2026-05-27T09:27:53Z,,0,,,,,,
2026-05-27T09:45:07Z,1290,,28.6,21.1,5.93,15.7,47.1,6.3
2026-05-27T10:27:53Z,,0,,,,,,
2026-05-27T11:27:53Z,,0,,,,,,
2026-05-27T11:45:29Z,690,,16.7,44.2,6.28,10.3,78.5,7.52
2026-05-27T12:27:53Z,,0,,,,,,
2026-05-27T13:27:53Z,,0,,,,,,
2026-05-27T13:45:50Z,1410,,17.3,47.3,6.97,10.7,72.5,7.12
2026-05-27T14:27:53Z,,0,,,,,,
2026-05-27T15:27:53Z,,0,,,,,,
2026-05-27T15:46:09Z,1230,,22.8,30.5,6.2,12.5,60.6,6.66
2026-05-27T16:27:53Z,,0,,,,,,
2026-05-27T17:27:53Z,,0,,,,,,
2026-05-27T17:46:36Z,510,,16.3,36.9,5.12,12,62.3,6.64
2026-05-27T18:27:53Z,,0,,,,,,
2026-05-27T19:27:53Z,,0,,,,,,
2026-05-27T19:46:41Z,495,,10.9,37.1,3.69,10.2,47,4.47
2026-05-27T20:27:53Z,,0,,,,,,
2026-05-27T21:27:53Z,,0,,,,,,
2026-05-27T21:45:57Z,510,,7.7,44.8,3.63,8.5,57.2,4.88
2026-05-27T22:27:53Z,,0,,,,,,
2026-05-27T23:27:53Z,,0,,,,,,
2026-05-27T23:45:30Z,435,,7.1,56,4.37,8.2,67.8,5.68
2026-05-28T00:27:53Z,,0,,,,,,
2026-05-28T01:27:53Z,,0,,,,,,
2026-05-28T01:44:58Z,555,,7.9,62.2,5.11,8.2,73.2,6.13
2026-05-28T02:27:53Z,,0,,,,,,
2026-05-28T03:27:53Z,,0,,,,,,
2026-05-28T03:45:01Z,1065,,8,66.1,5.46,8.3,70.9,5.97
2026-05-28T04:27:52Z,,0,,,,,,
2026-05-28T05:27:53Z,,0,,,,,,
2026-05-28T05:44:59Z,3390,,19.1,46.5,7.62,14,45.1,5.44
2026-05-28T06:27:53Z,,0,,,,,,
2026-05-28T07:27:53Z,,0,,,,,,
2026-05-28T07:44:35Z,1335,,20.3,26.9,4.73,13.1,43.5,4.96
2026-05-28T08:27:53Z,,0,,,,,,
2026-05-28T09:27:53Z,,0,,,,,,
2026-05-28T09:44:14Z,3420,,30.9,20.2,6.44,16.2,34.1,4.7
2026-05-28T10:27:53Z,,0,,,,,,
2026-05-28T11:27:53Z,,0,,,,,,
2026-05-28T11:44:05Z,1410,,25.9,17.7,4.29,14.9,35,4.46
2026-05-28T12:27:53Z,,0,,,,,,
2026-05-28T13:27:53Z,,0,,,,,,
2026-05-28T13:43:55Z,1035,,24.2,18.1,3.98,14.6,35.5,4.44
2026-05-28T14:27:53Z,,0,,,,,,
2026-05-28T15:27:53Z,,0,,,,,,
2026-05-28T15:43:35Z,690,,18.9,21.3,3.45,13.8,34.6,4.12
2026-05-28T16:27:53Z,,0,,,,,,
2026-05-28T17:27:53Z,,0,,,,,,
2026-05-28T17:44:09Z,525,,17.1,22.1,3.22,13.2,35.5,4.07
2026-05-28T18:27:53Z,,0,,,,,,
2026-05-28T19:27:53Z,,0,,,,,,
2026-05-28T19:43:52Z,510,,13.1,26,2.97,12.1,40.7,4.36
2026-05-28T20:27:53Z,,0,,,,,,
2026-05-28T21:27:53Z,,0,,,,,,
2026-05-28T21:44:33Z,510,,9.7,34.2,3.15,10.1,55.4,5.24
2026-05-28T22:27:53Z,,0,,,,,,
2026-05-28T23:27:53Z,,0,,,,,,
2026-05-28T23:44:21Z,495,,7.4,44.8,3.56,8.6,59.6,5.12
2026-05-29T00:27:53Z,,0,,,,,,
2026-05-29T01:27:53Z,,0,,,,,,
2026-05-29T01:43:50Z,495,,5.9,54.5,3.93,7.2,66,5.18
2026-05-29T02:27:53Z,,0,,,,,,
2026-05-29T03:27:53Z,,0,,,,,,
2026-05-29T03:43:27Z,2175,,9.4,70.6,6.38,10,60.9,5.72
2026-05-29T04:27:53Z,,0,,,,,,
2026-05-29T05:27:52Z,,0,,,,,,
2026-05-29T05:43:09Z,2415,,21.5,36.1,6.81,16.6,41.3,5.83
2026-05-29T06:27:53Z,,0,,,,,,
2026-05-29T07:27:53Z,,0,,,,,,
2026-05-29T07:43:51Z,1935,,27,20.1,5.18,16.8,34,4.86
2026-05-29T08:27:53Z,,0,,,,,,
2026-05-29T09:27:53Z,,0,,,,,,
2026-05-29T09:44:33Z,3015,,32.3,16.4,5.63,18,29.4,4.51
2026-05-29T10:27:53Z,,0,,,,,,
2026-05-29T11:27:53Z,,0,,,,,,
2026-05-29T11:45:06Z,2175,,35.2,13.5,5.4,17,33.6,4.86
2026-05-29T12:27:53Z,,0,,,,,,
2026-05-29T13:27:53Z,,0,,,,,,
2026-05-29T13:44:28Z,1185,,31.4,13.5,4.42,17.3,32.5,4.79
2026-05-29T14:27:52Z,,0,,,,,,
2026-05-29T15:27:53Z,,0,,,,,,
2026-05-29T15:43:58Z,525,,22.3,18.2,3.59,16.3,35.8,4.96
2026-05-29T16:27:53Z,,0,,,,,,
2026-05-29T17:27:53Z,,0,,,,,,
2026-05-29T17:44:49Z,525,,18.4,21.4,3.36,15.2,42.1,5.46
2026-05-29T18:27:53Z,,0,,,,,,
2026-05-29T19:27:53Z,,0,,,,,,
2026-05-29T19:44:07Z,510,,12.2,41,4.42,10.6,61.5,6.0
2026-05-29T20:27:53Z,,0,,,,,,
2026-05-29T21:27:53Z,,0,,,,,,
2026-05-29T21:43:58Z,510,,10,49.9,4.69,9.6,63.9,5.85
2026-05-29T22:27:53Z,,0,,,,,,
2026-05-29T23:27:53Z,,0,,,,,,
2026-05-29T23:43:35Z,495,,6.6,53.2,4.02,8.2,67.6,5.66
2026-05-30T00:27:53Z,,0,,,,,,
2026-05-30T01:27:52Z,,0,,,,,,
2026-05-30T01:44:06Z,495,,5.6,58.4,4.13,7.6,66.3,5.34
2026-05-30T02:27:53Z,,0,,,,,,
2026-05-30T03:27:53Z,,0,,,,,,
2026-05-30T03:44:40Z,2475,,10.3,71.1,6.81,12.2,53.3,5.75
2026-05-30T04:27:53Z,,0,,,,,,
2026-05-30T05:27:53Z,,0,,,,,,
2026-05-30T05:44:17Z,2040,,24.2,33.6,7.39,19.8,39.9,6.81
2026-05-30T06:27:53Z,,0,,,,,,
2026-05-30T07:27:54Z,,0,,,,,,
2026-05-30T07:44:57Z,3045,,36.8,16,6.96,24,26,5.66
2026-05-30T08:27:53Z,,0,,,,,,
2026-05-30T09:27:53Z,,0,,,,,,
2026-05-30T09:44:39Z,2985,,43,11,6.54,23.7,25.3,5.41
2026-05-30T10:27:53Z,,0,,,,,,
2026-05-30T11:27:53Z,,0,,,,,,
2026-05-30T11:44:29Z,3015,,43.9,9.8,6.09,20.5,27.9,4.96
2026-05-30T12:27:53Z,,0,,,,,,
2026-05-30T13:27:53Z,,0,,,,,,
2026-05-30T13:44:31Z,2070,,40.5,9.7,5.09,21.3,25.2,4.7
2026-05-30T14:27:53Z,,0,,,,,,
2026-05-30T15:27:53Z,,0,,,,,,
2026-05-30T15:45:12Z,990,,34.3,10.5,4.01,21.4,24.3,4.56
2026-05-30T16:27:53Z,,0,,,,,,
2026-05-30T17:27:53Z,,0,,,,,,
2026-05-30T17:44:56Z,525,,27,12.8,3.3,20.7,27.6,4.97
2026-05-30T18:27:53Z,,0,,,,,,
2026-05-30T19:27:53Z,,0,,,,,,
2026-05-30T19:44:48Z,510,,15.8,25.1,3.38,14.5,50.6,6.29
2026-05-30T20:27:53Z,,0,,,,,,
2026-05-30T21:27:53Z,,0,,,,,,
2026-05-30T21:44:23Z,510,,10.1,36.9,3.49,11.7,60.9,6.37
2026-05-30T22:27:53Z,,0,,,,,,
2026-05-30T23:27:52Z,,0,,,,,,
2026-05-30T23:44:24Z,495,,6.9,43.4,3.34,9.2,70.5,6.29
2026-05-31T00:27:53Z,,0,,,,,,
2026-05-31T01:27:53Z,,0,,,,,,
2026-05-31T01:44:55Z,495,,6.6,55.7,4.2,9.1,73.8,6.55
2026-05-31T02:27:53Z,,0,,,,,,
2026-05-31T03:27:53Z,,0,,,,,,
2026-05-31T03:44:30Z,1635,,11.1,79.6,8.02,10.5,81.7,7.92
2026-05-31T04:27:54Z,,0,,,,,,
2026-05-31T05:27:53Z,,0,,,,,,
2026-05-31T05:43:45Z,1770,,14.5,69.2,8.6,10.9,83.7,8.32
2026-05-31T06:27:53Z,,0,,,,,,
2026-05-31T07:27:53Z,,0,,,,,,
2026-05-31T07:43:08Z,1935,,17.8,58,8.8,11.6,78.5,8.16
2026-05-31T08:27:53Z,,0,,,,,,
2026-05-31T09:27:53Z,,0,,,,,,
2026-05-31T09:42:44Z,1290,,19,47.9,7.8,11.7,79,8.26
2026-05-31T10:27:53Z,,0,,,,,,
2026-05-31T11:27:53Z,,0,,,,,,
2026-05-31T11:43:22Z,1875,,27,32.4,8.34,14.5,64.3,7.99
2026-05-31T12:27:53Z,,0,,,,,,
2026-05-31T13:27:53Z,,0,,,,,,
2026-05-31T13:43:11Z,795,,23.4,30.6,6.44,14.1,62.3,7.56
2026-05-31T14:27:53Z,,0,,,,,,
2026-05-31T15:27:53Z,,0,,,,,,
2026-05-31T15:44:01Z,1005,,26.4,25.1,6.25,13.6,59.3,6.98
2026-05-31T16:27:53Z,,0,,,,,,
2026-05-31T17:27:53Z,,0,,,,,,
2026-05-31T17:43:44Z,510,,20.2,31.1,5.44,12.6,60.6,6.7
2026-05-31T18:27:53Z,,0,,,,,,
2026-05-31T19:27:53Z,,0,,,,,,
2026-05-31T19:43:17Z,510,,11.6,40.9,4.25,10.6,66.1,6.45
2026-05-31T20:27:53Z,,0,,,,,,
2026-05-31T21:27:53Z,,0,,,,,,
2026-05-31T21:42:45Z,435,,6,49.2,3.57,7.3,73.4,5.8
2026-05-31T22:27:53Z,,0,,,,,,
2026-05-31T23:27:53Z,,0,,,,,,
2026-05-31T23:43:04Z,495,,4.5,54.2,3.56,6.3,78.9,5.84
2026-06-01T00:27:53Z,,0,,,,,,
2026-06-01T01:27:53Z,,0,,,,,,
2026-06-01T01:42:48Z,495,,4.9,61.7,4.17,6.4,81.7,6.09
2026-06-01T02:27:53Z,,0,,,,,,
2026-06-01T03:27:53Z,,0,,,,,,
2026-06-01T03:42:37Z,2280,,12.4,78.8,8.61,11.4,73.8,7.57
2026-06-01T04:27:53Z,,0,,,,,,
2026-06-01T05:27:53Z,,0,,,,,,
2026-06-01T05:42:24Z,2100,,21.5,49.6,9.35,15.5,64,8.46
2026-06-01T06:27:52Z,,0,,,,,,
2026-06-01T07:27:56Z,,0,,,,,,
2026-06-01T07:42:06Z,750,,28.4,23.6,6.56,15.7,58.1,7.77
2026-06-01T08:27:53Z,,0,,,,,,
2026-06-01T09:27:53Z,,0,,,,,,
2026-06-01T09:42:06Z,2940,,40,16.5,8.45,17.6,47,7.05
2026-06-01T10:27:53Z,,0,,,,,,
2026-06-01T11:27:53Z,,0,,,,,,
2026-06-01T11:41:20Z,1695,,35,16.9,6.69,17,45.4,6.57
2026-06-01T12:27:53Z,,0,,,,,,
2026-06-01T13:27:53Z,,0,,,,,,
2026-06-01T13:41:55Z,1725,,37.1,14.8,6.54,15.7,47.9,6.41
2026-06-01T14:27:53Z,,0,,,,,,
2026-06-01T15:27:53Z,,0,,,,,,
2026-06-01T16:27:53Z,,0,,,,,,
2026-06-01T17:27:53Z,,0,,,,,,
2026-06-01T17:41:19Z,525,,22.6,24.5,4.92,14.3,53.9,6.62
2026-06-01T18:27:53Z,,0,,,,,,
2026-06-01T19:27:53Z,,0,,,,,,
2026-06-01T19:41:12Z,510,,12.8,37.3,4.18,11.9,62.2,6.58
2026-06-01T20:27:53Z,,0,,,,,,
2026-06-01T21:27:53Z,,0,,,,,,
2026-06-01T21:41:36Z,495,,7.2,46,3.61,8.8,71.8,6.25
2026-06-01T22:27:53Z,,0,,,,,,
2026-06-01T23:27:53Z,,0,,,,,,
2026-06-01T23:41:35Z,495,,7.8,52.3,4.27,8.4,75.6,6.41
2026-06-02T00:27:53Z,,0,,,,,,
2026-06-02T01:27:53Z,,0,,,,,,
2026-06-02T02:27:53Z,,0,,,,,,
2026-06-02T03:27:53Z,,0,,,,,,
2026-06-02T03:40:43Z,1875,,12.9,74.9,8.44,12.2,74.1,7.99
2026-06-02T04:27:53Z,,0,,,,,,
2026-06-02T05:27:53Z,,0,,,,,,
2026-06-02T05:39:57Z,1590,,20.2,51.1,8.93,16.3,64.3,8.92
2026-06-02T06:27:53Z,,0,,,,,,
2026-06-02T07:27:53Z,,0,,,,,,
2026-06-02T07:39:24Z,1740,,27,36.7,9.45,19,56.5,9.2
2026-06-02T08:27:53Z,,0,,,,,,
2026-06-02T09:27:53Z,,0,,,,,,
2026-06-02T09:38:52Z,1635,,39.1,17.5,8.56,21.4,45.8,8.59
2026-06-02T10:27:53Z,,0,,,,,,
2026-06-02T11:27:53Z,,0,,,,,,
2026-06-02T11:39:39Z,2010,,42.9,14.5,8.57,21,44,8.06
2026-06-02T12:27:53Z,,0,,,,,,
2026-06-02T13:27:53Z,,0,,,,,,
2026-06-02T13:40:11Z,1170,,37.1,16.5,7.29,20.3,45.4,7.98
2026-06-02T14:27:53Z,,0,,,,,,
2026-06-02T15:27:53Z,,0,,,,,,
2026-06-02T15:40:29Z,885,,29.3,22.4,6.55,19.3,45.6,7.56
2026-06-02T16:27:53Z,,0,,,,,,
2026-06-02T17:27:53Z,,0,,,,,,
2026-06-02T17:40:48Z,525,,23.7,30.5,6.52,18.3,51.7,8.08
2026-06-02T18:27:53Z,,0,,,,,,
2026-06-02T19:27:53Z,,0,,,,,,
2026-06-02T19:40:23Z,525,,16.8,40.2,5.75,16.2,58.6,8.08
2026-06-02T20:27:53Z,,0,,,,,,
2026-06-02T21:27:53Z,,0,,,,,,
2026-06-02T21:39:40Z,510,,12.3,47.4,5.14,13.3,67.5,7.8
2026-06-02T22:27:53Z,,0,,,,,,
2026-06-02T23:27:52Z,,0,,,,,,
2026-06-02T23:39:05Z,495,,7.4,52.4,4.17,10.5,73.2,7.1
2026-06-03T00:27:53Z,,0,,,,,,
2026-06-03T01:27:53Z,,0,,,,,,
2026-06-03T01:38:55Z,495,,4.9,58.2,3.93,8.4,78.5,6.66
2026-06-03T02:27:53Z,,0,,,,,,
2026-06-03T03:27:53Z,,0,,,,,,
2026-06-03T03:38:49Z,1080,,10.4,80.3,7.74,13.5,72.3,8.45
2026-06-03T04:27:53Z,,0,,,,,,
2026-06-03T05:27:53Z,,0,,,,,,
2026-06-03T05:37:59Z,3225,,27.7,44.9,12.02,23,43.9,9.02
2026-06-03T06:27:53Z,,0,,,,,,
2026-06-03T07:27:53Z,,0,,,,,,
2026-06-03T07:37:50Z,1680,,40,18.4,9.42,28.9,32.6,9.32
2026-06-03T08:27:53Z,,0,,,,,,
2026-06-03T09:27:53Z,,0,,,,,,
2026-06-03T09:37:28Z,1905,,43.4,13.5,8.18,24.1,35.8,7.83
2026-06-03T10:27:53Z,,0,,,,,,
2026-06-03T11:27:53Z,,0,,,,,,
2026-06-03T11:37:41Z,2205,,43.7,12.9,7.93,22.1,36.7,7.16
2026-06-03T12:27:53Z,,0,,,,,,
2026-06-03T13:27:53Z,,0,,,,,,
2026-06-03T13:37:22Z,1575,,40.2,13.4,6.93,21.3,37.8,7.05
2026-06-03T14:27:53Z,,0,,,,,,
2026-06-03T15:27:53Z,,0,,,,,,
2026-06-03T15:36:35Z,1020,,34.8,18,7.06,20.9,43.7,7.96
2026-06-03T16:27:53Z,,0,,,,,,
2026-06-03T17:27:53Z,,0,,,,,,
2026-06-03T17:37:25Z,525,,26.2,25.3,6.23,19,47.4,7.72
2026-06-03T18:27:53Z,,0,,,,,,
2026-06-03T19:27:53Z,,0,,,,,,
2026-06-03T19:37:02Z,510,,17,36.3,5.25,16.6,56.7,8.01
2026-06-03T20:27:53Z,,0,,,,,,
2026-06-03T21:27:53Z,,0,,,,,,
2026-06-03T21:36:54Z,510,,11.3,44.7,4.56,13.4,65.9,7.66
2026-06-03T22:27:53Z,,0,,,,,,
2026-06-03T23:27:52Z,,0,,,,,,
2026-06-03T23:37:15Z,495,,8.9,50.7,4.44,11.6,73.5,7.64
2026-06-04T00:27:53Z,,0,,,,,,
2026-06-04T01:27:53Z,,0,,,,,,
2026-06-04T01:36:46Z,495,,7.7,57,4.62,10.4,77.9,7.51
2026-06-04T02:27:53Z,,0,,,,,,
2026-06-04T03:27:53Z,,0,,,,,,
2026-06-04T03:36:00Z,1290,,13.1,77.9,8.89,14.7,74.3,9.35
2026-06-04T04:27:53Z,,0,,,,,,
2026-06-04T05:27:53Z,,0,,,,,,
2026-06-04T05:36:32Z,2835,,27.3,52,13.61,22,58.3,11.31
2026-06-04T06:27:53Z,,0,,,,,,
2026-06-04T07:27:53Z,,0,,,,,,
2026-06-04T07:36:47Z,1725,,35.9,26.5,11.0,25.5,45.3,10.73
2026-06-04T08:27:53Z,,0,,,,,,
2026-06-04T09:27:53Z,,0,,,,,,
2026-06-04T09:36:29Z,1605,,41.5,16.7,9.21,24.4,41.8,9.3
2026-06-04T10:27:53Z,,0,,,,,,
2026-06-04T11:27:53Z,,0,,,,,,
2026-06-04T11:36:52Z,1875,,45.8,13.7,9.33,23.7,42.1,9.01
2026-06-04T12:27:53Z,,0,,,,,,
2026-06-04T13:27:53Z,,0,,,,,,
2026-06-04T13:36:50Z,1440,,40.1,18.3,9.41,23,48,9.87
2026-06-04T14:27:52Z,,0,,,,,,
2026-06-04T15:27:54Z,,0,,,,,,
2026-06-04T15:36:53Z,990,,33.2,23.9,8.61,21.7,51.4,9.8
2026-06-04T16:27:53Z,,0,,,,,,
2026-06-04T17:27:53Z,,0,,,,,,
2026-06-04T17:37:35Z,585,,26,31.3,7.62,20.6,52,9.31
2026-06-04T18:27:53Z,,0,,,,,,
2026-06-04T19:27:53Z,,0,,,,,,
2026-06-04T19:37:15Z,525,,17.9,48.9,7.46,17.8,62.6,9.5
2026-06-04T20:27:53Z,,0,,,,,,
2026-06-04T21:27:52Z,,0,,,,,,
2026-06-04T21:37:55Z,510,,12.6,58.4,6.46,15,68.9,8.83
2026-06-04T22:27:53Z,,0,,,,,,
2026-06-04T23:27:53Z,,0,,,,,,
2026-06-04T23:38:05Z,510,,9.6,62.8,5.75,12.8,75.8,8.49
2026-06-05T00:27:53Z,,0,,,,,,
2026-06-05T01:27:53Z,,0,,,,,,
2026-06-05T02:27:53Z,,0,,,,,,
2026-06-05T03:27:52Z,,0,,,,,,
2026-06-05T03:38:37Z,2400,,14.9,91.3,11.63,15.8,74.1,9.97
2026-06-05T04:27:53Z,,0.0001,,,,,,
2026-06-05T05:27:53Z,,0.0002,,,,,,
2026-06-05T05:37:55Z,1485,,26.1,38,9.31,19.9,55.5,9.53
2026-06-05T06:27:53Z,,0,,,,,,
2026-06-05T07:27:53Z,,0,,,,,,
2026-06-05T07:37:59Z,945,,23.4,41.1,8.64,17.9,64.3,9.81
2026-06-05T08:27:53Z,,0,,,,,,
2026-06-05T09:27:54Z,,0,,,,,,
2026-06-05T09:37:36Z,1230,,20.2,61.4,10.73,17.2,78,11.42
2026-06-05T10:27:53Z,,0,,,,,,
2026-06-05T11:27:52Z,,0,,,,,,
2026-06-05T11:38:04Z,1725,,20.3,65.9,11.59,18,73.5,11.29
2026-06-05T12:27:53Z,,0,,,,,,
2026-06-05T13:27:53Z,,0,,,,,,
2026-06-05T13:37:26Z,1125,,22.5,51.6,10.31,18.2,72.1,11.2
2026-06-05T14:27:53Z,,0,,,,,,
2026-06-05T15:27:53Z,,0,,,,,,
2026-06-05T15:37:28Z,1395,,19.5,67.8,11.38,17.5,79.1,11.79
2026-06-05T16:27:53Z,,0,,,,,,
2026-06-05T17:27:54Z,,0,,,,,,
2026-06-05T17:37:07Z,1410,,20.9,63.2,11.51,18,77.9,11.96
2026-06-05T18:27:53Z,,0,,,,,,
2026-06-05T19:27:53Z,,0,,,,,,
2026-06-05T19:36:58Z,1155,,17.5,71.9,10.72,16.6,81.9,11.57
2026-06-05T20:27:53Z,,0,,,,,,
2026-06-05T21:27:53Z,,0,,,,,,
2026-06-05T21:37:03Z,1410,,15.5,83,10.97,15.6,84.5,11.23
2026-06-05T22:27:52Z,,0,,,,,,
2026-06-05T23:27:53Z,,0,,,,,,
2026-06-05T23:37:31Z,1425,,14.6,84.9,10.62,15,85.7,10.98
2026-06-06T00:27:53Z,,0,,,,,,
2026-06-06T01:27:53Z,,0,,,,,,
2026-06-06T01:37:14Z,1575,,14.9,90.9,11.58,14.8,91,11.52
2026-06-06T02:27:53Z,,9e-05,,,,,,
2026-06-06T03:27:53Z,,0.00019,,,,,,
2026-06-06T03:36:41Z,1845,,16,93.2,12.69,14.9,94.4,12.03
2026-06-06T04:27:53Z,,0.00033,,,,,,
2026-06-06T05:27:53Z,,0.00047,,,,,,
2026-06-06T05:36:47Z,1920,,17.7,90.4,13.63,15.7,96,12.84
2026-06-06T06:27:53Z,,0.00057,,,,,,
2026-06-06T07:27:53Z,,0.00067,,,,,,
2026-06-06T07:37:34Z,1725,,17.7,89.2,13.45,15.8,96.7,13.01
2026-06-06T08:27:53Z,,0.00074,,,,,,
2026-06-06T09:27:53Z,,0.00082,,,,,,
2026-06-06T09:37:10Z,1935,,21.9,76.8,14.82,17.2,94.8,13.88
2026-06-06T10:27:53Z,,0.00049,,,,,,
2026-06-06T11:27:53Z,,0.00016,,,,,,
2026-06-06T11:36:06Z,1650,,26.1,58.1,14.23,18.3,90.1,14.08
2026-06-06T12:27:53Z,,0,,,,,,
2026-06-06T13:27:54Z,,0,,,,,,
2026-06-06T13:36:08Z,1125,,20.6,68.4,12.24,16.9,92.9,13.36
2026-06-06T14:27:53Z,,0,,,,,,
2026-06-06T15:27:53Z,,0,,,,,,
2026-06-06T15:35:44Z,1380,,16.7,76.5,10.87,13.7,94.5,11.19
2026-06-06T16:27:53Z,,0,,,,,,
2026-06-06T17:27:53Z,,0,,,,,,
2026-06-06T17:36:14Z,1440,,15.6,80.1,10.65,13.7,92,10.89
2026-06-06T18:27:53Z,,0,,,,,,
2026-06-06T19:27:53Z,,0,,,,,,
2026-06-06T19:35:47Z,1245,,14.1,81.5,9.89,13,92.9,10.53
2026-06-06T20:27:53Z,,0,,,,,,
2026-06-06T21:27:52Z,,0,,,,,,
2026-06-06T21:35:23Z,1470,,12.7,90.5,10.07,11.9,97.1,10.28
2026-06-06T22:27:53Z,,8e-05,,,,,,
2026-06-06T23:27:53Z,,0.00016,,,,,,
2026-06-06T23:35:09Z,1545,,12.2,92.2,9.95,11.2,98.4,9.97
2026-06-07T00:27:53Z,,0.00026,,,,,,
2026-06-07T01:27:53Z,,0.00036,,,,,,
2026-06-07T01:35:02Z,1545,,12.6,92.8,10.26,11.7,98.6,10.31
2026-06-07T02:27:53Z,,0.00047,,,,,,
2026-06-07T03:27:53Z,,0.00059,,,,,,
2026-06-07T03:35:23Z,1860,,13.1,92.1,10.51,11.3,97.5,9.94
2026-06-07T04:27:53Z,,0.00069,,,,,,
2026-06-07T05:27:53Z,,0.0008,,,,,,
2026-06-07T05:35:54Z,1755,,17,75.3,10.89,12.7,95,10.57
2026-06-07T06:27:53Z,,0.00046,,,,,,
2026-06-07T07:27:53Z,,0.00013,,,,,,
2026-06-07T07:35:34Z,1830,,20.6,63.6,11.38,14.2,88.4,10.79
2026-06-07T08:27:53Z,,0,,,,,,
2026-06-07T09:27:53Z,,0,,,,,,
2026-06-07T09:35:12Z,1995,,38.5,25.9,12.29,20.8,63.2,11.44
2026-06-07T10:27:53Z,,0,,,,,,
2026-06-07T11:27:53Z,,0,,,,,,
2026-06-07T11:34:37Z,1770,,40.2,19.8,10.24,19.6,59.2,9.99
2026-06-07T12:27:53Z,,0,,,,,,
2026-06-07T13:27:53Z,,0,,,,,,
2026-06-07T13:34:13Z,1335,,36.4,22.9,9.75,18.7,64.3,10.29
2026-06-07T14:27:53Z,,0,,,,,,
2026-06-07T15:27:53Z,,0,,,,,,
2026-06-07T15:34:23Z,945,,31.7,27.1,9.01,18.1,67.1,10.36
2026-06-07T16:27:53Z,,0,,,,,,
2026-06-07T17:27:53Z,,0,,,,,,
2026-06-07T17:34:34Z,525,,24.1,30.4,6.65,17.9,53.7,8.2
2026-06-07T18:27:53Z,,0,,,,,,
2026-06-07T19:27:53Z,,0,,,,,,
2026-06-07T19:33:54Z,510,,15.4,39.7,5.21,15.4,61.5,8.08
2026-06-07T20:27:54Z,,0,,,,,,
2026-06-07T21:27:53Z,,0,,,,,,
2026-06-07T21:34:00Z,510,,8.6,51.9,4.46,11.3,76.5,7.8
2026-06-07T22:27:53Z,,0,,,,,,
2026-06-07T23:27:53Z,,0,,,,,,
2026-06-07T23:34:31Z,495,,5.8,59.2,4.24,8.9,84.1,7.37
2026-06-08T00:27:53Z,,0,,,,,,
2026-06-08T01:27:53Z,,0,,,,,,
2026-06-08T01:33:29Z,495,,5,63.8,4.34,7.8,86.6,7.07
2026-06-08T02:27:53Z,,0,,,,,,
2026-06-08T03:27:53Z,,0,,,,,,
2026-06-08T03:34:11Z,1185,,10.1,87.1,8.23,12.4,80.5,8.79
2026-06-08T04:27:53Z,,3e-05,,,,,,
2026-06-08T05:27:53Z,,6e-05,,,,,,
2026-06-08T05:33:41Z,2520,,25.1,51.9,12.02,21.1,55.5,10.22
2026-06-08T06:27:53Z,,0,,,,,,
2026-06-08T07:27:53Z,,0,,,,,,
2026-06-08T07:33:34Z,1830,,35.7,23.4,9.61,25.2,39.9,9.29
2026-06-08T08:27:53Z,,0,,,,,,
2026-06-08T09:27:53Z,,0,,,,,,
2026-06-08T09:33:20Z,2070,,43.1,14.8,8.84,25.3,35,8.2
2026-06-08T10:27:53Z,,0,,,,,,
2026-06-08T11:27:53Z,,0,,,,,,
2026-06-08T11:33:44Z,2235,,44.1,12.9,8.09,22.5,36.5,7.29
2026-06-08T12:27:53Z,,0,,,,,,
2026-06-08T13:27:53Z,,0,,,,,,
2026-06-08T13:34:06Z,1440,,38.4,15.2,7.17,22.1,38.3,7.48
2026-06-08T14:27:53Z,,0,,,,,,
2026-06-08T15:27:53Z,,0,,,,,,
2026-06-08T15:33:58Z,945,,31.6,20.4,6.75,20.9,42.1,7.67
2026-06-08T16:27:53Z,,0,,,,,,
2026-06-08T17:27:53Z,,0,,,,,,
2026-06-08T17:34:15Z,540,,24.3,27.6,6.11,19.5,46.8,7.85
2026-06-08T18:27:53Z,,0,,,,,,
2026-06-08T19:27:53Z,,0,,,,,,
2026-06-08T19:34:28Z,510,,18.1,35.4,5.47,17.1,57.4,8.35
2026-06-08T20:27:53Z,,0,,,,,,
2026-06-08T21:27:53Z,,0,,,,,,
2026-06-08T21:34:48Z,510,,14.3,44.8,5.5,15,65.8,8.43
2026-06-08T22:27:53Z,,0,,,,,,
2026-06-08T23:27:53Z,,0,,,,,,
2026-06-08T23:34:18Z,510,,12.8,55.8,6.25,13.9,70.8,8.48
2026-06-09T00:27:53Z,,0,,,,,,
2026-06-09T01:27:53Z,,0,,,,,,
2026-06-09T01:34:53Z,510,,13.2,62.3,7.15,14.6,73.4,9.18
2026-06-09T02:27:53Z,,0,,,,,,
2026-06-09T03:27:52Z,,0,,,,,,
2026-06-09T03:35:39Z,960,,15.2,67.1,8.71,15.3,74.7,9.75
2026-06-09T04:27:53Z,,0,,,,,,
2026-06-09T05:27:53Z,,0,,,,,,
2026-06-09T05:36:28Z,1665,,19.6,61.6,10.4,17,71.2,10.3
2026-06-09T06:27:53Z,,0,,,,,,
2026-06-09T07:27:53Z,,0,,,,,,
2026-06-09T07:36:13Z,1260,,19.1,64.4,10.55,17.6,75.1,11.26
2026-06-09T08:27:53Z,,0,,,,,,
2026-06-09T09:27:53Z,,0,,,,,,
2026-06-09T09:36:26Z,1125,,21.1,54.6,10.06,18,71.1,10.92
2026-06-09T10:27:53Z,,0,,,,,,
2026-06-09T11:27:53Z,,0,,,,,,
2026-06-09T11:35:42Z,1125,,19.1,64.6,10.59,16.8,80.9,11.56
2026-06-09T12:27:53Z,,0,,,,,,
2026-06-09T13:27:53Z,,0,,,,,,
2026-06-09T13:36:11Z,1230,,17.5,75,11.18,16.1,87,11.92
2026-06-09T14:27:53Z,,0,,,,,,
2026-06-09T15:27:53Z,,0,,,,,,
2026-06-09T15:36:45Z,1485,,18.5,76,12.02,16.4,86.9,12.12
2026-06-09T16:27:53Z,,0,,,,,,
2026-06-09T17:27:53Z,,0,,,,,,
2026-06-09T17:36:48Z,1455,,18.4,75.8,11.92,16.5,86.9,12.2
2026-06-09T18:27:53Z,,0,,,,,,
2026-06-09T19:27:53Z,,0,,,,,,
2026-06-09T19:37:03Z,1425,,17.1,79.9,11.63,16,88.4,12.04
2026-06-09T20:27:53Z,,0,,,,,,
2026-06-09T21:27:53Z,,0,,,,,,
2026-06-09T21:36:32Z,1545,,15.7,86.6,11.58,15.2,89.9,11.66
2026-06-09T22:27:53Z,,4e-05,,,,,,
2026-06-09T23:27:53Z,,7e-05,,,,,,
2026-06-09T23:36:15Z,1650,,15.2,87.1,11.3,14.3,90.7,11.14
2026-06-10T00:27:53Z,,0.00011,,,,,,
2026-06-10T01:27:53Z,,0.00015,,,,,,
2026-06-10T01:35:45Z,1635,,14,92.1,11.1,13.2,95.2,10.93
2026-06-10T02:27:53Z,,0.00026,,,,,,
2026-06-10T03:27:53Z,,0.00037,,,,,,
2026-06-10T03:35:39Z,1875,,15.1,89,11.48,13.3,94.2,10.88
2026-06-10T04:27:53Z,,0.00044,,,,,,
2026-06-10T05:27:53Z,,0.00051,,,,,,
2026-06-10T05:36:12Z,1590,,14.5,89.3,11.1,13,98,11.11
2026-06-10T06:27:53Z,,0.00058,,,,,,
2026-06-10T07:27:53Z,,0.00065,,,,,,
2026-06-10T07:36:26Z,2460,,20.7,76.1,13.7,16.4,84.1,11.73
2026-06-10T08:27:53Z,,0.00032,,,,,,
2026-06-10T09:27:53Z,,0,,,,,,
2026-06-10T09:37:20Z,1650,,28.3,38.3,10.6,19,64.6,10.52
2026-06-10T10:27:54Z,,0,,,,,,
2026-06-10T11:27:53Z,,0,,,,,,
2026-06-10T11:36:41Z,1665,,36.2,22.1,9.32,18.4,59.3,9.32
2026-06-10T12:27:53Z,,0,,,,,,
2026-06-10T13:27:53Z,,0,,,,,,
2026-06-10T13:37:04Z,1560,,33.9,22.6,8.45,17.6,57,8.55
2026-06-10T14:27:53Z,,0,,,,,,
2026-06-10T15:27:53Z,,0,,,,,,
2026-06-10T15:37:28Z,1020,,30.6,22.2,6.96,17.3,52.9,7.79
2026-06-10T16:27:53Z,,0,,,,,,
2026-06-10T17:27:53Z,,0,,,,,,
2026-06-10T17:37:10Z,525,,23.2,29.9,6.22,16,57.8,7.87
2026-06-10T18:27:54Z,,0,,,,,,
2026-06-10T19:27:53Z,,0,,,,,,
2026-06-10T19:37:57Z,525,,14.5,47.7,5.93,13.9,66.1,7.92
2026-06-10T20:27:53Z,,0,,,,,,
2026-06-10T21:27:53Z,,0,,,,,,
2026-06-10T21:38:30Z,510,,10.6,64.7,6.31,11.4,78.2,8.02
2026-06-10T22:27:53Z,,0,,,,,,
2026-06-10T23:27:53Z,,0,,,,,,
2026-06-10T23:38:50Z,780,,10.2,76.4,7.27,10.7,85.7,8.41
2026-06-11T00:27:52Z,,0,,,,,,
2026-06-11T01:27:53Z,,0,,,,,,
2026-06-11T01:38:55Z,1245,,10.7,88.7,8.71,11.3,90.7,9.25
2026-06-11T02:27:53Z,,5e-05,,,,,,
2026-06-11T03:27:53Z,,0.0001,,,,,,
2026-06-11T04:27:53Z,,0.00015,,,,,,
2026-06-11T05:27:52Z,,0.0002,,,,,,
2026-06-11T05:38:34Z,2340,,24.3,56.7,12.55,20.4,61.8,10.93
2026-06-11T06:27:52Z,,0,,,,,,
2026-06-11T07:27:53Z,,0,,,,,,
2026-06-11T07:39:19Z,2115,,36.7,20.8,9.0,22.3,41.9,8.27
2026-06-11T08:27:53Z,,0,,,,,,
2026-06-11T09:27:53Z,,0,,,,,,
2026-06-11T09:38:46Z,1770,,39.8,16.6,8.41,21.1,44.6,8.22
2026-06-11T10:27:53Z,,0,,,,,,
2026-06-11T11:27:53Z,,0,,,,,,
2026-06-11T11:39:22Z,780,,30.7,20.9,6.59,17.8,51.3,7.78
2026-06-11T12:27:53Z,,0,,,,,,
2026-06-11T13:27:53Z,,0,,,,,,
2026-06-11T13:39:53Z,525,,24.3,27,5.98,16.5,54.1,7.59
2026-06-11T14:27:53Z,,0,,,,,,
2026-06-11T15:27:53Z,,0,,,,,,
2026-06-11T15:39:44Z,525,,18.4,36,5.66,14.5,66.1,8.22
2026-06-11T16:27:53Z,,0,,,,,,
2026-06-11T17:27:53Z,,0,,,,,,
2026-06-11T17:40:24Z,510,,13.3,47.9,5.53,12.6,75.3,8.33
2026-06-11T18:27:53Z,,0,,,,,,
2026-06-11T19:27:53Z,,0,,,,,,
2026-06-11T19:41:03Z,510,,11.9,54.1,5.73,10.7,90,8.84
2026-06-11T20:27:53Z,,0,,,,,,
2026-06-11T21:27:53Z,,0,,,,,,
2026-06-11T21:41:33Z,495,,11.9,62.4,6.61,10.6,100,9.76
2026-06-11T22:27:53Z,,0,,,,,,
2026-06-11T23:27:53Z,,0,,,,,,
2026-06-11T23:41:56Z,510,,12.3,69.6,7.55,11.1,100,10.07
2026-06-12T00:27:53Z,,0,,,,,,
2026-06-12T01:27:53Z,,0,,,,,,
2026-06-12T01:41:42Z,750,,13,79.9,9.06,11.9,100,10.59
2026-06-12T02:27:53Z,,0,,,,,,
2026-06-12T03:27:54Z,,0,,,,,,
2026-06-12T03:41:03Z,1410,,14.7,87.6,11.02,12.9,100,11.27
2026-06-12T04:27:53Z,,5e-05,,,,,,
2026-06-12T05:27:53Z,,0.0001,,,,,,
2026-06-12T05:40:46Z,1350,,14.8,83.4,10.56,12.6,100,11.06
2026-06-12T06:27:53Z,,0,,,,,,
2026-06-12T07:27:53Z,,0,,,,,,
2026-06-12T07:41:00Z,1335,,18.9,66.5,10.77,13.3,98.1,11.33
2026-06-12T08:27:53Z,,0,,,,,,
2026-06-12T09:27:53Z,,0,,,,,,
2026-06-12T09:40:40Z,1110,,24.3,46.3,10.25,15.1,87.1,11.23
2026-06-12T10:27:53Z,,0,,,,,,
2026-06-12T11:27:53Z,,0,,,,,,
2026-06-12T11:41:13Z,1050,,26.2,38.5,9.48,16.2,76.2,10.5
2026-06-12T12:27:53Z,,0,,,,,,
2026-06-12T13:27:53Z,,0,,,,,,
2026-06-12T13:40:32Z,1005,,30.3,29.1,8.98,17.1,69.3,10.08
2026-06-12T14:27:53Z,,0,,,,,,
2026-06-12T15:27:53Z,,0,,,,,,
2026-06-12T15:39:56Z,540,,27.7,30.3,8.11,17.6,66.5,9.97
2026-06-12T16:27:52Z,,0,,,,,,
2026-06-12T17:27:53Z,,0,,,,,,
2026-06-12T17:39:46Z,525,,21.5,38.3,7.22,16.3,71.7,9.94
2026-06-12T18:27:53Z,,0,,,,,,
2026-06-12T19:27:53Z,,0,,,,,,
2026-06-12T19:40:00Z,510,,16,49.1,6.69,14.4,76.5,9.45
2026-06-12T20:27:53Z,,0,,,,,,
2026-06-12T21:27:52Z,,0,,,,,,
2026-06-12T21:40:17Z,510,,11.5,60.4,6.24,12.1,83.7,8.97
2026-06-12T22:27:53Z,,0,,,,,,
2026-06-12T23:27:53Z,,0,,,,,,
2026-06-12T23:40:08Z,495,,10.1,70.6,6.67,10.9,88.1,8.76
2026-06-13T00:27:53Z,,0,,,,,,
2026-06-13T01:27:53Z,,0,,,,,,
2026-06-13T01:40:42Z,570,,9.7,77.4,7.13,10.3,90,8.62
2026-06-13T02:27:53Z,,0,,,,,,
2026-06-13T03:27:53Z,,0,,,,,,
2026-06-13T03:40:42Z,1710,,12.2,88.5,9.55,11.3,91.3,9.31
2026-06-13T04:27:53Z,,5e-05,,,,,,
2026-06-13T05:27:53Z,,0.00011,,,,,,
2026-06-13T05:39:54Z,1890,,20.5,60.4,10.75,15.4,77.3,10.15
2026-06-13T06:27:53Z,,0,,,,,,
2026-06-13T07:27:53Z,,0,,,,,,
2026-06-13T07:39:34Z,1125,,21.6,48.2,9.14,15.6,74.9,9.96
2026-06-13T08:27:53Z,,0,,,,,,
2026-06-13T09:27:53Z,,0,,,,,,
2026-06-13T09:40:12Z,765,,22.2,45.4,8.91,16,77,10.49
2026-06-13T10:27:54Z,,0,,,,,,
2026-06-13T11:27:53Z,,0,,,,,,
2026-06-13T11:39:28Z,1350,,17.5,63.9,9.52,13.6,83.9,9.87
2026-06-13T12:27:53Z,,0,,,,,,
2026-06-13T13:27:53Z,,0,,,,,,
2026-06-13T13:39:43Z,1185,,15.8,64.1,8.62,12,86.6,9.23
2026-06-13T14:27:53Z,,0,,,,,,
2026-06-13T15:27:53Z,,0,,,,,,
2026-06-13T15:40:24Z,1170,,14.4,70.7,8.74,11.5,90.3,9.32
2026-06-13T16:27:53Z,,0,,,,,,
2026-06-13T17:27:53Z,,0,,,,,,
2026-06-13T17:40:13Z,1125,,12.6,76.8,8.49,10.9,92.7,9.22
2026-06-13T18:27:52Z,,0,,,,,,
2026-06-13T19:27:53Z,,0,,,,,,
2026-06-13T19:40:52Z,1215,,11.6,82.7,8.59,10.2,96.5,9.18
2026-06-13T20:27:53Z,,0,,,,,,
2026-06-13T21:27:53Z,,0,,,,,,
2026-06-13T21:40:07Z,1410,,11.4,87.1,8.94,10,97.3,9.14
2026-06-13T22:27:53Z,,3e-05,,,,,,
2026-06-13T23:27:53Z,,7e-05,,,,,,
2026-06-13T23:40:26Z,1605,,11.3,88.9,9.06,9.9,96.2,8.98
2026-06-14T00:27:53Z,,0.00012,,,,,,
2026-06-14T01:27:53Z,,0.00018,,,,,,
2026-06-14T01:39:49Z,1620,,11.3,90.4,9.22,9.7,99.3,9.15
2026-06-14T02:27:53Z,,0.00025,,,,,,
2026-06-14T03:27:53Z,,0.00032,,,,,,
2026-06-14T03:40:20Z,1710,,11.6,89.7,9.32,9.7,98.7,9.1
2026-06-14T04:27:53Z,,0.00039,,,,,,
2026-06-14T05:27:53Z,,0.00045,,,,,,
2026-06-14T05:41:05Z,1710,,13,78.8,8.93,10.7,89.2,8.76
2026-06-14T06:27:54Z,,0.00012,,,,,,
2026-06-14T07:27:53Z,,0,,,,,,
2026-06-14T07:40:40Z,1710,,17.7,59,8.9,11.9,81.5,8.63
2026-06-14T08:27:52Z,,0,,,,,,
2026-06-14T09:27:53Z,,0,,,,,,
2026-06-14T09:40:26Z,1965,,25.2,40.1,9.34,14.3,70.7,8.68
2026-06-14T10:27:53Z,,0,,,,,,
2026-06-14T11:27:53Z,,0,,,,,,
2026-06-14T11:40:06Z,1455,,32.7,23.2,8.14,15.4,64,8.41
2026-06-14T12:27:53Z,,0,,,,,,
2026-06-14T13:27:53Z,,0,,,,,,
2026-06-14T13:40:52Z,525,,18.2,43.4,6.74,12.6,82.5,9.12
2026-06-14T14:27:53Z,,0,,,,,,
2026-06-14T15:27:53Z,,0,,,,,,
2026-06-14T15:41:03Z,930,,17.3,61.4,9.04,13.4,88.1,10.24
2026-06-14T16:27:53Z,,0,,,,,,
2026-06-14T17:27:53Z,,0,,,,,,
2026-06-14T17:40:30Z,1020,,17.4,61.7,9.14,13.4,87.4,10.16
2026-06-14T18:27:53Z,,0,,,,,,
2026-06-14T19:27:53Z,,0,,,,,,
2026-06-14T19:40:49Z,570,,13.4,72.1,8.38,12.9,89.8,10.12
2026-06-14T20:27:53Z,,0,,,,,,
2026-06-14T21:27:53Z,,0,,,,,,
2026-06-14T21:41:22Z,495,,9.9,78.9,7.36,11.2,92.7,9.39
2026-06-14T22:27:53Z,,0,,,,,,
2026-06-14T23:27:53Z,,0,,,,,,
2026-06-14T23:41:12Z,510,,9.6,80.5,7.37,10.7,94.6,9.29
2026-06-15T00:27:53Z,,0,,,,,,
2026-06-15T01:27:53Z,,0,,,,,,
2026-06-15T01:40:38Z,1020,,10.5,87.1,8.44,10.6,95.9,9.36
2026-06-15T02:27:53Z,,3e-05,,,,,,
2026-06-15T03:27:53Z,,7e-05,,,,,,
2026-06-15T03:41:19Z,1905,,13.3,91.7,10.59,11.5,96.8,9.99
2026-06-15T04:27:53Z,,0.00016,,,,,,
2026-06-15T05:27:53Z,,0.00026,,,,,,
2026-06-15T05:40:38Z,1845,,15.4,85.7,11.26,12.7,96.2,10.7
2026-06-15T06:27:53Z,,0.00028,,,,,,
2026-06-15T07:27:53Z,,0.0003,,,,,,
2026-06-15T07:39:58Z,1230,,18,67.8,10.41,13.8,93.2,11.1
2026-06-15T08:27:53Z,,0,,,,,,
2026-06-15T09:27:53Z,,0,,,,,,
2026-06-15T09:39:27Z,1890,,17.8,84.6,12.84,14.9,95,12.1
2026-06-15T10:27:53Z,,0,,,,,,
2026-06-15T11:27:53Z,,0,,,,,,
2026-06-15T11:39:55Z,2130,,20.9,70.3,12.8,15.5,87.7,11.59
2026-06-15T12:27:53Z,,0,,,,,,
2026-06-15T13:27:53Z,,0,,,,,,
2026-06-15T13:39:27Z,1215,,25.4,44.7,10.53,16.2,81.8,11.28
2026-06-15T14:27:53Z,,0,,,,,,
2026-06-15T15:27:53Z,,0,,,,,,
2026-06-15T15:39:54Z,1095,,23.9,46.5,10.06,15.1,85.2,10.99
2026-06-15T16:27:53Z,,0,,,,,,
2026-06-15T17:27:53Z,,0,,,,,,
2026-06-15T17:39:42Z,900,,21.9,47.1,9.09,14.5,83.6,10.39
2026-06-15T18:27:53Z,,0,,,,,,
2026-06-15T19:27:52Z,,0,,,,,,
2026-06-15T19:40:02Z,525,,13.5,68.4,8.0,13,88.2,10.0
2026-06-15T20:27:53Z,,0,,,,,,
2026-06-15T21:27:52Z,,0,,,,,,
2026-06-15T21:40:39Z,510,,8.3,73.9,6.23,10.1,91.7,8.67
2026-06-15T22:27:53Z,,0,,,,,,
2026-06-15T23:27:53Z,,0,,,,,,
2026-06-15T23:41:35Z,510,,6.4,78.8,5.87,8.6,93.8,8.06
2026-06-16T00:27:53Z,,0,,,,,,
2026-06-16T01:27:53Z,,0,,,,,,
2026-06-16T01:42:10Z,495,,6.6,83.2,6.28,8.2,95.6,8.0
2026-06-16T02:27:53Z,,0,,,,,,
2026-06-16T03:27:53Z,,0,,,,,,
2026-06-16T03:41:48Z,1755,,10.2,96.5,9.18,10.7,90.3,8.87
2026-06-16T04:27:53Z,,0.00017,,,,,,
2026-06-16T05:27:53Z,,0.00034,,,,,,
2026-06-16T05:42:15Z,2925,,20.4,81.4,14.4,17.6,78.3,11.74
2026-06-16T06:27:53Z,,1e-05,,,,,,
2026-06-16T07:27:52Z,,0,,,,,,
2026-06-16T07:41:50Z,1545,,34.9,30.1,11.86,23.9,55.4,11.99
2026-06-16T08:27:53Z,,0,,,,,,
2026-06-16T09:27:53Z,,0,,,,,,
2026-06-16T09:42:39Z,1680,,41.3,18.6,10.16,24.2,45.8,10.08
2026-06-16T10:27:53Z,,0,,,,,,
2026-06-16T11:27:53Z,,0,,,,,,
2026-06-16T11:42:11Z,1965,,42.6,17,9.91,21.1,50.9,9.38
2026-06-16T12:27:53Z,,0,,,,,,
2026-06-16T13:27:53Z,,0,,,,,,
2026-06-16T13:42:14Z,1695,,39.6,19.2,9.63,21.4,50.8,9.52
2026-06-16T14:27:52Z,,0,,,,,,
2026-06-16T15:27:53Z,,0,,,,,,
2026-06-16T15:42:10Z,825,,36.8,17.8,7.74,22.2,46.1,9.05
2026-06-16T16:27:53Z,,0,,,,,,
2026-06-16T17:27:53Z,,0,,,,,,
2026-06-16T17:42:47Z,540,,26.3,29,7.18,19.8,58.7,10.02
2026-06-16T18:27:53Z,,0,,,,,,
2026-06-16T19:27:53Z,,0,,,,,,
2026-06-16T19:42:23Z,525,,18.7,43.3,6.93,17.4,67.1,9.94
2026-06-16T20:27:53Z,,0,,,,,,
2026-06-16T21:27:53Z,,0,,,,,,
2026-06-16T21:42:05Z,510,,14.7,55.4,6.97,15.1,75.5,9.74
2026-06-16T22:27:53Z,,0,,,,,,
2026-06-16T23:27:53Z,,0,,,,,,
2026-06-16T23:42:32Z,510,,13.9,68.9,8.26,14.4,83.5,10.32
2026-06-17T00:27:53Z,,0,,,,,,
2026-06-17T01:27:53Z,,0,,,,,,
2026-06-17T01:42:19Z,1260,,13.9,73.8,8.84,13.2,81.6,9.37
2026-06-17T02:27:53Z,,0,,,,,,
2026-06-17T03:27:53Z,,0,,,,,,
2026-06-17T03:41:59Z,1350,,14.1,72.4,8.78,12.5,83.4,9.17
2026-06-17T04:27:53Z,,0,,,,,,
2026-06-17T05:27:53Z,,0,,,,,,
2026-06-17T05:41:12Z,1560,,14.5,76.7,9.54,13,84,9.52
2026-06-17T06:27:53Z,,0,,,,,,
2026-06-17T07:27:53Z,,0,,,,,,
2026-06-17T07:40:25Z,1410,,14.8,77.8,9.85,12.9,90.8,10.23
2026-06-17T08:27:53Z,,0,,,,,,
2026-06-17T09:27:53Z,,0,,,,,,
2026-06-17T09:40:35Z,1545,,15.9,82.7,11.2,14,93.2,11.24
2026-06-17T10:27:53Z,,0,,,,,,
2026-06-17T11:27:53Z,,0,,,,,,
2026-06-17T11:41:30Z,1395,,16.8,79.5,11.36,14.6,94.7,11.85
2026-06-17T12:27:53Z,,0,,,,,,
2026-06-17T13:27:53Z,,0,,,,,,
2026-06-17T13:40:58Z,1485,,17.5,80.4,11.98,15.2,94.5,12.26
2026-06-17T14:27:53Z,,0,,,,,,
2026-06-17T15:27:53Z,,0,,,,,,
2026-06-17T15:41:40Z,1485,,17.1,80.1,11.66,15.3,91.5,11.94
2026-06-17T16:27:53Z,,0,,,,,,
2026-06-17T17:27:53Z,,0,,,,,,
2026-06-17T17:41:08Z,1455,,16,78.2,10.65,15.4,82.4,10.82
2026-06-17T18:27:53Z,,0,,,,,,
2026-06-17T19:27:53Z,,0,,,,,,
2026-06-17T19:40:42Z,1350,,14.7,73.7,9.28,14.9,76.2,9.71
2026-06-17T20:27:53Z,,0,,,,,,
2026-06-17T21:27:53Z,,0,,,,,,
2026-06-17T21:40:05Z,1185,,12.4,78.9,8.62,13.4,79.8,9.27
2026-06-17T22:27:53Z,,0,,,,,,
2026-06-17T23:27:53Z,,0,,,,,,
2026-06-17T23:40:10Z,1215,,10.9,83.7,8.32,12.2,82,8.85
2026-06-18T00:27:53Z,,0,,,,,,
2026-06-18T01:27:53Z,,0,,,,,,
2026-06-18T01:39:21Z,1290,,9.8,85.5,7.93,10.7,84.9,8.34
2026-06-18T02:27:53Z,,1e-05,,,,,,
2026-06-18T03:27:53Z,,2e-05,,,,,,
2026-06-18T03:39:33Z,2205,,13.5,89.1,10.42,14.3,75.3,9.25
2026-06-18T04:27:53Z,,8e-05,,,,,,
2026-06-18T05:27:53Z,,0.00015,,,,,,
2026-06-18T05:39:50Z,2100,,25,49.9,11.49,20.8,57.7,10.45
2026-06-18T06:27:53Z,,0,,,,,,
2026-06-18T07:27:53Z,,0,,,,,,
2026-06-18T07:39:18Z,1890,,38.8,24,11.56,27.2,42,10.94
2026-06-18T08:27:53Z,,0,,,,,,
2026-06-18T09:27:53Z,,0,,,,,,
2026-06-18T09:38:21Z,2130,,40.9,18.2,9.75,24.8,39,8.88
2026-06-18T10:27:53Z,,0,,,,,,
2026-06-18T11:27:53Z,,0,,,,,,
2026-06-18T11:38:41Z,2850,,49.8,12.2,10.05,24.4,38,8.46
2026-06-18T12:27:54Z,,0,,,,,,
2026-06-18T13:27:53Z,,0,,,,,,
2026-06-18T13:38:39Z,1635,,35.4,21.3,8.61,22.6,42.8,8.6
2026-06-18T14:27:53Z,,0,,,,,,
2026-06-18T15:27:53Z,,0,,,,,,
2026-06-18T15:39:09Z,660,,32.9,23.7,8.4,21.7,53.2,10.15
2026-06-18T16:27:53Z,,0,,,,,,
2026-06-18T17:27:54Z,,0,,,,,,
2026-06-18T17:39:48Z,540,,24.4,33.3,7.41,19.5,56.2,9.43
2026-06-18T18:27:54Z,,0,,,,,,
2026-06-18T19:27:53Z,,0,,,,,,
2026-06-18T19:39:19Z,525,,18.5,43.5,6.88,17.3,60.1,8.85
2026-06-18T20:27:53Z,,0,,,,,,
2026-06-18T21:27:53Z,,0,,,,,,
2026-06-18T21:39:32Z,525,,15.6,52.9,7.03,15.7,66.1,8.84
2026-06-18T22:27:53Z,,0,,,,,,
2026-06-18T23:27:53Z,,0,,,,,,
2026-06-18T23:40:06Z,510,,14.5,61.1,7.6,14.9,73.1,9.31
2026-06-19T00:27:53Z,,0,,,,,,
2026-06-19T01:27:53Z,,0,,,,,,
2026-06-19T01:39:26Z,510,,13.3,68.3,7.89,14.2,79.6,9.72
2026-06-19T02:27:53Z,,0,,,,,,
2026-06-19T03:27:53Z,,0,,,,,,
2026-06-19T03:38:47Z,1905,,16.5,80.1,11.24,17.2,72.8,10.66
2026-06-19T04:27:53Z,,0,,,,,,
2026-06-19T05:27:53Z,,0,,,,,,
2026-06-19T05:39:22Z,1830,,27.8,37,9.96,23.1,46,9.51
2026-06-19T06:27:54Z,,0,,,,,,
2026-06-19T07:27:53Z,,0,,,,,,
2026-06-19T07:39:50Z,2280,,41,18.3,9.85,28.5,31.2,8.73
2026-06-19T08:27:53Z,,0,,,,,,
2026-06-19T09:27:53Z,,0,,,,,,
2026-06-19T09:40:14Z,3000,,49.5,12.5,10.16,28.4,28.9,8.04
2026-06-19T10:27:53Z,,0,,,,,,
2026-06-19T11:27:53Z,,0,,,,,,
2026-06-19T11:40:31Z,1740,,42.4,14.8,8.54,23.5,39.7,8.4
2026-06-19T12:27:53Z,,0,,,,,,
2026-06-19T13:27:54Z,,0,,,,,,
2026-06-19T13:40:19Z,1635,,41.8,13.8,7.73,23.4,36.5,7.68
2026-06-19T14:27:53Z,,0,,,,,,
2026-06-19T15:27:54Z,,0,,,,,,
2026-06-19T15:40:11Z,855,,31.8,24,8.03,22.1,47.7,9.31
2026-06-19T16:27:53Z,,0,,,,,,
2026-06-19T17:27:53Z,,0,,,,,,
2026-06-19T17:39:32Z,585,,28,27.5,7.48,21.8,49.8,9.55
2026-06-19T18:27:53Z,,0,,,,,,
2026-06-19T19:27:53Z,,0,,,,,,
2026-06-19T19:39:00Z,525,,19.5,42,7.05,19.5,58.7,9.85
2026-06-19T20:27:53Z,,0,,,,,,
2026-06-19T21:27:53Z,,0,,,,,,
2026-06-19T21:39:37Z,510,,13.9,53.5,6.41,16,65.3,8.89
2026-06-19T22:27:53Z,,0,,,,,,
2026-06-19T23:27:53Z,,0,,,,,,
2026-06-19T23:40:18Z,510,,10,61.4,5.77,12.9,73.3,8.26
2026-06-20T00:27:53Z,,0,,,,,,
2026-06-20T01:27:53Z,,0,,,,,,
2026-06-20T01:40:03Z,825,,10.6,72.4,7.06,12.3,74.9,8.13
2026-06-20T02:27:53Z,,0,,,,,,
2026-06-20T03:27:53Z,,0,,,,,,
2026-06-20T03:39:34Z,1965,,14.8,87.5,11.08,15.8,76.4,10.28
2026-06-20T04:27:53Z,,5e-05,,,,,,
2026-06-20T05:27:53Z,,9e-05,,,,,,
2026-06-20T05:39:55Z,1425,,23.6,49.9,10.61,19.6,64.8,10.94
2026-06-20T06:27:53Z,,0,,,,,,
2026-06-20T07:27:53Z,,0,,,,,,
2026-06-20T07:39:05Z,1665,,30.9,34.5,10.99,22.1,56,10.93
2026-06-20T08:27:53Z,,0,,,,,,
2026-06-20T09:27:53Z,,0,,,,,,
2026-06-20T09:38:18Z,1830,,40.8,21.4,11.4,24.7,48.7,11.03
2026-06-20T10:27:53Z,,0,,,,,,
2026-06-20T11:27:53Z,,0,,,,,,
2026-06-20T11:38:34Z,1680,,42,22.7,12.84,24.4,57.8,12.87
2026-06-20T12:27:53Z,,0,,,,,,
2026-06-20T13:27:53Z,,0,,,,,,
2026-06-20T13:38:57Z,1200,,37.2,28.1,12.47,22.8,66.4,13.49
2026-06-20T14:27:53Z,,0,,,,,,
2026-06-20T15:27:54Z,,0,,,,,,
2026-06-20T15:38:43Z,1020,,34.9,31.5,12.41,23.2,66.9,13.91
2026-06-20T16:27:53Z,,0,,,,,,
2026-06-20T17:27:53Z,,0,,,,,,
2026-06-20T17:38:51Z,870,,27.7,41.6,11.13,22.4,65,12.91
2026-06-20T18:27:53Z,,0,,,,,,
2026-06-20T19:27:53Z,,0,,,,,,
2026-06-20T19:38:30Z,960,,20.9,56.9,10.36,20.2,66.7,11.66
2026-06-20T20:27:53Z,,0,,,,,,
2026-06-20T21:27:52Z,,0,,,,,,
2026-06-20T21:38:21Z,1155,,17.9,76,11.6,18.5,79.4,12.56
2026-06-20T22:27:53Z,,0,,,,,,
2026-06-20T23:27:53Z,,0,,,,,,
2026-06-20T23:38:58Z,1410,,18.1,79.3,12.25,18.5,79.2,12.53
2026-06-21T00:27:53Z,,0,,,,,,
2026-06-21T01:27:53Z,,0,,,,,,
2026-06-21T01:39:00Z,1455,,17,85.9,12.42,17.2,86.7,12.69
2026-06-21T02:27:53Z,,2e-05,,,,,,
2026-06-21T03:27:53Z,,5e-05,,,,,,
2026-06-21T03:38:32Z,1830,,18.3,89,13.91,18.9,82.4,13.35
2026-06-21T04:27:53Z,,0.00012,,,,,,
2026-06-21T05:27:53Z,,0.0002,,,,,,
2026-06-21T05:39:05Z,1875,,28.1,58.2,15.92,25.1,65,15.05
2026-06-21T06:27:53Z,,0,,,,,,
2026-06-21T07:27:53Z,,0,,,,,,
2026-06-21T07:39:05Z,1710,,42,28,15.84,31.5,47.6,15.67
2026-06-21T08:27:53Z,,0,,,,,,
2026-06-21T09:27:53Z,,0,,,,,,
2026-06-21T09:38:17Z,1890,,49.7,18.3,15.01,32.1,42.1,14.31
2026-06-21T10:27:54Z,,0,,,,,,
2026-06-21T11:27:53Z,,0,,,,,,
2026-06-21T11:37:38Z,1860,,46.4,18.9,13.25,29,44.5,12.79
2026-06-21T12:27:53Z,,0,,,,,,
2026-06-21T13:27:53Z,,0,,,,,,
2026-06-21T13:37:00Z,1830,,46.6,16.4,11.61,27.3,43,11.26
2026-06-21T14:27:53Z,,0,,,,,,
2026-06-21T15:27:53Z,,0,,,,,,
2026-06-21T15:37:02Z,1335,,39.1,20.1,9.83,26.8,41,10.44
2026-06-21T16:27:53Z,,0,,,,,,
2026-06-21T17:27:53Z,,0,,,,,,
2026-06-21T17:37:37Z,600,,32.1,23.6,8.02,25.5,41.6,9.85
2026-06-21T18:27:54Z,,0,,,,,,
2026-06-21T19:27:53Z,,0,,,,,,
2026-06-21T19:38:17Z,540,,21.9,33.2,6.41,21.8,47.2,9.06
2026-06-21T20:27:53Z,,0,,,,,,
2026-06-21T21:27:53Z,,0,,,,,,
2026-06-21T21:38:18Z,525,,15.5,45.4,6.0,17.9,56.6,8.64
2026-06-21T22:27:53Z,,0,,,,,,
2026-06-21T23:27:53Z,,0,,,,,,
2026-06-21T23:38:18Z,510,,13.1,53.3,6.08,15.5,60.1,7.94
2026-06-22T00:27:53Z,,0,,,,,,
2026-06-22T01:27:53Z,,0,,,,,,
2026-06-22T01:38:19Z,510,,11.2,60.8,6.16,13.7,66.1,7.82
2026-06-22T02:27:53Z,,0,,,,,,
2026-06-22T03:27:53Z,,0,,,,,,
2026-06-22T03:38:54Z,2370,,15.6,75.5,10.04,17.5,58.4,8.7
2026-06-22T04:27:53Z,,0,,,,,,
2026-06-22T05:27:53Z,,0,,,,,,
2026-06-22T05:39:43Z,2070,,25.8,39.4,9.49,20.7,48.4,8.71
2026-06-22T06:27:53Z,,0,,,,,,
2026-06-22T07:27:53Z,,0,,,,,,
2026-06-22T07:39:05Z,2550,,38,21.6,9.99,25.1,36.4,8.43
2026-06-22T08:27:53Z,,0,,,,,,
2026-06-22T09:27:53Z,,0,,,,,,
2026-06-22T09:38:41Z,2430,,45.7,14.1,9.56,26.6,33.4,8.41
2026-06-22T10:27:53Z,,0,,,,,,
2026-06-22T11:27:53Z,,0,,,,,,
2026-06-22T11:38:27Z,2430,,46.4,12.3,8.62,22.9,37,7.56
2026-06-22T12:27:53Z,,0,,,,,,
2026-06-22T13:27:53Z,,0,,,,,,
2026-06-22T13:37:45Z,1515,,42.5,11.8,6.84,22.3,35.5,7.01
2026-06-22T14:27:53Z,,0,,,,,,
2026-06-22T15:27:53Z,,0,,,,,,
2026-06-22T15:37:01Z,1050,,36.1,13.9,5.83,21.6,34.2,6.49
2026-06-22T16:27:53Z,,0,,,,,,
2026-06-22T17:27:53Z,,0,,,,,,
2026-06-22T17:37:18Z,540,,26.8,16.7,4.25,19.8,32.7,5.58
2026-06-22T18:27:53Z,,0,,,,,,
2026-06-22T19:27:53Z,,0,,,,,,
2026-06-22T19:37:36Z,525,,16.8,23.1,3.3,16.4,37.9,5.29
2026-06-22T20:27:53Z,,0,,,,,,
2026-06-22T21:27:53Z,,0,,,,,,
2026-06-22T21:37:30Z,510,,12.7,30.4,3.38,14,48.4,5.84
2026-06-22T22:27:53Z,,0,,,,,,
2026-06-22T23:27:54Z,,0,,,,,,
2026-06-22T23:37:28Z,495,,8.7,41.7,3.61,10.9,57.6,5.73
2026-06-23T00:27:53Z,,0,,,,,,
2026-06-23T01:27:53Z,,0,,,,,,
2026-06-23T01:37:50Z,495,,7.3,49.9,3.94,9.6,67.6,6.19
2026-06-23T02:27:53Z,,0,,,,,,
2026-06-23T03:27:53Z,,0,,,,,,
2026-06-23T03:38:21Z,1485,,11.4,69.2,7.1,13.7,61,7.22
2026-06-23T04:27:53Z,,0,,,,,,
2026-06-23T05:27:53Z,,0,,,,,,
2026-06-23T05:38:30Z,2520,,25,36.9,8.5,20.4,40.5,7.16
2026-06-23T06:27:53Z,,0,,,,,,
2026-06-23T07:27:53Z,,0,,,,,,
2026-06-23T07:39:04Z,2205,,33.7,19,7.03,22,32.7,6.35
2026-06-23T08:27:53Z,,0,,,,,,
2026-06-23T09:27:53Z,,0,,,,,,
2026-06-23T09:39:35Z,2415,,42.1,12.7,7.22,23.4,30,6.31
2026-06-23T10:27:52Z,,0,,,,,,
2026-06-23T11:27:52Z,,0,,,,,,
2026-06-23T11:39:36Z,2850,,43.4,11.3,6.85,19.8,34.1,5.82
2026-06-23T12:27:52Z,,0,,,,,,
2026-06-23T13:27:52Z,,0,,,,,,
2026-06-23T13:40:11Z,1470,,39.9,11.6,5.91,20.2,34.9,6.1
2026-06-23T14:27:52Z,,0,,,,,,
2026-06-23T15:27:52Z,,0,,,,,,
2026-06-23T15:39:24Z,660,,30.6,17.7,5.55,19.4,40.1,6.69
2026-06-23T16:27:53Z,,0,,,,,,
2026-06-23T17:27:53Z,,0,,,,,,
2026-06-23T17:39:27Z,525,,23,22.7,4.67,18,43.6,6.69
2026-06-23T18:27:52Z,,0,,,,,,
2026-06-23T19:27:52Z,,0,,,,,,
2026-06-23T19:39:09Z,525,,16.5,29.8,4.18,15.8,48.8,6.57
2026-06-23T20:27:52Z,,0,,,,,,
2026-06-23T21:27:52Z,,0,,,,,,
2026-06-23T21:38:58Z,510,,13.5,41.3,4.83,14,56.9,6.86
2026-06-23T22:27:52Z,,0,,,,,,
2026-06-23T23:27:52Z,,0,,,,,,
2026-06-23T23:38:54Z,525,,12.9,51.4,5.79,13.3,62.2,7.18
2026-06-24T00:27:52Z,,0,,,,,,
2026-06-24T01:27:52Z,,0,,,,,,
2026-06-24T01:38:35Z,1020,,13,60.1,6.81,13.1,65.9,7.52
2026-06-24T02:27:52Z,,0,,,,,,
2026-06-24T03:27:52Z,,0,,,,,,
2026-06-24T03:38:47Z,1275,,13.2,71.8,8.24,12.8,77.6,8.69
2026-06-24T04:27:52Z,,0,,,,,,
2026-06-24T05:27:52Z,,0,,,,,,
2026-06-24T05:38:17Z,1680,,15,82.1,10.52,13.8,86.8,10.34
2026-06-24T06:27:52Z,,0,,,,,,
2026-06-24T07:27:52Z,,0,,,,,,
2026-06-24T07:38:41Z,1710,,16.6,81.9,11.57,14.4,91,11.24
2026-06-24T08:27:53Z,,0,,,,,,
2026-06-24T09:27:52Z,,0,,,,,,
2026-06-24T09:38:33Z,2115,,18.7,78.7,12.6,15.1,88,11.35
2026-06-24T10:27:52Z,,0,,,,,,
2026-06-24T11:27:52Z,,0,,,,,,
2026-06-24T11:38:04Z,1815,,29.6,39.5,11.73,17,78.1,11.3
2026-06-24T12:27:52Z,,0,,,,,,
2026-06-24T13:27:52Z,,0,,,,,,
2026-06-24T13:38:32Z,1800,,36.1,23.4,9.81,17.7,63.1,9.52
2026-06-24T14:27:52Z,,0,,,,,,
2026-06-24T15:27:52Z,,0,,,,,,
2026-06-24T15:38:12Z,750,,30.9,26,8.29,19,60.2,9.81
2026-06-24T16:27:52Z,,0,,,,,,
2026-06-24T17:27:52Z,,0,,,,,,
2026-06-24T17:38:02Z,540,,28.1,27,7.39,19.1,56.8,9.31
2026-06-24T18:27:52Z,,0,,,,,,
2026-06-24T19:27:52Z,,0,,,,,,
2026-06-24T19:38:02Z,525,,16.8,36.3,5.19,15.6,68.3,9.08
2026-06-24T20:27:52Z,,0,,,,,,
2026-06-24T21:27:52Z,,0,,,,,,
2026-06-24T21:38:11Z,510,,10.8,52.2,5.16,12.4,78.4,8.56
2026-06-24T22:27:52Z,,0,,,,,,
2026-06-24T23:27:52Z,,0,,,,,,
2026-06-24T23:37:50Z,495,,9.7,64.9,5.98,11.2,81,8.21
2026-06-25T00:27:52Z,,0,,,,,,
2026-06-25T01:27:52Z,,0,,,,,,
2026-06-25T01:37:49Z,555,,9.2,71.9,6.42,10.5,80,7.76
2026-06-25T02:27:52Z,,0,,,,,,
2026-06-25T03:27:53Z,,0,,,,,,
2026-06-25T03:38:01Z,2220,,12.9,86.9,9.79,14.7,69.3,8.72
2026-06-25T04:27:52Z,,4e-05,,,,,,
2026-06-25T05:27:53Z,,7e-05,,,,,,
2026-06-25T05:38:00Z,2025,,26.6,39.9,10.05,20,53.9,9.31
2026-06-25T06:27:52Z,,0,,,,,,
2026-06-25T07:27:52Z,,0,,,,,,
2026-06-25T07:37:19Z,2220,,36.7,22.4,9.69,23.8,40.4,8.69
2026-06-25T08:27:52Z,,0,,,,,,
2026-06-25T09:27:52Z,,0,,,,,,
2026-06-25T09:37:50Z,2280,,45.1,13.6,8.96,26,32.9,8.01
2026-06-25T10:27:52Z,,0,,,,,,
2026-06-25T11:27:52Z,,0,,,,,,
2026-06-25T11:38:21Z,1920,,45.5,12.5,8.39,24.4,36.1,8.04
2026-06-25T12:27:51Z,,0,,,,,,
2026-06-25T13:27:52Z,,0,,,,,,
2026-06-25T13:38:18Z,1470,,38.6,16,7.63,22.8,38.9,7.9
2026-06-25T14:27:52Z,,0,,,,,,
2026-06-25T15:27:52Z,,0,,,,,,
2026-06-25T15:38:55Z,540,,30.3,23.2,7.16,21.9,46.2,8.91
2026-06-25T16:27:52Z,,0,,,,,,
2026-06-25T17:27:52Z,,0,,,,,,
2026-06-25T17:38:11Z,525,,20,40.8,7.05,18.3,64.6,10.1
2026-06-25T18:27:52Z,,0,,,,,,
2026-06-25T19:27:52Z,,0,,,,,,
2026-06-25T19:37:38Z,525,,16.3,61.1,8.47,15.8,78.8,10.6
2026-06-25T20:27:52Z,,0,,,,,,
2026-06-25T21:27:52Z,,0,,,,,,
2026-06-25T21:38:22Z,720,,13.9,74,8.87,14.5,83.8,10.42
2026-06-25T22:27:52Z,,0,,,,,,
2026-06-25T23:27:52Z,,0,,,,,,
2026-06-25T23:38:24Z,720,,12.3,79.5,8.63,13.2,88.3,10.13
2026-06-26T00:27:52Z,,0,,,,,,
2026-06-26T01:27:52Z,,0,,,,,,
2026-06-26T01:39:04Z,870,,10.9,82,8.15,11.6,89.3,9.28
2026-06-26T02:27:52Z,,0,,,,,,
2026-06-26T03:27:52Z,,0,,,,,,
2026-06-26T03:39:09Z,1950,,14,94.1,11.35,14.4,85.2,10.53
2026-06-26T04:27:52Z,,0.00015,,,,,,
2026-06-26T05:27:52Z,,0.0003,,,,,,
2026-06-26T05:39:44Z,2385,,22.9,64.5,13.18,20.5,64,11.39
2026-06-26T06:27:52Z,,0,,,,,,
2026-06-26T07:27:52Z,,0,,,,,,
2026-06-26T07:40:12Z,1920,,36.8,26.5,11.52,26.1,44.5,10.9
2026-06-26T08:27:52Z,,0,,,,,,
2026-06-26T09:27:53Z,,0,,,,,,
2026-06-26T09:40:41Z,2205,,42.1,18.2,10.35,25.3,40,9.37
2026-06-26T10:27:52Z,,0,,,,,,
2026-06-26T11:27:52Z,,0,,,,,,
2026-06-26T11:40:18Z,2010,,46.3,13.9,9.7,23.4,43.3,9.11
2026-06-26T12:27:52Z,,0,,,,,,
2026-06-26T13:27:52Z,,0,,,,,,
2026-06-26T13:39:31Z,930,,36.9,18.4,8.04,23.5,44,9.31
2026-06-26T14:27:52Z,,0,,,,,,
2026-06-26T15:27:52Z,,0,,,,,,
2026-06-26T15:39:43Z,540,,28.2,27.9,7.68,22.2,48.2,9.46
2026-06-26T16:27:52Z,,0,,,,,,
2026-06-26T17:27:52Z,,0,,,,,,
2026-06-26T17:40:06Z,525,,18.7,42.7,6.83,17.6,63.1,9.46
2026-06-26T18:27:53Z,,0,,,,,,
2026-06-26T19:27:52Z,,0,,,,,,
2026-06-26T19:40:18Z,510,,15.8,57.3,7.71,15.9,72.3,9.79
2026-06-26T20:27:52Z,,0,,,,,,
2026-06-26T21:27:52Z,,0,,,,,,
2026-06-26T21:40:15Z,1050,,14.7,72.3,9.1,14.5,80.8,10.05
2026-06-26T22:27:52Z,,0,,,,,,
2026-06-26T23:27:52Z,,0,,,,,,
2026-06-26T23:40:34Z,1380,,14,80.4,9.69,13.7,83.9,9.93
2026-06-27T00:27:52Z,,0,,,,,,
2026-06-27T01:27:52Z,,0,,,,,,
2026-06-27T01:40:46Z,1410,,13.9,83.6,10.02,13.7,86.4,10.23
2026-06-27T02:27:52Z,,0,,,,,,
2026-06-27T03:27:52Z,,0,,,,,,
2026-06-27T03:40:04Z,1980,,15.4,90.6,11.9,15.1,85.6,11.04
2026-06-27T04:27:52Z,,9e-05,,,,,,
2026-06-27T05:27:52Z,,0.00018,,,,,,
2026-06-27T05:40:10Z,2310,,23.5,64.8,13.7,19.2,73,12.03
2026-06-27T06:27:52Z,,0,,,,,,
2026-06-27T07:27:53Z,,0,,,,,,
2026-06-27T07:40:08Z,2055,,29,45.8,13.17,21.2,65.5,12.14
2026-06-27T08:27:52Z,,0,,,,,,
2026-06-27T09:27:52Z,,0,,,,,,
2026-06-27T09:40:57Z,2400,,45,20.1,13.17,25.5,48.9,11.58
2026-06-27T10:27:52Z,,0,,,,,,
2026-06-27T11:27:52Z,,0,,,,,,
2026-06-27T11:40:51Z,2325,,49,14.7,11.67,24.7,46,10.41
2026-06-27T12:27:52Z,,0,,,,,,
2026-06-27T13:27:52Z,,0,,,,,,
2026-06-27T13:41:04Z,1590,,44.1,15.2,9.53,24.9,42.4,9.71
2026-06-27T14:27:52Z,,0,,,,,,
2026-06-27T15:27:52Z,,0,,,,,,
2026-06-27T15:40:59Z,1050,,37.9,19.2,8.83,25.1,42.6,9.86
2026-06-27T16:27:52Z,,0,,,,,,
2026-06-27T17:27:52Z,,0,,,,,,
2026-06-27T17:41:16Z,600,,31,21.9,7.02,24.6,41,9.23
2026-06-27T18:27:52Z,,0,,,,,,
2026-06-27T19:27:52Z,,0,,,,,,
2026-06-27T19:41:08Z,525,,20.8,31,5.61,20.7,54.4,9.79
2026-06-27T20:27:52Z,,0,,,,,,
2026-06-27T21:27:52Z,,0,,,,,,
2026-06-27T21:41:24Z,510,,13.6,45.1,5.31,16.9,65.1,9.36
2026-06-27T22:27:52Z,,0,,,,,,
2026-06-27T23:27:52Z,,0,,,,,,
2026-06-27T23:40:40Z,510,,11,54,5.4,14.2,73.4,8.96
2026-06-28T00:27:52Z,,0,,,,,,
2026-06-28T01:27:52Z,,0,,,,,,
2026-06-28T01:41:16Z,510,,9.8,61.1,5.67,12.8,76.9,8.61
2026-06-28T02:27:52Z,,0,,,,,,
2026-06-28T03:27:52Z,,0,,,,,,
2026-06-28T03:41:20Z,1455,,15.3,79.9,10.43,17.3,72.5,10.68
2026-06-28T04:27:52Z,,0,,,,,,
2026-06-28T05:27:52Z,,0,,,,,,
2026-06-28T05:41:28Z,2070,,25.3,51.8,12.13,22,57.3,11.12
2026-06-28T06:27:52Z,,0,,,,,,
2026-06-28T07:27:52Z,,0,,,,,,
2026-06-28T07:41:23Z,1005,,29.8,32.3,9.7,22.7,53.8,10.87
2026-06-28T08:27:52Z,,0,,,,,,
2026-06-28T09:27:52Z,,0,,,,,,
2026-06-28T09:41:52Z,1590,,37.6,24.9,11.28,24.8,50,11.38
2026-06-28T10:27:52Z,,0,,,,,,
2026-06-28T11:27:52Z,,0,,,,,,
2026-06-28T11:41:05Z,765,,36.3,26.2,11.1,24.8,57.9,13.18
2026-06-28T12:27:52Z,,0,,,,,,
2026-06-28T13:27:52Z,,0,,,,,,
2026-06-28T13:40:30Z,930,,25.1,52.1,12.06,22.2,69.9,13.72
2026-06-28T14:27:52Z,,0,,,,,,
2026-06-28T15:27:52Z,,0,,,,,,
2026-06-28T15:40:15Z,1275,,21.1,72.9,13.43,20.6,79.4,14.21
2026-06-28T16:27:52Z,,0,,,,,,
2026-06-28T17:27:52Z,,0,,,,,,
2026-06-28T17:39:59Z,1395,,19.4,84,14.01,19.1,88.5,14.5
2026-06-28T18:27:52Z,,0,,,,,,
2026-06-28T19:27:52Z,,0,,,,,,
2026-06-28T19:40:17Z,1545,,18.3,88.7,13.86,18.2,89.4,13.89
2026-06-28T20:27:52Z,,7e-05,,,,,,
2026-06-28T21:27:52Z,,0.00015,,,,,,
2026-06-28T21:40:44Z,1455,,17.1,91.6,13.33,17.5,91.5,13.64
2026-06-28T22:27:52Z,,0.00026,,,,,,
2026-06-28T23:27:52Z,,0.00038,,,,,,
2026-06-28T23:40:11Z,1320,,15.8,93.1,12.53,16.7,93,13.21
2026-06-29T00:27:52Z,,0.00052,,,,,,
2026-06-29T01:27:52Z,,0.00065,,,,,,
2026-06-29T01:39:37Z,1590,,16,97.7,13.31,16.5,95,13.33
2026-06-29T02:27:52Z,,0.00093,,,,,,
2026-06-29T03:27:52Z,,0.0012,,,,,,
2026-06-29T03:39:55Z,1980,,17.7,97.5,14.71,17.3,92.5,13.62
2026-06-29T04:27:52Z,,0.00149,,,,,,
2026-06-29T05:27:52Z,,0.00177,,,,,,
2026-06-29T05:39:50Z,3405,,23.6,90.4,19.23,20.8,76.5,13.85
2026-06-29T06:27:52Z,,0.00189,,,,,,
2026-06-29T07:27:52Z,,0.00201,,,,,,
2026-06-29T07:39:26Z,1695,,38.8,31,14.93,28,54,14.69
2026-06-29T08:27:52Z,,0.00168,,,,,,
2026-06-29T09:27:52Z,,0.00134,,,,,,
2026-06-29T09:39:48Z,2340,,50.3,18.7,15.78,30.2,45.4,13.93
2026-06-29T10:27:52Z,,0.00134,,,,,,
2026-06-29T11:27:52Z,,0.00134,,,,,,
2026-06-29T11:39:45Z,2535,,54,14.6,14.61,27.1,48.8,12.64
2026-06-29T12:27:52Z,,0.00134,,,,,,
2026-06-29T13:27:52Z,,0.00134,,,,,,
2026-06-29T13:40:15Z,1215,,44.4,20.9,13.3,25.9,59.6,14.43
2026-06-29T14:27:52Z,,0.00134,,,,,,
2026-06-29T15:27:53Z,,0.00134,,,,,,
2026-06-29T15:40:26Z,1095,,38.8,25.7,12.38,25.6,57.6,13.72
2026-06-29T16:27:52Z,,0.00134,,,,,,
2026-06-29T17:27:52Z,,0.00134,,,,,,
2026-06-29T17:40:44Z,780,,28.1,40.8,11.16,23.8,62,13.34
2026-06-29T18:27:52Z,,0.00134,,,,,,
2026-06-29T19:27:52Z,,0.00134,,,,,,
2026-06-29T19:40:04Z,540,,21.9,45.5,8.78,21.3,58,10.81
2026-06-29T20:27:52Z,,0.00134,,,,,,
2026-06-29T21:27:52Z,,0.00134,,,,,,
2026-06-29T21:40:38Z,525,,17.1,56.8,8.27,18.5,66.8,10.57
2026-06-29T22:27:52Z,,0.00134,,,,,,
2026-06-29T23:27:52Z,,0.00134,,,,,,
2026-06-29T23:40:49Z,1080,,16.5,76.3,10.71,17.6,78.2,11.72
2026-06-30T00:27:52Z,,0.00134,,,,,,
2026-06-30T01:27:52Z,,0.00134,,,,,,
2026-06-30T01:40:15Z,1590,,17.4,87.6,12.98,17.6,86.4,12.95
2026-06-30T02:27:52Z,,0.0014,,,,,,
2026-06-30T03:27:52Z,,0.00145,,,,,,
2026-06-30T03:39:33Z,1995,,19.8,90.6,15.47,20.3,81.3,14.3
2026-06-30T04:27:52Z,,0.00156,,,,,,
2026-06-30T05:27:52Z,,0.00167,,,,,,
2026-06-30T05:39:44Z,1710,,30.7,48.1,15.16,27.8,55.3,14.88
2026-06-30T06:27:52Z,,0.00133,,,,,,
2026-06-30T07:27:52Z,,0.001,,,,,,
2026-06-30T07:39:44Z,1845,,43.3,25.4,15.32,32,43.7,14.77
2026-06-30T08:27:52Z,,0.00067,,,,,,
2026-06-30T09:27:52Z,,0.00033,,,,,,
2026-06-30T09:39:23Z,2160,,48.3,19.3,14.82,29.5,45.8,13.53
2026-06-30T10:27:52Z,,0,,,,,,
2026-06-30T11:27:52Z,,0,,,,,,
2026-06-30T11:40:12Z,1305,,42.4,19.4,11.19,26.1,49,12.0
2026-06-30T12:27:52Z,,0,,,,,,
2026-06-30T13:27:52Z,,0,,,,,,
2026-06-30T13:40:20Z,1260,,41.8,18,10.08,25.5,45.9,10.87
2026-06-30T14:27:51Z,,0,,,,,,
2026-06-30T15:27:52Z,,0,,,,,,
2026-06-30T15:40:04Z,990,,38.1,17.9,8.32,25.3,40.7,9.53
2026-06-30T16:27:53Z,,0,,,,,,
2026-06-30T17:27:52Z,,0,,,,,,
2026-06-30T17:40:26Z,600,,31.2,22.4,7.25,25,39.2,9.03
2026-06-30T18:27:52Z,,0,,,,,,
2026-06-30T19:27:52Z,,0,,,,,,
2026-06-30T19:40:07Z,540,,20.7,31.8,5.72,21,52.6,9.63
2026-06-30T20:27:52Z,,0,,,,,,
2026-06-30T21:27:51Z,,0,,,,,,
2026-06-30T21:39:52Z,510,,15,47,6.02,17.9,62.1,9.48
2026-06-30T22:27:52Z,,0,,,,,,
2026-06-30T23:27:52Z,,0,,,,,,
2026-06-30T23:39:52Z,510,,14.8,57.1,7.23,16.8,67.8,9.69
2026-07-01T00:27:52Z,,0,,,,,,
2026-07-01T01:27:52Z,,0,,,,,,
2026-07-01T01:40:44Z,690,,15.1,61.3,7.91,16.4,67.5,9.42
2026-07-01T02:27:52Z,,0,,,,,,
2026-07-01T03:27:52Z,,0,,,,,,
2026-07-01T03:40:46Z,1695,,17.3,67.2,9.9,17,67.2,9.72
2026-07-01T04:27:52Z,,0,,,,,,
2026-07-01T05:27:52Z,,0,,,,,,
2026-07-01T05:41:01Z,1815,,27.8,40.7,10.95,22.6,53,10.65
2026-07-01T06:27:52Z,,0,,,,,,
2026-07-01T07:27:52Z,,0,,,,,,
2026-07-01T07:40:59Z,1845,,38.4,22.8,10.76,25.9,42.9,10.39
2026-07-01T08:27:52Z,,0,,,,,,
2026-07-01T09:27:52Z,,0,,,,,,
2026-07-01T09:40:27Z,2160,,47.2,14.9,10.86,26.6,39.1,9.85
2026-07-01T10:27:52Z,,0,,,,,,
2026-07-01T11:27:52Z,,0,,,,,,
2026-07-01T11:39:46Z,1695,,45.1,14.1,9.29,24.8,40.6,9.24
2026-07-01T12:27:52Z,,0,,,,,,
2026-07-01T13:27:52Z,,0,,,,,,
2026-07-01T13:39:18Z,1335,,38.3,18.4,8.64,23.8,42.6,9.16
2026-07-01T14:27:52Z,,0,,,,,,
2026-07-01T15:27:53Z,,0,,,,,,
2026-07-01T15:39:46Z,1335,,35.6,20.6,8.42,23,43.2,8.88
2026-07-01T16:27:52Z,,0,,,,,,
2026-07-01T17:27:52Z,,0,,,,,,
2026-07-01T17:39:54Z,780,,27.7,28.6,7.66,21.7,47,8.96
2026-07-01T18:27:53Z,,0,,,,,,
2026-07-01T19:27:53Z,,0,,,,,,
2026-07-01T19:39:19Z,525,,21,36.8,6.74,20.2,51.6,9.02
2026-07-01T20:27:52Z,,0,,,,,,
2026-07-01T21:27:52Z,,0,,,,,,
2026-07-01T21:39:14Z,510,,18.2,43.6,6.77,18.9,56.6,9.17
2026-07-01T22:27:52Z,,0,,,,,,
2026-07-01T23:27:52Z,,0,,,,,,
2026-07-01T23:38:44Z,510,,16.9,48.5,6.97,17.2,69.2,10.13
2026-07-02T00:27:52Z,,0,,,,,,
2026-07-02T01:27:52Z,,0,,,,,,
2026-07-02T01:39:15Z,570,,15.3,67.3,8.79,15.5,80.4,10.62
2026-07-02T02:27:52Z,,0,,,,,,
2026-07-02T03:27:52Z,,0,,,,,,
2026-07-02T03:39:14Z,1155,,15.9,75.7,10.25,15.7,82.2,10.99
2026-07-02T04:27:52Z,,0,,,,,,
2026-07-02T05:27:52Z,,0,,,,,,
2026-07-02T05:39:24Z,1725,,18,77.1,11.84,16.6,81.7,11.54
2026-07-02T06:27:53Z,,0,,,,,,
2026-07-02T07:27:52Z,,0,,,,,,
2026-07-02T07:38:37Z,1890,,22.7,58.1,11.74,17.6,74.5,11.17
2026-07-02T08:27:52Z,,0,,,,,,
2026-07-02T09:27:52Z,,0,,,,,,
2026-07-02T09:39:06Z,2985,,32,40.1,13.56,20.8,61.8,11.19
2026-07-02T10:27:52Z,,0,,,,,,
2026-07-02T11:27:52Z,,0,,,,,,
2026-07-02T11:38:29Z,1905,,38,24.3,11.24,21.3,57.4,10.7
2026-07-02T12:27:52Z,,0,,,,,,
2026-07-02T13:27:52Z,,0,,,,,,
2026-07-02T13:38:37Z,1005,,38.2,20.4,9.53,21.2,58.6,10.86
2026-07-02T14:27:52Z,,0,,,,,,
2026-07-02T15:27:53Z,,0,,,,,,
2026-07-02T15:38:37Z,900,,20.4,57.6,10.19,16,85.2,11.6
2026-07-02T16:27:52Z,,0,,,,,,
2026-07-02T17:27:52Z,,0,,,,,,
2026-07-02T17:39:13Z,1170,,19.2,69,11.37,16.9,85.3,12.26
2026-07-02T18:27:53Z,,0,,,,,,
2026-07-02T19:27:52Z,,0,,,,,,
2026-07-02T19:38:52Z,915,,15.5,78.3,10.35,15.3,89.7,11.71
2026-07-02T20:27:52Z,,0,,,,,,
2026-07-02T21:27:52Z,,0,,,,,,
2026-07-02T22:27:52Z,,0,,,,,,
2026-07-02T23:27:52Z,,0,,,,,,
2026-07-02T23:39:47Z,510,,10.8,84.5,8.35,13.4,92.2,10.71
2026-07-03T00:27:52Z,,0,,,,,,
2026-07-03T01:27:52Z,,0,,,,,,
2026-07-03T01:39:51Z,825,,11.8,88.6,9.32,13.3,93,10.74
2026-07-03T02:27:52Z,,5e-05,,,,,,
2026-07-03T03:27:51Z,,0.00011,,,,,,
2026-07-03T03:40:32Z,2175,,16.7,98.2,13.95,16,92.1,12.54
2026-07-03T04:27:52Z,,0.00041,,,,,,
2026-07-03T05:27:52Z,,0.00071,,,,,,
2026-07-03T05:40:09Z,1800,,16.8,89.8,12.83,15.8,92,12.38
2026-07-03T06:27:52Z,,0.0008,,,,,,
2026-07-03T07:27:52Z,,0.00088,,,,,,
2026-07-03T07:40:06Z,1815,,16.7,87.3,12.4,14.7,93.6,11.78
2026-07-03T08:27:52Z,,0.00093,,,,,,
2026-07-03T09:27:52Z,,0.00098,,,,,,
2026-07-03T09:39:48Z,1785,,19.4,83,13.84,16.8,93,13.29
2026-07-03T10:27:52Z,,0.00064,,,,,,
2026-07-03T11:27:52Z,,0.00031,,,,,,
2026-07-03T11:40:10Z,2850,,24.8,66.6,15.16,17.5,84.7,12.62
2026-07-03T12:27:53Z,,0,,,,,,
2026-07-03T13:27:52Z,,0,,,,,,
2026-07-03T13:39:59Z,1410,,23.4,57.8,12.16,17.7,83.8,12.64
2026-07-03T14:27:52Z,,0,,,,,,
2026-07-03T15:27:52Z,,0,,,,,,
2026-07-03T15:39:45Z,1515,,26.6,50,12.59,18.2,82.4,12.8
2026-07-03T16:27:52Z,,0,,,,,,
2026-07-03T17:27:52Z,,0,,,,,,
2026-07-03T17:40:12Z,1275,,21.9,61.3,11.83,17.2,85.9,12.57
2026-07-03T18:27:52Z,,0,,,,,,
2026-07-03T19:27:52Z,,0,,,,,,
2026-07-03T19:40:23Z,960,,16.6,76.4,10.79,16.2,88,12.13
2026-07-03T20:27:52Z,,0,,,,,,
2026-07-03T21:27:53Z,,0,,,,,,
2026-07-03T21:41:12Z,750,,13.8,81.9,9.75,14.7,91.3,11.49
2026-07-03T22:27:52Z,,0,,,,,,
2026-07-03T23:27:52Z,,0,,,,,,
2026-07-03T23:41:07Z,825,,12.9,86.8,9.78,14.1,93.1,11.29
2026-07-04T00:27:52Z,,3e-05,,,,,,
2026-07-04T01:27:52Z,,7e-05,,,,,,
2026-07-04T01:41:14Z,1185,,12.9,93.7,10.56,13.7,95.1,11.26
2026-07-04T02:27:52Z,,0.0002,,,,,,
2026-07-04T03:27:52Z,,0.00033,,,,,,
2026-07-04T03:40:44Z,2070,,15.1,96.3,12.42,13.7,95.7,11.33
2026-07-04T04:27:52Z,,0.00055,,,,,,
2026-07-04T05:27:52Z,,0.00076,,,,,,
2026-07-04T05:40:56Z,2385,,20.4,83.1,14.7,17.3,86.5,12.74
2026-07-04T06:27:52Z,,0.00043,,,,,,
2026-07-04T07:27:52Z,,0.0001,,,,,,
2026-07-04T07:41:40Z,540,,28.1,37.5,10.26,18.8,78.7,12.67
2026-07-04T08:27:52Z,,0,,,,,,
2026-07-04T09:27:52Z,,0,,,,,,
2026-07-04T09:41:10Z,585,,20.6,57,10.2,17,85.6,12.38
2026-07-04T10:27:52Z,,0,,,,,,
2026-07-04T11:27:52Z,,0,,,,,,
2026-07-04T11:40:51Z,1335,,20.8,67.2,12.17,17.3,87,12.81
2026-07-04T12:27:52Z,,0,,,,,,
2026-07-04T13:27:53Z,,0,,,,,,
2026-07-04T13:40:38Z,2010,,29.1,48.3,13.96,18.5,81.6,12.91
2026-07-04T14:27:52Z,,0,,,,,,
2026-07-04T15:27:52Z,,0,,,,,,
2026-07-04T15:41:08Z,1185,,30.3,33.3,10.27,18.3,71.5,11.18
2026-07-04T16:27:52Z,,0,,,,,,
2026-07-04T17:27:52Z,,0,,,,,,
2026-07-04T17:40:56Z,645,,19.9,56.8,9.76,16.6,82.7,11.68
2026-07-04T18:27:52Z,,0,,,,,,
2026-07-04T19:27:52Z,,0,,,,,,
2026-07-04T19:41:37Z,585,,17.2,66.9,9.79,15.9,87.5,11.85
2026-07-04T20:27:52Z,,0,,,,,,
2026-07-04T21:27:52Z,,0,,,,,,
2026-07-04T21:41:10Z,510,,13.3,75.8,8.75,14.1,91.3,11.08
2026-07-04T22:27:52Z,,0,,,,,,
2026-07-04T23:27:52Z,,0,,,,,,
2026-07-04T23:40:40Z,960,,13.6,84.6,9.95,13.9,93.2,11.17
2026-07-05T00:27:52Z,,0,,,,,,
2026-07-05T01:27:52Z,,0,,,,,,
2026-07-05T01:40:38Z,1155,,14,87.6,10.56,13.9,94.6,11.34
2026-07-05T02:27:51Z,,5e-05,,,,,,
2026-07-05T03:27:52Z,,9e-05,,,,,,
2026-07-05T03:40:44Z,1560,,14.7,92.3,11.62,14.2,95.4,11.64
2026-07-05T04:27:52Z,,0.00021,,,,,,
2026-07-05T05:27:52Z,,0.00033,,,,,,
2026-07-05T05:40:26Z,1590,,15.2,90.1,11.69,14,96.8,11.67
2026-07-05T06:27:52Z,,0.00041,,,,,,
2026-07-05T07:27:52Z,,0.00049,,,,,,
2026-07-05T07:40:51Z,1875,,16.7,89.4,12.7,14.6,96.5,12.07
2026-07-05T08:27:53Z,,0.00057,,,,,,
2026-07-05T09:27:52Z,,0.00065,,,,,,
2026-07-05T09:41:10Z,2265,,20.9,81.7,14.88,16.8,92.5,13.22
2026-07-05T10:27:52Z,,0.00032,,,,,,
2026-07-05T11:27:52Z,,0,,,,,,
2026-07-05T11:41:05Z,1635,,20.8,74.7,13.52,16.9,92.8,13.34
2026-07-05T12:27:52Z,,0,,,,,,
2026-07-05T13:27:52Z,,0,,,,,,
2026-07-05T13:41:31Z,1605,,20.1,76.4,13.28,16.8,92.5,13.22
2026-07-05T14:27:53Z,,0,,,,,,
2026-07-05T15:27:52Z,,0,,,,,,
2026-07-05T15:40:49Z,1590,,18.9,78.1,12.65,15.9,92.7,12.55
2026-07-05T16:27:52Z,,0,,,,,,
2026-07-05T17:27:52Z,,0,,,,,,
2026-07-05T17:40:43Z,1500,,19.7,71.4,12.12,15.8,91.7,12.34
2026-07-05T18:27:52Z,,0,,,,,,
2026-07-05T19:27:52Z,,0,,,,,,
2026-07-05T19:40:28Z,1290,,16,84.3,11.48,14.9,95.1,12.12
2026-07-05T20:27:52Z,,0,,,,,,
2026-07-05T21:27:52Z,,0,,,,,,
2026-07-05T21:40:33Z,1320,,14.8,90.3,11.43,14.5,96.5,12.0
2026-07-05T22:27:52Z,,8e-05,,,,,,
2026-07-05T23:27:52Z,,0.00017,,,,,,
2026-07-05T23:40:56Z,1410,,14.2,92.2,11.25,13.8,96.9,11.54
2026-07-06T00:27:52Z,,0.00028,,,,,,
2026-07-06T01:27:52Z,,0.00039,,,,,,
2026-07-06T01:41:27Z,1485,,13.7,93.8,11.1,13.3,97.6,11.27
2026-07-06T02:27:52Z,,0.00053,,,,,,
2026-07-06T03:27:52Z,,0.00067,,,,,,
2026-07-06T03:41:49Z,1950,,14.9,97,12.36,13.6,97.8,11.51
2026-07-06T04:27:52Z,,0.00091,,,,,,
2026-07-06T05:27:52Z,,0.00115,,,,,,
2026-07-06T05:41:49Z,1860,,17.7,85,12.82,15.1,94.7,12.21
2026-07-06T06:27:52Z,,0.00115,,,,,,
2026-07-06T07:27:52Z,,0.00115,,,,,,
2026-07-06T07:41:13Z,1530,,21.2,67.6,12.53,16.4,91.1,12.71
2026-07-06T08:27:52Z,,0.00081,,,,,,
2026-07-06T09:27:52Z,,0.00048,,,,,,
2026-07-06T09:41:10Z,1740,,23.4,59.5,12.51,17.6,80.8,12.11
2026-07-06T10:27:52Z,,0.00015,,,,,,
2026-07-06T11:27:52Z,,0,,,,,,
2026-07-06T11:40:41Z,1065,,25.3,42,9.84,16,79.9,10.88
2026-07-06T12:27:52Z,,0,,,,,,
2026-07-06T13:27:52Z,,0,,,,,,
2026-07-06T13:40:48Z,1470,,20.6,48.9,8.75,13.8,74.7,8.9
2026-07-06T14:27:52Z,,0,,,,,,
2026-07-06T15:27:52Z,,0,,,,,,
2026-07-06T15:40:37Z,1500,,23.5,37.4,7.91,13.7,68.2,8.07
2026-07-06T16:27:52Z,,0,,,,,,
2026-07-06T17:27:52Z,,0,,,,,,
2026-07-06T17:40:52Z,735,,15.7,49.6,6.63,12.2,73.1,7.89
2026-07-06T18:27:52Z,,0,,,,,,
2026-07-06T19:27:52Z,,0,,,,,,
2026-07-06T19:41:18Z,465,,10.3,62.5,5.98,10.4,76.4,7.36
2026-07-06T20:27:52Z,,0,,,,,,
2026-07-06T21:27:52Z,,0,,,,,,
2026-07-06T21:41:25Z,1380,,8.9,83.3,7.3,9.3,83.8,7.53
2026-07-06T22:27:52Z,,0,,,,,,
2026-07-06T23:27:52Z,,0,,,,,,
2026-07-06T23:41:13Z,1575,,9.7,85,7.83,8.7,90.1,7.79
2026-07-07T00:27:52Z,,0,,,,,,
2026-07-07T01:27:52Z,,0,,,,,,
2026-07-07T01:40:29Z,1575,,9.7,88.4,8.15,8.6,95.4,8.2
2026-07-07T02:27:52Z,,4e-05,,,,,,
2026-07-07T03:27:52Z,,9e-05,,,,,,
2026-07-07T03:40:23Z,1635,,10.8,92.7,9.16,9.6,98.9,9.06
2026-07-07T04:27:52Z,,0.00019,,,,,,
2026-07-07T05:27:52Z,,0.00029,,,,,,
2026-07-07T05:41:24Z,1935,,12.7,95.1,10.58,10.9,99.7,9.91
2026-07-07T06:27:53Z,,0.00045,,,,,,
2026-07-07T07:27:53Z,,0.00061,,,,,,
2026-07-07T07:40:36Z,1845,,15.3,85.7,11.19,12.8,95.4,10.68
2026-07-07T08:27:52Z,,0.00063,,,,,,
2026-07-07T09:27:52Z,,0.00065,,,,,,
2026-07-07T09:40:32Z,1425,,18.2,68.2,10.6,13.7,92.2,10.91
2026-07-07T10:27:52Z,,0.00031,,,,,,
2026-07-07T11:27:52Z,,0,,,,,,
2026-07-07T11:40:14Z,1605,,18.1,73.2,11.31,14.3,91.9,11.29
2026-07-07T12:27:52Z,,0,,,,,,
2026-07-07T13:27:52Z,,0,,,,,,
2026-07-07T13:39:39Z,1620,,24.5,50.8,11.37,15.8,84.2,11.33
2026-07-07T14:27:52Z,,0,,,,,,
2026-07-07T15:27:52Z,,0,,,,,,
2026-07-07T15:39:51Z,1200,,20.2,55.4,9.68,14.7,82.6,10.4
2026-07-07T16:27:53Z,,0,,,,,,
2026-07-07T17:27:53Z,,0,,,,,,
2026-07-07T17:40:31Z,1065,,16.6,69.1,9.76,14.2,88.7,10.83
2026-07-07T18:27:52Z,,0,,,,,,
2026-07-07T19:27:52Z,,0,,,,,,
2026-07-07T19:40:38Z,945,,13.6,78.6,9.25,12.8,92.6,10.37
2026-07-07T20:27:52Z,,0,,,,,,
2026-07-07T21:27:52Z,,0,,,,,,
2026-07-07T21:40:35Z,510,,9.8,83.6,7.75,10.9,95,9.45
2026-07-07T22:27:52Z,,0,,,,,,
2026-07-07T23:27:52Z,,0,,,,,,
2026-07-07T23:40:23Z,765,,8.4,88.4,7.5,9.6,96,8.79
2026-07-08T00:27:52Z,,4e-05,,,,,,
2026-07-08T01:27:52Z,,8e-05,,,,,,
2026-07-08T01:40:12Z,1425,,9.8,93.8,8.7,9.7,96.4,8.88
2026-07-08T02:27:52Z,,0.00019,,,,,,
2026-07-08T03:27:52Z,,0.0003,,,,,,
2026-07-08T03:40:07Z,1830,,11.6,95.9,9.96,10.6,97.4,9.5
2026-07-08T04:27:52Z,,0.00047,,,,,,
2026-07-08T05:27:52Z,,0.00064,,,,,,
2026-07-08T05:40:48Z,2505,,14.5,97.4,12.11,12.1,96.4,10.33
2026-07-08T06:27:52Z,,0.00089,,,,,,
2026-07-08T07:27:52Z,,0.00113,,,,,,
2026-07-08T07:41:25Z,2850,,22.5,68.8,13.74,15.3,87.1,11.37
2026-07-08T08:27:52Z,,0.0008,,,,,,
2026-07-08T09:27:52Z,,0.00047,,,,,,
2026-07-08T09:41:14Z,1620,,29.3,38.3,11.19,17.8,73.5,11.15
2026-07-08T10:27:52Z,,0.00013,,,,,,
2026-07-08T11:27:52Z,,0,,,,,,
2026-07-08T11:40:42Z,2280,,38.1,25.1,11.67,19.4,62.4,10.41
2026-07-08T12:27:53Z,,0,,,,,,
2026-07-08T13:27:52Z,,0,,,,,,
2026-07-08T13:40:44Z,555,,30.7,26.7,8.42,19.1,64.9,10.64
2026-07-08T14:27:52Z,,0,,,,,,
2026-07-08T15:27:52Z,,0,,,,,,
2026-07-08T15:40:42Z,540,,23.9,34.1,7.38,17.5,72.6,10.82
2026-07-08T16:27:53Z,,0,,,,,,
2026-07-08T17:27:52Z,,0,,,,,,
2026-07-08T17:41:01Z,525,,18.2,46.9,7.29,15.9,79.3,10.73
2026-07-08T18:27:52Z,,0,,,,,,
2026-07-08T19:27:52Z,,0,,,,,,
2026-07-08T19:41:44Z,525,,15.9,58.1,7.87,15.4,81.1,10.65
2026-07-08T20:27:52Z,,0,,,,,,
2026-07-08T21:27:52Z,,0,,,,,,
2026-07-08T21:42:34Z,525,,14.9,64.3,8.19,15.2,80.7,10.47
2026-07-08T22:27:52Z,,0,,,,,,
2026-07-08T23:27:52Z,,0,,,,,,
2026-07-08T23:42:34Z,525,,14.4,67.4,8.33,14.7,81.1,10.21
2026-07-09T00:27:52Z,,0,,,,,,
2026-07-09T01:27:53Z,,0,,,,,,
2026-07-09T01:41:49Z,765,,14.3,69.9,8.58,14.5,81,10.07
2026-07-09T02:27:53Z,,0,,,,,,
2026-07-09T03:27:52Z,,0,,,,,,
2026-07-09T03:41:58Z,930,,14.3,71.2,8.74,14.6,79.1,9.89
2026-07-09T04:27:52Z,,0,,,,,,
2026-07-09T05:27:53Z,,0,,,,,,
2026-07-09T05:41:57Z,1155,,14.9,74.2,9.45,14.6,81.6,10.21
2026-07-09T06:27:51Z,,0,,,,,,
2026-07-09T07:27:52Z,,0,,,,,,
2026-07-09T07:41:11Z,1620,,17.3,76.5,11.27,15,87.4,11.2
2026-07-09T08:27:52Z,,0,,,,,,
2026-07-09T09:27:53Z,,0,,,,,,
2026-07-09T09:41:41Z,1395,,17.8,73,11.08,15,89.9,11.52
2026-07-09T10:27:52Z,,0,,,,,,
2026-07-09T11:27:53Z,,0,,,,,,
2026-07-09T11:40:56Z,1500,,17.1,78.2,11.38,14.5,93.3,11.6
2026-07-09T12:27:52Z,,0,,,,,,
2026-07-09T13:27:52Z,,0,,,,,,
2026-07-09T13:41:03Z,2985,,24.7,69.5,15.73,16.3,89.9,12.47
2026-07-09T14:27:52Z,,0,,,,,,
2026-07-09T15:27:53Z,,0,,,,,,
2026-07-09T15:40:42Z,1395,,27.8,44.8,12.06,17.8,83.4,12.65
2026-07-09T16:27:52Z,,0,,,,,,
2026-07-09T17:27:52Z,,0,,,,,,
2026-07-09T17:39:57Z,780,,22.6,53,10.65,17.4,84.7,12.55
2026-07-09T18:27:52Z,,0,,,,,,
2026-07-09T19:27:52Z,,0,,,,,,
2026-07-09T19:39:30Z,540,,16.7,66.4,9.43,15.9,89.3,12.09
2026-07-09T20:27:52Z,,0,,,,,,
2026-07-09T21:27:52Z,,0,,,,,,
2026-07-09T21:39:11Z,540,,12.4,75.3,8.22,13.8,93.7,11.16
2026-07-09T22:27:52Z,,0,,,,,,
2026-07-09T23:27:52Z,,0,,,,,,
2026-07-09T23:39:27Z,960,,13.5,85.1,9.95,13.5,95.3,11.14
2026-07-10T00:27:52Z,,0,,,,,,
2026-07-10T01:27:52Z,,1e-05,,,,,,
2026-07-10T01:40:13Z,1425,,14.6,91.6,11.46,14,97.1,11.71
2026-07-10T02:27:52Z,,0.00011,,,,,,
2026-07-10T03:27:52Z,,0.00021,,,,,,
2026-07-10T03:40:57Z,1785,,15.8,91.7,12.34,14.4,96.3,11.9
2026-07-10T04:27:52Z,,0.00032,,,,,,
2026-07-10T05:27:52Z,,0.00044,,,,,,
2026-07-10T05:40:14Z,2130,,21.4,77.1,14.45,18.1,84.4,13.04
2026-07-10T06:27:53Z,,0.0001,,,,,,
2026-07-10T07:27:52Z,,0,,,,,,
2026-07-10T07:39:26Z,1935,,37.2,31.3,13.89,24.3,59.3,13.12
2026-07-10T08:27:52Z,,0,,,,,,
2026-07-10T09:27:52Z,,0,,,,,,
2026-07-10T09:38:59Z,1680,,41.2,19.7,10.71,23.6,50,10.64
2026-07-10T10:27:53Z,,0,,,,,,
2026-07-10T11:27:52Z,,0,,,,,,
2026-07-10T11:39:39Z,1920,,46,15.2,10.46,21.9,51.9,10.01
2026-07-10T12:27:52Z,,0,,,,,,
2026-07-10T13:27:52Z,,0,,,,,,
2026-07-10T13:39:46Z,1635,,35.3,24.2,9.74,20.3,55.7,9.79
2026-07-10T14:27:52Z,,0,,,,,,
2026-07-10T15:27:51Z,,0,,,,,,
2026-07-10T15:39:16Z,1170,,35.5,20,8.13,20.4,50.2,8.88
2026-07-10T16:27:52Z,,0,,,,,,
2026-07-10T17:27:52Z,,0,,,,,,
2026-07-10T17:38:29Z,540,,27.6,28.3,7.53,19.9,57.5,9.88
2026-07-10T18:27:52Z,,0,,,,,,
2026-07-10T19:27:52Z,,0,,,,,,
2026-07-10T19:38:09Z,540,,17.2,39.2,5.74,16.7,70.9,10.07
2026-07-10T20:27:52Z,,0,,,,,,
2026-07-10T21:27:52Z,,0,,,,,,
2026-07-10T21:38:21Z,525,,11.5,54.3,5.61,13.6,79.3,9.33
2026-07-10T22:27:52Z,,0,,,,,,
2026-07-10T23:27:52Z,,0,,,,,,
2026-07-10T23:37:48Z,525,,13.3,66.6,7.69,14.7,79.5,10.01
2026-07-11T00:27:52Z,,0,,,,,,
2026-07-11T01:27:52Z,,0,,,,,,
2026-07-11T01:37:42Z,1020,,14.2,72.6,8.86,15.1,76.3,9.84
2026-07-11T02:27:52Z,,0,,,,,,
2026-07-11T03:27:52Z,,0,,,,,,
2026-07-11T03:37:45Z,1395,,16.5,72.3,10.15,16.1,76.1,10.43
2026-07-11T04:27:52Z,,0,,,,,,
2026-07-11T05:27:52Z,,0,,,,,,
2026-07-11T05:38:19Z,1545,,21.8,58.8,11.28,18.4,72.4,11.38
2026-07-11T06:27:52Z,,0,,,,,,
2026-07-11T07:27:53Z,,0,,,,,,
2026-07-11T07:38:05Z,1845,,24.2,55.3,12.17,20.1,67.5,11.73
2026-07-11T08:27:52Z,,0,,,,,,
2026-07-11T09:27:52Z,,0,,,,,,
2026-07-11T09:38:17Z,1395,,31.6,37.5,12.41,22.7,64.5,13.03
2026-07-11T10:27:52Z,,0,,,,,,
2026-07-11T11:27:53Z,,0,,,,,,
2026-07-11T11:38:25Z,2310,,47.2,21.8,15.88,24.4,63.6,14.16
2026-07-11T12:27:52Z,,0,,,,,,
2026-07-11T13:27:52Z,,0,,,,,,
2026-07-11T13:39:06Z,1635,,45.6,20.6,13.9,25.8,58.7,14.14
2026-07-11T14:27:52Z,,0,,,,,,
2026-07-11T15:27:52Z,,0,,,,,,
2026-07-11T15:39:44Z,1005,,40.8,24.2,12.89,27.2,56.2,14.63
2026-07-11T16:27:52Z,,0,,,,,,
2026-07-11T17:27:52Z,,0,,,,,,
2026-07-11T17:40:14Z,555,,31.4,35.5,11.62,26.6,60.5,15.24
2026-07-11T18:27:52Z,,0,,,,,,
2026-07-11T19:27:52Z,,0,,,,,,
2026-07-11T19:40:04Z,540,,20.2,61.7,10.79,18.3,100,15.63
2026-07-11T20:27:53Z,,0,,,,,,
2026-07-11T21:27:52Z,,0,,,,,,
2026-07-11T21:39:40Z,525,,17.3,73.3,10.79,17.2,100,14.64
2026-07-11T22:27:52Z,,0,,,,,,
2026-07-11T23:27:52Z,,0,,,,,,
2026-07-11T23:38:58Z,525,,15.8,79.6,10.71,16.9,100,14.38
2026-07-12T00:27:52Z,,0,,,,,,
2026-07-12T01:27:53Z,,0,,,,,,
2026-07-12T01:38:58Z,525,,15.8,84.2,11.33,16.7,100,14.21
2026-07-12T02:27:52Z,,0,,,,,,
2026-07-12T03:27:52Z,,0,,,,,,
2026-07-12T03:38:31Z,1065,,17.1,90.7,13.2,17.1,100,14.55
2026-07-12T04:27:52Z,,0.0001,,,,,,
2026-07-12T05:27:52Z,,0.0002,,,,,,
2026-07-12T05:37:55Z,1245,,21,83.7,15.33,19.3,98,16.25
2026-07-12T06:27:52Z,,0,,,,,,
2026-07-12T07:27:53Z,,0,,,,,,
2026-07-12T07:38:33Z,1425,,23.6,80.9,17.21,21.6,93.8,17.79
2026-07-12T08:27:52Z,,0,,,,,,
2026-07-12T09:27:52Z,,0,,,,,,
2026-07-12T09:38:57Z,1740,,34.2,52.4,19.9,25.5,82.5,19.54
2026-07-12T10:27:52Z,,0,,,,,,
2026-07-12T11:27:52Z,,0,,,,,,
2026-07-12T11:38:52Z,1920,,44.4,27.3,17.38,27.3,63.4,16.6
2026-07-12T12:27:52Z,,0,,,,,,
2026-07-12T13:27:52Z,,0,,,,,,
2026-07-12T13:38:11Z,1605,,46.7,24.3,17.29,27.4,67.1,17.66
2026-07-12T14:27:52Z,,0,,,,,,
2026-07-12T15:27:52Z,,0,,,,,,
2026-07-12T15:38:55Z,600,,35.8,26,10.74,22.5,70.7,14.12
2026-07-12T16:27:52Z,,0,,,,,,
2026-07-12T17:27:52Z,,0,,,,,,
2026-07-12T17:38:50Z,540,,24.9,49.5,11.33,21.7,82.6,15.76
2026-07-12T18:27:52Z,,0,,,,,,
2026-07-12T19:27:52Z,,0,,,,,,
2026-07-12T19:39:04Z,525,,20.4,65.7,11.62,20.2,87.9,15.37
2026-07-12T20:27:52Z,,0,,,,,,
2026-07-12T21:27:52Z,,0,,,,,,
2026-07-12T21:39:21Z,525,,19.2,73.9,12.18,20.2,85.9,15.02
2026-07-12T22:27:52Z,,0,,,,,,
2026-07-12T23:27:52Z,,0,,,,,,
2026-07-12T23:38:51Z,795,,18.6,79.5,12.65,19.1,89.5,14.67
2026-07-13T00:27:52Z,,0,,,,,,
2026-07-13T01:27:52Z,,0,,,,,,
2026-07-13T01:38:06Z,960,,17.2,81.9,11.99,17.6,89.7,13.45
2026-07-13T02:27:52Z,,0,,,,,,
2026-07-13T03:27:52Z,,0,,,,,,
2026-07-13T03:37:16Z,1485,,17.3,86.8,12.78,17.4,87.7,12.99
2026-07-13T04:27:52Z,,4e-05,,,,,,
2026-07-13T05:27:53Z,,8e-05,,,,,,
2026-07-13T05:38:04Z,1740,,18.1,83.3,12.87,16.8,88,12.58
2026-07-13T06:27:52Z,,0,,,,,,
2026-07-13T07:27:52Z,,0,,,,,,
2026-07-13T07:38:39Z,1830,,21.6,67.5,12.8,16.6,86.5,12.21
2026-07-13T08:27:52Z,,0,,,,,,
2026-07-13T09:27:52Z,,0,,,,,,
2026-07-13T09:38:19Z,2235,,30.6,47.6,14.93,20.4,75.8,13.41
2026-07-13T10:27:53Z,,0,,,,,,
2026-07-13T11:27:52Z,,0,,,,,,
2026-07-13T11:38:16Z,1200,,31.1,37.7,12.14,20.4,74.5,13.18
2026-07-13T12:27:52Z,,0,,,,,,
2026-07-13T13:27:52Z,,0,,,,,,
2026-07-13T13:38:58Z,840,,26.5,44.6,11.17,19.4,77.7,12.96
2026-07-13T14:27:52Z,,0,,,,,,
2026-07-13T15:27:52Z,,0,,,,,,
2026-07-13T16:27:52Z,,0,,,,,,
2026-07-13T17:27:52Z,,0,,,,,,
2026-07-13T17:38:47Z,945,,22.5,56.7,11.33,19.1,78.3,12.83
2026-07-13T18:27:53Z,,0,,,,,,
2026-07-13T19:27:52Z,,0,,,,,,
2026-07-13T19:38:09Z,855,,19.3,65.6,10.88,18.2,80.3,12.48
2026-07-13T20:27:52Z,,0,,,,,,
2026-07-13T21:27:52Z,,0,,,,,,
2026-07-13T21:37:54Z,1065,,18.1,70.8,10.94,17.7,80,12.07
2026-07-13T22:27:52Z,,0,,,,,,
2026-07-13T23:27:52Z,,0,,,,,,
2026-07-13T23:38:40Z,1155,,17.2,73.1,10.7,16.9,79.9,11.49
2026-07-14T00:27:52Z,,0,,,,,,
2026-07-14T01:27:52Z,,0,,,,,,
2026-07-14T01:39:33Z,870,,13.5,78.7,9.2,14.5,85,10.57
2026-07-14T02:27:52Z,,0,,,,,,
2026-07-14T03:27:52Z,,0,,,,,,
2026-07-14T03:39:09Z,1815,,15.1,89.9,11.59,16.4,79.8,11.13
2026-07-14T04:27:52Z,,8e-05,,,,,,
2026-07-14T05:27:52Z,,0.00016,,,,,,
2026-07-14T05:38:33Z,2370,,26,54.5,13.27,21.1,62.6,11.53
2026-07-14T06:27:52Z,,0,,,,,,
2026-07-14T07:27:52Z,,0,,,,,,
2026-07-14T07:39:11Z,1665,,31.2,35.2,11.4,21.2,60.5,11.21
2026-07-14T08:27:52Z,,0,,,,,,
2026-07-14T09:27:52Z,,0,,,,,,
2026-07-14T09:39:30Z,2535,,41.5,25.1,13.85,24.2,53.5,11.77
2026-07-14T10:27:52Z,,0,,,,,,
2026-07-14T11:27:53Z,,0,,,,,,
2026-07-14T11:39:48Z,2370,,47.6,16.9,12.55,21.8,57.6,11.05
2026-07-14T12:27:52Z,,0,,,,,,
2026-07-14T13:27:52Z,,0,,,,,,
2026-07-14T13:39:54Z,1770,,45.8,15.8,10.76,21.9,54.8,10.57
2026-07-14T14:27:53Z,,0,,,,,,
2026-07-14T15:27:52Z,,0,,,,,,
2026-07-14T15:39:08Z,945,,40,18.4,9.42,23.1,52.7,10.89
2026-07-14T16:27:52Z,,0,,,,,,
2026-07-14T17:27:52Z,,0,,,,,,
2026-07-14T17:39:57Z,555,,30.8,23.1,7.32,22.3,52.9,10.45
2026-07-14T18:27:53Z,,0,,,,,,
2026-07-14T19:27:52Z,,0,,,,,,
2026-07-14T19:40:38Z,525,,19.1,37.8,6.19,18.6,70.2,11.17
2026-07-14T20:27:52Z,,0,,,,,,
2026-07-14T21:27:52Z,,0,,,,,,
2026-07-14T21:41:27Z,525,,13,53,6.01,15.7,81,10.83
2026-07-14T22:27:52Z,,0,,,,,,
2026-07-14T23:27:52Z,,0,,,,,,
2026-07-14T23:40:37Z,510,,10.8,67.1,6.63,13.7,83.8,9.92
2026-07-15T00:27:52Z,,0,,,,,,
2026-07-15T01:27:52Z,,0,,,,,,
2026-07-15T01:40:16Z,510,,10.6,77,7.51,13.2,84.9,9.74
2026-07-15T02:27:52Z,,0,,,,,,
2026-07-15T03:27:52Z,,0,,,,,,
2026-07-15T03:40:51Z,1590,,15.1,88.3,11.39,16.9,79.2,11.39
2026-07-15T04:27:53Z,,6e-05,,,,,,
2026-07-15T05:27:53Z,,0.00012,,,,,,
2026-07-15T05:40:01Z,2520,,26.3,57.3,14.19,24.1,55.1,12.06
2026-07-15T06:27:53Z,,0,,,,,,
2026-07-15T07:27:52Z,,0,,,,,,
2026-07-15T07:39:35Z,1485,,38,27.3,12.63,28.1,47.5,13.0
2026-07-15T08:27:53Z,,0,,,,,,
2026-07-15T09:27:52Z,,0,,,,,,
2026-07-15T09:39:12Z,1980,,41.9,22.2,12.49,26.6,46.6,11.74
2026-07-15T10:27:52Z,,0,,,,,,
2026-07-15T11:27:52Z,,0,,,,,,
2026-07-15T11:38:25Z,2370,,45.7,17.3,11.73,25.2,44.4,10.34
2026-07-15T12:27:52Z,,0,,,,,,
2026-07-15T13:27:53Z,,0,,,,,,
2026-07-15T13:38:29Z,1380,,42.5,18.1,10.49,26.1,45.1,11.05
2026-07-15T14:27:52Z,,0,,,,,,
2026-07-15T15:27:52Z,,0,,,,,,
2026-07-15T15:39:08Z,900,,37.9,20.5,9.43,26,44.8,10.91
2026-07-15T16:27:52Z,,0,,,,,,
2026-07-15T17:27:52Z,,0,,,,,,
2026-07-15T17:39:12Z,600,,30.7,28.5,8.98,25.1,50.7,11.74
2026-07-15T18:27:52Z,,0,,,,,,
2026-07-15T19:27:52Z,,0,,,,,,
2026-07-15T20:27:52Z,,0,,,,,,
2026-07-15T21:27:52Z,,0,,,,,,
2026-07-15T21:39:57Z,525,,17.3,50.3,7.41,19,65.7,10.7
2026-07-15T22:27:52Z,,0,,,,,,
2026-07-15T23:27:52Z,,0,,,,,,
2026-07-16T00:27:52Z,,0,,,,,,
2026-07-16T01:27:52Z,,0,,,,,,
2026-07-16T01:39:51Z,630,,14,66.6,8.03,16.2,69.7,9.61
2026-07-16T02:27:52Z,,0,,,,,,
2026-07-16T03:27:52Z,,0,,,,,,
2026-07-16T03:39:49Z,1860,,16.5,75,10.53,18,65.2,10.01
2026-07-16T04:27:52Z,,0,,,,,,
2026-07-16T05:27:52Z,,0,,,,,,
2026-07-16T05:39:25Z,1920,,28.1,44.8,12.26,24.2,52.7,11.6
2026-07-16T06:27:52Z,,0,,,,,,
2026-07-16T07:27:52Z,,0,,,,,,
2026-07-16T07:40:15Z,1740,,41.2,22.5,12.23,28.5,43.1,12.06
2026-07-16T08:27:52Z,,0,,,,,,
2026-07-16T09:27:52Z,,0,,,,,,
2026-07-16T09:40:03Z,1095,,35.8,24.8,10.24,23,55.1,11.33
2026-07-16T10:27:52Z,,0,,,,,,
2026-07-16T11:27:52Z,,0,,,,,,
2026-07-16T11:40:16Z,1140,,45.1,15.7,10.34,22,58.9,11.43
2026-07-16T12:27:52Z,,0,,,,,,
2026-07-16T13:27:53Z,,0,,,,,,
2026-07-16T13:40:51Z,1785,,42.5,19.2,11.13,21.8,56.7,10.88
2026-07-16T14:27:52Z,,0,,,,,,
2026-07-16T15:27:52Z,,0,,,,,,
2026-07-16T15:40:31Z,945,,34.1,23.4,8.84,21.1,54.9,10.11
2026-07-16T16:27:52Z,,0,,,,,,
2026-07-16T17:27:52Z,,0,,,,,,
2026-07-16T17:40:41Z,540,,25.7,32,7.66,19.9,55.2,9.48
2026-07-16T18:27:52Z,,0,,,,,,
2026-07-16T19:27:52Z,,0,,,,,,
2026-07-16T19:41:21Z,525,,17.9,46.6,7.11,17.6,65.5,9.82
2026-07-16T20:27:52Z,,0,,,,,,
2026-07-16T21:27:52Z,,0,,,,,,
2026-07-16T21:41:25Z,525,,12.1,54.4,5.83,14.3,76.4,9.38
2026-07-16T22:27:52Z,,0,,,,,,
2026-07-16T23:27:52Z,,0,,,,,,
2026-07-16T23:42:09Z,510,,9.6,59.5,5.45,12.6,82.2,9.09
2026-07-17T00:27:52Z,,0,,,,,,
2026-07-17T01:27:52Z,,0,,,,,,
2026-07-17T01:42:33Z,510,,8,64.4,5.32,11.7,84.4,8.82
2026-07-17T02:27:52Z,,0,,,,,,
2026-07-17T03:27:52Z,,0,,,,,,
2026-07-17T03:42:24Z,900,,13,87.8,9.95,16.8,79.5,11.36
2026-07-17T04:27:52Z,,5e-05,,,,,,
2026-07-17T05:27:52Z,,9e-05,,,,,,
2026-07-17T05:42:46Z,2790,,26.6,51.7,13.02,23.1,53.1,10.98
2026-07-17T06:27:52Z,,0,,,,,,
2026-07-17T07:27:52Z,,0,,,,,,
2026-07-17T07:43:36Z,1680,,37.2,23.9,10.61,26.2,42.7,10.52
2026-07-17T08:27:52Z,,0,,,,,,
2026-07-17T09:27:52Z,,0,,,,,,
2026-07-17T09:43:09Z,1995,,45.4,17.6,11.76,26.9,43.3,11.09
2026-07-17T10:27:52Z,,0,,,,,,
2026-07-17T11:27:52Z,,0,,,,,,
2026-07-17T11:43:45Z,1725,,45.1,17.7,11.66,23.7,53.6,11.47
2026-07-17T12:27:52Z,,0,,,,,,
2026-07-17T13:27:52Z,,0,,,,,,
2026-07-17T13:43:21Z,1350,,42.2,19.2,10.97,23.7,54.2,11.59
2026-07-17T14:27:52Z,,0,,,,,,
2026-07-17T15:27:53Z,,0,,,,,,
2026-07-17T15:43:27Z,1005,,37.2,24,10.65,23.9,55.8,12.07
2026-07-17T16:27:52Z,,0,,,,,,
2026-07-17T17:27:52Z,,0,,,,,,
2026-07-17T17:43:54Z,540,,28.2,33.8,9.3,22,60.3,11.7
2026-07-17T18:27:52Z,,0,,,,,,
2026-07-17T19:27:52Z,,0,,,,,,
2026-07-17T19:44:38Z,525,,20,48.5,8.38,20.2,65.8,11.5
2026-07-17T20:27:52Z,,0,,,,,,
2026-07-17T21:27:52Z,,0,,,,,,
2026-07-17T21:44:46Z,510,,14.6,56.5,7.07,17.3,74,10.9
2026-07-17T22:27:52Z,,0,,,,,,
2026-07-17T23:27:52Z,,0,,,,,,
2026-07-17T23:45:30Z,510,,12.4,64.4,7.03,16,81,11.03
2026-07-18T00:27:52Z,,0,,,,,,
2026-07-18T01:27:52Z,,0,,,,,,
2026-07-18T01:46:09Z,525,,13.4,82.8,9.62,16.8,85.9,12.28
2026-07-18T02:27:53Z,,0,,,,,,
2026-07-18T03:27:52Z,,0,,,,,,
2026-07-18T03:46:45Z,1860,,18.1,97,14.98,19.7,84,14.26
2026-07-18T04:27:52Z,,0.00027,,,,,,
2026-07-18T05:27:53Z,,0.00054,,,,,,
2026-07-18T05:46:12Z,1965,,21.5,79.5,14.99,20.3,79,13.89
2026-07-18T06:27:52Z,,0.00021,,,,,,
2026-07-18T07:27:52Z,,0,,,,,,
2026-07-18T07:46:34Z,1635,,34.1,35.6,13.45,24.3,60.9,13.48
2026-07-18T08:27:52Z,,0,,,,,,
2026-07-18T09:27:52Z,,0,,,,,,
2026-07-18T09:45:59Z,1485,,40.5,24.2,12.7,24.7,58.2,13.18
2026-07-18T10:27:52Z,,0,,,,,,
2026-07-18T11:27:53Z,,0,,,,,,
2026-07-18T11:45:26Z,1365,,38.5,26.1,12.38,25.1,56.6,13.11
2026-07-18T12:27:52Z,,0,,,,,,
2026-07-18T13:27:52Z,,0,,,,,,
2026-07-18T13:45:18Z,960,,33,31.2,11.12,25.4,53.9,12.69
2026-07-18T14:27:52Z,,0,,,,,,
2026-07-18T15:27:52Z,,0,,,,,,
2026-07-18T15:44:43Z,990,,30.8,33.3,10.55,25.2,51.2,11.92
2026-07-18T16:27:52Z,,0,,,,,,
2026-07-18T17:27:52Z,,0,,,,,,
2026-07-18T17:45:30Z,585,,22.2,54.7,10.74,22.4,66,13.11
2026-07-18T18:27:52Z,,0,,,,,,
2026-07-18T19:27:52Z,,0,,,,,,
2026-07-18T19:44:50Z,1155,,19.7,79.5,13.5,19.8,85.3,14.57
2026-07-18T20:27:52Z,,0,,,,,,
2026-07-18T21:27:52Z,,0,,,,,,
2026-07-18T21:44:42Z,1425,,19.3,92,15.26,18.9,96.3,15.6
2026-07-18T22:27:52Z,,0.00013,,,,,,
2026-07-18T23:27:52Z,,0.00027,,,,,,
2026-07-18T23:44:09Z,1530,,18.8,93,14.97,18.4,96.3,15.14
2026-07-19T00:27:52Z,,0.00042,,,,,,
2026-07-19T01:27:52Z,,0.00057,,,,,,
2026-07-19T01:44:23Z,1590,,17.7,92.6,13.97,17.1,95.5,13.9
2026-07-19T02:27:53Z,,0.00071,,,,,,
2026-07-19T03:27:52Z,,0.00085,,,,,,
2026-07-19T03:43:55Z,1845,,17.6,92.9,13.93,16.5,94.4,13.25
2026-07-19T04:27:52Z,,0.001,,,,,,
2026-07-19T05:27:52Z,,0.00114,,,,,,
2026-07-19T06:27:52Z,,0.00128,,,,,,
2026-07-19T07:27:52Z,,0.00143,,,,,,
2026-07-19T07:42:56Z,2280,,19.6,81.5,13.76,16.2,87.9,12.12
2026-07-19T08:27:52Z,,0.0011,,,,,,
2026-07-19T09:27:52Z,,0.00076,,,,,,
2026-07-19T09:43:17Z,1785,,27.7,47.6,12.74,18.9,75.9,12.29
2026-07-19T10:27:52Z,,0.00043,,,,,,
2026-07-19T11:27:52Z,,0.0001,,,,,,
2026-07-19T11:43:08Z,1185,,28.2,38.9,10.7,18.9,71.8,11.63
2026-07-19T12:27:52Z,,0,,,,,,
2026-07-19T13:27:52Z,,0,,,,,,
2026-07-19T13:43:13Z,1410,,27.5,39.4,10.43,17.7,71.6,10.8
2026-07-19T14:27:53Z,,0,,,,,,
2026-07-19T15:27:52Z,,0,,,,,,
2026-07-19T15:43:51Z,1080,,24.1,43.1,9.43,16.5,74.1,10.4
2026-07-19T16:27:52Z,,0,,,,,,
2026-07-19T17:27:52Z,,0,,,,,,
2026-07-19T17:44:22Z,825,,21,47.7,8.74,15.9,74.5,10.09
2026-07-19T18:27:52Z,,0,,,,,,
2026-07-19T19:27:52Z,,0,,,,,,
2026-07-19T19:45:04Z,570,,16.5,58.7,8.24,15.1,76.7,9.89
2026-07-19T20:27:53Z,,0,,,,,,
2026-07-19T21:27:52Z,,0,,,,,,
2026-07-19T21:45:05Z,795,,15,65.7,8.42,14.6,77.9,9.74
2026-07-19T22:27:52Z,,0,,,,,,
2026-07-19T23:27:52Z,,0,,,,,,
2026-07-19T23:45:16Z,1155,,14.5,69.7,8.67,14.1,77.1,9.35
2026-07-20T00:27:53Z,,0,,,,,,
2026-07-20T01:27:52Z,,0,,,,,,
2026-07-20T01:45:28Z,1290,,13.8,72.6,8.65,13.5,78.2,9.14
2026-07-20T02:27:52Z,,0,,,,,,
2026-07-20T03:27:52Z,,0,,,,,,
2026-07-20T03:46:06Z,1590,,14.7,73.4,9.24,13.6,78.2,9.2
2026-07-20T04:27:52Z,,0,,,,,,
2026-07-20T05:27:52Z,,0,,,,,,
2026-07-20T05:46:22Z,2055,,20.6,58,10.38,15.8,70.9,9.54
2026-07-20T06:27:52Z,,0,,,,,,
2026-07-20T07:27:52Z,,0,,,,,,
2026-07-20T07:46:56Z,2910,,28.4,42.8,11.91,19.7,58,9.85
2026-07-20T08:27:52Z,,0,,,,,,
2026-07-20T09:27:55Z,,0,,,,,,
2026-07-20T09:47:27Z,1470,,34.8,22.3,8.74,20.3,51.2,9.0
2026-07-20T10:27:53Z,,0,,,,,,
2026-07-20T11:27:52Z,,0,,,,,,
2026-07-20T11:47:51Z,3075,,43.3,15.3,9.23,20.1,43,7.47
2026-07-20T12:27:52Z,,0,,,,,,
2026-07-20T13:27:52Z,,0,,,,,,
2026-07-20T13:47:52Z,1200,,35.4,17.3,7.0,20,44,7.6
2026-07-20T14:27:52Z,,0,,,,,,
2026-07-20T15:27:53Z,,0,,,,,,
2026-07-20T15:48:33Z,540,,28.4,21.6,6.01,19,46.6,7.59
2026-07-20T16:27:52Z,,0,,,,,,
2026-07-20T17:27:52Z,,0,,,,,,
2026-07-20T17:47:50Z,540,,21.7,24.8,4.73,17.3,52.4,7.72
2026-07-20T18:27:52Z,,0,,,,,,
2026-07-20T19:27:52Z,,0,,,,,,
2026-07-20T19:47:12Z,525,,15.7,31,4.15,15.1,61.6,7.94
2026-07-20T20:27:52Z,,0,,,,,,
2026-07-20T21:27:52Z,,0,,,,,,
2026-07-20T21:46:55Z,510,,12.7,38,4.23,13.2,70.2,8.06
2026-07-20T22:27:52Z,,0,,,,,,
2026-07-20T23:27:52Z,,0,,,,,,
2026-07-20T23:47:31Z,525,,10.6,48.6,4.74,11.5,74.1,7.65
2026-07-21T00:27:52Z,,0,,,,,,
2026-07-21T01:27:52Z,,0,,,,,,
2026-07-21T01:47:22Z,525,,9.6,53.3,4.88,10.5,78.4,7.6
2026-07-21T02:27:53Z,,0,,,,,,
2026-07-21T03:27:52Z,,0,,,,,,
2026-07-21T03:46:53Z,465,,11,61.3,6.13,10.8,77.4,7.65
2026-07-21T04:27:52Z,,0,,,,,,
2026-07-21T05:27:53Z,,0,,,,,,
2026-07-21T05:46:57Z,1575,,14.7,60.8,7.65,11.6,73.2,7.61
2026-07-21T06:27:52Z,,0,,,,,,
2026-07-21T07:27:52Z,,0,,,,,,
2026-07-21T07:47:39Z,1785,,19.3,48.3,8.01,12.7,69.7,7.76
2026-07-21T08:27:52Z,,0,,,,,,
2026-07-21T09:27:53Z,,0,,,,,,
2026-07-21T09:47:11Z,1410,,20.2,43,7.52,13.2,68.4,7.85
2026-07-21T10:27:53Z,,0,,,,,,
2026-07-21T11:27:53Z,,0,,,,,,
2026-07-21T11:46:22Z,645,,18.7,43.2,6.91,13.1,72.7,8.29
2026-07-21T12:27:52Z,,0,,,,,,
2026-07-21T13:27:54Z,,0,,,,,,
2026-07-21T13:45:47Z,1035,,16.2,57.1,7.87,12.7,78.4,8.72
2026-07-21T14:27:53Z,,0,,,,,,
2026-07-21T15:27:53Z,,0,,,,,,
2026-07-21T15:46:20Z,1125,,15.9,60.1,8.14,12.5,80.3,8.82
2026-07-21T16:27:53Z,,0,,,,,,
2026-07-21T17:27:52Z,,0,,,,,,
2026-07-21T17:45:39Z,1215,,13.6,67.7,7.96,11.7,81.4,8.51
2026-07-21T18:27:52Z,,0,,,,,,
2026-07-21T19:27:52Z,,0,,,,,,
2026-07-21T19:46:16Z,1260,,12.1,76.7,8.22,11.1,86.1,8.67
2026-07-21T20:27:52Z,,0,,,,,,
2026-07-21T21:27:52Z,,0,,,,,,
2026-07-21T21:46:40Z,1335,,11.3,82,8.36,10.7,89.1,8.75
2026-07-21T22:27:52Z,,0,,,,,,
2026-07-21T23:27:52Z,,0,,,,,,
2026-07-21T23:46:22Z,1560,,11.4,85.9,8.81,10.7,90.4,8.88
2026-07-22T00:27:52Z,,2e-05,,,,,,
2026-07-22T01:27:52Z,,4e-05,,,,,,
2026-07-22T01:46:51Z,1545,,,,,10.5,91.2,8.84
2026-07-22T02:27:52Z,,5e-05,,,,,,
2026-07-22T03:27:52Z,,7e-05,,,,,,
2026-07-22T03:46:11Z,1545,,,,,10.7,92,9.03
2026-07-22T04:27:52Z,,9e-05,,,,,,
2026-07-22T05:27:52Z,,0.00011,,,,,,
2026-07-22T05:45:28Z,2145,,14,86.7,10.45,11.8,89.5,9.42
2026-07-22T06:27:53Z,,0.00014,,,,,,
2026-07-22T07:27:52Z,,0.00018,,,,,,
2026-07-22T07:45:03Z,2310,,20.4,63.3,11.2,14.4,79.9,9.87
2026-07-22T08:27:52Z,,0,,,,,,
2026-07-22T09:27:53Z,,0,,,,,,
2026-07-22T09:45:37Z,2820,,35,27.8,11.01,19.2,56.2,9.26
2026-07-22T10:27:53Z,,0,,,,,,
2026-07-22T11:27:53Z,,0,,,,,,
2026-07-22T11:45:03Z,2295,,40.2,17,8.79,19.9,45.6,7.83
2026-07-22T12:27:53Z,,0,,,,,,
2026-07-22T13:27:52Z,,0,,,,,,
2026-07-22T13:45:45Z,2010,,38.3,16.5,7.75,19,44.7,7.28
2026-07-22T14:27:52Z,,0,,,,,,
2026-07-22T15:27:52Z,,0,,,,,,
2026-07-22T15:45:51Z,1035,,33.8,18.7,6.95,19.5,46.3,7.77
2026-07-22T16:27:53Z,,0,,,,,,
2026-07-22T17:27:53Z,,0,,,,,,
2026-07-22T17:46:39Z,540,,21.9,30,5.79,16.9,59.5,8.55
2026-07-22T18:27:52Z,,0,,,,,,
2026-07-22T19:27:53Z,,0,,,,,,
2026-07-22T19:46:43Z,525,,16.5,41,5.75,15.3,66.3,8.65
2026-07-22T20:27:52Z,,0,,,,,,
2026-07-22T21:27:52Z,,0,,,,,,
2026-07-22T21:46:45Z,525,,13.5,56.9,6.65,13.9,73.6,8.82
2026-07-22T22:27:52Z,,0,,,,,,
2026-07-22T23:27:52Z,,0,,,,,,
2026-07-22T23:46:44Z,570,,13.1,67.7,7.72,13.6,79.7,9.38
2026-07-23T00:27:52Z,,0,,,,,,
2026-07-23T01:27:52Z,,0,,,,,,
2026-07-23T01:46:44Z,945,,12.6,74.3,8.22,12.7,82.7,9.2
2026-07-23T02:27:52Z,,0,,,,,,
2026-07-23T03:27:52Z,,0,,,,,,
2026-07-23T03:47:30Z,1590,,12.9,83.3,9.38,12.3,86.2,9.36
2026-07-23T04:27:53Z,,0,,,,,,
2026-07-23T05:27:52Z,,0,,,,,,
2026-07-23T05:47:04Z,1905,,14.9,84.1,10.71,13.3,87.5,10.1
2026-07-23T06:27:52Z,,0,,,,,,
2026-07-23T07:27:52Z,,0,,,,,,
2026-07-23T07:47:52Z,1995,,21.3,65.4,12.19,16.4,80.8,11.27
2026-07-23T08:27:52Z,,0,,,,,,
2026-07-23T09:27:53Z,,0,,,,,,
2026-07-23T09:47:34Z,1935,,32.7,35.1,12.32,20.5,65.3,11.62
2026-07-23T10:27:52Z,,0,,,,,,
2026-07-23T11:27:52Z,,0,,,,,,
2026-07-23T11:47:16Z,1545,,40.1,19.4,9.98,21,55.2,10.11
2026-07-23T12:27:53Z,,0,,,,,,
2026-07-23T13:27:53Z,,0,,,,,,
2026-07-23T13:46:50Z,1215,,25.9,42.9,10.39,17.1,76.7,11.16
2026-07-23T14:27:53Z,,0,,,,,,
2026-07-23T15:27:53Z,,0,,,,,,
2026-07-23T15:46:24Z,1080,,23.2,47.1,9.79,16.9,75,10.78
2026-07-23T16:27:52Z,,0,,,,,,
2026-07-23T17:27:52Z,,0,,,,,,
2026-07-23T17:46:19Z,810,,21.1,52.7,9.71,16.5,80.4,11.29
2026-07-23T18:27:52Z,,0,,,,,,
2026-07-23T19:27:52Z,,0,,,,,,
2026-07-23T19:45:31Z,525,,13.7,69.7,8.25,14.2,86.9,10.61
2026-07-23T20:27:52Z,,0,,,,,,
2026-07-23T21:27:52Z,,0,,,,,,
2026-07-23T21:45:50Z,510,,10.6,74.4,7.26,12.3,91,9.88
2026-07-23T22:27:52Z,,0,,,,,,
2026-07-23T23:27:52Z,,0,,,,,,
2026-07-23T23:45:57Z,465,,7.4,74.9,5.96,10.4,92.2,8.88
2026-07-24T00:27:53Z,,0,,,,,,
2026-07-24T01:27:52Z,,0,,,,,,
2026-07-24T01:45:10Z,465,,6.5,78.8,5.91,9.2,93.6,8.36
2026-07-24T02:27:52Z,,0,,,,,,
2026-07-24T03:27:52Z,,0,,,,,,
2026-07-24T03:45:28Z,765,,9.4,90.6,8.19,11.6,92.3,9.59
2026-07-24T04:27:52Z,,7e-05,,,,,,
2026-07-24T05:27:52Z,,0.00013,,,,,,
2026-07-24T05:46:06Z,3390,,21.6,95.4,18.09,21,71.8,13.15
2026-07-24T06:27:53Z,,0.00037,,,,,,
2026-07-24T07:27:52Z,,0.00061,,,,,,
2026-07-24T07:46:04Z,2160,,37.7,25.3,11.52,26.9,41,10.5
2026-07-24T08:27:52Z,,0.00028,,,,,,
2026-07-24T09:27:52Z,,0,,,,,,
2026-07-24T09:45:22Z,1035,,36.9,19.2,8.39,22.4,47.3,9.39
2026-07-24T10:27:52Z,,0,,,,,,
2026-07-24T11:27:53Z,,0,,,,,,
2026-07-24T11:46:09Z,1410,,37.4,20.9,9.37,21.3,52.3,9.75
2026-07-24T12:27:52Z,,0,,,,,,
2026-07-24T13:27:52Z,,0,,,,,,
2026-07-24T13:45:56Z,1545,,37.3,20.7,9.24,20.3,53.6,9.43
2026-07-24T14:27:52Z,,0,,,,,,
2026-07-24T15:27:52Z,,0,,,,,,
2026-07-24T15:46:35Z,555,,28.2,26.1,7.18,18.6,57.3,9.12
2026-07-24T16:27:52Z,,0,,,,,,
2026-07-24T17:27:52Z,,0,,,,,,
2026-07-24T17:46:27Z,540,,23.1,37.2,7.69,17.9,64.5,9.84
2026-07-24T18:27:52Z,,0,,,,,,
2026-07-24T19:27:52Z,,0,,,,,,
2026-07-24T19:46:32Z,525,,14.1,58.2,7.06,14.6,74.2,9.28
2026-07-24T20:27:52Z,,0,,,,,,
2026-07-24T21:27:52Z,,0,,,,,,
2026-07-24T21:47:06Z,510,,10.7,66.7,6.55,12.4,79.3,8.66
2026-07-24T22:27:52Z,,0,,,,,,
2026-07-24T23:27:52Z,,0,,,,,,
2026-07-24T23:47:16Z,1410,,12.1,86.4,9.26,14.5,75.9,9.44
2026-07-25T00:27:52Z,,3e-05,,,,,,
2026-07-25T01:27:52Z,,5e-05,,,,,,
2026-07-25T01:46:27Z,1515,,13.3,86.6,10.0,14.5,81.1,10.08
2026-07-25T02:27:52Z,,8e-05,,,,,,
2026-07-25T03:27:52Z,,0.00012,,,,,,
2026-07-25T03:46:09Z,1890,,14.8,88.1,11.16,15.5,80.2,10.6
2026-07-25T04:27:52Z,,0.00017,,,,,,
2026-07-25T05:27:52Z,,0.00023,,,,,,
2026-07-25T05:45:46Z,2070,,21.4,60.6,11.36,18.2,67.6,10.5
2026-07-25T06:27:52Z,,0,,,,,,
2026-07-25T07:27:51Z,,0,,,,,,
2026-07-25T07:46:09Z,1140,,22.6,49,9.84,16.9,74.5,10.71
2026-07-25T08:27:52Z,,0,,,,,,
2026-07-25T09:27:52Z,,0,,,,,,
2026-07-25T09:46:40Z,1350,,21.6,58.6,11.11,17.2,79.1,11.58
2026-07-25T10:27:52Z,,0,,,,,,
2026-07-25T11:27:52Z,,0,,,,,,
2026-07-25T11:46:42Z,1695,,19.9,75.9,13.04,17.7,84.8,12.79
2026-07-25T12:27:53Z,,0,,,,,,
2026-07-25T13:27:52Z,,0,,,,,,
2026-07-25T13:47:06Z,1455,,24.9,46.9,10.74,19.2,67,11.04
2026-07-25T14:27:52Z,,0,,,,,,
2026-07-25T15:27:52Z,,0,,,,,,
2026-07-25T15:47:17Z,1170,,18.5,72.1,11.4,16.8,86.4,12.35
2026-07-25T16:27:52Z,,0,,,,,,
2026-07-25T17:27:52Z,,0,,,,,,
2026-07-25T17:46:32Z,1335,,17.7,79.3,11.96,16.5,89.1,12.51
2026-07-25T18:27:52Z,,0,,,,,,
2026-07-25T19:27:52Z,,0,,,,,,
2026-07-25T19:46:43Z,1395,,16.1,86.3,11.82,16,90.2,12.28
2026-07-25T20:27:53Z,,3e-05,,,,,,
2026-07-25T21:27:52Z,,6e-05,,,,,,
2026-07-25T21:47:25Z,1635,,15.8,88.5,11.91,16.1,86.7,11.88
2026-07-25T22:27:52Z,,0.00012,,,,,,
2026-07-25T23:27:52Z,,0.00019,,,,,,
2026-07-25T23:46:58Z,1620,,15.7,84.8,11.34,15.8,83.9,11.29
2026-07-26T00:27:52Z,,0,,,,,,
2026-07-26T01:27:52Z,,0,,,,,,
2026-07-26T01:47:24Z,1635,,15.6,82.6,10.98,15.7,82.3,11.01
2026-07-26T02:27:52Z,,0,,,,,,
2026-07-26T03:27:52Z,,0,,,,,,
2026-07-26T03:46:58Z,1605,,16.1,86.4,11.84,15.8,88.1,11.85
2026-07-26T04:27:53Z,,3e-05,,,,,,
2026-07-26T05:27:52Z,,6e-05,,,,,,
2026-07-26T05:47:40Z,1860,,18.4,78.1,12.28,16.7,82.3,11.69
2026-07-26T06:27:52Z,,0,,,,,,
2026-07-26T07:27:52Z,,0,,,,,,
2026-07-26T07:47:49Z,1440,,18.1,79,12.2,16.3,90.4,12.54
2026-07-26T08:27:52Z,,0,,,,,,
2026-07-26T09:27:52Z,,0,,,,,,
2026-07-26T09:48:42Z,2340,,21.4,77.1,14.45,18.3,80.8,12.63
2026-07-26T10:27:52Z,,0,,,,,,
2026-07-26T11:27:52Z,,0,,,,,,
2026-07-26T11:49:12Z,1170,,21.2,65.2,12.08,18.3,83.5,13.05
2026-07-26T12:27:52Z,,0,,,,,,
2026-07-26T13:27:52Z,,0,,,,,,
2026-07-26T13:49:53Z,1170,,21.2,66.2,12.27,18.7,82.3,13.17
2026-07-26T14:27:52Z,,0,,,,,,
2026-07-26T15:27:52Z,,0,,,,,,
2026-07-26T15:50:09Z,1365,,18.5,75.4,11.93,18.3,79.8,12.47
2026-07-26T16:27:52Z,,0,,,,,,
2026-07-26T17:27:52Z,,0,,,,,,
2026-07-26T17:49:46Z,1470,,17.5,83.9,12.5,18.1,82.4,12.73
2026-07-26T18:27:52Z,,0,,,,,,
2026-07-26T19:27:53Z,,0,,,,,,
2026-07-26T19:50:31Z,1470,,16.9,87.5,12.58,17.5,85.9,12.8
2026-07-26T20:27:52Z,,5e-05,,,,,,
2026-07-26T21:27:52Z,,0.0001,,,,,,
2026-07-26T21:51:20Z,1500,,16.4,91,12.7,16.7,90.5,12.86
2026-07-26T22:27:52Z,,0.00021,,,,,,
2026-07-26T23:27:53Z,,0.00031,,,,,,
2026-07-26T23:51:05Z,1440,,14.7,92.8,11.68,15.3,93.2,12.17
2026-07-27T00:27:52Z,,0.00043,,,,,,
2026-07-27T01:27:53Z,,0.00056,,,,,,
2026-07-27T01:51:55Z,1530,,14.4,94.8,11.71,14.8,94,11.9
2026-07-27T02:27:52Z,,0.00073,,,,,,
2026-07-27T03:27:52Z,,0.00089,,,,,,
2026-07-27T03:51:17Z,1815,,15.2,97.7,12.68,15.1,94.3,12.16
2026-07-27T04:27:52Z,,0.00116,,,,,,
2026-07-27T05:27:52Z,,0.00142,,,,,,
2026-07-27T06:27:52Z,,0.00169,,,,,,
2026-07-27T07:27:52Z,,0.00195,,,,,,
2026-07-27T07:52:40Z,1935,,19.2,89.9,14.82,17.4,94,13.93
2026-07-27T08:27:53Z,,0.00205,,,,,,
2026-07-27T09:27:52Z,,0.00214,,,,,,
2026-07-27T09:52:45Z,1980,,23.4,68.8,14.47,18.3,86,13.44
2026-07-27T10:27:52Z,,0.00181,,,,,,
2026-07-27T11:27:53Z,,0.00147,,,,,,
2026-07-27T11:53:26Z,1590,,26.2,52.9,13.03,19.2,79.8,13.16
2026-07-27T12:27:52Z,,0.00114,,,,,,
2026-07-27T13:27:52Z,,0.00081,,,,,,
2026-07-27T13:53:40Z,1305,,29.3,41.4,12.1,20.3,73.2,12.87
2026-07-27T14:27:53Z,,0.00047,,,,,,
2026-07-27T15:27:53Z,,0.00047,,,,,,
2026-07-27T15:52:46Z,1230,,29.6,39.8,11.82,19.7,75,12.73
2026-07-27T16:27:53Z,,0.00047,,,,,,
2026-07-27T17:27:52Z,,0.00047,,,,,,
2026-07-27T17:53:35Z,780,,21.7,59.1,11.27,18.5,83.9,13.27
2026-07-27T18:27:52Z,,0.00047,,,,,,
2026-07-27T19:27:52Z,,0.00047,,,,,,
2026-07-27T19:53:08Z,900,,17.7,82.2,12.4,16.6,100,14.12
2026-07-27T20:27:52Z,,0.00047,,,,,,
2026-07-27T21:27:52Z,,0.00047,,,,,,
2026-07-27T21:53:03Z,1095,,16.6,89.8,12.68,16.3,100,13.87
2026-07-27T22:27:52Z,,0.00056,,,,,,
2026-07-27T23:27:52Z,,0.00064,,,,,,
2026-07-27T23:52:43Z,1395,,16.1,92,12.61,15.3,100,13.05
2026-07-28T00:27:52Z,,0.00076,,,,,,
2026-07-28T01:27:52Z,,0.00088,,,,,,
2026-07-28T01:53:39Z,1455,,15.3,92.6,12.09,14.4,99.7,12.32
2026-07-28T02:27:52Z,,0.001,,,,,,
2026-07-28T03:27:52Z,,0.00113,,,,,,
2026-07-28T03:53:47Z,1620,,14.8,93.7,11.86,13.7,99.1,11.73
2026-07-28T04:27:52Z,,0.00128,,,,,,
2026-07-28T05:27:52Z,,0.00142,,,,,,
2026-07-28T05:54:31Z,1890,,17.2,87.5,12.81,14.8,95.8,12.13
2026-07-28T06:27:53Z,,0.00147,,,,,,
2026-07-28T07:27:52Z,,0.00152,,,,,,
2026-07-28T07:53:54Z,1725,,32.3,39.3,13.5,22.3,67,13.23
2026-07-28T08:27:53Z,,0.00119,,,,,,
2026-07-28T09:27:52Z,,0.00086,,,,,,
2026-07-28T09:53:26Z,2070,,39.8,24.1,12.21,23.7,53,11.34
2026-07-28T10:27:52Z,,0.00052,,,,,,
2026-07-28T11:27:52Z,,0.00019,,,,,,
2026-07-28T11:53:26Z,1950,,28.1,41.7,11.41,18.5,68,10.76
2026-07-28T12:27:52Z,,0,,,,,,
2026-07-28T13:27:56Z,,0,,,,,,
2026-07-28T13:53:02Z,840,,27.2,34.2,8.9,17.8,67.6,10.26
2026-07-28T14:27:52Z,,0,,,,,,
2026-07-28T15:27:52Z,,0,,,,,,
2026-07-28T15:52:53Z,780,,23.2,44.1,9.17,17.6,71.6,10.73
2026-07-28T16:27:52Z,,0,,,,,,
2026-07-28T17:27:52Z,,0,,,,,,
2026-07-28T17:53:40Z,540,,18.9,52.1,8.44,16.5,75.5,10.6
2026-07-28T18:27:52Z,,0,,,,,,
2026-07-28T19:27:52Z,,0,,,,,,
2026-07-28T19:53:57Z,525,,13.6,63.3,7.45,14.5,82.2,10.22
2026-07-28T20:27:52Z,,0,,,,,,
2026-07-28T21:27:52Z,,0,,,,,,
2026-07-28T21:54:03Z,525,,11.4,75.9,7.79,12.8,87.6,9.81
2026-07-28T22:27:52Z,,0,,,,,,
2026-07-28T23:27:52Z,,0,,,,,,
2026-07-28T23:53:38Z,810,,10.7,86.2,8.46,12.1,91.2,9.78
2026-07-29T00:27:52Z,,2e-05,,,,,,
2026-07-29T01:27:52Z,,4e-05,,,,,,
2026-07-29T01:53:15Z,1200,,11.8,89.5,9.42,12.2,92.5,9.98
2026-07-29T02:27:52Z,,0.00011,,,,,,
2026-07-29T03:27:52Z,,0.00017,,,,,,
2026-07-29T03:54:05Z,1710,,13.4,97.8,11.36,14.8,87.3,11.05
2026-07-29T04:27:52Z,,0.00042,,,,,,
2026-07-29T05:27:52Z,,0.00066,,,,,,
2026-07-29T05:53:46Z,2835,,23.8,70.4,15.15,23,62.1,12.76
2026-07-29T06:27:52Z,,0.00033,,,,,,
2026-07-29T07:27:52Z,,0,,,,,,
2026-07-29T07:52:53Z,1965,,37.6,25.1,11.37,27,41.5,10.69
2026-07-29T08:27:52Z,,0,,,,,,
2026-07-29T09:27:52Z,,0,,,,,,
2026-07-29T09:52:52Z,2550,,45.7,17.6,11.93,27.3,38.7,10.13
2026-07-29T10:27:52Z,,0,,,,,,
2026-07-29T11:27:52Z,,0,,,,,,
2026-07-29T11:52:18Z,2985,,46.4,15,10.52,24.4,39,8.68
2026-07-29T12:27:52Z,,0,,,,,,
2026-07-29T13:27:52Z,,0,,,,,,
2026-07-29T13:52:04Z,1170,,36.4,19.4,8.26,23,43.9,9.02
2026-07-29T14:27:53Z,,0,,,,,,
2026-07-29T15:27:52Z,,0,,,,,,
2026-07-29T15:52:27Z,990,,35.9,20.2,8.38,23.6,45,9.57
2026-07-29T16:27:52Z,,0,,,,,,
2026-07-29T17:27:52Z,,0,,,,,,
2026-07-29T17:51:41Z,540,,25.1,34.9,8.08,21.2,60.3,11.17
2026-07-29T18:27:52Z,,0,,,,,,
2026-07-29T19:27:52Z,,0,,,,,,
2026-07-29T19:50:58Z,525,,18.2,46.1,7.16,18.7,62.5,10.0
2026-07-29T20:27:52Z,,0,,,,,,
2026-07-29T21:27:52Z,,0,,,,,,
2026-07-29T21:50:56Z,525,,13.5,61.5,7.19,15.5,74.8,9.88
2026-07-29T22:27:52Z,,0,,,,,,
2026-07-29T23:27:52Z,,0,,,,,,
2026-07-29T23:51:02Z,525,,11.8,71.3,7.5,13.6,83.4,9.81
2026-07-30T00:27:52Z,,0,,,,,,
2026-07-30T01:27:52Z,,0,,,,,,
2026-07-30T01:51:23Z,510,,10.3,77.5,7.42,12.5,88,9.67
2026-07-30T02:27:52Z,,0,,,,,,
2026-07-30T03:27:52Z,,0,,,,,,
2026-07-30T03:50:41Z,1875,,14.3,91.8,11.27,13.7,90.4,10.7
2026-07-30T04:27:52Z,,0.00011,,,,,,
2026-07-30T05:27:52Z,,0.00021,,,,,,
2026-07-30T05:50:17Z,2340,,21,82,15.02,19.9,76.4,13.12
2026-07-30T06:27:52Z,,0,,,,,,
2026-07-30T07:27:52Z,,0,,,,,,
2026-07-30T07:49:43Z,1305,,31.8,35.6,11.91,22.5,63.3,12.64
2026-07-30T08:27:52Z,,0,,,,,,
2026-07-30T09:27:53Z,,0,,,,,,
2026-07-30T09:49:15Z,1470,,36.2,30.5,12.86,22.9,64.6,13.2
2026-07-30T10:27:52Z,,0,,,,,,
2026-07-30T11:27:52Z,,0,,,,,,
2026-07-30T11:49:19Z,1770,,38.5,28.7,13.62,22.1,68.4,13.35
2026-07-30T12:27:52Z,,0,,,,,,
2026-07-30T13:27:52Z,,0,,,,,,
2026-07-30T13:50:02Z,1350,,39.4,25,12.41,22.6,65.6,13.18
2026-07-30T14:27:52Z,,0,,,,,,
2026-07-30T15:27:52Z,,0,,,,,,
2026-07-30T15:49:39Z,780,,32.4,33,11.4,22.6,66.7,13.4
2026-07-30T16:27:52Z,,0,,,,,,
2026-07-30T17:27:52Z,,0,,,,,,
2026-07-30T17:49:44Z,600,,25.7,48,11.5,20.6,77.9,13.94
2026-07-30T18:27:52Z,,0,,,,,,
2026-07-30T19:27:52Z,,0,,,,,,
2026-07-30T19:50:21Z,705,,18.2,73.2,11.37,18.1,87.4,13.5
2026-07-30T20:27:52Z,,0,,,,,,
2026-07-30T21:27:52Z,,0,,,,,,
2026-07-30T22:27:52Z,,0,,,,,,
2026-07-30T23:27:52Z,,0,,,,,,
2026-07-30T23:49:06Z,765,,13.9,86.5,10.37,16,89.4,12.18
2026-07-31T00:27:52Z,,3e-05,,,,,,
2026-07-31T01:27:52Z,,6e-05,,,,,,
2026-07-31T01:49:48Z,1125,,14.4,94.2,11.64,16.2,91.7,12.64
2026-07-31T02:27:52Z,,0.00021,,,,,,
2026-07-31T03:27:52Z,,0.00037,,,,,,
2026-07-31T03:49:38Z,1830,,17.2,100,14.64,18.9,86.8,14.06
2026-07-31T04:27:52Z,,0.00077,,,,,,
2026-07-31T05:27:52Z,,0.00116,,,,,,
2026-07-31T05:49:41Z,2340,,23.1,79.1,16.35,21.9,73.9,14.26
2026-07-31T06:27:52Z,,0.00083,,,,,,
2026-07-31T07:27:52Z,,0.0005,,,,,,
2026-07-31T07:50:25Z,1605,,34.5,37.2,14.35,25.6,60.5,14.41
2026-07-31T08:27:52Z,,0.00016,,,,,,
2026-07-31T09:27:52Z,,0,,,,,,
2026-07-31T09:49:47Z,1575,,36.2,33.9,14.29,25.8,60.5,14.57
2026-07-31T10:27:53Z,,0,,,,,,
2026-07-31T11:27:52Z,,0,,,,,,
2026-07-31T11:49:17Z,1065,,36.1,32.6,13.67,26,62.8,15.29
2026-07-31T12:27:52Z,,0,,,,,,
2026-07-31T13:27:52Z,,0,,,,,,
2026-07-31T13:48:28Z,525,,23.6,57.6,12.25,21,82.5,15.11
2026-07-31T14:27:52Z,,0,,,,,,
2026-07-31T15:27:53Z,,0,,,,,,
2026-07-31T15:49:21Z,1110,,22.3,72.1,14.24,20.5,87.2,15.51
2026-07-31T16:27:52Z,,0,,,,,,
2026-07-31T17:27:52Z,,0,,,,,,
2026-07-31T17:49:10Z,1395,,20.3,85.5,15.03,19.5,92.2,15.47
2026-07-31T18:27:52Z,,2e-05,,,,,,
2026-07-31T19:27:52Z,,3e-05,,,,,,
2026-07-31T19:49:18Z,1230,,18.1,88.7,13.7,18.2,94.4,14.67
2026-07-31T20:27:52Z,,0.0001,,,,,,
2026-07-31T21:27:52Z,,0.00018,,,,,,
2026-07-31T21:48:34Z,1125,,15.9,91.7,12.41,16.8,95.2,13.61
2026-07-31T22:27:52Z,,0.00029,,,,,,
2026-07-31T23:27:52Z,,0.0004,,,,,,
2026-07-31T23:49:00Z,795,,13.4,90.6,10.53,14.9,95.9,12.22
2026-08-01T00:27:52Z,,0.00048,,,,,,
2026-08-01T01:27:52Z,,0.00057,,,,,,
2026-08-01T01:48:15Z,1695,,14.9,97.9,12.47,14.8,96.5,12.22
2026-08-01T02:27:52Z,,0.00084,,,,,,
2026-08-01T03:27:53Z,,0.0011,,,,,,
2026-08-01T03:47:59Z,1950,,15.6,97.9,13.01,14.6,96.5,12.07
2026-08-01T04:27:52Z,,0.00138,,,,,,
2026-08-01T05:27:52Z,,0.00166,,,,,,
2026-08-01T05:47:49Z,2955,,20.4,100,17.69,18.5,89.7,14.19
2026-08-01T06:27:52Z,,0.00211,,,,,,
2026-08-01T07:27:52Z,,0.00255,,,,,,
2026-08-01T07:48:37Z,1725,,33.1,37.3,13.37,24.6,58.3,13.12
2026-08-01T08:27:52Z,,0.00222,,,,,,
2026-08-01T09:27:53Z,,0.00189,,,,,,
2026-08-01T09:48:46Z,1515,,39.3,21,10.38,24.9,46.8,10.72
2026-08-01T10:27:52Z,,0.00155,,,,,,
2026-08-01T11:27:52Z,,0.00122,,,,,,
2026-08-01T12:27:52Z,,0.00089,,,,,,
2026-08-01T13:27:53Z,,0.00089,,,,,,
2026-08-01T13:49:01Z,1440,,37.2,21.4,9.5,22,51,9.9
2026-08-01T14:27:52Z,,0.00089,,,,,,
2026-08-01T15:27:52Z,,0.00089,,,,,,
2026-08-01T15:48:25Z,660,,28.3,31.5,8.71,20.4,59.5,10.52
2026-08-01T16:27:52Z,,0.00089,,,,,,
2026-08-01T17:27:53Z,,0.00089,,,,,,
2026-08-01T17:48:32Z,585,,21.1,46.8,8.62,18,68.4,10.5
2026-08-01T18:27:52Z,,0.00089,,,,,,
2026-08-01T19:27:52Z,,0.00089,,,,,,
2026-08-01T19:49:07Z,525,,15.9,57.1,7.73,15.8,71,9.55
2026-08-01T20:27:53Z,,0.00089,,,,,,
2026-08-01T21:27:53Z,,0.00089,,,,,,
2026-08-01T21:49:08Z,585,,13.6,68.6,8.07,14.5,78.3,9.73
2026-08-01T22:27:52Z,,0.00089,,,,,,
2026-08-01T23:27:52Z,,0.00089,,,,,,
2026-08-01T23:49:53Z,825,,12.8,76.9,8.61,13.8,82.9,9.87
2026-08-02T00:27:52Z,,0.00089,,,,,,
2026-08-02T01:27:52Z,,0.00089,,,,,,
2026-08-02T01:50:17Z,1140,,12.5,84.4,9.28,13.4,86.4,10.04
2026-08-02T02:27:52Z,,0.00089,,,,,,
2026-08-02T03:27:52Z,,0.00089,,,,,,
2026-08-02T03:49:59Z,1095,,12.1,85.6,9.18,12.9,89.2,10.05
2026-08-02T04:27:52Z,,0.0009,,,,,,
2026-08-02T05:27:52Z,,0.00091,,,,,,
2026-08-02T05:49:31Z,3195,,22.8,82.5,16.76,21.3,69.5,12.95
2026-08-02T06:27:52Z,,0.00058,,,,,,
2026-08-02T07:27:52Z,,0.00025,,,,,,
2026-08-02T07:49:51Z,1770,,34.7,28.5,11.11,26.2,43.8,10.79
2026-08-02T08:27:52Z,,0,,,,,,
2026-08-02T09:27:52Z,,0,,,,,,
2026-08-02T09:50:31Z,2205,,41.9,16.8,9.46,25.4,36.5,8.6
2026-08-02T10:27:52Z,,0,,,,,,
2026-08-02T11:27:52Z,,0,,,,,,
2026-08-02T11:50:50Z,1890,,42.5,15.3,8.87,22.7,42.3,8.55
2026-08-02T12:27:53Z,,0,,,,,,
2026-08-02T13:27:53Z,,0,,,,,,
2026-08-02T13:51:19Z,1410,,36.8,17.8,7.74,21,44.1,8.08
2026-08-02T14:27:53Z,,0,,,,,,
2026-08-02T15:27:52Z,,0,,,,,,
2026-08-02T15:50:32Z,540,,25.3,34.6,8.1,18.5,63.3,10.01
2026-08-02T16:27:52Z,,0,,,,,,
2026-08-02T17:27:52Z,,0,,,,,,
2026-08-02T17:50:52Z,705,,20.3,48.8,8.58,17.2,69.4,10.16
2026-08-02T18:27:52Z,,0,,,,,,
2026-08-02T19:27:53Z,,0,,,,,,
2026-08-02T19:51:19Z,765,,14.1,67,8.13,14.9,74.8,9.53
2026-08-02T20:27:52Z,,0,,,,,,
2026-08-02T21:27:52Z,,0,,,,,,
2026-08-02T21:51:21Z,975,,12.4,80.5,8.79,13.8,82.1,9.78
2026-08-02T22:27:52Z,,0,,,,,,
2026-08-02T23:27:53Z,,0,,,,,,
2026-08-02T23:50:35Z,1080,,11.6,86.1,8.95,13.1,85.7,9.78
2026-08-03T00:27:52Z,,2e-05,,,,,,
2026-08-03T01:27:52Z,,4e-05,,,,,,
2026-08-03T01:49:46Z,1230,,11.6,91,9.45,13.1,88.1,10.05
2026-08-03T02:27:52Z,,0.00012,,,,,,
2026-08-03T03:27:52Z,,0.0002,,,,,,
2026-08-03T04:27:53Z,,0.00028,,,,,,
2026-08-03T05:27:53Z,,0.00037,,,,,,
2026-08-03T05:49:27Z,3270,,21.6,82.6,15.66,21.7,62.1,11.85
2026-08-03T06:27:54Z,,3e-05,,,,,,
2026-08-03T07:27:53Z,,0,,,,,,
2026-08-03T07:49:56Z,1635,,34,27.7,10.41,25.5,44.1,10.44
2026-08-03T08:27:52Z,,0,,,,,,
2026-08-03T09:27:53Z,,0,,,,,,
2026-08-03T09:49:25Z,1455,,32.8,25.7,9.07,21.4,49.8,9.34
2026-08-03T10:27:53Z,,0,,,,,,
2026-08-03T11:27:52Z,,0,,,,,,
2026-08-03T11:49:10Z,1800,,35.8,21.7,8.96,20.6,48.6,8.7
2026-08-03T12:27:52Z,,0,,,,,,
2026-08-03T13:27:52Z,,0,,,,,,
2026-08-03T13:49:51Z,1155,,28.9,31.7,9.06,19.7,58.4,9.91
2026-08-03T14:27:53Z,,0,,,,,,
2026-08-03T15:27:52Z,,0,,,,,,
2026-08-03T15:50:03Z,855,,28,29.1,7.92,19.2,55.9,9.22
2026-08-03T16:27:52Z,,0,,,,,,
2026-08-03T17:27:52Z,,0,,,,,,
2026-08-03T17:49:47Z,525,,21.1,36.7,6.76,17.8,59.3,9.0
2026-08-03T18:27:52Z,,0,,,,,,
2026-08-03T19:27:52Z,,0,,,,,,
2026-08-03T19:49:50Z,525,,13.8,54.9,6.54,14.8,65.7,8.32
2026-08-03T20:27:52Z,,0,,,,,,
2026-08-03T21:27:52Z,,0,,,,,,
2026-08-03T21:49:15Z,525,,10.2,64.5,6.14,12.3,76.3,8.28
2026-08-03T22:27:52Z,,0,,,,,,
2026-08-03T23:27:52Z,,0,,,,,,
2026-08-03T23:48:47Z,510,,7.7,71.1,5.76,10.5,83.8,8.12
2026-08-04T00:27:52Z,,0,,,,,,
2026-08-04T01:27:52Z,,0,,,,,,
2026-08-04T01:48:26Z,495,,5.8,72.9,5.22,9.4,87.6,7.92
2026-08-04T02:27:52Z,,0,,,,,,
2026-08-04T03:27:52Z,,0,,,,,,
2026-08-04T03:48:37Z,465,,8.1,86.1,7.16,11.1,87.3,8.79
2026-08-04T04:27:52Z,,2e-05,,,,,,
2026-08-04T05:27:52Z,,3e-05,,,,,,
2026-08-04T05:48:45Z,2235,,16.4,95.6,13.34,15.5,89.8,11.87
2026-08-04T06:27:53Z,,0.00024,,,,,,
2026-08-04T07:27:52Z,,0.00045,,,,,,
2026-08-04T07:48:09Z,1680,,26.5,48.8,12.22,20.6,67,11.99
2026-08-04T08:27:52Z,,0.00011,,,,,,
2026-08-04T09:27:52Z,,0,,,,,,
2026-08-04T09:48:34Z,1455,,30.4,38.8,12.04,20.2,70.9,12.39
2026-08-04T10:27:53Z,,0,,,,,,
2026-08-04T11:27:52Z,,0,,,,,,
2026-08-04T11:49:09Z,945,,30.4,33.3,10.33,20.7,65.1,11.72
2026-08-04T12:27:53Z,,0,,,,,,
2026-08-04T13:27:52Z,,0,,,,,,
2026-08-04T13:48:36Z,1215,,25.2,51.1,11.9,20,74.2,12.82
2026-08-04T14:27:53Z,,0,,,,,,
2026-08-04T15:27:52Z,,0,,,,,,
2026-08-04T15:49:21Z,1080,,29.3,31.6,9.23,20.6,57.2,10.24
2026-08-04T16:27:52Z,,0,,,,,,
2026-08-04T17:27:52Z,,0,,,,,,
2026-08-04T17:49:09Z,540,,22.4,41.5,8.24,19.4,61.5,10.26
2026-08-04T18:27:52Z,,0,,,,,,
2026-08-04T19:27:52Z,,0,,,,,,
2026-08-04T19:49:51Z,525,,14.3,55.8,6.85,15.6,77.2,10.26
2026-08-04T20:27:52Z,,0,,,,,,
2026-08-04T21:27:52Z,,0,,,,,,
2026-08-04T21:50:36Z,510,,10,64.3,6.04,13.1,83.7,9.55
2026-08-04T22:27:52Z,,0,,,,,,
2026-08-04T23:27:52Z,,0,,,,,,
2026-08-04T23:49:57Z,510,,7.1,71.3,5.56,11.5,86.7,8.95
2026-08-05T00:27:52Z,,0,,,,,,
2026-08-05T01:27:52Z,,0,,,,,,
2026-08-05T01:49:49Z,510,,6.3,74.1,5.48,10.3,89.9,8.61
2026-08-05T02:27:52Z,,0,,,,,,
2026-08-05T03:27:52Z,,0,,,,,,
2026-08-05T03:49:55Z,465,,8,86.9,7.18,11,89.6,8.97
2026-08-05T04:27:53Z,,3e-05,,,,,,
2026-08-05T05:27:53Z,,5e-05,,,,,,
2026-08-05T05:49:35Z,3150,,17.1,98.2,14.29,14.4,89.9,11.11
2026-08-05T06:27:52Z,,0.00036,,,,,,
2026-08-05T07:27:52Z,,0.00067,,,,,,
2026-08-05T07:49:43Z,1545,,26.4,49.8,12.4,18.9,77.7,12.58
2026-08-05T08:27:52Z,,0.00033,,,,,,
2026-08-05T09:27:53Z,,0,,,,,,
2026-08-05T09:49:50Z,2370,,38.4,27.9,13.17,22.7,57,11.52
2026-08-05T10:27:53Z,,0,,,,,,
2026-08-05T11:27:52Z,,0,,,,,,
2026-08-05T11:49:33Z,1125,,34.7,24.6,9.59,22,54.3,10.54
2026-08-05T12:27:53Z,,0,,,,,,
2026-08-05T13:27:53Z,,0,,,,,,
2026-08-05T13:50:17Z,1095,,33.1,25.8,9.25,21.9,53.1,10.25
2026-08-05T14:27:52Z,,0,,,,,,
2026-08-05T15:27:52Z,,0,,,,,,
2026-08-05T15:49:58Z,600,,29.3,29.9,8.74,20.2,60.6,10.59
2026-08-05T16:27:52Z,,0,,,,,,
2026-08-05T17:27:52Z,,0,,,,,,
2026-08-05T17:50:12Z,525,,22.1,45.2,8.82,19,70.9,11.55
2026-08-05T18:27:52Z,,0,,,,,,
2026-08-05T19:27:52Z,,0,,,,,,
2026-08-05T19:50:07Z,525,,18.3,57.8,9.03,18,76.1,11.68
2026-08-05T20:27:52Z,,0,,,,,,
2026-08-05T21:27:52Z,,0,,,,,,
2026-08-05T21:49:29Z,765,,17.1,70,10.19,17.6,79.6,11.93
2026-08-05T22:27:52Z,,0,,,,,,
2026-08-05T23:27:53Z,,0,,,,,,
2026-08-05T23:49:24Z,1065,,17.3,76.7,11.3,17.7,81.9,12.35
2026-08-06T00:27:52Z,,0,,,,,,
2026-08-06T01:27:52Z,,0,,,,,,
2026-08-06T01:48:48Z,1290,,16.9,82.9,11.92,17.5,84.3,12.56
2026-08-06T02:27:52Z,,0,,,,,,
2026-08-06T03:27:52Z,,0,,,,,,
2026-08-06T03:48:29Z,1560,,17.7,87.8,13.24,18,86.9,13.34
2026-08-06T04:27:52Z,,6e-05,,,,,,
2026-08-06T05:27:53Z,,0.00012,,,,,,
2026-08-06T05:48:58Z,2070,,26.3,65.6,16.25,23.6,70.4,14.97
2026-08-06T06:27:52Z,,0,,,,,,
2026-08-06T07:27:52Z,,0,,,,,,
2026-08-06T07:49:46Z,1155,,34.4,35,13.43,25.3,62.5,14.64
2026-08-06T08:27:52Z,,0,,,,,,
2026-08-06T09:27:53Z,,0,,,,,,
2026-08-06T09:50:15Z,825,,27.9,46.7,12.64,20.7,82.3,14.81
2026-08-06T10:27:52Z,,0,,,,,,
2026-08-06T11:27:52Z,,0,,,,,,
2026-08-06T11:50:01Z,1680,,39.6,25.3,12.69,24.1,57.4,12.56
2026-08-06T12:27:53Z,,0,,,,,,
2026-08-06T13:27:52Z,,0,,,,,,
2026-08-06T13:50:42Z,1230,,35.5,27.1,11.02,22.9,58.3,11.91
2026-08-06T14:27:52Z,,0,,,,,,
2026-08-06T15:27:52Z,,0,,,,,,
2026-08-06T15:51:10Z,720,,28.2,35.2,9.68,21,63.4,11.61
2026-08-06T16:27:52Z,,0,,,,,,
2026-08-06T17:27:53Z,,0,,,,,,
2026-08-06T17:51:21Z,765,,20.7,58.5,10.53,19.1,76.1,12.47
2026-08-06T18:27:52Z,,0,,,,,,
2026-08-06T19:27:52Z,,0,,,,,,
2026-08-06T19:52:09Z,990,,16.3,82.3,11.41,17,88.2,12.76
2026-08-06T20:27:52Z,,0,,,,,,
2026-08-06T21:27:52Z,,0,,,,,,
2026-08-06T21:52:29Z,1275,,15.5,90.9,12.01,16.6,89.4,12.62
2026-08-06T22:27:52Z,,0.0001,,,,,,
2026-08-06T23:27:52Z,,0.00019,,,,,,
2026-08-06T23:53:10Z,1470,,15.8,94.4,12.7,16.9,90.2,12.97
2026-08-07T00:27:52Z,,0.00036,,,,,,
2026-08-07T01:27:52Z,,0.00053,,,,,,
2026-08-07T01:53:33Z,1425,,15.2,92.6,12.01,16,91.1,12.41
2026-08-07T02:27:52Z,,0.00065,,,,,,
2026-08-07T03:27:52Z,,0.00078,,,,,,
2026-08-07T03:52:46Z,1725,,15.7,98.3,13.15,16.8,90.1,12.88
2026-08-07T04:27:53Z,,0.00107,,,,,,
2026-08-07T05:27:52Z,,0.00137,,,,,,
2026-08-07T05:52:53Z,3135,,21.7,81.3,15.51,20.9,66.8,12.16
2026-08-07T06:27:53Z,,0.00104,,,,,,
2026-08-07T07:27:52Z,,0.0007,,,,,,
2026-08-07T07:53:43Z,1620,,30.7,37.2,11.73,23.3,56.2,11.75
2026-08-07T08:27:52Z,,0.00037,,,,,,
2026-08-07T09:27:53Z,,4e-05,,,,,,
2026-08-07T09:53:17Z,1260,,33,28.8,10.27,22.8,54.1,10.99
2026-08-07T10:27:52Z,,0,,,,,,
2026-08-07T11:27:52Z,,0,,,,,,
2026-08-07T11:53:19Z,1500,,35.6,27.4,11.2,22.1,58.7,11.46
2026-08-07T12:27:53Z,,0,,,,,,
2026-08-07T13:27:52Z,,0,,,,,,
2026-08-07T13:53:36Z,1200,,32.7,26.2,9.19,21.3,53.6,9.99
2026-08-07T14:27:52Z,,0,,,,,,
2026-08-07T15:27:52Z,,0,,,,,,
2026-08-07T15:53:25Z,810,,28,29.9,8.14,20.3,54.1,9.51
2026-08-07T16:27:52Z,,0,,,,,,
2026-08-07T17:27:52Z,,0,,,,,,
2026-08-07T17:52:51Z,525,,20.7,39.6,7.13,17.8,62,9.41
2026-08-07T18:27:52Z,,0,,,,,,
2026-08-07T19:27:52Z,,0,,,,,,
2026-08-07T19:52:32Z,525,,13.1,53.8,6.14,14.4,67.8,8.38
2026-08-07T20:27:52Z,,0,,,,,,
2026-08-07T21:27:52Z,,0,,,,,,
2026-08-07T21:52:26Z,525,,9.8,67.4,6.25,11.9,73.6,7.79
2026-08-07T22:27:52Z,,0,,,,,,
2026-08-07T23:27:52Z,,0,,,,,,
2026-08-07T23:52:37Z,810,,8.6,76.4,6.56,10.5,77.9,7.55
2026-08-08T00:27:52Z,,0,,,,,,
2026-08-08T01:27:53Z,,0,,,,,,
2026-08-08T01:53:00Z,1080,,7.9,81.9,6.73,9.2,82.6,7.37
2026-08-08T02:27:52Z,,0,,,,,,
2026-08-08T03:27:52Z,,0,,,,,,
2026-08-08T03:52:59Z,1770,,9.6,93.4,8.55,11.1,82,8.26
2026-08-08T04:27:52Z,,0.0001,,,,,,
2026-08-08T05:27:52Z,,0.00021,,,,,,
2026-08-08T05:53:11Z,3060,,19.7,75.6,12.83,18.8,63.4,10.21
2026-08-08T06:27:52Z,,0,,,,,,
2026-08-08T07:27:52Z,,0,,,,,,
2026-08-08T07:53:01Z,1830,,31.6,29.2,9.66,22.7,45.9,9.27
2026-08-08T08:27:52Z,,0,,,,,,
2026-08-08T09:27:53Z,,0,,,,,,
2026-08-08T09:53:27Z,2025,,33.4,24.3,8.85,22,42.3,8.21
2026-08-08T10:27:52Z,,0,,,,,,
2026-08-08T11:27:53Z,,0,,,,,,
2026-08-08T11:52:59Z,1605,,37.5,17.3,7.8,20.1,45.3,7.87
2026-08-08T12:27:52Z,,0,,,,,,
2026-08-08T13:27:52Z,,0,,,,,,
2026-08-08T13:52:27Z,1080,,31.4,20.1,6.58,19.5,43.7,7.33
2026-08-08T14:27:52Z,,0,,,,,,
2026-08-08T15:27:52Z,,0,,,,,,
2026-08-08T15:51:37Z,1020,,30.8,20.9,6.62,19.9,43.3,7.44
2026-08-08T16:27:52Z,,0,,,,,,
2026-08-08T17:27:53Z,,0,,,,,,
2026-08-08T17:51:47Z,540,,21,28.9,5.29,17.9,48.8,7.45
2026-08-08T18:27:52Z,,0,,,,,,
2026-08-08T19:27:52Z,,0,,,,,,
2026-08-08T19:51:53Z,525,,13.3,43.6,5.04,14.8,59.1,7.48
2026-08-08T20:27:53Z,,0,,,,,,
2026-08-08T21:27:52Z,,0,,,,,,
2026-08-08T21:51:10Z,525,,10.3,58.3,5.58,12.5,71.5,7.86
2026-08-08T22:27:52Z,,0,,,,,,
2026-08-08T23:27:52Z,,0,,,,,,
2026-08-08T23:51:29Z,750,,10.6,76.4,7.45,11.9,82.3,8.71
2026-08-09T00:27:52Z,,0,,,,,,
2026-08-09T01:27:52Z,,0,,,,,,
2026-08-09T01:51:27Z,780,,11.8,84,8.84,13.4,88,10.23
2026-08-09T02:27:52Z,,0,,,,,,
2026-08-09T03:27:52Z,,0,,,,,,
2026-08-09T03:51:11Z,1380,,13.2,94.5,10.85,14.9,88.3,11.25
2026-08-09T04:27:52Z,,0.00015,,,,,,
2026-08-09T05:27:52Z,,0.0003,,,,,,
2026-08-09T05:51:05Z,3000,,21,82.1,15.04,21.1,65.3,12.03
2026-08-09T06:27:52Z,,0,,,,,,
2026-08-09T07:27:53Z,,0,,,,,,
2026-08-09T07:51:19Z,1965,,33.9,29.1,10.88,25.2,43.9,10.22
2026-08-09T08:27:53Z,,0,,,,,,
2026-08-09T09:27:53Z,,0,,,,,,
2026-08-09T09:51:36Z,1125,,30.9,28.6,9.11,21.9,52.3,10.09
2026-08-09T10:27:52Z,,0,,,,,,
2026-08-09T11:27:52Z,,0,,,,,,
2026-08-09T11:51:05Z,1005,,31.3,30.1,9.8,20.4,61.7,10.91
2026-08-09T12:27:53Z,,0,,,,,,
2026-08-09T13:27:53Z,,0,,,,,,
2026-08-09T13:51:14Z,1245,,32.1,30.7,10.43,19.9,65,11.17
2026-08-09T14:27:53Z,,0,,,,,,
2026-08-09T15:27:52Z,,0,,,,,,
2026-08-09T15:51:06Z,1035,,27.5,38.1,10.09,19.3,67.7,11.23
2026-08-09T16:27:52Z,,0,,,,,,
2026-08-09T17:27:53Z,,0,,,,,,
2026-08-09T17:50:54Z,825,,19.7,57.3,9.73,17.8,74.4,11.29
2026-08-09T18:27:53Z,,0,,,,,,
2026-08-09T19:27:52Z,,0,,,,,,
2026-08-09T19:51:38Z,1065,,15.2,80.4,10.43,15.9,84.8,11.48
2026-08-09T20:27:52Z,,0,,,,,,
2026-08-09T21:27:53Z,,0,,,,,,
2026-08-09T21:52:06Z,1350,,14.4,88.2,10.9,15.4,86.1,11.31
2026-08-09T22:27:53Z,,6e-05,,,,,,
2026-08-09T23:27:52Z,,0.00011,,,,,,
2026-08-09T23:52:34Z,1380,,13.8,89.7,10.68,15,86.4,11.07
2026-08-10T00:27:52Z,,0.00018,,,,,,
2026-08-10T01:27:53Z,,0.00026,,,,,,
2026-08-10T01:52:41Z,1380,,12.9,91.2,10.27,13.7,89.4,10.58
2026-08-10T02:27:52Z,,0.00035,,,,,,
2026-08-10T03:27:52Z,,0.00044,,,,,,
2026-08-10T03:52:59Z,1755,,14.1,97.7,11.85,14.9,90.7,11.55
2026-08-10T04:27:52Z,,0.00069,,,,,,
2026-08-10T05:27:52Z,,0.00094,,,,,,
2026-08-10T05:53:31Z,3210,,21.1,81.8,15.07,19,71,11.57
2026-08-10T06:27:56Z,,0.0006,,,,,,
2026-08-10T07:27:52Z,,0.00027,,,,,,
2026-08-10T07:53:41Z,1515,,29.6,39.3,11.67,21.2,64.2,11.9
2026-08-10T08:27:53Z,,0,,,,,,
2026-08-10T09:27:53Z,,0,,,,,,
2026-08-10T09:53:50Z,1530,,34.7,29.5,11.5,22.5,58.2,11.62
2026-08-10T10:27:53Z,,0,,,,,,
2026-08-10T11:27:53Z,,0,,,,,,
2026-08-10T11:53:07Z,870,,25,43,9.9,20.8,63,11.41
2026-08-10T12:27:52Z,,0,,,,,,
2026-08-10T13:27:52Z,,0,,,,,,
2026-08-10T13:53:49Z,1065,,18.2,71.1,11.05,18.4,77.3,12.15
2026-08-10T14:27:52Z,,0,,,,,,
2026-08-10T15:27:52Z,,0,,,,,,
2026-08-10T15:53:47Z,1425,,17.1,88.5,12.88,16.4,94.7,13.21
2026-08-10T16:27:52Z,,7e-05,,,,,,
2026-08-10T17:27:52Z,,0.00013,,,,,,
2026-08-10T17:53:53Z,1485,,16.2,92.5,12.75,15.7,96.8,12.95
2026-08-10T18:27:52Z,,0.00026,,,,,,
2026-08-10T19:27:52Z,,0.00039,,,,,,
2026-08-10T19:52:58Z,1695,,15.6,92.9,12.35,14.9,94.6,12.05
2026-08-10T20:27:53Z,,0.00052,,,,,,
2026-08-10T21:27:52Z,,0.00066,,,,,,
2026-08-10T21:53:43Z,1620,,15.8,95.9,12.9,15.3,97.6,12.74
2026-08-10T22:27:52Z,,0.00087,,,,,,
2026-08-10T23:27:52Z,,0.00108,,,,,,
2026-08-10T23:54:33Z,1530,,15.3,94.7,12.36,15.1,97.1,12.52
2026-08-11T00:27:52Z,,0.00125,,,,,,
2026-08-11T01:27:52Z,,0.00142,,,,,,
2026-08-11T01:55:21Z,1185,,13.4,92.7,10.77,13.8,96.6,11.5
2026-08-11T02:27:52Z,,0.00154,,,,,,
2026-08-11T03:27:52Z,,0.00165,,,,,,
2026-08-11T03:55:27Z,1755,,13.6,100,11.76,13.9,95.3,11.42
2026-08-11T04:27:52Z,,0.00199,,,,,,
2026-08-11T05:27:52Z,,0.00233,,,,,,
2026-08-11T05:55:15Z,3240,,19.6,100,16.88,17.8,84,12.75
2026-08-11T06:27:53Z,,0.00277,,,,,,
2026-08-11T07:27:52Z,,0.0032,,,,,,
2026-08-11T07:54:26Z,2130,,29.5,41.2,12.17,23,53.8,11.06
2026-08-11T08:27:53Z,,0.00287,,,,,,
2026-08-11T09:27:53Z,,0.00253,,,,,,
2026-08-11T09:54:17Z,1260,,34.2,23.9,9.08,20.2,55.1,9.63
2026-08-11T10:27:53Z,,0.0022,,,,,,
2026-08-11T11:27:53Z,,0.00187,,,,,,
2026-08-11T11:54:21Z,1035,,21.1,50.5,9.3,16.3,74.7,10.36
2026-08-11T12:27:52Z,,0.00153,,,,,,
2026-08-11T13:27:52Z,,0.0012,,,,,,
2026-08-11T13:54:57Z,1350,,18.5,60.8,9.62,14.9,78.9,10.05
2026-08-11T14:27:52Z,,0.0012,,,,,,
2026-08-11T15:27:52Z,,0.0012,,,,,,
2026-08-11T15:55:29Z,1440,,18.8,63.8,10.27,15,82.3,10.55
2026-08-11T16:27:52Z,,0.0012,,,,,,
2026-08-11T17:27:52Z,,0.0012,,,,,,
2026-08-11T17:55:56Z,1125,,14.5,66.7,8.29,13.2,78.6,9.02
2026-08-11T18:27:52Z,,0.0012,,,,,,
2026-08-11T19:27:53Z,,0.0012,,,,,,
2026-08-11T19:56:41Z,1080,,11.3,76.4,7.79,11.3,83.7,8.53
2026-08-11T20:27:52Z,,0.0012,,,,,,
2026-08-11T21:27:52Z,,0.0012,,,,,,
2026-08-11T21:56:11Z,1020,,9.6,80.7,7.39,10.1,86.9,8.21
2026-08-11T22:27:53Z,,0.0012,,,,,,
2026-08-11T23:27:52Z,,0.0012,,,,,,
2026-08-11T23:55:31Z,1080,,7.9,84.9,6.97,8.7,87.6,7.57
2026-08-12T00:27:52Z,,0.0012,,,,,,
2026-08-12T01:27:53Z,,0.0012,,,,,,
2026-08-12T01:55:35Z,1215,,7.8,89.2,7.28,8.6,90.9,7.81
2026-08-12T02:27:53Z,,0.00125,,,,,,
2026-08-12T03:27:53Z,,0.00129,,,,,,
2026-08-12T03:54:41Z,1605,,9.4,95,8.59,10.4,88.7,8.55
2026-08-12T04:27:53Z,,0.00142,,,,,,
2026-08-12T05:27:52Z,,0.00155,,,,,,
2026-08-12T05:53:57Z,3345,,16.8,89.5,12.79,16.1,68.5,9.39
2026-08-12T06:27:52Z,,0.00163,,,,,,
2026-08-12T07:27:52Z,,0.00171,,,,,,
2026-08-12T07:54:31Z,2400,,28.1,37,10.12,19.9,51.1,8.78
2026-08-12T08:27:52Z,,0.00138,,,,,,
2026-08-12T09:27:52Z,,0.00104,,,,,,
2026-08-12T09:54:22Z,1515,,30.4,27.2,8.44,18.5,54.4,8.6
2026-08-12T10:27:53Z,,0.00071,,,,,,
2026-08-12T11:27:53Z,,0.00038,,,,,,
2026-08-12T11:54:20Z,2010,,30.4,32.9,10.21,17.7,62.8,9.47
2026-08-12T12:27:53Z,,4e-05,,,,,,
2026-08-12T13:27:52Z,,0,,,,,,
2026-08-12T13:54:16Z,1425,,31,22.5,7.21,17.8,49.6,7.53
2026-08-12T14:27:52Z,,0,,,,,,
2026-08-12T15:27:52Z,,0,,,,,,
2026-08-12T15:55:00Z,540,,23.9,27.6,5.97,16.4,54.1,7.55
2026-08-12T16:27:52Z,,0,,,,,,
2026-08-12T17:27:52Z,,0,,,,,,
2026-08-12T17:54:22Z,540,,17.4,34.1,5.05,15.1,61.5,7.93
2026-08-12T18:27:52Z,,0,,,,,,
2026-08-12T19:27:52Z,,0,,,,,,
2026-08-12T19:54:05Z,525,,11.8,50.2,5.28,12.6,70.5,7.8
2026-08-12T20:27:53Z,,0,,,,,,
2026-08-12T21:27:52Z,,0,,,,,,
2026-08-12T21:54:29Z,510,,9.7,63.7,5.87,11.2,77.2,7.82
2026-08-12T22:27:53Z,,0,,,,,,
2026-08-12T23:27:52Z,,0,,,,,,
2026-08-12T23:54:05Z,510,,8.4,70.8,6.0,9.7,83.4,7.69
2026-08-13T00:27:53Z,,0,,,,,,
2026-08-13T01:27:52Z,,0,,,,,,
2026-08-13T01:53:23Z,525,,7.2,75.5,5.93,8.7,86.7,7.5
2026-08-13T02:27:52Z,,0,,,,,,
2026-08-13T03:27:52Z,,0,,,,,,
2026-08-13T03:52:44Z,690,,7.3,82.7,6.53,9.2,87.1,7.78
2026-08-13T04:27:52Z,,0,,,,,,
2026-08-13T05:27:53Z,,0,,,,,,
2026-08-13T05:52:08Z,3345,,17.7,91.7,13.83,16.9,67.7,9.73
2026-08-13T06:27:52Z,,0.00012,,,,,,
2026-08-13T07:27:52Z,,0.00024,,,,,,
2026-08-13T07:51:57Z,1500,,32.4,27.9,9.63,23.6,46.7,9.93
2026-08-13T08:27:53Z,,0,,,,,,
2026-08-13T09:27:53Z,,0,,,,,,
2026-08-13T09:52:23Z,2970,,40.9,19,10.17,23,40.6,8.35
2026-08-13T10:27:52Z,,0,,,,,,
2026-08-13T11:27:52Z,,0,,,,,,
2026-08-13T11:52:54Z,1140,,34.8,20.2,7.92,20.8,48.1,8.71
2026-08-13T12:27:53Z,,0,,,,,,
2026-08-13T13:27:53Z,,0,,,,,,
2026-08-13T13:53:37Z,1065,,35.8,18.8,7.76,20.9,47.7,8.69
2026-08-13T14:27:52Z,,0,,,,,,
2026-08-13T15:27:52Z,,0,,,,,,
2026-08-13T15:53:11Z,540,,27,25.4,6.54,19.3,50.2,8.32
2026-08-13T16:27:52Z,,0,,,,,,
2026-08-13T17:27:52Z,,0,,,,,,
2026-08-13T17:53:48Z,525,,20.2,33.5,5.86,17.4,60.2,8.92
2026-08-13T18:27:53Z,,0,,,,,,
2026-08-13T19:27:52Z,,0,,,,,,
2026-08-13T19:53:11Z,525,,11.9,43,4.55,13,76,8.62
2026-08-13T20:27:52Z,,0,,,,,,
2026-08-13T21:27:52Z,,0,,,,,,
2026-08-13T21:53:50Z,495,,8.3,53.4,4.5,11.1,80.9,8.15
2026-08-13T22:27:52Z,,0,,,,,,
2026-08-13T23:27:52Z,,0,,,,,,
2026-08-13T23:54:11Z,450,,7.5,60.9,4.87,10.1,82.9,7.84
2026-08-14T00:27:52Z,,0,,,,,,
2026-08-14T01:27:52Z,,0,,,,,,
2026-08-14T01:54:56Z,465,,10,69,6.48,10.8,85.7,8.47
2026-08-14T02:27:52Z,,0,,,,,,
2026-08-14T03:27:52Z,,0,,,,,,
2026-08-14T03:55:29Z,975,,11.5,77.5,8.0,11.7,85.3,8.92
2026-08-14T04:27:52Z,,0,,,,,,
2026-08-14T05:27:53Z,,0,,,,,,
2026-08-14T05:55:36Z,2235,,17.3,76.4,11.25,15.2,77.5,10.06
2026-08-14T06:27:53Z,,0,,,,,,
2026-08-14T07:27:53Z,,0,,,,,,
2026-08-14T07:56:11Z,1365,,23.2,46.7,9.71,17.8,67,10.17
2026-08-14T08:27:53Z,,0,,,,,,
2026-08-14T09:27:53Z,,0,,,,,,
2026-08-14T09:55:45Z,1515,,27.8,41.4,11.14,19.2,68.7,11.33
2026-08-14T10:27:53Z,,0,,,,,,
2026-08-14T11:27:52Z,,0,,,,,,
2026-08-14T11:56:19Z,1830,,36.7,23.2,10.04,20.2,55.1,9.63
2026-08-14T12:27:53Z,,0,,,,,,
2026-08-14T13:27:52Z,,0,,,,,,
2026-08-14T13:56:11Z,975,,30.7,26.1,8.23,19.3,56.3,9.34
2026-08-14T14:27:53Z,,0,,,,,,
2026-08-14T15:27:52Z,,0,,,,,,
2026-08-14T15:56:40Z,540,,27.5,34.1,9.03,18.9,69.1,11.19
2026-08-14T16:27:53Z,,0,,,,,,
2026-08-14T17:27:52Z,,0,,,,,,
2026-08-14T17:57:25Z,525,,19.7,55.4,9.41,17.8,76.4,11.59
2026-08-14T18:27:52Z,,0,,,,,,
2026-08-14T19:27:53Z,,0,,,,,,
2026-08-14T19:57:42Z,990,,16.8,74.7,10.68,16.6,84.1,11.88
2026-08-14T20:27:52Z,,0,,,,,,
2026-08-14T21:27:52Z,,0,,,,,,
2026-08-14T22:27:52Z,,0,,,,,,
2026-08-14T23:27:52Z,,0,,,,,,
2026-08-14T23:57:09Z,1410,,15.2,86.3,11.2,15.2,88.2,11.44
2026-08-15T00:27:53Z,,3e-05,,,,,,
2026-08-15T01:27:52Z,,6e-05,,,,,,
2026-08-15T01:57:41Z,1425,,14.6,89.8,11.23,15.1,89.5,11.54
2026-08-15T02:27:52Z,,0.00014,,,,,,
2026-08-15T03:27:52Z,,0.00021,,,,,,
2026-08-15T03:57:48Z,1560,,15.6,95.4,12.68,15.6,95.4,12.68
2026-08-15T04:27:52Z,,0.00041,,,,,,
2026-08-15T05:27:52Z,,0.0006,,,,,,
2026-08-15T05:57:36Z,1995,,18.8,89.8,14.46,17.6,89.1,13.36
2026-08-15T06:27:52Z,,0.00069,,,,,,
2026-08-15T07:27:53Z,,0.00078,,,,,,
2026-08-15T08:27:53Z,,0.00087,,,,,,
2026-08-15T09:27:53Z,,0.00096,,,,,,
2026-08-15T09:57:27Z,1500,,37.7,31.9,14.53,24.9,64.9,14.86
2026-08-15T10:27:52Z,,0.00063,,,,,,
2026-08-15T11:27:52Z,,0.0003,,,,,,
2026-08-15T11:56:48Z,1650,,43.1,21.9,13.08,24,60.2,13.1
2026-08-15T12:27:53Z,,0,,,,,,
2026-08-15T13:27:53Z,,0,,,,,,
2026-08-15T13:57:15Z,1245,,38,27.5,12.72,23.3,65.9,13.78
2026-08-15T14:27:53Z,,0,,,,,,
2026-08-15T15:27:52Z,,0,,,,,,
2026-08-15T15:57:11Z,1005,,30.6,34.6,10.85,22,62.8,12.19
2026-08-15T16:27:53Z,,0,,,,,,
2026-08-15T17:27:52Z,,0,,,,,,
2026-08-15T17:57:17Z,525,,21,49.9,9.14,19.6,68,11.48
2026-08-15T18:27:52Z,,0,,,,,,
2026-08-15T19:27:52Z,,0,,,,,,
2026-08-15T19:57:20Z,690,,16.3,71.1,9.86,17.5,79.1,11.79
2026-08-15T20:27:53Z,,0,,,,,,
2026-08-15T21:27:52Z,,0,,,,,,
2026-08-15T21:58:02Z,1395,,16.4,84.5,11.79,17.6,81.5,12.22
2026-08-15T22:27:52Z,,0,,,,,,
2026-08-15T23:27:52Z,,0,,,,,,
2026-08-15T23:58:14Z,1455,,16.5,84,11.79,16.9,83.3,11.98
2026-08-16T00:27:53Z,,0,,,,,,
2026-08-16T01:27:52Z,,0,,,,,,
2026-08-16T01:57:50Z,1560,,15.7,88.7,11.86,15.8,88.7,11.94
2026-08-16T02:27:52Z,,7e-05,,,,,,
2026-08-16T03:27:52Z,,0.00013,,,,,,
2026-08-16T03:58:26Z,1620,,16,94,12.8,16.1,93.1,12.76
2026-08-16T04:27:52Z,,0.00029,,,,,,
2026-08-16T05:27:52Z,,0.00045,,,,,,
2026-08-16T05:58:09Z,1830,,18.6,87.9,13.99,18,87.4,13.42
2026-08-16T06:27:52Z,,0.00051,,,,,,
2026-08-16T07:27:52Z,,0.00057,,,,,,
2026-08-16T07:58:44Z,1950,,24.2,66.4,14.61,19.8,79.7,13.61
2026-08-16T08:27:53Z,,0.00024,,,,,,
2026-08-16T09:27:52Z,,0,,,,,,
2026-08-16T09:58:01Z,1380,,27.6,46.5,12.38,20.6,72.5,12.97
2026-08-16T10:27:53Z,,0,,,,,,
2026-08-16T11:27:52Z,,0,,,,,,
2026-08-16T11:58:08Z,1530,,35,29.1,11.53,19.9,68.1,11.7
2026-08-16T12:27:52Z,,0,,,,,,
2026-08-16T13:27:52Z,,0,,,,,,
2026-08-16T13:58:22Z,870,,28.3,38,10.51,18.7,75.8,12.13
2026-08-16T14:27:52Z,,0,,,,,,
2026-08-16T15:27:52Z,,0,,,,,,
2026-08-16T15:57:36Z,1065,,22.2,53.3,10.46,17.7,76.2,11.49
2026-08-16T16:27:52Z,,0,,,,,,
2026-08-16T17:27:53Z,,0,,,,,,
2026-08-16T17:57:09Z,1050,,17.8,70.3,10.67,16.1,85.8,11.76
2026-08-16T18:27:52Z,,0,,,,,,
2026-08-16T19:27:53Z,,0,,,,,,
2026-08-16T19:56:28Z,1350,,15.8,82.3,11.07,14.9,90.5,11.53
2026-08-16T20:27:53Z,,0,,,,,,
2026-08-16T21:27:53Z,,0,,,,,,
2026-08-16T21:56:42Z,1575,,15.5,88.9,11.75,14.8,92.1,11.66
2026-08-16T22:27:52Z,,7e-05,,,,,,
2026-08-16T23:27:52Z,,0.00014,,,,,,
2026-08-16T23:57:08Z,1635,,15.5,91.4,12.08,14.9,93.6,11.92
2026-08-17T00:27:52Z,,0.00024,,,,,,
2026-08-17T01:27:52Z,,0.00035,,,,,,
2026-08-17T01:57:25Z,1485,,14.7,92.8,11.68,14.6,94.9,11.87
2026-08-17T02:27:52Z,,0.00047,,,,,,
2026-08-17T03:27:53Z,,0.0006,,,,,,
2026-08-17T03:56:50Z,1755,,14.5,96.6,12.01,14.5,93.9,11.67
2026-08-17T04:27:52Z,,0.00082,,,,,,
2026-08-17T05:27:52Z,,0.00103,,,,,,
2026-08-17T05:56:50Z,2205,,17.3,91.7,13.5,16.3,86.9,12.05
2026-08-17T06:27:53Z,,0.00115,,,,,,
2026-08-17T07:27:52Z,,0.00127,,,,,,
2026-08-17T07:56:36Z,2535,,27.4,55,14.48,21.3,65.9,12.28
2026-08-17T08:27:53Z,,0.00094,,,,,,
2026-08-17T09:27:53Z,,0.0006,,,,,,
2026-08-17T09:57:26Z,1665,,30.4,37.4,11.6,21.1,62.6,11.53
2026-08-17T10:27:53Z,,0.00027,,,,,,
2026-08-17T11:27:52Z,,0,,,,,,
2026-08-17T11:57:56Z,1740,,37.2,25.5,11.32,21.3,60.1,11.2
2026-08-17T12:27:52Z,,0,,,,,,
2026-08-17T13:27:52Z,,0,,,,,,
2026-08-17T13:57:50Z,975,,30.3,30.9,9.53,20.4,61.4,10.86
2026-08-17T14:27:52Z,,0,,,,,,
2026-08-17T15:27:53Z,,0,,,,,,
2026-08-17T15:57:36Z,540,,23.6,41.2,8.76,19.2,69.9,11.52
2026-08-17T16:27:52Z,,0,,,,,,
2026-08-17T17:27:52Z,,0,,,,,,
2026-08-17T17:57:30Z,525,,17.6,51.7,7.75,17.3,70.2,10.34
2026-08-17T18:27:52Z,,0,,,,,,
2026-08-17T19:27:52Z,,0,,,,,,
2026-08-17T19:57:32Z,510,,12.8,67.4,7.55,14.3,77.7,9.54
2026-08-17T20:27:53Z,,0,,,,,,
2026-08-17T21:27:53Z,,0,,,,,,
2026-08-17T21:56:44Z,690,,10.7,78.3,7.69,12.5,83.5,9.18
2026-08-17T22:27:52Z,,0,,,,,,
2026-08-17T23:27:52Z,,0,,,,,,
2026-08-17T23:57:29Z,780,,9.5,82.3,7.49,11,87.3,8.74
2026-08-18T00:27:52Z,,0,,,,,,
2026-08-18T01:27:52Z,,0,,,,,,
2026-08-18T01:56:56Z,930,,8.3,87.1,7.34,9.5,90.3,8.22
2026-08-18T02:27:52Z,,3e-05,,,,,,
2026-08-18T03:27:53Z,,6e-05,,,,,,
2026-08-18T03:57:26Z,1365,,9.2,93.3,8.33,10.1,91.1,8.61
2026-08-18T04:27:53Z,,0.00015,,,,,,
2026-08-18T05:27:53Z,,0.00025,,,,,,
2026-08-18T05:57:22Z,3030,,17.6,95.9,14.38,16.9,78.9,11.34
2026-08-18T06:27:52Z,,0.00048,,,,,,
2026-08-18T07:27:52Z,,0.0007,,,,,,
2026-08-18T07:57:55Z,2115,,31.7,36.6,12.18,24.1,51,11.16
2026-08-18T08:27:53Z,,0.00037,,,,,,
2026-08-18T09:27:52Z,,4e-05,,,,,,
2026-08-18T09:58:36Z,1635,,38.2,20.8,9.72,22.8,47.7,9.69
2026-08-18T10:27:52Z,,0,,,,,,
2026-08-18T11:27:52Z,,0,,,,,,
2026-08-18T11:58:27Z,1590,,32.1,27.7,9.41,20.7,52.9,9.52
2026-08-18T12:27:52Z,,0,,,,,,
2026-08-18T13:27:53Z,,0,,,,,,
2026-08-18T13:59:09Z,1080,,30.7,26.6,8.39,20.4,52.6,9.3
2026-08-18T14:27:52Z,,0,,,,,,
2026-08-18T15:27:53Z,,0,,,,,,
2026-08-18T15:58:06Z,600,,23.1,35.8,7.4,17.9,59.2,9.04
2026-08-18T16:27:53Z,,0,,,,,,
2026-08-18T17:27:53Z,,0,,,,,,
2026-08-18T17:58:32Z,525,,16.3,42.8,5.94,15.4,70.8,9.3
2026-08-18T18:27:52Z,,0,,,,,,
2026-08-18T19:27:53Z,,0,,,,,,
2026-08-18T19:58:53Z,510,,9.6,56.2,5.15,11.8,80.6,8.48
2026-08-18T20:27:53Z,,0,,,,,,
2026-08-18T21:27:52Z,,0,,,,,,
2026-08-18T21:58:12Z,510,,9.3,67.7,6.08,11.2,84.6,8.57
2026-08-18T22:27:52Z,,0,,,,,,
2026-08-18T23:27:52Z,,0,,,,,,
2026-08-18T23:58:09Z,510,,8.5,74.6,6.37,10.5,87.5,8.48
2026-08-19T00:27:52Z,,0,,,,,,
2026-08-19T01:27:53Z,,0,,,,,,
2026-08-19T01:58:26Z,510,,8.8,77.3,6.73,10.2,89.7,8.53
2026-08-19T02:27:53Z,,0,,,,,,
2026-08-19T03:27:52Z,,0,,,,,,
2026-08-19T03:57:42Z,630,,8.5,84.7,7.23,10,91.7,8.61
2026-08-19T04:27:52Z,,0,,,,,,
2026-08-19T05:27:53Z,,0,,,,,,
2026-08-19T05:57:21Z,2250,,14.1,95,11.52,13.5,87.2,10.2
2026-08-19T06:27:53Z,,0.00017,,,,,,
2026-08-19T07:27:53Z,,0.00034,,,,,,
2026-08-19T07:57:24Z,2355,,29,41.8,12.02,21.7,54.8,10.45
2026-08-19T08:27:52Z,,1e-05,,,,,,
2026-08-19T09:27:53Z,,0,,,,,,
2026-08-19T09:58:12Z,1500,,36.6,22.2,9.55,22.3,49.7,9.81
2026-08-19T10:27:52Z,,0,,,,,,
2026-08-19T11:27:53Z,,0,,,,,,
2026-08-19T11:59:00Z,1785,,38.4,18.9,8.92,20.2,49.9,8.72
2026-08-19T12:27:53Z,,0,,,,,,
2026-08-19T13:27:53Z,,0,,,,,,
2026-08-19T13:58:25Z,1620,,38.3,16.2,7.61,20.3,43.6,7.67
2026-08-19T14:27:52Z,,0,,,,,,
2026-08-19T15:27:53Z,,0,,,,,,
2026-08-19T15:59:01Z,555,,28,23,6.26,19,49.1,8.0
2026-08-19T16:27:53Z,,0,,,,,,
2026-08-19T17:27:53Z,,0,,,,,,
2026-08-19T17:59:23Z,525,,18,30.3,4.65,16.3,57.6,7.99
2026-08-19T18:27:53Z,,0,,,,,,
2026-08-19T19:27:53Z,,0,,,,,,
2026-08-19T19:58:45Z,525,,10.6,45.8,4.47,12.5,69.5,7.64
2026-08-19T20:27:53Z,,0,,,,,,
2026-08-19T21:27:53Z,,0,,,,,,
2026-08-19T21:59:23Z,510,,7.7,55.3,4.48,9.9,78,7.28
2026-08-19T22:27:52Z,,0,,,,,,
2026-08-19T23:27:52Z,,0,,,,,,
2026-08-19T23:59:52Z,450,,4.9,58.5,3.95,8.3,83.7,7.05
2026-08-20T00:27:52Z,,0,,,,,,
2026-08-20T01:27:53Z,,0,,,,,,
2026-08-20T01:59:30Z,435,,3.2,61.1,3.68,7.2,84.9,6.66
2026-08-20T02:27:53Z,,0,,,,,,
2026-08-20T03:27:52Z,,0,,,,,,
2026-08-20T03:59:13Z,450,,5.6,74.2,5.25,9,87.4,7.7
2026-08-20T04:27:53Z,,0,,,,,,
2026-08-20T05:27:52Z,,0,,,,,,
2026-08-20T05:59:05Z,3015,,16.2,95,13.1,15.3,80.6,10.52
2026-08-20T06:27:52Z,,0.00019,,,,,,
2026-08-20T07:27:53Z,,0.00037,,,,,,
2026-08-20T08:27:53Z,,0.00056,,,,,,
2026-08-20T09:27:52Z,,0.00075,,,,,,
2026-08-20T09:59:07Z,555,,28,29.7,8.08,17.5,69.6,10.37
2026-08-20T10:27:52Z,,0.00041,,,,,,
2026-08-20T11:27:53Z,,8e-05,,,,,,
2026-08-20T11:59:41Z,525,,19,54.9,8.94,14.9,89.2,11.36
2026-08-20T12:27:52Z,,0,,,,,,
2026-08-20T13:27:52Z,,0,,,,,,
2026-08-20T13:59:51Z,1215,,17.6,75.8,11.36,15,94.2,12.07
2026-08-20T14:27:52Z,,0,,,,,,
2026-08-20T15:27:52Z,,0,,,,,,
2026-08-20T15:59:20Z,1230,,17.2,80.1,11.73,15.1,96.4,12.43
2026-08-20T16:27:52Z,,0,,,,,,
2026-08-20T17:27:53Z,,0,,,,,,
2026-08-20T17:59:31Z,1425,,15.6,88.6,11.78,14.8,95.3,12.07
2026-08-20T18:27:53Z,,6e-05,,,,,,
2026-08-20T19:27:52Z,,0.00013,,,,,,
2026-08-20T19:59:01Z,1560,,14.8,91.4,11.57,13.8,98.4,11.72
2026-08-20T20:27:53Z,,0.00023,,,,,,
2026-08-20T21:27:52Z,,0.00033,,,,,,
2026-08-20T21:58:16Z,1620,,14.6,92.6,11.58,13.7,97.2,11.51
2026-08-20T22:27:52Z,,0.00045,,,,,,
2026-08-20T23:27:53Z,,0.00057,,,,,,
2026-08-20T23:58:19Z,1620,,13.6,89.9,10.58,12.3,97.3,10.56
2026-08-21T00:27:53Z,,0.00065,,,,,,
2026-08-21T01:27:53Z,,0.00072,,,,,,
2026-08-21T01:58:18Z,1590,,12.5,91.4,10.04,11.5,96.7,9.98
2026-08-21T02:27:53Z,,0.00081,,,,,,
2026-08-21T03:27:53Z,,0.0009,,,,,,
2026-08-21T03:58:56Z,1650,,11.3,93.7,9.55,10.7,96.3,9.46
2026-08-21T04:27:52Z,,0.00102,,,,,,
2026-08-21T05:27:52Z,,0.00115,,,,,,
2026-08-21T05:58:10Z,2760,,16.2,100,13.78,15.2,90.3,11.72
2026-08-21T06:27:52Z,,0.00153,,,,,,
2026-08-21T07:27:53Z,,0.00191,,,,,,
2026-08-21T07:58:30Z,1725,,32.6,35.2,12.29,23.4,57,11.99
2026-08-21T08:27:52Z,,0.00158,,,,,,
2026-08-21T09:27:52Z,,0.00124,,,,,,
2026-08-21T09:58:06Z,1965,,40.1,19,9.77,22,47.3,9.18
2026-08-21T10:27:52Z,,0.00091,,,,,,
2026-08-21T11:27:53Z,,0.00058,,,,,,
2026-08-21T11:58:39Z,1575,,39.7,18.4,9.28,21,51.7,9.47
2026-08-21T12:27:53Z,,0.00024,,,,,,
2026-08-21T13:27:53Z,,0.00024,,,,,,
2026-08-21T13:58:41Z,1035,,23.1,49.1,10.15,18.5,71.6,11.33
2026-08-21T14:27:53Z,,0.00024,,,,,,
2026-08-21T15:27:53Z,,0.00024,,,,,,
2026-08-21T15:59:01Z,900,,23.9,46.4,10.04,18.2,73.9,11.48
2026-08-21T16:27:53Z,,0.00024,,,,,,
2026-08-21T17:27:52Z,,0.00024,,,,,,
2026-08-21T17:59:12Z,960,,17.3,66,9.72,16.2,79.3,10.93
2026-08-21T18:27:52Z,,0.00024,,,,,,
2026-08-21T19:27:53Z,,0.00024,,,,,,
2026-08-21T19:58:27Z,1125,,15,78.8,10.1,14.7,87.3,10.99
2026-08-21T20:27:52Z,,0.00024,,,,,,
2026-08-21T21:27:52Z,,0.00024,,,,,,
2026-08-21T21:58:07Z,1155,,13.4,84.2,9.78,13.7,89,10.53
2026-08-21T22:27:52Z,,0.00024,,,,,,
2026-08-21T23:27:52Z,,0.00024,,,,,,
2026-08-21T23:58:10Z,1545,,12.9,91.5,10.31,13.1,90.9,10.37
2026-08-22T00:27:53Z,,0.00034,,,,,,
2026-08-22T01:27:53Z,,0.00043,,,,,,
2026-08-22T01:58:47Z,1380,,13,88.6,10.04,12.9,92.8,10.45
2026-08-22T02:27:52Z,,0.00049,,,,,,
2026-08-22T03:27:52Z,,0.00054,,,,,,
2026-08-22T03:59:04Z,1740,,12.4,96.1,10.5,12.3,93.8,10.18
2026-08-22T04:27:52Z,,0.00073,,,,,,
2026-08-22T05:27:52Z,,0.00091,,,,,,
2026-08-22T05:59:39Z,3060,,17.2,98.3,14.39,14.6,91.8,11.48
2026-08-22T06:27:52Z,,0.00122,,,,,,
2026-08-22T07:27:52Z,,0.00154,,,,,,
2026-08-22T07:59:53Z,1920,,28,50.2,13.66,20.2,73.9,12.92
2026-08-22T08:27:53Z,,0.0012,,,,,,
2026-08-22T09:27:52Z,,0.00087,,,,,,
2026-08-22T10:00:27Z,1245,,27.6,42,11.18,18.2,77.2,12.0
2026-08-22T10:27:52Z,,0.00054,,,,,,
2026-08-22T11:27:52Z,,0.0002,,,,,,
2026-08-22T12:00:11Z,1020,,26.3,42.9,10.62,17.9,78.4,11.97
2026-08-22T12:27:53Z,,0,,,,,,
2026-08-22T13:27:53Z,,0,,,,,,
2026-08-22T14:00:28Z,705,,20.5,54,9.61,16.9,79.7,11.46
2026-08-22T14:27:53Z,,0,,,,,,
2026-08-22T15:27:52Z,,0,,,,,,
2026-08-22T15:59:40Z,540,,16.6,66.2,9.35,15.6,90.4,12.02
2026-08-22T16:27:53Z,,0,,,,,,
2026-08-22T17:27:53Z,,0,,,,,,
2026-08-22T17:59:32Z,525,,15.2,68.6,8.9,14.9,93.9,11.96
2026-08-22T18:27:52Z,,0,,,,,,
2026-08-22T19:27:52Z,,0,,,,,,
2026-08-22T19:59:11Z,525,,14.3,73.3,9.0,14.2,93.7,11.44
2026-08-22T20:27:53Z,,0,,,,,,
2026-08-22T21:27:52Z,,0,,,,,,
2026-08-22T22:00:04Z,525,,14.5,76.1,9.46,14,100,12.06
2026-08-22T22:27:52Z,,0,,,,,,
2026-08-22T23:27:52Z,,0,,,,,,
2026-08-22T23:59:33Z,525,,14.7,78.3,9.85,13.9,100,11.98
2026-08-23T00:27:52Z,,0,,,,,,
2026-08-23T01:27:52Z,,0,,,,,,
2026-08-23T01:59:37Z,855,,14.6,83,10.38,13.8,100,11.91
2026-08-23T02:27:52Z,,0,,,,,,
2026-08-23T03:27:52Z,,0,,,,,,
2026-08-23T03:59:19Z,1095,,14.5,86.6,10.77,13.6,100,11.76
2026-08-23T04:27:52Z,,3e-05,,,,,,
2026-08-23T05:27:52Z,,7e-05,,,,,,
2026-08-23T05:59:29Z,1335,,14.9,88.3,11.25,13.6,100,11.76
2026-08-23T06:27:52Z,,0.00012,,,,,,
2026-08-23T07:27:52Z,,0.00018,,,,,,
2026-08-23T07:59:06Z,1725,,16.2,89.4,12.32,13.9,100,11.98
2026-08-23T08:27:52Z,,0.00026,,,,,,
2026-08-23T09:27:52Z,,0.00034,,,,,,
2026-08-23T09:58:58Z,1515,,16.5,84.8,11.9,14,100,12.06
2026-08-23T10:27:52Z,,0,,,,,,
2026-08-23T11:27:52Z,,0,,,,,,
2026-08-23T11:59:04Z,1725,,18.5,76.9,12.16,14.3,96.6,11.86
2026-08-23T12:27:52Z,,0,,,,,,
2026-08-23T13:27:52Z,,0,,,,,,
2026-08-23T13:58:25Z,1395,,16.9,76,10.93,13.9,94.8,11.36
2026-08-23T14:27:53Z,,0,,,,,,
2026-08-23T15:27:53Z,,0,,,,,,
2026-08-23T15:57:55Z,1395,,15.8,78.3,10.54,14.4,88.2,10.9
2026-08-23T16:27:53Z,,0,,,,,,
2026-08-23T17:27:53Z,,0,,,,,,
2026-08-23T17:57:32Z,1185,,15.1,76.9,9.92,14.4,86.4,10.68
2026-08-23T18:27:53Z,,0,,,,,,
2026-08-23T19:27:53Z,,0,,,,,,
2026-08-23T19:57:52Z,1185,,13.6,83.4,9.81,13.9,88.2,10.57
2026-08-23T20:27:53Z,,0,,,,,,
2026-08-23T21:27:52Z,,0,,,,,,
2026-08-23T21:57:58Z,1215,,13.3,85.8,9.91,13.6,90,10.59
2026-08-23T22:27:52Z,,2e-05,,,,,,
2026-08-23T23:27:52Z,,4e-05,,,,,,
2026-08-23T23:57:19Z,1080,,12.3,87.7,9.52,12.7,93.6,10.42
2026-08-24T00:27:52Z,,8e-05,,,,,,
2026-08-24T01:27:52Z,,0.00012,,,,,,
2026-08-24T01:57:23Z,1095,,11.4,91.9,9.43,11.9,97.2,10.29
2026-08-24T02:27:53Z,,0.00022,,,,,,
2026-08-24T03:27:52Z,,0.00031,,,,,,
2026-08-24T03:57:44Z,1260,,11.6,93.6,9.72,11.8,97.4,10.25
2026-08-24T04:27:52Z,,0.00043,,,,,,
2026-08-24T05:27:52Z,,0.00055,,,,,,
2026-08-24T05:57:52Z,2775,,15.5,100,13.21,15,87.5,11.22
2026-08-24T06:27:52Z,,0.00092,,,,,,
2026-08-24T07:27:52Z,,0.00129,,,,,,
2026-08-24T07:57:41Z,1890,,21.1,62.1,11.44,15.9,80,10.83
2026-08-24T08:27:52Z,,0.00096,,,,,,
2026-08-24T09:27:52Z,,0.00062,,,,,,
2026-08-24T09:57:29Z,2355,,24.7,51.3,11.61,17,70.5,10.2
2026-08-24T10:27:52Z,,0.00029,,,,,,
2026-08-24T11:27:53Z,,0,,,,,,
2026-08-24T11:56:41Z,1185,,28.1,34.5,9.44,17.4,69.5,10.3
2026-08-24T12:27:52Z,,0,,,,,,
2026-08-24T13:27:53Z,,0,,,,,,
2026-08-24T13:55:59Z,540,,25.6,33.8,8.05,15.5,83.9,11.09
2026-08-24T14:27:52Z,,0,,,,,,
2026-08-24T15:27:53Z,,0,,,,,,
2026-08-24T15:56:14Z,525,,20.8,48.5,8.78,15.4,86.8,11.4
2026-08-24T16:27:52Z,,0,,,,,,
2026-08-24T17:27:53Z,,0,,,,,,
2026-08-24T17:56:32Z,540,,15.1,63.2,8.15,14,89.4,10.78
2026-08-24T18:27:53Z,,0,,,,,,
2026-08-24T19:27:53Z,,0,,,,,,
2026-08-24T19:56:18Z,510,,11.5,74.9,7.73,12.5,91.4,10.04
2026-08-24T20:27:52Z,,0,,,,,,
2026-08-24T21:27:52Z,,0,,,,,,
2026-08-24T21:55:59Z,510,,10.4,81,7.8,11.5,93.2,9.62
2026-08-24T22:27:53Z,,0,,,,,,
2026-08-24T23:27:53Z,,0,,,,,,
2026-08-24T23:55:26Z,510,,9.4,83.5,7.55,10.6,95.2,9.29
2026-08-25T00:27:52Z,,0,,,,,,
2026-08-25T01:27:52Z,,0,,,,,,
2026-08-25T01:55:58Z,555,,8.7,85.6,7.4,9.7,96.7,8.91
2026-08-25T02:27:53Z,,1e-05,,,,,,
2026-08-25T03:27:52Z,,2e-05,,,,,,
2026-08-25T03:56:25Z,1200,,9.7,91.3,8.41,9.7,97.5,8.99
2026-08-25T04:27:53Z,,0.0001,,,,,,
2026-08-25T05:27:53Z,,0.00017,,,,,,
2026-08-25T05:56:02Z,2775,,15.1,97,12.51,13.7,88,10.42
2026-08-25T06:27:53Z,,0.00041,,,,,,
2026-08-25T07:27:52Z,,0.00065,,,,,,
2026-08-25T07:55:43Z,2850,,26.8,42.9,10.92,18.5,57.9,9.16
2026-08-25T08:27:53Z,,0.00031,,,,,,
2026-08-25T09:27:53Z,,0,,,,,,
2026-08-25T09:56:09Z,2325,,33.8,26.3,9.78,17.9,56.4,8.61
2026-08-25T10:27:53Z,,0,,,,,,
2026-08-25T11:27:52Z,,0,,,,,,
2026-08-25T11:56:16Z,2085,,36.2,21.6,9.11,18,54.4,8.35
2026-08-25T12:27:53Z,,0,,,,,,
2026-08-25T13:27:52Z,,0,,,,,,
2026-08-25T13:56:18Z,1215,,32.2,22.2,7.58,18.3,52.4,8.19
2026-08-25T14:27:53Z,,0,,,,,,
2026-08-25T15:27:52Z,,0,,,,,,
2026-08-25T15:57:08Z,555,,26.5,26.1,6.54,18.5,53.8,8.51
2026-08-25T16:27:52Z,,0,,,,,,
2026-08-25T17:27:53Z,,0,,,,,,
2026-08-25T17:56:49Z,525,,15.9,35.5,4.81,15,70.6,9.05
2026-08-25T18:27:52Z,,0,,,,,,
2026-08-25T19:27:52Z,,0,,,,,,
2026-08-25T19:57:01Z,525,,9.5,50.6,4.6,11.9,80.1,8.48
2026-08-25T20:27:52Z,,0,,,,,,
2026-08-25T21:27:52Z,,0,,,,,,
2026-08-25T21:56:46Z,510,,9.7,71.5,6.59,11.3,83.5,8.51
2026-08-25T22:27:52Z,,0,,,,,,
2026-08-25T23:27:52Z,,0,,,,,,
2026-08-25T23:57:30Z,510,,8.3,73.2,6.17,10.4,87.8,8.46
2026-08-26T00:27:52Z,,0,,,,,,
2026-08-26T01:27:52Z,,0,,,,,,
2026-08-26T01:57:17Z,510,,8.7,80.5,6.96,10.8,91.6,9.05
2026-08-26T02:27:53Z,,0,,,,,,
2026-08-26T03:27:52Z,,0,,,,,,
2026-08-26T03:57:29Z,915,,10.5,86.5,8.39,11.4,92.5,9.49
2026-08-26T04:27:52Z,,3e-05,,,,,,
2026-08-26T05:27:53Z,,5e-05,,,,,,
2026-08-26T05:57:42Z,2490,,16.1,96.4,13.21,15.6,84.2,11.19
2026-08-26T06:27:53Z,,0.00028,,,,,,
2026-08-26T07:27:52Z,,0.00051,,,,,,
2026-08-26T07:56:48Z,1620,,32.7,38,13.33,24.9,58,13.28
2026-08-26T08:27:53Z,,0.00017,,,,,,
2026-08-26T09:27:53Z,,0,,,,,,
2026-08-26T09:56:22Z,885,,35.3,24.9,10.02,23.5,54.7,11.57
2026-08-26T10:27:53Z,,0,,,,,,
2026-08-26T11:27:53Z,,0,,,,,,
2026-08-26T11:55:36Z,1605,,34.6,28.1,10.9,21.7,57.6,10.99
2026-08-26T12:27:52Z,,0,,,,,,
2026-08-26T13:27:52Z,,0,,,,,,
2026-08-26T13:56:22Z,975,,28.8,34.4,9.78,20.5,62.3,11.08
2026-08-26T14:27:53Z,,0,,,,,,
2026-08-26T15:27:52Z,,0,,,,,,
2026-08-26T15:56:09Z,540,,25.5,38.9,9.21,19.6,67.7,11.43
2026-08-26T16:27:53Z,,0,,,,,,
2026-08-26T17:27:53Z,,0,,,,,,
2026-08-26T17:55:45Z,525,,17.1,47,6.84,16.8,77.2,11.03
2026-08-26T18:27:52Z,,0,,,,,,
2026-08-26T19:27:53Z,,0,,,,,,
2026-08-26T19:55:18Z,510,,11.1,59.5,5.99,13.7,83.7,9.91
2026-08-26T20:27:52Z,,0,,,,,,
2026-08-26T21:27:52Z,,0,,,,,,
2026-08-26T21:55:51Z,510,,8.4,66.7,5.66,11.7,87.5,9.15
2026-08-26T22:27:52Z,,0,,,,,,
2026-08-26T23:27:52Z,,0,,,,,,
2026-08-26T23:55:33Z,510,,7.3,74.8,5.91,10.5,89.7,8.7
2026-08-27T00:27:52Z,,0,,,,,,
2026-08-27T01:27:52Z,,0,,,,,,
2026-08-27T01:56:05Z,510,,6.1,77.2,5.64,9.2,91.8,8.2
2026-08-27T02:27:52Z,,0,,,,,,
2026-08-27T03:27:52Z,,0,,,,,,
2026-08-27T03:56:53Z,450,,5.9,80.8,5.83,9.1,92.7,8.22
2026-08-27T04:27:52Z,,0,,,,,,
2026-08-27T05:27:52Z,,0,,,,,,
2026-08-27T05:56:20Z,2490,,16.7,96.1,13.65,17.7,76.6,11.55
2026-08-27T06:27:53Z,,0.00022,,,,,,
2026-08-27T07:27:53Z,,0.00045,,,,,,
2026-08-27T07:56:00Z,1845,,33.9,31.1,11.63,26.2,45.1,11.11
2026-08-27T08:27:52Z,,0.00012,,,,,,
2026-08-27T09:27:53Z,,0,,,,,,
2026-08-27T09:56:45Z,1590,,43.4,17,10.3,25.5,44.2,10.47
2026-08-27T10:27:53Z,,0,,,,,,
2026-08-27T11:27:53Z,,0,,,,,,
2026-08-27T11:57:18Z,1965,,42.3,15.5,8.9,22,43.5,8.44
2026-08-27T12:27:52Z,,0,,,,,,
2026-08-27T13:27:53Z,,0,,,,,,
2026-08-27T13:56:23Z,930,,32.9,21.7,7.7,20.9,48.4,8.81
2026-08-27T14:27:52Z,,0,,,,,,
2026-08-27T15:27:53Z,,0,,,,,,
2026-08-27T15:56:35Z,540,,27,29.8,7.67,20.3,53.8,9.46
2026-08-27T16:27:52Z,,0,,,,,,
2026-08-27T17:27:52Z,,0,,,,,,
2026-08-27T17:55:49Z,525,,19.4,38.7,6.46,18.1,66,10.19
2026-08-27T18:27:52Z,,0,,,,,,
2026-08-27T19:27:52Z,,0,,,,,,
2026-08-27T19:56:27Z,510,,11.9,50.3,5.33,14.6,76.6,9.58
2026-08-27T20:27:53Z,,0,,,,,,
2026-08-27T21:27:52Z,,0,,,,,,
2026-08-27T21:56:51Z,510,,9.8,62.5,5.8,12.7,82.9,9.22
2026-08-27T22:27:52Z,,0,,,,,,
2026-08-27T23:27:52Z,,0,,,,,,
2026-08-27T23:56:48Z,510,,8.4,65.1,5.52,11.5,85.9,8.87
2026-08-28T00:27:52Z,,0,,,,,,
2026-08-28T01:27:53Z,,0,,,,,,
2026-08-28T01:56:34Z,450,,7.2,69.5,5.46,10.4,87.7,8.45
2026-08-28T02:27:53Z,,0,,,,,,
2026-08-28T03:27:52Z,,0,,,,,,
2026-08-28T03:56:31Z,450,,7,74.8,5.8,10,89.2,8.38
2026-08-28T04:27:53Z,,0,,,,,,
2026-08-28T05:27:53Z,,0,,,,,,
2026-08-28T05:56:21Z,3180,,16.6,95.2,13.44,15.2,80.2,10.41
2026-08-28T06:27:53Z,,0.0002,,,,,,
2026-08-28T07:27:52Z,,0.00039,,,,,,
2026-08-28T07:56:22Z,1680,,24.1,55.8,12.21,18.7,74.9,11.99
2026-08-28T08:27:53Z,,6e-05,,,,,,
2026-08-28T09:27:52Z,,0,,,,,,
2026-08-28T09:56:56Z,1470,,33.6,31.3,11.52,21.2,64.2,11.9
2026-08-28T10:27:53Z,,0,,,,,,
2026-08-28T11:27:52Z,,0,,,,,,
2026-08-28T11:57:25Z,1290,,33.7,27.9,10.32,20.5,62.1,11.05
2026-08-28T12:27:53Z,,0,,,,,,
2026-08-28T13:27:52Z,,0,,,,,,
2026-08-28T13:57:48Z,540,,29.5,29.8,8.8,20.1,62.4,10.84
2026-08-28T14:27:53Z,,0,,,,,,
2026-08-28T15:27:52Z,,0,,,,,,
2026-08-28T15:57:59Z,540,,25,37.3,8.59,18.6,70,11.14
2026-08-28T16:27:52Z,,0,,,,,,
2026-08-28T17:27:53Z,,0,,,,,,
2026-08-28T17:57:44Z,525,,18.5,56.6,8.95,17.2,80.7,11.81
2026-08-28T18:27:52Z,,0,,,,,,
2026-08-28T19:27:52Z,,0,,,,,,
2026-08-28T19:57:11Z,570,,15.6,72.5,9.64,16.2,84.1,11.59
2026-08-28T20:27:53Z,,0,,,,,,
2026-08-28T21:27:52Z,,0,,,,,,
2026-08-28T21:57:15Z,765,,14.4,80.9,10.0,15.6,87.8,11.67
2026-08-28T22:27:52Z,,0,,,,,,
2026-08-28T23:27:52Z,,0,,,,,,
2026-08-28T23:56:53Z,960,,14.1,86.5,10.49,15.2,90.1,11.69
2026-08-29T00:27:52Z,,3e-05,,,,,,
2026-08-29T01:27:53Z,,6e-05,,,,,,
2026-08-29T01:57:18Z,1125,,13.5,91.5,10.7,14.6,93,11.63
2026-08-29T02:27:53Z,,0.00016,,,,,,
2026-08-29T03:27:52Z,,0.00026,,,,,,
2026-08-29T03:57:46Z,1350,,13.3,94.7,10.94,14.2,93.4,11.4
2026-08-29T04:27:52Z,,0.00041,,,,,,
2026-08-29T05:27:52Z,,0.00057,,,,,,
2026-08-29T05:57:06Z,2220,,16.6,96.7,13.65,16.4,87.1,12.15
2026-08-29T06:27:52Z,,0.00081,,,,,,
2026-08-29T07:27:52Z,,0.00106,,,,,,
2026-08-29T07:56:43Z,1365,,22.4,52.4,10.41,18.4,69.3,10.9
2026-08-29T08:27:53Z,,0.00072,,,,,,
2026-08-29T09:27:53Z,,0.00039,,,,,,
2026-08-29T10:27:52Z,,6e-05,,,,,,
2026-08-29T11:27:53Z,,0,,,,,,
2026-08-29T11:56:32Z,1410,,25.6,46.3,11.03,19,70.1,11.42
2026-08-29T12:27:52Z,,0,,,,,,
2026-08-29T13:27:52Z,,0,,,,,,
2026-08-29T13:56:51Z,1290,,25,45.4,10.45,19.1,68,11.14
2026-08-29T14:27:53Z,,0,,,,,,
2026-08-29T15:27:52Z,,0,,,,,,
2026-08-29T15:57:12Z,1110,,21,57.4,10.51,18.4,73.3,11.53
2026-08-29T16:27:53Z,,0,,,,,,
2026-08-29T17:27:52Z,,0,,,,,,
2026-08-29T17:57:09Z,1335,,18.3,66.4,10.38,18.1,70.2,10.84
2026-08-29T18:27:52Z,,0,,,,,,
2026-08-29T19:27:52Z,,0,,,,,,
2026-08-29T19:56:23Z,1320,,17.2,72.6,10.63,17.5,75,11.18
2026-08-29T20:27:53Z,,0,,,,,,
2026-08-29T21:27:53Z,,0,,,,,,
2026-08-29T21:55:44Z,1395,,16.9,76.2,10.96,17.2,77.1,11.29
2026-08-29T22:27:52Z,,0,,,,,,
2026-08-29T23:27:52Z,,0,,,,,,
2026-08-29T23:56:13Z,1455,,16.1,86.1,11.8,15.9,89.2,12.08
2026-08-30T00:27:52Z,,3e-05,,,,,,
2026-08-30T01:27:52Z,,5e-05,,,,,,
2026-08-30T01:56:41Z,1620,,15.7,91.8,12.28,15.2,93.8,12.17
2026-08-30T02:27:52Z,,0.00017,,,,,,
2026-08-30T03:27:52Z,,0.00028,,,,,,
2026-08-30T03:56:28Z,1605,,16,95.3,12.98,15.5,98.2,12.98
2026-08-30T04:27:52Z,,0.00047,,,,,,
2026-08-30T05:27:53Z,,0.00067,,,,,,
2026-08-30T05:56:08Z,1845,,16.7,96.9,13.77,15.8,97.1,13.07
2026-08-30T06:27:53Z,,0.00092,,,,,,
2026-08-30T07:27:52Z,,0.00117,,,,,,
2026-08-30T07:56:22Z,1920,,17.8,94.7,14.37,16.5,96.1,13.49
2026-08-30T08:27:53Z,,0.00136,,,,,,
2026-08-30T09:27:52Z,,0.00155,,,,,,
2026-08-30T09:56:43Z,1860,,19.7,83.7,14.21,16.9,93.8,13.49
2026-08-30T10:27:53Z,,0.00122,,,,,,
2026-08-30T11:27:52Z,,0.00088,,,,,,
2026-08-30T11:55:55Z,1215,,28.3,44.9,12.42,19.2,80.8,13.32
2026-08-30T12:27:53Z,,0.00055,,,,,,
2026-08-30T13:27:52Z,,0.00022,,,,,,
2026-08-30T13:55:08Z,1290,,27,48.2,12.41,18.9,81.6,13.22
2026-08-30T14:27:53Z,,0,,,,,,
2026-08-30T15:27:53Z,,0,,,,,,
2026-08-30T15:55:34Z,1050,,24.6,51.6,11.62,18.7,80.5,12.88
2026-08-30T16:27:52Z,,0,,,,,,
2026-08-30T17:27:52Z,,0,,,,,,
2026-08-30T17:54:51Z,885,,16.7,75.8,10.77,16.3,88.4,12.26
2026-08-30T18:27:53Z,,0,,,,,,
2026-08-30T19:27:52Z,,0,,,,,,
2026-08-30T19:54:30Z,1320,,15.5,90,11.89,15.7,92.9,12.42
2026-08-30T20:27:52Z,,8e-05,,,,,,
2026-08-30T21:27:52Z,,0.00017,,,,,,
2026-08-30T21:54:33Z,1560,,15.5,94.4,12.47,15.7,94.1,12.59
2026-08-30T22:27:52Z,,0.00033,,,,,,
2026-08-30T23:27:52Z,,0.0005,,,,,,
2026-08-30T23:53:52Z,1560,,16,96.7,13.17,16.1,96.7,13.25
2026-08-31T00:27:53Z,,0.00074,,,,,,
2026-08-31T01:27:52Z,,0.00097,,,,,,
2026-08-31T01:54:04Z,1665,,16.4,97.8,13.65,16.2,97.8,13.48
2026-08-31T02:27:53Z,,0.00126,,,,,,
2026-08-31T03:27:53Z,,0.00154,,,,,,
2026-08-31T03:54:19Z,1695,,16.4,97.8,13.65,16.1,97.8,13.4
2026-08-31T04:27:53Z,,0.00182,,,,,,
2026-08-31T05:27:52Z,,0.0021,,,,,,
2026-08-31T05:53:32Z,1725,,16.7,98.7,14.02,16.2,99.8,13.76
2026-08-31T06:27:52Z,,0.00243,,,,,,
2026-08-31T07:27:52Z,,0.00275,,,,,,
2026-08-31T07:53:48Z,1740,,17,98.3,14.22,16.3,100,13.87
2026-08-31T08:27:52Z,,0.00307,,,,,,
2026-08-31T09:27:52Z,,0.00338,,,,,,
2026-08-31T09:54:39Z,1890,,17.9,99.5,15.19,16.9,100,14.38
2026-08-31T10:27:53Z,,0.00376,,,,,,
2026-08-31T11:27:53Z,,0.00414,,,,,,
2026-08-31T11:54:45Z,1935,,22,81.4,15.8,18.4,94.4,14.84
2026-08-31T12:27:53Z,,0.00381,,,,,,
2026-08-31T13:27:53Z,,0.00347,,,,,,
2026-08-31T13:55:08Z,1605,,22.2,74.4,14.61,18.3,93,14.54
2026-08-31T14:27:53Z,,0.00314,,,,,,
2026-08-31T15:27:53Z,,0.00281,,,,,,
2026-08-31T15:55:42Z,1425,,19.7,79,13.41,17.4,93.6,13.87
2026-08-31T16:27:52Z,,0.00247,,,,,,
2026-08-31T17:27:52Z,,0.00214,,,,,,
2026-08-31T17:56:14Z,1395,,17.4,87.3,12.93,16.4,96.7,13.49
2026-08-31T18:27:53Z,,0.00219,,,,,,
2026-08-31T19:27:52Z,,0.00224,,,,,,
2026-08-31T19:56:34Z,1530,,16.3,92.6,12.84,15.8,96.4,12.97
2026-08-31T20:27:53Z,,0.00237,,,,,,
2026-08-31T21:27:53Z,,0.0025,,,,,,
2026-08-31T21:57:25Z,1530,,15.5,93.1,12.3,15.3,95.5,12.47
2026-08-31T22:27:52Z,,0.00264,,,,,,
2026-08-31T23:27:53Z,,0.00277,,,,,,
2026-08-31T23:58:04Z,1455,,14.8,93.6,11.85,14.7,96.5,12.14
2026-09-01T00:27:52Z,,0.00292,,,,,,
2026-09-01T01:27:52Z,,0.00306,,,,,,
2026-09-01T01:57:54Z,1230,,13.2,95.4,10.95,13.6,99.2,11.67
2026-09-01T02:27:53Z,,0.00323,,,,,,
2026-09-01T03:27:53Z,,0.0034,,,,,,
2026-09-01T03:58:34Z,1680,,14.6,99.5,12.45,14.3,99.3,12.19
2026-09-01T04:27:53Z,,0.00374,,,,,,
2026-09-01T05:27:52Z,,0.00407,,,,,,
2026-09-01T05:58:02Z,1920,,16.5,100,14.04,15.6,98.4,13.08
2026-09-01T06:27:53Z,,0.00446,,,,,,
2026-09-01T07:27:53Z,,0.00484,,,,,,
2026-09-01T07:58:10Z,2055,,22,75.3,14.61,18.1,86.8,13.41
2026-09-01T08:27:54Z,,0.00451,,,,,,
2026-09-01T09:27:53Z,,0.00418,,,,,,
2026-09-01T09:58:57Z,1275,,25,49.3,11.35,18.8,75.1,12.09
2026-09-01T10:27:53Z,,0.00384,,,,,,
2026-09-01T11:27:52Z,,0.00351,,,,,,
2026-09-01T11:59:25Z,1350,,26.3,48.1,11.91,19,76.5,12.46
2026-09-01T12:27:52Z,,0.00318,,,,,,
2026-09-01T13:27:52Z,,0.00284,,,,,,
2026-09-01T13:59:45Z,1620,,31.4,38.7,12.67,19.7,74.3,12.61
2026-09-01T14:27:53Z,,0.00284,,,,,,
2026-09-01T15:27:52Z,,0.00284,,,,,,
2026-09-01T15:59:50Z,885,,23.2,53.6,11.14,18.9,79,12.79
2026-09-01T16:27:52Z,,0.00284,,,,,,
2026-09-01T17:27:52Z,,0.00284,,,,,,
2026-09-01T17:59:30Z,525,,17,69.3,10.02,16.9,87.4,12.57
2026-09-01T18:27:52Z,,0.00284,,,,,,
2026-09-01T19:27:55Z,,0.00284,,,,,,
2026-09-01T19:59:45Z,525,,12.6,79.5,8.79,14.4,92.7,11.45
2026-09-01T20:27:53Z,,0.00284,,,,,,
2026-09-01T21:27:52Z,,0.00284,,,,,,
2026-09-01T21:59:53Z,525,,11.1,83.7,8.43,13.1,95.2,10.86
2026-09-01T22:27:52Z,,0.00284,,,,,,
2026-09-01T23:27:52Z,,0.00284,,,,,,
2026-09-01T23:59:49Z,525,,9.7,86.1,7.94,12,96.1,10.24
2026-09-02T00:27:52Z,,0.00286,,,,,,
2026-09-02T01:27:52Z,,0.00288,,,,,,
2026-09-02T01:59:16Z,960,,10.1,93.4,8.83,11.3,97.2,9.91
2026-09-02T02:27:52Z,,0.00299,,,,,,
2026-09-02T03:27:52Z,,0.00309,,,,,,
2026-09-02T03:58:43Z,1650,,12.1,96.8,10.38,11.7,98.1,10.26
2026-09-02T04:27:52Z,,0.00329,,,,,,
2026-09-02T05:27:52Z,,0.00349,,,,,,
2026-09-02T05:59:08Z,2070,,13.4,95.4,11.09,11.6,97.6,10.14
2026-09-02T06:27:52Z,,0.00367,,,,,,
2026-09-02T07:27:53Z,,0.00384,,,,,,
2026-09-02T07:58:35Z,3255,,21,76.8,14.07,15.2,83.2,10.79
2026-09-02T08:27:53Z,,0.00351,,,,,,
2026-09-02T09:27:53Z,,0.00317,,,,,,
2026-09-02T09:59:08Z,2220,,35.7,28.6,11.75,18.6,66.6,10.6
2026-09-02T10:27:53Z,,0.00284,,,,,,
2026-09-02T11:27:53Z,,0.00251,,,,,,
2026-09-02T11:59:24Z,1800,,39.5,21.6,10.78,18.8,65.1,10.48
2026-09-02T12:27:52Z,,0.00217,,,,,,
2026-09-02T13:27:53Z,,0.00184,,,,,,
2026-09-02T14:00:12Z,885,,33.6,24.3,8.94,19.3,62.6,10.38
2026-09-02T14:27:52Z,,0.00184,,,,,,
2026-09-02T15:27:56Z,,0.00184,,,,,,
2026-09-02T15:59:46Z,540,,27.5,28.1,7.44,19,62.8,10.23
2026-09-02T16:27:52Z,,0.00184,,,,,,
2026-09-02T17:27:52Z,,0.00184,,,,,,
2026-09-02T17:59:44Z,525,,16.3,52.5,7.28,16.2,79.4,10.95
2026-09-02T18:27:53Z,,0.00184,,,,,,
2026-09-02T19:27:52Z,,0.00184,,,,,,
2026-09-02T19:59:52Z,885,,13.8,83.1,9.9,14.5,91.2,11.34
2026-09-02T20:27:52Z,,0.00184,,,,,,
2026-09-02T21:27:52Z,,0.00184,,,,,,
2026-09-02T22:00:32Z,750,,11.8,83.1,8.74,12.8,91,10.19
2026-09-02T22:27:52Z,,0.00184,,,,,,
2026-09-02T23:27:52Z,,0.00184,,,,,,
2026-09-03T00:00:07Z,450,,9.5,86.3,7.85,11.6,94,9.77
2026-09-03T00:27:52Z,,0.00186,,,,,,
2026-09-03T01:27:52Z,,0.00188,,,,,,
2026-09-03T02:00:34Z,525,,10.4,92.8,8.94,12.8,97.3,10.89
2026-09-03T02:27:53Z,,0.00198,,,,,,
2026-09-03T03:27:52Z,,0.00208,,,,,,
2026-09-03T03:59:58Z,1320,,13.1,97.2,11.09,13.9,96.7,11.59
2026-09-03T04:27:53Z,,0.0023,,,,,,
2026-09-03T05:27:52Z,,0.00253,,,,,,
2026-09-03T06:00:33Z,1815,,13.9,95.9,11.49,14,91.1,10.98
2026-09-03T06:27:53Z,,0.00272,,,,,,
2026-09-03T07:27:53Z,,0.00291,,,,,,
2026-09-03T08:00:20Z,2385,,25.3,53.6,12.55,20.4,62,10.97
2026-09-03T08:27:52Z,,0.00258,,,,,,
2026-09-03T09:27:54Z,,0.00225,,,,,,
2026-09-03T10:01:04Z,1950,,27.7,32.8,8.78,19,50.8,8.28
2026-09-03T10:27:52Z,,0.00191,,,,,,
2026-09-03T11:27:52Z,,0.00158,,,,,,
2026-09-03T12:01:09Z,1530,,30.1,25.9,7.9,18.2,52,8.08
2026-09-03T12:27:52Z,,0.00125,,,,,,
2026-09-03T13:27:53Z,,0.00125,,,,,,
2026-09-03T14:00:30Z,960,,28,27.2,7.4,17.4,56.9,8.43
2026-09-03T14:27:52Z,,0.00125,,,,,,
2026-09-03T15:27:53Z,,0.00125,,,,,,
2026-09-03T16:00:08Z,540,,20.9,39.6,7.21,16,65.6,8.93
2026-09-03T16:27:52Z,,0.00125,,,,,,
2026-09-03T17:27:52Z,,0.00125,,,,,,
2026-09-03T18:00:06Z,525,,13,58.7,6.65,13.3,73.2,8.45
2026-09-03T18:27:53Z,,0.00125,,,,,,
2026-09-03T19:27:53Z,,0.00125,,,,,,
2026-09-03T20:00:29Z,510,,8.8,68.8,5.99,10.7,79.2,7.78
2026-09-03T20:27:52Z,,0.00125,,,,,,
2026-09-03T21:27:52Z,,0.00125,,,,,,
2026-09-03T22:01:17Z,450,,4.7,68.6,4.57,8.2,84.9,7.11
2026-09-03T22:27:52Z,,0.00125,,,,,,
2026-09-03T23:27:52Z,,0.00125,,,,,,
2026-09-04T00:01:16Z,450,,3.8,72.4,4.54,7.1,88.7,6.92
2026-09-04T00:27:52Z,,0.00125,,,,,,
2026-09-04T01:27:52Z,,0.00125,,,,,,
2026-09-04T02:02:08Z,450,,3.8,74.9,4.7,7,90.6,7.02
2026-09-04T02:27:53Z,,0.00125,,,,,,
2026-09-04T03:27:52Z,,0.00125,,,,,,
2026-09-04T04:01:47Z,450,,4.1,76.5,4.9,7.6,92.2,7.43
2026-09-04T04:27:52Z,,0.00125,,,,,,
2026-09-04T05:27:52Z,,0.00125,,,,,,
2026-09-04T06:01:59Z,1215,,9.9,90,8.4,10.6,92.5,9.03
2026-09-04T06:27:52Z,,0.00131,,,,,,
2026-09-04T07:27:52Z,,0.00137,,,,,,
2026-09-04T08:02:25Z,2925,,20.4,81,14.33,18.1,75.9,11.72
2026-09-04T08:27:53Z,,0.00103,,,,,,
2026-09-04T09:27:52Z,,0.0007,,,,,,
2026-09-04T10:02:43Z,2145,,31.5,31.3,10.3,18.6,59,9.39
2026-09-04T10:27:53Z,,0.00037,,,,,,
2026-09-04T11:27:52Z,,3e-05,,,,,,
2026-09-04T12:03:07Z,765,,36.8,16.9,7.35,17.9,57.5,8.78
2026-09-04T12:27:53Z,,0,,,,,,
2026-09-04T13:27:52Z,,0,,,,,,
2026-09-04T14:03:59Z,855,,29.5,29.3,8.66,16.1,72.8,9.97
2026-09-04T14:27:52Z,,0,,,,,,
2026-09-04T15:27:53Z,,0,,,,,,
2026-09-04T16:04:14Z,525,,20.1,41.6,7.23,15,74.3,9.52
2026-09-04T16:27:52Z,,0,,,,,,
2026-09-04T17:27:52Z,,0,,,,,,
2026-09-04T18:04:55Z,525,,13.4,52.8,6.14,13,81.4,9.23
2026-09-04T18:27:52Z,,0,,,,,,
2026-09-04T19:27:52Z,,0,,,,,,
2026-09-04T20:04:50Z,510,,8.6,61.9,5.32,10.6,85.5,8.34
2026-09-04T20:27:52Z,,0,,,,,,
2026-09-04T21:27:52Z,,0,,,,,,
2026-09-04T22:05:01Z,450,,7.8,68.1,5.56,9.6,88.3,8.09
2026-09-04T22:27:52Z,,0,,,,,,
2026-09-04T23:27:52Z,,0,,,,,,
2026-09-05T00:05:37Z,450,,5.4,70.4,4.91,8,89.5,7.4
2026-09-05T00:27:53Z,,0,,,,,,
2026-09-05T01:27:53Z,,0,,,,,,
2026-09-05T02:05:20Z,450,,4.4,76.9,5.02,6.6,92.1,6.95
2026-09-05T02:27:53Z,,0,,,,,,
2026-09-05T03:27:52Z,,0,,,,,,
2026-09-05T04:04:49Z,450,,3.3,78.6,4.77,5.5,94,6.6
2026-09-05T04:27:53Z,,0,,,,,,
2026-09-05T05:27:52Z,,0,,,,,,
2026-09-05T06:04:42Z,2460,,11.1,96.4,9.71,10.2,87.1,8.29
2026-09-05T06:27:52Z,,0.00018,,,,,,
2026-09-05T07:27:52Z,,0.00035,,,,,,
2026-09-05T08:04:12Z,1995,,23.1,53.7,11.1,16.2,74.6,10.28
2026-09-05T08:27:52Z,,2e-05,,,,,,
2026-09-05T09:27:52Z,,0,,,,,,
2026-09-05T10:04:40Z,2460,,35.6,28.2,11.52,18.5,62.5,9.89
2026-09-05T10:27:53Z,,0,,,,,,
2026-09-05T11:27:52Z,,0,,,,,,
2026-09-05T12:04:30Z,1290,,22.2,48.5,9.52,15.5,76.4,10.09
2026-09-05T12:27:52Z,,0,,,,,,
2026-09-05T13:27:53Z,,0,,,,,,
2026-09-05T14:03:59Z,1500,,26.2,34.4,8.47,16.4,62.3,8.69
2026-09-05T14:27:52Z,,0,,,,,,
2026-09-05T15:27:52Z,,0,,,,,,
2026-09-05T16:04:15Z,540,,20.6,38.8,6.94,15.7,68,9.09
2026-09-05T16:27:52Z,,0,,,,,,
2026-09-05T17:27:52Z,,0,,,,,,
2026-09-05T18:05:02Z,525,,14.5,53,6.59,13.7,76.5,9.06
2026-09-05T18:27:53Z,,0,,,,,,
2026-09-05T19:27:53Z,,0,,,,,,
2026-09-05T20:05:17Z,525,,10.9,64.4,6.4,11.8,85.6,9.01
2026-09-05T20:27:52Z,,0,,,,,,
2026-09-05T21:27:53Z,,0,,,,,,
2026-09-05T22:04:52Z,465,,8.8,72.1,6.27,10,91,8.55
2026-09-05T22:27:52Z,,0,,,,,,
2026-09-05T23:27:53Z,,0,,,,,,
2026-09-06T00:05:29Z,465,,7.6,78,6.28,8.4,93.1,7.9
2026-09-06T00:27:52Z,,0,,,,,,
2026-09-06T01:27:52Z,,0,,,,,,
2026-09-06T02:06:07Z,975,,8.4,84.9,7.2,8.4,94.9,8.05
2026-09-06T02:27:52Z,,0,,,,,,
2026-09-06T03:27:53Z,,0,,,,,,
2026-09-06T04:06:25Z,1320,,9.3,87.4,7.85,8.8,94.7,8.24
2026-09-06T04:27:52Z,,3e-05,,,,,,
2026-09-06T05:27:52Z,,7e-05,,,,,,
2026-09-06T06:05:57Z,2715,,12.6,91.1,10.07,11.7,81,8.47
2026-09-06T06:27:52Z,,0.00015,,,,,,
2026-09-06T07:27:53Z,,0.00024,,,,,,
2026-09-06T08:05:52Z,2010,,23.1,39.4,8.14,14.7,59.5,7.49
2026-09-06T08:27:52Z,,0,,,,,,
2026-09-06T09:27:53Z,,0,,,,,,
2026-09-06T10:05:41Z,2445,,30.5,24.6,7.67,14.8,52.2,6.61
2026-09-06T10:27:52Z,,0,,,,,,
2026-09-06T11:27:52Z,,0,,,,,,
2026-09-06T12:06:17Z,1620,,30.9,20.5,6.53,14.7,51.8,6.52
2026-09-06T12:27:53Z,,0,,,,,,
2026-09-06T13:27:52Z,,0,,,,,,
2026-09-06T14:06:04Z,1245,,27.2,21.9,5.7,14.8,48.1,6.09
2026-09-06T14:27:52Z,,0,,,,,,
2026-09-06T15:27:52Z,,0,,,,,,
2026-09-06T16:05:44Z,540,,18.8,25.6,4.12,14.3,49.9,6.13
2026-09-06T16:27:52Z,,0,,,,,,
2026-09-06T17:27:52Z,,0,,,,,,
2026-09-06T18:05:43Z,525,,9.8,34.9,3.24,10.7,61.8,6.07
2026-09-06T18:27:52Z,,0,,,,,,
2026-09-06T19:27:52Z,,0,,,,,,
2026-09-06T20:05:13Z,510,,6,47.7,3.46,8.2,74.5,6.24
2026-09-06T20:27:52Z,,0,,,,,,
2026-09-06T21:27:53Z,,0,,,,,,
2026-09-06T22:04:55Z,465,,4.5,54.3,3.57,6.4,79.6,5.93
2026-09-06T22:27:52Z,,0,,,,,,
2026-09-06T23:27:52Z,,0,,,,,,
2026-09-07T00:04:28Z,450,,3.7,64.2,4.0,5.2,83.8,5.77
2026-09-07T00:27:52Z,,0,,,,,,
2026-09-07T01:27:53Z,,0,,,,,,
2026-09-07T02:04:17Z,450,,3.4,71.4,4.36,4.3,87.1,5.65
2026-09-07T02:27:52Z,,0,,,,,,
2026-09-07T03:27:53Z,,0,,,,,,
2026-09-07T04:04:05Z,450,,2.4,73.3,4.19,3.2,88,5.31
2026-09-07T04:27:53Z,,0,,,,,,
2026-09-07T05:27:52Z,,0,,,,,,
2026-09-07T06:03:27Z,3195,,10.9,95.6,9.51,10.6,73.7,7.19
2026-09-07T06:27:53Z,,0.00016,,,,,,
2026-09-07T07:27:52Z,,0.00031,,,,,,
2026-09-07T08:03:03Z,975,,21.8,32.1,6.16,14.4,56.3,6.96
2026-09-07T08:27:52Z,,0,,,,,,
2026-09-07T09:27:52Z,,0,,,,,,
2026-09-07T10:02:50Z,1590,,28.4,25,6.95,15.6,52.7,7.01
2026-09-07T10:27:52Z,,0,,,,,,
2026-09-07T11:27:52Z,,0,,,,,,
2026-09-07T12:02:23Z,1230,,31.6,20.7,6.85,15,58,7.43
2026-09-07T12:27:53Z,,0,,,,,,
2026-09-07T13:27:53Z,,0,,,,,,
2026-09-07T14:02:13Z,915,,28,30.1,8.19,15.9,69.5,9.41
2026-09-07T14:27:53Z,,0,,,,,,
2026-09-07T15:27:52Z,,0,,,,,,
2026-09-07T16:01:34Z,525,,19.9,48.5,8.33,15.4,77.8,10.22
2026-09-07T16:27:53Z,,0,,,,,,
2026-09-07T17:27:52Z,,0,,,,,,
2026-09-07T18:01:05Z,915,,16,70.4,9.59,15,84.3,10.81
2026-09-07T18:27:52Z,,0,,,,,,
2026-09-07T19:27:52Z,,0,,,,,,
2026-09-07T20:00:39Z,1230,,14.9,84.7,10.79,14.1,94.5,11.46
2026-09-07T20:27:52Z,,0,,,,,,
2026-09-07T21:27:52Z,,0,,,,,,
2026-09-07T22:01:12Z,1425,,14.6,89.7,11.22,14.1,94.8,11.5
2026-09-07T22:27:52Z,,8e-05,,,,,,
2026-09-07T23:27:52Z,,0.00015,,,,,,
2026-09-08T00:01:58Z,1455,,14.6,93.9,11.75,14.5,96.2,11.96
2026-09-08T00:27:52Z,,0.0003,,,,,,
2026-09-08T01:27:53Z,,0.00045,,,,,,
2026-09-08T02:02:05Z,1560,,14.8,93.6,11.85,14.6,95,11.88
2026-09-08T02:27:52Z,,0.00059,,,,,,
2026-09-08T03:27:52Z,,0.00073,,,,,,
2026-09-08T04:02:16Z,1590,,15,93.5,11.98,14.8,94.2,11.93
2026-09-08T04:27:52Z,,0.00087,,,,,,
2026-09-08T05:27:53Z,,0.00102,,,,,,
2026-09-08T06:02:27Z,1725,,15.4,95.7,12.57,14.7,97.9,12.32
2026-09-08T06:27:52Z,,0.00122,,,,,,
2026-09-08T07:27:53Z,,0.00142,,,,,,
2026-09-08T08:02:17Z,1695,,15.5,94.4,12.47,14.6,98.7,12.35
2026-09-08T08:27:53Z,,0.00158,,,,,,
2026-09-08T09:27:52Z,,0.00175,,,,,,
2026-09-08T10:01:55Z,1785,,16.2,94.4,13.01,15.1,97.7,12.6
2026-09-08T10:27:52Z,,0.00192,,,,,,
2026-09-08T11:27:52Z,,0.00209,,,,,,
2026-09-08T12:01:16Z,1845,,16.8,90.7,12.96,15.5,93.6,12.37
2026-09-08T12:27:52Z,,0.00219,,,,,,
2026-09-08T13:27:52Z,,0.00229,,,,,,
2026-09-08T14:02:03Z,1695,,16.6,84.1,11.88,16,86.2,11.74
2026-09-08T14:27:52Z,,0.00196,,,,,,
2026-09-08T15:27:52Z,,0.00162,,,,,,
2026-09-08T16:01:47Z,1485,,15.7,87.7,11.73,15.3,92.2,12.04
2026-09-08T16:27:52Z,,0.00167,,,,,,
2026-09-08T17:27:52Z,,0.00173,,,,,,
2026-09-08T18:02:34Z,1620,,15.2,90.5,11.74,15.6,88.1,11.71
2026-09-08T18:27:52Z,,0.00181,,,,,,
2026-09-08T19:27:52Z,,0.0019,,,,,,
2026-09-08T20:02:11Z,1530,,15.3,95.3,12.44,15.1,98.1,12.65
2026-09-08T20:27:52Z,,0.00209,,,,,,
2026-09-08T21:27:52Z,,0.00228,,,,,,
2026-09-08T22:01:41Z,1530,,15.5,95.7,12.64,15.4,98.1,12.88
2026-09-08T22:27:52Z,,0.00248,,,,,,
2026-09-08T23:27:52Z,,0.00268,,,,,,
2026-09-09T00:01:25Z,1425,,14.8,96.1,12.17,14.8,98.6,12.48
2026-09-09T00:27:52Z,,0.00289,,,,,,
2026-09-09T01:27:52Z,,0.0031,,,,,,
2026-09-09T02:01:41Z,1590,,15.2,98.8,12.82,15.1,99.2,12.79
2026-09-09T02:27:52Z,,0.0034,,,,,,
2026-09-09T03:27:53Z,,0.00371,,,,,,
2026-09-09T04:00:44Z,1650,,15.5,99.1,13.09,15.2,99.8,12.95
2026-09-09T04:27:53Z,,0.00404,,,,,,
2026-09-09T05:27:52Z,,0.00437,,,,,,
2026-09-09T06:00:08Z,1830,,16.2,98.8,13.62,15.8,97.5,13.12
2026-09-09T06:27:53Z,,0.00469,,,,,,
2026-09-09T07:27:52Z,,0.00501,,,,,,
2026-09-09T08:00:00Z,1935,,17.5,94.8,14.13,16.7,93.5,13.28
2026-09-09T08:27:53Z,,0.00521,,,,,,
2026-09-09T09:27:52Z,,0.0054,,,,,,
2026-09-09T10:00:00Z,1500,,19.7,70.9,12.04,17.1,84.8,12.34
2026-09-09T10:27:53Z,,0.00506,,,,,,
2026-09-09T11:27:53Z,,0.00473,,,,,,
2026-09-09T12:00:18Z,1440,,17.5,81.2,12.1,15.8,92.7,12.47
2026-09-09T12:27:52Z,,0.0044,,,,,,
2026-09-09T13:27:53Z,,0.00406,,,,,,
2026-09-09T14:00:10Z,1560,,16.8,88,12.58,15.3,96.6,12.61
2026-09-09T14:27:52Z,,0.00412,,,,,,
2026-09-09T15:27:53Z,,0.00418,,,,,,
2026-09-09T16:00:44Z,1575,,16.2,91.5,12.61,15.2,97.8,12.69
2026-09-09T16:27:53Z,,0.00429,,,,,,
2026-09-09T17:27:52Z,,0.0044,,,,,,
2026-09-09T18:01:16Z,1560,,15.4,94.5,12.41,14.7,99.1,12.47
2026-09-09T18:27:52Z,,0.00457,,,,,,
2026-09-09T19:27:53Z,,0.00474,,,,,,
2026-09-09T20:00:27Z,1560,,15.1,95.8,12.35,14.5,99.8,12.41
2026-09-09T20:27:53Z,,0.00494,,,,,,
2026-09-09T21:27:52Z,,0.00514,,,,,,
2026-09-09T22:00:42Z,1545,,14.5,96.2,11.96,14,99.6,12.01
2026-09-09T22:27:52Z,,0.00534,,,,,,
2026-09-09T23:27:52Z,,0.00555,,,,,,
2026-09-10T00:01:24Z,1530,,13.8,96.9,11.54,13.6,99.8,11.74
2026-09-10T00:27:52Z,,0.00577,,,,,,
2026-09-10T01:27:53Z,,0.00599,,,,,,
2026-09-10T02:01:59Z,1650,,14.1,98.4,11.94,13.6,100,11.76
2026-09-10T02:27:52Z,,0.00627,,,,,,
2026-09-10T03:27:52Z,,0.00655,,,,,,
2026-09-10T04:01:43Z,1560,,13,98.4,11.15,12.9,100,11.27
2026-09-10T04:27:52Z,,0.00681,,,,,,
2026-09-10T05:27:53Z,,0.00707,,,,,,
2026-09-10T06:01:12Z,1950,,14.3,98.5,12.1,13.7,95.4,11.29
2026-09-10T06:27:52Z,,0.00736,,,,,,
2026-09-10T07:27:52Z,,0.00764,,,,,,
2026-09-10T08:00:25Z,2520,,19.3,84.2,13.96,16,86.7,11.81
2026-09-10T08:27:52Z,,0.00731,,,,,,
2026-09-10T09:27:52Z,,0.00698,,,,,,
2026-09-10T10:00:52Z,1710,,26.1,50.3,12.32,18.1,78.5,12.13
2026-09-10T10:27:53Z,,0.00664,,,,,,
2026-09-10T11:27:53Z,,0.00631,,,,,,
2026-09-10T12:01:22Z,1650,,31.9,33.5,11.26,17.8,73.3,11.12
2026-09-10T12:27:52Z,,0.00598,,,,,,
2026-09-10T13:27:53Z,,0.00598,,,,,,
2026-09-10T14:02:00Z,645,,26.1,38.5,9.43,17.1,77.3,11.25
2026-09-10T14:27:52Z,,0.00598,,,,,,
2026-09-10T15:27:53Z,,0.00598,,,,,,
2026-09-10T16:02:12Z,540,,19.9,48.7,8.37,15.9,82.2,11.13
2026-09-10T16:27:53Z,,0.00598,,,,,,
2026-09-10T17:27:52Z,,0.00598,,,,,,
2026-09-10T18:02:13Z,525,,14.2,67.3,8.21,13.3,90.2,10.42
2026-09-10T18:27:52Z,,0.00598,,,,,,
2026-09-10T19:27:53Z,,0.00598,,,,,,
2026-09-10T20:01:22Z,690,,12.9,77.7,8.75,12.3,95.5,10.37
2026-09-10T20:27:52Z,,0.00598,,,,,,
2026-09-10T21:27:52Z,,0.00598,,,,,,
2026-09-10T22:01:46Z,960,,12.2,83.7,9.03,11.9,95.9,10.15
2026-09-10T22:27:52Z,,0.00598,,,,,,
2026-09-10T23:27:52Z,,0.00598,,,,,,
2026-09-11T00:01:16Z,885,,10.5,85.7,8.31,10.6,97.3,9.49
2026-09-11T00:27:52Z,,0.00599,,,,,,
2026-09-11T01:27:52Z,,0.006,,,,,,
2026-09-11T02:01:02Z,825,,8.9,86.5,7.58,9.2,97.4,8.7
2026-09-11T02:27:52Z,,0.00602,,,,,,
2026-09-11T03:27:52Z,,0.00605,,,,,,
2026-09-11T04:01:01Z,945,,7.7,89.9,7.29,8,98.7,8.16
2026-09-11T04:27:52Z,,0.0061,,,,,,
2026-09-11T05:27:53Z,,0.00615,,,,,,
2026-09-11T06:00:56Z,2400,,11.8,100,10.52,10.7,92.1,9.04
2026-09-11T06:27:53Z,,0.00646,,,,,,
2026-09-11T07:27:53Z,,0.00676,,,,,,
2026-09-11T08:00:23Z,2295,,19.3,64.8,10.75,15.1,72.9,9.4
2026-09-11T08:27:52Z,,0.00643,,,,,,
2026-09-11T09:27:53Z,,0.0061,,,,,,
2026-09-11T10:00:44Z,2925,,30.3,31,9.56,16.4,56.3,7.85
2026-09-11T10:27:53Z,,0.00576,,,,,,
2026-09-11T11:27:53Z,,0.00543,,,,,,
2026-09-11T12:01:00Z,1635,,30.6,24.2,7.59,16.3,54.9,7.61
2026-09-11T12:27:52Z,,0.0051,,,,,,
2026-09-11T13:27:53Z,,0.00477,,,,,,
2026-09-11T14:01:29Z,1110,,26.8,28.4,7.23,16.3,57.5,7.97
2026-09-11T14:27:52Z,,0.00477,,,,,,
2026-09-11T15:27:53Z,,0.00477,,,,,,
2026-09-11T16:01:07Z,525,,19,35.2,5.73,15.3,63.9,8.34
2026-09-11T16:27:52Z,,0.00477,,,,,,
2026-09-11T17:27:52Z,,0.00477,,,,,,
2026-09-11T18:01:04Z,525,,10.9,48.8,4.85,11.9,74.3,7.87
2026-09-11T18:27:53Z,,0.00477,,,,,,
2026-09-11T19:27:52Z,,0.00477,,,,,,
2026-09-11T20:00:07Z,465,,7.7,62.8,5.09,9.4,81.2,7.34
2026-09-11T20:27:52Z,,0.00477,,,,,,
2026-09-11T21:27:52Z,,0.00477,,,,,,
2026-09-11T22:01:01Z,465,,5.9,69.6,5.02,7.5,85.8,6.87
2026-09-11T22:27:52Z,,0.00477,,,,,,
2026-09-11T23:27:52Z,,0.00477,,,,,,
2026-09-12T00:01:13Z,465,,3.8,72.1,4.52,5.7,89.7,6.38
2026-09-12T00:27:52Z,,0.00477,,,,,,
2026-09-12T01:27:52Z,,0.00477,,,,,,
2026-09-12T02:01:09Z,450,,1.6,73.1,3.96,4.2,91.8,5.92
2026-09-12T02:27:53Z,,0.00477,,,,,,
2026-09-12T03:27:52Z,,0.00477,,,,,,
2026-09-12T04:01:33Z,465,,0.6,75.5,3.82,3.4,93.8,5.73
2026-09-12T04:27:53Z,,0.00477,,,,,,
2026-09-12T05:27:52Z,,0.00477,,,,,,
2026-09-12T06:02:04Z,2055,,9.9,97.8,9.13,10.7,85.2,8.37
2026-09-12T06:27:52Z,,0.00497,,,,,,
2026-09-12T07:27:53Z,,0.00517,,,,,,
2026-09-12T08:01:50Z,1530,,22.3,50.2,9.91,17.3,68.3,10.06
2026-09-12T08:27:53Z,,0.00483,,,,,,
2026-09-12T09:27:53Z,,0.0045,,,,,,
2026-09-12T10:00:59Z,1320,,24.3,40.1,8.88,17,64.3,9.3
2026-09-12T10:27:52Z,,0.00417,,,,,,
2026-09-12T11:27:52Z,,0.00383,,,,,,
2026-09-12T12:00:49Z,975,,25.8,36.9,8.89,17.4,67.8,10.04
2026-09-12T12:27:52Z,,0.0035,,,,,,
2026-09-12T13:27:53Z,,0.00317,,,,,,
2026-09-12T14:00:51Z,1155,,23.3,48,10.04,16.9,75.6,10.87
2026-09-12T14:27:53Z,,0.00317,,,,,,
2026-09-12T15:27:52Z,,0.00317,,,,,,
2026-09-12T16:01:08Z,1050,,16.8,71.4,10.2,14.8,88.8,11.24
2026-09-12T16:27:52Z,,0.00317,,,,,,
2026-09-12T17:27:53Z,,0.00317,,,,,,
2026-09-12T18:01:41Z,1230,,14.7,83.5,10.51,14.1,92.7,11.25
2026-09-12T18:27:53Z,,0.00317,,,,,,
2026-09-12T19:27:52Z,,0.00317,,,,,,
2026-09-12T20:01:56Z,1455,,14.1,89.4,10.85,13.7,93.5,11.07
2026-09-12T20:27:52Z,,0.00324,,,,,,
2026-09-12T21:27:53Z,,0.00331,,,,,,
2026-09-12T22:01:32Z,1500,,13.8,91.5,10.9,13.4,95,11.04
2026-09-12T22:27:52Z,,0.0034,,,,,,
2026-09-12T23:27:52Z,,0.0035,,,,,,
2026-09-13T00:00:43Z,1590,,13.7,93.3,11.04,13.3,95.6,11.04
2026-09-13T00:27:52Z,,0.00363,,,,,,
2026-09-13T01:27:52Z,,0.00376,,,,,,
2026-09-13T02:00:45Z,1560,,13.6,93.8,11.03,13.3,96.5,11.14
2026-09-13T02:27:52Z,,0.0039,,,,,,
2026-09-13T03:27:52Z,,0.00404,,,,,,
2026-09-13T04:00:51Z,1635,,14.1,96.7,11.73,13.7,98.2,11.62
2026-09-13T04:27:53Z,,0.00426,,,,,,
2026-09-13T05:27:52Z,,0.00448,,,,,,
2026-09-13T06:00:51Z,1800,,15,97.6,12.51,14.3,98.2,12.06
2026-09-13T06:27:53Z,,0.00473,,,,,,
2026-09-13T07:27:52Z,,0.00499,,,,,,
2026-09-13T08:00:24Z,2085,,16.9,95.6,13.75,15.4,95,12.48
2026-09-13T08:27:53Z,,0.0052,,,,,,
2026-09-13T09:27:53Z,,0.00541,,,,,,
2026-09-13T09:59:53Z,1725,,18.9,72.6,11.76,15.7,85.4,11.42
2026-09-13T10:27:52Z,,0.00508,,,,,,
2026-09-13T11:27:53Z,,0.00475,,,,,,
2026-09-13T11:59:36Z,1200,,20.6,60.5,10.83,16.4,83.7,11.68
2026-09-13T12:27:52Z,,0.00441,,,,,,
2026-09-13T13:27:53Z,,0.00408,,,,,,
2026-09-13T14:00:26Z,1395,,17.2,76.2,11.15,15.4,87.8,11.53
2026-09-13T14:27:53Z,,0.00375,,,,,,
2026-09-13T15:27:53Z,,0.00341,,,,,,
2026-09-13T15:59:50Z,1275,,16.5,77,10.81,15.2,88.1,11.43
2026-09-13T16:27:52Z,,0.00341,,,,,,
2026-09-13T17:27:52Z,,0.00341,,,,,,
2026-09-13T18:00:16Z,825,,12.6,82.2,9.09,13,92.4,10.47
2026-09-13T18:27:52Z,,0.00341,,,,,,
2026-09-13T19:27:52Z,,0.00341,,,,,,
2026-09-13T19:59:44Z,480,,9.1,85.7,7.6,10.8,95.4,9.43
2026-09-13T20:27:52Z,,0.00343,,,,,,
2026-09-13T21:27:52Z,,0.00344,,,,,,
2026-09-13T21:59:32Z,765,,8.7,89.7,7.76,10.1,96.4,9.11
2026-09-13T22:27:52Z,,0.00349,,,,,,
2026-09-13T23:27:52Z,,0.00354,,,,,,
2026-09-13T23:59:52Z,750,,7.4,88.8,7.06,8.5,97.3,8.31
2026-09-14T00:27:52Z,,0.00358,,,,,,
2026-09-14T01:27:53Z,,0.00362,,,,,,
2026-09-14T01:59:17Z,885,,6.7,90.7,6.89,7.4,98.2,7.81
2026-09-14T02:27:52Z,,0.00368,,,,,,
2026-09-14T03:27:52Z,,0.00373,,,,,,
2026-09-14T03:59:06Z,735,,5.1,88.9,6.08,6.1,99.1,7.24
2026-09-14T04:27:52Z,,0.00375,,,,,,
2026-09-14T05:27:53Z,,0.00377,,,,,,
2026-09-14T05:58:25Z,2220,,11.1,100,10.07,10.6,91.1,8.89
2026-09-14T06:27:52Z,,0.00407,,,,,,
2026-09-14T07:27:52Z,,0.00436,,,,,,
2026-09-14T07:58:58Z,3165,,22.7,66.8,13.5,17.9,68.9,10.52
2026-09-14T08:27:52Z,,0.00403,,,,,,
2026-09-14T09:27:53Z,,0.0037,,,,,,
2026-09-14T09:58:41Z,2415,,32.7,26.3,9.23,17,55.1,7.97
2026-09-14T10:27:52Z,,0.00336,,,,,,
2026-09-14T11:27:53Z,,0.00303,,,,,,
2026-09-14T11:59:25Z,2100,,34.1,21.1,7.97,15.2,56.5,7.33
2026-09-14T12:27:55Z,,0.0027,,,,,,
2026-09-14T13:27:53Z,,0.0027,,,,,,
2026-09-14T13:59:24Z,1125,,30,22.9,6.95,15.5,58,7.66
2026-09-14T14:27:53Z,,0.0027,,,,,,
2026-09-14T15:27:53Z,,0.0027,,,,,,
2026-09-14T15:59:51Z,540,,18.4,31.7,4.98,15.1,63.2,8.15
2026-09-14T16:27:53Z,,0.0027,,,,,,
2026-09-14T17:27:52Z,,0.0027,,,,,,
2026-09-14T17:59:47Z,525,,8.6,43,3.69,10.1,79.1,7.48
2026-09-14T18:27:52Z,,0.0027,,,,,,
2026-09-14T19:27:52Z,,0.0027,,,,,,
2026-09-14T19:59:25Z,465,,4.5,50.3,3.31,7.3,85.9,6.79
2026-09-14T20:27:53Z,,0.0027,,,,,,
2026-09-14T21:27:52Z,,0.0027,,,,,,
2026-09-14T21:58:58Z,450,,2.1,55.2,3.09,5.4,89.5,6.25
2026-09-14T22:27:52Z,,0.0027,,,,,,
2026-09-14T23:27:53Z,,0.0027,,,,,,
2026-09-14T23:59:06Z,450,,0.4,58.9,2.94,4.1,91.6,5.86
2026-09-15T00:27:52Z,,0.0027,,,,,,
2026-09-15T01:27:52Z,,0.0027,,,,,,
2026-09-15T01:58:56Z,450,,-0.2,62.9,3.01,3.1,93.5,5.6
2026-09-15T02:27:52Z,,0.0027,,,,,,
2026-09-15T03:27:52Z,,0.0027,,,,,,
2026-09-15T03:58:42Z,450,,0.5,72.1,3.62,3.2,94.8,5.71
2026-09-15T04:27:52Z,,0.0027,,,,,,
2026-09-15T05:27:52Z,,0.0027,,,,,,
2026-09-15T05:59:25Z,945,,5.7,84,5.98,5.8,93.4,6.69
2026-09-15T06:27:52Z,,0.0027,,,,,,
2026-09-15T07:27:52Z,,0.00253,,,,,,
2026-09-15T07:59:00Z,3360,,16.9,87.7,12.61,13.1,80.3,9.16
2026-09-15T08:27:53Z,,0.00258,,,,,,
2026-09-15T09:27:53Z,,0.00264,,,,,,
2026-09-15T09:59:31Z,1350,,31.6,26.5,8.77,17.2,62.7,9.18
2026-09-15T10:27:52Z,,0.0023,,,,,,
2026-09-15T11:27:53Z,,0.00197,,,,,,
2026-09-15T12:00:11Z,840,,32.2,22.1,7.55,16.3,63.8,8.85
2026-09-15T12:27:52Z,,0.00164,,,,,,
2026-09-15T13:27:53Z,,0.0013,,,,,,
2026-09-15T14:00:04Z,780,,27,27.6,7.11,14.9,65.9,8.4
2026-09-15T14:27:53Z,,0.00097,,,,,,
2026-09-15T15:27:52Z,,0.00064,,,,,,
2026-09-15T16:00:26Z,525,,16.1,44.7,6.12,13.6,72.7,8.55
2026-09-15T16:27:52Z,,0.00064,,,,,,
2026-09-15T17:27:53Z,,0.00064,,,,,,
2026-09-15T18:00:45Z,495,,11.7,60.7,6.35,11.6,80.7,8.38
2026-09-15T18:27:52Z,,0.00064,,,,,,
2026-09-15T19:27:52Z,,0.00064,,,,,,
2026-09-15T20:00:28Z,510,,11.1,68.5,6.9,11,84.1,8.42
2026-09-15T20:27:52Z,,0.00064,,,,,,
2026-09-15T21:27:52Z,,0.00064,,,,,,
2026-09-15T22:01:03Z,915,,11.3,76.5,7.8,11.7,84.1,8.79
2026-09-15T22:27:52Z,,0.00064,,,,,,
2026-09-15T23:27:52Z,,0.00064,,,,,,
2026-09-16T00:01:43Z,1320,,12.3,85.2,9.25,12.7,87.4,9.73
2026-09-16T00:27:52Z,,0.00064,,,,,,
2026-09-16T01:27:52Z,,0.00065,,,,,,
2026-09-16T02:02:19Z,1320,,13.1,88.2,10.06,13.2,91.1,10.46
2026-09-16T02:27:53Z,,0.0007,,,,,,
2026-09-16T03:27:52Z,,0.00075,,,,,,
2026-09-16T04:01:24Z,1485,,13.4,90.8,10.55,13.2,93.1,10.69
2026-09-16T04:27:53Z,,0.00084,,,,,,
2026-09-16T05:27:52Z,,0.00092,,,,,,
2026-09-16T06:02:11Z,1890,,15.1,90.1,11.62,14,92.1,11.1
2026-09-16T06:27:54Z,,0.00101,,,,,,
2026-09-16T07:27:53Z,,0.00109,,,,,,
2026-09-16T08:02:21Z,1665,,16.6,81.2,11.47,14.5,90.9,11.3
2026-09-16T08:27:52Z,,0.00076,,,,,,
2026-09-16T09:27:53Z,,0.00042,,,,,,
2026-09-16T10:02:44Z,1590,,15.3,88.7,11.58,13.8,97.7,11.64
2026-09-16T10:27:55Z,,0.00049,,,,,,
2026-09-16T11:27:53Z,,0.00055,,,,,,
2026-09-16T12:03:34Z,1785,,16.6,88,12.43,14.9,94.6,12.05
2026-09-16T12:27:52Z,,0.00061,,,,,,
2026-09-16T13:27:53Z,,0.00067,,,,,,
2026-09-16T14:03:18Z,1500,,15.9,86.9,11.76,15,93.7,12.01
2026-09-16T14:27:53Z,,0.00071,,,,,,
2026-09-16T15:27:52Z,,0.00075,,,,,,
2026-09-16T16:02:39Z,1455,,15,90.5,11.6,14.7,94.5,11.89
2026-09-16T16:27:52Z,,0.00084,,,,,,
2026-09-16T17:27:53Z,,0.00093,,,,,,
2026-09-16T18:02:52Z,1560,,14.9,95.6,12.18,14.3,100,12.28
2026-09-16T18:27:52Z,,0.00112,,,,,,
2026-09-16T19:27:52Z,,0.00131,,,,,,
2026-09-16T20:03:07Z,1650,,14.9,94.4,12.03,13.9,98.7,11.83
2026-09-16T20:27:52Z,,0.00147,,,,,,
2026-09-16T21:27:52Z,,0.00163,,,,,,
2026-09-16T22:02:57Z,1395,,12.8,92.9,10.4,12.5,98.7,10.85
2026-09-16T22:27:53Z,,0.00175,,,,,,
2026-09-16T23:27:52Z,,0.00187,,,,,,
2026-09-17T00:03:28Z,1455,,12.6,97.6,10.79,12.4,100,10.92
2026-09-17T00:27:52Z,,0.0021,,,,,,
2026-09-17T01:27:52Z,,0.00233,,,,,,
2026-09-17T02:02:49Z,1620,,13,98.5,11.17,12.7,100,11.13
2026-09-17T02:27:52Z,,0.00259,,,,,,
2026-09-17T03:27:52Z,,0.00286,,,,,,
2026-09-17T04:02:08Z,1590,,13.6,98.8,11.62,13.5,100,11.69
2026-09-17T04:27:53Z,,0.00315,,,,,,
2026-09-17T05:27:53Z,,0.00343,,,,,,
2026-09-17T06:01:58Z,2055,,14.5,100,12.43,13.7,96.1,11.38
2026-09-17T06:27:53Z,,0.00379,,,,,,
2026-09-17T07:27:52Z,,0.00414,,,,,,
2026-09-17T08:02:04Z,2250,,18.5,81.1,12.83,15.1,88.6,11.43
2026-09-17T08:27:53Z,,0.00381,,,,,,
2026-09-17T09:27:52Z,,0.00348,,,,,,
2026-09-17T10:01:41Z,1590,,22.2,60.7,11.92,16.6,85,12.0
2026-09-17T10:27:53Z,,0.00314,,,,,,
2026-09-17T11:27:52Z,,0.00281,,,,,,
2026-09-17T12:01:57Z,1920,,21.7,63.7,12.15,15.7,86.1,11.52
2026-09-17T12:27:52Z,,0.00248,,,,,,
2026-09-17T13:27:53Z,,0.00248,,,,,,
2026-09-17T14:01:47Z,1350,,24.6,45.6,10.27,15.9,79.8,10.8
2026-09-17T14:27:53Z,,0.00248,,,,,,
2026-09-17T15:27:53Z,,0.00248,,,,,,
2026-09-17T16:01:43Z,645,,16.7,61.5,8.74,14.7,82.9,10.43
2026-09-17T16:27:52Z,,0.00248,,,,,,
2026-09-17T17:27:52Z,,0.00248,,,,,,
2026-09-17T18:01:44Z,645,,11.6,79,8.21,12.3,90.4,9.81
2026-09-17T18:27:52Z,,0.00248,,,,,,
2026-09-17T19:27:53Z,,0.00248,,,,,,
2026-09-17T20:02:41Z,885,,10,86.7,8.14,10.9,93.3,9.28
2026-09-17T20:27:53Z,,0.0025,,,,,,
2026-09-17T21:27:52Z,,0.00253,,,,,,
2026-09-17T22:03:07Z,1290,,10.4,93.3,8.99,10.8,96,9.49
2026-09-17T22:27:52Z,,0.00264,,,,,,
2026-09-17T23:27:53Z,,0.00274,,,,,,
2026-09-18T00:02:27Z,1650,,12,95.8,10.21,11.6,96.8,10.06
2026-09-18T00:27:53Z,,0.00292,,,,,,
2026-09-18T01:27:52Z,,0.00309,,,,,,
2026-09-18T02:01:35Z,1500,,12,95,10.12,11.9,97.1,10.28
2026-09-18T02:27:52Z,,0.00324,,,,,,
2026-09-18T03:27:53Z,,0.00339,,,,,,
2026-09-18T04:01:50Z,1155,,10.7,92.1,9.04,11.2,96.2,9.75
2026-09-18T04:27:52Z,,0.00348,,,,,,
2026-09-18T05:27:52Z,,0.00357,,,,,,
2026-09-18T06:01:14Z,2130,,12.3,97.3,10.56,11.8,91.2,9.59
2026-09-18T06:27:52Z,,0.00379,,,,,,
2026-09-18T07:27:53Z,,0.00401,,,,,,
2026-09-18T08:01:41Z,1965,,15.2,93.7,12.16,14.1,93.7,11.37
2026-09-18T08:27:53Z,,0.00415,,,,,,
2026-09-18T09:27:53Z,,0.0043,,,,,,
2026-09-18T10:01:46Z,1605,,15,89.2,11.43,14,94.9,11.44
2026-09-18T10:27:52Z,,0.00437,,,,,,
2026-09-18T11:27:53Z,,0.00444,,,,,,
2026-09-18T12:02:00Z,1635,,14.9,95.2,12.13,14.1,99.3,12.05
2026-09-18T12:27:53Z,,0.00462,,,,,,
2026-09-18T13:27:53Z,,0.00481,,,,,,
2026-09-18T14:01:17Z,1680,,18.2,75.4,11.72,15.6,87.2,11.59
2026-09-18T14:27:53Z,,0.00447,,,,,,
2026-09-18T15:27:52Z,,0.00414,,,,,,
2026-09-18T16:01:38Z,1425,,16.4,80.3,11.2,14.8,91,11.52
2026-09-18T16:27:53Z,,0.00381,,,,,,
2026-09-18T17:27:52Z,,0.00347,,,,,,
2026-09-18T18:01:39Z,1290,,13.2,87.7,10.07,12.6,96.2,10.64
2026-09-18T18:27:53Z,,0.00352,,,,,,
2026-09-18T19:27:52Z,,0.00357,,,,,,
2026-09-18T20:01:13Z,1350,,12.2,94,10.14,12.2,97.8,10.55
2026-09-18T20:27:52Z,,0.0037,,,,,,
2026-09-18T21:27:53Z,,0.00383,,,,,,
2026-09-18T22:01:05Z,1155,,10.8,95.1,9.4,11.4,99.5,10.21
2026-09-18T22:27:52Z,,0.00398,,,,,,
2026-09-18T23:27:52Z,,0.00412,,,,,,
2026-09-19T00:00:24Z,1560,,12.3,99.4,10.79,12.3,100,10.85
2026-09-19T00:27:53Z,,0.00441,,,,,,
2026-09-19T01:27:52Z,,0.0047,,,,,,
2026-09-19T01:59:53Z,1530,,11.5,95.4,9.85,11,100,10.01
2026-09-19T02:27:52Z,,0.00486,,,,,,
2026-09-19T03:27:53Z,,0.00502,,,,,,
2026-09-19T04:00:46Z,1260,,10.6,96.4,9.41,11,100,10.01
2026-09-19T04:27:52Z,,0.00519,,,,,,
2026-09-19T05:27:52Z,,0.00536,,,,,,
2026-09-19T06:00:48Z,1950,,13.2,100,11.48,12.5,98,10.77
2026-09-19T06:27:52Z,,0.00569,,,,,,
2026-09-19T07:27:53Z,,0.00603,,,,,,
2026-09-19T08:00:25Z,3270,,19.5,85.1,14.28,15.3,83,10.83
2026-09-19T08:27:53Z,,0.00603,,,,,,
2026-09-19T09:27:53Z,,0.00603,,,,,,
2026-09-19T10:01:02Z,1605,,19.7,59.9,10.17,15.4,77.5,10.18
2026-09-19T10:27:53Z,,0.0057,,,,,,
2026-09-19T11:27:53Z,,0.00536,,,,,,
2026-09-19T12:01:15Z,1575,,19.4,65.5,10.93,14.7,87.3,10.99
2026-09-19T12:27:53Z,,0.00503,,,,,,
2026-09-19T13:27:52Z,,0.0047,,,,,,
2026-09-19T14:01:14Z,1365,,18.3,66.9,10.46,15.4,83.2,10.93
2026-09-19T14:27:53Z,,0.00436,,,,,,
2026-09-19T15:27:53Z,,0.00403,,,,,,
2026-09-19T16:01:18Z,1320,,15,83.7,10.73,14.5,90.2,11.21
2026-09-19T16:27:53Z,,0.00403,,,,,,
2026-09-19T17:27:53Z,,0.00403,,,,,,
2026-09-19T18:01:52Z,1500,,14.5,88.5,11.0,14.6,88.6,11.08
2026-09-19T18:27:53Z,,0.00409,,,,,,
2026-09-19T19:27:52Z,,0.00415,,,,,,
2026-09-19T20:01:46Z,1560,,14.5,92.9,11.55,14.5,94.1,11.7
2026-09-19T20:27:53Z,,0.00428,,,,,,
2026-09-19T21:27:52Z,,0.0044,,,,,,
2026-09-19T22:01:25Z,1560,,14.8,94.5,11.97,14.7,95.2,11.98
2026-09-19T22:27:52Z,,0.00457,,,,,,
2026-09-19T23:27:53Z,,0.00473,,,,,,
2026-09-20T00:01:44Z,1635,,15,96.6,12.38,14.9,96.3,12.27
2026-09-20T00:27:53Z,,0.00495,,,,,,
2026-09-20T01:27:52Z,,0.00518,,,,,,
2026-09-20T02:02:35Z,1620,,14.7,95,11.96,14.6,94.6,11.83
2026-09-20T02:27:53Z,,0.00535,,,,,,
2026-09-20T03:27:53Z,,0.00553,,,,,,
2026-09-20T04:03:19Z,1470,,12.5,91,10.0,12.8,91.3,10.22
2026-09-20T04:27:52Z,,0.00561,,,,,,
2026-09-20T05:27:53Z,,0.0057,,,,,,
2026-09-20T06:03:07Z,2070,,13.4,96.4,11.2,13,89.7,10.17
2026-09-20T06:27:53Z,,0.0059,,,,,,
2026-09-20T07:27:52Z,,0.0061,,,,,,
2026-09-20T08:03:49Z,2280,,18.1,74.7,11.54,15,79.5,10.19
2026-09-20T08:27:53Z,,0.00577,,,,,,
2026-09-20T09:27:53Z,,0.00543,,,,,,
2026-09-20T10:03:08Z,1950,,31.2,29.3,9.49,17.7,59.3,8.94
2026-09-20T10:27:52Z,,0.0051,,,,,,
2026-09-20T11:27:52Z,,0.00477,,,,,,
2026-09-20T12:03:28Z,1245,,25.9,33.7,8.16,16.1,63.6,8.71
2026-09-20T12:27:52Z,,0.00443,,,,,,
2026-09-20T13:27:52Z,,0.00443,,,,,,
2026-09-20T14:02:47Z,765,,21.5,40.1,7.56,15,69.3,8.88
2026-09-20T14:27:52Z,,0.00443,,,,,,
2026-09-20T15:27:53Z,,0.00443,,,,,,
2026-09-20T16:02:30Z,690,,15.8,54.4,7.32,13.5,74.6,8.72
2026-09-20T16:27:53Z,,0.00443,,,,,,
2026-09-20T17:27:53Z,,0.00443,,,,,,
2026-09-20T18:02:33Z,525,,11.6,68.5,7.12,11.6,83.1,8.63
2026-09-20T18:27:53Z,,0.00443,,,,,,
2026-09-20T19:27:53Z,,0.00443,,,,,,
2026-09-20T20:02:25Z,510,,9.5,76.4,6.95,10.5,88.3,8.56
2026-09-20T20:27:52Z,,0.00443,,,,,,
2026-09-20T21:27:53Z,,0.00443,,,,,,
2026-09-20T22:02:41Z,855,,9,85.8,7.56,10.2,91.4,8.7
2026-09-20T22:27:52Z,,0.00445,,,,,,
2026-09-20T23:27:52Z,,0.00446,,,,,,
2026-09-21T00:03:26Z,840,,8.4,88.2,7.48,9.6,93.7,8.58
2026-09-21T00:27:53Z,,0.0045,,,,,,
2026-09-21T01:27:52Z,,0.00454,,,,,,
2026-09-21T02:02:50Z,780,,6.9,88.1,6.78,8.3,93.9,7.91
2026-09-21T02:27:53Z,,0.00457,,,,,,
2026-09-21T03:27:52Z,,0.0046,,,,,,
2026-09-21T04:02:31Z,915,,6.9,91.2,7.02,7.9,96.2,7.9
2026-09-21T04:27:52Z,,0.00466,,,,,,
2026-09-21T05:27:53Z,,0.00472,,,,,,
2026-09-21T06:02:34Z,1935,,10.1,100,9.45,9.8,95.7,8.88
2026-09-21T06:27:53Z,,0.005,,,,,,
2026-09-21T07:27:53Z,,0.00527,,,,,,
2026-09-21T08:02:53Z,3255,,18.1,94.3,14.57,14.6,88.6,11.08
2026-09-21T08:27:53Z,,0.00546,,,,,,
2026-09-21T09:27:52Z,,0.00564,,,,,,
2026-09-21T10:02:56Z,2205,,31.4,35,11.46,16.4,74.1,10.34
2026-09-21T10:27:53Z,,0.0053,,,,,,
2026-09-21T11:27:53Z,,0.00497,,,,,,
2026-09-21T12:02:06Z,750,,26.9,32.4,8.3,15.3,75.4,9.84
2026-09-21T12:27:53Z,,0.00464,,,,,,
2026-09-21T13:27:53Z,,0.0043,,,,,,
2026-09-21T14:01:58Z,540,,20.1,40.1,6.97,14.4,81.6,10.08
2026-09-21T14:27:53Z,,0.00397,,,,,,
2026-09-21T15:27:52Z,,0.00364,,,,,,
2026-09-21T16:02:35Z,525,,14.8,57.2,7.24,13.2,85.3,9.79
2026-09-21T16:27:52Z,,0.00364,,,,,,
2026-09-21T17:27:53Z,,0.00364,,,,,,
2026-09-21T18:01:56Z,465,,8.2,64,5.36,9.7,91.2,8.41
2026-09-21T18:27:53Z,,0.00364,,,,,,
2026-09-21T19:27:52Z,,0.00364,,,,,,
2026-09-21T20:02:03Z,465,,6.1,74.3,5.43,8.8,94.7,8.24
2026-09-21T20:27:53Z,,0.00364,,,,,,
2026-09-21T21:27:52Z,,0.00364,,,,,,
2026-09-21T22:02:22Z,450,,6.7,77,5.85,8.3,96.2,8.11
2026-09-21T22:27:52Z,,0.00364,,,,,,
2026-09-21T23:27:52Z,,0.00364,,,,,,
2026-09-22T00:02:19Z,450,,7.1,80.2,6.25,8.2,98.2,8.22
2026-09-22T00:27:53Z,,0.00364,,,,,,
2026-09-22T01:27:52Z,,0.00364,,,,,,
2026-09-22T02:03:21Z,465,,6.3,79.5,5.88,7.3,99,7.82
2026-09-22T02:27:53Z,,0.00364,,,,,,
2026-09-22T03:27:53Z,,0.00364,,,,,,
2026-09-22T04:03:25Z,450,,5.9,84.6,6.1,6.8,99.1,7.58
2026-09-22T04:27:53Z,,0.00364,,,,,,
2026-09-22T05:27:53Z,,0.00364,,,,,,
2026-09-22T06:02:27Z,1665,,9.7,92.3,8.51,8.9,95.8,8.39
2026-09-22T06:27:53Z,,0.00373,,,,,,
2026-09-22T07:27:53Z,,0.00381,,,,,,
2026-09-22T08:02:22Z,3015,,19.5,75.4,12.65,14.9,78.8,10.04
2026-09-22T08:27:53Z,,0.00348,,,,,,
2026-09-22T09:27:53Z,,0.00315,,,,,,
2026-09-22T10:03:08Z,2100,,28.1,33.2,9.08,13.9,69.6,8.34
2026-09-22T10:27:53Z,,0.00281,,,,,,
2026-09-22T11:27:52Z,,0.00248,,,,,,
2026-09-22T12:03:19Z,1620,,28.8,27,7.68,13.6,65.6,7.72
2026-09-22T12:27:53Z,,0.00215,,,,,,
2026-09-22T13:27:53Z,,0.00181,,,,,,
2026-09-22T14:03:04Z,810,,25.4,27.2,6.41,13.7,63.6,7.53
2026-09-22T14:27:53Z,,0.00181,,,,,,
2026-09-22T15:27:53Z,,0.00181,,,,,,
2026-09-22T16:03:25Z,465,,14,35.6,4.29,12.4,65.4,7.14
2026-09-22T16:27:52Z,,0.00181,,,,,,
2026-09-22T17:27:52Z,,0.00181,,,,,,
2026-09-22T18:03:10Z,465,,7.3,43.4,3.43,9.2,76.9,6.87
2026-09-22T18:27:53Z,,0.00181,,,,,,
2026-09-22T19:27:52Z,,0.00181,,,,,,
2026-09-22T20:02:47Z,450,,4.4,51.6,3.37,7.1,84,6.55
2026-09-22T20:27:52Z,,0.00181,,,,,,
2026-09-22T21:27:52Z,,0.00181,,,,,,
2026-09-22T22:02:39Z,450,,3.9,60.9,3.85,6.4,87.7,6.53
2026-09-22T22:27:53Z,,0.00181,,,,,,
2026-09-22T23:27:52Z,,0.00181,,,,,,
2026-09-23T00:02:57Z,450,,4.8,63.8,4.28,6.3,89.4,6.62
2026-09-23T00:27:53Z,,0.00181,,,,,,
2026-09-23T01:27:52Z,,0.00181,,,,,,
2026-09-23T02:02:13Z,450,,5.8,68.6,4.91,6.7,90.1,6.85
2026-09-23T02:27:52Z,,0.00181,,,,,,
2026-09-23T03:27:52Z,,0.00181,,,,,,
2026-09-23T04:01:39Z,450,,5.8,71.7,5.14,6.5,91.7,6.88
2026-09-23T04:27:52Z,,0.00181,,,,,,
2026-09-23T05:27:53Z,,0.00181,,,,,,
2026-09-23T06:00:50Z,465,,7.3,76.5,6.04,7.5,92.5,7.4
2026-09-23T06:27:52Z,,0.00181,,,,,,
2026-09-23T07:27:52Z,,0.00181,,,,,,
2026-09-23T08:00:19Z,1380,,10.4,78.6,7.57,9.5,86.2,7.84
2026-09-23T08:27:52Z,,0.00165,,,,,,
2026-09-23T09:27:52Z,,0.00148,,,,,,
2026-09-23T10:00:53Z,1440,,11.8,79.6,8.37,9.8,91.9,8.52
2026-09-23T10:27:53Z,,0.00131,,,,,,
2026-09-23T11:27:52Z,,0.00115,,,,,,
2026-09-23T12:00:54Z,1380,,12.6,78.8,8.71,10.2,94.9,9.03
2026-09-23T12:27:53Z,,0.00098,,,,,,
2026-09-23T13:27:53Z,,0.00081,,,,,,
2026-09-23T14:01:03Z,1410,,12.5,81.6,8.97,10.5,95.4,9.25
2026-09-23T14:27:53Z,,0.00065,,,,,,
2026-09-23T15:27:53Z,,0.00048,,,,,,
2026-09-23T16:01:03Z,1425,,12.1,84.5,9.06,10.4,96.7,9.32
2026-09-23T16:27:52Z,,0.00031,,,,,,
2026-09-23T17:27:52Z,,0.00015,,,,,,
2026-09-23T18:01:02Z,1455,,11.8,87.9,9.25,10.5,97.4,9.44
2026-09-23T18:27:52Z,,0.00019,,,,,,
2026-09-23T19:27:52Z,,0.00024,,,,,,
2026-09-23T20:00:45Z,1560,,11.9,90,9.53,10.7,98.1,9.63
2026-09-23T20:27:53Z,,0.00031,,,,,,
2026-09-23T21:27:52Z,,0.00038,,,,,,
2026-09-23T22:00:02Z,1485,,11.6,90.4,9.39,10.6,98.3,9.59
2026-09-23T22:27:53Z,,0.00045,,,,,,
2026-09-23T23:27:52Z,,0.00052,,,,,,
2026-09-24T00:00:20Z,1455,,10.8,92.1,9.1,10.1,98.8,9.34
2026-09-24T00:27:52Z,,0.00061,,,,,,
2026-09-24T01:27:52Z,,0.0007,,,,,,
2026-09-24T02:00:41Z,1485,,10.8,92.6,9.15,10,98.8,9.28
2026-09-24T02:27:53Z,,0.0008,,,,,,
2026-09-24T03:27:53Z,,0.0009,,,,,,
2026-09-24T04:00:55Z,1485,,10.6,92.8,9.05,9.8,99.2,9.2
2026-09-24T04:27:52Z,,0.001,,,,,,
2026-09-24T05:27:52Z,,0.0011,,,,,,
2026-09-24T06:01:14Z,1935,,11.9,96.9,10.26,10.4,99.1,9.55
2026-09-24T06:27:53Z,,0.0013,,,,,,
2026-09-24T07:27:53Z,,0.0015,,,,,,
2026-09-24T08:01:47Z,2415,,14.9,93,11.85,11.8,96.9,10.19
2026-09-24T08:27:52Z,,0.00163,,,,,,
2026-09-24T09:27:53Z,,0.00177,,,,,,
2026-09-24T10:01:00Z,2130,,21.2,62.6,11.6,13.7,89.4,10.58
2026-09-24T10:27:52Z,,0.00143,,,,,,
2026-09-24T11:27:52Z,,0.0011,,,,,,
2026-09-24T12:00:41Z,915,,18.3,56.6,8.85,13.1,88.4,10.08
2026-09-24T12:27:53Z,,0.00077,,,,,,
2026-09-24T13:27:52Z,,0.00043,,,,,,
2026-09-24T14:01:14Z,900,,13.7,72.1,8.53,11.8,92.2,9.7
2026-09-24T14:27:53Z,,0.0001,,,,,,
2026-09-24T15:27:53Z,,0.0001,,,,,,
2026-09-24T16:01:58Z,1050,,11.9,80.5,8.52,11.1,92.7,9.33
2026-09-24T16:27:53Z,,0.0001,,,,,,
2026-09-24T17:27:52Z,,0.0001,,,,,,
2026-09-24T18:01:42Z,1095,,11.4,84.3,8.65,10.7,96.4,9.47
2026-09-24T18:27:52Z,,0.0001,,,,,,
2026-09-24T19:27:52Z,,0.0001,,,,,,
2026-09-24T20:01:13Z,1215,,11.6,88.2,9.16,10.6,100,9.76
2026-09-24T20:27:52Z,,0.00015,,,,,,
2026-09-24T21:27:52Z,,0.00019,,,,,,
2026-09-24T22:01:24Z,1395,,12.2,91.1,9.83,11.3,100,10.2
2026-09-24T22:27:53Z,,0.00028,,,,,,
2026-09-24T23:27:52Z,,0.00036,,,,,,
2026-09-25T00:01:46Z,1455,,12.7,92.9,10.34,11.8,100,10.52
2026-09-25T00:27:53Z,,0.00048,,,,,,
2026-09-25T01:27:53Z,,0.0006,,,,,,
2026-09-25T02:02:01Z,1530,,12.9,93.1,10.49,11.9,100,10.59
2026-09-25T02:27:52Z,,0.00072,,,,,,
2026-09-25T03:27:53Z,,0.00084,,,,,,
2026-09-25T04:01:17Z,1635,,12.7,93.2,10.37,11.4,100,10.26
2026-09-25T04:27:52Z,,0.00096,,,,,,
2026-09-25T05:27:52Z,,0.00108,,,,,,
2026-09-25T06:01:11Z,1740,,12.9,94.2,10.61,11.4,100,10.26
2026-09-25T06:27:53Z,,0.00122,,,,,,
2026-09-25T07:27:52Z,,0.00136,,,,,,
2026-09-25T08:01:50Z,1815,,13.3,93.4,10.79,11.5,100,10.33
2026-09-25T08:27:53Z,,0.00149,,,,,,
2026-09-25T09:27:53Z,,0.00162,,,,,,
2026-09-25T10:02:07Z,1755,,13.5,93,10.87,11.9,100,10.59
2026-09-25T10:27:52Z,,0.00174,,,,,,
2026-09-25T11:27:53Z,,0.00187,,,,,,
2026-09-25T12:02:08Z,1785,,13.6,92.8,10.92,11.8,100,10.52
2026-09-25T12:27:53Z,,0.00199,,,,,,
2026-09-25T13:27:52Z,,0.0021,,,,,,
2026-09-25T14:02:47Z,1620,,13.2,92,10.56,11.7,100,10.46
2026-09-25T14:27:53Z,,0.00221,,,,,,
2026-09-25T15:27:52Z,,0.00231,,,,,,
2026-09-25T16:03:24Z,1665,,12.7,94.6,10.53,11.6,100,10.39
2026-09-25T16:27:53Z,,0.00246,,,,,,
2026-09-25T17:27:53Z,,0.00261,,,,,,
2026-09-25T18:04:04Z,1620,,12.6,94.5,10.45,11.7,100,10.46
2026-09-25T18:27:52Z,,0.00276,,,,,,
2026-09-25T19:27:52Z,,0.0029,,,,,,
2026-09-25T20:04:15Z,1785,,12.4,95.8,10.46,11.2,100,10.13
2026-09-25T20:27:52Z,,0.00308,,,,,,
2026-09-25T21:27:52Z,,0.00325,,,,,,
2026-09-25T22:04:56Z,1785,,12.4,96.2,10.51,11.2,100,10.13
2026-09-25T22:27:52Z,,0.00344,,,,,,
2026-09-25T23:27:52Z,,0.00362,,,,,,
2026-09-26T00:04:13Z,1785,,12.3,96.5,10.47,11.3,100,10.2
2026-09-26T00:27:53Z,,0.00382,,,,,,
2026-09-26T01:27:52Z,,0.00401,,,,,,
2026-09-26T02:03:55Z,1740,,12.6,97.3,10.76,11.6,100,10.39
2026-09-26T02:27:52Z,,0.00423,,,,,,
2026-09-26T03:27:52Z,,0.00445,,,,,,
2026-09-26T04:04:40Z,1785,,12.9,97.8,11.02,12,100,10.65
2026-09-26T04:27:53Z,,0.00469,,,,,,
2026-09-26T05:27:52Z,,0.00493,,,,,,
2026-09-26T06:04:35Z,1875,,13.6,98.9,11.63,12.5,100,10.99
2026-09-26T06:27:53Z,,0.00522,,,,,,
2026-09-26T07:27:53Z,,0.00551,,,,,,
2026-09-26T08:04:30Z,1950,,15.1,96,12.38,13.3,100,11.55
2026-09-26T08:27:53Z,,0.00572,,,,,,
2026-09-26T09:27:53Z,,0.00593,,,,,,
2026-09-26T10:04:09Z,1620,,15.3,89.9,11.74,13.4,100,11.62
2026-09-26T10:27:53Z,,0.00601,,,,,,
2026-09-26T11:27:53Z,,0.00609,,,,,,
2026-09-26T12:03:33Z,1455,,15.1,87.6,11.3,13.4,100,11.62
2026-09-26T12:27:53Z,,0.00614,,,,,,
2026-09-26T13:27:52Z,,0.00619,,,,,,
2026-09-26T14:03:36Z,1590,,14.4,93,11.49,13.2,100,11.48
2026-09-26T14:27:52Z,,0.00631,,,,,,
2026-09-26T15:27:52Z,,0.00644,,,,,,
2026-09-26T16:04:12Z,1620,,13.9,96.5,11.56,13.2,100,11.48
2026-09-26T16:27:52Z,,0.00665,,,,,,
2026-09-26T17:27:53Z,,0.00686,,,,,,
2026-09-26T18:04:20Z,1695,,13.8,97.2,11.58,13.1,100,11.41
2026-09-26T18:27:52Z,,0.00709,,,,,,
2026-09-26T19:27:53Z,,0.00732,,,,,,
2026-09-26T20:03:52Z,1710,,13.5,97.4,11.39,12.7,100,11.13
2026-09-26T20:27:52Z,,0.00756,,,,,,
2026-09-26T21:27:53Z,,0.00779,,,,,,
2026-09-26T22:03:04Z,1650,,12.8,95.5,10.69,12,100,10.65
2026-09-26T22:27:52Z,,0.00796,,,,,,
2026-09-26T23:27:52Z,,0.00813,,,,,,
2026-09-27T00:03:59Z,1710,,12.1,96.3,10.32,11.2,100,10.13
2026-09-27T00:27:52Z,,0.00832,,,,,,
2026-09-27T01:27:52Z,,0.0085,,,,,,
2026-09-27T02:04:05Z,1290,,9.2,91.1,8.13,8.6,100,8.59
2026-09-27T02:27:53Z,,0.00857,,,,,,
2026-09-27T03:27:52Z,,0.00864,,,,,,
2026-09-27T04:04:00Z,1185,,7,93.5,7.24,7.2,100,7.85
2026-09-27T04:27:52Z,,0.00873,,,,,,
2026-09-27T05:27:52Z,,0.00881,,,,,,
2026-09-27T06:04:10Z,1800,,10.6,100,9.76,10,100,9.39
2026-09-27T06:27:53Z,,0.0091,,,,,,
2026-09-27T07:27:52Z,,0.00939,,,,,,
2026-09-27T08:04:52Z,3375,,19.1,94,15.4,14.6,84.6,10.58
2026-09-27T08:27:53Z,,0.00957,,,,,,
2026-09-27T09:27:52Z,,0.00975,,,,,,
2026-09-27T10:04:38Z,1980,,28.1,37.9,10.37,15,75.9,9.73
2026-09-27T10:27:52Z,,0.00941,,,,,,
2026-09-27T11:27:52Z,,0.00908,,,,,,
2026-09-27T12:04:45Z,1215,,29.3,31.3,9.15,14.5,78.8,9.8
2026-09-27T12:27:53Z,,0.00875,,,,,,
2026-09-27T13:27:52Z,,0.00841,,,,,,
2026-09-27T14:05:18Z,540,,25.4,30.1,7.09,14.4,74.9,9.25
2026-09-27T14:27:52Z,,0.00808,,,,,,
2026-09-27T15:27:53Z,,0.00808,,,,,,
2026-09-27T16:05:50Z,525,,13.3,43.2,4.99,12.5,81.9,9.0
2026-09-27T16:27:53Z,,0.00808,,,,,,
2026-09-27T17:27:53Z,,0.00808,,,,,,
2026-09-27T18:27:52Z,,0.00808,,,,,,
2026-09-27T19:27:52Z,,0.00808,,,,,,
2026-09-27T20:06:09Z,450,,5.4,67.6,4.72,7.5,94.4,7.55
2026-09-27T20:27:52Z,,0.00808,,,,,,
2026-09-27T21:27:52Z,,0.00808,,,,,,
2026-09-27T22:05:36Z,450,,6,81,5.88,7.8,97.2,7.93
2026-09-27T22:27:52Z,,0.00808,,,,,,
2026-09-27T23:27:52Z,,0.00808,,,,,,
2026-09-28T00:05:02Z,1020,,8.7,86.9,7.51,8.4,98.9,8.39
2026-09-28T00:27:53Z,,0.00811,,,,,,
2026-09-28T01:27:52Z,,0.00813,,,,,,
2026-09-28T02:04:47Z,630,,7,84.4,6.54,7.2,99.9,7.84
2026-09-28T02:27:53Z,,0.0078,,,,,,
2026-09-28T03:27:53Z,,0.00747,,,,,,
2026-09-28T04:04:07Z,450,,5.5,85.3,5.99,6.3,100,7.4
2026-09-28T04:27:53Z,,0.00713,,,,,,
2026-09-28T05:27:52Z,,0.0068,,,,,,
2026-09-28T06:04:15Z,1470,,8.4,94.9,8.05,8,99.2,8.2
2026-09-28T06:27:52Z,,0.00692,,,,,,
2026-09-28T07:27:53Z,,0.00704,,,,,,
2026-09-28T08:03:26Z,2745,,18.6,79.8,12.7,14.4,86.3,10.66
2026-09-28T08:27:53Z,,0.0067,,,,,,
2026-09-28T09:27:52Z,,0.00637,,,,,,
2026-09-28T10:03:22Z,1245,,26.3,38.7,9.58,14.8,81.4,10.31
2026-09-28T10:27:53Z,,0.00604,,,,,,
2026-09-28T11:27:52Z,,0.0057,,,,,,
2026-09-28T12:03:29Z,1410,,25,44.2,10.18,14.6,84.4,10.56
2026-09-28T12:27:53Z,,0.00537,,,,,,
2026-09-28T13:27:53Z,,0.00504,,,,,,
2026-09-28T14:03:01Z,780,,20.9,47.9,8.72,14.4,82.9,10.24
2026-09-28T14:27:52Z,,0.00504,,,,,,
2026-09-28T15:27:52Z,,0.00504,,,,,,
2026-09-28T16:02:34Z,525,,13.4,66.7,7.75,13.3,85.9,9.92
2026-09-28T16:27:53Z,,0.00504,,,,,,
2026-09-28T17:27:52Z,,0.00504,,,,,,
2026-09-28T18:02:15Z,465,,9.7,78.7,7.25,11.4,92.8,9.52
2026-09-28T18:27:53Z,,0.00504,,,,,,
2026-09-28T19:27:53Z,,0.00504,,,,,,
2026-09-28T20:01:58Z,465,,7.5,81.4,6.51,9.5,95.7,8.71
2026-09-28T20:27:52Z,,0.00504,,,,,,
2026-09-28T21:27:53Z,,0.00504,,,,,,
2026-09-28T22:02:18Z,450,,7.3,91.5,7.23,9.8,95.9,8.89
2026-09-28T22:27:52Z,,0.0051,,,,,,
2026-09-28T23:27:52Z,,0.00516,,,,,,
2026-09-29T00:02:16Z,1305,,10.2,98.5,9.37,11.2,97.3,9.86
2026-09-29T00:27:52Z,,0.00539,,,,,,
2026-09-29T01:27:53Z,,0.00562,,,,,,
2026-09-29T02:03:02Z,1380,,11.4,95.5,9.8,11.6,97.2,10.1
2026-09-29T02:27:53Z,,0.00577,,,,,,
2026-09-29T03:27:52Z,,0.00593,,,,,,
2026-09-29T04:03:21Z,1545,,11.9,96.1,10.17,11.9,97.2,10.29
2026-09-29T04:27:52Z,,0.00611,,,,,,
2026-09-29T05:27:52Z,,0.00629,,,,,,
2026-09-29T06:03:33Z,1620,,12.8,96.6,10.82,12.4,97.8,10.68
2026-09-29T06:27:52Z,,0.00649,,,,,,
2026-09-29T07:27:53Z,,0.00669,,,,,,
2026-09-29T08:03:53Z,1890,,14.5,96.1,11.95,13.4,97.3,11.31
2026-09-29T08:27:53Z,,0.00689,,,,,,
2026-09-29T09:27:53Z,,0.0071,,,,,,
2026-09-29T10:03:13Z,1650,,16.7,83.5,11.86,14.8,92,11.65
2026-09-29T10:27:53Z,,0.00676,,,,,,
2026-09-29T11:27:53Z,,0.00643,,,,,,
2026-09-29T12:03:28Z,1740,,18.8,76.6,12.33,15.5,90.7,11.98
2026-09-29T12:27:52Z,,0.0061,,,,,,
2026-09-29T13:27:52Z,,0.00576,,,,,,
2026-09-29T14:04:12Z,1230,,17.7,73.5,11.09,15.2,91.9,11.92
2026-09-29T14:27:53Z,,0.00543,,,,,,
2026-09-29T15:27:53Z,,0.0051,,,,,,
2026-09-29T16:04:29Z,1095,,15.8,80,10.76,14.6,94.4,11.81
2026-09-29T16:27:52Z,,0.0051,,,,,,
2026-09-29T17:27:52Z,,0.0051,,,,,,
2026-09-29T18:04:02Z,990,,13,86.8,9.84,13,96.8,10.97
2026-09-29T18:27:52Z,,0.00513,,,,,,
2026-09-29T19:27:52Z,,0.00517,,,,,,
2026-09-29T20:04:22Z,855,,11.2,90.4,9.16,12,99.1,10.56
2026-09-29T20:27:53Z,,0.00524,,,,,,
2026-09-29T21:27:53Z,,0.00531,,,,,,
2026-09-29T22:03:58Z,885,,10.5,93.1,9.03,11.4,100,10.26
2026-09-29T22:27:53Z,,0.00541,,,,,,
2026-09-29T23:27:53Z,,0.00552,,,,,,
2026-09-30T00:03:11Z,885,,9.3,90.8,8.16,9.9,99.7,9.31
2026-09-30T00:27:53Z,,0.00558,,,,,,
2026-09-30T01:27:53Z,,0.00565,,,,,,
2026-09-30T02:02:53Z,900,,7.8,90,7.34,8.2,100,8.37
2026-09-30T02:27:53Z,,0.0057,,,,,,
2026-09-30T03:27:52Z,,0.00576,,,,,,
2026-09-30T04:02:55Z,825,,6.2,91.3,6.71,7.1,100,7.8
2026-09-30T04:27:53Z,,0.00581,,,,,,
2026-09-30T05:27:52Z,,0.00587,,,,,,
2026-09-30T06:02:22Z,1845,,9,99.8,8.8,8.5,98.3,8.39
2026-09-30T06:27:53Z,,0.00611,,,,,,
2026-09-30T07:27:52Z,,0.00636,,,,,,
2026-09-30T08:02:55Z,3120,,17.7,91.2,13.76,14.1,87.2,10.58
2026-09-30T08:27:53Z,,0.00648,,,,,,
2026-09-30T09:27:53Z,,0.00659,,,,,,
2026-09-30T10:02:08Z,1845,,29.3,37.3,10.9,15,81.5,10.45
2026-09-30T10:27:53Z,,0.00625,,,,,,
2026-09-30T11:27:52Z,,0.00592,,,,,,
2026-09-30T12:02:54Z,1215,,31.4,26.6,8.71,14.6,74.5,9.32
2026-09-30T12:27:53Z,,0.00559,,,,,,
2026-09-30T13:27:52Z,,0.00525,,,,,,
2026-09-30T14:03:22Z,540,,26.1,26,6.37,14.7,70.9,8.92
2026-09-30T14:27:53Z,,0.00492,,,,,,
2026-09-30T15:27:53Z,,0.00492,,,,,,
2026-09-30T16:03:20Z,510,,13.4,45.9,5.33,12.7,81.2,9.04
2026-09-30T16:27:52Z,,0.00492,,,,,,
2026-09-30T17:27:53Z,,0.00492,,,,,,
2026-09-30T18:04:01Z,465,,6.6,55.8,4.21,8.9,88.9,7.79
2026-09-30T18:27:52Z,,0.00492,,,,,,
2026-09-30T19:27:53Z,,0.00492,,,,,,
2026-09-30T20:03:21Z,450,,3.2,62.1,3.74,6.8,92.3,7.06
2026-09-30T20:27:53Z,,0.00492,,,,,,
2026-09-30T21:27:52Z,,0.00492,,,,,,
2026-09-30T22:02:37Z,435,,0.6,66.7,3.37,4.9,95,6.41
2026-09-30T22:27:53Z,,0.00492,,,,,,
2026-09-30T23:27:53Z,,0.00492,,,,,,
2026-10-01T00:02:52Z,450,,0.2,69.3,3.41,4.1,96,6.15
2026-10-01T00:27:53Z,,0.00492,,,,,,
2026-10-01T01:27:52Z,,0.00492,,,,,,
2026-10-01T02:02:17Z,450,,0.1,73,3.56,3.8,96.5,6.06
2026-10-01T02:27:53Z,,0.00492,,,,,,
2026-10-01T03:27:53Z,,0.00492,,,,,,
2026-10-01T04:02:00Z,435,,0.5,75.8,3.8,3.7,97.4,6.07
2026-10-01T04:27:52Z,,0.00492,,,,,,
2026-10-01T05:27:52Z,,0.00492,,,,,,
2026-10-01T06:01:02Z,450,,2.2,84.1,4.74,5.5,97.4,6.84
2026-10-01T06:27:53Z,,0.00492,,,,,,
2026-10-01T07:27:53Z,,0.00492,,,,,,
2026-10-01T08:00:58Z,3300,,16.2,99.1,13.66,13.4,86.9,10.1
2026-10-01T08:27:52Z,,0.00526,,,,,,
2026-10-01T09:27:53Z,,0.00559,,,,,,
2026-10-01T10:01:32Z,1605,,27.8,37.6,10.12,16,74.1,10.09
2026-10-01T10:27:52Z,,0.00526,,,,,,
2026-10-01T11:27:53Z,,0.00493,,,,,,
2026-10-01T12:01:16Z,1140,,29.5,29.9,8.83,15.3,74,9.66
2026-10-01T12:27:53Z,,0.00459,,,,,,
2026-10-01T13:27:52Z,,0.00426,,,,,,
2026-10-01T14:01:06Z,540,,23.5,37.9,8.02,14.8,78.4,9.93
2026-10-01T14:27:55Z,,0.00393,,,,,,
2026-10-01T15:27:53Z,,0.00393,,,,,,
2026-10-01T16:01:46Z,525,,15.8,54.5,7.33,13.3,88.5,10.22
2026-10-01T16:27:53Z,,0.00393,,,,,,
2026-10-01T17:27:52Z,,0.00393,,,,,,
2026-10-01T18:01:09Z,465,,10,65,6.11,11.1,91.5,9.21
2026-10-01T18:27:52Z,,0.00393,,,,,,
2026-10-01T19:27:52Z,,0.00393,,,,,,
2026-10-01T20:01:44Z,1215,,11.6,90,9.35,11.4,97.2,9.97
2026-10-01T20:27:52Z,,0.00399,,,,,,
2026-10-01T21:27:52Z,,0.00406,,,,,,
2026-10-01T22:00:56Z,1410,,12.2,90.1,9.72,11.2,98.4,9.97
2026-10-01T22:27:53Z,,0.00413,,,,,,
2026-10-01T23:27:52Z,,0.00421,,,,,,
2026-10-02T00:00:54Z,1395,,11.6,89.5,9.3,11,97.3,9.74
2026-10-02T00:27:53Z,,0.00427,,,,,,
2026-10-02T01:27:52Z,,0.00433,,,,,,
2026-10-02T02:00:06Z,1425,,11.6,91,9.45,10.8,97.6,9.64
2026-10-02T02:27:53Z,,0.00441,,,,,,
2026-10-02T03:27:52Z,,0.00449,,,,,,
2026-10-02T03:59:31Z,1620,,11.8,91.9,9.67,10.6,98,9.56
2026-10-02T04:27:53Z,,0.00459,,,,,,
2026-10-02T05:27:52Z,,0.00468,,,,,,
2026-10-02T05:59:45Z,1845,,12.3,93.6,10.16,10.7,98.7,9.69
2026-10-02T06:27:53Z,,0.00481,,,,,,
2026-10-02T07:27:52Z,,0.00493,,,,,,
2026-10-02T07:59:32Z,2100,,14.9,84.6,10.78,12,92.2,9.82
2026-10-02T08:27:53Z,,0.0046,,,,,,
2026-10-02T09:27:53Z,,0.00427,,,,,,
2026-10-02T09:59:57Z,1500,,18.4,62.6,9.84,13.4,86.4,10.04
2026-10-02T10:27:53Z,,0.00393,,,,,,
2026-10-02T11:27:53Z,,0.0036,,,,,,
2026-10-02T12:00:01Z,1155,,22.6,46.9,9.42,14.7,81.6,10.27
2026-10-02T12:27:52Z,,0.00327,,,,,,
2026-10-02T13:27:53Z,,0.00293,,,,,,
2026-10-02T14:00:19Z,900,,18.6,57.8,9.2,13.7,89,10.53
2026-10-02T14:27:53Z,,0.00293,,,,,,
2026-10-02T15:27:52Z,,0.00293,,,,,,
2026-10-02T15:59:45Z,945,,15,72.8,9.33,12.8,92.9,10.4
2026-10-02T16:27:53Z,,0.00293,,,,,,
2026-10-02T17:27:52Z,,0.00293,,,,,,
2026-10-02T17:59:32Z,1245,,13.5,82.1,9.6,12.3,93.9,10.19
2026-10-02T18:27:52Z,,0.00293,,,,,,
2026-10-02T19:27:53Z,,0.00293,,,,,,
2026-10-02T20:00:01Z,1380,,12.9,84.7,9.54,11.6,94.8,9.85
2026-10-02T20:27:52Z,,0.00293,,,,,,
2026-10-02T21:27:53Z,,0.00293,,,,,,
2026-10-02T22:00:12Z,1425,,12.5,87.7,9.64,11.3,96.8,9.87
2026-10-02T22:27:52Z,,0.00298,,,,,,
2026-10-02T23:27:53Z,,0.00302,,,,,,
2026-10-03T00:01:01Z,1485,,12.5,90.9,9.99,11.5,97.7,10.09
2026-10-03T00:27:53Z,,0.0031,,,,,,
2026-10-03T01:27:53Z,,0.00319,,,,,,
2026-10-03T02:00:50Z,1410,,12,89.4,9.52,11.3,95.9,9.78
2026-10-03T02:27:53Z,,0.00325,,,,,,
2026-10-03T03:27:52Z,,0.00331,,,,,,
2026-10-03T04:01:06Z,1620,,11.8,91.2,9.59,10.9,96,9.55
2026-10-03T04:27:52Z,,0.0034,,,,,,
2026-10-03T05:27:52Z,,0.00348,,,,,,
2026-10-03T06:01:22Z,1770,,12.2,90.5,9.76,10.6,97.1,9.47
2026-10-03T06:27:52Z,,0.00356,,,,,,
2026-10-03T07:27:53Z,,0.00364,,,,,,
2026-10-03T08:01:33Z,1800,,13.3,85,9.82,10.4,97.5,9.39
2026-10-03T08:27:52Z,,0.00364,,,,,,
2026-10-03T09:27:53Z,,0.00364,,,,,,
2026-10-03T10:02:19Z,1620,,16,72.6,9.89,11.7,94.3,9.86
2026-10-03T10:27:53Z,,0.0033,,,,,,
2026-10-03T11:27:53Z,,0.00297,,,,,,
2026-10-03T12:01:34Z,1260,,14.9,77.3,9.85,11.9,99.1,10.49
