timestamp,rpm,mold_index,indoor_temp_c,indoor_rh_pct,indoor_abs_humidity_g_m3,outdoor_temp_c,outdoor_rh_pct,outdoor_abs_humidity_g_m3
2025-05-13T16:09:12Z,1140,,,,,,,
2025-05-13T17:08:50Z,1110,,,,,,,
2025-05-13T18:09:15Z,1110,,,,,,,
2025-05-13T19:08:36Z,1095,,,,,,,
2025-05-13T20:20:13Z,750,,12.1,47,5.04,10.9,59.9,5.96
2025-05-13T22:19:30Z,945,,10.6,56,5.46,9.8,66.4,6.16
2025-05-14T00:20:09Z,945,,10.1,60.3,5.7,9.2,72.2,6.45
2025-05-14T02:19:24Z,930,,8.8,64.5,5.61,8,77.3,6.39
2025-05-14T04:19:39Z,1485,,9.6,68,6.23,7.9,77.2,6.34
2025-05-14T06:19:51Z,1425,,10.5,54.3,5.26,6.7,71.9,5.46
2025-05-14T08:19:15Z,1950,,16.3,33,4.58,9.8,46.3,4.29
2025-05-14T10:19:58Z,2310,,18.4,24.4,3.84,10.4,35.1,3.38
2025-05-14T12:19:04Z,1605,,20,20.3,3.51,9.7,38.2,3.52
2025-05-14T14:19:01Z,615,,15.7,27.2,3.64,7.3,55.5,4.38
2025-05-14T16:18:11Z,495,,10.9,39.6,3.94,6.3,68.4,5.06
2025-05-14T18:18:07Z,765,,7.5,54.8,4.39,4.9,75.8,5.12
2025-05-14T20:18:35Z,915,,6,65.2,4.73,3.9,83.3,5.26
2025-05-14T22:18:30Z,585,,5.2,64.6,4.45,3.5,85.4,5.25
2025-05-15T00:18:16Z,855,,4.6,74.4,4.92,3.5,90.1,5.54
2025-05-15T02:18:36Z,1215,,6.2,79.2,5.82,4.7,92.8,6.18
2025-05-15T04:19:11Z,1365,,8.5,78.7,6.72,6.8,92.1,7.04
2025-05-15T06:19:32Z,1725,,12.2,64.1,6.91,8.4,79.8,6.77
2025-05-15T08:18:46Z,1365,,14.1,55.8,6.77,9.4,78.3,7.08
2025-05-15T10:19:35Z,1395,,16,47.7,6.5,10.5,69.4,6.73
2025-05-15T12:19:25Z,1830,,18.7,44,7.04,12.2,62.6,6.75
2025-05-15T14:20:07Z,1485,,20.6,34.3,6.14,12.7,56.4,6.28
2025-05-15T16:19:15Z,1350,,18.3,38.2,5.97,12.5,57.2,6.29
2025-05-15T18:19:52Z,930,,13.2,49,5.62,10.5,66.1,6.41
2025-05-15T20:20:10Z,930,,10.3,61,5.84,9.2,73.8,6.59
2025-05-15T22:20:25Z,1020,,9.1,68.4,6.07,8.4,78.9,6.69
2025-05-16T00:20:15Z,1020,,8.2,71.8,6.01,7.3,84.6,6.68
2025-05-16T02:19:35Z,1275,,7.4,81.4,6.47,6.5,90.6,6.79
2025-05-16T04:19:26Z,1530,,9.6,76.5,7.01,8.9,81.2,7.11
2025-05-16T06:20:05Z,1980,,18.6,50.8,8.08,15.9,55.5,7.51
2025-05-16T08:20:09Z,2880,,27.1,32.2,8.34,19.9,40.5,6.96
2025-05-16T10:19:49Z,3045,,32.1,24.9,8.46,19,41.4,6.74
2025-05-16T12:19:00Z,3045,,33.8,21.4,7.96,18.1,42.1,6.5
2025-05-16T14:18:40Z,1980,,29.6,22.4,6.65,18.2,40.1,6.23
2025-05-16T16:18:41Z,1425,,25.1,24.7,5.72,17.9,38.9,5.94
2025-05-16T18:18:23Z,915,,20.6,29.8,5.33,17,42.2,6.1
2025-05-16T20:18:00Z,510,,13.4,39.2,4.55,10.9,69.8,6.94
2025-05-16T22:17:47Z,510,,10.8,46.9,4.63,9.1,75.8,6.72
2025-05-17T00:18:27Z,495,,9.4,52.9,4.78,7.7,84.8,6.88
2025-05-17T02:17:54Z,495,,8.9,58.4,5.11,7.4,87.8,6.98
2025-05-17T04:18:01Z,510,,9.3,62.7,5.63,7.4,90.3,7.18
2025-05-17T06:18:28Z,750,,11.2,65.2,6.61,8.5,91.3,7.79
2025-05-17T08:17:57Z,3135,,23.7,47.1,10.08,14.8,62,7.85
2025-05-17T10:18:15Z,3180,,36.2,23.3,9.82,18.8,48.4,7.79
2025-05-17T12:18:46Z,1980,,29,27.2,7.82,16.2,52.9,7.29
2025-05-17T14:18:40Z,2175,,30.9,23.7,7.55,13.7,58,6.87
2025-05-17T16:19:36Z,1365,,23.9,28.6,6.19,12.1,60.6,6.5
2025-05-17T18:20:16Z,510,,16.3,38.7,5.37,11.7,67.4,7.05
2025-05-17T20:20:29Z,495,,9.6,44.8,4.1,9.6,75,6.87
2025-05-18T00:19:53Z,480,,6.7,70.4,5.35,7.2,88.3,6.93
2025-05-18T02:19:45Z,735,,6.8,79.1,6.05,6.8,93.3,7.14
2025-05-18T04:20:07Z,1290,,9.4,80.4,7.27,8.6,88.6,7.61
2025-05-18T06:19:51Z,1815,,13.6,72.2,8.49,11.5,79.4,8.2
2025-05-18T08:19:09Z,1650,,20.5,43.1,7.67,14.3,62.5,7.68
2025-05-18T10:19:50Z,1815,,25.6,31.5,7.5,16.7,50.8,7.22
2025-05-18T12:20:00Z,2805,,30.1,27.1,8.27,18.4,44.6,7.01
2025-05-18T14:19:40Z,2055,,29.9,23.3,7.03,18.6,41.2,6.56
2025-05-18T16:19:16Z,1125,,24.9,26.1,5.98,18.5,41.6,6.58
2025-05-18T18:18:35Z,720,,21,32.8,6.01,18,46.7,7.17
2025-05-18T20:17:57Z,735,,17.2,40.7,5.96,16.2,51.3,7.07
2025-05-18T22:18:11Z,945,,13.6,50.2,5.91,13.7,56.7,6.71
2025-05-19T00:18:02Z,1035,,11.4,60.3,6.19,11.8,65.3,6.87
2025-05-19T02:17:20Z,1035,,10.2,61.8,5.88,10.5,67.5,6.54
2025-05-19T04:17:55Z,1605,,13.3,61.3,7.08,14.5,56.8,7.06
2025-05-19T06:18:10Z,1995,,22,41.1,7.98,20.5,41.7,7.42
2025-05-19T08:18:55Z,3270,,31,27.3,8.75,23.9,30.6,6.62
2025-05-19T10:19:01Z,3030,,35.9,18.5,7.68,22.2,31.8,6.24
2025-05-19T12:18:53Z,3225,,36.8,16.8,7.31,17.6,38,5.7
2025-05-19T14:19:07Z,1995,,31.6,18.4,6.09,16.6,40.2,5.68
2025-05-19T16:19:15Z,1410,,26.2,23.9,5.89,16.7,43.4,6.17
2025-05-19T18:19:33Z,735,,21.1,29.5,5.43,16.2,46.9,6.47
2025-05-19T20:18:55Z,510,,12.2,36.6,3.95,11.8,59.2,6.23
2025-05-19T22:18:42Z,510,,8.2,44.5,3.73,9.4,57,5.15
2025-05-20T00:18:23Z,615,,7.3,51.3,4.05,8.5,57,4.87
2025-05-20T02:18:36Z,495,,5.9,54.9,3.96,6.4,65.1,4.85
2025-05-20T04:18:20Z,1470,,11.7,58.7,6.14,13.4,54.4,6.32
2025-05-20T06:19:13Z,2445,,20.3,45.8,8.05,19.7,40.8,6.93
2025-05-20T08:19:09Z,1800,,28.4,24.4,6.79,22.1,33.6,6.56
2025-05-20T10:18:21Z,2385,,34.1,16.8,6.35,21.4,29.7,5.57
2025-05-20T12:17:41Z,2010,,32.5,18.6,6.46,18.3,38.8,6.06
2025-05-20T14:17:53Z,1665,,27.4,19.1,5.03,17.1,34.2,4.98
2025-05-20T16:18:20Z,1650,,23.5,18.8,3.98,15.9,29.2,3.95
2025-05-20T18:18:20Z,1005,,16.8,26.8,3.83,13.4,37.1,4.31
2025-05-20T20:18:44Z,765,,10.5,35.1,3.4,10.1,42.4,4.01
2025-05-20T22:19:16Z,495,,6.4,38.4,2.86,6.8,48.8,3.73
2025-05-21T00:19:40Z,540,,3.3,51.8,3.14,5,56.4,3.83
2025-05-21T02:20:14Z,720,,2.7,57.3,3.34,3.9,61.4,3.88
2025-05-21T04:20:31Z,1875,,9.1,56.7,5.03,11,47.5,4.75
2025-05-21T06:20:01Z,2385,,19.3,35.8,5.94,19.1,31.4,5.15
2025-05-21T08:19:13Z,2250,,26.8,21.1,5.37,19.7,28.2,4.79
2025-05-21T10:18:54Z,1845,,24.8,19.9,4.53,14.7,34.6,4.35
2025-05-21T12:19:46Z,2475,,24.6,23,5.18,14.8,34.9,4.42
2025-05-21T14:18:51Z,1590,,23.6,21.8,4.64,15.5,35.2,4.65
2025-05-21T16:19:17Z,675,,18.2,25.2,3.92,13.3,40.4,4.67
2025-05-21T18:19:14Z,495,,12.2,29.5,3.18,10,54.3,5.1
2025-05-21T20:19:54Z,495,,8.6,37.2,3.2,8.5,64.9,5.54
2025-05-21T22:19:28Z,495,,8,34.5,2.85,9.1,53.6,4.75
2025-05-22T00:18:49Z,480,,8.4,34.1,2.89,10.3,49.4,4.73
2025-05-22T02:19:20Z,480,,9.5,34,3.09,9.6,59.9,5.49
2025-05-22T04:19:17Z,495,,13,36.9,4.18,10.6,58.4,5.7
2025-05-22T06:18:51Z,1950,,21.3,39.6,7.38,13.9,57.6,6.9
2025-05-22T08:19:17Z,1395,,21.3,36.4,6.78,12.6,64.2,7.1
2025-05-22T10:19:49Z,2865,,27.6,30.8,8.2,15.1,52.6,6.78
2025-05-22T12:19:48Z,1365,,25.2,29.2,6.8,14.6,57.2,7.15
2025-05-22T14:20:12Z,1860,,25.9,31.5,7.63,14.9,57.7,7.35
2025-05-22T16:19:33Z,1605,,25.1,29.5,6.83,15.1,53.7,6.93
2025-05-22T18:20:18Z,495,,17.4,37.1,5.5,13.9,59,7.07
2025-05-22T20:21:08Z,495,,11.4,48.8,5.01,11.4,68.6,7.04
2025-05-22T22:20:35Z,495,,10.1,56.6,5.35,10.3,74.8,7.16
2025-05-23T00:20:04Z,495,,10.7,63.8,6.26,10.8,80.2,7.92
2025-05-23T02:19:51Z,510,,11.2,67.6,6.85,11.3,85.9,8.76
2025-05-23T04:20:16Z,495,,12,64.7,6.89,11.1,92.7,9.33
2025-05-23T06:19:33Z,660,,12,69.3,7.38,10.3,92.6,8.87
2025-05-23T08:20:23Z,1080,,12.9,71,8.0,10.3,92.1,8.82
2025-05-23T10:21:06Z,780,,13.3,63.7,7.36,10.1,91.1,8.61
2025-05-23T12:20:37Z,1005,,15.1,57.1,7.36,10.1,87,8.22
2025-05-23T14:20:23Z,2100,,22.5,42.1,8.41,11.6,73.6,7.65
2025-05-23T16:20:18Z,1725,,19.2,42.1,6.94,11.4,65.7,6.74
2025-05-23T18:19:32Z,840,,14.3,47.2,5.8,9.9,71.9,6.71
2025-05-23T20:19:14Z,495,,9.1,53.4,4.74,7.9,77.9,6.4
2025-05-23T22:19:37Z,480,,5.5,62.8,4.41,5.5,85,5.97
2025-05-24T00:20:18Z,480,,4.4,65.5,4.28,4.3,88.9,5.77
2025-05-24T02:20:16Z,480,,4.8,69,4.63,4.2,92,5.93
2025-05-24T04:20:06Z,885,,8.3,76.5,6.45,7.6,91.2,7.35
2025-05-24T06:19:17Z,3075,,15.4,62.4,8.2,11.9,60.4,6.39
2025-05-24T08:19:41Z,2055,,18.6,41.4,6.59,11.8,57.7,6.07
2025-05-24T10:19:02Z,3360,,27.3,29.7,7.78,14.6,39.6,4.95
2025-05-24T12:19:36Z,1860,,23,25.9,5.32,12.8,45.1,5.05
2025-05-24T14:19:34Z,1140,,19.5,28,4.7,12.6,46.2,5.11
2025-05-24T16:19:36Z,1260,,19,30.3,4.94,12,49.3,5.25
2025-05-24T18:19:45Z,495,,13.1,43.4,4.95,9.8,70.5,6.54
2025-05-24T20:19:23Z,495,,9.3,49.7,4.47,8.3,74.9,6.31
2025-05-24T22:18:35Z,495,,8.3,58.7,4.95,7.5,81.1,6.49
2025-05-25T00:18:01Z,495,,8.2,63.8,5.34,7.3,84.6,6.68
2025-05-25T02:17:42Z,885,,7.9,71.1,5.84,6.6,87.8,6.63
2025-05-25T04:17:23Z,1185,,8.8,72.6,6.32,6.9,88,6.77
2025-05-25T06:17:16Z,1410,,11.2,70.8,7.17,8.6,85.8,7.37
2025-05-25T08:16:44Z,3240,,22.2,49.3,9.68,16.3,52.6,7.29
2025-05-25T10:17:04Z,3210,,29,26.7,7.68,17.1,41,5.97
2025-05-25T12:17:13Z,2730,,29.5,22.3,6.59,15.4,42.8,5.62
2025-05-25T14:16:45Z,2085,,27.5,21.9,5.8,14.9,42,5.35
2025-05-25T16:17:17Z,1245,,22.8,25.9,5.26,14.4,45.5,5.62
2025-05-25T18:16:58Z,495,,16.7,35,4.97,12,58.4,6.22
2025-05-25T20:17:05Z,510,,9.9,36.7,3.43,9.8,67.5,6.26
2025-05-25T22:16:59Z,480,,6.5,46.5,3.49,8,79.5,6.57
2025-05-26T00:16:25Z,480,,4.6,56.5,3.74,6.1,83.1,6.07
2025-05-26T02:15:44Z,465,,4,62.3,3.96,5.6,86.9,6.14
2025-05-26T04:16:27Z,495,,9.9,66.5,6.21,12.9,76.1,8.57
2025-05-26T06:16:06Z,2325,,20.1,54.5,9.47,17.4,56.3,8.34
2025-05-26T08:16:52Z,3195,,28.9,36,10.29,18.8,49.2,7.92
2025-05-26T10:17:39Z,3345,,33.7,26.6,9.84,17.5,41.6,6.2
2025-05-26T12:17:20Z,2805,,33.7,23,8.51,14.6,57.9,7.24
2025-05-26T14:17:19Z,1335,,29.7,24,7.17,14.4,61.7,7.62
2025-05-26T16:16:28Z,585,,25.2,23.9,5.57,13.5,63.5,7.42
2025-05-26T18:15:52Z,495,,17.8,30.3,4.6,12.1,74.3,7.96
2025-05-26T20:16:18Z,510,,12.1,38.9,4.17,10.3,85.3,8.17
2025-05-26T22:16:39Z,495,,10.2,46.4,4.41,9.5,88.9,8.09
2025-05-27T00:17:24Z,510,,10.6,53.1,5.18,9.8,92.2,8.55
2025-05-27T02:16:53Z,495,,10.4,60.2,5.8,9.6,92.3,8.45
2025-05-27T04:17:39Z,495,,12.7,65.4,7.28,12.5,84.1,9.24
2025-05-27T06:17:18Z,1905,,21.1,51.7,9.52,17.4,60.6,8.98
2025-05-27T08:17:40Z,3045,,29.6,35.7,10.6,20.8,46.6,8.44
2025-05-27T10:17:41Z,3165,,32.8,25.8,9.1,19.8,42.2,7.21
2025-05-27T12:16:59Z,2925,,32.7,21.6,7.58,18.1,40.6,6.27
2025-05-27T14:16:26Z,1950,,29.8,20.8,6.25,17.2,40.1,5.87
2025-05-27T16:16:39Z,1275,,25.4,23.8,5.6,16.9,41.7,6.0
2025-05-27T18:16:40Z,585,,19.9,29.6,5.08,15.7,46.4,6.21
2025-05-27T20:17:30Z,525,,13,35.8,4.06,11.5,66.1,6.82
2025-05-27T22:16:50Z,510,,9,46,4.05,9.4,73.5,6.65
2025-05-28T00:16:12Z,510,,6.1,54.2,3.96,7.3,79.3,6.26
2025-05-28T02:16:19Z,495,,7.7,59.4,4.82,8.8,80.8,7.03
2025-05-28T04:15:43Z,870,,11.6,61.7,6.41,11.6,70.3,7.3
2025-05-28T06:16:11Z,1965,,18.5,50.1,7.92,14,61.7,7.44
2025-05-28T08:16:09Z,2910,,26.5,36.9,9.24,18.4,48,7.55
2025-05-28T10:16:03Z,1920,,27,30.4,7.83,18.6,46.4,7.38
2025-05-28T12:16:44Z,1590,,27.3,27.8,7.28,18.6,46,7.32
2025-05-28T14:16:47Z,1200,,25.4,29.1,6.85,17.3,50.2,7.39
2025-05-28T16:16:15Z,1380,,24.8,32,7.29,17.4,51.6,7.64
2025-05-28T18:16:25Z,510,,20.3,35.7,6.28,16.1,58.8,8.06
2025-05-28T20:15:41Z,510,,15.6,38.3,5.09,14.1,65.5,7.95
2025-05-28T22:16:04Z,510,,13.3,48.3,5.58,12.9,71.7,8.08
2025-05-29T00:15:59Z,495,,11.1,57.3,5.77,11.6,77.4,8.04
2025-05-29T02:15:41Z,495,,10.5,61,5.91,11.1,81.4,8.2
2025-05-29T04:14:53Z,495,,13.8,52.9,6.3,12.4,83.7,9.14
2025-05-29T06:15:19Z,630,,21.7,45.1,8.6,16.8,72.9,10.42
2025-05-29T08:16:01Z,1365,,28.6,35.7,10.04,17.5,70.3,10.48
2025-05-29T10:16:12Z,3345,,35.2,33.9,13.57,20.5,56.9,10.12
2025-05-29T12:15:58Z,1935,,35.3,27.9,11.22,20.1,61.1,10.62
2025-05-29T14:16:14Z,1605,,34.8,27.6,10.82,19.1,66.7,10.93
2025-05-29T16:16:38Z,900,,28.2,34,9.35,17.6,72,10.79
2025-05-29T18:17:18Z,585,,20.7,44.4,7.99,16,78.2,10.65
2025-05-29T20:16:47Z,510,,14.3,52.8,6.48,13.7,83.8,9.92
2025-05-29T22:17:36Z,510,,13.3,72.9,8.42,13.3,89.1,10.29
2025-05-30T00:17:54Z,885,,13.8,77,9.17,13.4,90.3,10.49
2025-05-30T02:18:40Z,1035,,13.1,79.5,9.07,12.6,91,10.06
2025-05-30T04:18:15Z,1455,,14.5,79.4,9.87,13.1,88.4,10.08
2025-05-30T06:18:41Z,1935,,19.4,67.3,11.23,16.2,76.7,10.57
2025-05-30T08:18:17Z,1965,,29.8,38.9,11.68,21.9,57.1,11.02
2025-05-30T10:17:50Z,3165,,38.1,26.7,12.41,21.1,53,9.76
2025-05-30T12:17:12Z,1980,,32.9,26.9,9.54,19.3,54.4,9.02
2025-05-30T14:17:56Z,2835,,32.2,22,7.52,18.8,39.1,6.3
2025-05-30T16:17:55Z,825,,24,27.3,5.94,17.5,46,6.86
2025-05-30T18:17:21Z,495,,17.7,31.7,4.78,13.6,58.6,6.89
2025-05-30T20:16:58Z,510,,12.6,38.9,4.3,10.4,90.3,8.7
2025-05-30T22:17:46Z,495,,12.1,50.1,5.37,10.4,97.6,9.4
2025-05-31T00:18:09Z,495,,12.3,51.4,5.58,10.9,97.9,9.73
2025-05-31T02:17:22Z,510,,12,57.5,6.13,10.4,94.8,9.13
2025-05-31T04:17:41Z,495,,12.2,59.9,6.46,10,96.1,9.03
2025-05-31T06:17:34Z,870,,14.2,66.4,8.1,11.2,91.8,9.3
2025-05-31T08:17:44Z,2130,,22.4,51,10.13,16.2,66.8,9.21
2025-05-31T10:17:01Z,1425,,25.1,32.1,7.43,17.3,52.8,7.78
2025-05-31T12:16:51Z,1125,,25.4,28.2,6.64,16.7,50.9,7.23
2025-05-31T14:16:37Z,1560,,27.7,24.2,6.48,15.9,48.7,6.59
2025-05-31T16:16:57Z,1110,,21.7,28.2,5.38,13.8,49.8,5.93
2025-05-31T18:17:43Z,555,,16.2,35,4.82,12.2,54.2,5.85
2025-05-31T20:17:11Z,495,,9.5,41.1,3.74,8.9,62.6,5.48
2025-05-31T22:17:21Z,480,,6.5,49.2,3.69,7.4,70.5,5.61
2025-06-01T00:17:29Z,480,,6,55.4,4.02,6.7,78,5.93
2025-06-01T02:18:18Z,480,,5.7,61.8,4.4,6,84.1,6.1
2025-06-01T04:17:47Z,1065,,10.2,71.2,6.77,12.7,67,7.46
2025-06-01T06:18:04Z,2115,,19.8,42.7,7.29,19.8,39,6.66
2025-06-01T08:17:43Z,2190,,26.8,27.3,6.95,22.2,31.9,6.26
2025-06-01T10:17:59Z,3015,,33.1,19.2,6.88,21,30.1,5.51
2025-06-01T12:17:33Z,3030,,34.8,16.8,6.58,19.1,32.3,5.29
2025-06-01T14:16:39Z,2040,,32.6,15.6,5.44,19,31.1,5.07
2025-06-01T16:16:13Z,1170,,28.3,18.2,5.03,18.7,34.3,5.49
2025-06-01T18:15:31Z,510,,21,23.2,4.25,16.5,38.9,5.46
2025-06-01T20:15:47Z,510,,12.7,27.3,3.04,12.7,50.1,5.57
2025-06-01T22:15:17Z,495,,7.9,34.6,2.84,8.9,58,5.08
2025-06-02T00:14:59Z,495,,5.9,42.9,3.09,7.3,67.1,5.3
2025-06-02T02:14:11Z,495,,6.8,45.6,3.49,8.6,77.4,6.65
2025-06-02T04:14:59Z,510,,13.1,48.7,5.55,13.1,61.3,6.99
2025-06-02T06:14:57Z,1455,,19,43.9,7.15,15.3,56.3,7.35
2025-06-02T08:14:55Z,1035,,21.9,36.3,7.0,15.2,60.6,7.86
2025-06-02T10:14:14Z,495,,16.6,51.2,7.23,12.4,89.4,9.76
2025-06-02T12:14:32Z,510,,14.9,56.3,7.17,12,97.3,10.37
2025-06-02T14:14:07Z,510,,14.6,63.3,7.92,12.3,99.9,10.84
2025-06-02T16:14:14Z,855,,16.5,64.9,9.11,13.3,91,10.51
2025-06-02T18:14:55Z,690,,15.8,60.2,8.1,11.7,92.8,9.7
2025-06-02T20:14:09Z,495,,10.8,66.1,6.53,9.6,94.6,8.66
2025-06-02T22:13:39Z,495,,9,71.7,6.32,8.8,95,8.27
2025-06-03T00:13:40Z,495,,8.5,74.8,6.38,8.4,97.1,8.24
2025-06-03T02:13:07Z,495,,9,76.6,6.75,8.5,97.7,8.34
2025-06-03T04:13:08Z,840,,11.8,77,8.1,10.1,98.4,9.3
2025-06-03T06:13:42Z,2220,,18,80.2,12.31,17.1,75.8,11.03
2025-06-03T08:14:14Z,3315,,30.1,40.9,12.48,23.2,43.2,8.98
2025-06-03T10:14:21Z,2985,,34.3,28.6,10.92,22.1,45,8.78
2025-06-03T12:14:38Z,2340,,34.1,25.9,9.79,19.7,51,8.66
2025-06-03T14:15:12Z,1680,,31,25.6,8.2,18.1,52.3,8.08
2025-06-03T16:15:37Z,990,,26.4,29.6,7.37,16.9,58.1,8.35
2025-06-03T18:15:51Z,510,,20,37.4,6.46,14.8,66.3,8.39
2025-06-03T20:16:03Z,510,,12.6,44.1,4.88,11,80.7,8.07
2025-06-03T22:15:47Z,495,,9.5,55.8,5.08,8.9,87,7.62
2025-06-04T00:15:07Z,495,,7.7,60.9,4.94,7.5,89.7,7.18
2025-06-04T02:15:01Z,495,,5.9,63.5,4.58,6.5,92.6,6.94
2025-06-04T04:14:27Z,495,,10.8,67.6,6.68,12.6,79.2,8.76
2025-06-04T06:14:44Z,2940,,20.2,61,10.66,18.4,54.2,8.52
2025-06-04T08:14:13Z,2145,,28.5,35.4,9.9,23.3,42.9,8.97
2025-06-04T10:15:01Z,3165,,33.1,27.6,9.89,20.3,44.2,7.77
2025-06-04T12:14:43Z,2295,,32.2,22.9,7.82,18.6,43.8,6.97
2025-06-04T14:15:05Z,1620,,30.3,23.4,7.22,18.2,47,7.3
2025-06-04T16:14:48Z,645,,25.3,26.7,6.25,17.4,51.1,7.57
2025-06-04T18:15:15Z,585,,20.5,32.7,5.82,16.5,58.9,8.27
2025-06-04T20:14:55Z,495,,13.7,37.3,4.42,13.1,71.3,8.13
2025-06-04T22:14:27Z,495,,12.6,43,4.76,13.2,71.2,8.17
2025-06-05T00:14:15Z,495,,12.8,49.8,5.58,14.3,62.9,7.72
2025-06-05T02:14:03Z,495,,13.4,53.9,6.26,14.1,66.8,8.1
2025-06-05T04:13:30Z,510,,14.6,54.1,6.77,13.7,71,8.4
2025-06-05T06:12:57Z,495,,13.9,56.2,6.73,12.3,83.7,9.08
2025-06-05T08:13:29Z,510,,14.4,61.2,7.56,12.1,92,9.86
2025-06-05T10:12:41Z,615,,17,64.3,9.3,13.3,96.4,11.13
2025-06-05T12:12:22Z,825,,19.4,62.9,10.49,14.9,95.7,12.19
2025-06-05T14:12:18Z,2385,,28.4,47.6,13.24,17.4,78.5,11.63
2025-06-05T16:11:29Z,1200,,25,45.1,10.38,17.6,75,11.24
2025-06-05T18:11:37Z,1065,,20.6,40.9,7.32,15.7,60.9,8.14
2025-06-05T20:12:32Z,495,,13.1,46.8,5.34,11.9,65,6.88
2025-06-05T22:12:11Z,495,,8.1,56,4.66,9.2,77.5,6.92
2025-06-06T00:12:01Z,480,,6.3,63,4.66,7.4,87.9,6.99
2025-06-06T02:12:41Z,495,,7.1,68.8,5.37,7.3,91.8,7.25
2025-06-06T04:12:14Z,810,,10.9,73.5,7.31,10.2,89.7,8.53
2025-06-06T06:12:06Z,2295,,17.9,72,10.99,15.8,72.5,9.76
2025-06-06T08:11:36Z,2115,,25.4,40.7,9.58,18.2,56.1,8.72
2025-06-06T10:10:56Z,3180,,30.5,32.7,10.2,17.8,51.8,7.86
2025-06-06T12:10:30Z,2400,,33.7,26.7,9.88,16.4,61.8,8.62
2025-06-06T14:10:13Z,1875,,31.9,26.9,9.04,16.9,60.1,8.64
2025-06-06T16:10:28Z,975,,27.1,29.6,7.66,16.2,63.4,8.74
2025-06-06T18:09:58Z,585,,20.5,37.3,6.64,15.2,70.3,9.12
2025-06-06T20:09:53Z,510,,16.3,35.7,4.95,13.5,79.9,9.34
2025-06-06T22:10:14Z,510,,13.4,40.2,4.67,12.4,86.2,9.41
2025-06-07T00:09:48Z,510,,13.4,45.5,5.29,13,93.5,10.6
2025-06-07T02:10:14Z,510,,14,61.5,7.42,13,97.7,11.08
2025-06-07T04:09:39Z,495,,14,60.2,7.26,13,93.7,10.62
2025-06-07T06:08:56Z,720,,16.3,61.9,8.58,14.1,84,10.19
2025-06-07T08:09:06Z,1590,,20.5,52.1,9.27,15,72.7,9.32
2025-06-07T10:08:18Z,2955,,24.1,48.2,10.55,16.2,61.6,8.49
2025-06-07T12:07:44Z,2385,,26.4,34.2,8.52,16.7,52.7,7.49
2025-06-07T14:07:06Z,1830,,25.2,31.2,7.27,16.5,49.6,6.96
2025-06-07T16:08:03Z,1155,,22.9,32.4,6.62,15.2,55.4,7.19
2025-06-07T18:07:34Z,510,,18.1,37.6,5.81,13.8,63.4,7.55
2025-06-07T20:06:58Z,495,,12.9,44.1,4.97,12,73.1,7.79
2025-06-07T22:07:45Z,495,,10.4,54.1,5.21,11.1,78.1,7.86
2025-06-08T00:07:08Z,495,,9.2,61,5.45,10.4,83.1,8.01
2025-06-08T02:07:38Z,495,,8.8,66.2,5.76,9.5,86.8,7.9
2025-06-08T04:08:01Z,495,,11.4,70.2,7.2,12.1,87,9.33
2025-06-08T06:08:49Z,2340,,19.9,64.1,11.01,18.2,62.7,9.74
2025-06-08T08:08:01Z,3300,,29.5,35.3,10.43,22.4,39.3,7.8
2025-06-08T10:08:42Z,2175,,31.7,25.1,8.35,22.3,38.3,7.56
2025-06-08T12:09:44Z,2505,,31.2,25.6,8.29,20,40.9,7.07
2025-06-08T14:09:31Z,2070,,30.3,24.3,7.5,19.3,41.9,6.95
2025-06-08T16:09:02Z,1110,,26.6,26.1,6.57,17.9,47.4,7.23
2025-06-08T18:09:05Z,585,,21.4,31.2,5.85,16.7,51.3,7.29
2025-06-08T20:08:50Z,495,,14,37.1,4.47,13.2,61.7,7.08
2025-06-08T22:08:01Z,495,,8.6,47.1,4.05,9.6,72.2,6.61
2025-06-09T00:08:03Z,480,,6.3,54.5,4.03,7.5,80.2,6.42
2025-06-09T02:08:16Z,480,,6.3,63,4.66,7.2,84.6,6.64
2025-06-09T04:08:29Z,735,,10.4,68.2,6.57,10.1,81.6,7.71
2025-06-09T06:08:52Z,2055,,17.9,60,9.16,14.9,66.1,8.42
2025-06-09T08:08:44Z,1590,,22.8,41.3,8.39,17,58.8,8.51
2025-06-09T10:08:51Z,1785,,24.8,34.9,7.95,17.4,52.3,7.75
2025-06-09T12:09:12Z,510,,17.5,47.4,7.06,13.7,75.7,8.96
2025-06-09T14:08:45Z,495,,14.4,60.3,7.45,11.5,89.2,9.21
2025-06-09T16:08:51Z,750,,14.4,66.7,8.24,11.8,92,9.68
2025-06-09T18:08:49Z,900,,13.7,73.6,8.71,11.8,93.5,9.84
2025-06-09T20:08:38Z,945,,12.6,77.8,8.6,11.3,94.9,9.68
2025-06-09T22:08:25Z,840,,11.8,78.1,8.22,10.9,95.7,9.52
2025-06-10T00:08:38Z,1170,,11,82,8.2,9.9,94.9,8.86
2025-06-10T02:08:50Z,1260,,10.4,83,8.0,9.2,94.9,8.47
2025-06-10T04:08:41Z,1560,,11.8,85.7,9.02,10.6,92.9,9.06
2025-06-10T06:08:24Z,1635,,15.3,73.6,9.61,12.6,86.4,9.55
2025-06-10T08:07:24Z,2835,,26.3,47.3,11.71,19.5,58.1,9.75
2025-06-10T10:07:02Z,1815,,29.6,32.1,9.53,21,50.5,9.25
2025-06-10T12:07:17Z,3405,,36,25.4,10.6,20,45.7,7.9
2025-06-10T14:06:48Z,2040,,31.1,25.6,8.25,17.8,50.6,7.68
2025-06-10T16:06:59Z,585,,25.2,31.5,7.34,16.4,64.9,9.05
2025-06-10T18:07:29Z,570,,19.2,32.6,5.37,13.8,74.7,8.9
2025-06-10T20:07:32Z,510,,13,43.9,4.98,11.5,83.9,8.66
2025-06-10T22:07:23Z,495,,10.2,52.2,4.97,9.9,89.1,8.32
2025-06-11T00:07:36Z,495,,9.2,59.1,5.28,8.9,90.6,7.93
2025-06-11T02:07:26Z,495,,8.6,65.9,5.66,8.3,91.8,7.74
2025-06-11T04:07:37Z,495,,11.7,64,6.69,10.4,95.3,9.18
2025-06-11T06:07:45Z,510,,14.2,63.4,7.74,11.8,93.1,9.79
2025-06-11T08:08:15Z,525,,15.7,52.8,7.06,11.7,93.8,9.81
2025-06-11T10:08:12Z,540,,15.4,48.5,6.37,11.1,96.2,9.69
2025-06-11T12:08:10Z,540,,16.1,52.8,7.23,12,96.5,10.28
2025-06-11T14:07:55Z,540,,16,55.5,7.56,12.3,97,10.53
2025-06-11T16:08:42Z,540,,15.3,57.5,7.51,11.8,97.6,10.27
2025-06-11T18:08:11Z,525,,13.7,61,7.22,11.2,100,10.13
2025-06-11T20:08:18Z,525,,12.8,64.1,7.18,11,100,10.01
2025-06-11T22:08:05Z,510,,12.1,69.1,7.41,10.6,100,9.76
2025-06-12T00:08:18Z,750,,11.7,78.5,8.21,10.4,100,9.63
2025-06-12T02:07:40Z,1080,,12,83.8,8.93,10.7,100,9.82
2025-06-12T04:08:08Z,1245,,13,84.8,9.61,11.4,100,10.26
2025-06-12T06:08:16Z,1380,,13.9,83.6,10.02,11.6,100,10.39
2025-06-12T08:08:56Z,1440,,14.3,82.8,10.17,11.7,100,10.46
2025-06-12T10:09:17Z,1560,,17.2,78.5,11.49,13.3,100,11.55
2025-06-12T12:10:01Z,1740,,23.6,54.5,11.59,14.5,91.7,11.4
2025-06-12T14:10:19Z,1110,,25.5,40.5,9.59,15.3,80.6,10.52
2025-06-12T16:10:24Z,900,,24.8,40.4,9.2,16.2,76.9,10.6
2025-06-12T18:09:38Z,900,,18.4,59.4,9.34,15.3,82.3,10.74
2025-06-12T20:09:21Z,870,,15.3,69,9.01,13.7,88.1,10.43
2025-06-12T22:09:22Z,930,,13,79.6,9.02,12.6,92.7,10.25
2025-06-13T00:09:07Z,990,,11.4,84,8.62,11.4,94.1,9.66
2025-06-13T02:08:36Z,1080,,10.4,82.3,7.93,10.6,89.3,8.71
2025-06-13T04:09:04Z,1710,,12.3,81.2,8.81,13.2,75.9,8.71
2025-06-13T06:08:46Z,1845,,20.1,55.3,9.61,18.5,58.1,9.19
2025-06-13T08:07:54Z,1905,,28.6,32.7,9.2,21.9,45.3,8.74
2025-06-13T10:07:06Z,1980,,32.8,22.9,8.08,20.9,41.4,7.54
2025-06-13T12:07:45Z,2220,,33.8,19.8,7.36,18.9,41,6.64
2025-06-13T14:08:34Z,1755,,31.8,20.3,6.79,18.8,41.3,6.65
2025-06-13T16:08:30Z,1290,,28.3,24.1,6.67,19,43.6,7.1
2025-06-13T18:08:40Z,765,,22.7,30.4,6.14,18.4,46,7.23
2025-06-13T20:09:14Z,525,,14.9,39.3,5.01,14.4,59.5,7.35
2025-06-13T22:08:56Z,510,,9.1,49.2,4.36,10.6,71.1,6.94
2025-06-14T00:09:36Z,525,,6.4,56,4.17,8.2,78.1,6.54
2025-06-14T02:09:21Z,525,,5.5,61.7,4.33,7.2,84.3,6.62
2025-06-14T04:09:03Z,735,,11.6,73.8,7.67,15.5,68.2,9.01
2025-06-14T06:08:41Z,3015,,23.5,56.7,11.99,24.8,41.7,9.49
2025-06-14T08:09:23Z,2025,,33.5,27.3,9.99,28.2,33.9,9.33
2025-06-14T12:09:41Z,3060,,40.8,18.3,9.75,23.7,36.7,7.85
2025-06-14T14:10:22Z,2220,,39.1,17.8,8.71,23.2,37.9,7.88
2025-06-14T16:09:44Z,1575,,35.1,20.3,8.08,23.3,39.4,8.24
2025-06-14T18:09:34Z,750,,27.7,27.4,7.33,22.5,43.9,8.77
2025-06-14T20:10:04Z,540,,19.4,38.9,6.49,18.4,54.9,8.63
2025-06-14T22:10:52Z,540,,14.7,43.1,5.42,15,59.4,7.61
2025-06-15T00:11:17Z,525,,11.6,49.3,5.12,12.4,66.2,7.23
2025-06-15T02:11:33Z,525,,9.9,54.2,5.06,10.6,72,7.02
2025-06-15T04:11:33Z,900,,14.8,57.9,7.33,17.2,57.5,8.42
2025-06-15T06:10:56Z,2400,,25,46.2,10.64,24,42.3,9.2
2025-06-15T08:10:28Z,2205,,34.8,29,11.37,29.9,34,10.26
2025-06-15T10:09:52Z,2490,,41.5,22,12.14,29.3,35.8,10.46
2025-06-15T12:10:34Z,2280,,43.1,17.3,10.33,27.3,35.3,9.24
2025-06-15T14:09:50Z,1905,,40.8,18.4,9.8,27.2,36,9.37
2025-06-15T16:10:09Z,1470,,36.2,21.8,9.19,26.1,38.9,9.53
2025-06-15T18:10:40Z,720,,28.3,28.6,7.91,23.2,45.7,9.5
2025-06-15T20:10:16Z,540,,20,36.2,6.25,19.2,53.6,8.84
2025-06-15T22:10:30Z,540,,14.9,47.1,6.0,15.7,62.4,8.35
2025-06-16T00:09:38Z,525,,13.1,54.1,6.17,13.4,68.6,7.97
2025-06-16T02:09:11Z,585,,13,56.7,6.43,12.8,68.9,7.71
2025-06-16T04:09:30Z,825,,15.2,55.2,7.16,13.8,69.3,8.25
2025-06-16T06:10:07Z,930,,19.3,49.2,8.16,16.6,65.7,9.28
2025-06-16T08:09:35Z,2460,,32.5,34.4,11.94,24.5,45.7,10.23
2025-06-16T10:09:17Z,2325,,36.9,26,11.36,27,38.9,10.02
2025-06-16T12:08:29Z,1710,,36.3,22.3,9.45,24.2,42.6,9.38
2025-06-16T14:08:45Z,1845,,36.1,23.1,9.69,24,42.8,9.31
2025-06-16T16:09:05Z,555,,25.2,38.9,9.06,21.6,59.5,11.28
2025-06-16T18:09:22Z,540,,20.4,42.4,7.5,19,59.6,9.71
2025-06-16T20:09:21Z,540,,17.8,48.5,7.36,17.1,68.6,9.98
2025-06-16T22:09:41Z,540,,16.1,58.7,8.04,16.1,77.2,10.58
2025-06-17T00:10:04Z,525,,15.4,63.6,8.35,15,84.8,10.87
2025-06-17T02:10:08Z,525,,15.1,67.8,8.74,14.7,88,11.07
2025-06-17T04:09:58Z,525,,16,69.6,9.48,15.1,90.3,11.64
2025-06-17T06:10:07Z,1035,,18.8,71.7,11.54,16.9,89.9,12.93
2025-06-17T08:09:45Z,1305,,19.4,75.4,12.58,17.4,90,13.33
2025-06-17T10:09:53Z,1395,,19.4,71.3,11.89,16.1,90.1,12.35
2025-06-17T12:09:04Z,1515,,23.9,51.5,11.14,16.8,79.4,11.35
2025-06-17T14:08:38Z,1455,,24.6,46.1,10.38,17.8,70.6,10.71
2025-06-17T16:08:13Z,1485,,25.5,41.9,9.92,18.8,63.4,10.21
2025-06-17T18:08:35Z,1080,,22.1,40.5,7.91,17.3,59.5,8.76
2025-06-17T20:09:12Z,540,,15,52.5,6.73,14,70,8.44
2025-06-17T22:09:06Z,585,,13.2,61.1,7.01,13,74.6,8.46
2025-06-18T00:09:51Z,585,,13,63,7.14,12.6,77.8,8.6
2025-06-18T02:09:36Z,525,,13.1,66.7,7.61,12.8,85.2,9.54
2025-06-18T04:09:58Z,540,,14.5,70.6,8.78,13.6,90.4,10.63
2025-06-18T06:10:35Z,1305,,18.6,73.7,11.73,17.3,83.7,12.33
2025-06-18T08:09:48Z,2805,,28.7,51.5,14.56,22.9,59.9,12.24
2025-06-18T10:09:34Z,930,,21.9,54.6,10.54,17.4,80.9,11.99
2025-06-18T12:09:15Z,2190,,25.1,60.9,14.1,18.3,81.3,12.71
2025-06-18T14:08:39Z,1155,,19.4,63.8,10.64,15.6,86.9,11.55
2025-06-18T16:08:42Z,1215,,19.9,62,10.65,15.6,85.6,11.38
2025-06-18T18:08:01Z,1125,,18.3,60.7,9.49,14.5,83.4,10.37
2025-06-18T20:08:06Z,1050,,15.1,66,8.51,13.4,80.9,9.4
2025-06-18T22:08:08Z,1080,,12.5,72.4,7.96,12.1,81.1,8.69
2025-06-19T00:08:50Z,1155,,11.7,72.2,7.55,10.8,82.6,8.16
2025-06-19T02:09:31Z,1260,,10.7,77.5,7.61,9.8,87.1,8.08
2025-06-19T04:08:51Z,1440,,12,77.6,8.27,10.5,87.6,8.49
2025-06-19T06:08:39Z,1620,,15.2,71,9.21,12.3,85.1,9.24
2025-06-19T08:08:19Z,1500,,19.1,58.9,9.65,14.6,78.6,9.83
2025-06-19T10:08:29Z,1380,,23.2,44.9,9.34,16.2,71.1,9.8
2025-06-19T12:08:58Z,1305,,19.2,61.6,10.15,15.1,83.1,10.72
2025-06-19T14:08:06Z,1290,,17.6,68.4,10.26,14.8,85.3,10.8
2025-06-19T16:08:14Z,1200,,15.8,72.8,9.8,13.9,88.5,10.61
2025-06-19T18:09:01Z,1185,,14.6,76.2,9.53,13.4,87.8,10.2
2025-06-19T20:08:27Z,1350,,13.6,83.8,9.86,12.7,92.5,10.29
2025-06-19T22:08:36Z,1365,,13,85.3,9.67,12,94.2,10.04
2025-06-20T00:09:26Z,1365,,12.5,83.5,9.18,11.8,90.3,9.5
2025-06-20T02:09:37Z,1365,,12.2,83.4,9.0,11.7,89,9.31
2025-06-20T04:09:31Z,1410,,12.9,82.2,9.26,12.4,87.1,9.51
2025-06-20T06:10:15Z,1905,,18.6,61.4,9.77,15.4,69.9,9.18
2025-06-20T08:09:57Z,1800,,25.2,37.5,8.73,19.2,51.2,8.44
2025-06-20T10:09:37Z,2775,,31.5,23.6,7.77,19.8,38.5,6.57
2025-06-20T12:08:56Z,2820,,33.8,20.5,7.62,18.5,40.5,6.41
2025-06-20T14:08:46Z,1590,,32.5,20.8,7.22,19.3,43.8,7.26
2025-06-20T16:09:32Z,1350,,31.3,24.6,8.01,19.3,50.7,8.41
2025-06-20T18:10:07Z,840,,21.9,37.7,7.27,16.7,59.4,8.44
2025-06-20T20:09:28Z,525,,16.5,45.3,6.36,14.9,65.7,8.37
2025-06-20T22:10:04Z,510,,11.1,57.8,5.82,11.5,74.7,7.71
2025-06-21T00:11:01Z,525,,9.2,67.7,6.04,9.7,80.7,7.44
2025-06-21T02:11:24Z,525,,8.3,72,6.07,8.8,86.6,7.54
2025-06-21T04:10:45Z,810,,12.4,74.6,8.15,14.5,75.9,9.44
2025-06-21T06:11:27Z,1980,,19.1,60.1,9.85,14.6,73.2,9.16
2025-06-21T08:10:47Z,1095,,17.4,55.1,8.16,14,74.4,8.97
2025-06-21T10:10:30Z,525,,14.7,59.5,7.49,11.4,92.5,9.49
2025-06-21T12:10:56Z,525,,15.2,65.7,8.52,12.8,93.4,10.46
2025-06-21T14:10:21Z,540,,17.1,50.5,7.35,12,84.8,9.03
2025-06-21T16:09:47Z,1305,,18.4,57.8,9.09,13.3,83.2,9.61
2025-06-21T18:10:28Z,1125,,16.1,58.3,7.99,11.8,82.6,8.69
2025-06-21T20:11:21Z,900,,12.3,68.2,7.4,10.1,88.8,8.39
2025-06-21T22:11:27Z,1185,,11.5,82.7,8.54,10.1,96.7,9.14
2025-06-22T00:10:37Z,1275,,11.4,83.2,8.54,9.9,96.3,8.99
2025-06-22T02:10:18Z,1245,,10.4,82.4,7.94,9.5,93.1,8.47
2025-06-22T04:09:35Z,1470,,11.9,81.5,8.63,11,87.9,8.8
2025-06-22T06:09:06Z,2085,,19,61.9,10.08,16.9,64.1,9.22
2025-06-22T08:08:32Z,1800,,27.4,33.8,8.9,20.4,48.4,8.56
2025-06-22T10:09:22Z,1875,,28.2,30.2,8.31,18.4,50.5,7.94
2025-06-22T12:08:58Z,1920,,30.9,25.4,8.09,18.4,49.2,7.74
2025-06-22T14:09:23Z,2295,,31.6,25.7,8.5,18.3,48.4,7.57
2025-06-22T16:09:14Z,1320,,26,27.5,6.7,18.3,45.4,7.1
2025-06-22T18:09:53Z,1230,,22.6,35.7,7.17,16.9,53.4,7.68
2025-06-22T20:09:37Z,525,,16.6,44.2,6.24,14.2,63.7,7.78
2025-06-22T22:10:22Z,525,,10.1,51,4.82,10.6,72.1,7.03
2025-06-23T00:10:45Z,510,,6.6,56.8,4.29,7.7,81.5,6.61
2025-06-23T02:11:22Z,510,,6.2,64.4,4.74,6.8,85.3,6.52
2025-06-23T04:11:10Z,690,,11.5,70.9,7.32,12.6,79.3,8.77
2025-06-23T06:10:40Z,3330,,22.5,53,10.59,18.1,50,7.72
2025-06-23T08:10:56Z,1410,,21.3,38.1,7.1,15.9,54.3,7.35
2025-06-23T10:10:47Z,1605,,23.1,39.4,8.14,16.2,59.1,8.15
2025-06-23T12:11:20Z,1710,,24.2,35.2,7.75,16.2,55.8,7.69
2025-06-23T14:11:17Z,1710,,25,34.8,8.01,17.1,54.2,7.89
2025-06-23T16:10:47Z,525,,18,44.9,6.89,14.3,75.1,9.22
2025-06-23T18:10:39Z,525,,14.4,52.3,6.46,13.2,82.7,9.49
2025-06-23T20:10:12Z,525,,13.3,48.9,5.65,12.1,95.5,10.24
2025-06-23T22:09:42Z,510,,13.2,47,5.39,11.9,99.1,10.49
2025-06-24T00:10:19Z,525,,12.9,52.9,5.96,12,100,10.65
2025-06-24T02:10:03Z,510,,12.7,59.3,6.6,12.2,98.9,10.67
2025-06-24T04:10:34Z,525,,14.3,67.4,8.28,13,96.5,10.94
2025-06-24T06:11:07Z,540,,14.8,72,9.12,13.4,96.8,11.25
2025-06-24T08:11:37Z,525,,15.6,67.6,8.99,13.3,97.3,11.24
2025-06-24T10:11:12Z,510,,14.3,69.2,8.5,12.4,98.1,10.71
2025-06-24T12:10:30Z,735,,14.5,71.5,8.89,12.5,96.1,10.56
2025-06-24T14:09:47Z,1095,,15.7,67.4,9.01,12.6,89.2,9.86
2025-06-24T16:09:30Z,900,,15.3,68.7,8.97,12.1,95.8,10.27
2025-06-24T18:09:38Z,795,,13.8,75,8.93,11.9,98.5,10.43
2025-06-24T20:10:32Z,795,,12.8,78,8.73,11.5,98.4,10.16
2025-06-24T22:09:57Z,930,,12.5,81.1,8.91,11.3,100,10.2
2025-06-25T00:09:17Z,1020,,12.6,83.1,9.19,11.3,100,10.2
2025-06-25T02:09:31Z,1215,,13,88.6,10.04,12.1,100,10.72
2025-06-25T04:09:12Z,1380,,14.1,90.3,10.95,13,100,11.34
2025-06-25T06:08:54Z,1320,,14.7,85.1,10.71,13.1,98.9,11.28
2025-06-25T08:09:28Z,1560,,16.2,81.1,11.18,13.9,94.4,11.31
2025-06-25T10:08:40Z,1560,,19.5,66.3,11.12,15.2,86.9,11.27
2025-06-25T12:08:17Z,1905,,24.3,54,11.95,17,78.3,11.33
2025-06-25T14:08:41Z,1365,,24.6,47.7,10.74,16.8,79,11.29
2025-06-25T16:08:36Z,1005,,20.7,55.1,9.92,14.6,88.9,11.12
2025-06-25T18:08:47Z,1095,,17.4,63.7,9.44,14.4,83.8,10.35
2025-06-25T20:08:23Z,915,,13.8,71.2,8.48,12.3,88.9,9.65
2025-06-25T22:09:09Z,1185,,13,72.2,8.18,12,82.9,8.83
2025-06-26T00:08:23Z,1020,,11.3,70.5,7.19,10.3,83.6,8.0
2025-06-26T02:07:36Z,1020,,8.9,79.5,6.96,8.4,90.8,7.7
2025-06-26T04:06:54Z,1545,,11,78.4,7.84,9.9,84.5,7.89
2025-06-26T06:07:31Z,1650,,16.5,60.5,8.49,12.9,74.8,8.43
2025-06-26T08:06:54Z,1890,,24.9,40.8,9.34,17.6,59.5,8.92
2025-06-26T10:07:04Z,1920,,31.2,28.4,9.2,18.4,55.9,8.79
2025-06-26T12:06:21Z,2010,,32.1,25.9,8.8,15.4,62.8,8.25
2025-06-26T14:06:03Z,1620,,31.2,26.8,8.68,15.8,64.4,8.67
2025-06-26T16:06:44Z,1425,,28.9,29.9,8.55,16.9,62.1,8.93
2025-06-26T18:06:04Z,810,,22.1,39.1,7.63,14.7,71,8.94
2025-06-26T20:05:58Z,525,,13.9,50,5.99,12.3,77.9,8.46
2025-06-26T22:05:44Z,510,,8.7,57.6,4.98,9.3,85.4,7.67
2025-06-27T00:06:11Z,510,,6.7,61.7,4.69,7.6,90,7.25
2025-06-27T02:06:28Z,510,,6.5,66.1,4.96,7.4,93.7,7.45
2025-06-27T04:05:39Z,525,,12.5,76.7,8.43,12.6,97.8,10.82
2025-06-27T06:06:06Z,3180,,22,68.8,13.35,20.1,59,10.25
2025-06-27T08:06:32Z,2715,,28.7,36,10.18,20.9,48.1,8.76
2025-06-27T10:06:41Z,2010,,29.5,31.9,9.42,18.6,55.4,8.81
2025-06-27T12:07:08Z,1410,,27.3,34.8,9.11,17.9,62,9.46
2025-06-27T14:07:04Z,795,,25.5,33.8,8.0,17.6,63.3,9.49
2025-06-27T16:07:35Z,540,,21.7,37.6,7.17,16.7,69.6,9.89
2025-06-27T18:07:45Z,525,,17.3,46.1,6.79,15.4,81.9,10.76
2025-06-27T20:07:19Z,540,,15.2,54,7.01,14.3,87.4,10.73
2025-06-27T22:07:44Z,540,,14.2,65.1,7.95,13.2,93.3,10.71
2025-06-28T00:07:47Z,525,,13.7,72.5,8.58,12.4,96.3,10.52
2025-06-28T02:07:49Z,795,,13,77.2,8.75,12,95.9,10.22
2025-06-28T04:08:24Z,990,,13.5,78.6,9.19,12.1,96.1,10.3
2025-06-28T06:08:47Z,1215,,14.6,79.1,9.89,12.9,94.2,10.61
2025-06-28T08:09:32Z,1350,,16.3,77.4,10.73,13.9,93.7,11.23
2025-06-28T10:09:19Z,1650,,18.3,74.7,11.68,15.2,89.6,11.63
2025-06-28T12:08:22Z,1725,,29,40,11.5,17.9,74.5,11.37
2025-06-28T14:08:16Z,2340,,31,35.5,11.37,19,61.6,10.04
2025-06-28T16:07:49Z,1050,,26.8,36.2,9.22,17.9,67.2,10.26
2025-06-28T18:07:26Z,540,,20.7,45.7,8.23,16,77.6,10.57
2025-06-28T20:06:38Z,525,,16.1,52.5,7.19,14.2,84.1,10.27
2025-06-28T22:06:11Z,525,,14.3,60.3,7.41,12.9,91.1,10.26
2025-06-29T00:06:52Z,525,,13.9,69,8.27,12.9,99.7,11.23
2025-06-29T02:06:57Z,525,,14.1,73.1,8.87,13.2,100,11.48
2025-06-29T04:06:35Z,525,,15,75.8,9.72,13.7,100,11.84
2025-06-29T06:07:01Z,945,,16.9,77.9,11.2,14.9,100,12.74
2025-06-29T08:07:16Z,1635,,19.4,81.4,13.58,16.9,94.4,13.57
2025-06-29T10:07:26Z,1605,,24,49.2,10.71,16.1,78.1,10.7
2025-06-29T12:07:36Z,1755,,32.3,26.4,9.07,18.6,56.1,8.93
2025-06-29T14:08:12Z,1410,,27.6,27.5,7.32,18.3,48.7,7.61
2025-06-29T16:08:23Z,1140,,23.5,31.5,6.66,17.3,49.5,7.29
2025-06-29T18:09:09Z,1035,,20.3,37.4,6.58,16.1,53.4,7.32
2025-06-29T20:08:22Z,690,,14.9,49.8,6.34,13.9,63,7.55
2025-06-29T22:08:16Z,765,,11.8,61.9,6.51,12.4,69.6,7.6
2025-06-30T00:08:49Z,915,,10.6,71,6.93,11.4,77,7.9
2025-06-30T02:08:59Z,1155,,10.4,77.4,7.46,10.9,81,8.05
2025-06-30T04:09:44Z,1515,,13.8,74.8,8.91,14.3,73.6,9.04
2025-06-30T06:10:10Z,1725,,21.9,47.1,9.09,19.3,53.5,8.87
2025-06-30T08:10:28Z,1440,,25.1,35.6,8.24,18.9,52.7,8.54
2025-06-30T10:10:42Z,1410,,25.5,35.9,8.5,19.1,53.7,8.8
2025-06-30T12:11:19Z,2025,,32.8,27.8,9.81,20.1,52.6,9.14
2025-06-30T14:10:33Z,1185,,25.9,32.6,7.9,19.8,50.3,8.59
2025-06-30T16:11:05Z,1245,,25.2,35.1,8.17,18.6,55,8.75
2025-06-30T18:10:28Z,1110,,21.4,45.3,8.49,17.4,63.2,9.36
2025-06-30T20:11:06Z,885,,16,60.2,8.2,15.3,72.3,9.44
2025-06-30T22:10:19Z,1050,,13.3,72.4,8.36,13.7,78.4,9.28
2025-07-01T00:10:39Z,1125,,12.2,76.9,8.29,12.7,80.8,8.99
2025-07-01T02:10:54Z,1170,,11.5,82.4,8.51,11.9,86,9.1
2025-07-01T04:11:35Z,1770,,15.1,80.3,10.36,17,69.4,10.04
2025-07-01T06:10:49Z,1860,,23.8,48.4,10.41,22.2,51.1,10.03
2025-07-01T08:11:28Z,1920,,31.7,30.5,10.15,25.3,41,9.6
2025-07-01T10:12:14Z,2055,,36.1,23,9.65,25.1,38.5,8.91
2025-07-01T12:11:24Z,2220,,38.5,21.2,10.06,23.9,42,9.09
2025-07-01T14:11:08Z,1740,,36.8,21.7,9.44,24,42.8,9.31
2025-07-01T16:10:11Z,1230,,32.2,26.3,8.99,23.5,45.8,9.69
2025-07-01T18:11:06Z,855,,24.9,35.7,8.17,21.5,50.3,9.48
2025-07-01T20:10:36Z,525,,19.4,42.6,7.11,18.7,55.6,8.9
2025-07-01T22:10:05Z,525,,14.3,52.6,6.46,15.4,64.4,8.46
2025-07-02T00:10:00Z,525,,12.3,58.9,6.39,13.7,67.5,7.99
2025-07-02T02:10:35Z,525,,10.6,61.1,5.96,11.9,74.6,7.9
2025-07-02T04:10:13Z,1335,,16.7,68.2,9.69,20.1,58.6,10.18
2025-07-02T06:09:23Z,2790,,28,45.5,12.38,27.5,39.4,10.43
2025-07-02T08:09:14Z,2775,,36.9,27.7,12.11,29.7,34.5,10.3
2025-07-02T10:09:25Z,2820,,41,21.6,11.62,27.4,37.6,9.9
2025-07-02T12:08:38Z,2205,,42.8,23.6,13.89,26.7,50,12.66
2025-07-02T14:07:59Z,1470,,39.7,26,13.11,26.9,52.8,13.52
2025-07-02T16:08:18Z,960,,33.2,30.1,10.85,26.3,50,12.38
2025-07-02T18:07:42Z,1050,,28.5,36.6,10.24,23.6,53.5,11.38
2025-07-02T20:07:46Z,795,,22,47.8,9.28,20.8,60.2,10.9
2025-07-02T22:07:57Z,540,,17.2,56.7,8.3,17.8,70.6,10.71
2025-07-03T00:07:46Z,525,,15.7,64.4,8.61,16.5,76.7,10.77
2025-07-03T02:08:31Z,585,,15.5,68.2,9.01,16,80,10.9
2025-07-03T04:07:44Z,735,,16.4,68.4,9.54,16.3,81,11.23
2025-07-03T06:08:07Z,2325,,23.9,64.7,14.0,21.2,66.3,12.29
2025-07-03T08:07:32Z,1035,,25.5,42.3,10.02,19.7,65.6,11.14
2025-07-03T10:07:06Z,2010,,34.8,29.2,11.45,21.9,55,10.61
2025-07-03T12:07:28Z,1560,,31.1,32.3,10.4,21.7,55.5,10.59
2025-07-03T14:07:58Z,555,,27,38.7,9.96,21.2,66.1,12.25
2025-07-03T16:07:31Z,555,,23.9,41.2,8.91,19.7,72.9,12.38
2025-07-03T18:07:18Z,540,,22.4,42.6,8.46,17.9,74.8,11.42
2025-07-03T20:08:03Z,540,,16,54.4,7.41,14.7,76.4,9.62
2025-07-03T22:08:32Z,540,,15.2,57.4,7.45,13.5,83.9,9.81
2025-07-04T00:08:15Z,690,,13.5,68,7.95,11.5,92.1,9.51
2025-07-04T02:07:26Z,1155,,12.3,78.4,8.51,11,91.9,9.2
2025-07-04T04:07:42Z,1350,,13.1,74.8,8.53,12.7,80.4,8.95
2025-07-04T06:07:25Z,1860,,19.8,53.6,9.15,18.9,54.5,8.83
2025-07-04T08:07:37Z,1725,,26.8,32.5,8.28,21.5,43.1,8.13
2025-07-04T10:07:58Z,2100,,32,24.8,8.38,21.4,41.1,7.7
2025-07-04T12:07:35Z,1785,,31.6,22.2,7.35,18.7,44.4,7.11
2025-07-04T14:08:15Z,1740,,30.2,22.3,6.84,17.6,44.7,6.7
2025-07-04T16:08:19Z,1140,,25.5,25,5.92,16.8,45.2,6.46
2025-07-04T18:08:56Z,1005,,20.3,31.1,5.47,15.3,47,6.14
2025-07-04T20:08:15Z,540,,13.9,40.5,4.85,12.3,55.7,6.05
2025-07-04T22:08:21Z,525,,8.8,46,4.0,9,68.3,6.02
2025-07-05T00:07:50Z,525,,6.8,51.8,3.96,7.4,76.9,6.11
2025-07-05T02:07:26Z,525,,8,59.6,4.93,7.6,83.4,6.72
2025-07-05T04:06:33Z,525,,11.2,65.1,6.6,10.2,85.6,8.14
2025-07-05T06:06:35Z,2715,,21.9,57.4,11.08,17,65.4,9.46
2025-07-05T08:05:47Z,1605,,27,38.3,9.86,17.5,66,9.84
2025-07-05T10:04:59Z,2820,,34,32,12.03,19.9,58.6,10.07
2025-07-05T12:04:48Z,1590,,33.5,27.3,9.99,17.8,66.6,10.11
2025-07-05T14:04:09Z,1140,,30.1,27.5,8.39,17.2,62.8,9.19
2025-07-05T16:04:54Z,540,,20.6,39,6.98,15.1,76.8,9.9
2025-07-05T18:05:11Z,540,,15.9,49.4,6.69,13,90,10.2
2025-07-05T20:04:42Z,540,,13.9,56.9,6.82,12.1,94.6,10.14
2025-07-05T22:04:53Z,525,,13.4,44.7,5.19,11.6,99.6,10.35
2025-07-06T00:04:37Z,525,,13.4,45.9,5.33,11.8,100,10.52
2025-07-06T02:04:22Z,525,,13.6,54.3,6.39,12.1,100,10.72
2025-07-06T04:04:25Z,525,,14.7,67.4,8.48,12.8,99.6,11.15
2025-07-06T06:04:00Z,735,,16.9,68.9,9.91,13.9,97.8,11.72
2025-07-06T08:03:57Z,945,,18.5,67.5,10.68,14.4,98.5,12.17
2025-07-06T10:03:32Z,930,,18.1,72.7,11.23,15,99.1,12.7
2025-07-06T12:04:12Z,900,,19.1,68.7,11.26,15.4,98,12.87
2025-07-06T14:04:25Z,1035,,18.4,75.2,11.82,15.4,99.9,13.12
2025-07-06T16:04:21Z,900,,17.8,74.3,11.27,15.2,99.2,12.87
2025-07-06T18:03:49Z,900,,16.5,77.5,10.88,14.7,98.8,12.43
2025-07-06T20:04:17Z,855,,15.4,78.2,10.27,13.8,99.3,11.83
2025-07-06T22:05:07Z,870,,14.5,80.9,10.06,13.4,99.9,11.61
2025-07-07T00:04:59Z,915,,14.4,83.4,10.31,13.6,100,11.76
2025-07-07T02:04:20Z,990,,15,85,10.89,14.2,100,12.21
2025-07-07T04:03:50Z,1095,,16.1,83.5,11.44,14.7,99.7,12.55
2025-07-07T06:04:37Z,1305,,17.7,79.3,11.96,15,98.7,12.65
2025-07-07T08:04:30Z,1470,,19,76.4,12.45,15.7,95.3,12.75
2025-07-07T10:04:26Z,1500,,20.4,74.1,13.11,16.4,95.7,13.35
2025-07-07T12:04:04Z,2400,,26.2,63.1,15.54,19,82.9,13.51
2025-07-07T14:03:14Z,2040,,32.2,38.7,13.22,20.6,68.4,12.24
2025-07-07T16:03:38Z,855,,25.2,47.2,10.99,18.1,82.2,12.7
2025-07-07T18:04:17Z,540,,19.6,58.7,9.91,16.3,92.2,12.79
2025-07-07T20:04:20Z,525,,16.8,65.2,9.32,15.5,96.3,12.72
2025-07-07T22:03:51Z,540,,15.7,76.7,10.26,15,98.4,12.61
2025-07-08T00:03:01Z,810,,15.5,82.2,10.86,14.7,100,12.59
2025-07-08T02:03:45Z,1170,,15.7,87,11.64,14.7,100,12.59
2025-07-08T06:02:43Z,1620,,16.4,90.8,12.67,14.7,100,12.59
2025-07-08T08:02:25Z,1620,,17.7,87.9,13.26,15.6,100,13.29
2025-07-08T10:03:10Z,1440,,18.1,83.2,12.85,15.5,100,13.21
2025-07-08T12:03:56Z,1320,,23.6,56.1,11.93,15.9,93.9,12.71
2025-07-08T14:04:04Z,1515,,23.1,53.7,11.1,15.5,85.8,11.34
2025-07-08T16:03:32Z,1485,,25.2,47.4,11.04,16.9,78.9,11.34
2025-07-08T18:03:33Z,1140,,22.7,51.3,10.36,16.2,82,11.3
2025-07-08T20:03:12Z,525,,14.7,62.6,7.88,12.8,91.6,10.26
2025-07-08T22:03:58Z,525,,9.3,71.8,6.45,10.4,96.6,9.31
2025-07-09T00:03:49Z,525,,7.2,75.4,5.92,9,99.6,8.78
2025-07-09T02:03:34Z,525,,7.9,86.6,7.11,9.5,100,9.1
2025-07-09T04:03:17Z,1380,,12,93.1,9.92,13.9,86.5,10.37
2025-07-09T06:04:05Z,2070,,19.9,60.6,10.41,18.5,59.9,9.47
2025-07-09T08:03:43Z,1935,,29,38.7,11.12,23.9,48.4,10.47
2025-07-09T10:04:03Z,3390,,37.5,28.5,12.85,23.7,43.9,9.39
2025-07-09T12:03:20Z,3195,,36.8,23.8,10.35,20.3,45.3,7.97
2025-07-09T14:02:48Z,2385,,33.9,25,9.35,20.4,46.2,8.17
2025-07-09T16:03:33Z,1395,,31.2,27.2,8.81,19.9,53.9,9.26
2025-07-09T18:03:49Z,660,,25.3,35.5,8.31,18.5,63.3,10.01
2025-07-09T20:04:28Z,525,,18.1,40.8,6.3,16.4,64.5,9.0
2025-07-09T22:04:39Z,495,,12.4,55.2,6.03,13.1,76.3,8.7
2025-07-10T00:04:26Z,510,,11.2,62.6,6.34,11.9,81.7,8.65
2025-07-10T02:03:47Z,510,,10.1,67.8,6.41,10.6,86,8.39
2025-07-10T04:04:34Z,930,,11.8,78.1,8.22,12.9,83.2,9.37
2025-07-10T06:05:18Z,1725,,20,60.6,10.47,17.8,67.8,10.29
2025-07-10T08:05:02Z,2715,,28.3,44.1,12.2,22.5,52.4,10.47
2025-07-10T10:04:36Z,1650,,30.5,32.7,10.2,21.1,55.2,10.17
2025-07-10T12:05:35Z,2835,,34.9,29.1,11.47,20.5,54.3,9.66
2025-07-10T14:06:12Z,1245,,27.4,34.1,8.98,19.6,57.4,9.69
2025-07-10T16:06:10Z,780,,26,34.8,8.48,19.1,61.3,10.05
2025-07-10T18:05:26Z,540,,20.1,43.7,7.59,16.7,72,10.23
2025-07-10T20:05:22Z,525,,15.7,64.4,8.61,14.6,84.4,10.56
2025-07-10T22:05:53Z,690,,14.4,70.7,8.74,14.3,84.8,10.41
2025-07-11T00:05:26Z,990,,14.3,75,9.21,14.4,83.1,10.27
2025-07-11T02:04:59Z,1080,,14.2,75.6,9.23,14.3,82,10.07
2025-07-11T04:04:15Z,1560,,16.3,74.8,10.37,15.9,77.2,10.45
2025-07-11T06:03:49Z,1260,,17.8,67.1,10.18,15.7,80.9,10.82
2025-07-11T08:04:07Z,1260,,19.3,65,10.78,16.2,82.9,11.43
2025-07-11T10:04:26Z,1335,,20.7,63.4,11.41,16.8,84.2,12.03
2025-07-11T12:03:40Z,1515,,23.5,58.8,12.44,18.3,81.4,12.72
2025-07-11T14:04:14Z,1950,,29.5,47.2,13.94,20.1,75.7,13.16
2025-07-11T16:03:57Z,1290,,29.1,43.9,12.69,21,74,13.55
2025-07-11T18:04:21Z,900,,23.3,55.9,11.69,19.9,78.3,13.45
2025-07-11T20:04:36Z,870,,19.2,70.2,11.57,18.6,83.7,13.32
2025-07-11T22:05:18Z,930,,18.3,77,12.04,18.6,85.5,13.6
2025-07-12T00:05:54Z,1170,,18.1,80.8,12.48,17.9,87.9,13.42
2025-07-12T02:05:18Z,1200,,17.4,84.2,12.47,17.4,90.8,13.45
2025-07-12T04:05:44Z,1395,,17.8,86.8,13.17,17.8,90.1,13.67
2025-07-12T06:06:18Z,1950,,22.5,82.7,16.52,21.9,79.8,15.4
2025-07-12T08:06:37Z,2340,,35,47.9,18.97,29.6,56.6,16.81
2025-07-12T10:06:34Z,2130,,41.3,34.3,18.74,29.9,56.8,17.15
2025-07-12T12:06:14Z,2130,,43.7,29,17.84,27.1,63,16.31
2025-07-12T14:06:59Z,1575,,38.6,33.1,15.78,24.4,72.4,16.12
2025-07-12T16:07:21Z,1185,,37.7,34.4,15.67,26.3,68.8,17.04
2025-07-12T18:08:03Z,600,,29.7,45.3,13.53,24.3,74.2,16.42
2025-07-12T20:07:32Z,555,,23,53.5,11.0,21.1,82.9,15.27
2025-07-12T22:07:12Z,540,,18.7,67,10.72,18.5,87.8,13.89
2025-07-13T00:07:07Z,525,,17.2,73.7,10.79,17.6,88.1,13.21
2025-07-13T02:07:40Z,900,,17.6,80.8,12.11,17.4,93.3,13.82
2025-07-13T04:08:23Z,1230,,19.6,85.5,14.43,19.9,90.2,15.49
2025-07-13T06:08:01Z,1680,,24.9,78,17.86,24.3,80.1,17.73
2025-07-13T08:07:41Z,2760,,37,47.6,20.91,29.4,60.7,17.83
2025-07-13T10:06:55Z,2775,,41,36,19.37,28.4,60,16.69
2025-07-13T12:07:01Z,2355,,45.8,28.3,19.28,27.3,65.1,17.04
2025-07-13T14:07:16Z,1980,,42.3,28,16.07,25.4,64.4,15.17
2025-07-13T16:08:06Z,1440,,38.6,30.4,14.5,25.5,63.8,15.11
2025-07-13T18:08:07Z,1095,,32.1,41.8,14.21,25.3,67.5,15.81
2025-07-13T20:07:56Z,600,,24.4,56.7,12.62,22.5,76.3,15.24
2025-07-13T22:07:48Z,540,,19.8,65.9,11.25,20.4,83.1,14.7
2025-07-14T00:07:41Z,540,,18.3,70.9,11.08,19,85,13.85
2025-07-14T02:08:31Z,525,,16.4,75.5,10.53,17.6,88.9,13.33
2025-07-14T04:08:29Z,1035,,19.7,83.1,14.11,22.3,79.8,15.76
2025-07-14T06:08:37Z,2385,,29.3,62.4,18.23,27.3,60.9,15.94
2025-07-14T08:08:12Z,2400,,39.3,38.5,19.02,31.9,49.1,16.51
2025-07-14T10:08:05Z,3090,,46.5,26.8,18.88,31.2,46.5,15.06
2025-07-14T12:07:42Z,2820,,47.6,23.3,17.3,27.7,55,14.72
2025-07-14T14:06:59Z,1890,,44.3,22.7,14.38,26.8,54.3,13.83
2025-07-14T16:06:18Z,990,,35.4,29.9,12.09,24.2,62.1,13.67
2025-07-14T18:06:07Z,750,,26.8,46.8,11.92,22.3,71.8,14.18
2025-07-14T20:05:24Z,540,,21,59,10.81,20.3,81.3,14.3
2025-07-14T22:05:06Z,525,,18.3,67.4,10.54,18.7,86.8,13.89
2025-07-15T00:05:37Z,525,,16.2,73,10.06,17.6,90.3,13.54
2025-07-15T02:04:50Z,930,,16.8,87.1,12.45,17.6,94.2,14.12
2025-07-15T04:04:10Z,1260,,19.3,91,15.09,21.3,86.5,16.12
2025-07-15T06:03:47Z,1980,,27.5,71.5,18.93,29.7,59.4,17.74
2025-07-15T08:04:27Z,3255,,38.6,40.2,19.17,33.5,39.7,14.53
2025-07-15T10:04:31Z,2655,,43.9,27.5,17.08,30.7,46.9,14.79
2025-07-15T12:05:19Z,3195,,44.8,25.7,16.68,27.7,48,12.85
2025-07-15T14:05:36Z,2325,,43.4,22.9,13.88,27.5,46.6,12.34
2025-07-15T16:06:10Z,735,,36.4,28.5,12.14,24.6,64.5,14.52
2025-07-15T18:06:45Z,540,,23.9,48,10.39,21.8,74.7,14.33
2025-07-15T20:06:02Z,540,,19.8,64.8,11.07,18.7,93.5,14.97
2025-07-15T22:06:18Z,540,,16.2,67.4,9.29,17.2,98.2,14.38
2025-07-16T00:07:07Z,540,,14.9,74.6,9.5,16.8,100,14.29
2025-07-16T02:06:23Z,525,,15.4,79.7,10.47,16.3,100,13.87
2025-07-16T04:06:23Z,540,,18.5,89.5,14.16,20.1,100,17.38
2025-07-16T06:06:52Z,615,,26.4,73,18.18,27.1,89.2,23.1
2025-07-16T08:06:48Z,1680,,38.3,47.1,22.12,31.8,66.1,22.11
2025-07-16T10:06:40Z,3405,,43.4,29.2,17.7,30.3,42.1,12.99
2025-07-16T12:06:30Z,3345,,45.3,22.1,14.7,27.3,42,11.0
2025-07-16T14:06:35Z,2355,,43.3,18.6,11.22,27.2,38.1,9.92
2025-07-16T16:06:55Z,1515,,38,21.6,9.99,27.1,39.9,10.33
2025-07-16T18:06:22Z,1050,,31.2,28.1,9.1,25.3,43.6,10.21
2025-07-16T20:06:25Z,540,,21.2,39.5,7.32,19.7,59.7,10.14
2025-07-16T22:07:10Z,525,,14.1,49,5.94,15.8,68,9.15
2025-07-17T00:07:05Z,525,,12.4,60.5,6.61,14.6,77.1,9.64
2025-07-17T02:06:35Z,525,,12.8,63.2,7.08,14,81.5,9.83
2025-07-17T04:06:53Z,930,,16.1,72.9,9.99,19.5,67.3,11.29
2025-07-17T06:06:41Z,1920,,26.7,56,14.18,29.7,45.4,13.56
2025-07-17T08:07:09Z,1935,,38.5,33.4,15.84,35.8,36.5,15.07
2025-07-17T10:07:00Z,2850,,45.5,24.3,16.32,33.9,36.8,13.76
2025-07-17T12:07:14Z,2865,,48.1,19.6,14.91,29.9,42,12.68
2025-07-17T14:07:58Z,1815,,41.4,22.3,12.24,28.5,42.5,11.89
2025-07-17T16:08:04Z,1170,,37.6,23.2,10.51,27.3,44,11.52
2025-07-17T18:08:50Z,615,,30.5,30.8,9.61,25.2,51.3,11.95
2025-07-17T20:08:45Z,540,,22.4,35.6,7.07,22.4,54.1,10.74
2025-07-17T22:08:52Z,540,,18.2,45.1,7.01,20.2,63.2,11.05
2025-07-18T00:08:08Z,525,,15.3,57.3,7.48,17.7,71.6,10.8
2025-07-18T02:07:47Z,540,,13.9,65.8,7.88,16,73.6,10.02
2025-07-18T04:07:16Z,1065,,16.2,72.2,9.95,20.1,63.1,10.97
2025-07-18T06:06:45Z,2325,,25.5,51.9,12.29,26.2,43.8,10.79
2025-07-18T08:06:08Z,3375,,35,31.4,12.44,27.3,33.9,8.88
2025-07-18T10:05:55Z,3390,,39.6,23.1,11.59,26.8,33.4,8.51
2025-07-18T12:06:09Z,3060,,41.3,20.2,11.03,24.1,40.3,8.82
2025-07-18T14:05:55Z,2340,,39.9,19.5,9.93,23.9,40.7,8.81
2025-07-18T16:05:37Z,1470,,35.1,21.5,8.56,23.5,41.8,8.84
2025-07-18T18:05:59Z,885,,28.5,27.6,7.72,22.7,44.3,8.95
2025-07-18T20:06:02Z,525,,19.7,38,6.45,18.4,57.8,9.09
2025-07-18T22:05:27Z,525,,14.6,51.3,6.42,15.6,67.6,8.99
2025-07-19T00:05:59Z,525,,14,60.4,7.28,15.3,70.5,9.2
2025-07-19T02:05:20Z,690,,13.6,68.2,8.02,14.8,76,9.62
2025-07-19T04:05:31Z,930,,16.6,72.4,10.22,18.6,73,11.62
2025-07-19T06:05:39Z,1785,,25.8,59.3,14.28,25.8,57.9,13.94
2025-07-19T08:05:02Z,3180,,35.8,37.6,15.53,27.9,44.7,12.1
2025-07-19T10:05:38Z,3225,,40.1,26.1,13.43,27.2,40,10.41
2025-07-19T12:06:36Z,3420,,41.4,22.2,12.19,24.9,39.1,8.95
2025-07-19T14:05:48Z,2670,,40.2,20,10.34,24.3,40.5,8.96
2025-07-19T16:05:28Z,1650,,35.7,22.5,9.24,24,42.8,9.31
2025-07-19T18:06:05Z,615,,29.1,29.2,8.44,23.2,49.2,10.23
2025-07-19T20:06:19Z,540,,19.6,40.6,6.85,19,61.5,10.02
2025-07-19T22:06:58Z,525,,14.5,49.8,6.19,16,71.9,9.79
2025-07-20T00:06:11Z,525,,13.1,62.7,7.15,14.3,79.2,9.73
2025-07-20T02:05:58Z,510,,12.7,69.2,7.7,13.8,82.3,9.8
2025-07-20T04:05:28Z,960,,15.5,76.9,10.16,18.5,72.2,11.42
2025-07-20T06:05:40Z,2160,,24.6,63.2,14.23,27.4,49.2,12.95
2025-07-20T08:05:38Z,3000,,34.6,35.7,13.85,30.4,36.6,11.35
2025-07-20T10:05:11Z,3420,,42.3,24.8,14.24,29.5,35.3,10.43
2025-07-20T12:05:20Z,3240,,44.6,20.2,12.98,26.7,39.6,10.03
2025-07-20T14:06:05Z,2295,,40.8,20,10.66,25.8,39.8,9.59
2025-07-20T16:06:10Z,1650,,37.5,23,10.37,25.8,43.3,10.43
2025-07-20T18:05:34Z,720,,31.2,28.4,9.2,25.5,46.5,11.01
2025-07-20T20:05:45Z,540,,22.4,36.6,7.27,22,53.8,10.44
2025-07-20T22:05:06Z,540,,17.5,52.7,7.85,19.1,62.2,10.19
2025-07-21T00:04:56Z,525,,15.7,62.6,8.37,16.9,72.7,10.45
2025-07-21T02:05:30Z,870,,16.1,67.8,9.29,17,73.8,10.67
2025-07-21T04:04:47Z,1065,,18.1,68.1,10.52,19.5,69.2,11.61
2025-07-21T06:04:18Z,1800,,24.6,59.5,13.39,24.5,58.1,13.01
2025-07-21T08:04:22Z,2130,,34.2,39,14.81,28.6,48.2,13.56
2025-07-21T10:05:12Z,1965,,37,32.5,14.28,27.3,51.5,13.48
2025-07-21T12:05:23Z,1020,,30,44.9,13.63,23.4,72.7,15.29
2025-07-21T14:04:38Z,1080,,26.3,56.1,13.89,22.7,75.6,15.27
2025-07-21T16:05:20Z,600,,25.2,56.3,13.11,21.8,82.9,15.9
2025-07-21T18:05:07Z,810,,23.6,64.1,13.63,22.2,81,15.9
2025-07-21T20:04:37Z,810,,20.7,70.9,12.76,20.5,83.8,14.91
2025-07-21T22:05:11Z,765,,18.2,74,11.5,18.8,84.3,13.57
2025-07-22T00:05:51Z,1200,,18.1,78.9,12.19,18.4,83.2,13.08
2025-07-22T02:05:50Z,1065,,18.1,80,12.36,18.3,87.5,13.68
2025-07-22T04:06:34Z,1200,,18.3,83.8,13.1,17.6,93.8,14.06
2025-07-22T06:07:27Z,1590,,19.7,88.4,15.01,18.9,93.4,15.13
2025-07-22T08:07:26Z,1965,,25.1,73.3,16.97,21.6,83.7,15.87
2025-07-22T10:07:53Z,2370,,34.5,49.1,18.94,26.1,67.8,16.6
2025-07-22T12:08:43Z,3255,,39.8,35.8,18.14,26.8,54.4,13.85
2025-07-22T14:08:16Z,1875,,36,32.2,13.43,27.1,49.9,12.92
2025-07-22T16:08:17Z,1575,,36.3,31.1,13.18,27.1,52,13.46
2025-07-22T18:09:01Z,540,,26.6,46.2,11.63,23,69.4,14.26
2025-07-22T20:09:04Z,540,,21,56.6,10.37,21.2,76.8,14.23
2025-07-22T22:09:04Z,600,,18.9,71.5,11.58,19.6,82.5,13.92
2025-07-23T00:09:12Z,705,,18,75,11.52,18.5,86.5,13.68
2025-07-23T02:09:10Z,840,,17.1,78.6,11.44,17.6,88.3,13.24
2025-07-23T04:08:53Z,1170,,19.1,83.7,13.72,20.4,83.8,14.82
2025-07-23T08:09:26Z,2220,,37.4,41.2,18.48,33,47,16.76
2025-07-23T10:10:07Z,2280,,37,34.3,15.07,28.1,49,13.41
2025-07-23T12:10:17Z,3165,,41.2,32.4,17.61,26.6,55.2,13.9
2025-07-23T14:10:26Z,2835,,40.8,27.1,14.44,26,50.4,12.27
2025-07-23T16:09:41Z,1485,,35.8,28.6,11.81,25.7,50.9,12.19
2025-07-23T18:09:56Z,885,,29.7,36.3,10.84,24.8,55.3,12.59
2025-07-23T20:10:05Z,540,,21.3,49.3,9.19,20.5,69.7,12.4
2025-07-23T22:10:01Z,540,,16.5,61.2,8.59,18,79.7,12.24
2025-07-24T00:09:42Z,525,,14.9,67,8.54,16.8,85.7,12.25
2025-07-24T02:09:20Z,540,,15,79.5,10.19,16.7,90.4,12.84
2025-07-24T04:08:53Z,1095,,18.4,86.3,13.57,21.1,81,14.92
2025-07-24T06:08:52Z,2085,,26.9,70,17.92,29.9,54.7,16.51
2025-07-24T08:08:49Z,3390,,38.4,39.1,18.45,33.7,36.2,13.39
2025-07-24T10:08:36Z,3270,,44.3,24.3,15.39,31.7,35.5,11.81
2025-07-24T12:07:59Z,3390,,47.3,20.9,15.3,27.9,41.7,11.29
2025-07-24T14:08:19Z,2775,,44.1,20.1,12.61,27.7,40.3,10.79
2025-07-24T16:08:47Z,2100,,38.9,21.9,10.6,27.5,37.2,9.85
2025-07-24T18:08:27Z,930,,31.5,32.7,10.76,25.8,51.5,12.4
2025-07-24T20:07:56Z,540,,21.4,44.5,8.34,20.8,66,11.95
2025-07-24T22:07:18Z,540,,15.9,54.2,7.34,17.7,75.9,11.45
2025-07-25T00:07:21Z,525,,14,61.6,7.43,15.8,81.8,11.01
2025-07-25T04:08:00Z,540,,16.4,76.4,10.66,19.8,79.2,13.52
2025-07-25T06:07:57Z,2310,,26.8,69.2,17.62,30.4,50.2,15.57
2025-07-25T08:07:41Z,2145,,38.6,35.1,16.74,36.1,36.6,15.35
2025-07-25T10:06:47Z,3180,,46.6,23.6,16.71,33.9,34.6,12.94
2025-07-25T12:06:26Z,2940,,46.6,19.9,14.09,29.9,39,11.77
2025-07-25T14:07:01Z,2295,,44.6,19.2,12.34,28.7,39.1,11.06
2025-07-25T16:07:13Z,1680,,39.9,21.5,10.95,27.7,40.8,10.92
2025-07-25T18:06:36Z,900,,31.4,30.7,10.05,26.5,46.7,11.7
2025-07-25T20:06:05Z,540,,22.7,40.3,8.14,22,60.7,11.78
2025-07-25T22:06:22Z,525,,17.2,51.1,7.48,18.7,71.4,11.43
2025-07-26T00:06:43Z,525,,15.3,58.2,7.6,17.1,77.2,11.23
2025-07-26T02:07:20Z,525,,14,63.7,7.68,16,82.5,11.24
2025-07-26T04:07:54Z,540,,17.3,72.7,10.71,20.9,74,13.48
2025-07-26T06:08:11Z,1620,,27.5,61.5,16.28,28.6,58.1,16.34
2025-07-26T08:08:51Z,2490,,38.3,37.2,17.47,32.8,42.6,15.03
2025-07-26T10:08:46Z,2385,,43.3,26.8,16.16,30.5,45.6,14.22
2025-07-26T12:08:52Z,2310,,44.3,23.6,14.95,27.4,51,13.43
2025-07-26T14:08:31Z,1650,,41.7,24.4,13.6,26.9,53.5,13.7
2025-07-26T16:08:56Z,1080,,37.1,29.3,12.94,25.8,59.8,14.4
2025-07-26T18:08:54Z,615,,29.3,39.3,11.48,24.5,65.2,14.59
2025-07-26T20:09:38Z,540,,21.7,51.7,9.86,21.4,75.5,14.15
2025-07-26T22:09:13Z,540,,18.2,60.1,9.34,19.3,81.4,13.5
2025-07-27T00:09:42Z,525,,15.9,64.8,8.77,17.6,85.5,12.82
2025-07-27T02:09:01Z,525,,14.9,69.2,8.82,16.6,88.2,12.45
2025-07-27T04:09:31Z,525,,18.2,79.7,12.38,21,83.4,15.28
2025-07-27T06:09:26Z,2145,,27.6,70.6,18.79,29.7,57.1,17.05
2025-07-27T08:09:07Z,2415,,38.1,38.6,17.94,30.6,49.8,15.62
2025-07-27T10:09:43Z,2985,,41.5,32.1,17.71,28.2,53,14.58
2025-07-27T12:10:23Z,2460,,44.3,23.4,14.82,27.1,49.9,12.92
2025-07-27T14:11:00Z,2175,,42,23.1,13.07,26.3,48.2,11.94
2025-07-27T16:11:40Z,975,,36,29.6,12.35,25.2,60,13.97
2025-07-27T18:11:33Z,615,,28.5,32.4,9.06,24.1,69.7,15.25
2025-07-27T20:11:15Z,555,,22.7,42.2,8.53,22.5,77,15.38
2025-07-27T22:10:49Z,540,,19.3,57.5,9.53,20.9,82.9,15.1
2025-07-28T00:10:19Z,540,,17.3,67.5,9.94,19,87.4,14.24
2025-07-28T02:09:59Z,540,,16.3,73.3,10.17,18.1,90.5,13.98
2025-07-28T04:09:59Z,540,,18.2,79.5,12.35,20,89.3,15.43
2025-07-28T06:10:48Z,1095,,25.4,65.7,15.47,25.7,71.3,17.08
2025-07-28T08:10:40Z,2370,,35.7,45.4,18.65,27.3,62.8,16.44
2025-07-28T10:10:19Z,2505,,40.8,33.4,17.8,27,59.5,15.32
2025-07-28T12:10:43Z,2535,,43.1,29.5,17.62,26.6,59.6,15.01
2025-07-28T14:11:12Z,1305,,38.9,29,14.04,25.3,63.9,14.96
2025-07-28T16:10:44Z,735,,34.8,31.4,12.31,25.2,63.4,14.76
2025-07-28T18:09:56Z,615,,28.1,36,9.85,24.3,68,15.05
2025-07-28T20:09:57Z,540,,22.8,44.1,8.96,22.8,75.6,15.36
2025-07-28T22:10:47Z,555,,21.5,54,10.18,22.3,80,15.8
2025-07-29T00:10:56Z,555,,22.1,49.2,9.6,22.2,81.5,16.0
2025-07-29T02:11:06Z,540,,21.5,53.7,10.13,21.6,89.1,16.9
2025-07-29T04:11:01Z,555,,22.5,58.6,11.7,21.5,91.4,17.23
2025-07-29T06:11:25Z,750,,25.2,62.2,14.48,22.2,87.2,17.12
2025-07-29T08:11:13Z,2235,,31.5,58.8,19.35,24,79.2,17.23
2025-07-29T10:11:29Z,960,,29.4,51.9,15.25,23,84,17.27
2025-07-29T12:10:47Z,555,,25.2,55.9,13.02,22.7,87.8,17.74
2025-07-29T14:11:17Z,1095,,28.2,55.1,15.16,24.2,76.3,16.79
2025-07-29T16:10:40Z,1350,,28.8,53.7,15.27,24.1,73.6,16.11
2025-07-29T18:10:33Z,1005,,24.7,61.8,13.99,23.1,75.6,15.63
2025-07-29T20:09:40Z,780,,22,67.6,13.12,22.3,78.7,15.54
2025-07-29T22:10:21Z,600,,19.9,75.2,12.92,21.5,83.5,15.74
2025-07-30T00:09:46Z,615,,19.7,75.7,12.85,20.2,89,15.56
2025-07-30T02:10:13Z,780,,19.1,79.9,13.09,19.5,91.5,15.35
2025-07-30T04:10:52Z,1080,,20.8,80,14.48,21,87.8,16.08
2025-07-30T06:10:35Z,2100,,27.4,71.5,18.82,25.3,73.5,17.21
2025-07-30T08:10:54Z,2175,,31.3,57.3,18.66,25.6,70.8,16.86
2025-07-30T10:10:44Z,3390,,41.6,40.3,22.35,28.6,55.5,15.61
2025-07-30T12:10:08Z,2400,,41.3,31.7,17.32,27.3,57.8,15.13
2025-07-30T14:10:30Z,2310,,41.2,29.2,15.87,27.6,52.9,14.08
2025-07-30T16:10:23Z,1335,,35.9,30.5,12.66,27.5,50.8,13.45
2025-07-30T18:11:03Z,615,,29.6,35.7,10.6,26.4,56.1,13.97
2025-07-30T20:10:50Z,540,,24.2,39.2,8.63,24.2,66,14.53
2025-07-30T22:10:35Z,540,,20.4,59.5,10.52,21.8,73.3,14.06
2025-07-31T00:10:34Z,525,,18.9,68.2,11.05,20.9,76,13.84
2025-07-31T02:11:06Z,525,,18.7,73.1,11.7,20.3,83,14.59
2025-07-31T04:11:35Z,1035,,20.8,83.6,15.14,23.2,81.2,16.88
2025-07-31T06:11:56Z,1635,,28,65.7,17.88,27.7,66.9,17.91
2025-07-31T08:12:23Z,3345,,38,47.3,21.87,31.3,49.8,16.21
2025-07-31T10:11:44Z,3120,,43.1,30.6,18.27,30.4,46.6,14.45
2025-07-31T12:12:14Z,1515,,40.9,28.4,15.21,27.5,59,15.62
2025-07-31T14:11:42Z,735,,34.7,33.5,13.06,25.2,67.1,15.63
2025-07-31T16:10:55Z,795,,32.5,37.4,12.98,25,66.7,15.36
2025-07-31T18:11:09Z,615,,28.2,43.4,11.94,24.3,70.7,15.65
2025-07-31T20:11:39Z,555,,22.9,47.1,9.63,22.9,78,15.94
2025-07-31T22:12:05Z,540,,19.6,63.8,10.77,20.5,84.3,15.0
2025-08-01T00:12:01Z,525,,18.5,73.1,11.56,19.2,88.1,14.52
2025-08-01T02:11:59Z,525,,17.3,75.4,11.1,18.6,90.8,14.45
2025-08-01T04:12:47Z,795,,19.2,78.2,12.89,20,87.5,15.12
2025-08-01T06:12:08Z,1605,,24,69.9,15.21,22.6,76,15.27
2025-08-01T08:12:17Z,2025,,29.2,54.7,15.9,23.6,69.5,14.78
2025-08-01T10:12:50Z,3405,,38.4,41.9,19.78,26,56.5,13.76
2025-08-01T12:13:27Z,1305,,34,36.2,13.61,24.3,65.6,14.52
2025-08-01T14:13:52Z,1560,,35.6,33.5,13.69,23.9,64.3,13.91
2025-08-01T16:13:29Z,615,,29.8,37.9,11.38,22.8,72.8,14.79
2025-08-01T18:13:17Z,600,,24.8,41.3,9.4,21,84.8,15.53
2025-08-01T20:13:41Z,540,,21.5,53.9,10.16,20.2,88,15.38
2025-08-01T22:14:24Z,540,,20.2,62.6,10.94,19.3,89,14.76
2025-08-02T00:14:55Z,540,,19.1,68.8,11.28,18.4,89.9,14.14
2025-08-02T02:15:09Z,645,,18.2,72.6,11.28,17,93.5,13.52
2025-08-02T04:14:45Z,900,,17,77.3,11.18,15.7,95.4,12.76
2025-08-02T06:14:01Z,1395,,20.2,79.8,13.95,18.7,90,14.4
2025-08-02T08:13:55Z,1935,,27.1,60.9,15.77,23.8,69.1,14.87
2025-08-02T10:14:16Z,3435,,36.8,36.5,15.87,25.6,49.2,11.72
2025-08-02T12:13:47Z,2400,,37.2,28.2,12.52,23.4,51.8,10.89
2025-08-02T14:13:07Z,1815,,35.7,26.8,11.01,22.4,53.3,10.59
2025-08-02T16:13:23Z,1125,,31.3,31.8,10.35,22.5,57.1,11.41
2025-08-02T18:12:41Z,555,,24.9,40.2,9.2,21,63,11.54
2025-08-02T20:13:04Z,540,,18.6,51,8.11,18.5,76.7,12.13
2025-08-02T22:13:35Z,525,,14.9,59.9,7.63,16,85.1,11.59
2025-08-03T00:13:18Z,525,,12.9,66.2,7.46,14.6,89.5,11.2
2025-08-03T02:13:00Z,525,,12,69.8,7.44,13.8,93,11.08
2025-08-03T04:12:50Z,540,,14.3,79.5,9.76,17.5,89,13.26
2025-08-03T06:12:40Z,2205,,22.8,82.1,16.68,25.1,64.7,14.98
2025-08-03T08:12:59Z,3240,,33.8,45.3,16.85,27.4,49.2,12.95
2025-08-03T10:12:15Z,2370,,38.7,29.9,14.33,26.7,49.8,12.61
2025-08-03T12:11:48Z,2340,,41.3,26.6,14.53,25.5,54.2,12.84
2025-08-03T14:12:29Z,1605,,38.5,27.8,13.19,24.5,59.7,13.36
2025-08-03T16:12:56Z,630,,31.8,30.8,10.3,23.6,63.2,13.44
2025-08-03T18:13:15Z,555,,24.8,33.4,7.6,22.1,72.3,14.11
2025-08-03T20:12:34Z,540,,19.8,48,8.2,20.6,79.9,14.3
2025-08-03T22:12:22Z,540,,18.9,53.7,8.7,20.1,84.7,14.72
2025-08-04T00:11:52Z,540,,17.8,62.3,9.45,19.2,87.3,14.39
2025-08-04T02:11:55Z,525,,16.5,68.2,9.57,18.8,89.1,14.35
2025-08-04T04:12:22Z,540,,19.2,62.6,10.32,21.2,87,16.12
2025-08-04T06:12:46Z,960,,25,59.9,13.79,26.2,63.5,15.64
2025-08-04T08:13:18Z,3060,,34.8,46.1,18.07,27.4,54.5,14.35
2025-08-04T10:13:46Z,2940,,40.4,33,17.23,27.7,53.2,14.24
2025-08-04T12:13:37Z,2160,,41.5,28.9,15.95,27.2,56,14.58
2025-08-04T14:14:26Z,960,,37.8,27.7,12.68,25.9,59.5,14.41
2025-08-04T16:14:00Z,540,,23.2,44.4,9.23,19.1,84.9,13.91
2025-08-04T18:13:26Z,540,,20.4,55.5,9.82,18.9,91.3,14.79
2025-08-04T20:14:07Z,540,,18.3,60.2,9.41,17.8,91.9,13.94
2025-08-04T22:13:35Z,540,,17.1,65.6,9.55,17.5,91.2,13.59
2025-08-05T00:13:47Z,540,,15.6,75.5,10.04,17.1,97.4,14.17
2025-08-05T02:13:42Z,525,,17,77.7,11.24,17.7,97.2,14.66
2025-08-05T04:14:23Z,735,,18.2,77.8,12.09,17.8,94.2,14.29
2025-08-05T06:14:48Z,1350,,19.8,80.6,13.76,19,89,14.5
2025-08-05T08:14:04Z,1740,,25.8,57.2,13.78,21.2,72.8,13.49
2025-08-05T10:13:19Z,1605,,27,47.8,12.31,20.5,69.1,12.29
2025-08-05T12:12:32Z,1485,,28,46.2,12.57,20.9,70.5,12.84
2025-08-05T14:13:09Z,600,,23.7,50.4,10.78,19.3,78.9,13.08
2025-08-05T16:12:50Z,540,,20.1,64.4,11.19,17.5,95.6,14.25
2025-08-05T18:12:01Z,540,,18.9,69.4,11.24,17.6,94.7,14.2
2025-08-05T20:12:38Z,540,,16.6,73.7,10.41,16.5,94.3,13.24
2025-08-05T22:12:29Z,525,,14.7,74,9.31,15,92.4,11.84
2025-08-06T00:13:13Z,540,,12.4,81.7,8.92,14,96.3,11.61
2025-08-06T02:13:06Z,585,,14.3,84,10.32,15.4,94.9,12.46
2025-08-06T04:12:30Z,1200,,15.6,84.2,11.19,16.4,86.2,12.03
2025-08-06T06:13:09Z,2880,,19.9,74,12.71,20.2,59,10.31
2025-08-06T08:13:28Z,1845,,21.9,56.8,10.96,19.3,63.5,10.53
2025-08-06T10:13:29Z,2415,,28.2,42.2,11.61,20.2,57.1,9.98
2025-08-06T12:13:43Z,2190,,29.5,36.1,10.66,19.5,57.7,9.68
2025-08-06T14:14:28Z,1875,,28.1,33.4,9.14,18.6,54.6,8.69
2025-08-06T16:13:52Z,1080,,24.1,37.4,8.18,17.7,60.1,9.06
2025-08-06T18:13:37Z,525,,18.4,46.8,7.36,16,70.6,9.62
2025-08-06T20:13:42Z,540,,15.2,56.5,7.33,14.7,81.5,10.26
2025-08-06T22:13:06Z,525,,14,63.6,7.67,12.8,89.6,10.03
2025-08-07T00:13:26Z,540,,12.7,66.1,7.36,12.4,92.5,10.1
2025-08-07T02:13:44Z,525,,10.6,71.6,6.99,11.2,94.7,9.6
2025-08-07T04:13:49Z,525,,11.4,83.8,8.6,14,92.2,11.12
2025-08-07T06:13:57Z,2040,,19.2,84.7,13.96,21.8,67.1,12.87
2025-08-07T08:14:15Z,2925,,28.9,47.4,13.55,25.6,46.9,11.17
2025-08-07T10:14:37Z,2160,,30.6,37.6,11.79,22.7,52.8,10.67
2025-08-07T12:14:56Z,1875,,32.8,32.5,11.46,21.5,58.4,11.01
2025-08-07T14:15:44Z,1650,,32.3,31.8,10.92,21,59.4,10.88
2025-08-07T16:14:59Z,840,,27,37.3,9.6,19.3,67.3,11.16
2025-08-07T18:14:33Z,540,,20.5,46.2,8.22,17.3,72.7,10.71
2025-08-07T22:14:42Z,525,,11.9,63.6,6.73,12.4,86,9.39
2025-08-08T00:14:39Z,525,,10.7,68.8,6.76,11.4,90.1,9.24
2025-08-08T02:14:32Z,525,,10.5,71.2,6.9,11.2,93.4,9.46
2025-08-08T04:13:54Z,525,,12.5,78.6,8.64,13.6,94.3,11.09
2025-08-08T06:14:06Z,1275,,18.3,80.2,12.54,18.1,86.3,13.33
2025-08-08T08:13:58Z,2055,,21.8,73.5,14.1,19.3,78,12.93
2025-08-08T10:13:18Z,1125,,25.2,45.7,10.64,19.2,70.7,11.65
2025-08-08T12:12:56Z,3105,,26.6,61,15.36,17.5,80,11.92
2025-08-08T14:13:03Z,795,,26.8,39.2,9.98,17,81.6,11.8
2025-08-08T16:13:32Z,1275,,20.5,61,10.85,16,84.9,11.56
2025-08-08T18:13:26Z,600,,17,65.9,9.53,14.8,91.9,11.64
2025-08-08T20:13:49Z,540,,11.9,69.9,7.4,12.6,94.6,10.46
2025-08-08T22:14:36Z,525,,10,74,6.95,11.1,96.9,9.76
2025-08-09T00:14:41Z,540,,10.7,75.5,7.41,11.2,98.8,10.01
2025-08-09T02:14:24Z,525,,9,77.1,6.8,10.2,99.7,9.48
2025-08-09T04:15:02Z,525,,10.5,82.6,8.01,12.1,99.3,10.64
2025-08-09T06:15:29Z,1620,,18.3,92.6,14.47,19.8,84.4,14.41
2025-08-09T08:16:06Z,2400,,29.4,58.2,17.1,25.4,63.2,14.88
2025-08-09T10:16:02Z,2280,,33.5,39.9,14.61,23.8,60.4,12.99
2025-08-09T12:16:32Z,2385,,35.4,33.9,13.71,23,58.4,12.0
2025-08-09T14:16:43Z,1290,,32.7,34.1,11.96,21.5,67.6,12.75
2025-08-09T16:16:37Z,885,,28.2,38.2,10.51,20.8,67.3,12.18
2025-08-09T18:16:10Z,540,,20.8,43.9,7.95,17.8,68.7,10.42
2025-08-09T20:16:46Z,525,,15.1,55.8,7.2,14.8,82.3,10.42
2025-08-09T22:17:28Z,540,,11.8,62.4,6.56,12.7,89,9.9
2025-08-10T00:16:57Z,525,,11,68.6,6.86,11.8,91.6,9.64
2025-08-10T02:16:13Z,525,,9.6,70.8,6.48,10.6,94.3,9.2
2025-08-10T04:15:34Z,525,,11.8,76.6,8.06,12.3,96.2,10.44
2025-08-10T06:15:47Z,1200,,17.8,81.5,12.37,17.3,90.1,13.27
2025-08-10T08:15:26Z,2355,,24.9,66.7,15.27,21.7,70.3,13.41
2025-08-10T10:15:07Z,1905,,32.4,36.7,12.67,23.9,55.7,12.05
2025-08-10T12:15:56Z,1485,,25.1,53.4,12.37,20,73.3,12.66
2025-08-10T14:15:33Z,1740,,26.6,47.4,11.94,18.8,72.5,11.67
2025-08-10T16:16:09Z,1155,,25.5,47,11.13,19,74.5,12.14
2025-08-10T18:15:43Z,600,,20.3,53.2,9.35,17.3,76.5,11.27
2025-08-10T20:15:23Z,540,,14.8,65,8.23,14.7,81.3,10.23
2025-08-10T22:15:39Z,705,,11.9,76.5,8.1,12.4,88.5,9.67
2025-08-11T00:15:22Z,765,,11.8,79.3,8.34,11.8,92.5,9.73
2025-08-11T02:15:38Z,885,,11.2,83.4,8.45,11.2,95.9,9.72
2025-08-11T04:15:02Z,1080,,12.3,90.5,9.82,13.2,94.3,10.82
2025-08-11T06:15:25Z,2070,,18.1,89.3,13.79,20.6,70.3,12.58
2025-08-11T08:15:15Z,1935,,28.4,49.6,13.8,25.9,54.1,13.1
2025-08-11T10:15:47Z,2145,,34.6,28.4,11.02,23.8,46.7,10.05
2025-08-11T12:15:32Z,2235,,35.6,26.1,10.67,21.9,49.6,9.57
2025-08-11T14:14:41Z,1635,,34.7,22.6,8.81,21.3,47.2,8.8
2025-08-11T16:14:40Z,945,,28.4,28.6,7.96,20.6,50.9,9.11
2025-08-11T18:15:08Z,555,,20.8,39.2,7.1,18.1,58.8,9.08
2025-08-11T20:14:44Z,525,,14,48.7,5.87,14.4,70.1,8.66
2025-08-11T22:14:19Z,540,,11.6,58.8,6.11,12.1,77.7,8.33
2025-08-12T00:13:57Z,525,,11,62.2,6.22,11.1,83.9,8.45
2025-08-12T02:14:41Z,525,,10.1,64.8,6.13,10,87.6,8.23
2025-08-12T04:14:04Z,525,,11.2,69.4,7.03,10.8,89,8.79
2025-08-12T06:14:44Z,795,,14,72.2,8.71,12.9,90,10.14
2025-08-12T08:14:14Z,1695,,18.2,76.6,11.9,16.8,81.9,11.7
2025-08-12T10:14:00Z,2895,,34,36.6,13.76,21.9,59,11.38
2025-08-12T12:13:19Z,540,,18.4,53.7,8.44,12.4,96.2,10.51
2025-08-12T14:13:02Z,1380,,25.3,51.5,12.06,15.3,96.6,12.61
2025-08-12T16:12:58Z,945,,24,51.1,11.12,16,92.2,12.56
2025-08-12T18:12:53Z,540,,18.1,59.4,9.17,14.5,94.7,11.77
2025-08-12T20:13:02Z,540,,12.6,72,7.96,12.4,98.7,10.78
2025-08-12T22:13:26Z,540,,11.5,79.3,8.19,11.6,97.5,10.13
2025-08-13T00:13:52Z,525,,10.3,81.9,7.84,10.3,99.2,9.5
2025-08-13T02:13:19Z,690,,9.4,83.7,7.57,9.3,100,8.98
2025-08-13T04:13:42Z,765,,10.7,89.7,8.81,11.8,97.8,10.29
2025-08-13T06:14:13Z,2070,,17.3,91.9,13.53,19.7,73.1,12.41
2025-08-13T08:13:51Z,1875,,27.9,47.5,12.85,25.8,51.1,12.31
2025-08-13T10:14:07Z,2025,,35.1,29,11.55,23.8,50.1,10.78
2025-08-13T12:13:44Z,2235,,37.9,22,10.12,21.7,47.6,9.08
2025-08-13T14:13:04Z,1395,,34.3,22.8,8.71,21.3,48.8,9.1
2025-08-13T16:13:11Z,720,,29.1,27.1,7.83,20.7,52.2,9.4
2025-08-13T18:14:11Z,540,,21.4,36.9,6.92,18.1,65.6,10.13
2025-08-13T20:13:51Z,525,,14.3,48.2,5.92,14.6,74.9,9.37
2025-08-13T22:13:27Z,525,,11.4,56.4,5.79,12.2,84.4,9.1
2025-08-14T00:13:29Z,525,,9.7,61.1,5.63,10.8,89.1,8.8
2025-08-14T02:14:15Z,525,,8.8,65.2,5.67,9.9,91.5,8.54
2025-08-14T04:14:33Z,525,,9.7,72.4,6.67,11.7,91.3,9.55
2025-08-14T06:14:55Z,1230,,17.6,77.2,11.57,16,90.9,12.38
2025-08-14T08:15:15Z,2280,,29.8,54.7,16.42,26.3,58.9,14.59
2025-08-14T10:15:54Z,2205,,36.2,35.2,14.84,24.8,59.3,13.5
2025-08-14T12:15:11Z,1665,,35.8,32.4,13.38,22.6,66.5,13.36
2025-08-14T14:14:23Z,1365,,33.6,32.6,12.0,22.4,63.5,12.61
2025-08-14T16:14:38Z,975,,29.9,32.5,9.81,21.8,58.1,11.15
2025-08-14T18:14:36Z,540,,22.8,42.9,8.72,19.5,67.9,11.39
2025-08-14T20:14:10Z,540,,15.8,53.3,7.17,16.3,79.7,11.05
2025-08-14T22:13:39Z,525,,12.8,61.6,6.9,14.4,87.2,10.77
2025-08-15T00:14:09Z,540,,11.5,67.9,7.01,13.1,90.6,10.33
2025-08-15T02:14:16Z,540,,11.7,75.8,7.93,13,94.2,10.68
2025-08-15T04:14:18Z,525,,13.7,80.9,9.58,15.6,94.5,12.56
2025-08-15T06:14:26Z,1785,,18.6,83.1,13.22,20.1,73.7,12.81
2025-08-15T08:14:30Z,1830,,27.5,46.8,12.39,22.5,59.8,11.94
2025-08-15T10:13:49Z,2415,,33.9,39.5,14.77,23.3,61.5,12.86
2025-08-15T12:14:31Z,1530,,35,33.1,13.11,23.5,63.6,13.45
2025-08-15T14:13:56Z,1350,,33.4,34.4,12.53,24,60.5,13.16
2025-08-15T16:13:58Z,750,,26.9,41.7,10.68,22.6,63.6,12.78
2025-08-15T18:13:23Z,540,,22.4,51.5,10.23,20,76,13.13
2025-08-15T20:13:01Z,540,,18.4,61.5,9.67,17.1,90.9,13.23
2025-08-15T22:13:49Z,540,,18.1,71.5,11.04,17.4,97.2,14.4
2025-08-16T00:14:00Z,540,,17.7,76.2,11.49,17.1,97.1,14.13
2025-08-16T02:13:38Z,1125,,15.4,76.5,10.05,13.6,92.4,10.87
2025-08-16T04:14:18Z,1080,,13,82.2,9.32,12.3,94.2,10.22
2025-08-16T06:15:02Z,1485,,16.1,77.1,10.56,15.3,82.8,10.81
2025-08-16T08:15:32Z,1620,,23.1,42.9,8.87,18.4,56.3,8.85
2025-08-16T10:15:18Z,1725,,25.1,37.7,8.73,18.1,55.3,8.54
2025-08-16T12:15:30Z,1905,,29.2,30.1,8.75,17.8,55.3,8.39
2025-08-16T14:15:24Z,600,,21.6,37.9,7.19,13.7,74,8.76
2025-08-16T16:15:20Z,525,,16.3,50.5,7.0,12.9,77.2,8.7
2025-08-16T18:15:03Z,525,,14.5,53.1,6.6,12,82.8,8.82
2025-08-16T20:15:02Z,540,,12.6,64.1,7.09,11.2,89.5,9.07
2025-08-16T22:14:55Z,795,,11.8,74.7,7.86,10.7,92.9,9.12
2025-08-17T00:14:40Z,1155,,11.4,82.5,8.46,10.3,95.2,9.11
2025-08-17T02:15:05Z,1245,,11.5,82.8,8.55,10.1,96.3,9.1
2025-08-17T04:15:17Z,1485,,11.8,85.7,9.02,10.2,96.3,9.16
2025-08-17T06:15:59Z,1620,,13.8,82,9.77,11.7,93.3,9.75
2025-08-17T08:16:29Z,1845,,21.6,54.3,10.3,16.6,70.5,9.96
2025-08-17T10:16:57Z,1905,,29.4,34.1,10.02,18.8,59.6,9.6
2025-08-17T12:17:47Z,1410,,28.6,31.9,8.97,18,60.5,9.29
2025-08-17T14:17:40Z,945,,26.1,33.8,8.28,18.7,58.6,9.38
2025-08-17T16:18:15Z,1185,,24.8,36.6,8.33,18.5,57.1,9.03
2025-08-17T18:17:25Z,765,,18.2,55.1,8.56,16,74.1,10.09
2025-08-17T20:17:01Z,1260,,15.4,74.9,9.84,14.4,84.3,10.42
2025-08-17T22:17:06Z,1335,,15.2,75.1,9.74,13.7,86.3,10.22
2025-08-18T00:16:51Z,1320,,14.4,76.5,9.45,13.3,86.4,9.98
2025-08-18T02:17:20Z,1380,,14.3,77.5,9.52,13,87.3,9.9
2025-08-18T04:18:09Z,1455,,14.5,77.4,9.62,13.1,86.5,9.87
2025-08-18T06:18:43Z,1560,,17.2,69.1,10.12,14,84.3,10.16
2025-08-18T08:18:22Z,1950,,22,58.5,11.35,18.4,67.6,10.63
2025-08-18T10:19:12Z,2250,,32.9,28.2,10.0,20.6,49.4,8.84
2025-08-18T12:19:38Z,1950,,34.7,23.7,9.24,19.8,51.1,8.73
2025-08-18T14:19:53Z,1425,,31.7,24,7.98,19.8,48.7,8.32
2025-08-18T16:19:36Z,855,,27.6,30.7,8.17,20,54.8,9.47
2025-08-18T18:19:04Z,540,,18.7,42.8,6.85,16.5,68.8,9.66
2025-08-18T20:19:40Z,525,,14,54.6,6.58,14.1,77.4,9.39
2025-08-18T22:20:04Z,540,,13.1,64.7,7.38,13.4,81.9,9.52
2025-08-19T00:20:49Z,540,,11.4,67.1,6.88,11.6,86.2,8.96
2025-08-19T02:20:07Z,525,,9.7,70.5,6.5,10.2,91.1,8.67
2025-08-19T04:20:59Z,540,,11.2,80.2,8.13,12.2,92.1,9.93
2025-08-19T06:20:49Z,1965,,18.1,80,12.36,18.2,73.8,11.47
2025-08-19T08:21:29Z,1785,,27.7,42.9,11.48,23,54.1,11.12
2025-08-19T10:20:54Z,1560,,30.6,31.4,9.85,20.7,55.4,9.97
2025-08-19T12:21:31Z,1350,,30.6,27.5,8.62,20,52.4,9.05
2025-08-19T14:20:53Z,990,,25.3,31.7,7.42,19,51.4,8.37
2025-08-19T16:20:51Z,1110,,24.7,32.6,7.38,17.9,53,8.09
2025-08-19T18:21:31Z,540,,16,46.4,6.32,14.1,64.9,7.87
2025-08-19T20:20:59Z,690,,12.4,62,6.77,12.5,73.2,8.04
2025-08-19T22:20:18Z,1020,,11.4,69.3,7.11,11.4,77.2,7.92
2025-08-20T00:20:39Z,1020,,10.2,71.1,6.76,9.7,82.4,7.59
2025-08-20T02:20:52Z,945,,8.4,75.6,6.41,7.9,87.8,7.21
2025-08-20T04:20:28Z,1140,,8.4,85.8,7.28,9.2,88,7.86
2025-08-20T06:20:52Z,2025,,14.8,77.4,9.8,16.6,64.5,9.11
2025-08-20T08:20:12Z,1905,,24.5,40.2,9.0,19.5,50.8,8.52
2025-08-20T10:20:15Z,1650,,26.6,27,6.8,15.7,50.8,6.79
2025-08-20T12:19:55Z,1905,,27.8,23,6.19,15,46.2,5.92
2025-08-20T14:19:13Z,1305,,25.1,25.9,6.0,15.2,49,6.36
2025-08-20T16:18:46Z,1005,,22.2,29.7,5.83,15.1,50.6,6.53
2025-08-20T18:19:34Z,540,,14.3,41.4,5.08,11.8,62.7,6.6
2025-08-20T20:20:09Z,525,,8.8,55.3,4.81,8.6,75.5,6.49
2025-08-20T22:19:26Z,525,,7,61.4,4.76,6.9,81.8,6.3
2025-08-21T00:18:47Z,525,,7.3,71.2,5.62,7.3,87,6.87
2025-08-21T02:18:58Z,525,,6,67.1,4.87,6.1,88.9,6.49
2025-08-21T04:18:31Z,525,,6,74.7,5.42,7.2,88.6,6.95
2025-08-21T06:19:27Z,2145,,14.1,84.4,10.24,16.5,65.9,9.25
2025-08-21T08:18:57Z,1890,,22,48.1,9.33,16.9,61.9,8.9
2025-08-21T10:19:03Z,1725,,23.4,38.7,8.14,16.6,56.4,7.96
2025-08-21T12:18:37Z,2055,,27.6,31.8,8.46,16.6,55.3,7.81
2025-08-21T16:19:16Z,1080,,18.9,42.9,6.95,13,67.8,7.69
2025-08-21T18:19:50Z,525,,12.7,52.9,5.89,10.7,78.3,7.69
2025-08-21T20:19:55Z,540,,10.1,62.7,5.93,10.1,84.4,7.98
2025-08-21T22:20:06Z,540,,9.5,63.9,5.81,9.1,87.9,7.8
2025-08-22T00:20:17Z,525,,6.5,65.2,4.89,6.8,91,6.96
2025-08-22T02:20:03Z,525,,4.8,67.4,4.52,5,93.1,6.33
2025-08-22T04:20:38Z,525,,5.7,75.7,5.39,6.3,95.1,7.04
2025-08-22T06:20:05Z,1455,,12.1,80.2,8.6,10.7,89.7,8.81
2025-08-22T08:19:46Z,2865,,21.9,57.7,11.13,16.9,63.4,9.12
2025-08-22T10:20:12Z,2205,,26.6,36.5,9.19,17,57.5,8.32
2025-08-22T12:20:09Z,1680,,27.7,30.8,8.24,16.3,58.7,8.14
2025-08-22T14:19:35Z,2115,,26.4,34.5,8.59,15,61,7.82
2025-08-22T16:18:55Z,810,,23.4,32.3,6.79,14.4,64.1,7.92
2025-08-22T18:19:17Z,540,,13.7,45,5.33,11.5,75.2,7.76
2025-08-22T20:18:57Z,525,,9.6,54.9,5.03,8.9,83.6,7.32
2025-08-22T22:18:07Z,525,,6.9,60.1,4.63,6.9,88.3,6.8
2025-08-23T00:18:50Z,525,,4.9,61.5,4.15,5.2,91,6.27
2025-08-23T02:18:58Z,525,,4.8,70.6,4.73,5,94.2,6.4
2025-08-23T04:19:48Z,525,,6,79.5,5.77,6.7,93.6,7.11
2025-08-23T06:19:15Z,1380,,11.2,86.7,8.78,12.7,81.8,9.1
2025-08-23T08:19:28Z,2745,,22.3,56.6,11.18,20.3,53.9,9.48
2025-08-23T10:18:44Z,3000,,28.9,34.9,9.98,18.7,50.5,8.08
2025-08-23T12:18:49Z,1125,,25.1,28.6,6.62,16.9,50.7,7.29
2025-08-23T14:19:39Z,1080,,25.3,29.6,6.93,17.3,52,7.66
2025-08-23T16:20:29Z,1050,,24.6,29.2,6.57,16.7,51.8,7.36
2025-08-23T18:20:34Z,540,,16,43,5.86,13.4,65.4,7.6
2025-08-23T20:20:41Z,525,,10.2,50.7,4.82,9.7,77.4,7.13
2025-08-23T22:20:04Z,525,,8.5,64.2,5.48,8.6,83.5,7.17
2025-08-24T00:19:53Z,525,,7.7,71.8,5.82,7.5,88.6,7.09
2025-08-24T02:19:38Z,525,,6.3,74.8,5.54,6.3,91.5,6.77
2025-08-24T04:20:26Z,525,,6.3,80.7,5.97,7.4,91.4,7.27
2025-08-24T06:20:17Z,2205,,14.2,81,9.89,14.9,69.7,8.88
2025-08-24T08:19:39Z,2205,,23.3,47.6,9.95,19.5,53.3,8.94
2025-08-24T10:19:42Z,945,,21.7,38.9,7.42,16.5,60.4,8.48
2025-08-24T12:19:18Z,1620,,25,35.6,8.2,17,56.9,8.23
2025-08-24T14:18:50Z,1185,,25.8,31.7,7.63,16.9,57.5,8.27
2025-08-24T16:18:21Z,705,,14.6,54.3,6.79,10.7,82.3,8.08
2025-08-24T18:18:46Z,1020,,11.7,71.1,7.43,9.5,90.8,8.26
2025-08-24T20:18:02Z,1215,,10.5,76.9,7.46,8.7,92.3,7.98
2025-08-24T22:18:51Z,1320,,10.5,81.9,7.94,8.8,96,8.35
2025-08-25T00:18:17Z,1380,,10.7,84.5,8.3,9.2,96.8,8.64
2025-08-25T02:18:48Z,1380,,10.7,85,8.35,9.1,97.5,8.65
2025-08-25T04:19:16Z,1470,,10.7,87.1,8.55,9,98.6,8.69
2025-08-25T06:19:31Z,1710,,12.4,87.9,9.6,10.5,97.3,9.43
2025-08-25T08:19:28Z,1845,,20.2,59.1,10.33,14.8,78.4,9.93
2025-08-25T10:18:49Z,1845,,24.6,41.8,9.41,16.1,66.1,9.06
2025-08-25T12:19:13Z,1440,,22.4,42.3,8.4,15.2,66.9,8.68
2025-08-25T14:19:33Z,1125,,20.1,44.5,7.73,14.3,68.8,8.45
2025-08-25T16:19:28Z,1005,,18.1,46.3,7.15,13.9,67,8.03
2025-08-25T18:18:46Z,705,,12.9,61.4,6.92,11.5,79.5,8.21
2025-08-25T20:19:08Z,915,,9.7,75,6.91,9.8,84.8,7.87
2025-08-25T22:19:48Z,990,,8.5,79.2,6.76,8.4,89.4,7.58
2025-08-26T00:19:54Z,1050,,7.8,83,6.77,7.5,93.7,7.5
2025-08-26T02:20:26Z,1380,,8.6,87.5,7.52,7.7,96.4,7.82
2025-08-26T04:20:19Z,1515,,9.6,87.9,8.05,8.5,95.7,8.17
2025-08-26T06:20:35Z,1830,,13.3,86.5,9.99,14.2,79.1,9.65
2025-08-26T08:21:21Z,1755,,21.1,52.1,9.6,17,64.7,9.36
2025-08-26T10:21:01Z,1575,,26.3,35.2,8.72,17.2,60.1,8.8
2025-08-26T12:21:30Z,2280,,29.7,30.3,9.05,17.6,53.8,8.07
2025-08-26T14:20:43Z,915,,27,27.7,7.13,16.7,57.7,8.2
2025-08-26T16:19:58Z,540,,19.5,40.8,6.85,15.4,65.4,8.59
2025-08-26T18:20:25Z,540,,13.5,48.7,5.69,12.6,75,8.29
2025-08-26T20:20:02Z,525,,9.6,58.7,5.38,10,80.8,7.59
2025-08-26T22:20:14Z,525,,8.4,71.8,6.09,9.1,84.7,7.51
2025-08-27T00:20:41Z,525,,7.6,74.1,5.97,7.6,89.7,7.23
2025-08-27T02:21:08Z,780,,8,80.6,6.66,8,93.7,7.75
2025-08-27T04:20:43Z,1110,,8.6,86.1,7.4,7.9,97.2,7.98
2025-08-27T06:20:14Z,1620,,12,85.5,9.11,9.8,97.7,9.06
2025-08-27T08:19:44Z,2190,,22.5,50.9,10.17,18.1,59,9.11
2025-08-27T10:19:01Z,1380,,25.5,34.4,8.15,17.5,57.5,8.57
2025-08-27T12:19:47Z,1680,,27.2,32.1,8.36,17.1,56.9,8.28
2025-08-27T14:20:22Z,1305,,25.5,33.9,8.03,17.2,58.1,8.51
2025-08-27T16:20:32Z,600,,21.6,37.3,7.07,16.4,61.4,8.57
2025-08-27T18:20:11Z,540,,14.4,48,5.93,13.4,70.4,8.18
2025-08-27T20:20:16Z,525,,10,58.4,5.49,10.4,79.3,7.64
2025-08-27T22:20:39Z,525,,8.1,62.9,5.23,8.3,84.3,7.1
2025-08-28T00:20:22Z,525,,6.5,65.9,4.94,6.7,90.7,6.89
2025-08-28T02:19:40Z,525,,5.1,67.4,4.61,5.5,93.7,6.58
2025-08-28T04:19:29Z,525,,4.8,72.1,4.84,6.2,94,6.91
2025-08-28T06:19:55Z,1260,,12.8,83.8,9.38,14.1,82.3,9.98
2025-08-28T08:20:01Z,3285,,23.8,62.6,13.47,20.4,56.6,10.01
2025-08-28T10:20:15Z,3330,,27.4,41.7,10.98,18,53,8.14
2025-08-28T12:20:26Z,1740,,30,34.5,10.47,17.4,69,10.22
2025-08-28T14:20:20Z,765,,24.9,40.9,9.36,17,77.2,11.17
2025-08-28T16:20:32Z,555,,21,44.6,8.17,16.4,77.9,10.87
2025-08-28T18:19:51Z,540,,15.9,50,6.77,14.8,86.4,10.94
2025-08-28T20:19:51Z,540,,13.1,60.2,6.87,13.5,90.6,10.59
2025-08-28T22:20:26Z,540,,11.8,67.9,7.14,12.6,92.8,10.26
2025-08-29T00:20:08Z,525,,11.5,69.2,7.14,12.5,95.9,10.54
2025-08-29T02:20:45Z,525,,10.4,73.8,7.11,12.2,98,10.57
2025-08-29T04:20:17Z,540,,11.8,77.4,8.14,12.6,99,10.95
2025-08-29T06:20:39Z,540,,14.5,67.3,8.37,13.9,99.2,11.89
2025-08-29T08:20:19Z,540,,16.1,60.5,8.29,15.1,94.9,12.24
2025-08-29T10:20:36Z,540,,15.1,60.5,7.8,12.7,100,11.13
2025-08-29T12:20:38Z,540,,15.4,65.8,8.64,13.5,100,11.69
2025-08-29T14:20:06Z,540,,15.2,67.1,8.71,13.3,100,11.55
2025-08-29T16:19:29Z,540,,15,71.2,9.13,13.6,100,11.76
2025-08-29T18:18:48Z,540,,15,76.1,9.75,13.8,100,11.91
2025-08-29T20:18:07Z,540,,15.1,75.8,9.77,14,100,12.06
2025-08-29T22:17:54Z,660,,14.9,77.1,9.82,13.6,100,11.76
2025-08-30T00:17:46Z,825,,14.9,81.1,10.33,13.9,100,11.98
2025-08-30T02:18:30Z,840,,15.4,81.5,10.7,14.5,100,12.43
2025-08-30T04:19:16Z,840,,15.8,81.2,10.93,14.8,100,12.66
2025-08-30T06:19:38Z,930,,16.6,81.5,11.51,15.2,100,12.97
2025-08-30T08:20:23Z,1260,,18.1,82.7,12.77,15.9,100,13.54
2025-08-30T10:21:09Z,1395,,19.2,82.8,13.65,16.6,100,14.12
2025-08-30T12:21:03Z,1440,,19.9,80.4,13.81,16.8,100,14.29
2025-08-30T14:21:41Z,1260,,18.2,83.8,13.02,16.3,100,13.87
2025-08-30T16:22:07Z,1275,,17.6,86.1,12.91,16.1,100,13.7
2025-08-30T18:22:13Z,1260,,16.8,86.7,12.39,15.4,100,13.13
2025-08-30T20:21:55Z,1365,,16,87.8,11.96,14.7,100,12.59
2025-08-30T22:22:44Z,1395,,15.7,89.1,11.92,14.4,100,12.36
2025-08-31T00:21:43Z,1395,,15.6,89.9,11.95,14.5,100,12.43
2025-08-31T02:21:30Z,1395,,15.4,90.2,11.85,14.3,100,12.28
2025-08-31T04:22:10Z,1455,,15.3,90.7,11.84,14.1,100,12.13
2025-08-31T06:22:48Z,1575,,15.8,91,12.24,14.4,100,12.36
2025-08-31T08:22:06Z,1650,,17.2,89.1,13.04,15.2,100,12.97
2025-08-31T10:22:35Z,1740,,20.3,82.3,14.47,16.8,100,14.29
2025-08-31T12:23:16Z,1440,,21.7,75.4,14.38,17.5,99.4,14.81
2025-08-31T14:22:56Z,1065,,18.1,80.1,12.37,16.1,100,13.7
2025-08-31T16:22:09Z,1140,,17.3,84.3,12.41,15.8,100,13.46
2025-08-31T18:22:08Z,1125,,16.1,86.2,11.81,15,100,12.82
2025-08-31T20:22:12Z,1245,,15.5,89,11.76,14.6,100,12.51
2025-08-31T22:22:01Z,1350,,15.3,90.2,11.77,14.3,100,12.28
2025-09-01T00:22:24Z,1230,,14,89.2,10.75,13.3,100,11.55
2025-09-01T02:23:09Z,1380,,13.4,92,10.69,12.7,100,11.13
2025-09-01T04:23:16Z,1560,,14.1,93.4,11.33,13.1,100,11.41
2025-09-01T06:23:04Z,1620,,15,91,11.66,13.4,100,11.62
2025-09-01T08:22:16Z,1650,,16.7,87.2,12.39,14.3,100,12.28
2025-09-01T10:21:49Z,1590,,19.2,76.7,12.64,15,98.3,12.6
2025-09-01T12:21:32Z,1665,,20.3,71.7,12.61,15.8,93,12.51
2025-09-01T14:21:11Z,1290,,20.2,67.6,11.82,15.9,92.5,12.52
2025-09-01T16:20:56Z,930,,18.6,69,10.98,15.5,94.6,12.5
2025-09-01T18:20:27Z,525,,12.9,73.9,8.33,12.6,100,11.06
2025-09-01T20:20:08Z,525,,8.6,78.9,6.78,10.5,100,9.7
2025-09-01T22:19:53Z,540,,7.1,81.9,6.39,8.9,100,8.76
2025-09-02T00:19:36Z,705,,7.9,87.8,7.21,8.6,100,8.59
2025-09-02T02:19:47Z,1080,,11,87.4,8.75,10.3,100,9.57
2025-09-02T04:20:11Z,1320,,12.3,89.8,9.75,11.4,100,10.26
2025-09-02T06:20:28Z,1440,,13.9,91.7,10.99,13,100,11.34
2025-09-02T08:20:21Z,1815,,16.7,92.3,13.11,14.8,100,12.66
2025-09-02T10:20:16Z,2400,,21.1,73.4,13.52,16.5,83.2,11.68
2025-09-02T12:19:45Z,1935,,22.4,63.8,12.67,16.5,84.3,11.83
2025-09-02T14:19:15Z,1920,,22.4,63.6,12.63,16.4,85.3,11.9
2025-09-02T16:19:05Z,1110,,19.3,65.9,10.93,15.8,89.5,12.04
2025-09-02T18:18:27Z,600,,16.6,71.6,10.11,15,95.8,12.28
2025-09-02T20:18:46Z,540,,14.3,75.5,9.27,14.3,99.1,12.17
2025-09-02T22:19:29Z,540,,12.4,82,8.96,13.4,100,11.62
2025-09-03T00:19:05Z,540,,13.9,80.1,9.6,14,100,12.06
2025-09-03T02:18:56Z,540,,14.2,79.9,9.75,14.1,100,12.13
2025-09-03T04:18:59Z,540,,13.7,82.6,9.78,14.2,100,12.21
2025-09-03T06:19:13Z,1065,,16.1,80.7,11.06,15.9,90.9,12.31
2025-09-03T08:19:44Z,3285,,24,75.5,16.43,19.2,74.8,12.33
2025-09-03T10:18:53Z,1665,,23.2,59.3,12.33,17.4,82.4,12.21
2025-09-03T12:19:30Z,1350,,25.1,52.9,12.25,17.9,84.4,12.88
2025-09-03T14:19:38Z,945,,22.9,56.7,11.59,18.3,84.2,13.16
2025-09-03T16:20:10Z,555,,18.5,67.3,10.64,16.9,97.2,13.98
2025-09-03T18:20:42Z,540,,17.3,74.3,10.94,16.5,100,14.04
2025-09-03T20:20:36Z,540,,16.2,76.9,10.6,15.6,100,13.29
2025-09-03T22:20:24Z,540,,14.9,77.2,9.83,14.6,100,12.51
2025-09-04T00:20:46Z,765,,14.4,85.4,10.55,14.3,100,12.28
2025-09-04T02:21:22Z,900,,14.6,84.8,10.61,14.1,100,12.13
2025-09-04T04:22:07Z,1050,,14.6,86.4,10.81,13.9,100,11.98
2025-09-04T06:22:48Z,1395,,16,86.8,11.82,14.7,98.1,12.35
2025-09-04T08:23:26Z,2370,,22.1,75,14.64,17.2,86.6,12.68
2025-09-04T10:23:41Z,3150,,31.9,50.4,16.95,20.1,77.5,13.47
2025-09-04T12:23:29Z,2655,,33.5,41.2,15.08,19,80,13.03
2025-09-04T14:24:04Z,1515,,30.3,40.3,12.43,18.2,81.9,12.73
2025-09-04T16:23:34Z,720,,23.2,49.2,10.23,16.9,85.8,12.34
2025-09-04T18:23:59Z,540,,15.2,59.7,7.75,14.4,93.7,11.58
2025-09-04T20:23:17Z,540,,11.4,67.5,6.93,12.5,97.4,10.7
2025-09-04T22:23:29Z,540,,9.7,72.2,6.65,11.3,99.4,10.14
2025-09-05T00:24:08Z,540,,11.9,76.8,8.13,11.8,100,10.52
2025-09-05T02:24:17Z,540,,13.1,77.8,8.87,12.5,100,10.99
2025-09-05T04:23:57Z,585,,13.8,77,9.17,12.6,100,11.06
2025-09-05T06:24:29Z,930,,16.6,76.5,10.8,14.3,100,12.28
2025-09-05T08:24:34Z,1155,,19.1,77.9,12.77,16.3,100,13.87
2025-09-05T10:25:15Z,2460,,29.1,59,17.05,18.6,91.8,14.61
2025-09-05T12:24:55Z,2475,,32.9,45.8,16.24,20,80.8,13.96
2025-09-05T14:25:29Z,1785,,31.2,41.8,13.54,20.1,75.2,13.07
2025-09-05T16:25:58Z,555,,25,47.9,11.03,19.1,83.7,13.72
2025-09-05T18:25:26Z,540,,17.3,56.7,8.35,16.1,93.8,12.85
2025-09-05T20:24:44Z,540,,15.4,63,8.27,14.2,99.3,12.12
2025-09-05T22:24:51Z,540,,13.3,68.1,7.86,12.8,100,11.2
2025-09-06T00:24:33Z,540,,13.7,73,8.64,12.9,100,11.27
2025-09-06T02:23:54Z,540,,14.7,75.9,9.55,13.7,100,11.84
2025-09-06T04:23:55Z,810,,15.1,80.3,10.36,14.1,100,12.13
2025-09-06T06:23:19Z,840,,17.3,78.6,11.58,15.8,100,13.46
2025-09-06T08:23:17Z,945,,19.8,76.1,13.0,17.4,100,14.81
2025-09-06T10:23:09Z,1305,,24.6,67.8,15.26,19.2,98.1,16.17
2025-09-06T12:23:14Z,2895,,31.3,59.2,19.28,21.3,85.8,15.99
2025-09-06T14:23:50Z,1620,,29.8,51.5,15.46,21.2,83.5,15.47
2025-09-06T16:23:02Z,555,,24.7,57.4,12.99,20.2,91.3,15.96
2025-09-06T18:22:14Z,555,,20,64.4,11.13,19.1,95.6,15.67
2025-09-06T20:22:13Z,540,,17.4,71.2,10.55,17.9,98.7,15.06
2025-09-06T22:22:04Z,540,,16.2,77.9,10.74,17.1,100,14.55
2025-09-07T00:22:00Z,540,,15.8,82.2,11.06,16.6,100,14.12
2025-09-07T02:21:20Z,540,,15.7,83.7,11.19,16.7,100,14.21
2025-09-07T04:20:45Z,750,,16.3,86.4,11.98,16.7,100,14.21
2025-09-07T06:20:35Z,840,,18.3,82.6,12.91,17.5,100,14.9
2025-09-07T08:20:43Z,1365,,22,81.8,15.88,19.9,96.4,16.56
2025-09-07T10:20:30Z,1500,,24.8,69,15.71,19.5,95.5,16.02
2025-09-07T12:20:26Z,1410,,25.2,66.4,15.46,19.7,94.8,16.09
2025-09-07T14:20:04Z,1245,,24.7,66,14.94,19.7,94.7,16.08
2025-09-07T16:20:36Z,915,,22.1,71.2,13.9,19.3,96.3,15.97
2025-09-07T18:20:37Z,540,,17.8,76.2,11.56,17.5,99.3,14.8
2025-09-07T20:21:01Z,540,,14.2,80.8,9.86,15.8,100,13.46
2025-09-07T22:21:05Z,525,,12.6,84.1,9.3,14.6,100,12.51
2025-09-08T00:21:30Z,540,,12.7,87.9,9.78,13.8,100,11.91
2025-09-08T02:21:28Z,1200,,14.7,92.4,11.63,14.6,100,12.51
2025-09-08T04:20:33Z,1395,,15.7,92.3,12.34,15,100,12.82
2025-09-08T06:20:40Z,1920,,18,94.8,14.56,16.2,100,13.78
2025-09-08T08:21:12Z,1935,,20.8,88.8,16.08,17.7,100,15.08
2025-09-08T10:21:34Z,1950,,24.9,78.3,17.93,19.6,98.8,16.68
2025-09-08T12:21:33Z,3225,,33.8,58.6,21.79,22.4,83.7,16.62
2025-09-08T14:20:45Z,1905,,30.9,48.5,15.46,21.8,76.3,14.64
2025-09-08T16:21:14Z,915,,25.1,52.4,12.13,20.4,79.4,14.04
2025-09-08T18:20:26Z,555,,18.2,63.2,9.82,17.6,88.1,13.21
2025-09-08T20:20:08Z,540,,15,70.9,9.09,16.2,92.5,12.75
2025-09-08T22:20:15Z,540,,12.8,76,8.51,14.4,96.8,11.96
2025-09-09T00:19:57Z,540,,11.3,79,8.06,13.1,99.5,11.35
2025-09-09T02:19:11Z,525,,11.1,80.4,8.1,12.4,100,10.92
2025-09-09T04:18:33Z,540,,10.3,81.7,7.82,12,100,10.65
2025-09-09T06:18:29Z,540,,14.5,92.6,11.51,18.9,90,14.58
2025-09-09T08:17:54Z,2880,,22.7,86.7,17.52,23.5,67.7,14.32
2025-09-09T10:17:44Z,3180,,31.5,46.2,15.2,21.8,61.8,11.86
2025-09-09T12:16:57Z,2355,,32.7,37,12.98,21,62.5,11.45
2025-09-09T14:16:37Z,1785,,29.9,37.6,11.35,20.3,62.5,10.99
2025-09-09T16:16:39Z,615,,24.2,43.5,9.57,19.2,70.4,11.61
2025-09-09T18:17:31Z,540,,16.6,52.6,7.43,17,81.2,11.75
2025-09-09T20:17:09Z,540,,14.5,60.1,7.47,15.8,89.4,12.03
2025-09-09T22:17:11Z,525,,12.6,69.3,7.66,14.9,94.1,11.99
2025-09-10T00:17:23Z,540,,13.1,71.7,8.18,14.6,96.1,12.02
2025-09-10T02:17:39Z,540,,14,75.9,9.15,14.7,97.5,12.27
2025-09-10T04:16:56Z,540,,14.6,76.1,9.52,14.8,98.4,12.46
2025-09-10T06:17:37Z,540,,17,76.2,11.02,18.1,92.6,14.3
2025-09-10T08:16:50Z,1785,,23.4,68.3,14.36,20.5,78.2,13.91
2025-09-10T10:16:31Z,1770,,25.5,55.5,13.14,20.4,72.8,12.88
2025-09-10T12:16:47Z,3270,,30.7,48,15.13,21.4,59.5,11.15
2025-09-10T14:17:27Z,1425,,28,43.3,11.78,20.9,67.2,12.24
2025-09-10T16:17:00Z,555,,23.3,44.2,9.24,19.7,72.6,12.33
2025-09-10T18:16:29Z,540,,17.6,49.2,7.38,17.8,82.3,12.49
2025-09-10T20:16:11Z,540,,15.2,56.5,7.33,16.6,87.9,12.41
2025-09-10T22:16:45Z,540,,14.8,62.8,7.95,16.4,91.8,12.81
2025-09-11T00:16:38Z,540,,15.9,60.6,8.2,17.9,84.8,12.94
2025-09-11T02:17:13Z,540,,15.5,60.7,8.02,16.9,89.5,12.87
2025-09-11T04:18:00Z,540,,15.1,62.9,8.11,16.4,94.2,13.14
2025-09-11T06:17:59Z,600,,17.3,75,11.04,18.8,83.6,13.46
2025-09-11T08:17:53Z,3045,,23.2,80.8,16.8,21.1,72.7,13.39
2025-09-11T10:18:26Z,2835,,29.2,52.3,15.2,20.9,69.5,12.66
2025-09-11T12:18:33Z,1695,,29.3,42.7,12.48,20.6,69.1,12.37
2025-09-11T14:19:10Z,1185,,27,41.7,10.74,20.2,67.1,11.73
2025-09-11T16:19:25Z,555,,21,46,8.43,18.8,71.1,11.45
2025-09-11T18:19:17Z,555,,18.2,53,8.24,18.7,69.7,11.16
2025-09-11T20:19:32Z,555,,17.2,59.3,8.68,17.9,69.5,10.61
2025-09-11T22:20:10Z,540,,15.8,63.6,8.56,16.9,74.7,10.74
2025-09-12T00:19:34Z,705,,15.1,67.2,8.67,16.5,73.7,10.34
2025-09-12T02:20:25Z,825,,14.9,69.2,8.82,15.9,75.7,10.25
2025-09-12T04:20:32Z,1125,,15.5,70.2,9.28,15.6,76.1,10.12
2025-09-12T06:19:56Z,1590,,17.2,68.8,10.07,15.7,75.5,10.1
2025-09-12T08:19:13Z,1785,,18.9,65.4,10.59,16.1,75.5,10.34
2025-09-12T10:18:57Z,765,,17.5,65.3,9.73,15.1,88.7,11.44
2025-09-12T12:19:34Z,540,,16.1,71.6,9.81,14.3,99.5,12.22
2025-09-12T14:19:24Z,540,,15.6,73.9,9.82,13.9,100,11.98
2025-09-12T18:18:59Z,840,,15.4,82.2,10.8,14.6,100,12.51
2025-09-12T20:18:42Z,960,,15.6,83.6,11.11,14.6,100,12.51
2025-09-12T22:17:44Z,1035,,15.4,85.3,11.2,14.5,100,12.43
2025-09-13T00:17:31Z,1125,,15.4,86.3,11.33,14.4,100,12.36
2025-09-13T02:17:32Z,1140,,15.5,87.3,11.54,14.6,100,12.51
2025-09-13T04:17:52Z,1125,,15.2,88,11.42,14.6,100,12.51
2025-09-13T06:17:16Z,1395,,16.6,90.9,12.84,15.7,100,13.37
2025-09-13T08:17:19Z,1695,,18.7,82.2,13.16,16.3,93.8,13.01
2025-09-13T10:17:12Z,1860,,23.6,61.9,13.17,17.3,86,12.66
2025-09-13T12:16:51Z,1200,,21,66.5,12.18,17.1,90.6,13.18
2025-09-13T14:16:23Z,1725,,21.7,64.4,12.28,16.4,86.5,12.07
2025-09-13T16:15:38Z,1170,,18.7,67.1,10.74,16,85.6,11.66
2025-09-13T18:15:31Z,540,,13.5,74.8,8.75,13.2,95.3,10.94
2025-09-13T20:16:19Z,540,,11.4,79.9,8.2,12.2,99.2,10.7
2025-09-13T22:16:58Z,525,,10,84.6,7.95,11.1,100,10.07
2025-09-14T00:16:37Z,540,,10.6,85.5,8.34,11.1,100,10.07
2025-09-14T02:17:11Z,540,,10.8,85.2,8.42,11.6,100,10.39
2025-09-14T04:16:25Z,705,,12.6,86.2,9.53,13,100,11.34
2025-09-14T06:16:27Z,1005,,14.5,86.8,10.79,14,100,12.06
2025-09-14T08:16:09Z,1185,,15.4,87,11.43,14.3,100,12.28
2025-09-14T10:16:13Z,1320,,15.6,87.9,11.68,14.3,100,12.28
2025-09-14T12:15:30Z,1470,,16.4,87.4,12.19,14.6,100,12.51
2025-09-14T14:15:28Z,1455,,16.7,85.9,12.2,14.7,100,12.59
2025-09-14T16:15:28Z,1230,,16.1,83.4,11.43,14.3,100,12.28
2025-09-14T18:15:33Z,1200,,15,87.8,11.25,14.1,100,12.13
2025-09-14T22:15:34Z,930,,14.2,89.8,10.96,14.9,98.2,12.51
2025-09-15T00:14:54Z,1020,,14.8,90.1,11.41,15,98.6,12.64
2025-09-15T02:15:15Z,1125,,14.8,89.3,11.31,15.2,94.3,12.23
2025-09-15T04:15:54Z,1500,,14.2,87.3,10.66,15.1,84,10.83
2025-09-15T06:15:11Z,1290,,14.3,87.8,10.78,13.3,98.8,11.41
2025-09-15T08:15:42Z,1395,,14.1,87,10.55,12.5,100,10.99
2025-09-15T10:16:04Z,1530,,14.1,89,10.8,12.4,100,10.92
2025-09-15T12:16:42Z,1515,,14.5,90.2,11.21,13,100,11.34
2025-09-15T14:15:52Z,1560,,15.6,90.9,12.08,14.1,100,12.13
2025-09-15T16:16:03Z,1290,,15.3,89.1,11.63,14.3,100,12.28
2025-09-15T18:16:35Z,930,,12.9,86.8,9.78,12.7,100,11.13
2025-09-15T20:17:09Z,1095,,13.2,94.3,10.82,13.7,100,11.84
2025-09-15T22:17:00Z,1395,,14,94.7,11.42,13.7,100,11.84
2025-09-16T00:17:19Z,1365,,14.3,93.2,11.45,13.9,100,11.98
2025-09-16T02:16:50Z,1365,,14.4,93.1,11.5,14,100,12.06
2025-09-16T04:16:18Z,1560,,14.4,93,11.49,13.4,100,11.62
2025-09-16T06:15:29Z,1560,,14.5,93,11.56,13.4,100,11.62
2025-09-16T08:15:02Z,1635,,14.6,93.3,11.67,13.4,100,11.62
2025-09-16T10:15:48Z,2040,,17,96.2,13.91,15.1,100,12.9
2025-09-16T12:15:05Z,2310,,20.5,77.3,13.75,15.6,90.5,12.03
2025-09-16T14:15:13Z,1605,,19.2,73.4,12.1,15.7,90.9,12.16
2025-09-16T16:15:56Z,1005,,14.8,76.5,9.69,13.1,95,10.84
2025-09-16T18:15:44Z,645,,11.7,82.7,8.65,11.6,100,10.39
2025-09-16T20:16:35Z,1020,,12.5,89.3,9.81,13.4,93.4,10.85
2025-09-16T22:16:16Z,1095,,12.9,90.6,10.21,13.5,95.6,11.18
2025-09-17T00:16:13Z,1170,,13.6,90.4,10.63,13.5,98.2,11.48
2025-09-17T02:15:59Z,1365,,13.9,89.5,10.72,12.8,100,11.2
2025-09-17T04:15:50Z,1350,,13.1,89.6,10.22,12,100,10.65
2025-09-17T06:15:08Z,1380,,13.3,92,10.62,12.5,100,10.99
2025-09-17T08:15:21Z,1695,,15.9,92.9,12.58,14.8,97.8,12.38
2025-09-17T10:15:54Z,1605,,17.4,83.2,12.33,14.8,98.4,12.46
2025-09-17T12:15:24Z,1980,,18.2,80.2,12.46,15.2,89.4,11.6
2025-09-17T14:14:49Z,1335,,16.8,80,11.43,15,93.9,12.04
2025-09-17T16:15:15Z,1095,,15,82.1,10.52,13.6,98.4,11.58
2025-09-17T18:16:00Z,930,,12.9,85.4,9.62,12.5,100,10.99
2025-09-17T20:16:32Z,900,,11.9,87.5,9.26,11.9,100,10.59
2025-09-17T22:16:26Z,930,,11.8,86.9,9.14,11.6,100,10.39
2025-09-18T00:16:57Z,960,,10.6,88.5,8.63,10.6,100,9.76
2025-09-18T02:16:18Z,900,,9.9,87.7,8.19,10,100,9.39
2025-09-18T04:16:44Z,1020,,9.7,91.1,8.4,9.9,100,9.33
2025-09-18T08:16:34Z,2355,,17.2,91.1,13.34,14.8,91,11.52
2025-09-18T10:15:48Z,2985,,22.1,73.1,14.27,16.8,80.8,11.55
2025-09-18T12:15:59Z,1575,,18.9,75.9,12.29,15.4,94.4,12.4
2025-09-18T14:15:49Z,1590,,19,72.1,11.75,15.8,87.6,11.79
2025-09-18T16:15:25Z,1080,,16.3,74.8,10.37,14.4,92.8,11.47
2025-09-18T18:15:24Z,705,,12.4,80.5,8.79,12.1,98.2,10.53
2025-09-18T20:15:09Z,765,,11.7,85.2,8.91,11.7,100,10.46
2025-09-18T22:15:00Z,1005,,12.2,86.3,9.31,11.7,100,10.46
2025-09-19T00:14:25Z,825,,10.7,85.8,8.42,10.7,100,9.82
2025-09-19T02:14:05Z,1155,,11.3,88.4,9.01,10.7,100,9.82
2025-09-19T04:13:25Z,1320,,11.7,89.3,9.34,10.7,100,9.82
2025-09-19T06:12:51Z,1680,,13.6,91.1,10.72,12,100,10.65
2025-09-19T08:12:48Z,1575,,15.6,85.3,11.34,13.1,100,11.41
2025-09-19T10:12:38Z,2400,,18.6,89.1,14.18,14.7,97.4,12.26
2025-09-19T12:12:20Z,1965,,24.1,54.9,12.01,15.4,85.5,11.23
2025-09-19T14:12:56Z,1335,,22.1,51.1,9.97,15.3,80.9,10.56
2025-09-19T16:12:10Z,705,,17.5,59.9,8.93,14,88.6,10.68
2025-09-19T18:12:58Z,540,,12.3,66.9,7.26,11.8,94.3,9.92
2025-09-19T20:12:35Z,525,,9.2,75.2,6.71,10,99.6,9.36
2025-09-19T22:12:55Z,525,,9,77.2,6.8,9.2,100,8.93
2025-09-20T00:12:41Z,540,,8.5,80.6,6.88,8.7,100,8.65
2025-09-20T02:13:08Z,540,,10,85.1,7.99,11,100,10.01
2025-09-20T04:12:20Z,825,,13.4,88.3,10.26,13.7,100,11.84
2025-09-20T06:13:05Z,930,,15.1,87.2,11.25,14.9,100,12.74
2025-09-20T08:13:19Z,1035,,16.6,85.8,12.12,15.8,100,13.46
2025-09-20T10:13:31Z,1305,,17.7,87.7,13.23,16.4,100,13.95
2025-09-20T12:13:14Z,1410,,18.6,85.1,13.54,16.7,98.7,14.02
2025-09-20T14:13:12Z,1725,,21.6,74.4,14.11,17.4,93.7,13.88
2025-09-20T16:13:10Z,1035,,17.7,76.4,11.52,16,94.6,12.88
2025-09-20T18:12:36Z,945,,16.1,83.6,11.45,15.4,99.3,13.04
2025-09-20T20:12:16Z,900,,15.3,85,11.1,14.9,100,12.74
2025-09-20T22:11:53Z,1035,,15.4,89,11.69,15.2,100,12.97
2025-09-21T00:12:13Z,1125,,15.6,89.7,11.92,15.3,100,13.05
2025-09-21T02:12:44Z,1230,,15.7,90.1,12.05,15.1,100,12.9
2025-09-21T04:12:57Z,1335,,15.7,91.4,12.22,15,100,12.82
2025-09-21T06:12:41Z,1335,,16,92.5,12.6,15.5,100,13.21
2025-09-21T08:13:31Z,2040,,19.6,95.6,16.13,19.5,88.7,14.88
2025-09-21T10:13:55Z,2820,,25.3,72,16.86,20.8,78.4,14.19
2025-09-21T12:13:46Z,1995,,25.8,59,14.21,19.6,78.2,13.2
2025-09-21T14:14:04Z,1515,,24.2,59.2,13.03,18.7,83.3,13.33
2025-09-21T16:14:54Z,840,,19.5,66.6,11.17,17.9,85,12.97
2025-09-21T18:14:26Z,540,,17.9,74.4,11.36,17.3,96,14.14
2025-09-21T20:13:51Z,540,,17.3,76.7,11.3,17.4,97.4,14.43
2025-09-21T22:14:06Z,705,,16.1,79.3,10.87,15.7,97.3,13.01
2025-09-22T02:14:09Z,1035,,14.2,86.1,10.51,14.4,94.1,11.63
2025-09-22T04:14:39Z,1455,,12.7,80.9,9.0,12.7,82.8,9.21
2025-09-22T06:14:10Z,1455,,12.5,82.5,9.07,11.5,90.4,9.33
2025-09-22T08:13:23Z,1875,,14.1,78.1,9.47,14.1,74.4,9.03
2025-09-22T10:12:55Z,2835,,19.2,57.2,9.43,14.6,62.8,7.86
2025-09-22T12:12:07Z,1845,,18.8,49.1,7.91,13.9,62.7,7.51
2025-09-22T14:12:17Z,2055,,19.2,48.7,8.03,13.4,63.7,7.4
2025-09-22T16:12:36Z,840,,14.4,52.9,6.54,11.5,73.6,7.6
2025-09-22T18:12:51Z,540,,9.5,62.4,5.68,9.3,82.1,7.38
2025-09-22T20:12:50Z,525,,7.1,67.5,5.26,7.5,88.4,7.07
2025-09-22T22:12:10Z,525,,5.6,72.3,5.11,6.5,91.7,6.88
2025-09-23T00:12:09Z,585,,6.1,76.9,5.62,6.3,90.9,6.73
2025-09-23T02:11:23Z,525,,5.7,76.5,5.44,5.8,93,6.66
2025-09-23T04:11:53Z,540,,5,78.6,5.34,5.2,96.5,6.65
2025-09-23T06:12:18Z,1410,,7.7,91.8,7.44,8.3,91.3,7.69
2025-09-23T08:12:08Z,1800,,12.1,75.4,8.08,10.2,81.9,7.79
2025-09-23T10:12:58Z,1125,,14.4,63.5,7.85,11.1,85.4,8.6
2025-09-23T12:13:31Z,1350,,12.4,69,7.54,8.7,90.8,7.85
2025-09-23T14:12:46Z,1380,,11.6,65.6,6.82,8.6,81.6,7.01
2025-09-23T16:12:21Z,1080,,10.2,60.6,5.77,7.8,77.7,6.34
2025-09-23T18:11:56Z,675,,6.1,65.5,4.79,5.1,83.1,5.68
2025-09-23T20:12:28Z,690,,4.3,71.6,4.65,3.6,88.2,5.46
2025-09-23T22:13:08Z,675,,3.6,76.8,4.76,2.9,93,5.49
2025-09-24T00:13:37Z,750,,4.2,76.7,4.94,3.4,92.3,5.64
2025-09-24T02:12:53Z,735,,3.7,78.8,4.91,3,94.4,5.61
2025-09-24T04:13:28Z,675,,3.1,79.7,4.77,2.6,95.8,5.55
2025-09-24T06:12:57Z,1230,,4.6,92.7,6.14,6.4,87.4,6.51
2025-09-24T08:13:20Z,2370,,11.6,77.4,8.04,12.2,64.3,6.94
2025-09-24T10:13:02Z,2730,,18.5,41.2,6.52,10.9,55.3,5.5
2025-09-24T12:12:22Z,2025,,20.3,30.9,5.43,10.3,52.4,5.02
2025-09-24T14:11:46Z,1425,,18.7,28.5,4.56,10.3,49.5,4.74
2025-09-24T16:11:56Z,525,,12,35,3.73,8.6,60.9,5.23
2025-09-24T18:11:43Z,525,,4.7,41.7,2.78,4.3,77.1,5.0
2025-09-24T20:11:06Z,525,,2.6,53.4,3.09,2.7,84.7,4.94
2025-09-24T22:11:51Z,525,,3.1,69.4,4.16,3.6,89.2,5.52
2025-09-25T00:10:57Z,525,,2.6,69.4,4.02,2.7,92.6,5.4
2025-09-25T02:10:08Z,525,,1.4,64.9,3.46,0.7,95.1,4.84
2025-09-25T04:10:45Z,525,,2.5,67.5,3.88,1.2,97.3,5.12
2025-09-25T06:10:00Z,525,,5.1,73.3,5.01,6.6,94.8,7.16
2025-09-25T08:10:43Z,2130,,13.2,91,10.44,15.4,72.3,9.5
2025-09-25T10:10:08Z,1485,,18.8,54.3,8.74,14.7,70.7,8.9
2025-09-25T12:10:02Z,1200,,19.5,47.4,7.95,14.5,68.6,8.53
2025-09-25T14:10:49Z,930,,18.3,46.7,7.3,14,69.1,8.33
2025-09-25T16:10:25Z,525,,14.9,51.9,6.61,12.6,75.3,8.33
2025-09-25T18:09:53Z,525,,8.2,57.9,4.85,8.2,87.2,7.3
2025-09-25T20:09:18Z,525,,7,69.5,5.38,7,90.7,7.03
2025-09-25T22:08:55Z,510,,6,69,5.01,5.5,93.7,6.58
2025-09-26T00:09:15Z,525,,4.5,69.5,4.57,3.9,96.5,6.1
2025-09-26T02:09:30Z,525,,4.8,73.4,4.92,3.9,99,6.25
2025-09-26T04:09:28Z,525,,3.8,72.1,4.52,3,100,5.95
2025-09-26T06:08:53Z,525,,6.3,87.2,6.45,8.5,98.2,8.38
2025-09-26T08:08:42Z,2430,,13.8,94.6,11.27,14.1,79.9,9.69
2025-09-26T10:08:51Z,2190,,20.7,58.9,10.6,14.2,78.4,9.57
2025-09-26T12:08:08Z,1470,,21.5,46.6,8.79,14.2,74.2,9.06
2025-09-26T14:07:40Z,960,,19.2,46.7,7.7,13.6,73.5,8.65
2025-09-26T16:07:08Z,540,,14.4,55.1,6.81,12,80.5,8.58
2025-09-26T18:06:28Z,525,,9.8,62.4,5.79,9.4,88.3,7.98
2025-09-26T20:06:42Z,525,,7.8,71,5.79,7.6,92.2,7.43
2025-09-26T22:06:20Z,525,,7.4,75.1,5.97,7.3,94.6,7.47
2025-09-27T00:06:57Z,690,,7.3,81.4,6.43,7.4,96.7,7.69
2025-09-27T02:06:37Z,705,,7.2,81.4,6.39,6.8,98.6,7.54
2025-09-27T04:06:57Z,690,,6.7,81.6,6.2,6.2,99.9,7.35
2025-09-27T06:06:46Z,1140,,7.8,90.6,7.39,7.5,99.4,7.96
2025-09-27T08:07:01Z,2010,,12.7,94.8,10.55,13.8,81.9,9.75
2025-09-27T10:06:54Z,2775,,20.7,57.3,10.31,14.3,72.1,8.85
2025-09-27T12:06:59Z,1695,,22.7,42.7,8.63,14.3,69.1,8.49
2025-09-27T14:06:46Z,1500,,22.5,42.7,8.53,14.8,68.7,8.7
2025-09-27T16:06:10Z,540,,16.2,49.6,6.84,13,74.6,8.46
2025-09-27T18:06:52Z,525,,10.2,66.8,6.35,10.5,85.1,8.25
2025-09-27T20:06:40Z,525,,9.1,71.3,6.32,9.6,88.8,8.13
2025-09-27T22:05:53Z,525,,7.8,76.2,6.22,7.8,93,7.59
2025-09-28T00:06:23Z,525,,6.5,74.5,5.59,6.3,95.7,7.08
2025-09-28T02:06:47Z,525,,5.7,77.7,5.53,5.4,98.4,6.87
2025-09-28T04:06:38Z,630,,5.6,79.9,5.65,5,99.9,6.79
2025-09-28T06:06:53Z,720,,6.9,86.5,6.66,7.5,98,7.84
2025-09-28T08:07:12Z,1710,,12.4,94.4,10.31,15.3,77.2,10.08
2025-09-28T10:06:44Z,3300,,19.6,63.6,10.73,13.8,66.8,7.96
2025-09-28T12:05:55Z,2970,,19.9,55.4,9.52,13.1,66.7,7.61
2025-09-28T14:05:50Z,1710,,18.5,47.6,7.53,12,69.5,7.4
2025-09-28T16:05:19Z,735,,13,52.2,5.92,10.2,73.6,7.0
2025-09-28T18:04:55Z,525,,7.3,60.1,4.75,7.3,83.8,6.62
2025-09-28T20:04:27Z,525,,5.2,67,4.61,6.1,89,6.5
2025-09-28T22:05:15Z,525,,4.9,72.9,4.92,5.5,92.6,6.5
2025-09-29T00:04:31Z,525,,4.5,72.3,4.75,4.5,94.6,6.22
2025-09-29T02:05:20Z,525,,3.7,72.6,4.53,3.3,96.5,5.86
2025-09-29T04:05:34Z,525,,4.5,72.7,4.78,3.7,98.1,6.12
2025-09-29T06:04:43Z,525,,4,76.8,4.88,5.9,96.1,6.93
2025-09-29T08:04:21Z,1665,,10,71.1,6.68,9.7,71.8,6.62
2025-09-29T10:03:41Z,2970,,14.6,60.5,7.57,9.2,67.7,6.04
2025-09-29T12:04:26Z,3270,,20.1,47.6,8.27,9.7,64.2,5.92
2025-09-29T14:03:44Z,1710,,15.6,45.1,6.0,8.6,68,5.84
2025-09-29T16:03:29Z,525,,11.2,48.1,4.87,7.5,75.3,6.03
2025-09-29T18:03:29Z,510,,5.6,54.4,3.85,5.6,82.8,5.85
2025-09-29T20:03:17Z,525,,4.4,60.8,3.97,4.4,87.8,5.73
2025-09-29T22:02:54Z,510,,3.9,61.7,3.9,3.3,91.2,5.53
2025-09-30T00:02:39Z,525,,3.4,67.3,4.11,2.5,94.2,5.42
2025-09-30T02:01:54Z,525,,2.5,65.7,3.78,1.4,95.6,5.1
2025-09-30T04:02:01Z,510,,2.2,67.8,3.82,0.9,97.1,5.01
2025-09-30T06:02:41Z,510,,2.5,71.5,4.11,1.7,98.1,5.34
2025-09-30T08:02:05Z,1245,,10.1,76,7.18,8.8,87.4,7.61
2025-09-30T10:01:31Z,3315,,15.8,63.3,8.52,10.1,65.8,6.22
2025-09-30T12:01:10Z,1935,,16.9,43.5,6.25,9.9,62.9,5.87
2025-09-30T14:00:25Z,1665,,14.9,43.6,5.55,8.8,62.6,5.45
2025-09-30T16:01:07Z,525,,10.4,47.4,4.57,7.2,71,5.57
2025-09-30T18:01:34Z,510,,3.6,53.4,3.31,3.2,82.3,4.96
2025-09-30T20:01:50Z,510,,4.9,61.4,4.15,4.4,84,5.49
2025-09-30T22:01:09Z,525,,6.4,62.7,4.67,5.6,80.3,5.68
2025-10-01T00:00:21Z,690,,7,62.5,4.84,5.5,81.9,5.75
2025-10-01T02:00:09Z,675,,7.3,62.4,4.93,5.4,83.8,5.85
2025-10-01T03:59:24Z,690,,7.3,63.2,4.99,5.3,85.4,5.92
2025-10-01T05:59:51Z,855,,7.7,64.9,5.26,5.5,86.5,6.08
2025-10-01T07:59:35Z,1140,,9.9,65.4,6.1,6.8,86.7,6.63
2025-10-01T10:00:21Z,3165,,17.5,58.6,8.73,10.8,66.8,6.6
2025-10-01T12:01:00Z,2715,,20.8,41.2,7.46,11.1,62.5,6.29
2025-10-01T14:00:23Z,1350,,19.3,36.4,6.04,10.8,63.9,6.31
2025-10-01T16:01:10Z,525,,13.6,43.8,5.15,9.6,71.1,6.51
2025-10-01T18:00:36Z,525,,8.1,49.1,4.08,7,80,6.2
2025-10-01T20:01:04Z,510,,4.2,56.1,3.62,4.1,87.5,5.6
2025-10-01T22:00:29Z,525,,2.7,59.7,3.48,2.7,91.9,5.36
2025-10-02T00:00:43Z,525,,2.5,64,3.68,2,94.9,5.28
2025-10-02T01:59:58Z,525,,3.3,68.2,4.14,2.7,95.9,5.59
2025-10-02T03:59:41Z,525,,5.8,70.8,5.07,4.3,95.1,6.17
2025-10-02T06:00:05Z,810,,6.7,72.5,5.51,4.9,94.3,6.37
2025-10-02T08:00:31Z,945,,8,72.6,6.0,5.8,94.4,6.76
2025-10-02T10:00:14Z,1380,,10.5,73.5,7.13,7.5,92.8,7.43
2025-10-02T11:59:32Z,1500,,12.8,69.2,7.75,9.4,86.9,7.86
2025-10-02T13:59:31Z,1890,,14,59.9,7.22,9.9,73.2,6.83
2025-10-02T15:58:57Z,1080,,11.7,58.2,6.08,8.7,77.6,6.71
2025-10-02T17:58:24Z,885,,9.8,61.9,5.74,7.8,80.9,6.6
2025-10-02T19:58:09Z,510,,6.3,64.4,4.77,5.1,87.1,5.96
2025-10-02T21:57:43Z,525,,3.4,69.9,4.27,3,92,5.47
2025-10-02T23:57:55Z,510,,2.5,73,4.2,2.4,93.7,5.35
2025-10-03T01:57:52Z,510,,1.8,74.5,4.09,1.5,95.4,5.13
2025-10-03T03:57:44Z,885,,3.2,79.2,4.77,2.4,91.5,5.23
2025-10-03T05:57:05Z,870,,3.4,76.1,4.65,2.4,89.9,5.14
2025-10-03T07:57:57Z,1905,,7.4,77.5,6.16,5.6,82,5.8
2025-10-03T09:57:45Z,1725,,9.7,68.6,6.32,7.1,79.2,6.18
2025-10-03T11:57:38Z,1710,,12.1,59,6.32,8.2,74.1,6.2
2025-10-03T13:57:12Z,1245,,12,56.9,6.06,8.5,75.9,6.48
2025-10-03T15:57:06Z,1005,,10.4,59.2,5.7,7.6,78.8,6.35
2025-10-03T17:56:30Z,720,,8.9,63.1,5.53,7.2,83.6,6.56
2025-10-03T19:56:06Z,690,,6.7,68.4,5.2,5.9,85.8,6.19
2025-10-03T21:56:39Z,750,,7.7,68.4,5.55,6.3,87.6,6.48
2025-10-03T23:57:23Z,690,,7,69.1,5.35,5.6,90.4,6.39
2025-10-04T03:57:30Z,510,,3.9,72.3,4.57,3,96.1,5.72
2025-10-04T05:57:05Z,510,,3.2,78.3,4.72,5.3,96.7,6.7
2025-10-04T07:56:50Z,1110,,8.8,79,6.87,8.1,90.3,7.51
2025-10-04T09:56:10Z,2145,,13.2,71.2,8.17,9.1,83.7,7.42
2025-10-04T11:56:51Z,1515,,13.9,62.3,7.47,8.9,87.2,7.64
2025-10-04T13:57:32Z,1155,,12.3,63.1,6.85,8.3,88,7.42
2025-10-04T15:58:14Z,1080,,10.2,64.9,6.17,7.6,85,6.85
2025-10-04T17:59:01Z,1185,,9.4,65,5.88,7.1,80.7,6.29
2025-10-04T19:59:17Z,765,,9.5,68.4,6.22,8,88.3,7.3
2025-10-04T21:58:40Z,525,,10.3,68.4,6.55,8.9,93.1,8.15
2025-10-04T23:58:24Z,525,,10.6,69.3,6.76,9,97.1,8.56
2025-10-05T01:58:12Z,525,,9.9,71.2,6.65,9.2,92.1,8.22
2025-10-05T03:57:37Z,690,,9.7,73.3,6.76,9.4,88.8,8.03
2025-10-05T05:58:16Z,1020,,10.2,76.2,7.25,9.7,87.8,8.09
2025-10-05T07:57:42Z,1380,,12,75.2,8.01,10.2,87.2,8.3
2025-10-05T09:58:33Z,1425,,13.9,68.1,8.16,10.3,87.7,8.4
2025-10-05T11:59:14Z,1185,,12.7,73.2,8.15,9.7,95.5,8.8
2025-10-05T13:59:51Z,1095,,11.6,74.1,7.7,9.5,93,8.46
2025-10-05T16:00:16Z,900,,10.8,76.1,7.52,8.8,100,8.7
2025-10-05T18:00:12Z,960,,10.7,80,7.85,9,100,8.81
2025-10-05T20:00:57Z,1050,,10.5,80,7.76,8.6,100,8.59
2025-10-05T22:00:15Z,1155,,10.6,81.9,7.99,8.6,100,8.59
2025-10-06T00:00:39Z,1260,,10.9,82.9,8.24,8.9,100,8.76
2025-10-06T02:01:06Z,1215,,10.8,84.7,8.37,9.3,100,8.98
2025-10-06T04:00:27Z,1260,,11.2,85,8.61,9.6,100,9.16
2025-10-06T05:59:54Z,1395,,11.2,84.8,8.59,9.2,100,8.93
2025-10-06T08:00:02Z,1485,,11.9,84.3,8.92,9.5,100,9.1
2025-10-06T09:59:50Z,1515,,12.6,83.6,9.24,10,100,9.39
2025-10-06T11:59:37Z,1635,,13.5,85.1,9.95,10.8,100,9.88
2025-10-06T13:59:45Z,1485,,14,82.9,10.0,11.4,100,10.26
2025-10-06T16:00:17Z,1350,,13.3,84.3,9.74,11.2,100,10.13
2025-10-06T18:00:47Z,1215,,11.7,86.3,9.02,10.5,100,9.7
2025-10-06T20:00:50Z,1380,,12,87.6,9.33,10.6,100,9.76
2025-10-06T22:00:57Z,1410,,11.8,89.2,9.38,10.4,100,9.63
2025-10-07T00:01:03Z,1350,,11.4,88.7,9.1,10.3,100,9.57
2025-10-07T02:00:38Z,1260,,11.1,89.4,9.0,10.3,100,9.57
2025-10-07T04:00:18Z,1470,,12,90.8,9.67,10.7,100,9.82
2025-10-07T06:00:53Z,1650,,12.5,92,10.11,11.1,100,10.07
2025-10-07T08:00:05Z,1860,,13.8,92.8,11.05,11.8,100,10.52
2025-10-07T09:59:43Z,2010,,17.5,82,12.22,13.1,100,11.41
2025-10-07T12:00:24Z,2220,,17.4,81.6,12.09,13.3,94,10.86
2025-10-07T14:01:10Z,1455,,16.7,71.8,10.2,12.9,93.7,10.56
2025-10-07T16:00:51Z,960,,14.1,77.2,9.37,12,99.7,10.62
2025-10-07T18:01:14Z,930,,12.7,82,9.12,11.6,100,10.39
2025-10-07T20:01:54Z,1080,,12.5,84.1,9.24,11.8,96.1,10.11
2025-10-07T22:01:45Z,1020,,12.3,85.1,9.24,11.4,100,10.26
2025-10-08T00:01:34Z,1080,,12,86.4,9.2,11.2,99.9,10.12
2025-10-08T02:00:38Z,1110,,12,86,9.16,11,100,10.01
2025-10-08T03:59:58Z,1230,,11.7,85.9,8.98,11,96.8,9.69
2025-10-08T06:00:00Z,1410,,12.6,87.5,9.68,11.3,98,9.99
2025-10-08T08:00:02Z,1515,,14.3,80.4,9.87,11.7,96,10.04
2025-10-08T09:59:14Z,1245,,13.5,82.6,9.66,11.4,100,10.26
2025-10-08T11:59:09Z,1365,,13.2,85,9.76,11.4,100,10.26
2025-10-08T13:59:34Z,1380,,12.9,86.6,9.76,11.3,100,10.2
2025-10-08T15:59:33Z,1380,,12.6,88.1,9.74,11.2,100,10.13
2025-10-08T18:00:07Z,1410,,12.4,88.9,9.71,11,100,10.01
2025-10-08T20:00:06Z,1485,,12.1,88.7,9.51,10.5,100,9.7
2025-10-08T21:59:57Z,1515,,12,89.7,9.56,10.5,100,9.7
2025-10-09T00:00:38Z,1545,,12.3,90.6,9.83,10.9,100,9.94
2025-10-09T02:00:32Z,1545,,12.5,91.1,10.01,11.1,100,10.07
2025-10-09T04:00:56Z,1545,,12.5,91,10.0,11.2,100,10.13
2025-10-09T06:01:29Z,1620,,12.8,92.3,10.33,11.4,100,10.26
2025-10-09T08:01:20Z,1830,,14,93.4,11.26,12.2,100,10.79
2025-10-09T10:01:52Z,1965,,15.9,88.5,11.98,12.8,99.5,11.14
2025-10-09T12:02:30Z,2700,,18.9,74.3,12.03,13.1,90.4,10.31
2025-10-09T14:02:50Z,1485,,17,68.2,9.86,12.4,92.5,10.1
2025-10-09T18:03:30Z,735,,10.3,81.8,7.83,9.9,100,9.33
2025-10-09T20:03:50Z,720,,9,85.6,7.54,9.2,100,8.93
2025-10-09T22:03:09Z,915,,9.7,87.8,8.09,9.7,100,9.22
2025-10-10T00:02:31Z,1245,,11,89.7,8.98,10.3,100,9.57
2025-10-10T02:02:28Z,1380,,11.4,88.4,9.07,10,100,9.39
2025-10-10T04:02:48Z,1395,,10.6,87.7,8.56,9.1,100,8.87
2025-10-10T06:02:48Z,1575,,10.5,90.1,8.74,8.9,100,8.76
2025-10-10T08:02:02Z,1590,,11.6,85.8,8.91,9.2,100,8.93
2025-10-10T10:02:11Z,2355,,14.9,73.6,9.38,9.5,89.1,8.11
2025-10-10T12:01:56Z,1815,,18.1,51.1,7.89,10.1,80.4,7.6
2025-10-10T14:02:20Z,1020,,16.1,46.6,6.39,10.2,75.1,7.14
2025-10-10T16:02:30Z,525,,9.6,54.1,4.95,7.3,86.7,6.85
2025-10-10T18:02:27Z,525,,4.2,61.7,3.98,4.3,94.1,6.11
2025-10-10T20:01:55Z,525,,2.8,67,3.93,3.3,97.1,5.89
2025-10-10T22:01:08Z,525,,4.4,75.4,4.92,4.4,98.1,6.41
2025-10-11T00:01:06Z,525,,7.4,78,6.2,7.5,95.5,7.64
2025-10-11T02:00:53Z,525,,9.1,79.1,7.02,8.9,98.5,8.63
2025-10-11T04:00:48Z,525,,8.3,80.2,6.76,8.2,100,8.37
2025-10-11T06:01:22Z,1125,,7.7,86.6,7.02,8.9,87.7,7.68
2025-10-11T08:00:55Z,1890,,11.5,69,7.12,11.6,64.7,6.72
2025-10-11T10:01:23Z,1635,,15.6,46.5,6.18,11.1,60.6,6.1
2025-10-11T12:00:44Z,1680,,16.9,40.5,5.82,10.5,58.8,5.7
2025-10-11T14:00:17Z,1155,,14.2,43.5,5.31,9.6,63.1,5.78
2025-10-11T15:59:47Z,825,,10.2,56.1,5.34,8.3,73.6,6.2
2025-10-11T17:59:25Z,525,,7.5,61.2,4.9,6.6,80.3,6.06
2025-10-11T19:58:54Z,525,,5.1,65,4.45,4.9,86.5,5.84
2025-10-11T21:58:49Z,525,,3.9,69.9,4.42,4,91.5,5.82
2025-10-11T23:58:35Z,525,,4,75.4,4.8,3.8,93.9,5.89
2025-10-12T01:59:02Z,690,,5.3,74.3,5.15,4.2,94.6,6.1
2025-10-12T03:58:35Z,855,,5.6,77.9,5.51,4.7,94.9,6.32
2025-10-12T05:58:02Z,915,,5,82.3,5.59,4.5,96,6.31
2025-10-12T07:57:40Z,1530,,7.8,78.7,6.42,5.8,90.2,6.46
2025-10-12T09:58:11Z,1530,,11.5,62.2,6.42,7.3,82.2,6.49
2025-10-12T11:58:27Z,1245,,12,55.6,5.92,7.9,76.1,6.25
2025-10-12T13:59:00Z,1050,,11.2,55.2,5.59,7.6,76.8,6.19
2025-10-12T15:58:59Z,915,,7.8,65.9,5.38,6.5,82.2,6.16
2025-10-12T17:59:21Z,1185,,6.3,74.2,5.49,6,81.2,5.89
2025-10-12T19:58:28Z,1230,,6.8,65.3,4.99,6.1,72.6,5.3
2025-10-12T21:58:26Z,1110,,5.8,68,4.87,4.9,78.7,5.31
2025-10-12T23:57:53Z,1065,,4.7,72.1,4.8,4.1,82.1,5.26
2025-10-13T01:57:46Z,1140,,4.5,74.1,4.87,4.1,80.8,5.17
2025-10-13T03:57:15Z,1110,,4.9,72.2,4.87,3.9,83.1,5.25
2025-10-13T05:57:22Z,1365,,6.1,74.8,5.46,4.7,85,5.66
2025-10-13T07:56:33Z,1515,,8.6,68.2,5.86,5.9,82.3,5.93
2025-10-13T09:55:54Z,1485,,10.4,58.3,5.62,6.6,76,5.74
2025-10-13T11:55:27Z,1320,,10.9,56.5,5.62,6.8,77.1,5.9
2025-10-13T13:55:17Z,1245,,9.9,60.1,5.61,6.3,80.8,5.98
2025-10-13T15:55:03Z,1050,,8.1,66.3,5.52,5.4,87.7,6.12
2025-10-13T17:54:58Z,1140,,7.1,75.6,5.9,4.7,95.8,6.38
2025-10-13T19:54:14Z,1170,,6.8,76.7,5.87,4.7,94,6.26
2025-10-13T21:53:24Z,1245,,6.8,76.5,5.85,4.8,92.9,6.23
2025-10-13T23:53:09Z,1215,,6.7,75.4,5.73,4.6,92.6,6.13
2025-10-14T01:53:24Z,1155,,6.2,76.8,5.65,4.1,94.3,6.04
2025-10-14T03:53:28Z,1200,,6.1,80.4,5.87,3.9,98.5,6.22
2025-10-14T05:52:42Z,1305,,6.4,82.7,6.16,4.1,100,6.4
2025-10-14T07:52:39Z,1470,,7.7,83.1,6.74,5.3,98.9,6.86
2025-10-14T09:52:05Z,1530,,9.6,74.9,6.86,6.6,91.9,6.94
2025-10-14T13:53:23Z,1050,,11.1,58.6,5.9,7.2,83,6.51
2025-10-14T15:53:55Z,885,,8.2,66.4,5.56,5.5,91.1,6.4
2025-10-14T17:53:49Z,885,,6.6,72.4,5.47,4.7,93.7,6.24
2025-10-14T19:53:41Z,1005,,6,78.4,5.69,4.4,96.2,6.28
2025-10-14T21:53:39Z,1080,,5.9,81,5.84,4.2,98.3,6.34
2025-10-14T23:53:03Z,1065,,5,82.7,5.62,3.3,100,6.07
2025-10-15T01:53:45Z,1260,,5.6,83.8,5.92,3.3,100,6.07
2025-10-15T03:53:20Z,1110,,5.4,81,5.65,3,100,5.95
2025-10-15T05:53:29Z,1215,,5.2,82.7,5.69,2.7,100,5.83
2025-10-15T07:54:11Z,1725,,7.8,85.1,6.94,4.9,100,6.75
2025-10-15T09:53:49Z,1830,,10.4,78.9,7.6,6.6,96.3,7.27
2025-10-15T11:53:55Z,2025,,13.4,68.5,7.96,8.4,86.9,7.37
2025-10-15T13:54:45Z,1320,,12.6,66.4,7.34,8.9,88.2,7.72
2025-10-15T15:54:02Z,990,,10.7,69.7,6.84,8.4,90.3,7.66
2025-10-15T17:53:36Z,960,,9.8,74.2,6.88,8.1,93.5,7.78
2025-10-15T19:54:22Z,825,,8.5,77.5,6.62,7.4,97.1,7.72
2025-10-15T21:55:01Z,525,,6.4,77.9,5.8,5.7,99.9,7.11
2025-10-15T23:55:06Z,525,,5,80.5,5.47,4.9,100,6.75
2025-10-16T01:54:33Z,525,,4.7,80.5,5.36,4.4,100,6.53
2025-10-16T03:54:48Z,1095,,6.4,85.2,6.35,5.4,100,6.98
2025-10-16T05:54:41Z,1215,,8.4,85.6,7.26,7,100,7.75
2025-10-16T07:55:09Z,1515,,9.8,87.2,8.09,7.9,100,8.21
2025-10-16T09:55:20Z,1605,,11.4,86.5,8.88,9.1,100,8.87
2025-10-16T11:55:43Z,1665,,12,68.6,7.31,8.1,86.7,7.21
2025-10-16T13:55:08Z,1245,,11.2,55.3,5.6,7.5,74.3,5.95
2025-10-16T15:55:02Z,525,,6.8,59.7,4.57,4.8,83,5.57
2025-10-16T17:55:29Z,525,,3.2,70.6,4.26,3.4,84.6,5.17
2025-10-16T19:55:59Z,510,,2.4,73.6,4.2,1.7,90.5,4.93
2025-10-16T21:55:51Z,510,,0.7,71.9,3.66,-0.2,95.6,4.57
2025-10-16T23:56:27Z,525,,0,74.5,3.61,-1.2,98.7,4.4
2025-10-17T01:56:05Z,525,,-1.2,71.2,3.18,-2.2,100,4.16
2025-10-17T03:55:28Z,525,,-2.5,73.6,3.0,-2.6,100,4.05
2025-10-17T05:55:12Z,525,,-0.7,76.3,3.53,-1.1,100,4.49
2025-10-17T07:54:42Z,1140,,3.4,97.3,5.94,5.5,91.6,6.43
2025-10-17T09:55:06Z,3270,,10.6,86.9,8.48,7.5,78.5,6.28
2025-10-17T11:55:27Z,2115,,15.4,47.9,6.29,6.5,76.2,5.71
2025-10-17T13:55:49Z,1080,,13,43.7,4.95,6.5,72.7,5.45
2025-10-17T15:55:57Z,525,,5.8,51.4,3.68,3.2,84.5,5.09
2025-10-17T17:55:27Z,525,,0.4,57.6,2.87,0.3,91.1,4.51
2025-10-17T19:55:34Z,510,,-1.3,60.8,2.69,-1.2,95,4.24
2025-10-17T21:54:54Z,510,,-2,61.6,2.6,-2.3,97.2,4.02
2025-10-17T23:55:30Z,525,,-2.1,65.6,2.75,-2.6,99.2,4.01
2025-10-18T01:54:42Z,525,,-1.7,67.3,2.9,-2.8,100,3.99
2025-10-18T03:54:27Z,525,,-2.6,68.8,2.78,-3.2,100,3.88
2025-10-18T05:55:02Z,525,,-1.4,72.9,3.21,-2.3,100,4.13
2025-10-18T07:54:10Z,510,,1.1,87.5,4.58,3.2,94.6,5.7
2025-10-18T09:54:43Z,3255,,7.8,97.5,7.96,5.3,85,5.89
2025-10-18T11:54:13Z,2295,,14.2,51.8,6.32,4.9,82,5.54
2025-10-18T13:54:32Z,1185,,11.6,47.9,4.98,4.9,79.8,5.39
2025-10-18T15:55:09Z,525,,4.9,53.5,3.61,1.9,87.4,4.83
2025-10-18T17:54:40Z,510,,-0.7,57.9,2.68,-1.2,93.1,4.16
2025-10-18T19:54:23Z,510,,-3.4,60.3,2.31,-3.2,96.3,3.73
2025-10-18T21:55:05Z,510,,-4.3,62.1,2.23,-4.1,98.4,3.58
2025-10-18T23:55:17Z,510,,-4.3,63.5,2.28,-4.2,99.7,3.6
2025-10-19T01:54:54Z,510,,-4.5,66,2.33,-4.6,100,3.51
2025-10-19T03:54:21Z,525,,-4.2,66.1,2.39,-4.7,100,3.49
2025-10-19T05:54:54Z,525,,-4.3,66.5,2.38,-4.2,100,3.61
2025-10-19T07:55:36Z,525,,0.4,83.8,4.18,3.6,95.8,5.93
2025-10-19T09:55:48Z,3000,,9.1,92.5,8.21,8.2,77.9,6.52
2025-10-19T11:55:02Z,2985,,14.8,57.2,7.24,8.4,68.5,5.81
2025-10-19T13:54:25Z,1245,,12.4,53.8,5.88,7.5,78.5,6.28
2025-10-19T15:53:56Z,525,,7.3,60.6,4.79,5.5,89.9,6.31
2025-10-19T17:54:50Z,510,,3.1,64.5,3.86,2.8,94.6,5.55
2025-10-19T19:55:34Z,510,,1.2,63.7,3.35,0.6,97.3,4.92
2025-10-19T21:55:11Z,510,,-0.5,66.5,3.12,-1,98.9,4.48
2025-10-19T23:54:26Z,525,,-1.1,65.7,2.95,-2,100,4.22
2025-10-20T01:54:34Z,510,,-2.1,63.4,2.66,-2.8,100,3.99
2025-10-20T03:54:42Z,525,,-2.9,65.3,2.59,-3.4,100,3.82
2025-10-20T05:54:23Z,510,,-2,69.3,2.92,-2.8,100,3.99
2025-10-20T07:54:06Z,510,,2.4,81.4,4.65,4.1,98.9,6.33
2025-10-20T09:53:57Z,1890,,9.9,86.1,8.04,8.6,88.4,7.59
2025-10-20T11:54:40Z,2160,,13.4,70,8.13,9.3,81,7.28
2025-10-20T13:54:02Z,1050,,11.4,65.7,6.74,7.9,90.1,7.4
2025-10-20T15:54:17Z,510,,8.7,67.1,5.8,6.7,93.1,7.07
2025-10-20T17:54:48Z,510,,4.1,70.5,4.51,4,96.8,6.16
2025-10-20T19:54:42Z,525,,4,72.1,4.59,2.9,98.6,5.83
2025-10-20T21:54:55Z,525,,5.8,74.4,5.33,4.8,99.5,6.67
2025-10-20T23:54:17Z,585,,7.1,77.3,6.03,7.3,92.1,7.28
2025-10-21T01:54:11Z,975,,7.4,77,6.12,7,88.5,6.86
2025-10-21T03:54:51Z,495,,5.4,73.3,5.11,5.2,92.4,6.36
2025-10-21T05:54:23Z,870,,5.6,77.8,5.5,6,86.8,6.3
2025-10-21T07:54:05Z,1845,,7.8,83.5,6.81,7.3,82.8,6.54
2025-10-21T09:54:25Z,2730,,12,67.9,7.23,7.3,77.1,6.09
2025-10-21T11:54:34Z,2595,,12.9,53.4,6.02,6.7,68.6,5.21
2025-10-21T13:54:40Z,1545,,10.5,52,5.04,7,65.4,5.07
2025-10-21T15:54:39Z,570,,7.4,56,4.45,6.3,73,5.4
2025-10-21T17:54:48Z,510,,5.3,64,4.44,6,81.8,5.94
2025-10-21T19:55:20Z,510,,5,68.5,4.66,6,87.9,6.38
2025-10-21T21:55:04Z,495,,4.9,71.2,4.81,5.8,90.2,6.46
2025-10-21T23:54:58Z,510,,4.5,72.5,4.77,5.2,92.1,6.34
2025-10-22T01:55:29Z,510,,4.6,75.4,4.99,4.8,93.7,6.28
2025-10-22T03:55:24Z,735,,5.6,75.6,5.34,4.4,94.8,6.19
2025-10-22T05:56:03Z,870,,5.9,73.8,5.32,3.8,95.6,6.0
2025-10-22T07:56:10Z,975,,6.4,74.3,5.54,4.1,95.9,6.14
2025-10-22T09:56:25Z,1305,,8.5,72.6,6.2,5,95.5,6.49
2025-10-22T11:56:18Z,1365,,9.7,70.6,6.51,6.1,92.5,6.76
2025-10-22T13:56:20Z,1560,,10.5,69.6,6.75,7.4,85.4,6.79
2025-10-22T15:56:41Z,1305,,9.7,69.7,6.42,7.6,84.1,6.77
2025-10-22T17:56:31Z,900,,9,70.5,6.21,6.6,93.2,7.04
2025-10-22T19:56:12Z,945,,8.2,73.4,6.15,6.8,90,6.88
2025-10-22T21:57:02Z,975,,8,74.3,6.14,6.5,92,6.9
2025-10-22T23:56:30Z,975,,7.8,75.2,6.14,6.3,92.8,6.87
2025-10-23T01:57:01Z,1005,,7.8,75.6,6.17,6.4,91.6,6.82
2025-10-23T03:57:46Z,870,,7.9,75.3,6.18,5.6,100,7.07
2025-10-23T05:58:06Z,900,,7.7,75.2,6.1,5.3,100,6.93
2025-10-23T07:57:19Z,1050,,8.1,76.4,6.36,5.4,100,6.98
2025-10-23T09:56:58Z,1200,,8.7,77.1,6.67,5.8,100,7.16
2025-10-23T11:56:48Z,1200,,8.9,77.9,6.82,6,100,7.26
2025-10-23T13:57:11Z,1200,,8.9,78,6.83,6.1,100,7.31
2025-10-23T15:56:37Z,1140,,8.6,78.3,6.73,6.1,100,7.31
2025-10-23T17:55:59Z,1140,,8.6,78.7,6.76,6.2,100,7.35
2025-10-23T19:55:38Z,1200,,8.8,80.2,6.98,6.4,100,7.45
2025-10-23T21:55:06Z,1260,,9,81.2,7.16,6.6,100,7.55
2025-10-23T23:54:40Z,1275,,9.1,80.7,7.16,6.8,100,7.65
2025-10-24T01:54:36Z,1275,,9.1,81,7.19,6.7,100,7.6
2025-10-24T03:55:19Z,1305,,8.9,81.7,7.16,6.6,100,7.55
2025-10-24T05:54:26Z,1305,,8.9,81.9,7.17,6.6,100,7.55
2025-10-24T07:54:19Z,1305,,9.4,82.2,7.43,7.2,100,7.85
2025-10-24T09:54:39Z,1380,,10.3,81,7.75,7.5,100,8.0
2025-10-24T11:55:07Z,1410,,10.5,80.6,7.81,7.7,100,8.11
2025-10-24T13:55:22Z,1380,,10.3,80.3,7.69,7.6,100,8.06
2025-10-24T15:55:13Z,1305,,10.1,81.2,7.68,7.7,100,8.11
2025-10-24T17:56:03Z,1275,,10.2,81.9,7.79,7.9,100,8.21
2025-10-24T19:56:13Z,1305,,10.4,82.9,7.99,8.2,100,8.37
2025-10-24T21:56:05Z,1365,,10.6,83.4,8.14,8.4,100,8.48
2025-10-24T23:56:11Z,1380,,10.7,84.6,8.31,8.6,100,8.59
2025-10-25T01:55:24Z,1380,,10.9,85.3,8.48,8.9,100,8.76
2025-10-25T03:55:26Z,1380,,11.2,85.8,8.69,9.4,100,9.04
2025-10-25T05:54:57Z,1410,,11.5,86.3,8.91,9.6,100,9.16
2025-10-25T07:55:40Z,1530,,11.9,87,9.21,9.8,100,9.27
2025-10-25T09:55:04Z,1530,,12.3,86,9.33,10,100,9.39
2025-10-25T11:54:26Z,1545,,12.3,85.3,9.26,9.9,100,9.33
2025-10-25T13:55:02Z,1545,,11.8,85.2,8.96,9.4,100,9.04
2025-10-25T15:54:40Z,1470,,11.5,86,8.88,9.5,100,9.1
2025-10-25T17:54:48Z,1440,,11.6,86.3,8.97,9.6,100,9.16
2025-10-25T19:54:20Z,1500,,11.5,87,8.98,9.5,100,9.1
2025-10-25T21:54:03Z,1515,,11.5,87.4,9.02,9.7,100,9.22
2025-10-25T23:54:07Z,1515,,11.7,87.7,9.17,9.8,100,9.27
2025-10-26T01:54:19Z,1530,,11.8,87.9,9.25,9.8,100,9.27
2025-10-26T03:54:34Z,1620,,11.7,88.1,9.21,9.7,100,9.22
2025-10-26T05:55:20Z,1605,,11.5,88.2,9.11,9.5,100,9.1
2025-10-26T07:55:49Z,1695,,11.5,88.6,9.15,9.3,100,8.98
2025-10-26T09:55:35Z,1800,,11.8,88.6,9.32,9.4,100,9.04
2025-10-26T11:54:50Z,1830,,12.1,86.5,9.27,9.1,100,8.87
2025-10-26T13:54:57Z,1665,,11.2,84.8,8.59,8.4,100,8.48
2025-10-26T15:54:38Z,1575,,9.7,85.6,7.89,7.3,100,7.9
2025-10-26T17:55:22Z,1560,,9,86.1,7.59,6.7,100,7.6
2025-10-26T19:54:52Z,1560,,8.3,85.8,7.23,6,100,7.26
2025-10-26T21:55:16Z,1575,,8,87.3,7.22,6,100,7.26
2025-10-26T23:54:50Z,1590,,8.5,88.5,7.55,6.6,100,7.55
2025-10-27T01:54:11Z,1590,,8.3,88.7,7.47,6.4,100,7.45
2025-10-27T03:53:50Z,1530,,8.9,89.7,7.86,7.4,100,7.95
2025-10-27T05:53:04Z,1395,,8.6,88.1,7.57,7.2,100,7.85
2025-10-27T07:53:00Z,1800,,9.3,90.7,8.15,7.2,100,7.85
2025-10-27T09:52:59Z,2040,,10.2,84.3,8.02,6.3,100,7.4
2025-10-27T11:53:18Z,1635,,9.7,80.9,7.46,6.2,100,7.35
2025-10-27T13:52:46Z,1560,,8.7,83.2,7.19,5.9,100,7.21
2025-10-27T15:52:32Z,1560,,8.3,84.5,7.12,5.8,100,7.16
2025-10-27T17:52:49Z,1425,,7.4,84.4,6.71,5.3,100,6.93
2025-10-27T19:53:08Z,1590,,7.5,85.8,6.87,5.2,100,6.89
2025-10-27T23:52:21Z,1470,,6.6,85.2,6.43,4.3,100,6.49
2025-10-28T01:52:39Z,1395,,6.3,83.5,6.18,3.9,100,6.32
2025-10-28T03:52:06Z,1440,,6.2,84.8,6.24,3.7,100,6.23
2025-10-28T05:52:33Z,1230,,5.5,84.8,5.96,3.7,100,6.23
2025-10-28T07:53:01Z,1860,,7.6,90.3,7.27,5.3,100,6.93
2025-10-28T09:52:22Z,2040,,9.2,86.4,7.71,5.7,100,7.12
2025-10-28T11:52:08Z,2040,,9.1,85.9,7.62,5.5,100,7.02
2025-10-28T13:52:31Z,1920,,9.4,83.9,7.59,5.8,100,7.16
2025-10-28T15:52:34Z,1590,,8.2,83.3,6.97,5.4,100,6.98
2025-10-28T17:52:38Z,1590,,7.7,84.5,6.85,5.1,100,6.84
2025-10-28T19:52:01Z,1665,,7.4,85.8,6.82,4.9,100,6.75
2025-10-28T21:52:45Z,1665,,7.5,86.1,6.89,5,100,6.8
2025-10-28T23:51:57Z,1755,,7.7,86.4,7.0,5,100,6.8
2025-10-29T01:51:12Z,1665,,7.6,86.1,6.94,5.2,100,6.89
2025-10-29T03:51:19Z,1410,,7.1,82.8,6.46,4.7,100,6.66
2025-10-29T05:50:38Z,1470,,6.3,85.7,6.34,4,100,6.36
2025-10-29T07:50:04Z,1980,,8.5,89.4,7.63,5.7,100,7.12
2025-10-29T09:50:26Z,2100,,10.3,88.2,8.44,6.9,100,7.7
2025-10-29T11:50:41Z,2250,,11.2,88.1,8.93,7.3,100,7.9
2025-10-29T13:50:23Z,1755,,10.5,82.7,8.02,7.1,100,7.8
2025-10-29T15:51:23Z,1500,,9,82.4,7.26,6.3,100,7.4
2025-10-29T17:51:02Z,1245,,7.8,80.9,6.6,5.6,100,7.07
2025-10-29T19:50:47Z,735,,4.7,78.8,5.25,3.4,100,6.11
2025-10-29T21:50:20Z,1035,,4.3,84.8,5.5,2.8,100,5.87
2025-10-29T23:51:09Z,900,,4.7,80.3,5.35,2.8,100,5.87
2025-10-30T01:51:48Z,810,,3,82,4.88,1.5,100,5.37
2025-10-30T03:52:04Z,720,,3,80.4,4.78,1.6,100,5.41
2025-10-30T05:51:23Z,705,,1.9,82.6,4.56,0.7,100,5.09
2025-10-30T07:51:37Z,1065,,4.1,89.3,5.72,3.4,100,6.11
2025-10-30T09:51:50Z,2160,,9.2,94.7,8.45,6.7,100,7.6
2025-10-30T11:51:02Z,2010,,9.9,86.9,8.11,6.5,100,7.5
2025-10-30T13:51:16Z,1725,,9.4,85.8,7.76,6.5,100,7.5
2025-10-30T15:51:02Z,1590,,9,86.6,7.63,6.7,100,7.6
2025-10-30T17:51:05Z,1575,,9.2,87.6,7.82,7.2,100,7.85
2025-10-30T19:51:21Z,1560,,9.3,86.9,7.81,7.2,100,7.85
2025-10-30T21:51:07Z,1530,,9.3,86.9,7.81,7.3,100,7.9
2025-10-30T23:51:13Z,1530,,9.3,86.5,7.77,7.3,100,7.9
2025-10-31T01:50:43Z,1500,,9.1,86.5,7.67,7.1,100,7.8
2025-10-31T03:50:20Z,1560,,9,86.9,7.66,6.8,100,7.65
2025-10-31T05:49:55Z,1725,,8.6,86.5,7.43,6.1,100,7.31
2025-10-31T07:50:06Z,1785,,8.4,86.8,7.36,5.6,100,7.07
2025-10-31T09:50:21Z,1890,,8.8,86.9,7.56,5.7,100,7.12
2025-10-31T11:50:02Z,1935,,9.2,86.5,7.72,5.9,100,7.21
2025-10-31T13:50:16Z,1755,,8.8,85.2,7.41,5.8,100,7.16
2025-10-31T15:50:43Z,1665,,8,85.8,7.09,5.5,100,7.02
2025-10-31T17:51:04Z,1545,,7.5,85.5,6.84,5.2,100,6.89
2025-10-31T19:51:53Z,1695,,7.3,87.5,6.91,4.9,100,6.75
2025-10-31T21:51:58Z,1620,,7.2,85.7,6.73,4.7,100,6.66
2025-10-31T23:52:20Z,1065,,5.8,81,5.8,3.9,100,6.32
2025-11-01T01:52:52Z,1125,,4.4,85.5,5.58,2.8,100,5.87
2025-11-01T03:53:03Z,1515,,5.8,87.4,6.26,3.4,100,6.11
2025-11-01T05:52:26Z,1710,,6.7,87.4,6.64,4.1,100,6.4
2025-11-01T07:52:51Z,1950,,7.7,88.7,7.19,4.8,100,6.71
2025-11-01T09:53:02Z,2175,,9.1,90.4,8.02,5.8,100,7.16
2025-11-01T11:52:42Z,2025,,9.8,86.8,8.05,6.3,100,7.4
2025-11-01T13:53:26Z,1755,,9.5,83.1,7.56,6.1,100,7.31
2025-11-01T15:53:40Z,1560,,8.2,83.7,7.01,5.5,100,7.02
2025-11-01T17:54:17Z,1545,,7.5,84.5,6.76,5,100,6.8
2025-11-01T19:54:16Z,1590,,7.4,85.4,6.79,4.9,100,6.75
2025-11-01T21:54:39Z,1590,,7.2,85.9,6.74,5,100,6.8
2025-11-01T23:54:09Z,1515,,7.4,85.8,6.82,5.3,100,6.93
2025-11-02T01:54:22Z,1395,,8.3,88.8,7.48,7,100,7.75
2025-11-02T03:54:46Z,1140,,7.5,86.3,6.91,6.5,100,7.5
2025-11-02T05:54:48Z,1140,,7.2,87.1,6.84,6.2,100,7.35
2025-11-02T07:54:35Z,1530,,8.2,88.6,7.42,6.7,99.6,7.57
2025-11-02T09:54:44Z,1635,,8.5,86.7,7.4,6.1,100,7.31
2025-11-02T11:54:34Z,1815,,9.1,87.8,7.79,6.4,100,7.45
2025-11-02T13:53:53Z,1620,,9.1,88.2,7.82,7.1,100,7.8
2025-11-02T15:54:29Z,1680,,9.6,89.9,8.23,7.7,100,8.11
2025-11-02T17:54:06Z,1695,,10.1,90.1,8.52,8.2,100,8.37
2025-11-02T19:53:12Z,1695,,10.1,89.6,8.47,8.2,100,8.37
2025-11-02T21:52:54Z,1665,,9.7,87.8,8.09,7.6,100,8.06
2025-11-02T23:52:48Z,1590,,9.4,87.6,7.92,7.4,100,7.95
2025-11-03T01:52:55Z,1560,,9.2,87.9,7.85,7.2,100,7.85
2025-11-03T03:53:47Z,1665,,9.7,90.2,8.31,7.9,100,8.21
2025-11-03T05:53:18Z,1665,,10,89.7,8.43,8.1,100,8.32
2025-11-03T07:53:57Z,1755,,10.3,90.8,8.69,8.4,100,8.48
2025-11-03T09:54:28Z,1920,,11.7,90,9.41,9.1,100,8.87
2025-11-03T11:54:11Z,1830,,12.7,84.7,9.42,9.4,100,9.04
2025-11-03T13:54:46Z,1560,,11.1,84.6,8.52,8.6,100,8.59
2025-11-03T15:54:38Z,1215,,8.9,84.5,7.4,7.4,100,7.95
2025-11-03T17:54:52Z,1470,,8.5,87.8,7.49,6.8,100,7.65
2025-11-03T19:55:23Z,1560,,8.6,87,7.47,6.5,100,7.5
2025-11-03T21:55:25Z,1530,,8.2,85,7.12,6,100,7.26
2025-11-03T23:55:20Z,1200,,7.2,81,6.36,5.1,100,6.84
2025-11-04T01:54:54Z,780,,4.4,80,5.22,2.9,100,5.91
2025-11-04T03:54:12Z,1290,,4.8,86.2,5.78,2.8,100,5.87
2025-11-04T05:54:30Z,1530,,6.3,87.1,6.45,4.2,100,6.44
2025-11-04T07:54:59Z,1590,,7.8,89.5,7.3,6.1,100,7.31
2025-11-04T09:54:52Z,1980,,10.7,94.4,9.27,8.6,100,8.59
2025-11-04T11:55:24Z,1860,,12,85.4,9.1,8.7,100,8.65
2025-11-04T13:55:32Z,1605,,10.6,85.2,8.31,7.9,100,8.21
2025-11-04T15:55:31Z,1560,,10.4,88.6,8.54,8.4,100,8.48
2025-11-04T17:54:58Z,1605,,10.8,90,8.89,9.1,100,8.87
2025-11-04T19:54:18Z,1605,,11.4,91,9.34,10,100,9.39
2025-11-04T21:54:19Z,1590,,11.9,90.8,9.61,10.3,100,9.57
2025-11-04T23:54:35Z,1605,,12,90.8,9.67,10.5,100,9.7
2025-11-05T01:54:12Z,1560,,12.1,90.6,9.71,10.6,100,9.76
2025-11-05T03:54:48Z,1635,,12.1,90.7,9.72,10.5,100,9.7
2025-11-05T05:55:28Z,1635,,12.1,90.7,9.72,10.5,100,9.7
2025-11-05T07:56:05Z,1695,,12.3,91.3,9.91,10.6,100,9.76
2025-11-05T09:55:19Z,1725,,12.6,91,10.06,10.7,100,9.82
2025-11-05T11:56:10Z,1740,,12.4,89.6,9.79,10.4,100,9.63
2025-11-05T13:55:25Z,1665,,12,89.5,9.53,10.1,100,9.45
2025-11-05T15:55:40Z,1605,,11.6,89.2,9.27,9.8,100,9.27
2025-11-05T17:55:49Z,1530,,11.4,89.4,9.17,9.8,100,9.27
2025-11-05T19:55:17Z,1545,,11.3,89.4,9.12,9.7,100,9.22
2025-11-05T21:55:29Z,1545,,11.2,89.2,9.04,9.6,100,9.16
2025-11-05T23:54:47Z,1545,,11.2,89.1,9.03,9.6,100,9.16
2025-11-06T01:54:08Z,1575,,11.2,89.5,9.07,9.5,100,9.1
2025-11-06T03:53:41Z,1560,,11.2,89.5,9.07,9.5,100,9.1
2025-11-06T05:54:19Z,1605,,11.3,89.3,9.11,9.5,100,9.1
2025-11-06T07:54:42Z,1710,,11.6,89.6,9.31,9.6,100,9.16
2025-11-06T09:54:52Z,1695,,11.8,89.4,9.41,9.7,100,9.22
2025-11-06T11:54:46Z,1755,,12.6,88.2,9.75,10.2,100,9.51
2025-11-06T13:55:08Z,1605,,12.6,85.3,9.43,10.1,100,9.45
2025-11-06T15:54:55Z,1560,,11.8,87.2,9.17,9.8,100,9.27
2025-11-06T17:54:57Z,1575,,11.5,88,9.09,9.7,100,9.22
2025-11-06T19:54:15Z,1605,,11.2,88.9,9.01,9.3,100,8.98
2025-11-06T21:54:10Z,1665,,11.2,89.6,9.08,9.2,100,8.93
2025-11-06T23:53:23Z,1695,,11.2,90.1,9.13,9.3,100,8.98
2025-11-07T01:53:22Z,1695,,11.1,90.2,9.08,9.2,100,8.93
2025-11-07T03:52:51Z,1710,,11,90.4,9.05,9.1,100,8.87
2025-11-07T05:52:06Z,1725,,11,90.7,9.08,9.1,100,8.87
2025-11-07T07:51:24Z,1845,,11.4,91.7,9.41,9.3,100,8.98
2025-11-07T09:52:00Z,1860,,12,91.3,9.73,9.8,100,9.27
2025-11-07T11:51:46Z,1800,,12.2,91.6,9.88,10.2,100,9.51
2025-11-07T13:52:16Z,1725,,12.2,91,9.82,10.3,100,9.57
2025-11-07T15:52:32Z,1650,,11.7,90.6,9.47,10,100,9.39
2025-11-07T17:52:13Z,1620,,11.5,90.6,9.35,9.8,100,9.27
2025-11-07T19:52:23Z,1635,,11.1,91.2,9.18,9.4,100,9.04
2025-11-07T21:52:02Z,1695,,11,90.7,9.08,9.2,100,8.93
2025-11-07T23:52:40Z,1695,,10.5,89.3,8.66,8.3,100,8.43
2025-11-08T01:52:03Z,1755,,10.2,89.8,8.54,8,100,8.27
2025-11-08T03:52:35Z,1785,,10,90.1,8.46,7.8,100,8.16
2025-11-08T05:52:35Z,1755,,9.9,90.2,8.42,7.8,100,8.16
2025-11-08T07:52:55Z,1845,,10,89.7,8.43,7.5,100,8.0
2025-11-08T09:53:07Z,1920,,10.1,90.3,8.54,7.6,100,8.06
2025-11-08T11:53:01Z,1815,,10.3,90.2,8.64,8,100,8.27
2025-11-08T13:53:34Z,1725,,9.9,88.7,8.28,7.6,100,8.06
2025-11-08T15:52:55Z,1620,,9.4,88.7,8.02,7.3,100,7.9
2025-11-08T17:52:33Z,1635,,9.2,89.5,7.99,7.3,100,7.9
2025-11-08T19:52:13Z,1590,,9.1,89.3,7.92,7.2,100,7.85
2025-11-08T21:52:19Z,1635,,9,89.3,7.87,7,100,7.75
2025-11-08T23:52:17Z,1635,,9,90,7.93,7.2,100,7.85
2025-11-09T01:51:23Z,1590,,9,89.6,7.9,7.2,100,7.85
2025-11-09T03:50:37Z,1590,,8.9,89.9,7.87,7.1,100,7.8
2025-11-09T05:50:29Z,1665,,9,90.4,7.97,7.2,100,7.85
2025-11-09T07:50:16Z,1695,,9,89.3,7.87,6.9,100,7.7
2025-11-09T09:50:25Z,1665,,8.5,87.2,7.44,6.1,100,7.31
2025-11-09T11:49:44Z,1815,,8.8,88.2,7.68,6.1,100,7.31
2025-11-09T13:50:10Z,1635,,8.7,86.3,7.46,6.2,100,7.35
2025-11-09T15:50:42Z,1530,,7.9,85.1,6.99,5.7,100,7.12
2025-11-09T17:50:17Z,1650,,7.3,87.6,6.92,5,100,6.8
2025-11-09T19:49:34Z,1695,,7.5,87.5,7.0,5.2,100,6.89
2025-11-09T21:49:38Z,1710,,7.6,87.8,7.07,5.2,100,6.89
2025-11-09T23:49:49Z,1755,,7.7,88,7.13,5.3,100,6.93
2025-11-10T01:49:04Z,1815,,7.9,87.3,7.17,5.2,100,6.89
2025-11-10T03:48:51Z,1770,,7.1,84.4,6.58,3.7,100,6.23
2025-11-10T05:49:26Z,1650,,6.1,84.2,6.15,2.7,100,5.83
2025-11-10T07:49:17Z,1755,,6.1,86,6.28,2.7,100,5.83
2025-11-10T09:48:45Z,1935,,6.8,85.5,6.54,2.7,100,5.83
2025-11-10T11:49:07Z,1845,,7.2,82.6,6.48,2.9,100,5.91
2025-11-10T13:48:24Z,1590,,6.5,82,6.15,2.7,100,5.83
2025-11-10T15:47:37Z,1545,,5.9,83,5.98,2.4,100,5.71
2025-11-10T17:47:17Z,1515,,5.5,82.4,5.79,1.9,100,5.52
2025-11-10T19:46:20Z,1410,,5,81.8,5.56,1.4,100,5.34
2025-11-10T21:46:14Z,1380,,4.8,82.2,5.51,1.3,100,5.3
2025-11-10T23:46:08Z,1470,,4.9,83,5.6,1.4,100,5.34
2025-11-11T01:46:08Z,1455,,5.1,83.3,5.7,1.7,100,5.45
2025-11-11T03:45:30Z,1455,,5.2,83.4,5.74,1.9,100,5.52
2025-11-11T05:46:06Z,1530,,5.4,84.2,5.88,2.1,100,5.6
2025-11-11T07:45:44Z,1740,,6.1,86.1,6.29,2.7,100,5.83
2025-11-11T09:45:21Z,2115,,8.1,87.3,7.26,4.3,100,6.49
2025-11-11T11:44:15Z,2040,,9.3,85.5,7.68,5.7,100,7.12
2025-11-11T13:43:49Z,1560,,9,83.4,7.35,6.2,100,7.35
2025-11-11T15:43:59Z,1380,,8.2,83.8,7.02,6.1,100,7.31
2025-11-11T17:44:23Z,1365,,7.8,86,7.02,6.1,100,7.31
2025-11-11T19:43:31Z,1560,,8.5,87.9,7.5,6.6,100,7.55
2025-11-11T21:44:15Z,1590,,8.9,87.8,7.69,6.9,100,7.7
2025-11-11T23:43:41Z,1635,,8.8,87.4,7.61,6.6,100,7.55
2025-11-12T01:42:57Z,1635,,8.8,87.8,7.64,6.7,100,7.6
2025-11-12T03:42:50Z,1665,,8.7,87.7,7.58,6.5,100,7.5
2025-11-12T05:43:32Z,1650,,8.5,87.4,7.46,6.3,100,7.4
2025-11-12T07:42:38Z,1665,,8.5,87.9,7.5,6.4,100,7.45
2025-11-12T09:42:58Z,1590,,8.9,88,7.71,7,100,7.75
2025-11-12T11:43:12Z,1500,,9.2,86.9,7.76,7.3,100,7.9
2025-11-12T13:42:33Z,1410,,9,86.9,7.66,7.4,100,7.95
2025-11-12T15:42:42Z,1365,,9.4,88.5,8.0,8.2,100,8.37
2025-11-12T17:42:21Z,1335,,9.6,88.2,8.08,8.3,100,8.43
2025-11-12T19:42:32Z,1350,,9.8,88.4,8.2,8.6,100,8.59
2025-11-12T21:43:14Z,1440,,9.6,87.9,8.05,7.9,100,8.21
2025-11-12T23:42:28Z,1530,,9.3,88.3,7.93,7.5,100,8.0
2025-11-13T01:43:05Z,1530,,9.4,89,8.05,7.7,100,8.11
2025-11-13T03:43:29Z,1560,,9.6,89.7,8.21,8,100,8.27
2025-11-13T05:43:27Z,1575,,10,90.8,8.53,8.6,100,8.59
2025-11-13T07:44:02Z,1575,,10.7,91,8.94,9.3,100,8.98
2025-11-13T09:44:39Z,1605,,11,90.6,9.07,9.5,100,9.1
2025-11-13T11:45:09Z,1575,,11.1,90,9.06,9.6,100,9.16
2025-11-13T13:44:24Z,1500,,10.8,89.7,8.86,9.5,100,9.1
2025-11-13T15:45:10Z,1545,,10.5,90,8.73,9,100,8.81
2025-11-13T17:44:14Z,1605,,8.7,82.7,7.15,5.7,100,7.12
2025-11-13T19:44:12Z,1335,,6,80.6,5.85,3,100,5.95
2025-11-13T21:44:02Z,1140,,4.5,81.2,5.34,1.8,100,5.49
2025-11-13T23:44:53Z,1065,,3.6,81.6,5.05,1.1,100,5.23
2025-11-14T01:45:23Z,930,,2.7,81.7,4.76,0.5,100,5.02
2025-11-14T03:44:52Z,675,,1.2,79.9,4.21,-0.7,100,4.62
2025-11-14T05:44:53Z,480,,-0.1,81.1,3.91,-1.5,100,4.37
2025-11-14T07:44:46Z,495,,-0.9,83.8,3.82,-0.8,100,4.59
2025-11-14T09:45:26Z,1290,,2.3,95.5,5.42,1.5,100,5.37
2025-11-14T11:44:42Z,1530,,4.6,87.9,5.82,1.8,100,5.49
2025-11-14T13:44:11Z,855,,3.4,77.9,4.76,0.8,100,5.12
2025-11-14T15:44:36Z,825,,1.4,83.2,4.44,-0.4,100,4.72
2025-11-14T17:45:19Z,765,,1.2,79.6,4.19,-1.2,100,4.46
2025-11-14T19:45:50Z,540,,-0.4,81.3,3.84,-2.1,100,4.19
2025-11-14T21:46:18Z,495,,-1.3,80.7,3.58,-2.8,100,3.99
2025-11-14T23:46:37Z,480,,-1.9,84.5,3.59,-3,100,3.93
2025-11-15T01:46:10Z,705,,-0.8,86.8,3.98,-2.2,100,4.16
2025-11-15T03:46:29Z,480,,-1.7,79.9,3.44,-3,100,3.93
2025-11-15T07:46:36Z,480,,-3.5,78.4,2.98,-3.5,100,3.8
2025-11-15T09:46:17Z,675,,-1,89.8,4.06,-1.3,98.1,4.35
2025-11-15T11:46:31Z,1020,,1.3,87.9,4.66,-0.1,98.2,4.73
2025-11-15T13:45:42Z,615,,1.3,79.5,4.21,-0.1,98.9,4.76
2025-11-15T15:46:20Z,495,,0,80.1,3.88,-0.6,100,4.65
2025-11-15T17:46:50Z,495,,0.2,83.3,4.1,-0.3,100,4.75
2025-11-15T19:47:10Z,720,,1.5,82.7,4.44,0.4,96.9,4.83
2025-11-15T21:46:18Z,735,,1.8,79.3,4.35,0.5,95.7,4.8
2025-11-15T23:46:46Z,615,,1,78.4,4.07,0.2,93.9,4.62
2025-11-16T01:47:05Z,615,,1,79.9,4.15,0.4,93.3,4.65
2025-11-16T03:46:22Z,990,,2.3,81.1,4.6,1.3,91.1,4.83
2025-11-16T05:45:57Z,930,,2.7,80,4.66,1.6,92.7,5.02
2025-11-16T07:45:55Z,900,,3.2,81.9,4.94,2.4,94,5.37
2025-11-16T09:46:06Z,1965,,5.9,87.7,6.32,4.5,88.5,5.82
2025-11-16T11:46:34Z,2040,,7.9,81,6.65,5.3,88.5,6.13
2025-11-16T13:47:09Z,1560,,7.2,74.7,5.86,4.4,89.6,5.85
2025-11-16T15:47:43Z,705,,4.2,74.1,4.78,2.6,94.7,5.48
2025-11-16T17:47:52Z,495,,1.8,76.6,4.2,1,99.4,5.16
2025-11-16T19:47:25Z,840,,2.3,83.5,4.74,0.7,100,5.09
2025-11-16T21:47:11Z,495,,2.4,78.9,4.51,1.1,100,5.23
2025-11-16T23:47:59Z,735,,1.6,84.4,4.57,0.5,100,5.02
2025-11-17T01:47:50Z,765,,2.3,80.3,4.56,0.2,100,4.92
2025-11-17T03:48:13Z,930,,2.6,81.9,4.74,0.2,100,4.92
2025-11-17T05:48:03Z,1005,,2.9,82.9,4.9,0.6,100,5.05
2025-11-17T07:47:55Z,990,,2.9,82.1,4.85,0.5,100,5.02
2025-11-17T09:48:32Z,1515,,4.4,84.5,5.52,0.7,100,5.09
2025-11-17T11:48:07Z,1350,,4.1,80.4,5.15,0,100,4.85
2025-11-17T13:47:35Z,1125,,3.3,79.5,4.82,-0.2,100,4.78
2025-11-17T15:48:12Z,1065,,2.7,80.8,4.71,-0.5,100,4.69
2025-11-17T17:49:04Z,900,,2.3,78.3,4.44,-0.8,100,4.59
2025-11-17T19:49:44Z,495,,0,79.3,3.85,-1.8,100,4.28
2025-11-17T21:49:15Z,900,,-0.1,87.5,4.21,-2.2,100,4.16
2025-11-17T23:48:26Z,990,,1.2,83.4,4.39,-1.8,100,4.28
2025-11-18T01:48:20Z,900,,1.1,83.1,4.35,-1.4,100,4.4
2025-11-18T03:47:31Z,1035,,1.8,84.2,4.62,-0.8,100,4.59
2025-11-18T05:47:58Z,885,,1.2,80.6,4.24,-1.6,100,4.34
2025-11-18T07:47:48Z,795,,0.8,81,4.15,-1.8,100,4.28
2025-11-18T09:47:14Z,795,,0.9,78.3,4.04,-2.5,100,4.07
2025-11-18T11:47:23Z,690,,0.3,74.6,3.69,-3.4,98,3.75
2025-11-18T13:47:42Z,480,,-1.3,70.4,3.12,-4.6,97.8,3.43
2025-11-18T15:47:16Z,495,,-3.3,77.4,2.98,-5.2,100,3.36
2025-11-18T17:47:06Z,495,,-2.5,73.6,3.0,-4.7,98.9,3.45
2025-11-18T19:46:25Z,0,,-5.7,70.1,2.27,-7,100,2.95
2025-11-18T21:45:34Z,0,,-10.3,75.3,1.74,-8.7,100,2.6
2025-11-18T23:45:57Z,0,,-12.1,81.1,1.63,-9.8,100,2.4
2025-11-19T01:45:17Z,0,,-14.5,81.4,1.36,-10.8,100,2.22
2025-11-19T03:45:45Z,0,,-16.1,78.6,1.16,-10.6,100,2.26
2025-11-19T05:46:28Z,0,,-13.5,78.7,1.42,-10.5,100,2.27
2025-11-19T07:45:59Z,0,,-13.4,73,1.33,-10,100,2.36
2025-11-19T09:46:17Z,480,,-9.2,89.7,2.25,-6.4,100,3.08
2025-11-19T11:46:48Z,495,,-2.5,81.6,3.33,-4.6,100,3.51
2025-11-19T13:46:43Z,480,,-3.3,77.2,2.97,-4.5,100,3.54
2025-11-19T15:47:06Z,480,,-4.5,75.1,2.66,-5.2,100,3.36
2025-11-19T17:47:41Z,480,,-3.6,75.2,2.83,-5.2,100,3.36
2025-11-19T19:47:38Z,480,,-1.9,77.3,3.29,-4.3,100,3.59
2025-11-19T21:48:08Z,495,,-1.4,78.6,3.46,-4.1,100,3.64
2025-11-19T23:48:16Z,765,,0,80.6,3.91,-3.3,100,3.85
2025-11-20T01:48:02Z,765,,0.6,77.3,3.91,-2.8,100,3.99
2025-11-20T03:48:37Z,600,,0,78.2,3.79,-2.7,100,4.02
2025-11-20T05:48:34Z,735,,0.8,80.1,4.1,-1.7,100,4.31
2025-11-20T07:48:51Z,900,,2.4,79.8,4.56,-0.2,100,4.78
2025-11-20T09:48:59Z,855,,2.7,82.2,4.79,1,100,5.19
2025-11-20T11:48:05Z,1125,,4,85.3,5.42,2,100,5.56
2025-11-20T13:48:53Z,1095,,4.3,81.1,5.26,1.7,100,5.45
2025-11-20T15:48:18Z,1065,,4,80.7,5.13,1.4,100,5.34
2025-11-20T17:49:04Z,1065,,3.9,81.6,5.15,1.5,100,5.37
2025-11-20T19:49:23Z,1065,,4,81.3,5.17,1.4,100,5.34
2025-11-20T21:48:32Z,1050,,3.6,80.1,4.96,0.6,100,5.05
2025-11-20T23:49:14Z,1065,,3.5,80.5,4.95,0.6,100,5.05
2025-11-21T01:49:04Z,1065,,3.3,81,4.92,0.3,100,4.95
2025-11-21T03:48:33Z,1035,,2.9,80.3,4.74,0,100,4.85
2025-11-21T05:48:58Z,975,,2.9,80.4,4.75,0.1,100,4.88
2025-11-21T07:48:25Z,1005,,3,80.7,4.8,0.1,100,4.88
2025-11-21T09:48:11Z,1200,,3.7,81.4,5.07,0.4,100,4.99
2025-11-21T11:48:40Z,1470,,5,80.7,5.48,0.8,100,5.12
2025-11-21T13:48:48Z,1095,,3.6,79.2,4.9,0.2,100,4.92
2025-11-21T15:48:15Z,1065,,2.8,81.4,4.78,-0.1,100,4.82
2025-11-21T17:48:12Z,1065,,2.6,82.3,4.77,-0.3,100,4.75
2025-11-21T19:48:20Z,1095,,2.6,82.2,4.76,-0.5,100,4.69
2025-11-21T21:48:26Z,1095,,2.5,81.8,4.7,-0.7,100,4.62
2025-11-21T23:49:05Z,990,,2.1,77.8,4.36,-1.9,100,4.25
2025-11-22T01:48:19Z,765,,0.7,75.9,3.86,-3.1,100,3.91
2025-11-22T03:48:26Z,480,,-2.8,70.3,2.8,-5.5,100,3.29
2025-11-22T05:48:36Z,0,,-6.7,71.3,2.15,-7.4,100,2.87
2025-11-22T07:48:39Z,0,,-9.2,85.1,2.13,-7,100,2.95
2025-11-22T09:48:48Z,480,,-5.5,94,3.09,-3.9,100,3.69
2025-11-22T11:48:16Z,495,,-1.1,91.4,4.11,-0.3,100,4.75
2025-11-22T13:48:45Z,660,,0.4,87.6,4.37,0.1,100,4.88
2025-11-22T15:49:03Z,660,,1.7,84.6,4.61,1,100,5.19
2025-11-22T17:48:37Z,735,,2.5,85.7,4.93,2,100,5.56
2025-11-22T19:48:08Z,960,,3.7,87.2,5.44,3,100,5.95
2025-11-22T21:48:17Z,1200,,5.5,85,5.97,3.9,100,6.32
2025-11-22T23:47:41Z,1335,,6,84.9,6.16,4,100,6.36
2025-11-23T01:47:10Z,1335,,5.9,84.8,6.11,3.9,100,6.32
2025-11-23T03:47:28Z,1365,,6.1,85.1,6.22,4.1,100,6.4
2025-11-23T05:47:27Z,1170,,5.8,83.3,5.97,4,100,6.36
2025-11-23T07:46:47Z,1305,,6.1,85.7,6.26,4.4,100,6.53
2025-11-23T09:46:06Z,1530,,6.8,88,6.73,5,100,6.8
2025-11-23T11:45:45Z,1395,,7,82.7,6.41,5,97.9,6.65
2025-11-23T13:45:00Z,1335,,6.6,82.6,6.24,4.8,97.7,6.55
2025-11-23T15:44:37Z,1275,,6.3,84.1,6.23,4.5,100,6.57
2025-11-23T17:44:44Z,1260,,6.2,83.4,6.13,4,100,6.36
2025-11-23T19:44:40Z,1200,,5.6,83.9,5.93,3.7,100,6.23
2025-11-23T21:45:19Z,1260,,5.7,84.5,6.01,3.7,100,6.23
2025-11-23T23:44:27Z,1260,,5.6,83.5,5.9,3.4,100,6.11
2025-11-24T01:44:44Z,1005,,4.5,82.9,5.45,2.7,100,5.83
2025-11-24T03:43:58Z,1035,,4.4,83.2,5.43,2.4,100,5.71
2025-11-24T05:43:08Z,1035,,4.2,82.5,5.32,2.1,100,5.6
2025-11-24T07:42:24Z,1035,,3.9,82.8,5.23,1.8,100,5.49
2025-11-24T09:43:14Z,1200,,4.4,83.3,5.44,1.9,100,5.52
2025-11-24T11:43:32Z,1320,,4.9,83.2,5.62,2.1,100,5.6
2025-11-24T15:43:29Z,1065,,3.9,80.4,5.08,1.1,100,5.23
2025-11-24T17:43:46Z,915,,3,79.3,4.72,0.1,100,4.88
2025-11-24T19:44:10Z,555,,0.3,78.9,3.91,-1.6,100,4.34
2025-11-24T21:44:17Z,705,,0.4,80.5,4.01,-2,100,4.22
2025-11-24T23:44:33Z,555,,-0.2,79.4,3.8,-2.4,100,4.1
2025-11-25T01:45:26Z,1005,,1.5,83.7,4.5,-1.1,100,4.49
2025-11-25T03:44:55Z,1065,,2.6,82.6,4.78,-0.3,100,4.75
2025-11-25T05:44:53Z,1065,,2.7,83.4,4.86,0,100,4.85
2025-11-25T07:45:07Z,1035,,2.4,80.6,4.6,-0.8,100,4.59
2025-11-25T09:44:31Z,1020,,2.3,78.7,4.47,-1.6,100,4.34
2025-11-25T11:44:46Z,825,,1.8,75,4.11,-2,100,4.22
2025-11-25T13:44:30Z,615,,0.6,73.4,3.71,-2.8,98.3,3.92
2025-11-25T15:44:41Z,495,,-0.5,74.7,3.5,-3.1,97.7,3.82
2025-11-25T17:44:21Z,495,,-1.6,73.7,3.2,-4.1,99.6,3.62
2025-11-25T19:43:51Z,495,,-2.8,76.7,3.06,-4.7,100,3.49
2025-11-25T21:43:25Z,495,,-2.7,73.8,2.97,-5.3,100,3.34
2025-11-25T23:42:43Z,0,,-7.1,68.1,1.99,-7.8,100,2.78
2025-11-26T01:43:29Z,0,,-10.6,74.2,1.68,-9.2,100,2.51
2025-11-26T03:44:13Z,0,,-9.9,81.7,1.94,-8.3,100,2.68
2025-11-26T05:44:44Z,480,,-5.9,84.7,2.71,-6.5,100,3.06
2025-11-26T07:45:14Z,480,,-1.5,79.5,3.47,-4.8,100,3.46
2025-11-26T09:45:15Z,960,,0.5,83.3,4.18,-2.9,100,3.96
2025-11-26T11:44:44Z,1125,,2.5,80.9,4.65,-1.3,100,4.43
2025-11-26T13:44:56Z,1095,,2.6,78.2,4.53,-1.6,100,4.34
2025-11-26T15:44:06Z,1020,,2.2,76.6,4.32,-2.5,100,4.07
2025-11-26T17:44:04Z,885,,1.1,76.3,3.99,-3.3,100,3.85
2025-11-26T19:44:48Z,765,,0.3,75.6,3.74,-4.1,100,3.64
2025-11-26T21:44:47Z,495,,-1.1,73.3,3.29,-5.7,100,3.24
2025-11-26T23:45:06Z,0,,-4.8,71.6,2.48,-7.5,100,2.84
2025-11-27T01:44:57Z,0,,-10.4,79.7,1.83,-8.7,100,2.6
2025-11-27T03:44:00Z,0,,-8.8,80.7,2.08,-7.7,100,2.8
2025-11-27T05:44:00Z,495,,-5,88.2,3.01,-5.7,100,3.24
2025-11-27T07:43:16Z,765,,-0.7,82.7,3.82,-3.9,100,3.69
2025-11-27T09:42:24Z,960,,1.8,81.6,4.48,-1.1,100,4.49
2025-11-27T11:42:15Z,1035,,2.7,80.8,4.71,-0.2,100,4.78
2025-11-27T13:42:52Z,960,,2.7,79.3,4.62,-0.2,100,4.78
2025-11-27T15:43:42Z,885,,2.8,80.4,4.72,0.4,100,4.99
2025-11-27T17:44:27Z,990,,3.5,82.9,5.1,1.5,100,5.37
2025-11-27T19:44:14Z,1125,,4.5,82.4,5.42,2,100,5.56
2025-11-27T21:43:43Z,1230,,5,83,5.64,2.6,100,5.79
2025-11-27T23:43:30Z,1365,,5.7,83.8,5.96,3.2,100,6.03
2025-11-28T01:44:04Z,1440,,6.4,84.3,6.28,3.9,100,6.32
2025-11-28T03:44:53Z,1530,,6.8,84.6,6.47,4.2,100,6.44
2025-11-28T05:45:11Z,1560,,7.2,85.5,6.71,4.8,100,6.71
2025-11-28T07:45:27Z,1620,,7.6,85.5,6.89,5.1,100,6.84
2025-11-28T09:46:02Z,1605,,8.3,86.6,7.3,6.1,100,7.31
2025-11-28T11:45:37Z,1560,,9.1,86.9,7.71,7.1,100,7.8
2025-11-28T13:44:58Z,1530,,9.4,86.4,7.81,7.3,100,7.9
2025-11-28T15:45:07Z,1530,,9.5,86.5,7.87,7.3,100,7.9
2025-11-28T17:45:47Z,1395,,9.1,85.3,7.57,7.2,100,7.85
2025-11-28T19:46:23Z,1410,,8.9,86.2,7.55,7.2,100,7.85
2025-11-28T21:46:31Z,1365,,9,85.9,7.57,7.3,100,7.9
2025-11-28T23:45:54Z,1365,,9,86.1,7.59,7.3,100,7.9
2025-11-29T01:45:24Z,1365,,9,86.7,7.64,7.3,100,7.9
2025-11-29T03:44:56Z,1635,,8.6,85.4,7.34,6,100,7.26
2025-11-29T05:44:49Z,1665,,8.1,84.9,7.06,5.4,100,6.98
2025-11-29T07:45:36Z,1725,,7.8,84.7,6.91,4.9,100,6.75
2025-11-29T09:45:35Z,1680,,7.6,85,6.85,4.9,100,6.75
2025-11-29T11:46:10Z,1665,,7.5,85.1,6.81,4.9,100,6.75
2025-11-29T13:45:27Z,1620,,7.8,86.1,7.03,5.5,100,7.02
2025-11-29T15:45:57Z,1560,,8,86,7.11,5.8,100,7.16
2025-11-29T17:45:17Z,1560,,8,86,7.11,5.8,100,7.16
2025-11-29T19:45:15Z,1515,,8.2,86.2,7.22,6.1,100,7.31
2025-11-29T21:44:27Z,1530,,8.3,86.2,7.26,6.3,100,7.4
2025-11-29T23:44:55Z,1335,,8.2,85.1,7.13,6.5,100,7.5
2025-11-30T01:45:25Z,1305,,8.1,85.2,7.09,6.4,100,7.45
2025-11-30T03:44:51Z,930,,6.5,81.3,6.1,5.2,100,6.89
2025-11-30T05:44:02Z,615,,4.2,80.5,5.19,3.5,100,6.15
2025-11-30T07:43:50Z,570,,2.6,84.2,4.88,2.3,100,5.67
2025-11-30T09:44:29Z,1395,,6,89.3,6.48,4.7,100,6.66
2025-11-30T11:44:18Z,1665,,8.3,88.6,7.47,6.2,100,7.35
2025-11-30T13:43:52Z,1650,,8.4,86.6,7.34,5.9,100,7.21
2025-11-30T15:44:03Z,1590,,7.6,84,6.77,5,100,6.8
2025-11-30T17:44:33Z,1560,,6.9,82.7,6.37,3.8,100,6.28
2025-11-30T19:43:45Z,1395,,5.9,81.4,5.87,2.6,100,5.79
2025-11-30T21:44:13Z,1395,,5.4,82.8,5.78,2.2,100,5.64
2025-11-30T23:44:20Z,1455,,5.2,82.7,5.69,1.8,100,5.49
2025-12-01T01:45:02Z,1425,,4.9,82.5,5.57,1.5,100,5.37
2025-12-01T03:44:42Z,1335,,4.4,81.4,5.32,1,100,5.19
2025-12-01T05:45:08Z,1365,,4.6,83.8,5.55,1.7,100,5.45
2025-12-01T07:44:26Z,1395,,5.3,85.1,5.9,2.7,100,5.83
2025-12-01T09:43:51Z,1530,,6.1,85.7,6.26,3.5,100,6.15
2025-12-01T11:44:18Z,1560,,6.8,86.2,6.59,4.4,100,6.53
2025-12-01T13:43:22Z,1575,,7.2,85.9,6.74,4.9,100,6.75
2025-12-01T15:43:25Z,1605,,7.4,86.2,6.85,5.1,100,6.84
2025-12-01T17:42:39Z,1590,,7.5,85.7,6.86,5.2,100,6.89
2025-12-01T19:42:42Z,1155,,5.7,82.8,5.89,3.8,100,6.28
2025-12-01T21:42:20Z,1365,,6,85.5,6.21,3.9,100,6.32
2025-12-01T23:42:14Z,1365,,6,83.3,6.05,3.6,100,6.19
2025-12-02T01:42:58Z,960,,4.6,80.1,5.3,2.5,100,5.75
2025-12-02T03:43:09Z,780,,2.6,81.2,4.7,1.1,100,5.23
2025-12-02T05:43:10Z,735,,1.9,82.6,4.56,0.6,100,5.05
2025-12-02T07:42:29Z,960,,3.9,87.8,5.55,3.1,100,5.99
2025-12-02T09:42:20Z,1590,,6.8,89,6.81,4.9,100,6.75
2025-12-02T11:42:02Z,1605,,7.7,86.8,7.04,5.5,100,7.02
2025-12-02T13:41:17Z,1470,,7.1,83.5,6.51,4.9,98.7,6.66
2025-12-02T15:41:53Z,1470,,6.7,84,6.38,4.6,97.7,6.47
2025-12-02T17:42:11Z,1455,,6.8,83.7,6.4,4.4,99.7,6.51
2025-12-02T19:42:05Z,1455,,6.7,82.9,6.3,4.1,99.4,6.36
2025-12-02T21:41:51Z,1425,,6.6,82.6,6.24,4,99.3,6.32
2025-12-02T23:42:01Z,1425,,6.5,82.3,6.17,3.9,98.8,6.24
2025-12-03T01:41:10Z,1425,,6.4,81.8,6.09,3.6,98.3,6.09
2025-12-03T03:41:42Z,1395,,6.4,81.7,6.09,3.7,99.1,6.18
2025-12-03T05:41:56Z,1515,,6.5,81.3,6.1,3.8,95.8,6.01
2025-12-03T07:42:02Z,1425,,6.4,79.6,5.93,3.4,97.3,5.94
2025-12-03T09:42:46Z,1335,,6.3,80.4,5.95,3.3,100,6.07
2025-12-03T11:43:15Z,1395,,6.5,82.2,6.16,3.6,100,6.19
2025-12-03T13:43:05Z,1470,,6.6,82.9,6.26,3.8,100,6.28
2025-12-03T15:42:26Z,1455,,6.6,83,6.27,3.8,100,6.28
2025-12-03T17:41:43Z,1470,,6.6,83.3,6.29,3.8,100,6.28
2025-12-03T19:41:59Z,1515,,6.5,83.1,6.23,3.6,100,6.19
2025-12-03T21:42:18Z,1515,,6.4,82.9,6.18,3.4,100,6.11
2025-12-03T23:42:53Z,1455,,6,81.5,5.92,2.6,100,5.79
2025-12-04T01:42:45Z,1395,,5.3,81.3,5.64,1.9,100,5.52
2025-12-04T03:42:11Z,1290,,4.9,81.1,5.48,1.7,100,5.45
2025-12-04T05:41:36Z,1230,,4.6,80.9,5.35,1.5,100,5.37
2025-12-04T07:42:15Z,1230,,4.4,80.7,5.27,1.1,100,5.23
2025-12-04T09:41:58Z,1230,,4.4,80.8,5.28,1.1,100,5.23
2025-12-04T11:41:44Z,1230,,4.6,80.6,5.33,1.2,100,5.27
2025-12-04T13:41:37Z,1140,,4.4,79.9,5.22,1.3,100,5.3
2025-12-04T15:42:19Z,1185,,4.4,80.6,5.26,1.3,100,5.3
2025-12-04T17:42:53Z,1185,,4.6,80.1,5.3,1.3,100,5.3
2025-12-04T19:43:25Z,1260,,4.8,81.1,5.44,1.6,100,5.41
2025-12-04T21:43:03Z,1260,,4.8,80.5,5.4,1.6,100,5.41
2025-12-04T23:43:31Z,1230,,4.9,80.8,5.45,1.7,100,5.45
2025-12-05T01:43:20Z,1365,,5.2,82.1,5.65,2,100,5.56
2025-12-05T03:44:02Z,1365,,5.9,82.7,5.96,3.1,100,5.99
2025-12-05T05:43:28Z,1395,,6.3,83.3,6.17,3.7,100,6.23
2025-12-05T07:44:02Z,1395,,6.5,83.2,6.24,3.9,100,6.32
2025-12-05T09:43:17Z,1560,,6.7,84.8,6.44,4,100,6.36
2025-12-05T11:44:07Z,1560,,7.1,82.2,6.41,3.9,100,6.32
2025-12-05T13:44:14Z,1335,,6.4,81.4,6.06,3.7,100,6.23
2025-12-05T15:43:26Z,1260,,5.8,82.2,5.89,3.4,100,6.11
2025-12-05T17:43:04Z,1365,,5.9,83.4,6.01,3.3,100,6.07
2025-12-05T19:43:19Z,1395,,6.2,83.3,6.13,3.5,100,6.15
2025-12-05T21:42:58Z,1425,,6.4,83.7,6.24,3.7,100,6.23
2025-12-05T23:43:30Z,1470,,6.7,83.9,6.37,4,100,6.36
2025-12-06T01:43:04Z,1515,,6.9,83.8,6.45,4.1,100,6.4
2025-12-06T03:42:15Z,1500,,6.8,82.9,6.34,4.1,100,6.4
2025-12-06T05:42:20Z,1455,,6.8,83.1,6.36,4.1,100,6.4
2025-12-06T07:42:14Z,1470,,7,83.4,6.46,4.4,100,6.53
2025-12-06T11:42:35Z,1665,,7.5,83.2,6.66,4.2,100,6.44
2025-12-06T13:42:21Z,1665,,7.5,83.8,6.71,4.4,100,6.53
2025-12-06T15:42:45Z,1650,,7.5,83.6,6.69,4.4,100,6.53
2025-12-06T17:43:07Z,1650,,7.3,83.7,6.61,4.2,100,6.44
2025-12-06T19:43:22Z,1620,,6.8,82.7,6.32,3.5,100,6.15
2025-12-06T21:43:04Z,1515,,6.3,82.5,6.11,3,100,5.95
2025-12-06T23:43:49Z,1515,,6.2,83.1,6.11,3,100,5.95
2025-12-07T01:43:25Z,1530,,6.3,83.7,6.2,3.2,100,6.03
2025-12-07T03:43:04Z,1560,,6.4,83.7,6.24,3.2,100,6.03
2025-12-07T05:42:48Z,1545,,6.4,83.4,6.21,3.2,100,6.03
2025-12-07T07:42:52Z,1560,,6.4,83.7,6.24,3.2,100,6.03
2025-12-07T09:43:31Z,1650,,6.5,83.4,6.25,3,100,5.95
2025-12-07T11:43:44Z,1650,,6.4,82.3,6.13,2.7,100,5.83
2025-12-07T13:43:28Z,1485,,5.8,80.9,5.8,2,100,5.56
2025-12-07T15:42:53Z,1425,,5.4,81.3,5.67,1.8,100,5.49
2025-12-07T17:43:49Z,1395,,5.1,81.6,5.58,1.6,100,5.41
2025-12-07T19:43:51Z,1350,,4.8,81.7,5.48,1.5,100,5.37
2025-12-07T21:43:54Z,1335,,4.8,81.7,5.48,1.4,100,5.34
2025-12-07T23:43:42Z,1305,,4.5,81.1,5.33,1.2,100,5.27
2025-12-08T01:43:31Z,1335,,4.6,82.3,5.45,1.4,100,5.34
2025-12-08T03:43:09Z,1365,,4.8,82.7,5.55,1.6,100,5.41
2025-12-08T05:42:49Z,1395,,5.1,83.4,5.71,2.1,100,5.6
2025-12-08T07:43:24Z,1455,,5.7,84.3,6.0,2.8,100,5.87
2025-12-08T09:43:11Z,1530,,6,83.9,6.09,2.9,100,5.91
2025-12-08T11:42:31Z,1515,,6,83.5,6.06,2.8,100,5.87
2025-12-08T13:42:10Z,1515,,6,83.2,6.04,2.7,100,5.83
2025-12-08T15:41:27Z,1485,,5.8,83.3,5.97,2.7,100,5.83
2025-12-08T17:41:15Z,1485,,5.9,83.7,6.04,2.9,100,5.91
2025-12-08T19:41:39Z,1530,,6,83.9,6.09,3,100,5.95
2025-12-08T21:40:51Z,1515,,6,82.9,6.02,2.7,100,5.83
2025-12-08T23:41:12Z,1530,,6.1,84.8,6.2,3.4,100,6.11
2025-12-09T01:40:28Z,1560,,6.7,85.5,6.5,4.1,100,6.4
2025-12-09T03:39:47Z,1665,,7.4,86.6,6.89,5,100,6.8
2025-12-09T05:39:53Z,1620,,8.3,87.5,7.37,6.3,100,7.4
2025-12-09T07:40:44Z,1665,,8.3,86,7.25,5.8,100,7.16
2025-12-09T09:40:55Z,1740,,8.5,86.8,7.41,5.9,100,7.21
2025-12-09T11:40:07Z,1785,,8.7,85.8,7.42,5.8,100,7.16
2025-12-09T13:39:34Z,1605,,7.5,82.5,6.6,4.4,100,6.53
2025-12-09T15:39:49Z,1455,,6.3,82.3,6.09,3.2,100,6.03
2025-12-09T17:39:22Z,1350,,5.2,82.7,5.69,2.3,100,5.67
2025-12-09T19:38:59Z,1350,,5.1,83.3,5.7,2.1,100,5.6
2025-12-09T21:39:46Z,1365,,4.8,81.9,5.49,1.5,100,5.37
2025-12-09T23:39:43Z,1275,,4.1,81.2,5.2,0.7,100,5.09
2025-12-10T01:39:07Z,1230,,3.7,81,5.05,0.2,100,4.92
2025-12-10T03:38:36Z,960,,2.6,78.8,4.56,-0.7,100,4.62
2025-12-10T05:38:35Z,1050,,2.2,81.2,4.58,-1.1,100,4.49
2025-12-10T07:38:16Z,1125,,2.6,81,4.69,-0.9,100,4.56
2025-12-10T09:37:56Z,1200,,2.9,81.4,4.81,-0.6,100,4.65
2025-12-10T11:38:22Z,1290,,3.5,81.8,5.03,-0.2,100,4.78
2025-12-10T13:38:23Z,1290,,4,81.8,5.2,0.5,100,5.02
2025-12-10T15:38:24Z,1470,,5.9,86.6,6.24,3.7,100,6.23
2025-12-10T17:37:53Z,1530,,7.2,87.3,6.85,5.3,100,6.93
2025-12-10T19:37:26Z,1530,,8.7,88.1,7.62,6.9,100,7.7
2025-12-10T21:36:58Z,1560,,8.7,86.2,7.45,6.5,100,7.5
2025-12-10T23:37:35Z,1575,,8.4,85.4,7.24,6.1,100,7.31
2025-12-11T01:38:23Z,1530,,8.2,84.9,7.11,5.9,100,7.21
2025-12-11T03:37:40Z,1500,,7.7,84.6,6.86,5.4,100,6.98
2025-12-11T05:37:32Z,1500,,7.4,83.8,6.66,5,100,6.8
2025-12-11T07:38:16Z,1500,,7.3,83.5,6.6,4.9,100,6.75
2025-12-11T09:37:51Z,1590,,7.7,83.7,6.79,4.9,100,6.75
2025-12-11T11:38:38Z,1665,,8.4,82.3,6.98,5.2,100,6.89
2025-12-11T13:38:08Z,1425,,7.7,80.8,6.55,4.9,100,6.75
2025-12-11T15:37:27Z,1395,,7,81.7,6.33,4.4,100,6.53
2025-12-11T17:37:03Z,1365,,6.3,79.7,5.9,3,100,5.95
2025-12-11T19:36:24Z,1335,,5.4,80,5.58,1.9,100,5.52
2025-12-11T21:36:49Z,1035,,3.9,76.3,4.82,0.1,100,4.88
2025-12-11T23:37:19Z,960,,2.8,77.1,4.52,-0.7,100,4.62
2025-12-12T01:36:34Z,900,,2.4,76.1,4.35,-1.2,100,4.46
2025-12-12T03:36:38Z,840,,1.7,78,4.25,-1.3,100,4.43
2025-12-12T05:37:04Z,495,,0.6,73.2,3.7,-2,100,4.22
2025-12-12T07:37:08Z,510,,-1.4,73,3.21,-3.2,94.5,3.67
2025-12-12T09:37:21Z,660,,-2,78.3,3.3,-3.9,89.3,3.3
2025-12-12T11:38:09Z,555,,-1.3,69.7,3.09,-4.3,88.1,3.16
2025-12-12T13:38:25Z,495,,-3.3,70.4,2.71,-5,95,3.24
2025-12-12T15:38:18Z,480,,-5,73,2.49,-6.2,98.6,3.08
2025-12-12T17:38:31Z,480,,-5.7,74.2,2.41,-6.9,100,2.97
2025-12-12T19:39:01Z,0,,-5.8,71.9,2.31,-7.3,100,2.89
2025-12-12T21:38:19Z,0,,-5.5,78.1,2.57,-7,100,2.95
2025-12-12T23:38:43Z,0,,-6.5,78.1,2.39,-7.4,100,2.87
2025-12-13T01:39:13Z,0,,-6.9,76.3,2.27,-7.7,100,2.8
2025-12-13T03:39:43Z,0,,-7.2,78.4,2.28,-7.8,100,2.78
2025-12-13T05:40:09Z,0,,-6.8,77.2,2.31,-7.6,100,2.82
2025-12-13T07:40:40Z,0,,-7.6,77.5,2.19,-7.7,100,2.8
2025-12-13T09:40:49Z,480,,-6.5,81.7,2.5,-6.8,100,2.99
2025-12-13T11:41:17Z,495,,-1.7,76.8,3.31,-5.1,100,3.39
2025-12-13T13:40:29Z,495,,-1.2,72.5,3.24,-4.3,100,3.59
2025-12-13T15:41:00Z,495,,-1.9,73.4,3.12,-4.6,100,3.51
2025-12-13T17:41:29Z,510,,-1,72.9,3.3,-3.6,95.2,3.59
2025-12-13T19:41:05Z,1665,,-0.6,75.3,3.5,-1.9,67.3,2.86
2025-12-13T21:40:26Z,1800,,0.4,66.4,3.31,-1.6,61.5,2.67
2025-12-13T23:40:48Z,1320,,1.1,65.7,3.44,-1.3,70.9,3.14
2025-12-14T01:41:22Z,765,,1.1,68,3.56,-2.4,89.3,3.66
2025-12-14T03:41:00Z,735,,0.3,71.1,3.52,-2,87.9,3.71
2025-12-14T05:40:27Z,930,,1.3,72.6,3.85,-1.9,89.6,3.81
2025-12-14T07:40:33Z,885,,1.6,72.1,3.9,-2,92.6,3.91
2025-12-14T09:40:07Z,885,,1.9,72.3,3.99,-2,95.2,4.02
2025-12-14T11:39:36Z,780,,2.3,73.3,4.16,-1.6,100,4.34
2025-12-14T13:39:54Z,765,,2.4,75.6,4.32,-0.9,100,4.56
2025-12-14T15:39:57Z,795,,2.6,76.7,4.44,-0.4,100,4.72
2025-12-14T17:40:20Z,825,,2.7,77.5,4.52,-0.3,100,4.75
2025-12-14T19:40:30Z,750,,2.8,79,4.64,0.7,100,5.09
2025-12-14T21:41:10Z,735,,2.8,80.5,4.72,1.4,100,5.34
2025-12-14T23:41:17Z,840,,2.9,81,4.79,0.9,100,5.16
2025-12-15T01:42:01Z,870,,3.1,81.6,4.89,1.2,100,5.27
2025-12-15T03:41:19Z,870,,3.3,82.2,4.99,1.7,100,5.45
2025-12-15T05:41:50Z,945,,3.6,82,5.08,1.6,100,5.41
2025-12-15T07:41:48Z,1035,,4.2,83.1,5.36,2.4,100,5.71
2025-12-15T09:41:24Z,1200,,5.7,82.5,5.87,3.4,100,6.11
2025-12-15T11:41:36Z,1395,,7.4,83.9,6.67,5.1,100,6.84
2025-12-15T15:40:08Z,1635,,8.3,83.8,7.06,5.5,100,7.02
2025-12-15T17:39:34Z,1650,,8,84.1,6.95,5.2,100,6.89
2025-12-15T19:40:06Z,1695,,7.9,84.1,6.91,5,100,6.8
2025-12-15T21:39:27Z,1695,,7.9,84.8,6.96,5.1,100,6.84
2025-12-15T23:40:00Z,1680,,8,85.2,7.04,5.3,100,6.93
2025-12-16T01:40:47Z,1680,,8.2,85.3,7.14,5.5,100,7.02
2025-12-16T03:40:40Z,1695,,8.3,85.6,7.21,5.6,100,7.07
2025-12-16T05:40:03Z,1695,,8.3,85.6,7.21,5.7,100,7.12
2025-12-16T07:39:58Z,1680,,8.4,85.8,7.28,5.8,100,7.16
2025-12-16T09:40:25Z,1755,,8.7,86.3,7.46,6,100,7.26
2025-12-16T11:40:45Z,1725,,8.6,85.2,7.32,5.9,100,7.21
2025-12-16T13:39:57Z,1680,,8.3,84.9,7.15,5.6,100,7.07
2025-12-16T15:39:18Z,1665,,8.1,84.8,7.05,5.4,100,6.98
2025-12-16T17:38:52Z,1650,,7.8,83.9,6.85,5,100,6.8
2025-12-16T19:38:02Z,1590,,7.3,83.6,6.6,4.5,100,6.57
2025-12-16T21:38:10Z,1560,,7.2,84.3,6.62,4.5,100,6.57
2025-12-16T23:37:24Z,1560,,7.2,84.4,6.62,4.6,100,6.62
2025-12-17T01:36:52Z,1500,,7.2,83.7,6.57,4.7,100,6.66
2025-12-17T03:37:29Z,1485,,7.1,83.4,6.5,4.5,100,6.57
2025-12-17T05:37:33Z,1500,,7,83.6,6.48,4.4,100,6.53
2025-12-17T07:37:28Z,1560,,7.4,85.5,6.8,5,100,6.8
2025-12-17T09:37:04Z,1560,,8,85.3,7.05,5.6,100,7.07
2025-12-17T11:37:22Z,1620,,8,84.8,7.01,5.3,100,6.93
2025-12-17T13:36:45Z,1710,,7.8,84.6,6.9,4.9,100,6.75
2025-12-17T15:37:10Z,1665,,7.8,85.1,6.94,5.2,100,6.89
2025-12-17T17:37:30Z,1635,,8.1,86,7.15,5.7,100,7.12
2025-12-17T19:38:09Z,1500,,8.2,84.5,7.08,5.9,100,7.21
2025-12-17T21:37:38Z,1200,,6.2,82.2,6.04,4.1,100,6.4
2025-12-17T23:38:14Z,1200,,5.6,82.9,5.86,3.5,100,6.15
2025-12-18T01:38:18Z,1110,,4.7,82.2,5.48,2.6,100,5.79
2025-12-18T03:37:28Z,1065,,4.5,81.8,5.38,2.2,100,5.64
2025-12-18T05:37:08Z,675,,2.6,77.6,4.49,0.6,100,5.05
2025-12-18T07:37:35Z,1305,,4,85.7,5.45,1.4,100,5.34
2025-12-18T09:38:12Z,1560,,5.6,85.8,6.07,2.7,100,5.83
2025-12-18T11:37:33Z,1650,,7,85.5,6.62,4.2,100,6.44
2025-12-18T13:37:00Z,1395,,6.9,83.3,6.41,4.7,100,6.66
2025-12-18T15:37:30Z,1425,,6.6,82.9,6.26,3.8,100,6.28
2025-12-18T17:37:22Z,1560,,7.1,86.3,6.73,4.9,100,6.75
2025-12-18T19:37:45Z,1650,,7.8,85.6,6.98,5.3,100,6.93
2025-12-18T21:38:16Z,1650,,7.7,84.9,6.88,4.9,100,6.75
2025-12-18T23:37:40Z,1590,,7.8,85.1,6.94,5.4,100,6.98
2025-12-19T01:37:02Z,1530,,7.6,84.9,6.84,5.4,100,6.98
2025-12-19T03:36:56Z,1635,,7.8,85.5,6.98,5.3,100,6.93
2025-12-19T05:36:47Z,1665,,8,85.5,7.07,5.4,100,6.98
2025-12-19T07:37:13Z,1695,,8,85.8,7.09,5.3,100,6.93
2025-12-19T09:37:19Z,1680,,8,85.1,7.03,5.3,100,6.93
2025-12-19T11:36:58Z,1560,,7.8,84,6.85,5.2,100,6.89
2025-12-19T13:36:57Z,1500,,7.3,83,6.56,4.6,100,6.62
2025-12-19T15:36:18Z,1515,,7,83.8,6.49,4.2,100,6.44
2025-12-19T17:36:42Z,1620,,7.3,85.8,6.78,4.8,100,6.71
2025-12-19T19:37:06Z,1620,,8,86.7,7.17,5.8,100,7.16
2025-12-19T21:36:27Z,1665,,8.5,86.9,7.42,6.1,100,7.31
2025-12-19T23:35:41Z,1665,,8.9,87.1,7.63,6.6,100,7.55
2025-12-20T01:35:34Z,1665,,8.9,86.9,7.61,6.6,100,7.55
2025-12-20T03:36:07Z,1605,,8.6,85.9,7.38,6.4,100,7.45
2025-12-20T05:36:39Z,1425,,7.9,84.3,6.92,5.7,100,7.12
2025-12-20T07:36:35Z,1560,,7.6,86.1,6.94,5.4,100,6.98
2025-12-20T09:36:02Z,1635,,7.6,86.9,7.0,5.3,100,6.93
2025-12-20T11:36:31Z,1635,,8.1,86.2,7.17,5.7,100,7.12
2025-12-20T13:36:26Z,1425,,7.6,84.2,6.78,5.4,100,6.98
2025-12-20T15:36:45Z,1590,,7.6,85.8,6.91,5.2,100,6.89
2025-12-20T17:36:51Z,1530,,7.4,84.7,6.73,5.1,100,6.84
2025-12-20T19:36:59Z,1500,,7,85.5,6.62,4.9,100,6.75
2025-12-20T21:37:42Z,1365,,6.7,84.1,6.39,4.7,100,6.66
2025-12-20T23:37:59Z,1425,,6.5,85.8,6.43,4.4,100,6.53
2025-12-21T01:38:04Z,1410,,6.4,84,6.26,4.1,100,6.4
2025-12-21T03:37:29Z,1440,,6.2,85.1,6.26,3.9,100,6.32
2025-12-21T05:37:03Z,1290,,5.8,83.7,6.0,3.6,100,6.19
2025-12-21T07:36:31Z,1260,,5.3,82.8,5.74,2.7,100,5.83
2025-12-21T09:35:50Z,1200,,5,81.8,5.56,2.4,100,5.71
2025-12-21T11:35:41Z,1095,,4.8,81.2,5.45,2.3,100,5.67
2025-12-21T13:35:55Z,975,,4.4,80.9,5.28,2.2,100,5.64
2025-12-21T15:35:19Z,735,,3.3,78.2,4.75,1.7,98.6,5.37
2025-12-21T17:35:30Z,615,,1.5,81.7,4.39,0.4,100,4.99
2025-12-21T19:35:45Z,855,,1.6,85.2,4.61,0.1,100,4.88
2025-12-21T21:35:10Z,930,,2.7,83.7,4.88,0.8,100,5.12
2025-12-21T23:35:46Z,1035,,3.3,82.7,5.02,0.9,100,5.16
2025-12-22T01:36:25Z,990,,3.3,81.6,4.95,0.8,100,5.12
2025-12-22T03:35:55Z,960,,3.4,80,4.89,0.8,100,5.12
2025-12-22T05:35:25Z,915,,2.7,80,4.66,0.2,100,4.92
2025-12-22T07:36:02Z,900,,2.6,79.5,4.6,0,100,4.85
2025-12-22T09:35:56Z,1095,,3,83.6,4.97,0.4,100,4.99
2025-12-22T11:36:13Z,1215,,3.9,79.6,5.03,0,100,4.85
2025-12-22T13:36:02Z,1035,,2.8,73.7,4.33,-2.5,100,4.07
2025-12-22T15:36:42Z,1080,,0.9,71.8,3.7,-4.1,88.6,3.22
2025-12-22T17:36:30Z,495,,-2.9,66.5,2.63,-6.5,82.4,2.52
2025-12-22T19:36:16Z,0,,-6.3,68,2.11,-7.6,90.2,2.55
2025-12-22T21:35:50Z,0,,-8.6,73.4,1.92,-8.5,93.7,2.48
2025-12-22T23:35:24Z,0,,-7.1,77.7,2.28,-7.8,93.5,2.6
2025-12-23T01:35:09Z,0,,-6,77.7,2.47,-7.3,92.5,2.67
2025-12-23T03:34:49Z,480,,-5.1,77.1,2.61,-6.7,88.2,2.66
2025-12-23T05:35:38Z,0,,-4.9,70.1,2.41,-7,90.9,2.68
2025-12-23T07:35:48Z,0,,-7.7,66.1,1.85,-8.5,95.2,2.51
2025-12-23T09:35:55Z,0,,-8.7,78,2.03,-8.5,96.1,2.54
2025-12-23T11:35:34Z,645,,-4,87,3.19,-6.5,93.5,2.86
2025-12-23T13:35:11Z,495,,-3,70.4,2.77,-6.5,94.8,2.9
2025-12-23T15:34:54Z,495,,-4,68.7,2.52,-6.9,96.4,2.86
2025-12-23T17:35:02Z,0,,-4.8,71,2.46,-7.9,99.1,2.74
2025-12-23T19:34:42Z,480,,-4.3,79.4,2.85,-6.7,98.3,2.96
2025-12-23T21:35:16Z,495,,-2.7,73.6,2.96,-5.8,96,3.09
2025-12-23T23:35:17Z,480,,-2,75.1,3.17,-4.9,94.9,3.26
2025-12-24T01:35:00Z,480,,-1.3,78.4,3.47,-3.5,98.3,3.73
2025-12-24T03:35:45Z,555,,-0.3,80.6,3.83,-2.5,100,4.07
2025-12-24T05:35:54Z,495,,-0.4,80.7,3.81,-2.2,100,4.16
2025-12-24T07:35:43Z,480,,-0.5,80.6,3.78,-2.1,100,4.19
2025-12-24T09:35:17Z,660,,0,82.7,4.01,-1.9,100,4.25
2025-12-24T11:34:51Z,855,,1.4,79.9,4.26,-1.6,100,4.34
2025-12-24T13:33:48Z,720,,1.2,76.5,4.03,-2,100,4.22
2025-12-24T15:33:45Z,750,,1,78.8,4.09,-1.9,100,4.25
2025-12-24T17:33:08Z,765,,1.2,78.8,4.15,-1.6,100,4.34
2025-12-24T19:33:16Z,870,,1.7,80,4.36,-1.1,100,4.49
2025-12-24T21:33:06Z,960,,2.5,80.9,4.65,-0.4,100,4.72
2025-12-24T23:33:20Z,1050,,3.1,81.2,4.86,0.1,100,4.88
2025-12-25T01:34:07Z,1185,,3.8,82.8,5.2,1,100,5.19
2025-12-25T03:34:29Z,1260,,4.4,83.4,5.45,1.7,100,5.45
2025-12-25T05:34:39Z,1230,,4.8,82.4,5.53,2.2,100,5.64
2025-12-25T07:33:52Z,1095,,4.9,81.6,5.51,2.8,100,5.87
2025-12-25T09:34:01Z,1095,,5.4,83.6,5.83,3.7,100,6.23
2025-12-25T11:33:43Z,1305,,6.4,81.4,6.06,4.6,96,6.35
2025-12-25T13:34:11Z,1365,,6.9,77.2,5.94,5,90.8,6.17
2025-12-25T15:34:47Z,1170,,6.7,76.4,5.8,4.8,92.7,6.22
2025-12-25T17:35:12Z,930,,5.8,79.9,5.72,4.9,95.4,6.44
2025-12-25T19:34:43Z,900,,5,84.4,5.74,4.8,97.1,6.51
2025-12-25T21:35:13Z,630,,4.7,78.9,5.26,3.9,99.3,6.27
2025-12-25T23:35:53Z,570,,2.8,84,4.93,3.1,98.4,5.89
2025-12-26T01:35:24Z,660,,2.3,85.2,4.83,2.2,98,5.52
2025-12-26T03:35:21Z,675,,1.8,82.7,4.54,1.4,97.3,5.19
2025-12-26T05:34:57Z,510,,1.1,83.4,4.36,0.7,99.6,5.07
2025-12-26T07:34:30Z,510,,0.9,84.3,4.35,0.4,100,4.99
2025-12-26T09:34:41Z,1185,,2.4,92.7,5.3,1.3,100,5.3
2025-12-26T11:34:38Z,1530,,5.2,86.8,5.98,2.7,100,5.83
2025-12-26T13:34:41Z,960,,4.2,79.9,5.15,1.9,100,5.52
2025-12-26T15:34:27Z,765,,2.9,80.9,4.78,1.3,100,5.3
2025-12-26T17:34:03Z,825,,2.3,84,4.77,0.9,100,5.16
2025-12-26T19:34:00Z,1185,,3.2,88.1,5.31,1.4,100,5.34
2025-12-26T21:33:52Z,1395,,4.5,84.7,5.57,1.4,100,5.34
2025-12-26T23:34:03Z,1380,,4.3,82.3,5.34,0.8,100,5.12
2025-12-27T01:33:48Z,1290,,3.8,81.3,5.1,0.1,100,4.88
2025-12-27T03:34:21Z,1260,,3.6,81.8,5.07,0,100,4.85
2025-12-27T05:34:49Z,1290,,3.9,83.1,5.25,0.7,100,5.09
2025-12-27T07:35:27Z,1395,,4.6,85.6,5.67,2,100,5.56
2025-12-27T09:34:38Z,1005,,4.3,81.9,5.31,2.3,100,5.67
2025-12-27T11:35:22Z,1200,,3.4,77.3,4.72,1.9,87,4.8
2025-12-27T13:34:51Z,1110,,2.7,73.5,4.28,1.5,82.3,4.42
2025-12-27T15:34:46Z,900,,2.7,79.4,4.63,0.2,100,4.92
2025-12-27T17:33:47Z,930,,2.5,84.2,4.84,0.7,100,5.09
2025-12-27T19:33:18Z,1020,,2.5,84.5,4.86,0.3,100,4.95
2025-12-27T21:32:54Z,1035,,2.3,84.8,4.81,0.1,100,4.88
2025-12-27T23:33:08Z,945,,1.8,79.2,4.34,0,93.2,4.52
2025-12-28T01:32:34Z,990,,1.4,71.5,3.82,0,80.2,3.89
2025-12-28T03:31:45Z,960,,1,61,3.17,-0.6,69.1,3.22
2025-12-28T05:31:34Z,795,,-0.6,59.3,2.76,-1.9,66.6,2.83
2025-12-28T07:31:22Z,690,,-1.5,57.6,2.52,-2.6,64.6,2.61
2025-12-28T09:30:35Z,855,,-1,61.5,2.78,-2.4,66.8,2.74
2025-12-28T11:31:25Z,795,,0.1,58.8,2.87,-2.4,70.9,2.91
2025-12-28T13:31:34Z,495,,-1.5,59.4,2.6,-3.4,80.4,3.07
2025-12-28T15:30:57Z,495,,-1.7,63.4,2.73,-3.8,84.7,3.15
2025-12-28T17:30:46Z,495,,-0.2,61.9,2.96,-3,87.4,3.44
2025-12-28T19:30:28Z,495,,-0.2,66.7,3.19,-2.7,94.5,3.8
2025-12-28T21:30:10Z,510,,0.6,68,3.44,-1.7,100,4.31
2025-12-28T23:30:14Z,510,,1.8,69.7,3.82,-0.8,100,4.59
2025-12-29T01:30:57Z,495,,1.6,78.8,4.26,0,100,4.85
2025-12-29T03:31:25Z,510,,0.9,79.1,4.08,-0.5,98.2,4.6
2025-12-29T05:32:04Z,495,,-1,75.9,3.43,-2,97,4.09
2025-12-29T07:32:13Z,495,,-1.9,77.6,3.3,-2.8,96.8,3.86
2025-12-29T09:31:34Z,825,,-0.4,84.2,3.97,-1.9,94.8,4.03
2025-12-29T11:31:56Z,660,,0.2,75,3.69,-2.9,97.6,3.87
2025-12-29T13:32:31Z,555,,-0.6,71.6,3.33,-3.4,90.9,3.48
2025-12-29T15:32:30Z,495,,-1.7,71.7,3.09,-4.6,92.7,3.25
2025-12-29T17:32:15Z,495,,-1.9,73,3.1,-4.5,92.9,3.28
2025-12-29T19:32:01Z,495,,-2.2,68.8,2.86,-4.7,86.4,3.01
2025-12-29T21:32:11Z,495,,-2.5,67.6,2.75,-5,86.9,2.96
2025-12-29T23:32:59Z,495,,-2.9,71.2,2.82,-5.4,91.1,3.02
2025-12-30T01:33:35Z,480,,-2.7,75.1,3.02,-5.6,97.4,3.18
2025-12-30T03:33:24Z,495,,-2.8,75.6,3.02,-5.6,96.8,3.16
2025-12-30T05:34:08Z,495,,-3.1,77.8,3.04,-5.8,100,3.22
2025-12-30T07:34:50Z,480,,-2.4,80.3,3.3,-5.1,100,3.39
2025-12-30T09:34:19Z,480,,-1.7,80.2,3.46,-4.3,100,3.59
2025-12-30T11:33:39Z,495,,-1.3,78.6,3.48,-4.2,100,3.61
2025-12-30T13:34:17Z,495,,-1.7,74.8,3.22,-4.7,94.9,3.31
2025-12-30T15:35:07Z,480,,-2.7,70.8,2.84,-6,92.3,2.93
2025-12-30T17:34:41Z,0,,-4.9,64.6,2.22,-7.9,82.8,2.29
2025-12-30T19:34:53Z,0,,-6.4,62.5,1.93,-9.2,80,2.01
2025-12-30T21:34:48Z,0,,-7.8,62.8,1.75,-10.1,81.5,1.91
2025-12-30T23:33:57Z,0,,-8.8,64.4,1.66,-10.9,84.7,1.87
2025-12-31T01:33:47Z,0,,-9.8,66.2,1.59,-11.3,86,1.84
2025-12-31T03:34:01Z,0,,-10.4,67.2,1.54,-11.7,88.5,1.84
2025-12-31T05:34:58Z,0,,-12.2,69.8,1.4,-13,92.9,1.75
2025-12-31T07:34:58Z,0,,-12.4,70.1,1.38,-12.9,94.8,1.8
2025-12-31T09:34:27Z,0,,-11.2,76.2,1.64,-11.1,93.6,2.03
2025-12-31T11:34:41Z,0,,-8.1,78.5,2.14,-10,92.9,2.19
2025-12-31T13:33:57Z,0,,-10.2,69.7,1.62,-11.2,95.3,2.06
2025-12-31T15:34:12Z,0,,-12.3,72.7,1.44,-12.7,98.6,1.9
2025-12-31T17:33:56Z,0,,-12.8,74.3,1.42,-13.3,99.9,1.83
2025-12-31T19:34:22Z,0,,-14.8,69.8,1.14,-14.9,100,1.62
2025-12-31T21:33:45Z,0,,-16.7,68.5,0.96,-16.5,100,1.43
2025-12-31T23:32:56Z,0,,-19.4,76.4,0.86,-17.1,100,1.36
2026-01-01T01:33:05Z,0,,-19.4,76,0.86,-17.8,100,1.29
2026-01-01T03:32:25Z,0,,-21.5,77.5,0.74,-19,100,1.17
2026-01-01T05:31:53Z,0,,-21.7,80,0.75,-19.1,99.7,1.16
2026-01-01T07:31:12Z,0,,-19.9,79.5,0.86,-18.4,99,1.21
2026-01-01T09:31:21Z,0,,-16.6,82.1,1.16,-14.9,98.2,1.59
2026-01-01T11:30:54Z,0,,-11.9,76.2,1.56,-11.9,100,2.05
2026-01-01T13:30:56Z,0,,-9.4,71.5,1.77,-11.3,100,2.14
2026-01-01T15:31:27Z,0,,-11.3,68.8,1.47,-12.3,100,1.98
2026-01-01T19:29:51Z,0,,-8.3,78.2,2.1,-10.7,100,2.24
2026-01-01T21:30:05Z,0,,-5.8,76.3,2.46,-9.2,100,2.51
2026-01-01T23:29:58Z,0,,-4.5,75.3,2.66,-8.1,100,2.72
2026-01-02T01:29:35Z,480,,-3.1,78.8,3.08,-5.6,100,3.27
2026-01-02T03:29:50Z,510,,0.4,62.4,3.11,-5.7,100,3.24
2026-01-02T05:29:36Z,495,,0,63.8,3.09,-5.9,100,3.2
2026-01-02T07:28:51Z,495,,0.3,63.6,3.15,-5.6,96.9,3.17
2026-01-02T09:29:11Z,495,,-1,68.4,3.1,-6.5,97.2,2.97
2026-01-02T11:29:14Z,0,,-1.9,68.6,2.92,-8.1,99.7,2.71
2026-01-02T13:29:31Z,0,,-3.6,73.8,2.78,-8.4,100,2.66
2026-01-02T15:28:50Z,0,,-3.8,75.4,2.8,-8.2,100,2.7
2026-01-02T17:29:24Z,0,,-3.6,75.5,2.85,-7.9,100,2.76
2026-01-02T19:30:04Z,0,,-3.5,78.2,2.97,-7.2,100,2.91
2026-01-02T21:29:27Z,0,,-3.1,77.8,3.04,-7,100,2.95
2026-01-02T23:29:31Z,0,,-3,77.8,3.06,-7.1,100,2.93
2026-01-03T01:28:59Z,0,,-2.8,76.2,3.04,-7.9,100,2.76
2026-01-03T03:28:30Z,0,,-3.5,75.7,2.87,-8.9,100,2.56
2026-01-03T05:28:25Z,0,,-4.1,75.3,2.74,-9.3,100,2.49
2026-01-03T07:28:28Z,0,,-4.2,76,2.75,-9.5,100,2.45
2026-01-03T09:28:59Z,0,,-4,75,2.75,-8.8,100,2.58
2026-01-03T11:28:53Z,0,,-3.8,75.3,2.8,-8.3,100,2.68
2026-01-03T13:29:24Z,0,,-3.7,74.6,2.79,-8,99.4,2.72
2026-01-03T15:30:09Z,0,,-4.3,73.3,2.63,-9.5,97.6,2.39
2026-01-03T17:30:39Z,0,,-4.7,67.9,2.37,-10,97.1,2.29
2026-01-03T19:30:24Z,0,,-5.3,66.5,2.22,-10.4,96.6,2.21
2026-01-03T21:30:22Z,0,,-5.6,66.1,2.16,-10.6,96.4,2.18
2026-01-03T23:30:12Z,0,,-6,64.5,2.05,-11.1,96.9,2.11
2026-01-04T01:30:38Z,0,,-6.5,63.9,1.96,-11.3,96.7,2.07
2026-01-04T03:29:53Z,0,,-6.6,63.2,1.92,-11.6,96.7,2.02
2026-01-04T05:29:45Z,0,,-6.8,59.6,1.78,-12.5,95.9,1.87
2026-01-04T07:30:13Z,0,,-7.5,59,1.68,-13.1,95.4,1.78
2026-01-04T09:29:41Z,0,,-7.6,57.9,1.63,-13.3,93.9,1.72
2026-01-04T11:30:09Z,0,,-7.7,55.5,1.56,-13.9,92.9,1.63
2026-01-04T13:30:31Z,0,,-8.4,54.3,1.45,-14.5,93.1,1.56
2026-01-04T15:30:36Z,0,,-9,56.7,1.44,-14.6,95.5,1.59
2026-01-04T17:30:46Z,0,,-8.9,57.4,1.47,-14.7,96.6,1.59
2026-01-04T19:30:39Z,0,,-9.7,55,1.33,-15.9,94.2,1.41
2026-01-04T21:31:10Z,0,,-10.7,55.2,1.24,-16.4,94.2,1.36
2026-01-04T23:31:24Z,0,,-11.8,55.7,1.15,-17.5,95.7,1.26
2026-01-05T01:31:48Z,0,,-12.7,54.6,1.05,-18.7,97.2,1.16
2026-01-05T03:32:18Z,0,,-13.8,55.4,0.98,-19.3,97.8,1.12
2026-01-05T05:32:09Z,0,,-16.1,61.8,0.91,-20.1,98.4,1.05
2026-01-05T07:32:35Z,0,,-19.3,64.5,0.74,-20.9,98.4,0.98
2026-01-05T09:32:06Z,0,,-19,63.5,0.74,-18,95.7,1.21
2026-01-05T11:32:44Z,0,,-15.3,66.5,1.04,-16.2,96.9,1.42
2026-01-05T13:31:58Z,0,,-16.8,70.5,0.98,-16.3,98.7,1.43
2026-01-05T15:31:47Z,0,,-18,73,0.92,-17.5,99.9,1.32
2026-01-05T17:31:45Z,0,,-18.9,75.2,0.89,-18.1,99.8,1.25
2026-01-05T19:32:31Z,0,,-20.6,76.1,0.78,-18.5,99.5,1.21
2026-01-05T21:32:41Z,0,,-19.9,71.1,0.77,-18.7,99.4,1.19
2026-01-05T23:32:53Z,0,,-21.3,72.8,0.7,-19.4,99.4,1.12
2026-01-06T01:32:35Z,0,,-20.4,68.9,0.72,-19.6,99,1.1
2026-01-06T03:31:56Z,0,,-19.4,67.2,0.76,-19.9,98.8,1.07
2026-01-06T05:32:18Z,0,,-18.3,66.4,0.82,-19.1,98.4,1.14
2026-01-06T07:32:11Z,0,,-16,68.6,1.02,-13.9,98,1.72
2026-01-06T09:32:42Z,0,,-13,69.2,1.3,-10.7,100,2.24
2026-01-06T11:33:07Z,0,,-8.4,74,1.97,-8,100,2.74
2026-01-06T13:33:56Z,465,,-4.7,76.5,2.67,-6,100,3.17
2026-01-06T15:33:20Z,480,,-0.5,60.3,2.83,-3.6,100,3.77
2026-01-06T17:33:46Z,495,,0.9,60.2,3.11,-3.9,100,3.69
2026-01-06T19:34:40Z,495,,0.7,62.9,3.2,-4.4,100,3.56
2026-01-06T21:34:37Z,480,,2,60.7,3.37,-4.7,100,3.49
2026-01-06T23:34:11Z,495,,0.9,65,3.35,-4.5,100,3.54
2026-01-07T01:34:25Z,495,,1.1,65.9,3.45,-4.1,100,3.64
2026-01-07T03:34:06Z,615,,1.2,66.9,3.52,-4.6,100,3.51
2026-01-07T05:34:37Z,660,,1.1,65.3,3.42,-6.3,100,3.1
2026-01-07T07:35:11Z,0,,1.4,62.7,3.35,-7.2,100,2.91
2026-01-07T09:34:50Z,0,,0.7,66.7,3.39,-7.1,99.3,2.91
2026-01-07T11:35:07Z,0,,0.4,65.1,3.25,-7.6,99.4,2.81
2026-01-07T13:35:37Z,0,,0,63.8,3.09,-9.6,100,2.43
2026-01-07T15:35:23Z,0,,-0.5,60.8,2.85,-10.8,100,2.22
2026-01-07T17:34:40Z,0,,-1,59.1,2.67,-11.2,100,2.16
2026-01-07T19:34:51Z,0,,-1.7,57.3,2.47,-12.7,100,1.92
2026-01-07T21:34:01Z,0,,-2.3,55.5,2.29,-13.5,100,1.81
2026-01-07T23:33:29Z,0,,-3.3,55.5,2.14,-14,100,1.74
2026-01-08T01:32:47Z,0,,-3.7,52.1,1.95,-14.7,100,1.65
2026-01-08T03:33:22Z,0,,-5.7,56.5,1.83,-16.4,100,1.44
2026-01-08T05:33:19Z,0,,-4.9,49.2,1.69,-16.2,100,1.46
2026-01-08T07:32:35Z,0,,-5.6,49.4,1.61,-15.8,100,1.51
2026-01-08T09:31:55Z,0,,-6.1,56.3,1.77,-14.7,100,1.65
2026-01-08T11:31:42Z,0,,-6,51.4,1.63,-14.8,100,1.63
2026-01-08T13:31:42Z,0,,-6.6,53.7,1.63,-15.2,100,1.58
2026-01-08T15:32:20Z,0,,-7.3,55.5,1.6,-16.5,100,1.43
2026-01-08T17:32:40Z,0,,-7.2,53.6,1.56,-17.7,100,1.3
2026-01-08T19:32:43Z,0,,-7.7,54.1,1.52,-18.7,100,1.2
2026-01-08T21:33:12Z,0,,-8.2,53.2,1.44,-19,100,1.17
2026-01-08T23:32:35Z,0,,-8.4,50.7,1.35,-17.1,100,1.36
2026-01-09T01:31:58Z,0,,-8.4,51.2,1.36,-15.5,100,1.55
2026-01-09T03:31:49Z,0,,-8.2,54.2,1.46,-13.7,100,1.78
2026-01-09T05:31:50Z,0,,-7.8,52.9,1.47,-15.3,100,1.57
2026-01-09T07:32:32Z,0,,-7.8,51.5,1.43,-15.6,100,1.53
2026-01-09T09:33:00Z,0,,-7.7,50.4,1.41,-14.9,99.6,1.61
2026-01-09T11:32:52Z,0,,-7.7,51.3,1.44,-14.8,97.2,1.59
2026-01-09T13:32:34Z,0,,-7.9,49.4,1.36,-15.3,95.5,1.5
2026-01-09T15:31:47Z,0,,-7.9,48.9,1.35,-15.5,94.9,1.47
2026-01-09T17:31:39Z,0,,-8.1,47.8,1.3,-15.3,91.7,1.44
2026-01-09T19:32:15Z,0,,-8.4,46.9,1.25,-15.3,89.1,1.4
2026-01-09T21:32:54Z,0,,-8.5,47.5,1.25,-15.3,89.7,1.41
2026-01-09T23:33:00Z,0,,-8.6,49.3,1.29,-14.8,91.3,1.49
2026-01-10T01:33:29Z,0,,-8.7,52.8,1.37,-14.9,97.8,1.59
2026-01-10T03:32:44Z,0,,-8.6,55.5,1.46,-14.2,98.8,1.69
2026-01-10T05:32:29Z,0,,-8.3,59.1,1.58,-12.8,97.2,1.86
2026-01-10T07:31:58Z,0,,-7.7,62.3,1.75,-11.4,94.3,2.0
2026-01-10T09:32:29Z,0,,-7.2,62.9,1.83,-11.1,92,2.0
2026-01-10T11:33:02Z,0,,-6.7,67.6,2.04,-10,95.1,2.25
2026-01-10T13:33:24Z,0,,-6,67.9,2.15,-9.9,97.1,2.31
2026-01-10T15:34:27Z,0,,-5.5,66.6,2.19,-9.8,95.7,2.29
2026-01-10T17:33:30Z,0,,-5.5,66.6,2.19,-9.7,95.9,2.32
2026-01-10T19:33:37Z,0,,-5.3,67,2.24,-9.3,96.1,2.39
2026-01-10T21:33:22Z,0,,-5.1,69.4,2.35,-8.9,99.1,2.54
2026-01-10T23:32:44Z,0,,-4.8,69.8,2.42,-8.6,99.2,2.6
2026-01-11T01:33:27Z,0,,-4.6,70.2,2.46,-8.3,99.7,2.67
2026-01-11T03:34:19Z,0,,-4.4,70.5,2.51,-8.2,100,2.7
2026-01-11T05:34:20Z,0,,-4.2,71,2.56,-7.9,100,2.76
2026-01-11T07:34:47Z,0,,-4,71.1,2.61,-7.8,100,2.78
2026-01-11T09:34:50Z,0,,-3.7,71.2,2.67,-7.4,99.6,2.85
2026-01-11T11:34:23Z,0,,-3.6,70.4,2.65,-7.1,96.5,2.83
2026-01-11T13:34:05Z,0,,-3.3,69.3,2.67,-7.2,97.5,2.83
2026-01-11T15:33:31Z,0,,-3.4,68.7,2.63,-7.4,98.5,2.82
2026-01-11T17:32:42Z,0,,-3.5,69.1,2.62,-7.5,99.5,2.83
2026-01-11T19:32:50Z,0,,-3.5,69.5,2.64,-7.6,99.9,2.82
2026-01-11T21:33:32Z,0,,-3.6,70,2.64,-7.6,100,2.82
2026-01-11T23:33:51Z,0,,-4.4,70.3,2.5,-8.3,100,2.68
2026-01-12T01:33:46Z,0,,-4.6,72.9,2.56,-8.2,100,2.7
2026-01-12T03:33:55Z,0,,-4,72,2.64,-7.7,100,2.8
2026-01-12T05:33:53Z,0,,-3.5,70.6,2.68,-7.5,100,2.84
2026-01-12T07:34:30Z,0,,-3.7,69.3,2.59,-8.4,100,2.66
2026-01-12T09:34:09Z,0,,-4.7,70,2.44,-9.2,100,2.51
2026-01-12T11:34:13Z,0,,-4.2,71.7,2.59,-7.6,100,2.82
2026-01-12T13:33:24Z,0,,-3.7,70.6,2.64,-7.9,100,2.76
2026-01-12T15:33:25Z,0,,-4.2,70.7,2.55,-8.5,100,2.64
2026-01-12T17:33:01Z,0,,-3.9,71.1,2.62,-7.8,100,2.78
2026-01-12T19:33:37Z,0,,-3.8,72.5,2.69,-7.3,100,2.89
2026-01-12T21:34:14Z,465,,-3.3,73.1,2.82,-6.5,100,3.06
2026-01-12T23:34:12Z,465,,-1.1,64.4,2.89,-6.1,100,3.15
2026-01-13T01:34:58Z,465,,-0.6,63.4,2.95,-5.9,100,3.2
2026-01-13T03:34:16Z,480,,0.5,59.4,2.98,-5.6,100,3.27
2026-01-13T05:34:02Z,465,,0.5,59.8,3.0,-5.8,99.1,3.19
2026-01-13T07:33:46Z,480,,0.9,58.6,3.02,-6.5,95.9,2.93
2026-01-13T09:33:26Z,465,,-0.1,62.4,3.01,-6.8,97.3,2.91
2026-01-13T11:34:09Z,0,,-0.5,63.4,2.97,-7.1,96.9,2.84
2026-01-13T13:34:50Z,0,,-2.2,69.3,2.88,-7.5,97.7,2.78
2026-01-13T15:34:14Z,0,,-2.8,69.8,2.78,-7.8,99.5,2.77
2026-01-13T17:34:23Z,0,,-3.4,73.5,2.81,-7.8,100,2.78
2026-01-13T19:34:05Z,0,,-3.4,72.6,2.78,-7.7,100,2.8
2026-01-13T21:34:45Z,0,,-3.5,74.6,2.83,-7.3,100,2.89
2026-01-13T23:34:01Z,465,,-3.9,77.5,2.86,-6.8,100,2.99
2026-01-14T01:34:53Z,465,,-0.8,65.3,3.0,-6.4,100,3.08
2026-01-14T03:35:01Z,465,,-0.9,65.7,2.99,-6.1,99.5,3.13
2026-01-14T05:34:09Z,465,,-0.6,65.4,3.04,-6.1,100,3.15
2026-01-14T07:33:32Z,480,,-0.6,65.8,3.06,-6.1,100,3.15
2026-01-14T09:32:55Z,465,,-0.3,66.2,3.14,-6.2,100,3.13
2026-01-14T13:31:30Z,465,,0.3,65,3.22,-5.4,100,3.31
2026-01-14T15:30:46Z,480,,0.3,64.8,3.21,-5.1,100,3.39
2026-01-14T17:31:27Z,480,,-0.9,68.8,3.14,-5.1,98.9,3.35
2026-01-14T19:31:35Z,465,,-1.4,70.1,3.09,-5.3,95.8,3.2
2026-01-14T21:32:20Z,525,,-0.4,67.2,3.17,-6.6,94.8,2.88
2026-01-14T23:31:43Z,0,,-0.4,67,3.16,-7.2,100,2.91
2026-01-15T01:32:03Z,0,,-2,69.8,2.95,-7.5,96.2,2.74
2026-01-15T03:31:59Z,0,,-2.5,70.4,2.87,-7.3,95.8,2.76
2026-01-15T05:31:52Z,0,,-2,69.2,2.92,-7,97.4,2.87
2026-01-15T07:31:59Z,0,,-2.9,74,2.93,-7.5,100,2.84
2026-01-15T09:31:52Z,0,,-2.8,75,2.99,-7,100,2.95
2026-01-15T11:31:55Z,465,,-2.3,75.5,3.12,-6.8,100,2.99
2026-01-15T13:31:53Z,480,,-0.7,68.8,3.18,-6.1,100,3.15
2026-01-15T15:31:50Z,465,,-0.2,67,3.2,-5.5,100,3.29
2026-01-15T17:31:54Z,480,,0,67.6,3.28,-4.7,100,3.49
2026-01-15T19:32:27Z,480,,0.2,68,3.34,-4,100,3.66
2026-01-15T21:32:29Z,480,,0.6,68.7,3.47,-3.3,100,3.85
2026-01-15T23:33:00Z,480,,1,69.6,3.62,-3,100,3.93
2026-01-16T01:32:59Z,495,,1.3,70.1,3.72,-2.7,100,4.02
2026-01-16T03:32:33Z,615,,1.6,70.7,3.83,-2.5,100,4.07
2026-01-16T05:31:48Z,660,,1.9,70.6,3.9,-2.3,100,4.13
2026-01-16T07:32:02Z,720,,2.3,70.7,4.01,-2.3,100,4.13
2026-01-16T09:31:32Z,690,,2.4,71,4.06,-1.6,100,4.34
2026-01-16T11:31:04Z,705,,2.5,71.9,4.14,-1.3,100,4.43
2026-01-16T13:30:26Z,900,,2.6,71.8,4.16,-2.6,100,4.05
2026-01-16T15:29:57Z,900,,2.6,69,4.0,-3.6,100,3.77
2026-01-16T17:30:08Z,825,,2.6,67.4,3.9,-3.5,100,3.8
2026-01-16T19:30:38Z,825,,2.5,67,3.85,-3.8,100,3.72
2026-01-16T21:30:37Z,780,,2.5,64.8,3.73,-4.7,100,3.49
2026-01-16T23:29:54Z,735,,2.4,64.4,3.68,-4.6,100,3.51
2026-01-17T01:30:20Z,765,,2.3,63.5,3.6,-5.6,100,3.27
2026-01-17T03:29:31Z,660,,1.9,62.5,3.45,-5.9,100,3.2
2026-01-17T07:30:01Z,540,,1.5,64.9,3.49,-4.4,100,3.56
2026-01-17T09:30:44Z,525,,1.4,67.4,3.6,-3.9,100,3.69
2026-01-17T11:30:06Z,660,,1.6,68.8,3.72,-3.3,100,3.85
2026-01-17T13:30:33Z,690,,2,69.5,3.86,-3,100,3.93
2026-01-17T15:31:04Z,735,,2.3,70.3,3.99,-2.6,100,4.05
2026-01-17T17:31:42Z,795,,2.4,71.2,4.07,-2.3,100,4.13
2026-01-17T19:32:27Z,750,,2.5,71.7,4.12,-1.7,100,4.31
2026-01-17T21:32:24Z,750,,2.7,72.5,4.23,-1.3,100,4.43
2026-01-17T23:32:29Z,795,,2.7,73.8,4.3,-1,100,4.53
2026-01-18T01:32:51Z,795,,2.8,74.6,4.38,-0.7,100,4.62
2026-01-18T03:33:17Z,825,,2.8,75.5,4.43,-0.6,100,4.65
2026-01-18T05:33:42Z,885,,2.8,76.4,4.48,-0.5,100,4.69
2026-01-18T07:33:15Z,885,,2.8,77.3,4.54,-0.5,100,4.69
2026-01-18T09:32:44Z,900,,2.8,77.8,4.57,-0.3,100,4.75
2026-01-18T11:32:31Z,915,,2.8,78.4,4.6,-0.3,100,4.75
2026-01-18T13:31:59Z,990,,2.9,78.7,4.65,-0.4,100,4.72
2026-01-18T15:31:33Z,1035,,2.9,78.4,4.63,-0.6,100,4.65
2026-01-18T17:30:51Z,990,,2.9,78.1,4.61,-0.7,100,4.62
2026-01-18T19:30:35Z,1035,,2.9,78.3,4.63,-0.7,100,4.62
2026-01-18T21:30:44Z,1035,,2.9,78.3,4.63,-0.6,100,4.65
2026-01-18T23:31:01Z,1020,,2.9,78.4,4.63,-0.6,100,4.65
2026-01-19T01:31:34Z,1020,,2.9,78.3,4.63,-0.7,100,4.62
2026-01-19T03:30:41Z,1020,,2.9,78.2,4.62,-0.7,100,4.62
2026-01-19T05:30:56Z,1020,,2.9,78,4.61,-0.9,100,4.56
2026-01-19T07:30:20Z,1020,,2.9,77.6,4.58,-1.1,100,4.49
2026-01-19T09:29:35Z,1020,,2.9,77.3,4.57,-1.1,100,4.49
2026-01-19T11:29:22Z,1020,,2.9,77.1,4.56,-1.3,100,4.43
2026-01-19T13:29:16Z,1065,,2.9,76.4,4.51,-1.6,100,4.34
2026-01-19T15:28:32Z,1050,,2.9,75,4.43,-2.1,100,4.19
2026-01-19T17:27:47Z,1050,,2.8,73.4,4.31,-2.6,100,4.05
2026-01-19T19:27:26Z,990,,2.8,72.4,4.25,-2.7,100,4.02
2026-01-19T21:26:41Z,990,,2.7,71.9,4.19,-2.9,100,3.96
2026-01-19T23:26:37Z,990,,2.7,71.3,4.16,-3.2,100,3.88
2026-01-20T01:26:53Z,960,,2.6,69.8,4.04,-3.8,100,3.72
2026-01-20T03:26:57Z,885,,2.5,67.9,3.91,-4.2,100,3.61
2026-01-20T05:27:37Z,795,,2.3,66.2,3.76,-4.6,100,3.51
2026-01-20T07:28:21Z,765,,2.1,65.6,3.67,-4.8,100,3.46
2026-01-20T09:28:15Z,720,,1.8,65.8,3.61,-4.6,100,3.51
2026-01-20T11:27:37Z,720,,1.8,66.2,3.63,-4.5,100,3.54
2026-01-20T13:28:17Z,660,,1.6,66,3.57,-4.6,100,3.51
2026-01-20T15:27:52Z,660,,1.2,66.4,3.5,-4.9,100,3.44
2026-01-20T17:28:09Z,600,,1.1,67.2,3.51,-4.9,100,3.44
2026-01-20T19:27:22Z,600,,1.1,67.4,3.52,-4.8,100,3.46
2026-01-20T21:27:00Z,615,,1.1,67.9,3.55,-4.5,100,3.54
2026-01-20T23:27:24Z,660,,1.2,69.2,3.64,-3.9,100,3.69
2026-01-21T01:28:06Z,675,,1.9,69.1,3.82,-2.8,100,3.99
2026-01-21T03:28:14Z,735,,2.3,69.9,3.97,-2.7,100,4.02
2026-01-21T05:28:16Z,810,,2.1,71.1,3.98,-3.2,100,3.88
2026-01-21T07:27:57Z,855,,2.4,69.4,3.96,-3.6,100,3.77
2026-01-21T09:27:49Z,855,,2.3,69,3.92,-3.9,100,3.69
2026-01-21T11:28:03Z,870,,2.3,68.7,3.9,-4.1,100,3.64
2026-01-21T13:28:32Z,855,,2.4,67.9,3.88,-4.2,100,3.61
2026-01-21T15:28:01Z,870,,2.5,66.8,3.84,-4.2,100,3.61
2026-01-21T17:28:36Z,825,,2,67.8,3.77,-4.5,100,3.54
2026-01-21T19:29:11Z,780,,1.9,67.2,3.71,-4.7,100,3.49
2026-01-21T21:29:41Z,720,,1.4,67.5,3.6,-4.9,100,3.44
2026-01-21T23:28:54Z,720,,1.6,66.9,3.62,-5,100,3.41
2026-01-22T01:28:22Z,720,,1.6,65.7,3.56,-5.1,100,3.39
2026-01-22T03:27:52Z,675,,1.6,64.2,3.47,-5.8,99.8,3.21
2026-01-22T05:28:37Z,660,,1.3,63.9,3.39,-6,100,3.17
2026-01-22T07:28:04Z,555,,1.1,62.8,3.28,-6.1,100,3.15
2026-01-22T09:28:13Z,480,,0.7,63.8,3.25,-6.3,100,3.1
2026-01-22T11:28:46Z,480,,0.3,66,3.27,-6.3,100,3.1
2026-01-22T13:28:53Z,0,,0.1,66.1,3.23,-7,100,2.95
2026-01-22T15:28:40Z,0,,-1.5,69.9,3.06,-7.5,100,2.84
2026-01-22T17:27:55Z,0,,-2,70,2.95,-7.8,100,2.78
2026-01-22T19:27:30Z,0,,-2.6,70.8,2.86,-8.1,99.6,2.71
2026-01-22T21:27:31Z,0,,-2.7,72.1,2.9,-8.3,100,2.68
2026-01-22T23:27:06Z,0,,-2.8,71.9,2.87,-8.7,100,2.6
2026-01-23T01:26:45Z,0,,-3.4,73.2,2.8,-8.9,100,2.56
2026-01-23T03:26:47Z,0,,-3.4,73.6,2.81,-9.2,100,2.51
2026-01-23T05:26:29Z,0,,-3.9,74.9,2.76,-9.7,100,2.42
2026-01-23T07:26:43Z,0,,-3.8,73.7,2.74,-9.8,100,2.4
2026-01-23T09:26:09Z,0,,-3.9,74.3,2.74,-9.7,98.9,2.39
2026-01-23T11:26:32Z,0,,-3.7,73.1,2.74,-9.4,98.4,2.43
2026-01-23T13:26:39Z,0,,-3.6,72.6,2.74,-9.4,98.1,2.42
2026-01-23T15:26:58Z,0,,-4.2,74.1,2.68,-9.8,99.2,2.38
2026-01-23T17:26:11Z,0,,-4.8,76.5,2.65,-9.8,99.1,2.38
2026-01-23T19:25:37Z,0,,-4.6,77.4,2.72,-9.9,98.5,2.34
2026-01-23T21:25:28Z,0,,-4.5,74.4,2.63,-10.1,98,2.3
2026-01-23T23:24:41Z,0,,-4.4,72,2.56,-10.6,98.5,2.22
2026-01-24T01:24:39Z,0,,-4.8,70.6,2.44,-11,98.7,2.16
2026-01-24T03:24:35Z,0,,-4.8,68.1,2.36,-10.8,99.7,2.22
2026-01-24T05:24:33Z,0,,-5.3,69.7,2.33,-10.6,100,2.26
2026-01-24T07:23:41Z,0,,-5.1,68.2,2.31,-10.2,100,2.33
2026-01-24T09:23:54Z,0,,-4.7,67.8,2.36,-9.2,100,2.51
2026-01-24T11:23:52Z,0,,-4.1,69.1,2.51,-8.2,100,2.7
2026-01-24T13:24:32Z,0,,-4.4,70.8,2.52,-8.1,100,2.72
2026-01-24T15:24:13Z,0,,-6.5,77.4,2.37,-8.8,100,2.58
2026-01-24T17:24:29Z,0,,-5.6,79.2,2.59,-9,100,2.55
2026-01-24T19:24:45Z,0,,-6.3,81.4,2.53,-9.1,100,2.53
2026-01-24T21:24:01Z,0,,-7.2,83.4,2.42,-9.1,100,2.53
2026-01-24T23:23:18Z,0,,-6.7,83,2.5,-9.2,100,2.51
2026-01-25T01:23:16Z,0,,-4.8,82.7,2.86,-9.6,100,2.43
2026-01-25T03:22:49Z,0,,-7.2,82.3,2.39,-9.8,100,2.4
2026-01-25T05:22:26Z,0,,-6.4,86.1,2.65,-9.4,100,2.47
2026-01-25T07:22:42Z,0,,-6.8,85.6,2.56,-9.2,100,2.51
2026-01-25T09:23:06Z,0,,-3.7,80.6,3.02,-8.4,100,2.66
2026-01-25T11:23:41Z,0,,-3.1,78.1,3.05,-8.3,98.2,2.63
2026-01-25T13:23:17Z,0,,-3.2,76.9,2.98,-8,98.3,2.69
2026-01-25T15:23:53Z,0,,-5.7,79.9,2.59,-8.6,100,2.62
2026-01-25T17:23:17Z,0,,-6.8,85.1,2.55,-9.9,100,2.38
2026-01-25T19:23:05Z,0,,-6.7,86,2.59,-9.2,100,2.51
2026-01-25T21:22:44Z,0,,-4.5,82.9,2.93,-8.8,100,2.58
2026-01-25T23:23:34Z,0,,-3.9,80.7,2.98,-8.4,100,2.66
2026-01-26T01:24:19Z,0,,-3,76.1,2.99,-8.2,100,2.7
2026-01-26T03:24:06Z,0,,-3.6,76.3,2.88,-8.3,100,2.68
2026-01-26T05:24:05Z,0,,-2.5,71.3,2.91,-8.4,100,2.66
2026-01-26T07:24:45Z,0,,-2.6,69.2,2.8,-8.7,100,2.6
2026-01-26T09:25:19Z,0,,-2.3,64.8,2.68,-8.1,100,2.72
2026-01-26T11:25:04Z,0,,-2.3,64,2.64,-8.3,100,2.68
2026-01-26T13:25:22Z,0,,-2.6,63.4,2.57,-8.3,100,2.68
2026-01-26T15:25:34Z,0,,-10.8,70.5,1.57,-10,100,2.36
2026-01-26T17:26:04Z,0,,-3,64.2,2.53,-9.8,100,2.4
2026-01-26T19:26:07Z,0,,-2.9,62,2.46,-8.5,100,2.64
2026-01-26T21:26:21Z,0,,-3,62.3,2.45,-8.3,100,2.68
2026-01-26T23:26:54Z,0,,-3,62.8,2.47,-8.1,100,2.72
2026-01-27T01:27:27Z,0,,-3,64.1,2.52,-7.9,100,2.76
2026-01-27T03:27:08Z,0,,-3,64.6,2.54,-8,100,2.74
2026-01-27T05:27:20Z,0,,-3.2,66.7,2.59,-8.1,100,2.72
2026-01-27T07:27:23Z,0,,-3.1,66.9,2.61,-8.3,100,2.68
2026-01-27T09:26:47Z,0,,-2.6,64.8,2.62,-7.9,100,2.76
2026-01-27T11:26:07Z,0,,-2.3,64.6,2.67,-7.7,100,2.8
2026-01-27T13:25:43Z,0,,-2.9,69.8,2.77,-8.6,100,2.62
2026-01-27T15:25:50Z,0,,-2.9,66.5,2.63,-9.3,100,2.49
2026-01-27T17:25:46Z,0,,-4.7,65.9,2.3,-10,100,2.36
2026-01-27T19:26:18Z,0,,-2.7,62.3,2.5,-10.6,100,2.26
2026-01-27T21:26:15Z,0,,-2.8,56.1,2.24,-11.6,100,2.09
2026-01-27T23:27:05Z,0,,-3.5,56.9,2.16,-12.5,100,1.95
2026-01-28T01:26:37Z,0,,-4.2,56.9,2.06,-12.8,100,1.91
2026-01-28T03:26:49Z,0,,-4.1,54.3,1.98,-13.2,100,1.85
2026-01-28T05:27:26Z,0,,-4.8,56.6,1.96,-13.2,100,1.85
2026-01-28T07:27:34Z,0,,-5.2,60.2,2.02,-13,100,1.88
2026-01-28T09:26:51Z,0,,-5.3,61.8,2.06,-11.4,100,2.12
2026-01-28T11:27:06Z,0,,-4.4,64.4,2.29,-10.6,100,2.26
2026-01-28T13:27:21Z,0,,-4.1,65.7,2.39,-10.2,99.6,2.32
2026-01-28T15:28:04Z,0,,-3.3,60.4,2.33,-10.4,100,2.29
2026-01-28T19:29:15Z,0,,-3.2,63.6,2.47,-10.2,97.9,2.28
2026-01-28T21:28:25Z,0,,-3.6,65.4,2.47,-10.1,97.4,2.28
2026-01-28T23:29:10Z,0,,-3.1,62.5,2.44,-11.3,99.8,2.14
2026-01-29T01:29:58Z,0,,-3.6,64.2,2.42,-12.6,100,1.94
2026-01-29T03:29:25Z,0,,-3.6,64.3,2.42,-13.6,100,1.79
2026-01-29T05:29:56Z,0,,-4.3,62.9,2.26,-15,100,1.61
2026-01-29T07:29:45Z,0,,-5.4,66.5,2.2,-15.4,100,1.56
2026-01-29T09:30:06Z,0,,-5,67.5,2.3,-13.3,99,1.82
2026-01-29T11:30:22Z,0,,-4.7,65.1,2.27,-12.2,99.8,1.99
2026-01-29T13:30:08Z,0,,-4.5,60.8,2.15,-11.9,100,2.05
2026-01-29T15:29:45Z,0,,-6.4,68.8,2.12,-13.5,100,1.81
2026-01-29T17:30:08Z,0,,-5.2,57.8,1.94,-15,100,1.61
2026-01-29T19:30:03Z,0,,-5.9,58.9,1.88,-16.7,100,1.41
2026-01-29T21:29:28Z,0,,-6.4,57,1.76,-17.6,100,1.31
2026-01-29T23:29:25Z,0,,-7,55.5,1.64,-18.2,100,1.25
2026-01-30T01:30:15Z,0,,-7.7,55.6,1.56,-19.1,100,1.16
2026-01-30T03:31:00Z,0,,-9.4,61,1.51,-20.1,100,1.07
2026-01-30T05:30:58Z,0,,-11.7,70.2,1.46,-20.9,100,1.0
2026-01-30T07:31:39Z,0,,-13.3,76.1,1.4,-20.4,100,1.04
2026-01-30T09:31:19Z,0,,-9.8,65.4,1.57,-14,94.4,1.64
2026-01-30T11:31:38Z,0,,-8.4,55.1,1.47,-13.9,98.2,1.72
2026-01-30T13:32:03Z,0,,-8.5,57.9,1.53,-12.9,99.6,1.89
2026-01-30T15:31:46Z,0,,-13.3,59.9,1.1,-15.2,100,1.58
2026-01-30T17:32:04Z,0,,-9.9,61.6,1.47,-16.7,100,1.41
2026-01-30T19:32:43Z,0,,-10.1,61.6,1.44,-17.6,100,1.31
2026-01-30T21:32:30Z,0,,-10.2,61.2,1.42,-18.5,100,1.22
2026-01-30T23:31:41Z,0,,-10.6,61,1.38,-19.2,100,1.15
2026-01-31T01:31:40Z,0,,-10,55.1,1.3,-19.4,100,1.13
2026-01-31T03:31:49Z,0,,-10.9,55.7,1.23,-20.1,100,1.07
2026-01-31T05:32:13Z,0,,-11,54.5,1.19,-20.6,100,1.02
2026-01-31T07:32:24Z,0,,-11.5,55,1.16,-20.3,99.4,1.04
2026-01-31T09:31:55Z,0,,-11.1,53,1.15,-15.6,94.7,1.45
2026-01-31T11:32:50Z,0,,-10.9,60.7,1.34,-15.9,98.5,1.48
2026-01-31T13:32:35Z,0,,-10.8,62.1,1.38,-15,99.4,1.6
2026-01-31T15:32:47Z,0,,-10.6,62.5,1.41,-16,100,1.49
2026-01-31T17:33:32Z,0,,-10.6,58.2,1.31,-17.1,100,1.36
2026-01-31T19:33:38Z,0,,-11.9,59.7,1.22,-18.7,100,1.2
2026-01-31T21:33:41Z,0,,-11.2,56.9,1.23,-19.5,100,1.12
2026-01-31T23:34:11Z,0,,-11.4,56.6,1.2,-20.5,100,1.03
2026-02-01T01:33:21Z,0,,-10.8,49.9,1.11,-20.2,100,1.06
2026-02-01T03:34:08Z,0,,-12,53.2,1.08,-20.8,100,1.01
2026-02-01T05:34:42Z,0,,-11.7,52.1,1.08,-20.8,100,1.01
2026-02-01T07:33:55Z,0,,-11.9,51.4,1.05,-19.7,100,1.1
2026-02-01T09:34:24Z,0,,-11.5,52.3,1.1,-15.9,94.2,1.41
2026-02-01T11:35:13Z,0,,-10.7,56.8,1.27,-16.3,98.1,1.42
2026-02-01T13:35:54Z,0,,-11.3,62.4,1.34,-16.3,99,1.44
2026-02-01T15:35:57Z,0,,-11.2,59.8,1.29,-18,100,1.27
2026-02-01T17:35:41Z,0,,-11.6,56.6,1.18,-19.4,100,1.13
2026-02-01T19:35:52Z,0,,-11.8,55.3,1.14,-20.8,100,1.01
2026-02-01T21:35:55Z,0,,-11.6,51.8,1.08,-21.4,99.7,0.96
2026-02-01T23:35:46Z,0,,-11.9,50.1,1.02,-21.7,98.8,0.92
2026-02-02T01:36:11Z,0,,-12.5,51,1.0,-22.1,98.2,0.89
2026-02-02T03:36:04Z,0,,-12.3,48.8,0.97,-21.8,97,0.9
2026-02-02T05:36:53Z,0,,-12.2,45.7,0.91,-21,95.8,0.95
2026-02-02T07:36:39Z,0,,-11.7,40.7,0.85,-19.4,92.9,1.05
2026-02-02T09:36:20Z,0,,-11.7,43.9,0.91,-14.7,82.7,1.36
2026-02-02T11:35:40Z,0,,-10.8,50.2,1.12,-14,81.8,1.42
2026-02-02T13:35:32Z,0,,-9.9,51.9,1.24,-13.5,80.5,1.46
2026-02-02T15:35:32Z,0,,-9.7,50.1,1.21,-14.5,83,1.39
2026-02-02T17:35:53Z,0,,-10,48,1.13,-15.2,82.9,1.31
2026-02-02T19:35:15Z,0,,-10.1,46.4,1.09,-15.6,81,1.24
2026-02-02T21:35:35Z,0,,-10.3,46.7,1.08,-15.7,82.8,1.26
2026-02-02T23:34:58Z,0,,-10.2,47.7,1.11,-16.5,88.3,1.26
2026-02-03T01:34:27Z,0,,-10.4,48.2,1.1,-16.9,92,1.27
2026-02-03T03:34:12Z,0,,-10.5,49.2,1.12,-17.2,94.6,1.28
2026-02-03T05:34:27Z,0,,-10.6,50.2,1.13,-17.7,96.4,1.25
2026-02-03T07:34:21Z,0,,-10.8,50.3,1.12,-17.5,95.5,1.26
2026-02-03T09:35:13Z,0,,-10.6,52.9,1.19,-12.8,87.5,1.67
2026-02-03T11:35:02Z,0,,-9.7,58.5,1.41,-12.1,91.1,1.84
2026-02-03T13:35:39Z,0,,-8.9,60.8,1.56,-10.8,89.5,1.99
2026-02-03T15:36:05Z,0,,-9.8,61.5,1.47,-13.1,94.6,1.76
2026-02-03T17:36:44Z,0,,-11.1,66.3,1.44,-15.9,97.3,1.46
2026-02-03T19:35:45Z,0,,-12.7,67.1,1.29,-17,97.9,1.34
2026-02-03T21:36:25Z,0,,-10.7,63,1.41,-16.8,98.1,1.37
2026-02-03T23:36:56Z,0,,-10.9,64.1,1.41,-16.2,99.3,1.45
2026-02-04T01:37:53Z,0,,-10.8,64.3,1.43,-15.6,99.5,1.53
2026-02-04T03:37:29Z,0,,-11.2,63.7,1.37,-16.5,99.9,1.43
2026-02-04T05:37:08Z,0,,-10.8,63.3,1.41,-17.2,100,1.35
2026-02-04T07:37:48Z,0,,-10.6,59.2,1.34,-16.8,100,1.4
2026-02-04T09:38:01Z,0,,-10,59.5,1.41,-14.8,99.9,1.63
2026-02-04T11:37:43Z,0,,-9.2,62.5,1.57,-12.6,98.9,1.92
2026-02-04T13:38:03Z,0,,-8.4,64.1,1.71,-11.7,99.4,2.06
2026-02-04T15:38:28Z,0,,-7.9,65.1,1.8,-11.5,100,2.11
2026-02-04T17:39:06Z,0,,-7.5,64.9,1.85,-11.3,100,2.14
2026-02-04T19:38:23Z,0,,-7.5,65.4,1.86,-11.4,100,2.12
2026-02-04T21:38:42Z,0,,-7.5,69,1.96,-11.3,100,2.14
2026-02-04T23:38:52Z,0,,-6.9,65.7,1.95,-11.4,100,2.12
2026-02-05T01:39:28Z,0,,-7,66.4,1.96,-11.4,100,2.12
2026-02-05T03:39:06Z,0,,-6.8,67,2.01,-11.5,100,2.11
2026-02-05T05:39:10Z,0,,-6.8,68,2.04,-11.7,100,2.08
2026-02-05T07:39:05Z,0,,-7.8,70.2,1.95,-11.4,100,2.12
2026-02-05T09:39:01Z,0,,-7.9,71.3,1.97,-9.7,89.9,2.17
2026-02-05T11:39:44Z,0,,-4.9,65.4,2.25,-11.1,92,2.0
2026-02-05T13:39:54Z,0,,-4.1,62,2.26,-11.1,94.2,2.05
2026-02-05T15:39:42Z,0,,-6.2,62.6,1.96,-13.5,98.1,1.77
2026-02-05T17:39:02Z,0,,-6.4,66.1,2.04,-15,99.5,1.6
2026-02-05T19:39:15Z,0,,-6.4,66.5,2.05,-15.2,99.9,1.58
2026-02-05T21:39:06Z,0,,-6.9,67,1.99,-14.8,100,1.63
2026-02-05T23:39:19Z,0,,-6.5,67.3,2.06,-15.6,100,1.53
2026-02-06T01:38:56Z,0,,-6.3,61.6,1.91,-17.4,100,1.33
2026-02-06T03:39:26Z,0,,-7.3,59.8,1.73,-19.2,100,1.15
2026-02-06T05:38:49Z,0,,-7.6,54.9,1.55,-20,99.7,1.07
2026-02-06T07:38:24Z,0,,-8.1,54.2,1.47,-18.3,99.5,1.23
2026-02-06T09:38:39Z,0,,-8,55.4,1.52,-15.7,98,1.49
2026-02-06T11:38:36Z,0,,-6.7,51,1.54,-13.4,96.8,1.76
2026-02-06T13:38:24Z,0,,-6.4,52.8,1.63,-12.3,96.7,1.92
2026-02-06T15:38:40Z,0,,-6.3,52.7,1.64,-13.6,97.4,1.75
2026-02-06T17:38:59Z,0,,-7,54.9,1.62,-15.2,98.9,1.57
2026-02-06T21:38:58Z,0,,-7.3,51.1,1.47,-17.5,99.7,1.32
2026-02-06T23:39:12Z,0,,-7.7,47.2,1.32,-18.4,99.6,1.22
2026-02-07T01:39:04Z,0,,-8.4,44.3,1.18,-19.1,99.6,1.15
2026-02-07T03:39:31Z,0,,-12.7,47.9,0.92,-20.2,99.9,1.06
2026-02-07T05:39:59Z,0,,-17.4,62.5,0.83,-21.3,99.7,0.96
2026-02-07T07:39:15Z,0,,-10.1,47,1.1,-18.9,96.9,1.14
2026-02-07T09:38:57Z,0,,-10.2,48.4,1.13,-13.9,88.8,1.56
2026-02-07T11:38:33Z,0,,-8.6,51.9,1.36,-13.7,93.5,1.66
2026-02-07T13:38:25Z,0,,-8.3,56.8,1.52,-12,94.2,1.91
2026-02-07T17:38:53Z,0,,-7.5,62.7,1.78,-11.9,100,2.05
2026-02-07T19:38:07Z,0,,-7.3,63.2,1.82,-11.8,100,2.06
2026-02-07T21:38:33Z,0,,-7.5,64.9,1.85,-11.3,100,2.14
2026-02-07T23:38:17Z,0,,-6.7,65,1.96,-10.6,100,2.26
2026-02-08T01:38:42Z,0,,-6.2,64.3,2.01,-10.7,100,2.24
2026-02-08T03:38:08Z,0,,-5.9,64,2.05,-11.4,100,2.12
2026-02-08T05:38:00Z,0,,-6,62.7,1.99,-12.9,100,1.89
2026-02-08T07:38:01Z,0,,-7.2,65.9,1.92,-12,100,2.03
2026-02-08T09:38:46Z,0,,-7.3,66.7,1.93,-7.6,90,2.54
2026-02-08T11:39:19Z,0,,-6.6,67.3,2.04,-10.1,95.5,2.24
2026-02-08T13:39:26Z,0,,-7.3,69,1.99,-9.9,94.9,2.26
2026-02-08T15:38:39Z,0,,-12.5,71.1,1.39,-11.8,98.2,2.02
2026-02-08T17:38:03Z,0,,-10.6,75.7,1.71,-14.1,100,1.73
2026-02-08T19:37:53Z,0,,-8.2,71.2,1.92,-16.1,100,1.47
2026-02-08T21:37:53Z,0,,-10.2,71.2,1.66,-14.9,100,1.62
2026-02-08T23:38:17Z,0,,-10.4,75.4,1.73,-13.5,100,1.81
2026-02-09T01:38:12Z,0,,-8.7,79.7,2.07,-11,100,2.19
2026-02-09T03:38:08Z,0,,-7.4,81.9,2.35,-8.9,100,2.56
2026-02-09T05:37:50Z,0,,-6.3,81.3,2.52,-7.7,100,2.8
2026-02-09T07:38:15Z,435,,-5.3,70.3,2.35,-6.4,100,3.08
2026-02-09T09:37:35Z,465,,-3.7,70.4,2.64,-4.7,92.9,3.24
2026-02-09T11:37:12Z,480,,-2.8,70.3,2.8,-4.5,90.5,3.2
2026-02-09T13:37:01Z,465,,-2.1,67.4,2.82,-4.8,88.7,3.07
2026-02-09T15:37:09Z,465,,-1.8,64.4,2.76,-6.8,94.2,2.82
2026-02-09T17:36:59Z,0,,-1.5,62.4,2.73,-7.6,96.5,2.72
2026-02-09T19:37:18Z,0,,-2.9,67.7,2.68,-7.3,97.7,2.82
2026-02-09T21:36:55Z,0,,-4,73,2.67,-7.1,99.4,2.91
2026-02-09T23:37:48Z,0,,-4.9,80.2,2.76,-7.3,100,2.89
2026-02-10T01:38:41Z,0,,-4.6,81.4,2.86,-7.4,100,2.87
2026-02-10T03:38:59Z,0,,-3.1,74.3,2.9,-7.3,100,2.89
2026-02-10T05:38:45Z,0,,-3.3,75.5,2.91,-7.3,100,2.89
2026-02-10T07:39:11Z,465,,-3,75,2.95,-6.7,100,3.02
2026-02-10T09:39:01Z,465,,-0.6,66,3.07,-5.4,100,3.31
2026-02-10T11:38:26Z,480,,0,66.1,3.21,-4.2,96,3.47
2026-02-10T13:38:34Z,480,,0.6,65.4,3.31,-4.6,96.2,3.38
2026-02-10T15:39:14Z,480,,0.8,64.4,3.3,-5.3,96.8,3.23
2026-02-10T17:39:35Z,480,,1.2,63,3.32,-5.5,98,3.22
2026-02-10T19:39:17Z,480,,0.7,65,3.31,-4.9,100,3.44
2026-02-10T21:39:00Z,465,,0.7,65.7,3.34,-4.8,100,3.46
2026-02-10T23:38:48Z,480,,0.9,65.6,3.38,-4.7,100,3.49
2026-02-11T01:38:06Z,495,,0.9,65.9,3.4,-4.7,100,3.49
2026-02-11T03:38:09Z,465,,0.7,66.3,3.37,-5,100,3.41
2026-02-11T05:38:55Z,495,,1.1,65.2,3.41,-5.3,100,3.34
2026-02-11T07:38:32Z,480,,1.1,65.4,3.42,-4.6,100,3.51
2026-02-11T09:37:50Z,495,,1.3,65.9,3.49,-4.1,100,3.64
2026-02-11T11:37:29Z,555,,1.5,66.4,3.57,-4.2,100,3.61
2026-02-11T13:38:07Z,660,,1.7,66.2,3.61,-4.4,100,3.56
2026-02-11T15:37:57Z,675,,1.9,65.4,3.61,-4.8,100,3.46
2026-02-11T17:38:27Z,690,,1.9,64.7,3.57,-5.1,100,3.39
2026-02-11T19:38:06Z,690,,1.8,64,3.51,-5.4,100,3.31
2026-02-11T21:38:19Z,645,,1.8,62.8,3.44,-5.9,100,3.2
2026-02-11T23:37:55Z,660,,1.8,62.1,3.41,-6,100,3.17
2026-02-12T01:38:15Z,540,,1.6,61.2,3.31,-6.2,100,3.13
2026-02-12T03:37:25Z,0,,1.5,58,3.12,-7.5,100,2.84
2026-02-12T05:38:07Z,0,,0.9,56.9,2.94,-8.3,100,2.68
2026-02-12T07:38:52Z,0,,0.8,55.7,2.85,-8.9,100,2.56
2026-02-12T09:38:29Z,0,,0.9,51.2,2.64,-8.1,99.7,2.71
2026-02-12T11:37:59Z,0,,0.9,48.3,2.49,-8.5,97.5,2.58
2026-02-12T13:37:30Z,0,,1,47.8,2.48,-8.4,98.4,2.62
2026-02-12T15:38:15Z,0,,1.1,46.7,2.44,-9.5,100,2.45
2026-02-12T17:38:46Z,0,,1,45,2.34,-10,100,2.36
2026-02-12T19:38:05Z,0,,0.8,45.7,2.34,-10.9,100,2.21
2026-02-12T21:38:11Z,0,,0.8,42.9,2.2,-11.6,100,2.09
2026-02-12T23:37:31Z,0,,0.6,38.5,1.95,-13.7,100,1.78
2026-02-13T01:36:59Z,0,,0.1,39.1,1.91,-13.8,100,1.77
2026-02-13T03:37:23Z,0,,0,36.5,1.77,-14.5,100,1.67
2026-02-13T05:37:56Z,0,,-0.2,37.3,1.78,-17.1,100,1.36
2026-02-13T07:37:42Z,0,,-0.6,36.6,1.7,-15.2,97,1.54
2026-02-13T09:37:43Z,0,,-1.4,42.2,1.86,-11.2,85.5,1.84
2026-02-13T11:37:51Z,0,,-0.9,43.6,1.99,-12.2,94,1.88
2026-02-13T13:37:54Z,0,,-1.4,47.8,2.1,-12,94.2,1.91
2026-02-13T15:37:51Z,0,,-1,43.8,1.98,-13.8,96.3,1.7
2026-02-13T17:38:14Z,0,,-1.2,40,1.79,-15.3,97.7,1.54
2026-02-13T19:38:54Z,0,,-1.7,39.7,1.71,-16.1,98.4,1.45
2026-02-13T21:38:58Z,0,,-2.3,39.7,1.64,-17.2,98.6,1.33
2026-02-13T23:39:17Z,0,,-2.1,35.2,1.48,-17.8,98.3,1.27
2026-02-14T01:38:37Z,0,,-2.5,30.9,1.26,-18.7,98.1,1.17
2026-02-14T03:38:10Z,0,,-3.2,30.1,1.17,-19.4,98,1.11
2026-02-14T05:37:54Z,0,,-3.9,29.4,1.08,-19.9,97.7,1.06
2026-02-14T07:37:53Z,0,,-4.4,30,1.07,-16.5,93.3,1.33
2026-02-14T09:37:48Z,0,,-4.3,30.2,1.08,-11,82.4,1.8
2026-02-14T11:37:10Z,0,,-4.1,32.6,1.19,-12.9,88.7,1.68
2026-02-14T13:36:59Z,0,,-4.1,36.5,1.33,-12.2,90.4,1.81
2026-02-14T15:37:08Z,0,,-9.7,41.9,1.01,-14,94.9,1.65
2026-02-14T17:36:56Z,0,,-18.2,55.4,0.69,-16.5,96.7,1.38
2026-02-14T19:36:25Z,0,,-20.3,60.5,0.64,-18.9,97.3,1.15
2026-02-14T21:36:32Z,0,,-21.6,62.7,0.59,-20.6,97.1,0.99
2026-02-14T23:35:50Z,0,,-22.7,64.2,0.55,-22,97,0.88
2026-02-15T01:36:04Z,0,,-23.4,63.9,0.52,-22.9,96.6,0.82
2026-02-15T03:36:51Z,0,,-23.3,66,0.54,-23.1,96.3,0.8
2026-02-15T05:36:58Z,0,,-13.8,53.8,0.95,-21.9,96.2,0.88
2026-02-15T07:36:24Z,0,,-12.5,51.8,1.01,-18.8,95.8,1.14
2026-02-15T09:36:38Z,0,,-10.8,49.1,1.09,-13.6,95.5,1.71
2026-02-15T11:36:35Z,0,,-8.4,60.7,1.62,-9,98.2,2.5
2026-02-15T13:37:23Z,0,,-8.2,53,1.43,-8.7,99.2,2.58
2026-02-15T15:37:09Z,0,,-8.1,68.3,1.86,-9.4,100,2.47
2026-02-15T17:37:09Z,0,,-7.4,55.9,1.6,-10,100,2.36
2026-02-15T19:37:43Z,0,,-6.6,52.5,1.59,-9.9,100,2.38
2026-02-15T21:37:29Z,0,,-6,50.7,1.61,-9.7,100,2.42
2026-02-15T23:37:13Z,0,,-5.6,49.1,1.6,-9.7,100,2.42
2026-02-16T01:36:33Z,0,,-5.6,50.5,1.65,-9.9,100,2.38
2026-02-16T03:36:20Z,0,,-4.6,52.1,1.83,-10,100,2.36
2026-02-16T05:37:11Z,0,,-4.6,54.3,1.91,-10,100,2.36
2026-02-16T07:37:08Z,0,,-4,57.6,2.11,-9.8,100,2.4
2026-02-16T09:36:55Z,0,,-3.9,59.7,2.2,-8.6,100,2.62
2026-02-16T11:36:18Z,0,,-3.7,58.2,2.18,-7.5,99.4,2.83
2026-02-16T13:35:50Z,0,,-3.4,58.4,2.23,-7.1,99.5,2.91
2026-02-16T15:36:23Z,0,,-3.2,59.1,2.29,-8.1,100,2.72
2026-02-16T17:36:08Z,0,,-3.8,62,2.3,-9,100,2.55
2026-02-16T19:35:52Z,0,,-3.9,63.7,2.35,-9.1,100,2.53
2026-02-16T21:36:06Z,0,,-4,63.1,2.31,-8.9,100,2.56
2026-02-16T23:36:05Z,0,,-4,62.9,2.3,-8.6,100,2.62
2026-02-17T01:35:45Z,0,,-4.8,68.5,2.37,-8.4,100,2.66
2026-02-17T03:35:28Z,0,,-3.7,63.5,2.38,-8.2,100,2.7
2026-02-17T05:35:26Z,0,,-3,59.8,2.35,-7.9,100,2.76
2026-02-17T07:34:42Z,0,,-3.3,60.8,2.34,-7.4,98.7,2.83
2026-02-17T09:34:35Z,450,,-2.4,58.1,2.38,-5.7,95,3.08
2026-02-17T11:34:22Z,480,,-0.2,55,2.63,-5.5,89.8,2.95
2026-02-17T13:34:24Z,480,,0,56.1,2.72,-6.1,87,2.74
2026-02-17T15:34:45Z,0,,0.2,55.5,2.73,-7.6,92.6,2.61
2026-02-17T17:34:07Z,0,,-10,60.2,1.42,-10.1,97.2,2.28
2026-02-17T19:33:22Z,0,,-14.8,71,1.16,-12.7,98.7,1.9
2026-02-17T21:32:44Z,0,,-15.7,71.9,1.09,-13.6,99.4,1.78
2026-02-17T23:33:28Z,0,,-15.8,74.2,1.12,-13.2,100,1.85
2026-02-18T01:32:52Z,0,,-13.5,70.6,1.28,-14.7,100,1.65
2026-02-18T03:33:29Z,0,,-12.1,75.1,1.51,-13.3,100,1.84
2026-02-18T05:33:41Z,0,,-13.4,71.6,1.3,-13.5,100,1.81
2026-02-18T07:32:56Z,0,,-10.8,78.9,1.75,-12.4,100,1.97
2026-02-18T09:33:34Z,0,,-7.6,79.5,2.24,-8.2,89.1,2.41
2026-02-18T11:34:05Z,0,,-4.2,72.4,2.62,-8.8,90.2,2.33
2026-02-18T13:34:23Z,0,,-4.6,63.5,2.23,-8.8,88.4,2.28
2026-02-18T15:33:47Z,0,,-7.6,72.4,2.04,-10.1,95.9,2.25
2026-02-18T19:33:57Z,0,,-9.7,79.5,1.92,-11.2,100,2.16
2026-02-18T21:34:23Z,0,,-5.1,70.1,2.37,-11.9,100,2.05
2026-02-18T23:34:36Z,0,,-4.8,67.9,2.35,-13,100,1.88
2026-02-19T01:34:25Z,0,,-4.8,68.7,2.38,-13,100,1.88
2026-02-19T03:33:49Z,0,,-5.1,67.8,2.3,-12.8,100,1.91
2026-02-19T05:34:18Z,0,,-4.8,69,2.39,-12.6,100,1.94
2026-02-19T07:33:37Z,0,,-4.5,65.9,2.33,-12.5,100,1.95
2026-02-19T09:33:06Z,0,,-4.2,61.3,2.21,-11.1,95.5,2.08
2026-02-19T11:33:16Z,0,,-3.8,53.2,1.98,-10.6,92.4,2.09
2026-02-19T13:33:42Z,0,,-3.6,52,1.96,-10.6,92.1,2.08
2026-02-19T15:33:50Z,0,,-3.7,49.3,1.85,-11.1,93.8,2.04
2026-02-19T17:33:18Z,0,,-3.8,48.9,1.82,-11.3,95.6,2.05
2026-02-19T19:32:53Z,0,,-4,48.1,1.76,-12.4,97.3,1.92
2026-02-19T21:32:48Z,0,,-4.2,45.9,1.66,-13.6,98.1,1.76
2026-02-19T23:32:19Z,0,,-4.4,45.3,1.61,-14.4,99,1.67
2026-02-20T01:33:02Z,0,,-4.7,43.5,1.52,-15.4,99.3,1.55
2026-02-20T03:33:00Z,0,,-5.2,43.4,1.46,-16.3,98.9,1.44
2026-02-20T05:32:23Z,0,,-6.3,45.1,1.4,-17,99.2,1.36
2026-02-20T07:31:55Z,0,,-5.5,41.7,1.37,-12.7,92.4,1.78
2026-02-20T09:31:46Z,450,,-5.7,44.4,1.44,-6.7,77,2.32
2026-02-20T11:32:06Z,465,,-4.9,51.8,1.78,-6.5,85.6,2.62
2026-02-20T13:32:40Z,465,,-3.5,49.9,1.89,-4.9,89.6,3.08
2026-02-20T15:33:23Z,465,,-2.9,51.3,2.03,-5.1,95,3.22
2026-02-20T17:34:01Z,0,,-2.5,53.8,2.19,-7.3,98.8,2.85
2026-02-20T19:34:08Z,0,,-4,57.4,2.1,-8.1,97.8,2.66
2026-02-20T21:33:30Z,450,,-3.6,58.6,2.21,-6.2,91.9,2.87
2026-02-20T23:33:52Z,465,,-2.4,57.7,2.37,-5.7,95.8,3.11
2026-02-21T01:33:21Z,465,,-1.5,50.8,2.22,-2.9,99.6,3.95
2026-02-21T03:32:49Z,480,,-0.9,53.1,2.42,-2,100,4.22
2026-02-21T05:33:19Z,480,,-0.5,55,2.58,-2.6,100,4.05
2026-02-21T07:33:36Z,480,,0,57.9,2.81,-2.5,100,4.07
2026-02-21T09:32:54Z,465,,0.6,60.8,3.07,-2.3,100,4.13
2026-02-21T11:32:39Z,480,,1.2,62.9,3.31,-1.8,100,4.28
2026-02-21T13:32:54Z,480,,1.6,66.2,3.58,-1.8,100,4.28
2026-02-21T15:33:31Z,480,,1.8,68.1,3.74,-2.7,100,4.02
2026-02-21T17:33:19Z,600,,1.7,68.7,3.74,-3,100,3.93
2026-02-21T19:33:14Z,660,,1.8,67.6,3.71,-3.4,98.6,3.77
2026-02-21T21:34:01Z,645,,1.8,67.2,3.69,-3.5,100,3.8
2026-02-21T23:33:43Z,660,,1.6,67.8,3.67,-3.9,100,3.69
2026-02-22T01:33:58Z,645,,1.7,67.4,3.67,-3.9,100,3.69
2026-02-22T03:33:48Z,660,,1.8,66.8,3.66,-3.8,100,3.72
2026-02-22T05:34:28Z,540,,1.1,70.3,3.68,-3.1,100,3.91
2026-02-22T07:34:02Z,480,,0.5,65.7,3.3,-4.3,100,3.59
2026-02-22T09:33:24Z,480,,0.3,64.4,3.19,-3.4,94.4,3.61
2026-02-22T11:33:06Z,480,,0.4,62.6,3.12,-3.5,91,3.46
2026-02-22T13:33:49Z,495,,0.7,60.2,3.06,-3.3,87.7,3.38
2026-02-22T15:33:14Z,495,,0.8,57.3,2.94,-4.9,90.3,3.1
2026-02-22T17:33:45Z,495,,1.1,54.4,2.85,-6.5,95.6,2.93
2026-02-22T19:33:00Z,0,,1.1,53.8,2.81,-7.1,99.4,2.91
2026-02-22T21:33:43Z,0,,0.8,54.4,2.79,-8.1,100,2.72
2026-02-22T23:33:46Z,0,,-0.5,58.5,2.74,-9.6,100,2.43
2026-02-23T01:34:21Z,0,,-3.3,53.7,2.07,-10.8,100,2.22
2026-02-23T03:34:32Z,0,,-4.7,62.8,2.19,-11.7,100,2.08
2026-02-23T05:34:03Z,0,,-5.1,59.8,2.03,-12.8,100,1.91
2026-02-23T07:33:19Z,0,,-2.3,61.8,2.55,-7.6,94.6,2.67
2026-02-23T09:34:04Z,465,,-2.2,63.2,2.63,-6.1,94,2.96
2026-02-23T11:33:35Z,480,,-0.2,56.2,2.69,-3.5,93.5,3.55
2026-02-23T13:34:17Z,480,,1,51.6,2.68,-4.5,94.9,3.36
2026-02-23T15:34:40Z,465,,0.4,56.4,2.81,-6.5,98.3,3.01
2026-02-23T17:34:11Z,0,,0.3,56.6,2.8,-8.7,100,2.6
2026-02-23T19:34:41Z,0,,-1.4,60.6,2.67,-9.8,100,2.4
2026-02-23T21:34:31Z,0,,-1.8,62.6,2.68,-10.2,100,2.33
2026-02-23T23:35:13Z,0,,-1.7,61.4,2.65,-10.6,100,2.26
2026-02-24T01:34:44Z,0,,-2.3,61.4,2.54,-11.1,100,2.17
2026-02-24T03:34:52Z,0,,-2.4,57.9,2.38,-11.3,100,2.14
2026-02-24T05:34:34Z,0,,-2.7,54.1,2.17,-11.2,100,2.16
2026-02-24T07:34:39Z,0,,-2.9,55.9,2.21,-8.9,100,2.56
2026-02-24T09:35:22Z,465,,-2.4,59,2.42,-4.2,92.6,3.34
2026-02-24T11:34:57Z,480,,-0.9,55.8,2.54,-3.4,88.2,3.37
2026-02-24T13:34:12Z,480,,-1.2,64.7,2.89,-3.4,88.8,3.4
2026-02-24T15:34:45Z,480,,-0.6,62.9,2.93,-4.3,87.4,3.13
2026-02-24T17:34:30Z,480,,-0.7,60.8,2.81,-5.9,91.9,2.94
2026-02-24T19:35:15Z,465,,-0.9,58.8,2.68,-6.8,94.7,2.84
2026-02-24T21:34:47Z,0,,-0.8,56.4,2.59,-8.1,97.5,2.65
2026-02-24T23:35:16Z,0,,-1.4,56,2.46,-9.3,99.9,2.49
2026-02-25T01:34:38Z,0,,-1.8,55.2,2.36,-9.9,100,2.38
2026-02-25T03:33:57Z,0,,-2.1,53.1,2.23,-11.2,100,2.16
2026-02-25T05:34:29Z,0,,-2.5,53.2,2.17,-12,100,2.03
2026-02-25T07:34:06Z,465,,-2.6,51.3,2.08,-6.5,90.5,2.77
2026-02-25T09:34:31Z,480,,-1.6,50.3,2.18,-0.1,73,3.52
2026-02-25T11:34:31Z,480,,-1.4,53.2,2.34,-3.5,79.7,3.03
2026-02-25T13:35:02Z,495,,-0.9,57.2,2.61,-2.7,73.5,2.95
2026-02-25T15:35:34Z,480,,-0.6,60.4,2.81,-4.9,85.7,2.94
2026-02-25T17:35:00Z,480,,-0.3,59.1,2.81,-6.6,94.5,2.87
2026-02-25T19:34:22Z,465,,-0.3,59,2.8,-6.3,97.3,3.02
2026-02-25T21:34:26Z,465,,-0.4,59.8,2.82,-4.9,95.7,3.29
2026-02-25T23:34:29Z,495,,-0.3,60.5,2.87,-4,92,3.37
2026-02-26T01:33:56Z,480,,-0.1,61.9,2.98,-3,89.7,3.53
2026-02-26T03:33:51Z,480,,0,64.1,3.11,-3.7,100,3.74
2026-02-26T05:33:40Z,480,,0,68.1,3.3,-3.3,100,3.85
2026-02-26T07:33:13Z,480,,0.2,70.5,3.47,-3.1,100,3.91
2026-02-26T09:33:01Z,495,,0.5,72.1,3.62,-2.5,100,4.07
2026-02-26T11:33:33Z,495,,0.9,72.7,3.75,-2,100,4.22
2026-02-26T13:33:43Z,495,,1.2,72.9,3.84,-1.1,100,4.49
2026-02-26T15:34:24Z,495,,1.4,72.8,3.89,-1,100,4.53
2026-02-26T17:34:49Z,480,,1.7,73.7,4.02,-0.5,98.6,4.62
2026-02-26T19:34:57Z,495,,1.9,74.3,4.1,0,95.3,4.62
2026-02-26T23:35:47Z,495,,2.4,77.2,4.41,0.5,100,5.02
2026-02-27T01:35:37Z,555,,2.6,78,4.52,0.8,100,5.12
2026-02-27T03:35:10Z,660,,2.7,78.6,4.58,0.8,100,5.12
2026-02-27T05:34:52Z,720,,2.9,78.8,4.66,0.8,100,5.12
2026-02-27T07:35:15Z,765,,3,79.3,4.72,0.9,100,5.16
2026-02-27T09:35:50Z,765,,3,80.2,4.77,1.3,100,5.3
2026-02-27T11:36:15Z,765,,3.1,80.4,4.81,1.4,100,5.34
2026-02-27T13:35:43Z,750,,3.1,80.9,4.84,1.4,100,5.34
2026-02-27T15:35:43Z,825,,3.2,81.2,4.9,1.3,100,5.3
2026-02-27T17:35:17Z,855,,3.2,80.5,4.85,1.1,100,5.23
2026-02-27T19:35:01Z,960,,3.2,80.8,4.87,0.6,100,5.05
2026-02-27T21:35:16Z,990,,3.2,80.8,4.87,0.5,100,5.02
2026-02-28T01:35:05Z,1020,,3.3,80.4,4.88,0.4,100,4.99
2026-02-28T03:35:16Z,1020,,3.3,80.7,4.9,0.4,100,4.99
2026-02-28T05:35:16Z,1020,,3.3,80.8,4.9,0.6,100,5.05
2026-02-28T07:35:16Z,960,,3.4,81.5,4.98,1.2,100,5.27
2026-02-28T09:35:52Z,855,,3.7,82.4,5.14,2.2,100,5.64
2026-02-28T11:36:06Z,795,,3.8,82.3,5.16,2.7,100,5.83
2026-02-28T13:36:12Z,795,,3.7,82,5.11,2.6,100,5.79
2026-02-28T15:36:34Z,900,,3.5,82.7,5.09,1.8,100,5.49
2026-02-28T17:36:10Z,990,,3.4,82,5.01,1.2,100,5.27
2026-02-28T19:36:48Z,1020,,3.5,81.1,4.99,0.7,100,5.09
2026-02-28T21:37:16Z,1080,,3.4,80.8,4.94,0.3,100,4.95
2026-02-28T23:36:48Z,1125,,3.4,80.3,4.91,0,100,4.85
2026-03-01T01:36:49Z,1185,,3.3,79.8,4.84,-0.5,100,4.69
2026-03-01T03:36:23Z,1200,,3.4,79.4,4.85,-0.6,100,4.65
2026-03-01T05:37:04Z,1185,,3.4,79.4,4.85,-0.4,100,4.72
2026-03-01T07:36:54Z,1125,,3.6,78.8,4.88,-0.1,100,4.82
2026-03-01T09:36:11Z,1095,,3.5,80,4.92,0.2,100,4.92
2026-03-01T11:35:56Z,1065,,3.9,81.6,5.15,1.4,100,5.34
2026-03-01T13:35:33Z,1065,,3.9,81,5.12,1.1,100,5.23
2026-03-01T15:35:35Z,1065,,3.6,81,5.02,0.9,100,5.16
2026-03-01T17:36:07Z,990,,3.5,81.7,5.03,1.2,100,5.27
2026-03-01T19:36:08Z,1050,,3.5,81.5,5.01,0.7,100,5.09
2026-03-01T21:36:58Z,1095,,3.4,80.9,4.94,0.3,100,4.95
2026-03-01T23:37:26Z,1095,,3.4,81.3,4.97,0.4,100,4.99
2026-03-02T01:37:08Z,1125,,3.2,82.6,4.98,0.3,100,4.95
2026-03-02T03:37:43Z,1110,,3.1,81,4.85,-0.3,100,4.75
2026-03-02T05:37:10Z,1155,,3.1,81,4.85,-0.5,100,4.69
2026-03-02T07:37:20Z,1125,,3.1,82.1,4.92,0,100,4.85
2026-03-02T09:37:35Z,1095,,3.4,83.4,5.1,1.1,100,5.23
2026-03-02T11:37:48Z,990,,3.5,82.9,5.1,1.5,100,5.37
2026-03-02T13:38:05Z,990,,3.6,82.4,5.1,1.4,100,5.34
2026-03-02T15:38:30Z,1035,,3.3,81.5,4.95,0.7,100,5.09
2026-03-02T17:38:54Z,990,,2.9,80.7,4.77,0.1,100,4.88
2026-03-02T19:39:32Z,1020,,2.8,79.9,4.69,-0.3,100,4.75
2026-03-02T21:38:53Z,1080,,2.5,79.6,4.58,-1.5,100,4.37
2026-03-02T23:38:52Z,1185,,2.6,79.9,4.63,-1.8,100,4.28
2026-03-03T01:37:59Z,1170,,2.6,79.1,4.58,-2.2,100,4.16
2026-03-03T03:38:10Z,1170,,2.5,78.3,4.5,-2.6,100,4.05
2026-03-03T05:38:36Z,1215,,2.6,79,4.57,-2.4,100,4.1
2026-03-03T07:39:16Z,1155,,2.7,79.8,4.65,-1.4,100,4.4
2026-03-03T09:39:27Z,1155,,3.2,80.2,4.83,-0.4,100,4.72
2026-03-03T13:39:19Z,1110,,3.3,79.5,4.82,-0.3,100,4.75
2026-03-03T15:38:30Z,1050,,3.2,80.5,4.85,0.2,100,4.92
2026-03-03T17:38:18Z,930,,3.5,80.7,4.96,1.3,100,5.3
2026-03-03T19:39:04Z,990,,3.5,81.3,5.0,1.1,100,5.23
2026-03-03T21:39:48Z,990,,3.4,83.1,5.08,1.3,100,5.3
2026-03-03T23:39:05Z,990,,3.2,81.7,4.93,0.7,100,5.09
2026-03-04T01:38:44Z,1020,,2.7,80.9,4.72,-0.3,100,4.75
2026-03-04T03:38:15Z,1050,,2.6,80.9,4.68,-0.8,100,4.59
2026-03-04T05:38:42Z,1065,,2.4,80.7,4.61,-1,100,4.53
2026-03-04T07:38:22Z,660,,2.7,83.5,4.87,2,100,5.56
2026-03-04T09:37:51Z,960,,3.5,86.2,5.3,6.4,80.1,5.97
2026-03-04T11:37:02Z,1365,,5.1,74,5.06,4.5,79.5,5.23
2026-03-04T13:37:02Z,1230,,5.3,69,4.78,4,79.3,5.04
2026-03-04T15:36:25Z,885,,4.3,72.7,4.72,2.5,89.5,5.15
2026-03-04T17:36:21Z,930,,3.4,75.9,4.64,2.9,85.6,5.06
2026-03-04T19:37:03Z,930,,3.3,78,4.73,3.2,86.6,5.22
2026-03-04T21:37:47Z,855,,2.9,79,4.67,2.4,90.7,5.18
2026-03-04T23:37:42Z,840,,2.7,79.7,4.65,1.9,93.2,5.15
2026-03-05T01:38:07Z,825,,2.5,80.4,4.62,1.5,94.7,5.09
2026-03-05T03:37:56Z,855,,2.4,80.4,4.59,1.1,95.1,4.97
2026-03-05T05:37:45Z,855,,2.4,79,4.51,0.2,97.7,4.8
2026-03-05T07:37:00Z,900,,2.7,82.6,4.81,4.5,83,5.46
2026-03-05T09:36:22Z,1455,,5.1,78.7,5.38,6.8,72.5,5.54
2026-03-05T11:35:59Z,1680,,7.7,66.9,5.42,5.3,77.3,5.36
2026-03-05T13:36:38Z,1425,,8.2,61.6,5.16,5.6,74.8,5.29
2026-03-05T15:36:22Z,870,,6.1,63.9,4.67,4.3,81.3,5.27
2026-03-05T17:36:48Z,735,,3,70.7,4.21,1,90.4,4.7
2026-03-05T19:37:32Z,735,,2.3,73.6,4.18,-0.4,95.1,4.49
2026-03-05T21:37:16Z,660,,1.6,76,4.11,-0.9,98.9,4.51
2026-03-05T23:37:51Z,495,,0.5,74,3.71,-1.9,100,4.25
2026-03-06T01:37:03Z,495,,-1.1,75,3.37,-2.8,100,3.99
2026-03-06T03:36:35Z,495,,-1.9,72.9,3.1,-3.5,100,3.8
2026-03-06T05:35:43Z,495,,-2.4,71.8,2.95,-3.9,100,3.69
2026-03-06T07:35:59Z,495,,0,75.8,3.68,1.9,95.1,5.25
2026-03-06T09:36:18Z,1125,,4.6,79.8,5.28,6.4,76.3,5.68
2026-03-06T11:36:22Z,2355,,8.3,75.1,6.33,5.4,78.6,5.48
2026-03-06T13:36:44Z,1935,,9.5,64.7,5.89,4.6,82.6,5.47
2026-03-06T15:36:38Z,1320,,6.5,64.4,4.83,2.9,83.2,4.92
2026-03-06T17:37:17Z,825,,3.8,70.3,4.41,0.3,95.6,4.73
2026-03-06T19:37:50Z,825,,2.3,76.5,4.34,-0.8,99.3,4.56
2026-03-06T21:37:51Z,705,,1.9,79.1,4.37,0,100,4.85
2026-03-06T23:37:46Z,720,,2.1,80.9,4.53,0.5,99,4.97
2026-03-07T01:37:47Z,720,,1.8,79.5,4.36,-0.1,100,4.82
2026-03-07T03:37:41Z,735,,1.7,79.1,4.31,-0.4,100,4.72
2026-03-07T05:38:05Z,660,,1.4,78.4,4.18,-0.7,100,4.62
2026-03-07T07:38:14Z,615,,2.4,79,4.51,1.5,96.7,5.2
2026-03-07T09:37:49Z,1455,,5.8,79.9,5.72,4.9,86.8,5.86
2026-03-07T11:37:22Z,2895,,9.2,74.8,6.68,5.4,77.9,5.44
2026-03-07T13:37:11Z,1665,,10.3,52.4,5.02,5.8,68.8,4.93
2026-03-07T15:37:44Z,1110,,7.1,54.1,4.22,4.9,68.3,4.61
2026-03-07T17:37:45Z,495,,3.5,60,3.69,1.8,78.9,4.33
2026-03-07T19:38:24Z,495,,0.6,68.5,3.46,-1,86.3,3.91
2026-03-07T21:38:10Z,510,,0.3,69.4,3.44,-1.3,89.7,3.98
2026-03-07T23:38:46Z,495,,-0.2,68.9,3.3,-2.4,92.8,3.81
2026-03-08T01:38:44Z,495,,-0.8,68.3,3.13,-2.4,94.8,3.89
2026-03-08T03:38:51Z,480,,-1.9,69.4,2.95,-3.4,97.1,3.71
2026-03-08T05:39:13Z,495,,-1,68.9,3.12,-3,98.2,3.86
2026-03-08T07:39:28Z,510,,2.3,72.2,4.1,1.7,92.6,5.04
2026-03-08T09:39:26Z,1125,,6.3,74.4,5.51,5.6,84.3,5.96
2026-03-08T11:38:50Z,2025,,9,70.6,6.22,6.3,77,5.7
2026-03-08T13:38:06Z,1695,,10.5,62.7,6.08,7,76.8,5.95
2026-03-08T15:38:31Z,975,,8.2,63.1,5.28,5.9,81.8,5.9
2026-03-08T17:39:17Z,615,,4.8,67.9,4.55,3.4,88.2,5.39
2026-03-08T19:39:08Z,495,,2.7,71.8,4.19,1.2,93.1,4.9
2026-03-08T21:38:12Z,510,,1.4,75.6,4.04,-0.2,96.6,4.62
2026-03-08T23:37:53Z,495,,0.7,76,3.87,-0.9,99,4.51
2026-03-09T01:38:15Z,495,,0.9,74.5,3.84,-1.1,100,4.49
2026-03-09T03:38:01Z,495,,0.2,73.7,3.62,-1.7,100,4.31
2026-03-09T05:38:31Z,495,,1.6,74,4.0,-0.7,100,4.62
2026-03-09T07:38:38Z,510,,3.2,74.1,4.47,0.8,100,5.12
2026-03-09T09:38:40Z,930,,5.6,73.7,5.21,2.1,100,5.6
2026-03-09T11:38:09Z,1125,,6.6,73.3,5.53,2.4,100,5.71
2026-03-09T13:37:54Z,1095,,7.1,71.7,5.59,2.9,100,5.91
2026-03-09T15:37:50Z,930,,5.8,75.2,5.39,2.9,100,5.91
2026-03-09T17:38:42Z,870,,5,76.9,5.23,2.6,100,5.79
2026-03-09T19:38:50Z,555,,3.4,74.9,4.58,1.2,100,5.27
2026-03-09T21:38:21Z,555,,1.6,77.9,4.22,-0.1,100,4.82
2026-03-09T23:37:42Z,690,,1.6,79.1,4.28,-0.5,100,4.69
2026-03-10T01:37:37Z,855,,2.4,76.5,4.37,-1,100,4.53
2026-03-10T03:37:26Z,900,,2.4,75.9,4.34,-1.4,100,4.4
2026-03-10T05:37:40Z,885,,2.6,77,4.46,-0.9,100,4.56
2026-03-10T07:37:06Z,1035,,3.6,78,4.83,0.1,100,4.88
2026-03-10T09:37:44Z,1455,,6.7,81.1,6.16,3.4,100,6.11
2026-03-10T11:37:45Z,2190,,10.5,79,7.66,5.7,96.3,6.85
2026-03-10T13:38:22Z,1800,,12,67.6,7.2,7.2,88.2,6.92
2026-03-10T15:39:04Z,1395,,8.4,62.3,5.28,5,80.7,5.48
2026-03-10T17:39:44Z,735,,4.9,67,4.52,2.9,88.1,5.21
2026-03-10T19:39:49Z,495,,3.4,71.8,4.39,2.2,93.2,5.25
2026-03-10T21:39:56Z,510,,2.8,75.8,4.45,2,93.6,5.2
2026-03-10T23:39:13Z,555,,2.7,75.5,4.4,1.2,96,5.06
2026-03-11T01:40:01Z,510,,1.6,74.9,4.05,0,99.6,4.83
2026-03-11T03:40:12Z,495,,1,76.6,3.98,-0.7,100,4.62
2026-03-11T05:40:29Z,495,,1,78.2,4.06,-0.6,100,4.65
2026-03-11T07:40:53Z,555,,3.1,81.5,4.88,2.4,100,5.71
2026-03-11T09:40:22Z,2415,,8.3,89,7.5,6.5,86.1,6.46
2026-03-11T11:39:46Z,3030,,14.8,64.5,8.17,7.2,82.3,6.46
2026-03-11T13:40:05Z,1995,,14.5,52.9,6.58,6.6,81.2,6.13
2026-03-11T15:39:49Z,840,,9.2,57.3,5.12,4.1,91.3,5.85
2026-03-11T17:40:11Z,510,,6.4,66.5,4.95,4,94.8,6.03
2026-03-11T19:41:07Z,510,,6.2,69.8,5.13,3.9,99.1,6.26
2026-03-11T21:40:57Z,750,,6.5,71.5,5.36,3.6,100,6.19
2026-03-11T23:40:44Z,735,,6.1,72.2,5.27,3.2,100,6.03
2026-03-12T01:40:02Z,870,,5.7,72.3,5.15,2.3,100,5.67
2026-03-12T03:40:27Z,870,,5.5,73.3,5.15,2.3,100,5.67
2026-03-12T05:41:06Z,975,,6.1,76.2,5.57,3.3,100,6.07
2026-03-12T07:41:54Z,1125,,6.8,76.1,5.82,3.5,100,6.15
2026-03-12T09:41:29Z,1275,,7.6,76.1,6.13,4.1,100,6.4
2026-03-12T11:41:42Z,1230,,7.8,73.8,6.02,3.9,100,6.32
2026-03-12T13:41:29Z,1335,,7.4,74.8,5.95,3.3,100,6.07
2026-03-12T15:41:53Z,1110,,6.9,73.5,5.66,3.3,100,6.07
2026-03-12T17:42:01Z,1035,,5.6,74.2,5.25,2,100,5.56
2026-03-12T19:42:07Z,840,,4.5,73.4,4.83,1.1,100,5.23
2026-03-12T21:42:28Z,555,,3.1,75.8,4.54,1.2,100,5.27
2026-03-12T23:43:27Z,825,,3.4,80,4.89,1.4,100,5.34
2026-03-13T01:42:46Z,975,,4.1,77.2,4.94,0.9,100,5.16
2026-03-13T03:42:49Z,795,,3.7,75.6,4.71,0.9,100,5.16
2026-03-13T05:43:06Z,660,,2.6,78.8,4.56,1.1,100,5.23
2026-03-13T07:43:49Z,1395,,5,83.2,5.65,3,94,5.59
2026-03-13T09:44:31Z,2820,,10.7,72.4,7.11,5.5,82.5,5.79
2026-03-13T11:44:37Z,2850,,14.5,55.1,6.85,7.6,70,5.64
2026-03-13T13:45:03Z,1965,,14.7,46.5,5.85,8.3,65.1,5.49
2026-03-13T15:44:57Z,945,,11.2,49.6,5.03,6.8,74.3,5.68
2026-03-13T17:45:15Z,510,,7.2,58.5,4.59,5.7,82.6,5.88
2026-03-13T19:44:55Z,510,,5.4,64,4.47,4.5,89.2,5.86
2026-03-13T21:45:30Z,510,,4.5,68.9,4.53,4.4,91,5.94
2026-03-13T23:45:47Z,510,,3.9,70.4,4.45,3.7,95.6,5.96
2026-03-14T01:45:11Z,510,,2.9,72,4.25,3.2,99.2,5.98
2026-03-14T03:45:21Z,510,,3.3,75.3,4.57,3.5,100,6.15
2026-03-14T05:44:36Z,510,,4.4,79.5,5.19,4.4,97.7,6.38
2026-03-14T07:44:28Z,1305,,6.5,81.6,6.12,5.5,91.2,6.41
2026-03-14T09:44:19Z,3015,,13.4,69.7,8.1,8,77.4,6.4
2026-03-14T11:44:19Z,2190,,16.5,51.7,7.26,9,73.8,6.5
2026-03-14T13:44:31Z,2040,,17.5,47.7,7.11,10.1,69.3,6.55
2026-03-14T15:44:16Z,960,,13.7,48.1,5.69,8.5,75.1,6.41
2026-03-14T17:44:32Z,510,,7.4,56.3,4.48,5.8,85.4,6.12
2026-03-14T19:44:34Z,525,,8,59.7,4.93,7,80.2,6.21
2026-03-14T21:44:28Z,720,,6.9,65.2,5.02,7,76.5,5.93
2026-03-14T23:44:32Z,1275,,7.1,61.9,4.83,6.1,69.8,5.1
2026-03-15T01:43:56Z,1005,,7.3,59.1,4.67,5.1,75.8,5.19
2026-03-15T03:44:07Z,810,,6.3,58.2,4.31,4.5,75.7,4.98
2026-03-15T05:44:21Z,810,,4.9,63,4.25,4.2,76.3,4.92
2026-03-15T07:44:06Z,2925,,9.2,66.8,5.96,6.7,62.5,4.75
2026-03-15T09:44:13Z,2985,,14.9,47.8,6.09,7.9,59.1,4.85
2026-03-15T11:44:02Z,2820,,17.9,40.1,6.12,7.7,62.5,5.07
2026-03-15T13:43:37Z,1590,,16.5,37.8,5.31,7.7,65.3,5.29
2026-03-15T15:43:39Z,525,,12,41.8,4.45,7.2,70.7,5.55
2026-03-15T17:43:10Z,510,,8.5,46,3.93,5.8,84,6.02
2026-03-15T19:43:16Z,510,,6.6,48.1,3.63,3.2,95.6,5.76
2026-03-15T21:44:01Z,510,,5.2,56.6,3.9,2.4,96.6,5.52
2026-03-15T23:43:35Z,510,,4.8,57.5,3.86,1.9,98.2,5.42
2026-03-16T01:42:51Z,510,,4.4,60.7,3.96,1.6,98.6,5.34
2026-03-16T03:43:18Z,510,,4,62.6,3.98,1.2,99.5,5.24
2026-03-16T05:43:49Z,495,,3.9,64,4.04,1.1,100,5.23
2026-03-16T07:43:22Z,570,,5.1,66.1,4.52,1.6,96.4,5.22
2026-03-16T09:43:46Z,1020,,6.7,64.6,4.91,2,94.2,5.24
2026-03-16T11:43:09Z,2010,,12.6,54.8,6.06,3.8,87.3,5.48
2026-03-16T13:42:29Z,1695,,12.9,50.4,5.68,3.7,86.9,5.42
2026-03-16T15:42:28Z,495,,7.9,51,4.19,1.3,94.7,5.02
2026-03-16T17:43:10Z,495,,4.1,55.8,3.57,0.2,99.1,4.87
2026-03-16T19:43:36Z,510,,3.2,59.8,3.6,0,100,4.85
2026-03-16T21:43:12Z,495,,3.4,59.9,3.66,0.2,100,4.92
2026-03-16T23:42:51Z,510,,3.5,62.5,3.84,0.3,100,4.95
2026-03-17T01:42:17Z,510,,3.8,64.7,4.06,0.5,100,5.02
2026-03-17T03:42:57Z,510,,4.1,64.6,4.14,0.7,100,5.09
2026-03-17T05:42:04Z,495,,4.5,65.1,4.28,1,100,5.19
2026-03-17T07:41:26Z,915,,6.7,67.1,5.1,2,100,5.56
2026-03-17T09:40:56Z,1035,,7.4,68.3,5.43,2.6,100,5.79
2026-03-17T11:41:22Z,1335,,9.1,67.4,5.98,3.3,100,6.07
2026-03-17T13:40:44Z,1170,,10.1,64.1,6.06,4.3,100,6.49
2026-03-17T15:41:27Z,780,,8.7,63.4,5.48,3.9,100,6.32
2026-03-17T17:41:50Z,510,,3.3,63.2,3.84,1.2,100,5.27
2026-03-17T19:41:48Z,495,,2.6,70.1,4.06,0,100,4.85
2026-03-17T21:41:57Z,510,,2.6,68.4,3.96,-1,100,4.53
2026-03-17T23:41:51Z,510,,2.6,70.8,4.1,-0.8,100,4.59
2026-03-18T01:42:08Z,510,,2.8,70.7,4.15,-0.5,100,4.69
2026-03-18T03:42:27Z,615,,2.6,71.1,4.12,-1,100,4.53
2026-03-18T05:43:21Z,615,,2.8,70.8,4.15,-0.8,100,4.59
2026-03-18T07:43:29Z,870,,4.2,70.9,4.57,-0.1,100,4.82
2026-03-18T09:43:35Z,1035,,5.7,70,4.98,0.6,100,5.05
2026-03-18T11:42:47Z,1200,,7.2,67.9,5.33,1.3,100,5.3
2026-03-18T13:42:07Z,1140,,7.6,65,5.24,1.4,100,5.34
2026-03-18T15:42:22Z,870,,6.4,63.7,4.75,0.7,100,5.09
2026-03-18T17:42:49Z,675,,4.3,68.1,4.42,0.2,100,4.92
2026-03-18T19:43:05Z,705,,4,70.4,4.48,0.2,100,4.92
2026-03-18T21:42:26Z,765,,4,71.8,4.57,0.2,100,4.92
2026-03-18T23:42:14Z,810,,3.8,72.8,4.57,0.1,100,4.88
2026-03-19T01:41:31Z,840,,4,73.5,4.67,0.5,100,5.02
2026-03-19T03:42:10Z,885,,4.2,74.1,4.78,0.7,100,5.09
2026-03-19T05:41:16Z,915,,4.3,74.6,4.84,0.9,100,5.16
2026-03-19T07:42:10Z,1140,,5.5,75.4,5.3,1.6,100,5.41
2026-03-19T09:42:14Z,1755,,9.3,71.4,6.41,3.2,100,6.03
2026-03-19T11:42:14Z,1395,,10.5,65.9,6.39,4.5,100,6.57
2026-03-19T13:42:05Z,1530,,11.3,64.8,6.61,5.2,97.3,6.7
2026-03-19T15:41:21Z,960,,9.9,63,5.88,4.9,98.2,6.63
2026-03-19T17:40:46Z,510,,5.2,67,4.61,2.9,100,5.91
2026-03-19T19:40:09Z,510,,2.3,75.4,4.28,1.9,99.1,5.47
2026-03-19T21:39:48Z,510,,0.8,73.9,3.79,0.1,99.4,4.85
2026-03-19T23:39:57Z,510,,-0.1,76.7,3.69,-0.5,99.8,4.68
2026-03-20T01:40:38Z,510,,-0.4,78.5,3.7,-0.8,99.3,4.56
2026-03-20T03:40:58Z,495,,-0.5,79.2,3.71,-1,98.6,4.46
2026-03-20T05:41:02Z,510,,-0.2,83,3.97,0.4,96.1,4.79
2026-03-20T07:40:51Z,2250,,5,95.5,6.49,7.1,73.5,5.73
2026-03-20T09:40:42Z,2955,,15.7,48.8,6.53,10.3,54.5,5.22
2026-03-20T11:41:15Z,3000,,19.9,33,5.67,8.2,54.7,4.58
2026-03-20T13:40:48Z,1650,,19.4,27,4.5,8.4,52.6,4.46
2026-03-20T15:41:39Z,510,,14.6,27.8,3.48,7.9,56.2,4.62
2026-03-20T17:41:12Z,495,,6.2,33.6,2.47,4.2,70.1,4.52
2026-03-20T19:41:48Z,480,,1.5,38.4,2.06,0.7,80,4.07
2026-03-20T21:41:17Z,480,,0,44.9,2.18,-0.8,86,3.95
2026-03-20T23:42:00Z,495,,-1.5,46.5,2.03,-2.5,90.4,3.68
2026-03-21T01:42:46Z,480,,-2,49.5,2.09,-3.1,94.2,3.68
2026-03-21T03:42:27Z,480,,-1.3,53.4,2.37,-1.9,95.1,4.04
2026-03-21T05:41:37Z,495,,0.3,55.8,2.76,0.5,92.6,4.65
2026-03-21T07:41:07Z,495,,5.2,62.2,4.28,7.6,64.8,5.22
2026-03-21T09:41:15Z,3300,,15,56.3,7.22,10.2,49.9,4.75
2026-03-21T11:41:17Z,2685,,17.7,36.3,5.47,7.8,57.3,4.68
2026-03-21T13:41:08Z,1710,,15.6,35.3,4.69,7.2,58.2,4.57
2026-03-21T15:40:48Z,1245,,11.8,35.1,3.69,6.3,53.1,3.93
2026-03-21T17:40:41Z,495,,7.2,38.5,3.02,4.1,61.6,3.94
2026-03-21T19:40:06Z,510,,5.9,40.2,2.9,3.1,72.7,4.35
2026-03-21T21:39:51Z,510,,5.7,42,2.99,2.9,76.8,4.54
2026-03-21T23:39:36Z,495,,5.3,43.3,3.0,2.6,82.4,4.77
2026-03-22T03:39:08Z,495,,2.7,51.3,2.99,1.2,92,4.84
2026-03-22T05:39:17Z,495,,2.7,54.2,3.16,2.3,93.8,5.32
2026-03-22T07:39:42Z,510,,6.5,62.1,4.66,7.4,72.3,5.75
2026-03-22T09:39:26Z,2985,,14.9,52.4,6.68,9.1,59,5.23
2026-03-22T11:38:53Z,2175,,18,40.6,6.23,8.2,67.4,5.64
2026-03-22T13:38:04Z,1800,,16.8,38.6,5.52,7.9,64.5,5.3
2026-03-22T15:38:21Z,675,,12.1,38.4,4.12,6,67.3,4.88
2026-03-22T17:38:51Z,510,,6.2,41.1,3.02,3.1,76.6,4.59
2026-03-22T19:39:07Z,495,,3.4,44.6,2.72,1.9,80.4,4.44
2026-03-22T21:39:00Z,495,,3.1,46.5,2.78,1.6,88.3,4.78
2026-03-22T23:39:29Z,495,,2.6,48.7,2.82,1.2,92.5,4.87
2026-03-23T01:38:44Z,510,,2.6,50.1,2.9,1.1,95.1,4.97
2026-03-23T03:38:00Z,495,,2.5,52.7,3.03,0.7,97.5,4.96
2026-03-23T05:37:32Z,510,,2.6,58.2,3.37,1.7,97.5,5.31
2026-03-23T07:37:42Z,720,,6,66.8,4.85,6.3,77.2,5.71
2026-03-23T09:38:06Z,2430,,11.9,59.6,6.31,6.2,73.6,5.41
2026-03-23T11:38:12Z,2865,,16,44.9,6.12,7.4,62.9,5.0
2026-03-23T13:38:24Z,1605,,14.7,39.2,4.93,7.3,61.9,4.89
2026-03-23T15:37:43Z,510,,10.4,42.9,4.13,4.7,76.6,5.1
2026-03-23T17:36:55Z,510,,6.1,46.5,3.4,2.6,90.3,5.23
2026-03-23T19:37:38Z,510,,4.8,54.5,3.66,2.2,94.2,5.31
2026-03-23T21:37:54Z,495,,2.5,55.9,3.21,0.6,96,4.85
2026-03-23T23:37:12Z,480,,-0.1,58.4,2.81,-1.2,98.4,4.39
2026-03-24T01:37:59Z,495,,-2,61.2,2.58,-2.5,99.8,4.07
2026-03-24T03:38:28Z,480,,-3.4,60.9,2.33,-3.9,100,3.69
2026-03-24T05:38:15Z,480,,-2.5,68.7,2.8,-1.3,100,4.43
2026-03-24T07:38:50Z,900,,3.2,81.9,4.94,5.3,80.6,5.59
2026-03-24T09:39:01Z,3255,,12.6,69.6,7.7,8.7,53.1,4.59
2026-03-24T11:39:38Z,2955,,17.1,38.3,5.57,6.9,58.8,4.53
2026-03-24T13:38:54Z,1740,,14.7,35.5,4.47,5.3,62.9,4.36
2026-03-24T15:38:46Z,780,,10.1,37.9,3.58,4.7,62.3,4.15
2026-03-24T17:38:16Z,510,,7.2,40.9,3.21,3.6,68.2,4.22
2026-03-24T19:37:23Z,525,,6.6,42.8,3.23,4,64.5,4.1
2026-03-24T21:37:57Z,510,,6.6,45,3.4,4,75.7,4.81
2026-03-24T23:38:12Z,510,,6.6,46.1,3.48,3.6,88.4,5.47
2026-03-25T01:38:27Z,510,,6.1,49.8,3.64,3.6,96,5.94
2026-03-25T03:38:07Z,510,,5.8,56.1,4.02,3.1,100,5.99
2026-03-25T05:37:43Z,510,,5.9,61.9,4.46,3.4,100,6.11
2026-03-25T07:37:17Z,510,,6.8,62,4.74,4.2,100,6.44
2026-03-25T09:37:57Z,510,,7.3,66.8,5.28,4.4,100,6.53
2026-03-25T11:38:38Z,1095,,9.5,71.2,6.48,5.8,100,7.16
2026-03-25T13:38:23Z,1410,,12.2,61.7,6.66,7.2,88,6.91
2026-03-25T15:38:19Z,885,,10,60.4,5.67,7.1,83.8,6.53
2026-03-25T17:37:57Z,1155,,9.1,64.2,5.69,8.2,73.2,6.13
2026-03-25T19:38:10Z,1110,,9,63.3,5.58,7.5,76.4,6.11
2026-03-25T21:38:27Z,1215,,9.6,62.3,5.71,7.5,76,6.08
2026-03-25T23:39:13Z,720,,7.9,64.9,5.33,6.1,86.9,6.35
2026-03-26T01:39:26Z,630,,6.5,67.3,5.05,4.8,90.6,6.08
2026-03-26T03:39:49Z,525,,4.9,69.5,4.69,3.7,94.1,5.87
2026-03-26T05:39:21Z,750,,5.6,72,5.09,4.1,91.5,5.86
2026-03-26T07:39:46Z,2775,,10.7,71.8,7.05,6.7,77.6,5.9
2026-03-26T09:39:50Z,2835,,17,44.5,6.44,7.5,66.8,5.35
2026-03-26T11:40:41Z,2895,,18,39.1,6.0,7.6,61.4,4.95
2026-03-26T13:40:33Z,1125,,14.2,38,4.64,6.1,69.4,5.07
2026-03-26T15:40:45Z,510,,9.7,44.8,4.13,5.2,76.1,5.24
2026-03-26T17:40:24Z,525,,7.7,47.3,3.83,4.4,83.5,5.45
2026-03-26T19:41:09Z,510,,6.8,49.4,3.78,4.3,84,5.45
2026-03-26T21:41:12Z,525,,6.5,52,3.9,3.6,88.7,5.49
2026-03-26T23:40:54Z,510,,6.2,54.3,3.99,3.2,92,5.55
2026-03-27T01:41:26Z,525,,6,55.5,4.03,2.7,96,5.6
2026-03-27T03:41:00Z,525,,5.6,57.8,4.09,2.2,98.8,5.57
2026-03-27T05:41:00Z,525,,5.8,61.8,4.43,2.3,99.1,5.62
2026-03-27T07:40:37Z,1305,,9.8,65.8,6.1,5.8,89.6,6.42
2026-03-27T09:40:27Z,3330,,17.9,55.4,8.46,9.8,67.2,6.23
2026-03-27T10:27:53Z,,0,,,,,,
2026-03-27T11:27:53Z,,0,,,,,,
2026-03-27T11:41:05Z,2925,,22.4,37.9,7.53,9.5,67.1,6.11
2026-03-27T12:27:53Z,,0,,,,,,
2026-03-27T13:27:53Z,,0,,,,,,
2026-03-27T13:40:50Z,2370,,21.1,29.8,5.49,9.7,51.6,4.76
2026-03-27T14:27:53Z,,0,,,,,,
2026-03-27T15:27:53Z,,0,,,,,,
2026-03-27T15:40:56Z,1335,,14.9,32.7,4.17,8.2,52.6,4.4
2026-03-27T16:27:53Z,,0,,,,,,
2026-03-27T17:27:53Z,,0,,,,,,
2026-03-27T17:40:33Z,510,,8.2,39.3,3.29,4.9,69.3,4.68
2026-03-27T18:27:54Z,,0,,,,,,
2026-03-27T19:27:52Z,,0,,,,,,
2026-03-27T19:39:45Z,495,,2.9,44.3,2.62,1.9,81.5,4.5
2026-03-27T20:27:53Z,,0,,,,,,
2026-03-27T21:27:53Z,,0,,,,,,
2026-03-27T21:39:14Z,510,,0.9,49.3,2.54,0,87.2,4.23
2026-03-27T22:27:53Z,,0,,,,,,
2026-03-27T23:27:53Z,,0,,,,,,
2026-03-27T23:39:58Z,495,,-1.4,51.2,2.25,-2,91.3,3.85
2026-03-28T00:27:53Z,,0,,,,,,
2026-03-28T01:27:53Z,,0,,,,,,
2026-03-28T01:39:38Z,510,,-0.7,55.6,2.57,-1.7,96.4,4.15
2026-03-28T02:27:53Z,,0,,,,,,
2026-03-28T03:27:53Z,,0,,,,,,
2026-03-28T03:38:54Z,495,,-2.3,58.1,2.4,-2,98.3,4.15
2026-03-28T04:27:52Z,,0,,,,,,
2026-03-28T05:27:52Z,,0,,,,,,
2026-03-28T05:38:20Z,495,,1,63.5,3.3,-0.3,100,4.75
2026-03-28T06:27:53Z,,0,,,,,,
2026-03-28T07:27:53Z,,0,,,,,,
2026-03-28T07:38:52Z,750,,5.6,66.2,4.68,0.9,100,5.16
2026-03-28T08:27:53Z,,0,,,,,,
2026-03-28T09:27:53Z,,0,,,,,,
2026-03-28T09:39:40Z,3195,,14.3,60,7.37,5.7,77.5,5.52
2026-03-28T10:27:53Z,,0,,,,,,
2026-03-28T11:27:53Z,,0,,,,,,
2026-03-28T11:38:55Z,1350,,13.8,41.1,4.89,3.3,81.8,4.96
2026-03-28T12:27:53Z,,0,,,,,,
2026-03-28T13:27:53Z,,0,,,,,,
2026-03-28T13:39:06Z,1575,,13.6,40,4.71,3.1,76.3,4.57
2026-03-28T14:27:53Z,,0,,,,,,
2026-03-28T15:27:53Z,,0,,,,,,
2026-03-28T15:39:20Z,510,,9.6,41.6,3.81,2.1,84.7,4.74
2026-03-28T16:27:53Z,,0,,,,,,
2026-03-28T17:27:53Z,,0,,,,,,
2026-03-28T17:39:18Z,525,,4.3,47.7,3.09,1.3,88.8,4.71
2026-03-28T18:27:52Z,,0,,,,,,
2026-03-28T19:27:53Z,,0,,,,,,
2026-03-28T19:38:46Z,510,,0.3,51.8,2.56,-0.9,92.2,4.2
2026-03-28T20:27:53Z,,0,,,,,,
2026-03-28T21:27:52Z,,0,,,,,,
2026-03-28T21:39:38Z,525,,-0.5,57.7,2.7,-0.6,97.2,4.52
2026-03-28T22:27:53Z,,0,,,,,,
2026-03-28T23:27:53Z,,0,,,,,,
2026-03-28T23:40:11Z,510,,-1.5,59,2.58,-1.5,98.6,4.31
2026-03-29T00:27:53Z,,0,,,,,,
2026-03-29T01:27:53Z,,0,,,,,,
2026-03-29T01:39:58Z,495,,-2.5,62.7,2.55,-2.8,99.8,3.98
2026-03-29T02:27:53Z,,0,,,,,,
2026-03-29T03:27:53Z,,0,,,,,,
2026-03-29T03:40:12Z,510,,0,67,3.25,-1.4,100,4.4
2026-03-29T04:27:53Z,,0,,,,,,
2026-03-29T05:27:53Z,,0,,,,,,
2026-03-29T05:40:01Z,510,,1.9,69.1,3.82,1.3,97,5.14
2026-03-29T06:27:53Z,,0,,,,,,
2026-03-29T07:27:53Z,,0,,,,,,
2026-03-29T07:40:39Z,1860,,5.8,83.8,6.0,7.1,73.5,5.73
2026-03-29T08:27:53Z,,0,,,,,,
2026-03-29T09:27:54Z,,0,,,,,,
2026-03-29T09:40:06Z,3270,,16.8,50.3,7.19,7.7,64.2,5.2
2026-03-29T10:27:53Z,,0,,,,,,
2026-03-29T11:27:53Z,,0,,,,,,
2026-03-29T11:39:31Z,705,,11.6,43.6,4.53,4.1,83.4,5.34
2026-03-29T12:27:53Z,,0,,,,,,
2026-03-29T13:27:53Z,,0,,,,,,
2026-03-29T13:39:46Z,525,,8,48.9,4.04,3.3,93,5.64
2026-03-29T14:27:53Z,,0,,,,,,
2026-03-29T15:27:53Z,,0,,,,,,
2026-03-29T15:39:19Z,510,,8.1,49.2,4.09,3.3,94.3,5.72
2026-03-29T16:27:53Z,,0,,,,,,
2026-03-29T17:27:53Z,,0,,,,,,
2026-03-29T17:39:42Z,510,,6.4,51.2,3.81,2.6,97.3,5.63
2026-03-29T18:27:53Z,,0,,,,,,
2026-03-29T19:27:52Z,,0,,,,,,
2026-03-29T19:39:19Z,525,,3.9,52,3.29,0.6,95.9,4.85
2026-03-29T20:27:53Z,,0,,,,,,
2026-03-29T21:27:53Z,,0,,,,,,
2026-03-29T21:38:54Z,510,,3.5,57,3.51,0.7,98.7,5.02
2026-03-29T22:27:53Z,,0,,,,,,
2026-03-29T23:27:53Z,,0,,,,,,
2026-03-29T23:39:07Z,510,,3.8,60.7,3.81,0.7,99.7,5.07
2026-03-30T00:27:53Z,,0,,,,,,
2026-03-30T01:27:53Z,,0,,,,,,
2026-03-30T01:38:57Z,510,,3.7,61.8,3.85,0.5,100,5.02
2026-03-30T02:27:53Z,,0,,,,,,
2026-03-30T03:27:53Z,,0,,,,,,
2026-03-30T03:38:16Z,510,,3.5,63.3,3.89,0,100,4.85
2026-03-30T04:27:53Z,,0,,,,,,
2026-03-30T05:27:53Z,,0,,,,,,
2026-03-30T05:38:14Z,525,,3.4,66.2,4.04,-0.2,100,4.78
2026-03-30T06:27:52Z,,0,,,,,,
2026-03-30T07:27:52Z,,0,,,,,,
2026-03-30T07:37:49Z,750,,4.7,65.7,4.38,-0.3,100,4.75
2026-03-30T08:27:52Z,,0,,,,,,
2026-03-30T09:27:53Z,,0,,,,,,
2026-03-30T09:37:34Z,1365,,8.2,64.1,5.37,0.6,100,5.05
2026-03-30T10:27:53Z,,0,,,,,,
2026-03-30T11:27:53Z,,0,,,,,,
2026-03-30T11:38:12Z,2055,,12.3,54.2,5.88,2.2,90.3,5.09
2026-03-30T12:27:53Z,,0,,,,,,
2026-03-30T13:27:53Z,,0,,,,,,
2026-03-30T13:38:15Z,2130,,16.6,42,5.93,2.5,88.7,5.1
2026-03-30T14:27:53Z,,0,,,,,,
2026-03-30T15:27:53Z,,0,,,,,,
2026-03-30T15:38:33Z,915,,13.4,40,4.65,3,86.1,5.12
2026-03-30T16:27:53Z,,0,,,,,,
2026-03-30T17:27:53Z,,0,,,,,,
2026-03-30T17:37:49Z,510,,5.6,44.9,3.17,0.9,90.9,4.69
2026-03-30T18:27:53Z,,0,,,,,,
2026-03-30T19:27:53Z,,0,,,,,,
2026-03-30T19:37:04Z,510,,-0.4,50.8,2.4,-2.1,95,3.98
2026-03-30T20:27:53Z,,0,,,,,,
2026-03-30T21:27:53Z,,0,,,,,,
2026-03-30T21:36:30Z,525,,0.4,59.2,2.95,-1.7,97.4,4.2
2026-03-30T22:27:54Z,,0,,,,,,
2026-03-30T23:27:53Z,,0,,,,,,
2026-03-30T23:35:59Z,510,,2.4,61.2,3.5,-0.4,98,4.62
2026-03-31T00:27:53Z,,0,,,,,,
2026-03-31T01:27:53Z,,0,,,,,,
2026-03-31T01:36:04Z,510,,2.6,62.2,3.6,-0.1,98.1,4.72
2026-03-31T02:27:53Z,,0,,,,,,
2026-03-31T03:27:53Z,,0,,,,,,
2026-03-31T03:35:33Z,525,,2.8,63.8,3.74,0,98.5,4.78
2026-03-31T04:27:52Z,,0,,,,,,
2026-03-31T05:27:53Z,,0,,,,,,
2026-03-31T05:35:47Z,510,,3.4,65.3,3.99,0.3,98.8,4.89
2026-03-31T06:27:53Z,,0,,,,,,
2026-03-31T07:27:53Z,,0,,,,,,
2026-03-31T07:36:20Z,1275,,7.5,80.7,6.46,7.5,85.2,6.82
2026-03-31T08:27:52Z,,0,,,,,,
2026-03-31T09:27:53Z,,0,,,,,,
2026-03-31T09:36:38Z,3330,,21.3,46.9,8.74,13,47.2,5.35
2026-03-31T10:27:53Z,,0,,,,,,
2026-03-31T11:27:53Z,,0,,,,,,
2026-03-31T11:36:04Z,3060,,24.9,28,6.41,10.7,52,5.11
2026-03-31T12:27:53Z,,0,,,,,,
2026-03-31T13:27:53Z,,0,,,,,,
2026-03-31T13:35:27Z,1725,,20.3,28.8,5.06,10.2,51.9,4.94
2026-03-31T14:27:53Z,,0,,,,,,
2026-03-31T15:27:53Z,,0,,,,,,
2026-03-31T15:34:36Z,705,,17.1,29.6,4.31,9.4,56.8,5.14
2026-03-31T16:27:53Z,,0,,,,,,
2026-03-31T17:27:53Z,,0,,,,,,
2026-03-31T17:34:17Z,510,,9.2,34.6,3.09,6.6,65.4,4.94
2026-03-31T18:27:53Z,,0,,,,,,
2026-03-31T19:27:53Z,,0,,,,,,
2026-03-31T19:34:59Z,510,,3.8,49,3.07,3.8,74,4.64
2026-03-31T20:27:53Z,,0,,,,,,
2026-03-31T21:27:52Z,,0,,,,,,
2026-03-31T21:34:46Z,495,,2.4,52.5,3.0,1.5,80.6,4.33
2026-03-31T22:27:53Z,,0,,,,,,
2026-03-31T23:27:53Z,,0,,,,,,
2026-03-31T23:35:10Z,495,,1.3,67.3,3.57,0.6,89,4.5
2026-04-01T00:27:53Z,,0,,,,,,
2026-04-01T01:27:53Z,,0,,,,,,
2026-04-01T01:34:43Z,495,,-0.8,60.8,2.79,-1.6,91,3.95
2026-04-01T02:27:52Z,,0,,,,,,
2026-04-01T03:27:53Z,,0,,,,,,
2026-04-01T03:35:08Z,465,,-3.4,59.5,2.28,-3.6,94.1,3.55
2026-04-01T04:27:53Z,,0,,,,,,
2026-04-01T05:27:52Z,,0,,,,,,
2026-04-01T05:35:27Z,480,,0.8,68.4,3.5,-1.3,96.3,4.27
2026-04-01T06:27:53Z,,0,,,,,,
2026-04-01T07:27:53Z,,0,,,,,,
2026-04-01T07:35:23Z,990,,5.1,71,4.86,1.2,96,5.06
2026-04-01T08:27:52Z,,0,,,,,,
2026-04-01T09:27:53Z,,0,,,,,,
2026-04-01T09:35:47Z,1395,,8.1,63.5,5.28,2.1,92,5.15
2026-04-01T10:27:53Z,,0,,,,,,
2026-04-01T11:27:53Z,,0,,,,,,
2026-04-01T11:35:19Z,3285,,18.3,50.6,7.91,4.5,82.4,5.42
2026-04-01T12:27:53Z,,0,,,,,,
2026-04-01T13:27:53Z,,0,,,,,,
2026-04-01T13:35:15Z,1875,,18.8,35.9,5.78,4.8,81.6,5.47
2026-04-01T14:27:53Z,,0,,,,,,
2026-04-01T15:27:54Z,,0,,,,,,
2026-04-01T15:34:56Z,750,,14.9,37.3,4.75,4.9,82.2,5.55
2026-04-01T16:27:53Z,,0,,,,,,
2026-04-01T17:27:53Z,,0,,,,,,
2026-04-01T17:35:30Z,510,,6.2,42.7,3.14,2,89.5,4.98
2026-04-01T18:27:53Z,,0,,,,,,
2026-04-01T19:27:53Z,,0,,,,,,
2026-04-01T19:35:22Z,495,,1.7,48.3,2.63,-0.4,93.6,4.42
2026-04-01T20:27:53Z,,0,,,,,,
2026-04-01T21:27:53Z,,0,,,,,,
2026-04-01T21:35:46Z,495,,0,53.5,2.59,-1.5,97.9,4.28
2026-04-01T22:27:53Z,,0,,,,,,
2026-04-01T23:27:52Z,,0,,,,,,
2026-04-01T23:35:24Z,480,,0.6,57.9,2.93,-1.5,100,4.37
2026-04-02T00:27:53Z,,0,,,,,,
2026-04-02T01:27:53Z,,0,,,,,,
2026-04-02T01:36:03Z,495,,-0.4,61.3,2.89,-1,100,4.53
2026-04-02T02:27:53Z,,0,,,,,,
2026-04-02T03:27:53Z,,0,,,,,,
2026-04-02T03:36:12Z,480,,0.4,65.3,3.26,-0.3,100,4.75
2026-04-02T04:27:53Z,,0,,,,,,
2026-04-02T05:27:52Z,,0,,,,,,
2026-04-02T05:36:51Z,495,,2.4,66.1,3.78,1.6,99.5,5.38
2026-04-02T06:27:52Z,,0,,,,,,
2026-04-02T07:27:53Z,,0,,,,,,
2026-04-02T07:36:06Z,690,,5.9,68.5,4.94,2.3,100,5.67
2026-04-02T08:27:52Z,,0,,,,,,
2026-04-02T09:27:52Z,,0,,,,,,
2026-04-02T09:35:34Z,1140,,8.9,64.6,5.66,3.3,98.1,5.95
2026-04-02T10:27:53Z,,0,,,,,,
2026-04-02T11:27:53Z,,0,,,,,,
2026-04-02T11:35:06Z,1770,,12.3,59.4,6.45,5,92.5,6.29
2026-04-02T12:27:53Z,,0,,,,,,
2026-04-02T13:27:53Z,,0,,,,,,
2026-04-02T13:35:25Z,915,,11.5,52.6,5.43,4.7,92.3,6.15
2026-04-02T14:27:53Z,,0,,,,,,
2026-04-02T15:27:53Z,,0,,,,,,
2026-04-02T15:35:19Z,630,,9.8,55.2,5.12,4.4,93.6,6.11
2026-04-02T16:27:53Z,,0,,,,,,
2026-04-02T17:27:53Z,,0,,,,,,
2026-04-02T17:34:38Z,510,,7.2,57.8,4.54,3.5,97.1,5.97
2026-04-02T18:27:53Z,,0,,,,,,
2026-04-02T19:27:53Z,,0,,,,,,
2026-04-02T19:35:15Z,525,,6.2,60.5,4.45,3.1,99,5.93
2026-04-02T20:27:53Z,,0,,,,,,
2026-04-02T21:27:53Z,,0,,,,,,
2026-04-02T21:35:59Z,510,,5.7,62.6,4.46,2.7,100,5.83
2026-04-02T22:27:53Z,,0,,,,,,
2026-04-02T23:27:53Z,,0,,,,,,
2026-04-02T23:35:49Z,510,,5.6,66.8,4.72,2.7,100,5.83
2026-04-03T00:27:53Z,,0,,,,,,
2026-04-03T01:27:53Z,,0,,,,,,
2026-04-03T01:35:56Z,510,,5.6,68.1,4.81,2.8,100,5.87
2026-04-03T02:27:53Z,,0,,,,,,
2026-04-03T03:27:53Z,,0,,,,,,
2026-04-03T03:35:19Z,555,,5.6,71.2,5.03,2.9,100,5.91
2026-04-03T04:27:53Z,,0,,,,,,
2026-04-03T05:27:53Z,,0,,,,,,
2026-04-03T05:34:30Z,870,,6.5,72.5,5.44,3.3,100,6.07
2026-04-03T06:27:53Z,,0,,,,,,
2026-04-03T07:27:53Z,,0,,,,,,
2026-04-03T07:34:12Z,1395,,9.7,67.3,6.2,4.6,96.2,6.37
2026-04-03T08:27:52Z,,0,,,,,,
2026-04-03T09:27:53Z,,0,,,,,,
2026-04-03T09:34:45Z,1410,,13.4,57,6.62,6.8,89.8,6.87
2026-04-03T10:27:53Z,,0,,,,,,
2026-04-03T11:27:53Z,,0,,,,,,
2026-04-03T11:35:25Z,1095,,14,52.3,6.31,7.4,86.3,6.86
2026-04-03T12:27:54Z,,0,,,,,,
2026-04-03T13:27:53Z,,0,,,,,,
2026-04-03T13:36:27Z,975,,13.6,50.7,5.96,7.5,84.1,6.73
2026-04-03T14:27:53Z,,0,,,,,,
2026-04-03T15:27:53Z,,0,,,,,,
2026-04-03T15:36:24Z,510,,10.4,55.4,5.34,5.9,91.2,6.58
2026-04-03T16:27:54Z,,0,,,,,,
2026-04-03T17:27:53Z,,0,,,,,,
2026-04-03T17:36:44Z,510,,7.8,60.1,4.9,5,95.9,6.52
2026-04-03T18:27:53Z,,0,,,,,,
2026-04-03T19:27:52Z,,0,,,,,,
2026-04-03T19:36:03Z,510,,7,64.8,5.02,4.5,98,6.44
2026-04-03T20:27:53Z,,0,,,,,,
2026-04-03T21:27:53Z,,0,,,,,,
2026-04-03T21:35:58Z,510,,6.4,67.3,5.01,4,99,6.3
2026-04-03T22:27:53Z,,0,,,,,,
2026-04-03T23:27:53Z,,0,,,,,,
2026-04-03T23:36:17Z,510,,6.1,68.8,5.03,3.6,100,6.19
2026-04-04T00:27:53Z,,0,,,,,,
2026-04-04T01:27:53Z,,0,,,,,,
2026-04-04T01:35:32Z,510,,6,70.9,5.15,3.4,100,6.11
2026-04-04T02:27:53Z,,0,,,,,,
2026-04-04T03:27:53Z,,0,,,,,,
2026-04-04T03:35:36Z,675,,6,71.5,5.19,3.3,100,6.07
2026-04-04T04:27:53Z,,0,,,,,,
2026-04-04T05:27:53Z,,0,,,,,,
2026-04-04T05:35:45Z,840,,6.4,71.3,5.31,3,100,5.95
2026-04-04T06:27:53Z,,0,,,,,,
2026-04-04T07:27:53Z,,0,,,,,,
2026-04-04T07:35:15Z,945,,6.7,71.5,5.43,2.9,100,5.91
2026-04-04T08:27:53Z,,0,,,,,,
2026-04-04T09:27:53Z,,0,,,,,,
2026-04-04T09:36:00Z,1080,,7,71.2,5.52,2.7,100,5.83
2026-04-04T10:27:53Z,,0,,,,,,
2026-04-04T11:27:53Z,,0,,,,,,
2026-04-04T11:35:33Z,1065,,7.2,69.9,5.49,2.6,100,5.79
2026-04-04T12:27:53Z,,0,,,,,,
2026-04-04T13:27:53Z,,0,,,,,,
2026-04-04T13:35:26Z,1035,,7.9,67.5,5.54,3.2,99.2,5.98
2026-04-04T14:27:53Z,,0,,,,,,
2026-04-04T15:27:53Z,,0,,,,,,
2026-04-04T15:35:47Z,810,,7.4,65.5,5.21,3,98.9,5.88
2026-04-04T16:27:53Z,,0,,,,,,
2026-04-04T17:27:53Z,,0,,,,,,
2026-04-04T17:36:24Z,525,,6,65.1,4.73,2.1,100,5.6
2026-04-04T18:27:53Z,,0,,,,,,
2026-04-04T19:27:52Z,,0,,,,,,
2026-04-04T19:35:49Z,510,,5,67.9,4.61,1.7,100,5.45
2026-04-04T20:27:53Z,,0,,,,,,
2026-04-04T21:27:53Z,,0,,,,,,
2026-04-04T21:35:26Z,525,,4.9,69.3,4.68,1.7,100,5.45
2026-04-04T22:27:53Z,,0,,,,,,
2026-04-04T23:27:52Z,,0,,,,,,
2026-04-04T23:35:28Z,735,,4.8,72.6,4.87,1.6,100,5.41
2026-04-05T00:27:53Z,,0,,,,,,
2026-04-05T01:27:53Z,,0,,,,,,
2026-04-05T01:35:36Z,810,,4.6,73.6,4.87,1.5,100,5.37
2026-04-05T02:27:53Z,,0,,,,,,
2026-04-05T03:27:53Z,,0,,,,,,
2026-04-05T03:35:22Z,840,,4.8,73.6,4.94,1.6,100,5.41
2026-04-05T04:27:53Z,,0,,,,,,
2026-04-05T05:27:53Z,,0,,,,,,
2026-04-05T05:34:53Z,1245,,6,76.9,5.58,2.2,100,5.64
2026-04-05T06:27:53Z,,0,,,,,,
2026-04-05T07:27:53Z,,0,,,,,,
2026-04-05T07:34:05Z,1335,,8.5,70.6,6.03,3.5,100,6.15
2026-04-05T08:27:53Z,,0,,,,,,
2026-04-05T09:27:53Z,,0,,,,,,
2026-04-05T09:34:50Z,1665,,11.6,63,6.55,4.6,97.3,6.44
2026-04-05T10:27:53Z,,0,,,,,,
2026-04-05T11:27:53Z,,0,,,,,,
2026-04-05T11:34:32Z,1275,,11.2,56.3,5.7,4.3,92.2,5.98
2026-04-05T12:27:53Z,,0,,,,,,
2026-04-05T13:27:53Z,,0,,,,,,
2026-04-05T13:34:19Z,1800,,11.8,55.2,5.81,4,86.9,5.53
2026-04-05T14:27:53Z,,0,,,,,,
2026-04-05T15:27:53Z,,0,,,,,,
2026-04-05T15:34:59Z,1080,,9.5,55.2,5.02,2.8,91,5.34
2026-04-05T16:27:53Z,,0,,,,,,
2026-04-05T17:27:53Z,,0,,,,,,
2026-04-05T17:34:38Z,510,,6.4,59.6,4.44,2.3,99.7,5.66
2026-04-05T18:27:53Z,,0,,,,,,
2026-04-05T19:27:52Z,,0,,,,,,
2026-04-05T19:33:50Z,510,,5.2,66.5,4.58,2.7,100,5.83
2026-04-05T20:27:53Z,,0,,,,,,
2026-04-05T21:27:52Z,,0,,,,,,
2026-04-05T21:34:15Z,495,,5.5,70.4,4.94,3.4,100,6.11
2026-04-05T22:27:53Z,,0,,,,,,
2026-04-05T23:27:53Z,,0,,,,,,
2026-04-05T23:34:57Z,510,,5.1,73.2,5.01,3.4,99,6.05
2026-04-06T00:27:53Z,,0,,,,,,
2026-04-06T01:27:53Z,,0,,,,,,
2026-04-06T01:35:49Z,810,,4.4,73.1,4.77,2.8,91.5,5.37
2026-04-06T02:27:53Z,,0,,,,,,
2026-04-06T03:27:53Z,,0,,,,,,
2026-04-06T03:35:22Z,735,,4.6,72.3,4.79,2.3,95.6,5.42
2026-04-06T04:27:52Z,,0,,,,,,
2026-04-06T05:27:53Z,,0,,,,,,
2026-04-06T05:36:02Z,735,,4.9,72.8,4.91,1.8,100,5.49
2026-04-06T06:27:52Z,,0,,,,,,
2026-04-06T07:27:53Z,,0,,,,,,
2026-04-06T07:35:30Z,975,,5.4,73.8,5.15,1.8,100,5.49
2026-04-06T08:27:53Z,,0,,,,,,
2026-04-06T09:27:53Z,,0,,,,,,
2026-04-06T09:36:08Z,1305,,7.6,72.2,5.82,2.9,100,5.91
2026-04-06T10:27:53Z,,0,,,,,,
2026-04-06T11:27:53Z,,0,,,,,,
2026-04-06T11:35:37Z,1935,,10.2,71.5,6.8,3.7,99.7,6.21
2026-04-06T12:27:53Z,,0,,,,,,
2026-04-06T13:27:53Z,,0,,,,,,
2026-04-06T13:36:12Z,1050,,10,60.9,5.72,4,98.8,6.28
2026-04-06T14:27:52Z,,0,,,,,,
2026-04-06T15:27:53Z,,0,,,,,,
2026-04-06T15:36:33Z,825,,8.2,65.4,5.48,4,99.3,6.32
2026-04-06T16:27:53Z,,0,,,,,,
2026-04-06T17:27:53Z,,0,,,,,,
2026-04-06T17:36:08Z,720,,5.6,71.3,5.04,2.7,100,5.83
2026-04-06T18:27:53Z,,0,,,,,,
2026-04-06T19:27:53Z,,0,,,,,,
2026-04-06T19:36:54Z,810,,5.1,75.4,5.16,2.5,100,5.75
2026-04-06T20:27:52Z,,0,,,,,,
2026-04-06T21:27:53Z,,0,,,,,,
2026-04-06T21:37:23Z,975,,5,78,5.3,2.4,100,5.71
2026-04-06T22:27:53Z,,0,,,,,,
2026-04-06T23:27:53Z,,0,,,,,,
2026-04-06T23:37:53Z,975,,5.2,77.6,5.34,2.4,100,5.71
2026-04-07T00:27:52Z,,0,,,,,,
2026-04-07T01:27:53Z,,0,,,,,,
2026-04-07T01:37:42Z,1035,,4.8,79.6,5.34,2.3,100,5.67
2026-04-07T02:27:53Z,,0,,,,,,
2026-04-07T03:27:53Z,,0,,,,,,
2026-04-07T03:37:57Z,1020,,4.6,80.4,5.32,2.1,100,5.6
2026-04-07T04:27:53Z,,0,,,,,,
2026-04-07T05:27:52Z,,0,,,,,,
2026-04-07T05:37:13Z,1215,,5.4,82.2,5.74,3,100,5.95
2026-04-07T06:27:53Z,,0,,,,,,
2026-04-07T07:27:53Z,,0,,,,,,
2026-04-07T07:36:49Z,1290,,7.5,71.3,5.71,4.2,92.4,5.96
2026-04-07T08:27:52Z,,0,,,,,,
2026-04-07T09:27:53Z,,0,,,,,,
2026-04-07T09:37:01Z,1215,,10,57.2,5.37,5,84.4,5.74
2026-04-07T10:27:53Z,,0,,,,,,
2026-04-07T11:27:53Z,,0,,,,,,
2026-04-07T11:37:44Z,1215,,9.2,63.5,5.67,5,90,6.12
2026-04-07T12:27:53Z,,0,,,,,,
2026-04-07T13:27:53Z,,0,,,,,,
2026-04-07T13:38:17Z,1275,,10.2,63.6,6.05,6.3,86.4,6.4
2026-04-07T14:27:53Z,,0,,,,,,
2026-04-07T15:27:53Z,,0,,,,,,
2026-04-07T15:38:01Z,1050,,11.1,56.5,5.69,7.3,80,6.32
2026-04-07T16:27:53Z,,0,,,,,,
2026-04-07T17:27:53Z,,0,,,,,,
2026-04-07T17:38:20Z,870,,8.3,56.5,4.76,6.2,74.4,5.47
2026-04-07T18:27:53Z,,0,,,,,,
2026-04-07T19:27:53Z,,0,,,,,,
2026-04-07T19:38:07Z,750,,5.4,64.6,4.51,4.6,79.3,5.25
2026-04-07T20:27:53Z,,0,,,,,,
2026-04-07T21:27:53Z,,0,,,,,,
2026-04-07T21:38:22Z,630,,3.5,66.1,4.07,3,80.4,4.78
2026-04-07T22:27:53Z,,0,,,,,,
2026-04-07T23:27:53Z,,0,,,,,,
2026-04-07T23:38:08Z,900,,2.5,65.3,3.76,2.1,73.2,4.1
2026-04-08T00:27:53Z,,0,,,,,,
2026-04-08T01:27:52Z,,0,,,,,,
2026-04-08T01:37:54Z,750,,2.4,62.1,3.55,1.2,75,3.95
2026-04-08T02:27:52Z,,0,,,,,,
2026-04-08T03:27:53Z,,0,,,,,,
2026-04-08T03:38:28Z,735,,1.6,63.8,3.45,0.2,77,3.79
2026-04-08T04:27:53Z,,0,,,,,,
2026-04-08T05:27:52Z,,0,,,,,,
2026-04-08T05:38:39Z,960,,2.6,63.8,3.69,0.7,75.4,3.84
2026-04-08T06:27:53Z,,0,,,,,,
2026-04-08T07:27:53Z,,0,,,,,,
2026-04-08T07:37:59Z,2355,,8.8,49.8,4.33,5.4,53.9,3.76
2026-04-08T08:27:53Z,,0,,,,,,
2026-04-08T09:27:53Z,,0,,,,,,
2026-04-08T09:38:28Z,2895,,15.6,29.7,3.95,6,44.5,3.23
2026-04-08T10:27:53Z,,0,,,,,,
2026-04-08T11:27:53Z,,0,,,,,,
2026-04-08T11:38:21Z,3150,,17.4,24.9,3.69,5.1,42,2.87
2026-04-08T12:27:53Z,,0,,,,,,
2026-04-08T13:27:53Z,,0,,,,,,
2026-04-08T13:38:31Z,2115,,16.5,21.2,2.98,5.7,38.2,2.72
2026-04-08T14:27:53Z,,0,,,,,,
2026-04-08T15:27:53Z,,0,,,,,,
2026-04-08T15:38:17Z,1545,,13.3,21.6,2.49,5,37.4,2.54
2026-04-08T16:27:53Z,,0,,,,,,
2026-04-08T17:27:53Z,,0,,,,,,
2026-04-08T17:37:40Z,510,,6.9,24.3,1.87,3.2,39.9,2.41
2026-04-08T18:27:53Z,,0,,,,,,
2026-04-08T19:27:53Z,,0,,,,,,
2026-04-08T19:36:48Z,510,,2,28.2,1.57,0.9,47.8,2.47
2026-04-08T20:27:53Z,,0,,,,,,
2026-04-08T21:27:53Z,,0,,,,,,
2026-04-08T21:36:09Z,495,,-0.7,31.6,1.46,-1.3,56.3,2.5
2026-04-08T22:27:53Z,,0,,,,,,
2026-04-08T23:27:53Z,,0,,,,,,
2026-04-08T23:36:56Z,495,,-1.7,37.1,1.6,-2.1,61.1,2.56
2026-04-09T00:27:53Z,,0,,,,,,
2026-04-09T01:27:53Z,,0,,,,,,
2026-04-09T01:36:03Z,495,,-2.6,42.7,1.73,-3.1,68.1,2.66
2026-04-09T02:27:53Z,,0,,,,,,
2026-04-09T03:27:53Z,,0,,,,,,
2026-04-09T03:35:15Z,495,,-3.3,48.7,1.88,-3.9,74.1,2.73
2026-04-09T04:27:53Z,,0,,,,,,
2026-04-09T05:27:54Z,,0,,,,,,
2026-04-09T05:35:54Z,480,,-0.4,52,2.45,-0.2,65.2,3.12
2026-04-09T06:27:53Z,,0,,,,,,
2026-04-09T07:27:53Z,,0,,,,,,
2026-04-09T07:35:04Z,2970,,7.9,49.4,4.06,5.6,45.3,3.2
2026-04-09T08:27:53Z,,0,,,,,,
2026-04-09T09:27:53Z,,0,,,,,,
2026-04-09T09:34:43Z,3315,,17.4,29.5,4.37,7.3,39.1,3.09
2026-04-09T10:27:53Z,,0,,,,,,
2026-04-09T11:27:52Z,,0,,,,,,
2026-04-09T11:34:19Z,3345,,21.7,23,4.39,5.5,36.4,2.56
2026-04-09T12:27:53Z,,0,,,,,,
2026-04-09T13:27:53Z,,0,,,,,,
2026-04-09T13:34:01Z,3300,,20.8,19.7,3.57,6.6,30.1,2.27
2026-04-09T14:27:53Z,,0,,,,,,
2026-04-09T15:27:53Z,,0,,,,,,
2026-04-09T15:33:59Z,1710,,15.8,22.3,3.0,4.9,43.3,2.92
2026-04-09T16:27:53Z,,0,,,,,,
2026-04-09T17:27:53Z,,0,,,,,,
2026-04-09T17:34:26Z,510,,8.1,25.9,2.15,2.9,50.7,3.0
2026-04-09T18:27:53Z,,0,,,,,,
2026-04-09T19:27:53Z,,0,,,,,,
2026-04-09T19:33:28Z,495,,0.5,29,1.46,-0.6,62.8,2.92
2026-04-09T20:27:52Z,,0,,,,,,
2026-04-09T21:27:53Z,,0,,,,,,
2026-04-09T21:32:45Z,480,,-2.2,33.7,1.4,-2.8,72,2.87
2026-04-09T22:27:52Z,,0,,,,,,
2026-04-09T23:27:53Z,,0,,,,,,
2026-04-09T23:33:12Z,480,,-4,39.7,1.45,-4,77.6,2.84
2026-04-10T00:27:53Z,,0,,,,,,
2026-04-10T01:27:53Z,,0,,,,,,
2026-04-10T01:34:03Z,480,,-3.3,46.5,1.79,-4.1,78.4,2.85
2026-04-10T02:27:53Z,,0,,,,,,
2026-04-10T03:27:53Z,,0,,,,,,
2026-04-10T03:33:14Z,480,,-3.6,49.3,1.86,-4.2,76.5,2.76
2026-04-10T04:27:53Z,,0,,,,,,
2026-04-10T05:27:52Z,,0,,,,,,
2026-04-10T05:33:05Z,495,,-0.5,54.5,2.55,1.6,62.3,3.37
2026-04-10T06:27:53Z,,0,,,,,,
2026-04-10T07:27:53Z,,0,,,,,,
2026-04-10T07:32:18Z,3240,,8.3,58.4,4.92,9.9,39,3.64
2026-04-10T08:27:53Z,,0,,,,,,
2026-04-10T09:27:53Z,,0,,,,,,
2026-04-10T09:32:42Z,3315,,20.1,28.7,4.99,9.7,27.1,2.5
2026-04-10T10:27:53Z,,0,,,,,,
2026-04-10T11:27:52Z,,0,,,,,,
2026-04-10T11:32:22Z,3330,,23.9,21.1,4.57,7.7,29.1,2.36
2026-04-10T12:27:53Z,,0,,,,,,
2026-04-10T13:27:52Z,,0,,,,,,
2026-04-10T13:32:48Z,3330,,22.8,17.4,3.54,7.5,23.2,1.86
2026-04-10T14:27:52Z,,0,,,,,,
2026-04-10T15:27:52Z,,0,,,,,,
2026-04-10T15:33:06Z,3120,,18.7,15.7,2.51,7.9,23.7,1.95
2026-04-10T16:27:53Z,,0,,,,,,
2026-04-10T17:27:53Z,,0,,,,,,
2026-04-10T17:32:22Z,525,,11,19.6,1.96,5.8,35.7,2.56
2026-04-10T18:27:53Z,,0,,,,,,
2026-04-10T19:27:53Z,,0,,,,,,
2026-04-10T19:32:41Z,495,,2.3,20.3,1.15,2.3,41.8,2.37
2026-04-10T20:27:52Z,,0,,,,,,
2026-04-10T21:27:53Z,,0,,,,,,
2026-04-10T21:32:49Z,495,,-0.5,24.7,1.16,0,48.3,2.34
2026-04-10T22:27:53Z,,0,,,,,,
2026-04-10T23:27:52Z,,0,,,,,,
2026-04-10T23:32:34Z,480,,-1.9,30.7,1.3,-2,55.3,2.33
2026-04-11T00:27:53Z,,0,,,,,,
2026-04-11T01:27:52Z,,0,,,,,,
2026-04-11T01:32:48Z,495,,-1.8,32.4,1.39,-1.8,50.5,2.16
2026-04-11T02:27:53Z,,0,,,,,,
2026-04-11T03:27:53Z,,0,,,,,,
2026-04-11T03:33:21Z,480,,-2.2,34.3,1.43,-2.2,51,2.12
2026-04-11T04:27:52Z,,0,,,,,,
2026-04-11T05:27:53Z,,0,,,,,,
2026-04-11T05:32:57Z,495,,1.7,39.3,2.14,3,44.6,2.65
2026-04-11T06:27:53Z,,0,,,,,,
2026-04-11T07:27:53Z,,0,,,,,,
2026-04-11T07:32:16Z,2805,,10.7,43.2,4.24,11.6,33.8,3.51
2026-04-11T08:27:53Z,,0,,,,,,
2026-04-11T09:27:53Z,,0,,,,,,
2026-04-11T09:32:17Z,3300,,22.4,24.6,4.89,11.9,24.7,2.61
2026-04-11T10:27:52Z,,0,,,,,,
2026-04-11T11:27:53Z,,0,,,,,,
2026-04-11T11:32:15Z,3255,,25.3,17.7,4.14,9.5,25.7,2.34
2026-04-11T12:27:52Z,,0,,,,,,
2026-04-11T13:27:53Z,,0,,,,,,
2026-04-11T13:32:12Z,3315,,24.4,15.7,3.49,9.6,22.1,2.02
2026-04-11T14:27:53Z,,0,,,,,,
2026-04-11T15:27:53Z,,0,,,,,,
2026-04-11T15:32:50Z,3210,,18.9,16.2,2.62,8.3,23.2,1.96
2026-04-11T16:27:53Z,,0,,,,,,
2026-04-11T17:27:52Z,,0,,,,,,
2026-04-11T17:32:25Z,525,,11.9,18.4,1.95,6.6,32.3,2.44
2026-04-11T18:27:53Z,,0,,,,,,
2026-04-11T19:27:53Z,,0,,,,,,
2026-04-11T19:32:42Z,510,,2.5,20.6,1.18,1.5,43.2,2.32
2026-04-11T20:27:58Z,,0,,,,,,
2026-04-11T21:27:52Z,,0,,,,,,
2026-04-11T21:32:46Z,495,,-0.4,24.1,1.14,-0.9,51.3,2.34
2026-04-11T22:27:53Z,,0,,,,,,
2026-04-11T23:27:54Z,,0,,,,,,
2026-04-11T23:33:22Z,495,,-1.4,30.2,1.33,-1.7,55,2.37
2026-04-12T00:27:53Z,,0,,,,,,
2026-04-12T01:27:53Z,,0,,,,,,
2026-04-12T01:33:29Z,510,,-0.8,33.7,1.55,0,49.2,2.39
2026-04-12T02:27:53Z,,0,,,,,,
2026-04-12T03:27:53Z,,0,,,,,,
2026-04-12T03:32:42Z,495,,-0.6,34.4,1.6,-0.2,49.9,2.39
2026-04-12T04:27:53Z,,0,,,,,,
2026-04-12T05:27:53Z,,0,,,,,,
2026-04-12T05:33:30Z,510,,3.5,33.5,2.06,4.6,46.1,3.05
2026-04-12T06:27:53Z,,0,,,,,,
2026-04-12T07:27:53Z,,0,,,,,,
2026-04-12T07:32:52Z,1095,,12.8,34.2,3.83,13,37,4.19
2026-04-12T08:27:53Z,,0,,,,,,
2026-04-12T09:27:53Z,,0,,,,,,
2026-04-12T09:33:33Z,2955,,24.9,24.2,5.54,12.1,41.4,4.44
2026-04-12T10:27:53Z,,0,,,,,,
2026-04-12T11:27:53Z,,0,,,,,,
2026-04-12T11:33:33Z,2205,,25.1,21.7,5.02,9.7,49.3,4.54
2026-04-12T12:27:53Z,,0,,,,,,
2026-04-12T13:27:52Z,,0,,,,,,
2026-04-12T13:33:53Z,1275,,23.7,19.7,4.21,9.7,48.5,4.47
2026-04-12T14:27:52Z,,0,,,,,,
2026-04-12T15:27:53Z,,0,,,,,,
2026-04-12T15:32:59Z,540,,19.6,20.5,3.46,9.2,47.7,4.26
2026-04-12T16:27:53Z,,0,,,,,,
2026-04-12T17:27:53Z,,0,,,,,,
2026-04-12T17:33:23Z,525,,11.4,20.3,2.08,7.8,49.4,4.03
2026-04-12T18:27:52Z,,0,,,,,,
2026-04-12T19:27:53Z,,0,,,,,,
2026-04-12T19:33:37Z,510,,4.7,27.1,1.81,3.8,60.8,3.82
2026-04-12T20:27:53Z,,0,,,,,,
2026-04-12T21:27:52Z,,0,,,,,,
2026-04-12T21:33:58Z,510,,1.4,32.9,1.76,0.8,69.9,3.58
2026-04-12T22:27:53Z,,0,,,,,,
2026-04-12T23:27:53Z,,0,,,,,,
2026-04-12T23:33:10Z,510,,-1,37.8,1.71,-1.1,76.5,3.44
2026-04-13T00:27:52Z,,0,,,,,,
2026-04-13T01:27:53Z,,0,,,,,,
2026-04-13T01:32:29Z,510,,-1.1,41.2,1.85,-1.9,80.4,3.42
2026-04-13T02:27:53Z,,0,,,,,,
2026-04-13T03:27:53Z,,0,,,,,,
2026-04-13T03:32:45Z,510,,-1.5,48.2,2.11,-2.3,83.8,3.46
2026-04-13T04:27:52Z,,0,,,,,,
2026-04-13T05:27:53Z,,0,,,,,,
2026-04-13T05:32:19Z,525,,2.6,62.3,3.61,5.2,72.7,5.01
2026-04-13T06:27:53Z,,0,,,,,,
2026-04-13T07:27:53Z,,0,,,,,,
2026-04-13T07:32:36Z,1770,,12.3,47.4,5.14,14.2,40.8,4.98
2026-04-13T08:27:52Z,,0,,,,,,
2026-04-13T09:27:53Z,,0,,,,,,
2026-04-13T09:32:34Z,3345,,23.9,28.5,6.17,12.8,40.5,4.53
2026-04-13T10:27:53Z,,0,,,,,,
2026-04-13T11:27:53Z,,0,,,,,,
2026-04-13T11:32:25Z,2835,,27,23,5.92,12,46.4,4.94
2026-04-13T12:27:53Z,,0,,,,,,
2026-04-13T13:27:52Z,,0,,,,,,
2026-04-13T13:32:24Z,810,,18.6,27.8,4.42,10.7,52.6,5.16
2026-04-13T14:27:53Z,,0,,,,,,
2026-04-13T15:27:53Z,,0,,,,,,
2026-04-13T15:32:01Z,525,,16.6,26.8,3.78,10,53.4,5.02
2026-04-13T16:27:53Z,,0,,,,,,
2026-04-13T17:27:53Z,,0,,,,,,
2026-04-13T17:32:48Z,525,,11.2,28.9,2.93,8.4,59.5,5.05
2026-04-13T18:27:53Z,,0,,,,,,
2026-04-13T19:27:53Z,,0,,,,,,
2026-04-13T19:33:15Z,510,,5,36.6,2.49,4.4,70,4.57
2026-04-13T20:27:53Z,,0,,,,,,
2026-04-13T21:27:53Z,,0,,,,,,
2026-04-13T21:32:41Z,510,,1.9,41.3,2.28,1.3,78.6,4.17
2026-04-13T22:27:52Z,,0,,,,,,
2026-04-13T23:27:53Z,,0,,,,,,
2026-04-13T23:32:35Z,510,,0.5,47,2.36,-0.2,83.5,3.99
2026-04-14T00:27:53Z,,0,,,,,,
2026-04-14T01:27:53Z,,0,,,,,,
2026-04-14T01:32:53Z,510,,-0.4,48.4,2.28,-1.2,87,3.88
2026-04-14T02:27:53Z,,0,,,,,,
2026-04-14T03:27:53Z,,0,,,,,,
2026-04-14T03:33:22Z,510,,-1,54.7,2.48,-1.8,89.8,3.84
2026-04-14T04:27:53Z,,0,,,,,,
2026-04-14T05:27:53Z,,0,,,,,,
2026-04-14T05:33:54Z,525,,3,72.2,4.29,5.2,82.7,5.69
2026-04-14T06:27:53Z,,0,,,,,,
2026-04-14T07:27:53Z,,0,,,,,,
2026-04-14T07:33:50Z,2700,,12.2,71.9,7.76,15.1,51,6.58
2026-04-14T08:27:53Z,,0,,,,,,
2026-04-14T09:27:53Z,,0,,,,,,
2026-04-14T09:34:30Z,3270,,25.5,30.9,7.32,15.5,40.8,5.39
2026-04-14T10:27:53Z,,0,,,,,,
2026-04-14T11:27:53Z,,0,,,,,,
2026-04-14T11:34:22Z,2340,,24.7,25.4,5.75,13.2,44,5.05
2026-04-14T12:27:53Z,,0,,,,,,
2026-04-14T13:27:53Z,,0,,,,,,
2026-04-14T13:34:08Z,2700,,24.8,25,5.69,12.2,45.2,4.88
2026-04-14T14:27:53Z,,0,,,,,,
2026-04-14T15:27:53Z,,0,,,,,,
2026-04-14T15:33:27Z,1620,,22.6,23.9,4.8,11.8,45.3,4.77
2026-04-14T16:27:53Z,,0,,,,,,
2026-04-14T17:27:53Z,,0,,,,,,
2026-04-14T17:33:30Z,525,,14.6,29.6,3.7,9.8,51.3,4.76
2026-04-14T18:27:53Z,,0,,,,,,
2026-04-14T19:27:53Z,,0,,,,,,
2026-04-14T19:32:55Z,510,,5.8,34.4,2.46,5.2,62.9,4.33
2026-04-14T20:27:53Z,,0,,,,,,
2026-04-14T21:27:53Z,,0,,,,,,
2026-04-14T21:33:31Z,495,,2.4,40,2.28,2.2,71.1,4.01
2026-04-14T22:27:53Z,,0,,,,,,
2026-04-14T23:27:53Z,,0,,,,,,
2026-04-14T23:33:09Z,510,,0.5,42.9,2.15,0.3,76.5,3.79
2026-04-15T00:27:52Z,,0,,,,,,
2026-04-15T01:27:53Z,,0,,,,,,
2026-04-15T01:32:44Z,510,,-1,46,2.08,-1.4,79.8,3.51
2026-04-15T02:27:52Z,,0,,,,,,
2026-04-15T03:27:53Z,,0,,,,,,
2026-04-15T03:33:07Z,495,,-0.2,53.4,2.55,-0.9,83.8,3.82
2026-04-15T04:27:53Z,,0,,,,,,
2026-04-15T05:27:53Z,,0,,,,,,
2026-04-15T05:32:47Z,510,,3.3,61.2,3.71,2,80.4,4.47
2026-04-15T06:27:53Z,,0,,,,,,
2026-04-15T07:27:53Z,,0,,,,,,
2026-04-15T07:33:36Z,2130,,9.2,65.4,5.84,7.5,65.9,5.27
2026-04-15T08:27:52Z,,0,,,,,,
2026-04-15T09:27:53Z,,0,,,,,,
2026-04-15T09:32:50Z,3270,,24.3,35.4,7.84,16.9,28,4.03
2026-04-15T10:27:53Z,,0,,,,,,
2026-04-15T11:27:53Z,,0,,,,,,
2026-04-15T11:33:42Z,3345,,30.4,18.9,5.86,15.7,29.2,3.91
2026-04-15T12:27:53Z,,0,,,,,,
2026-04-15T13:27:53Z,,0,,,,,,
2026-04-15T13:33:39Z,3180,,27.1,19.5,5.05,12.6,34.9,3.86
2026-04-15T14:27:53Z,,0,,,,,,
2026-04-15T15:27:53Z,,0,,,,,,
2026-04-15T15:33:35Z,1065,,21.4,22.5,4.22,11.3,45.9,4.68
2026-04-15T16:27:53Z,,0,,,,,,
2026-04-15T17:27:53Z,,0,,,,,,
2026-04-15T17:34:25Z,525,,13.7,25.7,3.04,9.5,53.3,4.85
2026-04-15T18:27:53Z,,0,,,,,,
2026-04-15T19:27:53Z,,0,,,,,,
2026-04-15T19:34:23Z,525,,6.4,30.4,2.27,5.7,62.8,4.47
2026-04-15T20:27:52Z,,0,,,,,,
2026-04-15T21:27:53Z,,0,,,,,,
2026-04-15T21:34:54Z,510,,3.5,38.5,2.37,3.1,72.2,4.32
2026-04-15T22:27:53Z,,0,,,,,,
2026-04-15T23:27:53Z,,0,,,,,,
2026-04-15T23:35:14Z,510,,2.5,47.3,2.72,2,77.9,4.33
2026-04-16T00:27:53Z,,0,,,,,,
2026-04-16T01:27:53Z,,0,,,,,,
2026-04-16T01:35:15Z,510,,1.7,58.4,3.18,1.4,83.2,4.44
2026-04-16T02:27:53Z,,0,,,,,,
2026-04-16T03:27:53Z,,0,,,,,,
2026-04-16T03:35:22Z,720,,2.9,71.7,4.24,2.3,84.7,4.81
2026-04-16T04:27:53Z,,0,,,,,,
2026-04-16T05:27:53Z,,0,,,,,,
2026-04-16T05:35:18Z,1365,,6.2,70.7,5.2,4.3,82.1,5.33
2026-04-16T06:27:53Z,,0,,,,,,
2026-04-16T07:27:53Z,,0,,,,,,
2026-04-16T07:35:08Z,1185,,8.9,60.9,5.33,5.4,82.9,5.78
2026-04-16T08:27:53Z,,0,,,,,,
2026-04-16T09:27:53Z,,0,,,,,,
2026-04-16T09:35:45Z,1110,,9.2,64.3,5.74,6.7,82.5,6.27
2026-04-16T10:27:53Z,,0,,,,,,
2026-04-16T11:27:52Z,,0,,,,,,
2026-04-16T11:35:56Z,1665,,14.1,54.9,6.66,9.7,71.5,6.59
2026-04-16T12:27:53Z,,0,,,,,,
2026-04-16T13:27:53Z,,0,,,,,,
2026-04-16T13:35:52Z,1500,,17.7,41.2,6.21,11.7,60.8,6.36
2026-04-16T14:27:53Z,,0,,,,,,
2026-04-16T15:27:53Z,,0,,,,,,
2026-04-16T15:35:45Z,765,,13.2,49.5,5.68,10.3,69.6,6.66
2026-04-16T16:27:53Z,,0,,,,,,
2026-04-16T17:27:53Z,,0,,,,,,
2026-04-16T17:35:51Z,915,,10.6,63,6.15,8.9,80.1,7.01
2026-04-16T18:27:53Z,,0,,,,,,
2026-04-16T19:27:53Z,,0,,,,,,
2026-04-16T19:35:32Z,1020,,9.6,62.3,5.71,8.8,72.8,6.33
2026-04-16T20:27:53Z,,0,,,,,,
2026-04-16T21:27:53Z,,0,,,,,,
2026-04-16T21:35:55Z,1110,,9.4,64.3,5.81,8.4,75,6.36
2026-04-16T22:27:53Z,,0,,,,,,
2026-04-16T23:27:53Z,,0,,,,,,
2026-04-16T23:36:28Z,1140,,9.7,65.7,6.06,8.1,78.8,6.56
2026-04-17T00:27:53Z,,0,,,,,,
2026-04-17T01:27:53Z,,0,,,,,,
2026-04-17T01:36:35Z,1140,,9,70.3,6.2,7.3,85,6.72
2026-04-17T02:27:53Z,,0,,,,,,
2026-04-17T03:27:52Z,,0,,,,,,
2026-04-17T03:35:51Z,1185,,7.9,70.6,5.8,6.7,82.1,6.24
2026-04-17T04:27:53Z,,0,,,,,,
2026-04-17T05:27:53Z,,0,,,,,,
2026-04-17T05:35:36Z,1755,,9.4,63.8,5.77,10.1,59.3,5.61
2026-04-17T06:27:53Z,,0,,,,,,
2026-04-17T07:27:53Z,,0,,,,,,
2026-04-17T07:35:44Z,2190,,17.7,39.6,5.97,15.8,39.6,5.33
2026-04-17T08:27:54Z,,0,,,,,,
2026-04-17T09:27:53Z,,0,,,,,,
2026-04-17T09:36:03Z,2910,,25.4,23.8,5.6,16.9,31.9,4.59
2026-04-17T10:27:53Z,,0,,,,,,
2026-04-17T11:27:53Z,,0,,,,,,
2026-04-17T11:35:27Z,2805,,28.7,18,5.09,14.4,34.9,4.31
2026-04-17T12:27:53Z,,0,,,,,,
2026-04-17T13:27:53Z,,0,,,,,,
2026-04-17T13:36:08Z,1770,,25.1,18.1,4.19,13.9,34,4.07
2026-04-17T14:27:53Z,,0,,,,,,
2026-04-17T15:27:53Z,,0,,,,,,
2026-04-17T15:36:29Z,1290,,22,20.3,3.94,13.5,35.6,4.16
2026-04-17T16:27:53Z,,0,,,,,,
2026-04-17T17:27:52Z,,0,,,,,,
2026-04-17T17:37:07Z,540,,15,25.9,3.32,11.5,43.2,4.46
2026-04-17T18:27:53Z,,0,,,,,,
2026-04-17T19:27:53Z,,0,,,,,,
2026-04-17T19:36:59Z,525,,8.2,32.8,2.75,8.3,51.9,4.37
2026-04-17T20:27:53Z,,0,,,,,,
2026-04-17T21:27:53Z,,0,,,,,,
2026-04-17T21:36:44Z,525,,6.4,35.7,2.66,6.3,57.1,4.23
2026-04-17T22:27:52Z,,0,,,,,,
2026-04-17T23:27:53Z,,0,,,,,,
2026-04-17T23:37:13Z,525,,5.7,41.6,2.96,5.8,59.3,4.25
2026-04-18T00:27:53Z,,0,,,,,,
2026-04-18T01:27:53Z,,0,,,,,,
2026-04-18T01:36:58Z,525,,4,44.5,2.83,3.4,66.4,4.06
2026-04-18T02:27:53Z,,0,,,,,,
2026-04-18T03:27:53Z,,0,,,,,,
2026-04-18T03:37:11Z,525,,1.6,47.9,2.59,1.2,73.6,3.88
2026-04-18T04:27:53Z,,0,,,,,,
2026-04-18T05:27:53Z,,0,,,,,,
2026-04-18T05:37:06Z,1320,,6.7,65.1,4.95,9.8,56,5.19
2026-04-18T06:27:52Z,,0,,,,,,
2026-04-18T07:27:53Z,,0,,,,,,
2026-04-18T07:36:51Z,3300,,18.6,44,7.0,18.5,32.9,5.2
2026-04-18T08:27:53Z,,0,,,,,,
2026-04-18T09:27:53Z,,0,,,,,,
2026-04-18T09:37:05Z,3315,,26.2,23.6,5.81,15.6,32.5,4.32
2026-04-18T10:27:53Z,,0,,,,,,
2026-04-18T11:27:53Z,,0,,,,,,
2026-04-18T11:36:32Z,2340,,24.9,22,5.04,10.8,44.7,4.42
2026-04-18T12:27:53Z,,0,,,,,,
2026-04-18T13:27:53Z,,0,,,,,,
2026-04-18T13:36:45Z,2205,,24.8,21.7,4.94,10.2,46.7,4.44
2026-04-18T14:27:53Z,,0,,,,,,
2026-04-18T15:27:52Z,,0,,,,,,
2026-04-18T15:36:06Z,1080,,20.4,22.6,4.0,9.4,49,4.43
2026-04-18T16:27:53Z,,0,,,,,,
2026-04-18T17:27:53Z,,0,,,,,,
2026-04-18T17:36:43Z,525,,13.2,24.7,2.83,7.4,56.5,4.49
2026-04-18T18:27:53Z,,0,,,,,,
2026-04-18T19:27:53Z,,0,,,,,,
2026-04-18T19:35:53Z,510,,7.3,30.1,2.38,5.4,61.1,4.26
2026-04-18T20:27:53Z,,0,,,,,,
2026-04-18T21:27:53Z,,0,,,,,,
2026-04-18T21:35:36Z,525,,7.3,32.2,2.54,5.1,60.4,4.13
2026-04-18T22:27:52Z,,0,,,,,,
2026-04-18T23:27:52Z,,0,,,,,,
2026-04-18T23:35:59Z,510,,6.1,32.4,2.37,3.8,60.9,3.82
2026-04-19T00:27:53Z,,0,,,,,,
2026-04-19T01:27:53Z,,0,,,,,,
2026-04-19T01:35:04Z,495,,1.8,39.5,2.17,0.7,67.9,3.46
2026-04-19T02:27:53Z,,0,,,,,,
2026-04-19T03:27:53Z,,0,,,,,,
2026-04-19T03:34:15Z,495,,-0.3,47.5,2.26,-1.1,75.2,3.38
2026-04-19T04:27:53Z,,0,,,,,,
2026-04-19T05:27:53Z,,0,,,,,,
2026-04-19T05:33:33Z,510,,4,44.3,2.82,5.3,61.7,4.28
2026-04-19T06:27:52Z,,0,,,,,,
2026-04-19T07:27:52Z,,0,,,,,,
2026-04-19T07:33:36Z,2910,,12.9,41,4.62,9.9,40.5,3.78
2026-04-19T08:27:53Z,,0,,,,,,
2026-04-19T09:27:53Z,,0,,,,,,
2026-04-19T09:33:01Z,3315,,21.3,26.2,4.88,10.2,36.7,3.49
2026-04-19T10:27:52Z,,0,,,,,,
2026-04-19T11:27:53Z,,0,,,,,,
2026-04-19T11:32:21Z,3315,,26.3,21.2,5.25,7.9,47.1,3.87
2026-04-19T12:27:53Z,,0,,,,,,
2026-04-19T13:27:53Z,,0,,,,,,
2026-04-19T13:32:42Z,2655,,24.8,19.5,4.44,7.7,47.3,3.83
2026-04-19T14:27:52Z,,0,,,,,,
2026-04-19T15:27:53Z,,0,,,,,,
2026-04-19T15:33:18Z,1395,,19.7,21.5,3.65,7.5,47.6,3.81
2026-04-19T16:27:53Z,,0,,,,,,
2026-04-19T17:27:53Z,,0,,,,,,
2026-04-19T17:33:16Z,525,,12,26.4,2.81,6.3,51.5,3.81
2026-04-19T18:27:52Z,,0,,,,,,
2026-04-19T19:27:53Z,,0,,,,,,
2026-04-19T19:32:56Z,495,,3.9,32,2.02,3.6,53.8,3.33
2026-04-19T20:27:53Z,,0,,,,,,
2026-04-19T21:27:53Z,,0,,,,,,
2026-04-19T21:33:13Z,480,,2.4,34.7,1.98,2.2,54.1,3.05
2026-04-19T22:27:53Z,,0,,,,,,
2026-04-19T23:27:53Z,,0,,,,,,
2026-04-19T23:32:45Z,495,,1.2,39.1,2.06,1.2,55.7,2.93
2026-04-20T00:27:53Z,,0,,,,,,
2026-04-20T01:27:53Z,,0,,,,,,
2026-04-20T01:32:02Z,480,,0.2,41.2,2.03,-0.5,60.4,2.83
2026-04-20T02:27:53Z,,0,,,,,,
2026-04-20T03:27:53Z,,0,,,,,,
2026-04-20T03:32:22Z,495,,0,45,2.18,-0.9,62.9,2.87
2026-04-20T04:27:52Z,,0,,,,,,
2026-04-20T05:27:53Z,,0,,,,,,
2026-04-20T05:32:33Z,1500,,5,53.4,3.63,6.6,48.8,3.68
2026-04-20T06:27:53Z,,0,,,,,,
2026-04-20T07:27:54Z,,0,,,,,,
2026-04-20T07:33:19Z,3300,,15.7,34.6,4.63,14.1,27.6,3.35
2026-04-20T08:27:53Z,,0,,,,,,
2026-04-20T09:27:53Z,,0,,,,,,
2026-04-20T09:32:36Z,2805,,23.4,18.4,3.87,14.3,26.3,3.23
2026-04-20T10:27:53Z,,0,,,,,,
2026-04-20T11:27:53Z,,0,,,,,,
2026-04-20T11:31:57Z,3330,,27.6,16,4.26,10.9,30.8,3.06
2026-04-20T12:27:52Z,,0,,,,,,
2026-04-20T13:27:53Z,,0,,,,,,
2026-04-20T13:32:17Z,2025,,25.1,14.8,3.43,11.5,30.8,3.18
2026-04-20T14:27:53Z,,0,,,,,,
2026-04-20T15:27:52Z,,0,,,,,,
2026-04-20T15:32:12Z,1365,,21,15.8,2.89,11.8,28.9,3.04
2026-04-20T16:27:52Z,,0,,,,,,
2026-04-20T17:27:53Z,,0,,,,,,
2026-04-20T17:33:00Z,540,,14.4,19.2,2.37,10.4,32.9,3.17
2026-04-20T18:27:53Z,,0,,,,,,
2026-04-20T19:27:53Z,,0,,,,,,
2026-04-20T19:32:38Z,510,,6.9,21.6,1.66,6.8,41.2,3.15
2026-04-20T20:27:53Z,,0,,,,,,
2026-04-20T21:27:53Z,,0,,,,,,
2026-04-20T21:32:23Z,510,,2.6,25.8,1.49,3.3,49.2,2.99
2026-04-20T22:27:52Z,,0,,,,,,
2026-04-20T23:27:53Z,,0,,,,,,
2026-04-20T23:31:42Z,510,,0.5,28.9,1.45,1,53.6,2.78
2026-04-21T00:27:53Z,,0,,,,,,
2026-04-21T01:27:53Z,,0,,,,,,
2026-04-21T01:31:21Z,510,,-0.4,35.9,1.69,0.5,57.1,2.87
2026-04-21T02:27:53Z,,0,,,,,,
2026-04-21T03:27:53Z,,0,,,,,,
2026-04-21T03:31:24Z,495,,0,43.1,2.09,0.8,57.5,2.95
2026-04-21T04:27:54Z,,0,,,,,,
2026-04-21T05:27:53Z,,0,,,,,,
2026-04-21T05:32:00Z,1950,,7.2,50,3.92,9.5,40.4,3.68
2026-04-21T06:27:53Z,,0,,,,,,
2026-04-21T07:27:54Z,,0,,,,,,
2026-04-21T07:32:07Z,2055,,18.7,28.2,4.51,18.4,26.3,4.14
2026-04-21T08:27:53Z,,0,,,,,,
2026-04-21T09:27:53Z,,0,,,,,,
2026-04-21T09:32:22Z,2850,,27,16.2,4.17,17.3,23.5,3.46
2026-04-21T10:27:53Z,,0,,,,,,
2026-04-21T11:27:53Z,,0,,,,,,
2026-04-21T11:32:05Z,3030,,29.1,14.8,4.28,13.2,30,3.44
2026-04-21T12:27:53Z,,0,,,,,,
2026-04-21T13:27:53Z,,0,,,,,,
2026-04-21T13:31:23Z,2205,,27.5,14.3,3.79,13.5,29.1,3.4
2026-04-21T14:27:53Z,,0,,,,,,
2026-04-21T15:27:53Z,,0,,,,,,
2026-04-21T15:30:35Z,1410,,22.7,16.6,3.35,14.1,28.9,3.51
2026-04-21T16:27:53Z,,0,,,,,,
2026-04-21T17:27:53Z,,0,,,,,,
2026-04-21T17:30:34Z,525,,16.5,19.8,2.78,12.9,32.8,3.7
2026-04-21T18:27:53Z,,0,,,,,,
2026-04-21T19:27:52Z,,0,,,,,,
2026-04-21T19:30:06Z,525,,7.7,21.7,1.76,7.6,43.3,3.49
2026-04-21T20:27:53Z,,0,,,,,,
2026-04-21T21:27:52Z,,0,,,,,,
2026-04-21T21:29:28Z,525,,4.2,33.2,2.14,5.1,55.4,3.79
2026-04-21T22:27:52Z,,0,,,,,,
2026-04-21T23:27:53Z,,0,,,,,,
2026-04-21T23:30:02Z,510,,5,46.7,3.17,5.7,59.5,4.23
2026-04-22T00:27:52Z,,0,,,,,,
2026-04-22T01:27:52Z,,0,,,,,,
2026-04-22T01:29:09Z,750,,4.4,56.5,3.69,5,63.8,4.34
2026-04-22T02:27:52Z,,0,,,,,,
2026-04-22T03:27:52Z,,0,,,,,,
2026-04-22T03:29:49Z,840,,4.2,57.3,3.69,4.2,64.9,4.18
2026-04-22T04:27:52Z,,0,,,,,,
2026-04-22T05:27:52Z,,0,,,,,,
2026-04-22T05:29:04Z,1860,,9.2,55.8,4.98,9.5,52.3,4.76
2026-04-22T06:27:52Z,,0,,,,,,
2026-04-22T07:27:52Z,,0,,,,,,
2026-04-22T07:28:25Z,1545,,15.6,34.5,4.59,10.4,47.8,4.61
2026-04-22T08:27:53Z,,0,,,,,,
2026-04-22T09:27:43Z,1560,,16.2,34.8,4.8,9.7,52.5,4.84
2026-04-22T09:27:52Z,,0,,,,,,
2026-04-22T10:27:52Z,,0,,,,,,
2026-04-22T11:26:48Z,1320,,16.1,33.6,4.6,9.6,53,4.85
2026-04-22T11:27:52Z,,0,,,,,,
2026-04-22T12:27:52Z,,0,,,,,,
2026-04-22T13:26:59Z,1785,,19.8,30.8,5.26,10,54,5.07
2026-04-22T13:27:53Z,,0,,,,,,
2026-04-22T14:27:53Z,,0,,,,,,
2026-04-22T15:27:31Z,1050,,16.4,32.9,4.59,10.4,52.7,5.08
2026-04-22T15:27:53Z,,0,,,,,,
2026-04-22T16:27:53Z,,0,,,,,,
2026-04-22T17:27:55Z,,0,,,,,,
2026-04-22T17:27:58Z,960,,12.5,40.3,4.43,9.5,54.9,5.0
2026-04-22T18:27:53Z,,0,,,,,,
2026-04-22T19:27:36Z,945,,9.2,49.3,4.4,8,59.8,4.94
2026-04-22T19:27:53Z,,0,,,,,,
2026-04-22T20:27:53Z,,0,,,,,,
2026-04-22T21:27:53Z,,0,,,,,,
2026-04-22T21:28:03Z,1140,,8.1,38.4,3.19,6.3,46.5,3.44
2026-04-22T22:27:54Z,,0,,,,,,
2026-04-22T23:27:33Z,840,,4.8,37.9,2.54,2.8,48.6,2.85
2026-04-22T23:27:53Z,,0,,,,,,
2026-04-23T00:27:52Z,,0,,,,,,
2026-04-23T01:27:54Z,,0,,,,,,
2026-04-23T01:28:11Z,570,,1.9,42,2.32,0.6,52.6,2.66
2026-04-23T02:27:54Z,,0,,,,,,
2026-04-23T03:27:53Z,,0,,,,,,
2026-04-23T03:28:27Z,615,,0,50.1,2.43,0,56.2,2.73
2026-04-23T04:27:54Z,,0,,,,,,
2026-04-23T05:27:54Z,,0,,,,,,
2026-04-23T05:28:37Z,1965,,5.8,42.7,3.06,4.4,43,2.81
2026-04-23T06:27:54Z,,0,,,,,,
2026-04-23T07:27:54Z,,0,,,,,,
2026-04-23T07:28:56Z,1710,,11.9,30.3,3.21,8.1,37.5,3.12
2026-04-23T08:27:53Z,,0,,,,,,
2026-04-23T09:27:53Z,,0,,,,,,
2026-04-23T09:29:41Z,2385,,17.8,22.5,3.41,8.1,35.3,2.94
2026-04-23T10:27:53Z,,0,,,,,,
2026-04-23T11:27:53Z,,0,,,,,,
2026-04-23T11:29:15Z,2220,,19.5,18.7,3.14,7.5,35.3,2.83
2026-04-23T12:27:54Z,,0,,,,,,
2026-04-23T13:27:53Z,,0,,,,,,
2026-04-23T13:30:06Z,1875,,19.6,18.6,3.14,7.8,36.6,2.99
2026-04-23T14:27:54Z,,0,,,,,,
2026-04-23T15:27:53Z,,0,,,,,,
2026-04-23T15:29:34Z,1050,,16.3,21,2.91,8.4,38.1,3.23
2026-04-23T16:27:53Z,,0,,,,,,
2026-04-23T17:27:53Z,,0,,,,,,
2026-04-23T17:30:07Z,525,,11.8,25,2.63,7.7,40.7,3.3
2026-04-23T18:27:53Z,,0,,,,,,
2026-04-23T19:27:53Z,,0,,,,,,
2026-04-23T19:30:17Z,525,,5.8,27.1,1.94,4.5,50,3.29
2026-04-23T20:27:53Z,,0,,,,,,
2026-04-23T21:27:54Z,,0,,,,,,
2026-04-23T21:30:06Z,510,,3.3,31.1,1.89,2.3,58.9,3.34
2026-04-23T22:27:53Z,,0,,,,,,
2026-04-23T23:27:53Z,,0,,,,,,
2026-04-23T23:30:35Z,510,,2.5,41.4,2.38,1.4,65.2,3.48
2026-04-24T00:27:53Z,,0,,,,,,
2026-04-24T01:27:53Z,,0,,,,,,
2026-04-24T01:30:25Z,495,,1.8,45.3,2.48,0.4,69.1,3.44
2026-04-24T02:27:53Z,,0,,,,,,
2026-04-24T03:27:53Z,,0,,,,,,
2026-04-24T03:31:10Z,510,,2.2,51.7,2.91,0.8,73.9,3.79
2026-04-24T04:27:53Z,,0,,,,,,
2026-04-24T05:27:54Z,,0,,,,,,
2026-04-24T05:31:29Z,1365,,6.1,61.4,4.49,4.3,71.2,4.62
2026-04-24T06:27:54Z,,0,,,,,,
2026-04-24T07:27:53Z,,0,,,,,,
2026-04-24T07:31:35Z,2310,,16,36.4,4.96,12.9,38.9,4.38
2026-04-24T08:27:53Z,,0,,,,,,
2026-04-24T09:27:53Z,,0,,,,,,
2026-04-24T09:32:18Z,2205,,23.9,21.3,4.61,14.4,33.6,4.15
2026-04-24T10:27:53Z,,0,,,,,,
2026-04-24T11:27:53Z,,0,,,,,,
2026-04-24T11:32:17Z,1560,,22.5,18.6,3.72,10.7,38.3,3.76
2026-04-24T12:27:53Z,,0,,,,,,
2026-04-24T13:27:53Z,,0,,,,,,
2026-04-24T13:31:36Z,1980,,23.1,16.3,3.37,10.4,32.4,3.12
2026-04-24T14:27:53Z,,0,,,,,,
2026-04-24T15:27:54Z,,0,,,,,,
2026-04-24T15:31:03Z,1350,,18.7,18.8,3.01,10,33.5,3.15
2026-04-24T16:27:53Z,,0,,,,,,
2026-04-24T17:27:53Z,,0,,,,,,
2026-04-24T17:30:39Z,630,,12.4,25.1,2.74,8.3,38.9,3.28
2026-04-24T18:27:53Z,,0,,,,,,
2026-04-24T19:27:53Z,,0,,,,,,
2026-04-24T19:30:42Z,525,,6.3,27.5,2.04,4.9,47.3,3.19
2026-04-24T20:27:53Z,,0,,,,,,
2026-04-24T21:27:53Z,,0,,,,,,
2026-04-24T21:30:59Z,510,,2.3,31.3,1.78,1.8,56.1,3.08
2026-04-24T22:27:53Z,,0,,,,,,
2026-04-24T23:27:53Z,,0,,,,,,
2026-04-24T23:30:43Z,510,,4.2,34.8,2.24,2.9,59.9,3.54
2026-04-25T00:27:53Z,,0,,,,,,
2026-04-25T01:27:54Z,,0,,,,,,
2026-04-25T01:30:54Z,525,,5.2,38.2,2.63,3.6,62.9,3.89
2026-04-25T02:27:53Z,,0,,,,,,
2026-04-25T03:27:54Z,,0,,,,,,
2026-04-25T03:30:54Z,510,,6.2,37.5,2.76,4.3,67.7,4.39
2026-04-25T04:27:54Z,,0,,,,,,
2026-04-25T05:27:53Z,,0,,,,,,
2026-04-25T05:31:28Z,510,,7,41.1,3.18,4.9,85.2,5.75
2026-04-25T06:27:53Z,,0,,,,,,
2026-04-25T07:27:53Z,,0,,,,,,
2026-04-25T07:30:53Z,525,,9.9,44.7,4.17,7.2,79,6.2
2026-04-25T08:27:53Z,,0,,,,,,
2026-04-25T09:27:53Z,,0,,,,,,
2026-04-25T09:31:04Z,1875,,19.7,35.3,5.99,10.5,58.3,5.65
2026-04-25T10:27:54Z,,0,,,,,,
2026-04-25T11:27:53Z,,0,,,,,,
2026-04-25T11:31:23Z,465,,12.6,40.3,4.46,8.3,66,5.56
2026-04-25T12:27:54Z,,0,,,,,,
2026-04-25T13:27:53Z,,0,,,,,,
2026-04-25T13:32:13Z,525,,14.1,35.1,4.26,7.3,73,5.77
2026-04-25T14:27:53Z,,0,,,,,,
2026-04-25T15:27:53Z,,0,,,,,,
2026-04-25T15:31:50Z,1290,,13.6,38.8,4.56,7.8,59.1,4.82
2026-04-25T16:27:54Z,,0,,,,,,
2026-04-25T17:27:53Z,,0,,,,,,
2026-04-25T17:31:31Z,690,,8.5,42,3.59,3.6,67.9,4.2
2026-04-25T18:27:54Z,,0,,,,,,
2026-04-25T19:27:53Z,,0,,,,,,
2026-04-25T19:31:53Z,705,,4.1,66,4.23,0.5,92.8,4.66
2026-04-25T20:27:54Z,,0,,,,,,
2026-04-25T21:27:53Z,,0,,,,,,
2026-04-25T21:30:58Z,795,,2.7,71.7,4.18,0,92.3,4.48
2026-04-25T22:27:53Z,,0,,,,,,
2026-04-25T23:27:53Z,,0,,,,,,
2026-04-25T23:30:56Z,930,,2.3,74.9,4.25,-0.5,93.3,4.37
2026-04-26T00:27:53Z,,0,,,,,,
2026-04-26T01:27:54Z,,0,,,,,,
2026-04-26T01:30:36Z,930,,1.6,68.4,3.7,-0.5,81,3.8
2026-04-26T02:27:53Z,,0,,,,,,
2026-04-26T03:27:53Z,,0,,,,,,
2026-04-26T03:30:09Z,840,,1,62.4,3.24,-0.7,73.5,3.4
2026-04-26T04:27:53Z,,0,,,,,,
2026-04-26T05:27:53Z,,0,,,,,,
2026-04-26T05:30:48Z,1020,,2.6,52.3,3.03,0.9,60.9,3.14
2026-04-26T06:27:54Z,,0,,,,,,
2026-04-26T07:27:54Z,,0,,,,,,
2026-04-26T07:31:01Z,2160,,7.9,38,3.12,4.8,41.8,2.8
2026-04-26T08:27:54Z,,0,,,,,,
2026-04-26T09:27:53Z,,0,,,,,,
2026-04-26T09:31:10Z,1950,,12.5,22.7,2.49,5.5,33.1,2.32
2026-04-26T10:27:53Z,,0,,,,,,
2026-04-26T11:27:53Z,,0,,,,,,
2026-04-26T11:31:52Z,1605,,12.8,21.4,2.4,5.3,34.4,2.38
2026-04-26T12:27:53Z,,0,,,,,,
2026-04-26T13:27:53Z,,0,,,,,,
2026-04-26T13:32:03Z,1545,,14.1,19.7,2.39,5.9,33.5,2.42
2026-04-26T14:27:53Z,,0,,,,,,
2026-04-26T15:27:54Z,,0,,,,,,
2026-04-26T15:32:02Z,1515,,11.8,21.7,2.28,6.2,31.8,2.34
2026-04-26T16:27:53Z,,0,,,,,,
2026-04-26T17:27:53Z,,0,,,,,,
2026-04-26T17:32:08Z,885,,8.5,25.5,2.18,4.9,37.1,2.5
2026-04-26T18:27:53Z,,0,,,,,,
2026-04-26T19:27:53Z,,0,,,,,,
2026-04-26T19:31:48Z,510,,3.9,33.2,2.1,2.6,46.4,2.69
2026-04-26T20:27:53Z,,0,,,,,,
2026-04-26T21:27:53Z,,0,,,,,,
2026-04-26T21:32:08Z,510,,0.9,41.2,2.13,0.7,54.5,2.77
2026-04-26T22:27:53Z,,0,,,,,,
2026-04-26T23:27:53Z,,0,,,,,,
2026-04-26T23:31:23Z,510,,0.2,51.6,2.54,0,59.6,2.89
2026-04-27T00:27:54Z,,0,,,,,,
2026-04-27T01:27:53Z,,0,,,,,,
2026-04-27T01:31:55Z,735,,1.7,50.8,2.77,0.3,61.5,3.04
2026-04-27T02:27:53Z,,0,,,,,,
2026-04-27T03:27:54Z,,0,,,,,,
2026-04-27T03:31:32Z,630,,0.4,56.8,2.83,0,65.7,3.19
2026-04-27T04:27:53Z,,0,,,,,,
2026-04-27T05:27:53Z,,0,,,,,,
2026-04-27T05:31:55Z,2190,,7.1,47,3.67,4.9,48.4,3.27
2026-04-27T06:27:53Z,,0,,,,,,
2026-04-27T07:27:53Z,,0,,,,,,
2026-04-27T07:32:45Z,2235,,14.2,28.3,3.45,10.2,32.5,3.09
2026-04-27T08:27:54Z,,0,,,,,,
2026-04-27T09:27:54Z,,0,,,,,,
2026-04-27T09:33:07Z,2190,,17.9,19.7,3.01,9.7,29.2,2.69
2026-04-27T10:27:53Z,,0,,,,,,
2026-04-27T11:27:54Z,,0,,,,,,
2026-04-27T11:32:17Z,1725,,19.1,17.9,2.93,7.7,35.3,2.86
2026-04-27T12:27:53Z,,0,,,,,,
2026-04-27T13:27:53Z,,0,,,,,,
2026-04-27T13:31:33Z,1680,,17.4,18.2,2.7,7.5,33.2,2.66
2026-04-27T14:27:53Z,,0,,,,,,
2026-04-27T15:27:53Z,,0,,,,,,
2026-04-27T15:31:32Z,1050,,13.3,26,3.0,6.3,44.7,3.31
2026-04-27T16:27:53Z,,0,,,,,,
2026-04-27T17:27:53Z,,0,,,,,,
2026-04-27T17:31:15Z,525,,8.9,34.2,3.0,3.9,57.8,3.65
2026-04-27T18:27:53Z,,0,,,,,,
2026-04-27T19:27:54Z,,0,,,,,,
2026-04-27T19:30:52Z,510,,4,44.1,2.8,2.2,64.7,3.65
2026-04-27T20:27:53Z,,0,,,,,,
2026-04-27T21:27:53Z,,0,,,,,,
2026-04-27T21:31:24Z,510,,1.5,50.4,2.71,1.4,59.6,3.18
2026-04-27T22:27:54Z,,0,,,,,,
2026-04-27T23:27:53Z,,0,,,,,,
2026-04-27T23:32:09Z,555,,0.4,55.7,2.78,0.3,63.3,3.13
2026-04-28T00:27:53Z,,0,,,,,,
2026-04-28T01:27:53Z,,0,,,,,,
2026-04-28T01:32:21Z,675,,0,56.7,2.75,-0.2,63,3.01
2026-04-28T02:27:53Z,,0,,,,,,
2026-04-28T03:27:53Z,,0,,,,,,
2026-04-28T03:32:43Z,810,,0.3,61.4,3.04,0.5,65.2,3.27
2026-04-28T04:27:53Z,,0,,,,,,
2026-04-28T05:27:54Z,,0,,,,,,
2026-04-28T05:33:03Z,2025,,6.6,50.7,3.83,5,51.9,3.53
2026-04-28T06:27:54Z,,0,,,,,,
2026-04-28T07:27:54Z,,0,,,,,,
2026-04-28T07:32:50Z,1980,,13.6,28.6,3.36,7.6,38.7,3.12
2026-04-28T08:27:53Z,,0,,,,,,
2026-04-28T09:27:53Z,,0,,,,,,
2026-04-28T09:33:31Z,1725,,15,22.1,2.83,5.8,38.6,2.77
2026-04-28T10:27:53Z,,0,,,,,,
2026-04-28T11:27:53Z,,0,,,,,,
2026-04-28T11:33:52Z,1410,,13.5,23.9,2.79,5.6,41,2.9
2026-04-28T12:27:53Z,,0,,,,,,
2026-04-28T13:27:53Z,,0,,,,,,
2026-04-28T13:34:15Z,1605,,13.4,23.7,2.75,5.8,38.3,2.74
2026-04-28T14:27:53Z,,0,,,,,,
2026-04-28T15:27:54Z,,0,,,,,,
2026-04-28T15:33:30Z,1050,,11.5,25.6,2.64,5.5,41.8,2.94
2026-04-28T16:27:53Z,,0,,,,,,
2026-04-28T17:27:54Z,,0,,,,,,
2026-04-28T17:34:00Z,915,,8.2,29.9,2.5,4.7,42.6,2.84
2026-04-28T18:27:52Z,,0,,,,,,
2026-04-28T19:27:53Z,,0,,,,,,
2026-04-28T19:34:33Z,510,,4.5,34.2,2.25,2.4,48.8,2.79
2026-04-28T20:27:53Z,,0,,,,,,
2026-04-28T21:27:53Z,,0,,,,,,
2026-04-28T21:34:26Z,525,,1.1,44.6,2.33,0.6,55.4,2.8
2026-04-28T22:27:53Z,,0,,,,,,
2026-04-28T23:27:53Z,,0,,,,,,
2026-04-28T23:34:52Z,915,,3.2,46.5,2.8,1.8,55,3.02
2026-04-29T00:27:53Z,,0,,,,,,
2026-04-29T01:27:53Z,,0,,,,,,
2026-04-29T01:34:02Z,870,,4,43.5,2.77,1.5,56.2,3.02
2026-04-29T02:27:53Z,,0,,,,,,
2026-04-29T03:27:54Z,,0,,,,,,
2026-04-29T03:34:38Z,900,,3.8,45.5,2.86,1.4,57.4,3.06
2026-04-29T04:27:54Z,,0,,,,,,
2026-04-29T05:27:54Z,,0,,,,,,
2026-04-29T05:34:47Z,1620,,7.2,40.5,3.18,3.8,49.2,3.09
2026-04-29T06:27:54Z,,0,,,,,,
2026-04-29T07:27:53Z,,0,,,,,,
2026-04-29T07:34:39Z,2370,,14,28.5,3.44,8.8,34.2,2.98
2026-04-29T08:27:53Z,,0,,,,,,
2026-04-29T09:27:53Z,,0,,,,,,
2026-04-29T09:35:21Z,2865,,22.6,17.9,3.6,10.6,30.4,2.97
2026-04-29T10:27:53Z,,0,,,,,,
2026-04-29T11:27:53Z,,0,,,,,,
2026-04-29T11:35:18Z,3090,,24.5,15.3,3.42,7.6,34,2.74
2026-04-29T12:27:53Z,,0,,,,,,
2026-04-29T13:27:53Z,,0,,,,,,
2026-04-29T13:34:56Z,2040,,22,15.7,3.05,8.3,33.6,2.83
2026-04-29T14:27:53Z,,0,,,,,,
2026-04-29T15:27:53Z,,0,,,,,,
2026-04-29T15:34:37Z,1440,,19.7,15.7,2.67,9.2,30.9,2.76
2026-04-29T16:27:53Z,,0,,,,,,
2026-04-29T17:27:54Z,,0,,,,,,
2026-04-29T17:35:21Z,525,,12.7,18.9,2.1,7.7,35,2.84
2026-04-29T18:27:53Z,,0,,,,,,
2026-04-29T19:27:54Z,,0,,,,,,
2026-04-29T19:35:01Z,510,,6,22.3,1.62,4.6,42.1,2.79
2026-04-29T20:27:53Z,,0,,,,,,
2026-04-29T21:27:53Z,,0,,,,,,
2026-04-29T21:35:17Z,525,,2.8,25.3,1.48,1.6,48.9,2.65
2026-04-29T22:27:53Z,,0,,,,,,
2026-04-29T23:27:53Z,,0,,,,,,
2026-04-29T23:35:24Z,510,,1,29.3,1.52,0,55.1,2.67
2026-04-30T00:27:53Z,,0,,,,,,
2026-04-30T01:27:53Z,,0,,,,,,
2026-04-30T01:34:54Z,510,,2.7,32.9,1.92,0.8,58.3,2.99
2026-04-30T02:27:53Z,,0,,,,,,
2026-04-30T03:27:53Z,,0,,,,,,
2026-04-30T03:34:35Z,525,,4.4,36.6,2.39,2,61.8,3.44
2026-04-30T04:27:52Z,,0,,,,,,
2026-04-30T05:27:53Z,,0,,,,,,
2026-04-30T05:35:22Z,525,,7.3,39.5,3.12,4,65.8,4.18
2026-04-30T06:27:54Z,,0,,,,,,
2026-04-30T07:27:53Z,,0,,,,,,
2026-04-30T07:35:25Z,1215,,14.7,42.8,5.39,8.3,68.2,5.75
2026-04-30T08:27:53Z,,0,,,,,,
2026-04-30T09:27:53Z,,0,,,,,,
2026-04-30T09:34:49Z,2820,,22.7,39.6,8.0,14,55.5,6.69
2026-04-30T10:27:54Z,,0,,,,,,
2026-04-30T11:27:54Z,,0,,,,,,
2026-04-30T11:35:34Z,1140,,24.9,27.2,6.23,15,53,6.79
2026-04-30T12:27:54Z,,0,,,,,,
2026-04-30T13:27:53Z,,0,,,,,,
2026-04-30T13:36:03Z,1440,,27.8,25,6.73,16,50.7,6.9
2026-04-30T14:27:53Z,,0,,,,,,
2026-04-30T15:27:54Z,,0,,,,,,
2026-04-30T15:35:33Z,900,,22,30.5,5.92,15.6,51.2,6.81
2026-04-30T16:27:53Z,,0,,,,,,
2026-04-30T17:27:53Z,,0,,,,,,
2026-04-30T17:35:18Z,540,,18.5,34.3,5.43,14.3,56.5,6.94
2026-04-30T18:27:54Z,,0,,,,,,
2026-04-30T19:27:53Z,,0,,,,,,
2026-04-30T19:36:03Z,525,,13.8,42.2,5.03,12.3,62.3,6.76
2026-04-30T20:27:54Z,,0,,,,,,
2026-04-30T21:27:53Z,,0,,,,,,
2026-04-30T21:35:44Z,525,,11.1,51.9,5.23,10.3,66.8,6.4
2026-04-30T22:27:53Z,,0,,,,,,
2026-04-30T23:27:53Z,,0,,,,,,
2026-04-30T23:35:34Z,810,,8.3,63.1,5.32,8.3,73,6.15
2026-05-01T00:27:54Z,,0,,,,,,
2026-05-01T01:27:54Z,,0,,,,,,
2026-05-01T01:34:45Z,825,,7,64.7,5.01,6.6,77.7,5.87
2026-05-01T02:27:53Z,,0,,,,,,
2026-05-01T03:27:53Z,,0,,,,,,
2026-05-01T03:35:33Z,630,,6.1,68.2,4.98,6.5,79.9,5.99
2026-05-01T04:27:54Z,,0,,,,,,
2026-05-01T05:27:53Z,,0,,,,,,
2026-05-01T05:35:35Z,1845,,12.5,74.9,8.23,16.1,57.6,7.89
2026-05-01T06:27:54Z,,0,,,,,,
2026-05-01T07:27:53Z,,0,,,,,,
2026-05-01T07:36:21Z,1965,,24.7,35,7.92,22.5,37.2,7.43
2026-05-01T08:27:53Z,,0,,,,,,
2026-05-01T09:27:54Z,,0,,,,,,
2026-05-01T09:36:19Z,1995,,31.7,23.4,7.78,23,35.3,7.26
2026-05-01T10:27:54Z,,0,,,,,,
2026-05-01T11:27:53Z,,0,,,,,,
2026-05-01T11:36:37Z,2985,,35.7,18.6,7.64,19.7,36.4,6.18
2026-05-01T12:27:54Z,,0,,,,,,
2026-05-01T13:27:53Z,,0,,,,,,
2026-05-01T13:37:27Z,2100,,33.6,16.6,6.11,19.8,32.7,5.58
2026-05-01T14:27:53Z,,0,,,,,,
2026-05-01T15:27:54Z,,0,,,,,,
2026-05-01T15:37:42Z,1290,,29.8,17.2,5.16,20.5,30.9,5.5
2026-05-01T16:27:54Z,,0,,,,,,
2026-05-01T17:27:53Z,,0,,,,,,
2026-05-01T17:36:53Z,540,,22.3,24.6,4.86,17.7,42,6.33
2026-05-01T18:27:54Z,,0,,,,,,
2026-05-01T19:27:54Z,,0,,,,,,
2026-05-01T19:37:14Z,540,,14.1,26.1,3.17,13.5,44.5,5.2
2026-05-01T20:27:54Z,,0,,,,,,
2026-05-01T21:27:53Z,,0,,,,,,
2026-05-01T21:37:31Z,525,,9.6,31.3,2.87,9.1,60,5.32
2026-05-01T22:27:53Z,,0,,,,,,
2026-05-01T23:27:53Z,,0,,,,,,
2026-05-01T23:37:34Z,510,,5.8,37.7,2.7,5.9,68.6,4.95
2026-05-02T00:27:53Z,,0,,,,,,
2026-05-02T01:27:54Z,,0,,,,,,
2026-05-02T01:37:53Z,510,,4,43.2,2.75,3.6,76.6,4.74
2026-05-02T02:27:53Z,,0,,,,,,
2026-05-02T03:27:53Z,,0,,,,,,
2026-05-02T03:38:05Z,525,,3.3,49.9,3.03,4.2,80.3,5.18
2026-05-02T04:27:53Z,,0,,,,,,
2026-05-02T05:27:53Z,,0,,,,,,
2026-05-02T05:38:39Z,825,,11,60.6,6.06,13.2,60.8,6.98
2026-05-02T06:27:54Z,,0,,,,,,
2026-05-02T07:27:54Z,,0,,,,,,
2026-05-02T07:39:12Z,3300,,24.7,45.9,10.39,22.9,37.7,7.7
2026-05-02T08:27:54Z,,0,,,,,,
2026-05-02T09:27:54Z,,0,,,,,,
2026-05-02T09:39:28Z,2775,,33.1,23,8.24,24.5,31.5,7.05
2026-05-02T10:27:53Z,,0,,,,,,
2026-05-02T11:27:53Z,,0,,,,,,
2026-05-02T11:39:27Z,2805,,34.6,19.8,7.68,20.4,36.9,6.53
2026-05-02T12:27:54Z,,0,,,,,,
2026-05-02T13:27:53Z,,0,,,,,,
2026-05-02T13:39:29Z,1785,,30.4,20,6.2,18.8,37.2,5.99
2026-05-02T14:27:53Z,,0,,,,,,
2026-05-02T15:27:53Z,,0,,,,,,
2026-05-02T15:39:39Z,1320,,25.5,20.3,4.81,18.1,32.8,5.07
2026-05-02T16:27:53Z,,0,,,,,,
2026-05-02T17:27:54Z,,0,,,,,,
2026-05-02T17:39:18Z,540,,20.3,24,4.22,16.4,39.6,5.52
2026-05-02T18:27:53Z,,0,,,,,,
2026-05-02T19:27:53Z,,0,,,,,,
2026-05-02T19:38:55Z,525,,13.1,28.2,3.22,12.5,53.4,5.87
2026-05-02T20:27:53Z,,0,,,,,,
2026-05-02T21:27:53Z,,0,,,,,,
2026-05-02T21:38:16Z,510,,9.2,32.7,2.92,8.5,67.4,5.75
2026-05-02T22:27:53Z,,0,,,,,,
2026-05-02T23:27:53Z,,0,,,,,,
2026-05-02T23:38:44Z,510,,7.6,36.6,2.95,6.7,75.5,5.74
2026-05-03T00:27:53Z,,0,,,,,,
2026-05-03T01:27:53Z,,0,,,,,,
2026-05-03T01:38:17Z,525,,6.3,44.5,3.29,5.5,79.9,5.61
2026-05-03T02:27:54Z,,0,,,,,,
2026-05-03T03:27:53Z,,0,,,,,,
2026-05-03T03:38:50Z,510,,5.6,54.4,3.85,5.6,82.4,5.83
2026-05-03T04:27:53Z,,0,,,,,,
2026-05-03T05:27:53Z,,0,,,,,,
2026-05-03T05:39:04Z,1860,,13.4,62.4,7.25,11.4,67.4,6.92
2026-05-03T06:27:54Z,,0,,,,,,
2026-05-03T07:27:53Z,,0,,,,,,
2026-05-03T07:39:21Z,990,,15.3,52.1,6.8,12.4,69.5,7.59
2026-05-03T08:27:54Z,,0,,,,,,
2026-05-03T09:27:53Z,,0,,,,,,
2026-05-03T09:39:30Z,2895,,22.2,48.7,9.56,16.3,56.6,7.85
2026-05-03T10:27:54Z,,0,,,,,,
2026-05-03T11:27:54Z,,0,,,,,,
2026-05-03T11:39:09Z,1335,,24.1,32.9,7.2,16.6,53.6,7.57
2026-05-03T12:27:54Z,,0,,,,,,
2026-05-03T13:27:54Z,,0,,,,,,
2026-05-03T13:39:42Z,1935,,29.9,25.4,7.67,17.3,49.4,7.27
2026-05-03T14:27:53Z,,0,,,,,,
2026-05-03T15:27:54Z,,0,,,,,,
2026-05-03T15:39:08Z,945,,23.8,28.1,6.05,16.5,49,6.88
2026-05-03T16:27:53Z,,0,,,,,,
2026-05-03T17:27:53Z,,0,,,,,,
2026-05-03T17:39:32Z,540,,18.3,33.8,5.28,14.9,54.6,6.96
2026-05-03T18:27:54Z,,0,,,,,,
2026-05-03T19:27:54Z,,0,,,,,,
2026-05-03T19:38:30Z,525,,14.4,39.9,4.93,12.8,61.5,6.89
2026-05-03T20:27:53Z,,0,,,,,,
2026-05-03T21:27:54Z,,0,,,,,,
2026-05-03T21:38:34Z,525,,12.8,47.5,5.32,11.6,65.1,6.76
2026-05-03T22:27:53Z,,0,,,,,,
2026-05-03T23:27:53Z,,0,,,,,,
2026-05-03T23:38:10Z,1050,,12.1,47.6,5.1,10.5,58,5.62
2026-05-04T00:27:53Z,,0,,,,,,
2026-05-04T01:27:53Z,,0,,,,,,
2026-05-04T01:37:47Z,1020,,11.1,42.8,4.31,8.9,54.8,4.8
2026-05-04T02:27:53Z,,0,,,,,,
2026-05-04T03:27:53Z,,0,,,,,,
2026-05-04T03:38:04Z,510,,8.4,45,3.82,8,56.7,4.69
2026-05-04T04:27:53Z,,0,,,,,,
2026-05-04T05:27:53Z,,0,,,,,,
2026-05-04T05:38:18Z,2190,,14.3,47.9,5.88,12.7,47.5,5.29
2026-05-04T06:27:53Z,,0,,,,,,
2026-05-04T07:27:53Z,,0,,,,,,
2026-05-04T07:37:38Z,1575,,21.8,29.8,5.72,16.7,40.7,5.78
2026-05-04T08:27:54Z,,0,,,,,,
2026-05-04T09:27:54Z,,0,,,,,,
2026-05-04T09:36:59Z,540,,16.8,35.7,5.1,13.1,55.9,6.38
2026-05-04T10:27:54Z,,0,,,,,,
2026-05-04T11:27:53Z,,0,,,,,,
2026-05-04T11:37:25Z,705,,14.3,49.4,6.07,10.5,74.7,7.24
2026-05-04T12:27:53Z,,0,,,,,,
2026-05-04T13:27:54Z,,0,,,,,,
2026-05-04T13:38:03Z,1530,,18,51.2,7.86,11.5,77.3,7.98
2026-05-04T14:27:54Z,,0,,,,,,
2026-05-04T15:27:54Z,,0,,,,,,
2026-05-04T15:38:22Z,1080,,18.8,43.3,6.97,11.6,73.8,7.67
2026-05-04T16:27:54Z,,0,,,,,,
2026-05-04T17:27:53Z,,0,,,,,,
2026-05-04T17:37:50Z,525,,14.8,47.9,6.07,10.5,79.5,7.71
2026-05-04T18:27:54Z,,0,,,,,,
2026-05-04T19:27:54Z,,0,,,,,,
2026-05-04T19:38:38Z,525,,10.8,50.8,5.02,8.6,81.9,7.04
2026-05-04T20:27:54Z,,0,,,,,,
2026-05-04T21:27:53Z,,0,,,,,,
2026-05-04T21:38:58Z,525,,9.2,59.6,5.32,7.5,86.9,6.95
2026-05-04T22:27:53Z,,0,,,,,,
2026-05-04T23:27:53Z,,0,,,,,,
2026-05-04T23:38:49Z,525,,9,57.6,5.08,6,92.1,6.68
2026-05-05T00:27:53Z,,0,,,,,,
2026-05-05T01:27:53Z,,0,,,,,,
2026-05-05T01:38:27Z,525,,8.2,60.8,5.09,5.9,92.1,6.64
2026-05-05T02:27:54Z,,0,,,,,,
2026-05-05T03:27:54Z,,0,,,,,,
2026-05-05T03:38:50Z,525,,7.9,65.3,5.36,4.9,96.4,6.51
2026-05-05T04:27:54Z,,0,,,,,,
2026-05-05T05:27:54Z,,0,,,,,,
2026-05-05T05:39:13Z,1020,,11.5,59.2,6.11,10.4,70.1,6.75
2026-05-05T06:27:54Z,,0,,,,,,
2026-05-05T07:27:53Z,,0,,,,,,
2026-05-05T07:39:37Z,3300,,20.1,49.6,8.62,16.4,45.8,6.39
2026-05-05T08:27:54Z,,0,,,,,,
2026-05-05T09:27:53Z,,0,,,,,,
2026-05-05T09:38:56Z,1860,,24.2,27.3,6.01,15.8,42.4,5.71
2026-05-05T10:27:53Z,,0,,,,,,
2026-05-05T11:27:53Z,,0,,,,,,
2026-05-05T11:39:28Z,1935,,26.3,20.1,4.98,12.2,43.4,4.68
2026-05-05T12:27:54Z,,0,,,,,,
2026-05-05T13:27:54Z,,0,,,,,,
2026-05-05T13:39:02Z,1800,,23.5,19.6,4.15,11.3,39.2,4.0
2026-05-05T14:27:53Z,,0,,,,,,
2026-05-05T15:27:53Z,,0,,,,,,
2026-05-05T15:38:54Z,1260,,20.7,19,3.42,10.4,37.9,3.65
2026-05-05T16:27:53Z,,0,,,,,,
2026-05-05T17:27:53Z,,0,,,,,,
2026-05-05T17:38:29Z,525,,13.5,23.7,2.77,7.9,43.1,3.54
2026-05-05T18:27:54Z,,0,,,,,,
2026-05-05T19:27:54Z,,0,,,,,,
2026-05-05T19:38:01Z,510,,6.4,28.4,2.12,4.7,51.5,3.43
2026-05-05T20:27:53Z,,0,,,,,,
2026-05-05T21:27:53Z,,0,,,,,,
2026-05-05T21:38:08Z,510,,2.6,32.9,1.9,1.5,61.5,3.31
2026-05-05T22:27:53Z,,0,,,,,,
2026-05-05T23:27:54Z,,0,,,,,,
2026-05-05T23:37:46Z,510,,0.8,38,1.95,-0.4,69.6,3.28
2026-05-06T00:27:53Z,,0,,,,,,
2026-05-06T01:27:53Z,,0,,,,,,
2026-05-06T01:37:36Z,510,,-0.7,42.9,1.98,-2,75.8,3.2
2026-05-06T02:27:53Z,,0,,,,,,
2026-05-06T03:27:53Z,,0,,,,,,
2026-05-06T03:37:41Z,510,,-1,48.3,2.19,0.1,78.2,3.82
2026-05-06T04:27:53Z,,0,,,,,,
2026-05-06T05:27:53Z,,0,,,,,,
2026-05-06T05:37:22Z,2130,,8,65.7,5.43,9.9,52.5,4.9
2026-05-06T06:27:54Z,,0,,,,,,
2026-05-06T07:27:54Z,,0,,,,,,
2026-05-06T07:36:51Z,2190,,18.8,31.4,5.06,16,33.5,4.56
2026-05-06T08:27:54Z,,0,,,,,,
2026-05-06T09:27:54Z,,0,,,,,,
2026-05-06T09:37:12Z,2865,,24.4,19.8,4.41,14.4,29.3,3.62
2026-05-06T10:27:54Z,,0,,,,,,
2026-05-06T11:27:54Z,,0,,,,,,
2026-05-06T11:37:58Z,2910,,28.8,13.7,3.9,12,30.2,3.22
2026-05-06T12:27:53Z,,0,,,,,,
2026-05-06T13:27:54Z,,0,,,,,,
2026-05-06T13:38:42Z,2790,,27.4,16.1,4.24,11.3,35.2,3.59
2026-05-06T14:27:53Z,,0,,,,,,
2026-05-06T15:27:54Z,,0,,,,,,
2026-05-06T15:39:25Z,735,,17.5,20.8,3.1,9.8,39.7,3.68
2026-05-06T16:27:53Z,,0,,,,,,
2026-05-06T17:27:54Z,,0,,,,,,
2026-05-06T17:39:17Z,525,,13.6,22.3,2.62,9,42.7,3.76
2026-05-06T18:27:54Z,,0,,,,,,
2026-05-06T19:27:54Z,,0,,,,,,
2026-05-06T19:39:09Z,525,,6.6,26.1,1.97,5.2,53.6,3.69
2026-05-06T20:27:54Z,,0,,,,,,
2026-05-06T21:27:54Z,,0,,,,,,
2026-05-06T21:39:14Z,510,,1.8,34.4,1.89,2.3,59.8,3.39
2026-05-06T22:27:54Z,,0,,,,,,
2026-05-06T23:27:53Z,,0,,,,,,
2026-05-06T23:38:26Z,510,,1.3,36.7,1.95,1.2,56.1,2.95
2026-05-07T00:27:53Z,,0,,,,,,
2026-05-07T01:27:54Z,,0,,,,,,
2026-05-07T01:37:54Z,510,,0,39.7,1.93,0,57.1,2.77
2026-05-07T02:27:54Z,,0,,,,,,
2026-05-07T03:27:54Z,,0,,,,,,
2026-05-07T03:37:46Z,510,,1,46.3,2.4,1.7,55.5,3.02
2026-05-07T04:27:54Z,,0,,,,,,
2026-05-07T05:27:53Z,,0,,,,,,
2026-05-07T05:37:59Z,2280,,10.2,45.7,4.35,9.3,42.8,3.85
2026-05-07T06:27:54Z,,0,,,,,,
2026-05-07T07:27:53Z,,0,,,,,,
2026-05-07T07:38:30Z,2175,,22.9,25.1,5.13,19.3,28,4.64
2026-05-07T08:27:54Z,,0,,,,,,
2026-05-07T09:27:54Z,,0,,,,,,
2026-05-07T09:38:39Z,3375,,32.1,17,5.78,18.6,25.3,4.03
2026-05-07T10:27:53Z,,0,,,,,,
2026-05-07T11:27:54Z,,0,,,,,,
2026-05-07T11:38:15Z,3420,,32.9,13.6,4.82,13.1,27.3,3.11
2026-05-07T12:27:54Z,,0,,,,,,
2026-05-07T13:27:53Z,,0,,,,,,
2026-05-07T13:39:11Z,3300,,29.4,13.2,3.88,12,27.2,2.9
2026-05-07T14:27:54Z,,0,,,,,,
2026-05-07T15:27:54Z,,0,,,,,,
2026-05-07T15:38:47Z,1830,,23.1,14.3,2.96,10.9,28.6,2.84
2026-05-07T16:27:53Z,,0,,,,,,
2026-05-07T17:27:53Z,,0,,,,,,
2026-05-07T17:38:43Z,645,,16,17.7,2.41,9.9,30.9,2.88
2026-05-07T18:27:54Z,,0,,,,,,
2026-05-07T19:27:53Z,,0,,,,,,
2026-05-07T19:38:09Z,510,,7.4,19.8,1.57,6,39,2.83
2026-05-07T20:27:53Z,,0,,,,,,
2026-05-07T21:27:54Z,,0,,,,,,
2026-05-07T21:37:45Z,510,,4.6,30.1,1.99,5.2,43.2,2.97
2026-05-07T22:27:53Z,,0,,,,,,
2026-05-07T23:27:53Z,,0,,,,,,
2026-05-07T23:38:07Z,510,,3.6,40.5,2.51,4.2,50.6,3.26
2026-05-08T00:27:53Z,,0,,,,,,
2026-05-08T01:27:54Z,,0,,,,,,
2026-05-08T01:37:18Z,510,,2.4,42.5,2.43,2.4,55.7,3.18
2026-05-08T02:27:54Z,,0,,,,,,
2026-05-08T03:27:54Z,,0,,,,,,
2026-05-08T03:36:58Z,840,,2.6,55.2,3.2,4.1,56.8,3.64
2026-05-08T04:27:54Z,,0,,,,,,
2026-05-08T05:27:54Z,,0,,,,,,
2026-05-08T05:36:55Z,1890,,11.5,43,4.44,10.3,43.7,4.18
2026-05-08T06:27:53Z,,0,,,,,,
2026-05-08T07:27:54Z,,0,,,,,,
2026-05-08T07:37:33Z,1815,,19.7,25.2,4.28,15.5,31.2,4.12
2026-05-08T08:27:54Z,,0,,,,,,
2026-05-08T09:27:54Z,,0,,,,,,
2026-05-08T09:37:40Z,2415,,26.7,15.8,4.0,15.3,26.6,3.47
2026-05-08T10:27:54Z,,0,,,,,,
2026-05-08T11:27:54Z,,0,,,,,,
2026-05-08T11:37:24Z,3120,,29.6,12.8,3.8,13,26.4,2.99
2026-05-08T12:27:53Z,,0,,,,,,
2026-05-08T13:27:54Z,,0,,,,,,
2026-05-08T13:37:11Z,2625,,28.9,11.9,3.4,13.4,25.3,2.94
2026-05-08T14:27:53Z,,0,,,,,,
2026-05-08T15:27:53Z,,0,,,,,,
2026-05-08T15:37:35Z,1740,,25.3,13.1,3.07,13.5,25.7,3.0
2026-05-08T16:27:53Z,,0,,,,,,
2026-05-08T17:27:54Z,,0,,,,,,
2026-05-08T17:37:14Z,540,,18.3,17.1,2.67,11.8,31.3,3.29
2026-05-08T18:27:53Z,,0,,,,,,
2026-05-08T19:27:54Z,,0,,,,,,
2026-05-08T19:36:58Z,525,,8.9,19.3,1.69,7.5,41.5,3.32
2026-05-08T20:27:53Z,,0,,,,,,
2026-05-08T21:27:54Z,,0,,,,,,
2026-05-08T21:36:28Z,510,,3.4,24.7,1.51,3.5,51.5,3.17
2026-05-08T22:27:53Z,,0,,,,,,
2026-05-08T23:27:53Z,,0,,,,,,
2026-05-08T23:35:54Z,510,,1.1,30.3,1.58,1.4,60,3.2
2026-05-09T00:27:53Z,,0,,,,,,
2026-05-09T01:27:53Z,,0,,,,,,
2026-05-09T01:35:25Z,510,,-0.3,34.6,1.64,-0.5,67.6,3.17
2026-05-09T02:27:53Z,,0,,,,,,
2026-05-09T03:27:54Z,,0,,,,,,
2026-05-09T03:35:13Z,510,,0.9,42.3,2.18,1.4,68.5,3.66
2026-05-09T04:27:54Z,,0,,,,,,
2026-05-09T05:27:54Z,,0,,,,,,
2026-05-09T05:35:23Z,1020,,10.1,44.9,4.24,10.7,48.1,4.72
2026-05-09T06:27:54Z,,0,,,,,,
2026-05-09T07:27:54Z,,0,,,,,,
2026-05-09T07:34:57Z,3255,,20.5,27.7,4.93,13.4,31.8,3.7
2026-05-09T08:27:53Z,,0,,,,,,
2026-05-09T09:27:54Z,,0,,,,,,
2026-05-09T09:34:46Z,3360,,25.5,18.6,4.4,13.8,27.5,3.28
2026-05-09T10:27:54Z,,0,,,,,,
2026-05-09T11:27:54Z,,0,,,,,,
2026-05-09T11:35:10Z,3345,,28.6,15.4,4.33,12.7,27,3.0
2026-05-09T12:27:53Z,,0,,,,,,
2026-05-09T13:27:53Z,,0,,,,,,
2026-05-09T13:34:57Z,2745,,25.4,14.2,3.34,12.3,26.4,2.87
2026-05-09T14:27:53Z,,0,,,,,,
2026-05-09T15:27:54Z,,0,,,,,,
2026-05-09T15:35:44Z,1665,,23,15.9,3.27,12.1,30.1,3.23
2026-05-09T16:27:54Z,,0,,,,,,
2026-05-09T17:27:54Z,,0,,,,,,
2026-05-09T17:34:54Z,540,,16.9,16.2,2.33,11.1,31.7,3.19
2026-05-09T18:27:53Z,,0,,,,,,
2026-05-09T19:27:54Z,,0,,,,,,
2026-05-09T19:35:21Z,510,,10.8,15.4,1.52,9.3,34,3.05
2026-05-09T20:27:54Z,,0,,,,,,
2026-05-09T21:27:54Z,,0,,,,,,
2026-05-09T21:34:46Z,510,,5.7,19.7,1.4,6.3,38.7,2.86
2026-05-09T22:27:54Z,,0,,,,,,
2026-05-09T23:27:53Z,,0,,,,,,
2026-05-09T23:35:16Z,510,,2.5,24.5,1.41,2.9,48.9,2.89
2026-05-10T00:27:53Z,,0,,,,,,
2026-05-10T01:27:53Z,,0,,,,,,
2026-05-10T01:36:01Z,510,,1.2,29.9,1.57,1.4,56.1,2.99
2026-05-10T02:27:53Z,,0,,,,,,
2026-05-10T03:27:53Z,,0,,,,,,
2026-05-10T03:35:13Z,510,,1.7,36.3,1.98,2.8,61.4,3.6
2026-05-10T04:27:53Z,,0,,,,,,
2026-05-10T05:27:53Z,,0,,,,,,
2026-05-10T05:34:41Z,525,,11.1,31.9,3.21,12,51.1,5.44
2026-05-10T06:27:53Z,,0,,,,,,
2026-05-10T07:27:54Z,,0,,,,,,
2026-05-10T07:35:06Z,2760,,24.4,26.7,5.94,17.8,33,5.01
2026-05-10T08:27:53Z,,0,,,,,,
2026-05-10T09:27:54Z,,0,,,,,,
2026-05-10T09:35:01Z,3015,,30.5,19.5,6.08,16.2,35.1,4.84
2026-05-10T10:27:54Z,,0,,,,,,
2026-05-10T11:27:54Z,,0,,,,,,
2026-05-10T11:34:40Z,3045,,31.2,17.1,5.54,13.6,37.7,4.44
2026-05-10T12:27:54Z,,0,,,,,,
2026-05-10T13:27:53Z,,0,,,,,,
2026-05-10T13:34:31Z,975,,25.5,17.2,4.07,13,40.5,4.59
2026-05-10T14:27:54Z,,0,,,,,,
2026-05-10T15:27:54Z,,0,,,,,,
2026-05-10T15:33:39Z,540,,20.9,17,3.1,12.1,45.9,4.92
2026-05-10T16:27:54Z,,0,,,,,,
2026-05-10T17:27:54Z,,0,,,,,,
2026-05-10T17:32:55Z,540,,15.7,16.8,2.25,11.1,50.6,5.09
2026-05-10T18:27:53Z,,0,,,,,,
2026-05-10T19:27:54Z,,0,,,,,,
2026-05-10T19:32:06Z,525,,12.6,19.2,2.12,9.9,57.7,5.39
2026-05-10T20:27:54Z,,0,,,,,,
2026-05-10T21:27:53Z,,0,,,,,,
2026-05-10T21:31:57Z,525,,11,28.1,2.81,9.4,64,5.79
2026-05-10T22:27:54Z,,0,,,,,,
2026-05-10T23:27:53Z,,0,,,,,,
2026-05-10T23:32:06Z,525,,10.1,33.5,3.17,8.6,66.9,5.75
2026-05-11T00:27:54Z,,0,,,,,,
2026-05-11T01:27:53Z,,0,,,,,,
2026-05-11T01:32:15Z,525,,9.4,37.7,3.41,8.2,68.1,5.7
2026-05-11T02:27:54Z,,0,,,,,,
2026-05-11T03:27:54Z,,0,,,,,,
2026-05-11T03:32:40Z,525,,6.7,46.6,3.54,7.5,71.9,5.75
2026-05-11T04:27:53Z,,0,,,,,,
2026-05-11T05:27:54Z,,0,,,,,,
2026-05-11T05:31:49Z,1545,,15,46,5.9,11.9,56.2,5.95
2026-05-11T06:27:53Z,,0,,,,,,
2026-05-11T07:27:53Z,,0,,,,,,
2026-05-11T07:31:20Z,1170,,17.5,36.4,5.42,11.1,58.6,5.9
2026-05-11T08:27:53Z,,0,,,,,,
2026-05-11T09:27:53Z,,0,,,,,,
2026-05-11T09:31:08Z,3015,,28.2,24.3,6.69,14.7,42.7,5.37
2026-05-11T10:27:54Z,,0,,,,,,
2026-05-11T11:27:54Z,,0,,,,,,
2026-05-11T11:30:48Z,1290,,24.7,24.8,5.61,14.2,48.8,5.96
2026-05-11T12:27:54Z,,0,,,,,,
2026-05-11T13:27:53Z,,0,,,,,,
2026-05-11T13:31:20Z,1500,,24.5,25.2,5.64,13.7,48.7,5.76
2026-05-11T14:27:53Z,,0,,,,,,
2026-05-11T15:27:54Z,,0,,,,,,
2026-05-11T15:30:52Z,540,,19.2,24.8,4.09,12,58.9,6.27
2026-05-11T16:27:53Z,,0,,,,,,
2026-05-11T17:27:54Z,,0,,,,,,
2026-05-11T17:30:27Z,540,,16,25,3.4,11.8,59,6.21
2026-05-11T18:27:54Z,,0,,,,,,
2026-05-11T19:27:54Z,,0,,,,,,
2026-05-11T19:30:47Z,525,,13,28.7,3.25,10.8,64,6.32
2026-05-11T20:27:53Z,,0,,,,,,
2026-05-11T21:27:54Z,,0,,,,,,
2026-05-11T21:30:14Z,525,,11.3,35,3.57,10.2,68.2,6.49
2026-05-11T22:27:53Z,,0,,,,,,
2026-05-11T23:27:54Z,,0,,,,,,
2026-05-11T23:30:19Z,525,,9.3,36.6,3.29,10.1,71,6.71
2026-05-12T00:27:54Z,,0,,,,,,
2026-05-12T01:27:54Z,,0,,,,,,
2026-05-12T01:30:15Z,525,,9.6,35,3.21,9.6,71.2,6.52
2026-05-12T02:27:54Z,,0,,,,,,
2026-05-12T03:27:54Z,,0,,,,,,
2026-05-12T03:30:47Z,540,,9.4,36.5,3.3,9.4,72.5,6.56
2026-05-12T04:27:54Z,,0,,,,,,
2026-05-12T05:27:54Z,,0,,,,,,
2026-05-12T05:30:29Z,540,,14,33.9,4.09,10.1,69.8,6.6
2026-05-12T06:27:54Z,,0,,,,,,
2026-05-12T07:27:54Z,,0,,,,,,
2026-05-12T07:29:39Z,540,,17.8,35.1,5.33,11.1,67,6.75
2026-05-12T08:27:54Z,,0,,,,,,
2026-05-12T09:27:54Z,,0,,,,,,
2026-05-12T09:30:06Z,705,,18.2,38.7,6.01,11.6,69.1,7.18
2026-05-12T10:27:54Z,,0,,,,,,
2026-05-12T11:27:54Z,,0,,,,,,
2026-05-12T11:30:25Z,540,,15.4,43,5.65,11.2,79.9,8.1
2026-05-12T12:27:54Z,,0,,,,,,
2026-05-12T13:27:53Z,,0,,,,,,
2026-05-12T13:30:10Z,945,,18.9,42.5,6.88,13.3,67.5,7.8
2026-05-12T14:27:53Z,,0,,,,,,
2026-05-12T15:27:53Z,,0,,,,,,
2026-05-12T15:30:56Z,1170,,19.7,43.3,7.35,14.5,63.9,7.94
2026-05-12T16:27:54Z,,0,,,,,,
2026-05-12T17:27:54Z,,0,,,,,,
2026-05-12T17:30:52Z,705,,17.3,45.1,6.64,14.2,64.9,7.92
2026-05-12T18:27:54Z,,0,,,,,,
2026-05-12T19:27:54Z,,0,,,,,,
2026-05-12T19:30:17Z,525,,14.3,49,6.02,12.9,69.4,7.82
2026-05-12T20:27:54Z,,0,,,,,,
2026-05-12T21:27:54Z,,0,,,,,,
2026-05-12T21:30:46Z,540,,12.2,52.8,5.7,11.7,73.4,7.67
2026-05-12T22:27:54Z,,0,,,,,,
2026-05-12T23:27:53Z,,0,,,,,,
2026-05-12T23:30:39Z,525,,11.3,56.2,5.73,11.3,76.1,7.76
2026-05-13T00:27:54Z,,0,,,,,,
2026-05-13T01:27:54Z,,0,,,,,,
2026-05-13T01:30:32Z,540,,11.6,60.1,6.24,10.9,77,7.66
2026-05-13T02:27:54Z,,0,,,,,,
2026-05-13T03:27:54Z,,0,,,,,,
2026-05-13T03:29:53Z,525,,12,54.3,5.78,10,79.5,7.47
2026-05-13T04:27:54Z,,0,,,,,,
2026-05-13T05:27:54Z,,0,,,,,,
2026-05-13T05:30:21Z,1395,,15.7,59.6,7.97,11.8,78.2,8.23
2026-05-13T06:27:54Z,,0,,,,,,
2026-05-13T07:27:53Z,,0,,,,,,
2026-05-13T07:31:06Z,1365,,18.2,56.2,8.73,13.3,79.3,9.16
2026-05-13T08:27:54Z,,0,,,,,,
2026-05-13T09:27:54Z,,0,,,,,,
2026-05-13T09:31:47Z,1860,,21.7,53.3,10.17,15.3,74.9,9.78
2026-05-13T10:27:54Z,,0,,,,,,
2026-05-13T11:27:53Z,,0,,,,,,
2026-05-13T11:32:20Z,3195,,31.3,38.5,12.54,17.5,64.7,9.64
2026-05-13T12:27:54Z,,0,,,,,,
2026-05-13T13:27:53Z,,0,,,,,,
2026-05-13T13:31:57Z,960,,25.1,34.7,8.04,16.3,65.9,9.14
2026-05-13T14:27:53Z,,0,,,,,,
2026-05-13T15:27:54Z,,0,,,,,,
2026-05-13T15:31:30Z,540,,19.3,34.1,5.65,14.4,75.8,9.37
2026-05-13T16:27:54Z,,0,,,,,,
2026-05-13T17:27:53Z,,0,,,,,,
2026-05-13T17:31:54Z,525,,16.2,40,5.51,13,84.1,9.53
2026-05-13T18:27:54Z,,0,,,,,,
2026-05-13T19:27:54Z,,0,,,,,,
2026-05-13T19:31:39Z,540,,15,42.2,5.41,12.7,91.4,10.17
2026-05-13T20:27:54Z,,0,,,,,,
2026-05-13T21:27:54Z,,0,,,,,,
2026-05-13T21:32:20Z,540,,13.9,46.1,5.52,10.4,96.6,9.31
2026-05-13T22:27:53Z,,0,,,,,,
2026-05-13T23:27:53Z,,0,,,,,,
2026-05-13T23:32:30Z,525,,10.5,51.3,4.97,7.2,98,7.69
2026-05-14T00:27:54Z,,0,,,,,,
2026-05-14T01:27:54Z,,0,,,,,,
2026-05-14T01:33:02Z,465,,9.1,56.1,4.98,6.4,98.4,7.33
2026-05-14T02:27:53Z,,0,,,,,,
2026-05-14T03:27:53Z,,0,,,,,,
2026-05-14T03:32:27Z,480,,8.8,58.6,5.1,6.5,97.5,7.31
2026-05-14T04:27:53Z,,0,,,,,,
2026-05-14T05:27:54Z,,0,,,,,,
2026-05-14T05:32:25Z,765,,10.3,63.8,6.11,7.4,90,7.16
2026-05-14T06:27:54Z,,0,,,,,,
2026-05-14T07:27:54Z,,0,,,,,,
2026-05-14T07:33:09Z,1350,,12.5,60.7,6.67,7.5,86.9,6.95
2026-05-14T08:27:53Z,,0,,,,,,
2026-05-14T09:27:53Z,,0,,,,,,
2026-05-14T09:32:52Z,3060,,19.8,48.5,8.28,10.9,66,6.56
2026-05-14T10:27:54Z,,0,,,,,,
2026-05-14T11:27:53Z,,0,,,,,,
2026-05-14T11:33:40Z,1920,,23.5,33,6.98,11.3,64.8,6.61
2026-05-14T12:27:53Z,,0,,,,,,
2026-05-14T13:27:54Z,,0,,,,,,
2026-05-14T13:33:44Z,2355,,27.7,28.2,7.55,12.1,61.5,6.59
2026-05-14T14:27:53Z,,0,,,,,,
2026-05-14T15:27:54Z,,0,,,,,,
2026-05-14T15:33:03Z,1665,,24.8,29.3,6.67,11.7,63.1,6.6
2026-05-14T16:27:54Z,,0,,,,,,
2026-05-14T17:27:53Z,,0,,,,,,
2026-05-14T17:32:19Z,540,,18,33.2,5.1,10.3,68.6,6.57
2026-05-14T18:27:54Z,,0,,,,,,
2026-05-14T19:27:53Z,,0,,,,,,
2026-05-14T19:32:50Z,540,,10.9,34.2,3.4,9,73.2,6.45
2026-05-14T20:27:54Z,,0,,,,,,
2026-05-14T21:27:54Z,,0,,,,,,
2026-05-14T21:32:33Z,525,,7.9,38.6,3.17,7.5,78,6.24
2026-05-14T22:27:53Z,,0,,,,,,
2026-05-14T23:27:53Z,,0,,,,,,
2026-05-14T23:31:54Z,525,,5.9,46,3.32,6.5,82.6,6.19
2026-05-15T00:27:53Z,,0,,,,,,
2026-05-15T01:27:53Z,,0,,,,,,
2026-05-15T01:31:42Z,525,,5.8,48.2,3.45,6.8,85.4,6.53
2026-05-15T02:27:54Z,,0,,,,,,
2026-05-15T03:27:54Z,,0,,,,,,
2026-05-15T03:31:17Z,525,,6.7,51.5,3.91,7.5,84.7,6.78
2026-05-15T04:27:54Z,,0,,,,,,
2026-05-15T05:27:54Z,,0,,,,,,
2026-05-15T05:32:07Z,525,,14.4,50.5,6.24,13.5,65.6,7.67
2026-05-15T06:27:54Z,,0,,,,,,
2026-05-15T07:27:54Z,,0,,,,,,
2026-05-15T07:31:32Z,3090,,23.1,46.7,9.65,16.2,54.9,7.57
2026-05-15T08:27:53Z,,0,,,,,,
2026-05-15T09:27:53Z,,0,,,,,,
2026-05-15T09:31:57Z,3360,,27.4,33.3,8.77,15.7,45.8,6.13
2026-05-15T10:27:54Z,,0,,,,,,
2026-05-15T11:27:53Z,,0,,,,,,
2026-05-15T11:31:54Z,2910,,29,24.4,7.01,15,45,5.77
2026-05-15T12:27:53Z,,0,,,,,,
2026-05-15T13:27:54Z,,0,,,,,,
2026-05-15T13:31:23Z,1845,,28.4,23.1,6.43,15.9,45.3,6.13
2026-05-15T14:27:54Z,,0,,,,,,
2026-05-15T15:27:54Z,,0,,,,,,
2026-05-15T15:30:24Z,1290,,26.6,23.7,5.97,17,44.2,6.39
2026-05-15T16:27:54Z,,0,,,,,,
2026-05-15T17:27:53Z,,0,,,,,,
2026-05-15T17:30:09Z,555,,20.6,27.6,4.94,15.8,48.6,6.54
2026-05-15T18:27:54Z,,0,,,,,,
2026-05-15T19:27:53Z,,0,,,,,,
2026-05-15T19:30:29Z,540,,13.9,32.3,3.87,12.2,59.9,6.46
2026-05-15T20:27:54Z,,0,,,,,,
2026-05-15T21:27:53Z,,0,,,,,,
2026-05-15T21:30:03Z,525,,9.7,40.8,3.76,9.4,68.8,6.22
2026-05-15T22:27:54Z,,0,,,,,,
2026-05-15T23:27:53Z,,0,,,,,,
2026-05-15T23:30:37Z,525,,9.4,47.6,4.3,9.1,72.4,6.42
2026-05-16T00:27:53Z,,0,,,,,,
2026-05-16T01:27:53Z,,0,,,,,,
2026-05-16T01:31:19Z,540,,9.9,51.4,4.8,9,73.8,6.5
2026-05-16T02:27:54Z,,0,,,,,,
2026-05-16T03:27:54Z,,0,,,,,,
2026-05-16T03:30:38Z,525,,10.2,55.1,5.24,8.8,77.2,6.72
2026-05-16T04:27:54Z,,0,,,,,,
2026-05-16T05:27:54Z,,0,,,,,,
2026-05-16T05:30:30Z,735,,12.4,56.8,6.2,10.3,76.3,7.3
2026-05-16T06:27:53Z,,0,,,,,,
2026-05-16T07:27:54Z,,0,,,,,,
2026-05-16T07:30:57Z,1020,,15,57.4,7.36,12,77.1,8.21
2026-05-16T08:27:54Z,,0,,,,,,
2026-05-16T09:27:54Z,,0,,,,,,
2026-05-16T09:31:36Z,1395,,20.1,43.9,7.63,15,62,7.95
2026-05-16T10:27:54Z,,0,,,,,,
2026-05-16T11:27:54Z,,0,,,,,,
2026-05-16T11:31:14Z,3420,,33.3,27.9,10.11,17.6,49.5,7.42
2026-05-16T12:27:54Z,,0,,,,,,
2026-05-16T13:27:54Z,,0,,,,,,
2026-05-16T13:30:39Z,2175,,31.8,22.3,7.46,17.6,44.9,6.73
2026-05-16T14:27:54Z,,0,,,,,,
2026-05-16T15:27:54Z,,0,,,,,,
2026-05-16T15:30:39Z,2100,,28.4,18.9,5.26,17.8,31.7,4.81
2026-05-16T16:27:53Z,,0,,,,,,
2026-05-16T17:27:53Z,,0,,,,,,
2026-05-16T17:30:36Z,735,,22.7,25.3,5.11,15.2,46.5,6.03
2026-05-16T18:27:53Z,,0,,,,,,
2026-05-16T19:27:54Z,,0,,,,,,
2026-05-16T19:30:52Z,525,,14.8,30.8,3.9,11.7,58.1,6.07
2026-05-16T20:27:53Z,,0,,,,,,
2026-05-16T21:27:53Z,,0,,,,,,
2026-05-16T21:30:44Z,525,,10.9,38.3,3.81,10.3,66.3,6.35
2026-05-16T22:27:54Z,,0,,,,,,
2026-05-16T23:27:54Z,,0,,,,,,
2026-05-16T23:31:10Z,525,,9.7,42.4,3.91,9,76.7,6.76
2026-05-17T00:27:53Z,,0,,,,,,
2026-05-17T01:27:54Z,,0,,,,,,
2026-05-17T01:30:57Z,525,,7.9,49.2,4.04,7.3,81.8,6.46
2026-05-17T02:27:53Z,,0,,,,,,
2026-05-17T03:27:54Z,,0,,,,,,
2026-05-17T03:30:33Z,525,,8,56.1,4.64,7.5,83.9,6.71
2026-05-17T04:27:53Z,,0,,,,,,
2026-05-17T05:27:53Z,,0,,,,,,
2026-05-17T05:30:27Z,855,,12,62.4,6.65,11,76.6,7.66
2026-05-17T06:27:54Z,,0,,,,,,
2026-05-17T07:27:54Z,,0,,,,,,
2026-05-17T07:30:20Z,3105,,23.9,47.7,10.32,17.6,53,7.95
2026-05-17T08:27:53Z,,0,,,,,,
2026-05-17T09:27:53Z,,0,,,,,,
2026-05-17T09:31:06Z,2370,,30.7,27.4,8.64,17.1,52.1,7.58
2026-05-17T10:27:53Z,,0,,,,,,
2026-05-17T11:27:54Z,,0,,,,,,
2026-05-17T11:30:17Z,2370,,31.1,21.9,7.05,15.9,45.6,6.17
2026-05-17T12:27:53Z,,0,,,,,,
2026-05-17T13:27:54Z,,0,,,,,,
2026-05-17T13:30:11Z,2070,,30.6,20.1,6.3,14.8,45.9,5.81
2026-05-17T14:27:53Z,,0,,,,,,
2026-05-17T15:27:54Z,,0,,,,,,
2026-05-17T15:30:13Z,1290,,26.1,21.6,5.29,14.5,45.5,5.66
2026-05-17T16:27:54Z,,0,,,,,,
2026-05-17T17:27:53Z,,0,,,,,,
2026-05-17T17:30:41Z,555,,20,27.2,4.7,13.3,49.8,5.75
2026-05-17T18:27:54Z,,0,,,,,,
2026-05-17T19:27:54Z,,0,,,,,,
2026-05-17T19:30:45Z,525,,11.5,33.2,3.43,10,59.1,5.55
2026-05-17T20:27:54Z,,0,,,,,,
2026-05-17T21:27:54Z,,0,,,,,,
2026-05-17T21:30:14Z,510,,6.5,40.9,3.07,6.5,69.6,5.22
2026-05-17T22:27:53Z,,0,,,,,,
2026-05-17T23:27:53Z,,0,,,,,,
2026-05-17T23:30:49Z,525,,4.1,48.1,3.08,4.4,79.1,5.17
2026-05-18T00:27:54Z,,0,,,,,,
2026-05-18T01:27:54Z,,0,,,,,,
2026-05-18T01:31:03Z,525,,2.5,52.3,3.01,2.6,84.7,4.9
2026-05-18T02:27:54Z,,0,,,,,,
2026-05-18T03:27:53Z,,0,,,,,,
2026-05-18T03:31:07Z,525,,3.5,67.1,4.13,5.9,85.4,6.16
2026-05-18T04:27:54Z,,0,,,,,,
2026-05-18T05:27:53Z,,0,,,,,,
2026-05-18T05:31:36Z,1920,,12,75,7.99,13.4,64.3,7.47
2026-05-18T06:27:53Z,,0,,,,,,
2026-05-18T07:27:54Z,,0,,,,,,
2026-05-18T07:32:09Z,2445,,23.9,40.7,8.81,20.3,43,7.56
2026-05-18T08:27:54Z,,0,,,,,,
2026-05-18T09:27:53Z,,0,,,,,,
2026-05-18T09:31:57Z,3360,,34.2,23.7,9.0,22.5,32.7,6.53
2026-05-18T10:27:54Z,,0,,,,,,
2026-05-18T11:27:54Z,,0,,,,,,
2026-05-18T11:32:40Z,3045,,38.1,15.8,7.34,19.8,34.7,5.93
2026-05-18T12:27:54Z,,0,,,,,,
2026-05-18T13:27:53Z,,0,,,,,,
2026-05-18T13:32:35Z,1995,,34.7,15.5,6.04,20.2,32.4,5.66
2026-05-18T14:27:54Z,,0,,,,,,
2026-05-18T15:27:54Z,,0,,,,,,
2026-05-18T15:32:24Z,555,,27,18.2,4.69,19.6,34.2,5.77
2026-05-18T16:27:54Z,,0,,,,,,
2026-05-18T17:27:54Z,,0,,,,,,
2026-05-18T17:31:32Z,555,,21.8,22.4,4.3,18.1,39.7,6.13
2026-05-18T18:27:54Z,,0,,,,,,
2026-05-18T19:27:53Z,,0,,,,,,
2026-05-18T19:32:16Z,525,,17.7,31.1,4.69,16.2,45.1,6.22
2026-05-18T20:27:53Z,,0,,,,,,
2026-05-18T21:27:54Z,,0,,,,,,
2026-05-18T21:31:52Z,540,,15.1,34.7,4.47,14.8,53.6,6.79
2026-05-18T22:27:54Z,,0,,,,,,
2026-05-18T23:27:54Z,,0,,,,,,
2026-05-18T23:31:47Z,525,,13.1,54.2,6.18,12,72.1,7.68
2026-05-19T00:27:54Z,,0,,,,,,
2026-05-19T01:27:53Z,,0,,,,,,
2026-05-19T01:31:39Z,765,,12.2,61.5,6.63,11.4,76,7.8
2026-05-19T02:27:53Z,,0,,,,,,
2026-05-19T03:27:54Z,,0,,,,,,
2026-05-19T03:31:26Z,1125,,12.3,71.1,7.72,10.9,84.1,8.36
2026-05-19T04:27:53Z,,0,,,,,,
2026-05-19T05:27:54Z,,0,,,,,,
2026-05-19T05:30:54Z,1125,,14,72.5,8.74,12.6,86.3,9.54
2026-05-19T06:27:54Z,,0,,,,,,
2026-05-19T07:27:53Z,,0,,,,,,
2026-05-19T07:31:04Z,1230,,16.8,69.6,9.95,15.1,82.2,10.6
2026-05-19T08:27:53Z,,0,,,,,,
2026-05-19T09:27:54Z,,0,,,,,,
2026-05-19T09:31:52Z,1305,,20,60.9,10.52,16.6,78.8,11.13
2026-05-19T10:27:54Z,,0,,,,,,
2026-05-19T11:27:53Z,,0,,,,,,
2026-05-19T11:31:36Z,1215,,27.8,40.8,10.98,19.5,70.9,11.9
2026-05-19T12:27:54Z,,0,,,,,,
2026-05-19T13:27:54Z,,0,,,,,,
2026-05-19T13:31:24Z,2835,,37.2,30.8,13.67,21.6,60.6,11.49
2026-05-19T14:27:54Z,,0,,,,,,
2026-05-19T15:27:53Z,,0,,,,,,
2026-05-19T15:32:05Z,990,,30.6,32.7,10.25,22.3,58.5,11.55
2026-05-19T16:27:54Z,,0,,,,,,
2026-05-19T17:27:53Z,,0,,,,,,
2026-05-19T17:32:03Z,810,,24.8,42.7,9.72,20.8,63.1,11.42
2026-05-19T18:27:54Z,,0,,,,,,
2026-05-19T19:27:54Z,,0,,,,,,
2026-05-19T19:32:30Z,540,,19.7,51,8.66,18.2,69.7,10.83
2026-05-19T20:27:53Z,,0,,,,,,
2026-05-19T21:27:53Z,,0,,,,,,
2026-05-19T21:32:28Z,525,,15.1,57.3,7.39,15.4,79,10.38
2026-05-19T22:27:54Z,,0,,,,,,
2026-05-19T23:27:54Z,,0,,,,,,
2026-05-20T00:27:54Z,,0,,,,,,
2026-05-20T01:27:54Z,,0,,,,,,
2026-05-20T01:31:32Z,525,,13.1,61.6,7.03,11.9,88.9,9.41
2026-05-20T02:27:54Z,,0,,,,,,
2026-05-20T03:27:54Z,,0,,,,,,
2026-05-20T03:31:06Z,720,,13,68.4,7.75,11.5,88.3,9.12
2026-05-20T04:27:54Z,,0,,,,,,
2026-05-20T05:27:54Z,,0,,,,,,
2026-05-20T05:31:26Z,1125,,15.4,65.1,8.55,11.3,91.5,9.33
2026-05-20T06:27:53Z,,0,,,,,,
2026-05-20T07:27:53Z,,0,,,,,,
2026-05-20T07:31:40Z,1725,,19.7,58.7,9.97,13.3,84.2,9.72
2026-05-20T08:27:54Z,,0,,,,,,
2026-05-20T09:27:54Z,,0,,,,,,
2026-05-20T09:32:20Z,1410,,25.5,43.8,10.37,17.5,72.6,10.82
2026-05-20T10:27:53Z,,0,,,,,,
2026-05-20T11:27:54Z,,0,,,,,,
2026-05-20T11:32:53Z,1155,,25.1,40.9,9.47,17,71.3,10.31
2026-05-20T12:27:53Z,,0,,,,,,
2026-05-20T13:27:54Z,,0,,,,,,
2026-05-20T13:32:28Z,1215,,23.8,42.9,9.23,16.4,70.9,9.89
2026-05-20T14:27:54Z,,0,,,,,,
2026-05-20T15:27:54Z,,0,,,,,,
2026-05-20T15:32:57Z,1545,,24,44.4,9.66,16.6,69.7,9.84
2026-05-20T16:27:54Z,,0,,,,,,
2026-05-20T17:27:54Z,,0,,,,,,
2026-05-20T17:33:29Z,1275,,22.4,45.6,9.06,16,70.8,9.64
2026-05-20T18:27:54Z,,0,,,,,,
2026-05-20T19:27:53Z,,0,,,,,,
2026-05-20T19:32:50Z,540,,15.9,54.2,7.34,13.2,77.9,8.94
2026-05-20T20:27:54Z,,0,,,,,,
2026-05-20T21:27:53Z,,0,,,,,,
2026-05-20T21:32:40Z,525,,10.8,61.5,6.08,10.4,85.5,8.24
2026-05-20T22:27:54Z,,0,,,,,,
2026-05-20T23:27:54Z,,0,,,,,,
2026-05-20T23:32:58Z,525,,9.6,71.8,6.58,9.4,89.8,8.12
2026-05-21T00:27:53Z,,0,,,,,,
2026-05-21T01:27:54Z,,0,,,,,,
2026-05-21T01:32:27Z,645,,10.5,71.9,6.97,9.7,90.3,8.32
2026-05-21T02:27:54Z,,0,,,,,,
2026-05-21T03:27:54Z,,0,,,,,,
2026-05-21T03:33:08Z,990,,11,78.6,7.86,10.5,90.4,8.76
2026-05-21T04:27:54Z,,0,,,,,,
2026-05-21T05:27:54Z,,0,,,,,,
2026-05-21T05:32:51Z,1605,,15.1,74,9.54,13.2,82.8,9.5
2026-05-21T06:27:54Z,,0,,,,,,
2026-05-21T07:27:54Z,,0,,,,,,
2026-05-21T07:32:58Z,1890,,23.7,51.9,11.1,17.7,70,10.56
2026-05-21T08:27:54Z,,0,,,,,,
2026-05-21T09:27:54Z,,0,,,,,,
2026-05-21T09:33:32Z,1110,,25.1,41.1,9.52,17.4,70.4,10.43
2026-05-21T10:27:54Z,,0,,,,,,
2026-05-21T11:27:54Z,,0,,,,,,
2026-05-21T11:33:06Z,1545,,24.3,47.9,10.6,18.1,69.2,10.69
2026-05-21T12:27:53Z,,0,,,,,,
2026-05-21T13:27:54Z,,0,,,,,,
2026-05-21T13:33:55Z,780,,18.9,54.4,8.81,14.8,81.6,10.33
2026-05-21T14:27:53Z,,0,,,,,,
2026-05-21T15:27:54Z,,0,,,,,,
2026-05-21T15:33:53Z,2145,,25.1,49.9,11.55,16.1,76.3,10.45
2026-05-21T16:27:54Z,,0,,,,,,
2026-05-21T17:27:54Z,,0,,,,,,
2026-05-21T17:34:11Z,1065,,21.4,45.8,8.59,15.2,73.5,9.54
2026-05-21T18:27:54Z,,0,,,,,,
2026-05-21T19:27:54Z,,0,,,,,,
2026-05-21T19:34:27Z,540,,15.1,52.9,6.82,12.7,77.1,8.58
2026-05-21T20:27:53Z,,0,,,,,,
2026-05-21T21:27:53Z,,0,,,,,,
2026-05-21T21:35:01Z,525,,10.3,61.2,5.86,9.7,87.2,8.04
2026-05-21T22:27:54Z,,0,,,,,,
2026-05-21T23:27:54Z,,0,,,,,,
2026-05-21T23:35:36Z,525,,9.4,66.9,6.05,8.8,91,7.92
2026-05-22T00:27:53Z,,0,,,,,,
2026-05-22T01:27:54Z,,0,,,,,,
2026-05-22T01:36:01Z,525,,8.9,70.6,6.18,8.4,91,7.72
2026-05-22T02:27:54Z,,0,,,,,,
2026-05-22T03:27:53Z,,0,,,,,,
2026-05-22T03:36:01Z,1020,,9.9,77,7.19,9.2,90,8.03
2026-05-22T04:27:54Z,,0,,,,,,
2026-05-22T05:27:53Z,,0,,,,,,
2026-05-22T05:36:33Z,2010,,16,77.1,10.5,16.2,70.3,9.69
2026-05-22T06:27:54Z,,0,,,,,,
2026-05-22T07:27:54Z,,0,,,,,,
2026-05-22T07:37:09Z,1080,,22.2,43.5,8.54,16.9,66.1,9.5
2026-05-22T08:27:54Z,,0,,,,,,
2026-05-22T09:27:53Z,,0,,,,,,
2026-05-22T09:37:11Z,1410,,21.4,50.5,9.47,17.2,67.5,9.88
2026-05-22T10:27:53Z,,0,,,,,,
2026-05-22T11:27:54Z,,0,,,,,,
2026-05-22T11:36:59Z,915,,24.8,39.2,8.92,17.8,67.6,10.26
2026-05-22T12:27:54Z,,0,,,,,,
2026-05-22T13:27:54Z,,0,,,,,,
2026-05-22T13:37:29Z,765,,18.1,58.4,9.02,14.8,83.3,10.55
2026-05-22T14:27:54Z,,0,,,,,,
2026-05-22T15:27:54Z,,0,,,,,,
2026-05-22T15:37:54Z,1140,,19,61.9,10.08,14.9,86.1,10.97
2026-05-22T16:27:53Z,,0,,,,,,
2026-05-22T17:27:54Z,,0,,,,,,
2026-05-22T17:37:10Z,1095,,18.2,64.3,9.99,15.3,83.9,10.95
2026-05-22T18:27:54Z,,0,,,,,,
2026-05-22T19:27:53Z,,0,,,,,,
2026-05-22T19:37:55Z,870,,15,69.6,8.92,13,91.1,10.33
2026-05-22T20:27:53Z,,0,,,,,,
2026-05-22T21:27:54Z,,0,,,,,,
2026-05-22T21:38:36Z,765,,11.9,76,8.05,11.2,93.7,9.49
2026-05-22T22:27:55Z,,0,,,,,,
2026-05-22T23:27:54Z,,0,,,,,,
2026-05-22T23:38:25Z,885,,10.4,78.4,7.55,9.6,94.6,8.66
2026-05-23T00:27:54Z,,0,,,,,,
2026-05-23T01:27:54Z,,0,,,,,,
2026-05-23T01:38:24Z,945,,9.8,79.4,7.36,8.7,95.9,8.29
2026-05-23T02:27:54Z,,0,,,,,,
2026-05-23T03:27:54Z,,0,,,,,,
2026-05-23T03:38:46Z,1095,,11.2,87.1,8.83,11.8,92.1,9.69
2026-05-23T04:27:54Z,,3e-05,,,,,,
2026-05-23T05:27:54Z,,7e-05,,,,,,
2026-05-23T05:37:59Z,1710,,17,82.3,11.9,19.7,68.3,11.6
2026-05-23T06:27:54Z,,0,,,,,,
2026-05-23T07:27:54Z,,0,,,,,,
2026-05-23T07:38:41Z,1905,,28,44.9,12.22,27.3,44.3,11.6
2026-05-23T08:27:54Z,,0,,,,,,
2026-05-23T09:27:54Z,,0,,,,,,
2026-05-23T09:38:10Z,2190,,37.9,23.2,10.67,27.7,36.1,9.66
2026-05-23T10:27:54Z,,0,,,,,,
2026-05-23T11:27:54Z,,0,,,,,,
2026-05-23T11:38:45Z,2070,,37.7,19.3,8.79,25.2,35.3,8.22
2026-05-23T12:27:53Z,,0,,,,,,
2026-05-23T13:27:54Z,,0,,,,,,
2026-05-23T13:39:26Z,1770,,37.2,19.4,8.61,24.8,36.8,8.38
2026-05-23T14:27:54Z,,0,,,,,,
2026-05-23T15:27:54Z,,0,,,,,,
2026-05-23T15:38:41Z,1365,,32.2,23.2,7.93,23.5,39.5,8.35
2026-05-23T16:27:53Z,,0,,,,,,
2026-05-23T17:27:54Z,,0,,,,,,
2026-05-23T17:39:17Z,540,,25.2,29.9,6.96,19.8,51.6,8.81
2026-05-23T18:27:54Z,,0,,,,,,
2026-05-23T19:27:53Z,,0,,,,,,
2026-05-23T19:39:05Z,540,,18.1,35.4,5.47,15.9,65,8.8
2026-05-23T20:27:54Z,,0,,,,,,
2026-05-23T21:27:54Z,,0,,,,,,
2026-05-23T21:38:35Z,525,,14.6,38.9,4.87,12.3,80.7,8.76
2026-05-23T22:27:54Z,,0,,,,,,
2026-05-23T23:27:53Z,,0,,,,,,
2026-05-23T23:38:48Z,525,,13.3,48.4,5.59,12,84.3,8.98
2026-05-24T00:27:53Z,,0,,,,,,
2026-05-24T01:27:54Z,,0,,,,,,
2026-05-24T01:39:09Z,525,,12.1,52.4,5.62,11.4,88.4,9.07
2026-05-24T02:27:53Z,,0,,,,,,
2026-05-24T03:27:53Z,,0,,,,,,
2026-05-24T03:39:22Z,525,,12.4,54.3,5.93,12,89.6,9.55
2026-05-24T04:27:54Z,,0,,,,,,
2026-05-24T05:27:53Z,,0,,,,,,
2026-05-24T05:40:10Z,1890,,19.5,62.6,10.5,18.9,62,10.04
2026-05-24T06:27:54Z,,0,,,,,,
2026-05-24T07:27:54Z,,0,,,,,,
2026-05-24T07:40:45Z,1320,,25.2,35.7,8.31,20.8,48.6,8.8
2026-05-24T08:27:54Z,,0,,,,,,
2026-05-24T09:27:54Z,,0,,,,,,
2026-05-24T09:41:02Z,1545,,28,30.2,8.22,20,48.3,8.35
2026-05-24T10:27:54Z,,0,,,,,,
2026-05-24T11:27:54Z,,0,,,,,,
2026-05-24T11:41:31Z,1680,,29.1,29.1,8.41,19.8,48.7,8.32
2026-05-24T12:27:54Z,,0,,,,,,
2026-05-24T13:27:54Z,,0,,,,,,
2026-05-24T13:40:42Z,1545,,28,27,7.35,18.9,46.1,7.47
2026-05-24T14:27:53Z,,0,,,,,,
2026-05-24T15:27:54Z,,0,,,,,,
2026-05-24T15:40:01Z,990,,25.1,27.8,6.44,17.7,48.1,7.25
2026-05-24T16:27:54Z,,0,,,,,,
2026-05-24T17:27:54Z,,0,,,,,,
2026-05-24T17:39:44Z,1080,,20.8,35.6,6.45,17.1,49.1,7.14
2026-05-24T18:27:54Z,,0,,,,,,
2026-05-24T19:27:54Z,,0,,,,,,
2026-05-24T20:27:54Z,,0,,,,,,
2026-05-24T21:27:54Z,,0,,,,,,
2026-05-24T21:40:15Z,705,,13.4,51,5.93,13.2,61.5,7.06
2026-05-24T22:27:53Z,,0,,,,,,
2026-05-24T23:27:53Z,,0,,,,,,
2026-05-24T23:40:52Z,690,,12.2,55.2,5.95,12.1,66.1,7.09
2026-05-25T00:27:54Z,,0,,,,,,
2026-05-25T01:27:54Z,,0,,,,,,
2026-05-25T01:41:07Z,1080,,12.7,61.2,6.81,12.5,67.7,7.44
2026-05-25T02:27:54Z,,0,,,,,,
2026-05-25T03:27:54Z,,0,,,,,,
2026-05-25T03:41:37Z,1170,,13,61,6.92,12.1,69.5,7.45
2026-05-25T04:27:54Z,,0,,,,,,
2026-05-25T05:27:54Z,,0,,,,,,
2026-05-25T05:42:14Z,1845,,15.8,50.3,6.77,13.4,55.9,6.5
2026-05-25T06:27:53Z,,0,,,,,,
2026-05-25T07:27:53Z,,0,,,,,,
2026-05-25T07:42:48Z,1725,,24.1,29.3,6.41,19.5,37.2,6.24
2026-05-25T08:27:54Z,,0,,,,,,
2026-05-25T09:27:54Z,,0,,,,,,
2026-05-25T09:42:25Z,2160,,29.6,20,5.94,19.6,31.9,5.38
2026-05-25T10:27:54Z,,0,,,,,,
2026-05-25T11:27:54Z,,0,,,,,,
2026-05-25T11:43:09Z,2325,,30.3,16.6,5.12,17,31.1,4.5
2026-05-25T12:27:54Z,,0,,,,,,
2026-05-25T13:27:54Z,,0,,,,,,
2026-05-25T13:43:57Z,1755,,28.1,17.8,4.87,16.3,34,4.72
2026-05-25T14:27:54Z,,0,,,,,,
2026-05-25T15:27:54Z,,0,,,,,,
2026-05-25T15:43:31Z,1275,,22.1,23,4.49,14.8,37.7,4.77
2026-05-25T16:27:53Z,,0,,,,,,
2026-05-25T17:27:54Z,,0,,,,,,
2026-05-25T17:43:58Z,975,,18.2,28.5,4.43,13.8,41.8,4.98
2026-05-25T18:27:54Z,,0,,,,,,
2026-05-25T19:27:54Z,,0,,,,,,
2026-05-25T19:43:58Z,525,,12.8,35.6,3.99,11.1,48.5,4.88
2026-05-25T20:27:53Z,,0,,,,,,
2026-05-25T21:27:53Z,,0,,,,,,
2026-05-25T21:43:56Z,585,,9.5,45.3,4.12,9.5,55,5.0
2026-05-25T22:27:53Z,,0,,,,,,
2026-05-25T23:27:53Z,,0,,,,,,
2026-05-25T23:44:28Z,765,,8.2,52.9,4.43,8.2,62.3,5.22
2026-05-26T00:27:54Z,,0,,,,,,
2026-05-26T01:27:54Z,,0,,,,,,
2026-05-26T01:44:50Z,975,,7.6,59.7,4.81,7.4,67.5,5.37
2026-05-26T02:27:54Z,,0,,,,,,
2026-05-26T03:27:53Z,,0,,,,,,
2026-05-26T03:44:46Z,1575,,10.2,63.3,6.02,11,60.5,6.05
2026-05-26T04:27:54Z,,0,,,,,,
2026-05-26T05:27:54Z,,0,,,,,,
2026-05-26T05:44:14Z,1725,,17.4,45,6.67,17.6,43.4,6.51
2026-05-26T06:27:55Z,,0,,,,,,
2026-05-26T07:27:54Z,,0,,,,,,
2026-05-26T07:44:51Z,1710,,25.5,25.8,6.11,21,32.8,6.01
2026-05-26T08:27:54Z,,0,,,,,,
2026-05-26T09:27:54Z,,0,,,,,,
2026-05-26T09:44:53Z,2160,,31.4,19.4,6.35,20.9,31.4,5.72
2026-05-26T10:27:54Z,,0,,,,,,
2026-05-26T11:27:54Z,,0,,,,,,
2026-05-26T11:44:56Z,1755,,30.3,18.7,5.77,18.4,36,5.66
2026-05-26T12:27:54Z,,0,,,,,,
2026-05-26T13:27:55Z,,0,,,,,,
2026-05-26T13:45:23Z,1845,,29.9,19.6,5.92,18,36.9,5.67
2026-05-26T14:27:53Z,,0,,,,,,
2026-05-26T15:27:54Z,,0,,,,,,
2026-05-26T15:45:01Z,1275,,22.6,25.9,5.2,15.8,41.5,5.58
2026-05-26T16:27:54Z,,0,,,,,,
2026-05-26T17:27:54Z,,0,,,,,,
2026-05-26T17:45:48Z,1095,,19.5,30.8,5.17,14.7,45.1,5.68
2026-05-26T18:27:53Z,,0,,,,,,
2026-05-26T19:27:54Z,,0,,,,,,
2026-05-26T19:45:40Z,645,,13.4,38.1,4.43,11.6,51.2,5.32
2026-05-26T20:27:54Z,,0,,,,,,
2026-05-26T21:27:54Z,,0,,,,,,
2026-05-26T21:45:03Z,720,,10.7,47,4.61,9.8,58.5,5.43
2026-05-26T22:27:53Z,,0,,,,,,
2026-05-26T23:27:54Z,,0,,,,,,
2026-05-26T23:44:40Z,720,,8.6,52.3,4.49,7.9,64.9,5.33
2026-05-27T00:27:54Z,,0,,,,,,
2026-05-27T01:27:54Z,,0,,,,,,
2026-05-27T01:44:19Z,1080,,7.6,67.4,5.43,7.2,75.6,5.93
2026-05-27T02:27:55Z,,0,,,,,,
2026-05-27T03:27:54Z,,0,,,,,,
2026-05-27T03:44:23Z,1470,,9.7,69.1,6.37,7.8,79.5,6.49
2026-05-27T04:27:54Z,,0,,,,,,
2026-05-27T05:27:53Z,,0,,,,,,
2026-05-27T05:44:52Z,1635,,13.2,61.5,7.06,10,75,7.05
2026-05-27T06:27:54Z,,0,,,,,,
2026-05-27T07:27:54Z,,0,,,,,,
2026-05-27T07:45:15Z,1980,,21.7,38.8,7.4,16,50.7,6.9
2026-05-27T08:27:54Z,,0,,,,,,
2026-05-27T09:27:55Z,,0,,,,,,
2026-05-27T09:45:15Z,1635,,25.3,27.3,6.39,15.8,47.8,6.43
2026-05-27T10:27:54Z,,0,,,,,,
2026-05-27T11:27:54Z,,0,,,,,,
2026-05-27T11:44:48Z,1320,,15.9,50.9,6.89,10.1,76.5,7.23
2026-05-27T12:27:54Z,,0,,,,,,
2026-05-27T13:27:54Z,,0,,,,,,
2026-05-27T13:44:39Z,1380,,16.1,51.2,7.02,10.6,74.2,7.24
2026-05-27T14:27:54Z,,0,,,,,,
2026-05-27T15:27:53Z,,0,,,,,,
2026-05-27T15:44:57Z,1365,,21.5,34.3,6.47,12.2,62.5,6.74
2026-05-27T16:27:54Z,,0,,,,,,
2026-05-27T17:27:54Z,,0,,,,,,
2026-05-27T17:45:20Z,795,,16.6,40.9,5.78,11.9,64.1,6.79
2026-05-27T18:27:54Z,,0,,,,,,
2026-05-27T19:27:54Z,,0,,,,,,
2026-05-27T19:44:50Z,720,,11.8,38.2,4.02,10.1,50.1,4.74
2026-05-27T20:27:54Z,,0,,,,,,
2026-05-27T21:27:54Z,,0,,,,,,
2026-05-27T21:44:56Z,780,,8.8,48.5,4.22,8.3,58.3,4.91
2026-05-27T22:27:54Z,,0,,,,,,
2026-05-27T23:27:54Z,,0,,,,,,
2026-05-27T23:45:31Z,1110,,8.2,61.5,5.15,8,67.7,5.6
2026-05-28T00:27:54Z,,0,,,,,,
2026-05-28T01:27:54Z,,0,,,,,,
2026-05-28T01:45:09Z,1215,,8.9,66,5.78,8.1,74.4,6.19
2026-05-28T02:27:54Z,,0,,,,,,
2026-05-28T03:27:54Z,,0,,,,,,
2026-05-28T03:44:13Z,1365,,8.9,66.1,5.79,8.1,72.4,6.02
2026-05-28T04:27:54Z,,0,,,,,,
2026-05-28T05:27:54Z,,0,,,,,,
2026-05-28T05:43:37Z,1710,,16,44.4,6.05,14,49.2,5.93
2026-05-28T06:27:54Z,,0,,,,,,
2026-05-28T07:27:54Z,,0,,,,,,
2026-05-28T07:43:02Z,1260,,18.5,31,4.9,13.1,46,5.25
2026-05-28T08:27:54Z,,0,,,,,,
2026-05-28T09:27:54Z,,0,,,,,,
2026-05-28T09:42:30Z,1920,,25.4,21.8,5.13,16.2,35.4,4.88
2026-05-28T10:27:54Z,,0,,,,,,
2026-05-28T11:27:54Z,,0,,,,,,
2026-05-28T11:42:31Z,1665,,23.5,22,4.65,14.8,36.5,4.62
2026-05-28T12:27:54Z,,0,,,,,,
2026-05-28T13:27:54Z,,0,,,,,,
2026-05-28T13:41:34Z,1395,,21.8,23.2,4.45,14.5,37.3,4.64
2026-05-28T14:27:53Z,,0,,,,,,
2026-05-28T15:27:54Z,,0,,,,,,
2026-05-28T15:42:02Z,1230,,17.7,27.2,4.1,13.7,37.3,4.42
2026-05-28T16:27:54Z,,0,,,,,,
2026-05-28T17:27:54Z,,0,,,,,,
2026-05-28T17:42:46Z,1185,,16.9,27.8,4.0,13.1,37.7,4.3
2026-05-28T18:27:53Z,,0,,,,,,
2026-05-28T19:27:54Z,,0,,,,,,
2026-05-28T19:42:23Z,855,,14,32.3,3.89,12,42.1,4.48
2026-05-28T20:27:54Z,,0,,,,,,
2026-05-28T21:27:54Z,,0,,,,,,
2026-05-28T21:41:35Z,720,,11,43.9,4.39,10,55.4,5.2
2026-05-28T22:27:54Z,,0,,,,,,
2026-05-28T23:27:54Z,,0,,,,,,
2026-05-28T23:42:24Z,975,,8.6,53.1,4.56,8.4,60.2,5.11
2026-05-29T00:27:54Z,,0,,,,,,
2026-05-29T01:27:54Z,,0,,,,,,
2026-05-29T01:42:19Z,1050,,7.5,59.6,4.77,7.2,66.7,5.24
2026-05-29T02:27:54Z,,0,,,,,,
2026-05-29T03:27:54Z,,0,,,,,,
2026-05-29T03:42:55Z,1665,,9.3,65.8,5.91,9.8,62.9,5.83
2026-05-29T04:27:54Z,,0,,,,,,
2026-05-29T05:27:53Z,,0,,,,,,
2026-05-29T05:42:32Z,1815,,17.2,43.9,6.43,16.7,43.9,6.24
2026-05-29T06:27:54Z,,0,,,,,,
2026-05-29T07:27:54Z,,0,,,,,,
2026-05-29T07:43:18Z,1650,,23.4,25.1,5.28,16.9,36.5,5.25
2026-05-29T08:27:54Z,,0,,,,,,
2026-05-29T09:27:54Z,,0,,,,,,
2026-05-29T09:43:23Z,2205,,27.7,20,5.35,18.1,31.3,4.83
2026-05-29T10:27:54Z,,0,,,,,,
2026-05-29T11:27:54Z,,0,,,,,,
2026-05-29T11:42:57Z,2220,,30.7,18,5.67,17,35.4,5.12
2026-05-29T12:27:54Z,,0,,,,,,
2026-05-29T13:27:54Z,,0,,,,,,
2026-05-29T13:42:16Z,1710,,28.3,18.3,5.06,17.2,34.1,4.99
2026-05-29T14:27:54Z,,0,,,,,,
2026-05-29T15:27:54Z,,0,,,,,,
2026-05-29T15:42:49Z,735,,21.4,23.4,4.39,16.2,37.8,5.21
2026-05-29T16:27:53Z,,0,,,,,,
2026-05-29T17:27:54Z,,0,,,,,,
2026-05-29T17:42:25Z,540,,18.5,27.8,4.4,15.1,44.5,5.74
2026-05-29T18:27:54Z,,0,,,,,,
2026-05-29T19:27:54Z,,0,,,,,,
2026-05-29T19:42:51Z,525,,13,33.2,3.76,10.5,61.2,5.93
2026-05-29T20:27:53Z,,0,,,,,,
2026-05-29T21:27:54Z,,0,,,,,,
2026-05-29T21:43:44Z,525,,10.6,39.3,3.83,9.5,65.7,5.98
2026-05-29T22:27:54Z,,0,,,,,,
2026-05-29T23:27:53Z,,0,,,,,,
2026-05-29T23:43:41Z,525,,8.1,46.5,3.87,8,68.6,5.67
2026-05-30T00:27:53Z,,0,,,,,,
2026-05-30T01:27:53Z,,0,,,,,,
2026-05-30T01:43:56Z,525,,6.9,55.6,4.28,7.5,67.2,5.38
2026-05-30T02:27:54Z,,0,,,,,,
2026-05-30T03:27:54Z,,0,,,,,,
2026-05-30T03:43:22Z,1530,,9.9,63.6,5.94,12,56.1,5.98
2026-05-30T04:27:54Z,,0,,,,,,
2026-05-30T05:27:54Z,,0,,,,,,
2026-05-30T05:42:57Z,1560,,18.8,45.4,7.31,20,42.5,7.34
2026-05-30T06:27:54Z,,0,,,,,,
2026-05-30T07:27:55Z,,0,,,,,,
2026-05-30T07:43:04Z,1935,,29.3,24.6,7.19,24.3,30.4,6.73
2026-05-30T08:27:53Z,,0,,,,,,
2026-05-30T09:27:54Z,,0,,,,,,
2026-05-30T09:42:53Z,2910,,36.8,16.6,7.22,23.9,27.7,5.99
2026-05-30T10:27:54Z,,0,,,,,,
2026-05-30T11:27:54Z,,0,,,,,,
2026-05-30T11:43:06Z,3060,,37.7,14.4,6.56,20.5,29.7,5.28
2026-05-30T12:27:54Z,,0,,,,,,
2026-05-30T13:27:54Z,,0,,,,,,
2026-05-30T13:43:52Z,2355,,36.5,13.7,5.87,21.2,28,5.19
2026-05-30T14:27:54Z,,0,,,,,,
2026-05-30T15:27:54Z,,0,,,,,,
2026-05-30T15:44:35Z,1935,,32.6,15,5.24,21.2,26.6,4.93
2026-05-30T16:27:54Z,,0,,,,,,
2026-05-30T17:27:54Z,,0,,,,,,
2026-05-30T17:45:10Z,975,,26.3,19.2,4.76,20.5,30,5.34
2026-05-30T18:27:54Z,,0,,,,,,
2026-05-30T19:27:54Z,,0,,,,,,
2026-05-30T19:44:31Z,525,,17.9,20.4,3.11,14.5,49.8,6.19
2026-05-30T20:27:53Z,,0,,,,,,
2026-05-30T21:27:54Z,,0,,,,,,
2026-05-30T21:43:50Z,510,,11.5,28.5,2.94,11.5,62.8,6.48
2026-05-30T22:27:54Z,,0,,,,,,
2026-05-30T23:27:53Z,,0,,,,,,
2026-05-30T23:44:29Z,510,,8.5,36.7,3.13,8.9,72.4,6.34
2026-05-31T00:27:54Z,,0,,,,,,
2026-05-31T01:27:54Z,,0,,,,,,
2026-05-31T01:43:57Z,510,,8.4,46.5,3.94,8.9,78.1,6.84
2026-05-31T02:27:54Z,,0,,,,,,
2026-05-31T03:27:54Z,,0,,,,,,
2026-05-31T03:44:35Z,510,,11.4,43.1,4.42,10.4,83.5,8.04
2026-05-31T04:27:55Z,,0,,,,,,
2026-05-31T05:27:54Z,,0,,,,,,
2026-05-31T05:44:18Z,525,,14.7,31.6,3.98,10.8,84.4,8.34
2026-05-31T06:27:53Z,,0,,,,,,
2026-05-31T07:27:54Z,,0,,,,,,
2026-05-31T07:43:58Z,525,,18.3,40.8,6.38,11.6,79.9,8.3
2026-05-31T08:27:54Z,,0,,,,,,
2026-05-31T09:27:54Z,,0,,,,,,
2026-05-31T09:43:44Z,540,,20.5,29.2,5.19,11.7,80,8.36
2026-05-31T10:27:54Z,,0,,,,,,
2026-05-31T11:27:54Z,,0,,,,,,
2026-05-31T11:43:57Z,1410,,27.2,30.7,7.99,14.5,66.7,8.29
2026-05-31T12:27:54Z,,0,,,,,,
2026-05-31T13:27:54Z,,0,,,,,,
2026-05-31T13:43:53Z,795,,24.2,30.1,6.62,14.1,63.9,7.75
2026-05-31T14:27:53Z,,0,,,,,,
2026-05-31T15:27:53Z,,0,,,,,,
2026-05-31T15:43:50Z,1020,,26.2,26.1,6.43,13.5,61.3,7.17
2026-05-31T16:27:54Z,,0,,,,,,
2026-05-31T17:27:54Z,,0,,,,,,
2026-05-31T17:44:08Z,525,,20.8,28.9,5.23,12.5,62.7,6.89
2026-05-31T18:27:54Z,,0,,,,,,
2026-05-31T19:27:54Z,,0,,,,,,
2026-05-31T19:43:42Z,525,,13,35,3.97,10.4,67.8,6.53
2026-05-31T20:27:54Z,,0,,,,,,
2026-05-31T21:27:54Z,,0,,,,,,
2026-05-31T21:44:10Z,510,,7.8,44.6,3.64,7.3,77.2,6.1
2026-05-31T22:27:54Z,,0,,,,,,
2026-05-31T23:27:54Z,,0,,,,,,
2026-05-31T23:43:25Z,495,,6.6,52.6,3.97,6.2,83.5,6.14
2026-06-01T00:27:53Z,,0,,,,,,
2026-06-01T01:27:54Z,,0,,,,,,
2026-06-01T01:44:15Z,495,,6.5,58.3,4.37,6.3,86.2,6.38
2026-06-01T02:27:53Z,,0,,,,,,
2026-06-01T03:27:54Z,,0,,,,,,
2026-06-01T03:45:04Z,510,,11.9,52.1,5.52,11.4,76.8,7.88
2026-06-01T04:27:54Z,,0,,,,,,
2026-06-01T05:27:53Z,,0,,,,,,
2026-06-01T05:45:10Z,1680,,19.5,53.3,8.94,15.7,66.1,8.84
2026-06-01T06:27:53Z,,0,,,,,,
2026-06-01T07:27:57Z,,0,,,,,,
2026-06-01T07:44:42Z,1800,,25.4,35.7,8.41,15.7,60.7,8.12
2026-06-01T08:27:54Z,,0,,,,,,
2026-06-01T09:27:54Z,,0,,,,,,
2026-06-01T09:45:04Z,3390,,33.9,29.6,11.07,17.6,49.6,7.44
2026-06-01T10:27:54Z,,0,,,,,,
2026-06-01T11:27:54Z,,0,,,,,,
2026-06-01T11:45:34Z,2640,,34,21.4,8.04,17.1,48,6.98
2026-06-01T12:27:54Z,,0,,,,,,
2026-06-01T13:27:54Z,,0,,,,,,
2026-06-01T13:46:14Z,2850,,34.8,20.5,8.04,15.6,50.4,6.7
2026-06-01T14:27:54Z,,0,,,,,,
2026-06-01T15:27:54Z,,0,,,,,,
2026-06-01T15:46:49Z,1605,,30.2,22.2,6.81,14.9,53.5,6.82
2026-06-01T16:27:54Z,,0,,,,,,
2026-06-01T17:27:54Z,,0,,,,,,
2026-06-01T17:46:32Z,600,,23,27.2,5.59,14.2,55.9,6.82
2026-06-01T18:27:53Z,,0,,,,,,
2026-06-01T19:27:54Z,,0,,,,,,
2026-06-01T19:46:09Z,510,,14.4,33.7,4.16,11.6,64.4,6.69
2026-06-01T20:27:54Z,,0,,,,,,
2026-06-01T21:27:54Z,,0,,,,,,
2026-06-01T21:45:23Z,510,,9.3,43.1,3.87,8.5,74.2,6.33
2026-06-01T22:27:54Z,,0,,,,,,
2026-06-01T23:27:54Z,,0,,,,,,
2026-06-01T23:45:22Z,510,,9.1,49.4,4.38,8.2,79,6.61
2026-06-02T00:27:54Z,,0,,,,,,
2026-06-02T01:27:54Z,,0,,,,,,
2026-06-02T01:44:51Z,510,,9.4,55.8,5.05,8.3,82.3,6.94
2026-06-02T02:27:54Z,,0,,,,,,
2026-06-02T03:27:54Z,,0,,,,,,
2026-06-02T03:45:11Z,585,,12.8,61.8,6.92,12.3,76.6,8.31
2026-06-02T04:27:53Z,,0,,,,,,
2026-06-02T05:27:53Z,,0,,,,,,
2026-06-02T05:45:27Z,1395,,19.7,52.4,8.9,16.4,66,9.21
2026-06-02T06:27:55Z,,0,,,,,,
2026-06-02T07:27:54Z,,0,,,,,,
2026-06-02T07:46:16Z,1725,,24.9,43.1,9.87,19.5,57.8,9.7
2026-06-02T08:27:54Z,,0,,,,,,
2026-06-02T09:27:54Z,,0,,,,,,
2026-06-02T09:45:28Z,2235,,34.9,26.3,10.36,21.7,48.8,9.31
2026-06-02T10:27:54Z,,0,,,,,,
2026-06-02T11:27:54Z,,0,,,,,,
2026-06-02T11:46:21Z,2865,,38.5,21.5,10.2,20.9,47.1,8.58
2026-06-02T12:27:54Z,,0,,,,,,
2026-06-02T13:27:53Z,,0,,,,,,
2026-06-02T13:46:41Z,1635,,35.1,20.8,8.28,20.2,47.4,8.29
2026-06-02T14:27:54Z,,0,,,,,,
2026-06-02T15:27:54Z,,0,,,,,,
2026-06-02T15:46:12Z,990,,28.6,24.9,7.0,19.3,48.1,7.98
2026-06-02T16:27:54Z,,0,,,,,,
2026-06-02T17:27:54Z,,0,,,,,,
2026-06-02T17:45:41Z,540,,24.2,29.6,6.51,18.1,53.9,8.33
2026-06-02T18:27:54Z,,0,,,,,,
2026-06-02T19:27:54Z,,0,,,,,,
2026-06-02T19:46:12Z,540,,17.6,37.1,5.56,16,61.2,8.34
2026-06-02T20:27:53Z,,0,,,,,,
2026-06-02T21:27:54Z,,0,,,,,,
2026-06-02T21:45:27Z,525,,13,43.4,4.92,12.9,69.9,7.88
2026-06-02T22:27:54Z,,0,,,,,,
2026-06-02T23:27:54Z,,0,,,,,,
2026-06-02T23:45:12Z,525,,9.2,51.3,4.58,10.1,75.5,7.14
2026-06-03T00:27:54Z,,0,,,,,,
2026-06-03T01:27:54Z,,0,,,,,,
2026-06-03T01:44:38Z,510,,7.4,55.8,4.44,8,82.3,6.8
2026-06-03T02:27:54Z,,0,,,,,,
2026-06-03T03:27:53Z,,0,,,,,,
2026-06-03T03:45:07Z,525,,10.9,69.3,6.89,13.7,75.6,8.95
2026-06-03T04:27:53Z,,0,,,,,,
2026-06-03T05:27:54Z,,0,,,,,,
2026-06-03T05:44:37Z,2730,,23,58.7,12.07,23.7,47.9,10.25
2026-06-03T06:27:54Z,,0,,,,,,
2026-06-03T07:27:54Z,,0,,,,,,
2026-06-03T07:45:27Z,2160,,33.7,29.9,11.06,28.2,36.6,10.07
2026-06-03T08:27:54Z,,0,,,,,,
2026-06-03T09:27:54Z,,0,,,,,,
2026-06-03T09:45:54Z,2970,,39.6,20.7,10.38,24.1,38.7,8.47
2026-06-03T10:27:54Z,,0,,,,,,
2026-06-03T11:27:54Z,,0,,,,,,
2026-06-03T11:45:32Z,3255,,40.8,18.1,9.64,22,38.3,7.43
2026-06-03T12:27:54Z,,0,,,,,,
2026-06-03T13:27:54Z,,0,,,,,,
2026-06-03T13:45:26Z,2430,,38.9,17.5,8.47,21.2,39.6,7.34
2026-06-03T14:27:54Z,,0,,,,,,
2026-06-03T15:27:54Z,,0,,,,,,
2026-06-03T15:45:50Z,1665,,34.4,21.3,8.18,20.7,45.3,8.15
2026-06-03T16:27:54Z,,0,,,,,,
2026-06-03T17:27:54Z,,0,,,,,,
2026-06-03T17:46:29Z,735,,26.5,26.7,6.69,18.8,49.4,7.95
2026-06-03T18:27:54Z,,0,,,,,,
2026-06-03T19:27:54Z,,0,,,,,,
2026-06-03T19:47:10Z,540,,18.3,33.3,5.2,16.1,60,8.22
2026-06-03T20:27:54Z,,0,,,,,,
2026-06-03T21:27:54Z,,0,,,,,,
2026-06-03T21:47:30Z,525,,12.6,43.2,4.78,12.9,69.9,7.88
2026-06-03T22:27:53Z,,0,,,,,,
2026-06-03T23:27:53Z,,0,,,,,,
2026-06-03T23:48:04Z,525,,10.5,52.5,5.09,11.2,77.4,7.84
2026-06-04T00:27:54Z,,0,,,,,,
2026-06-04T01:27:54Z,,0,,,,,,
2026-06-04T01:49:02Z,525,,9.4,58.8,5.32,10.2,82.5,7.85
2026-06-04T02:27:53Z,,0,,,,,,
2026-06-04T03:27:54Z,,0,,,,,,
2026-06-04T03:49:09Z,525,,13.5,62.6,7.32,15.5,78,10.31
2026-06-04T04:27:53Z,,0,,,,,,
2026-06-04T05:27:54Z,,0,,,,,,
2026-06-04T05:48:19Z,720,,24.5,43.4,9.72,21.3,62.3,11.61
2026-06-04T06:27:54Z,,0,,,,,,
2026-06-04T07:27:54Z,,0,,,,,,
2026-06-04T07:48:07Z,2940,,34.5,34.8,13.43,26.1,45.2,11.07
2026-06-04T08:27:54Z,,0,,,,,,
2026-06-04T09:27:54Z,,0,,,,,,
2026-06-04T09:47:27Z,2805,,37.8,25.8,11.81,24.8,43.8,9.97
2026-06-04T10:27:54Z,,0,,,,,,
2026-06-04T11:27:53Z,,0,,,,,,
2026-06-04T11:47:16Z,3180,,42.1,20.8,11.82,23.6,43.2,9.19
2026-06-04T12:27:54Z,,0,,,,,,
2026-06-04T13:27:53Z,,0,,,,,,
2026-06-04T13:47:16Z,1770,,38.9,21.7,10.51,22.8,50.7,10.3
2026-06-04T14:27:53Z,,0,,,,,,
2026-06-04T15:27:55Z,,0,,,,,,
2026-06-04T15:47:03Z,795,,33.6,23.1,8.5,21.7,53.3,10.17
2026-06-04T16:27:54Z,,0,,,,,,
2026-06-04T17:27:54Z,,0,,,,,,
2026-06-04T17:47:08Z,615,,27,22.4,5.77,20.2,54.7,9.56
2026-06-04T18:27:54Z,,0,,,,,,
2026-06-04T19:27:54Z,,0,,,,,,
2026-06-04T19:47:13Z,540,,19.1,26.2,4.29,17.4,64.9,9.61
2026-06-04T20:27:54Z,,0,,,,,,
2026-06-04T21:27:53Z,,0,,,,,,
2026-06-04T21:47:30Z,525,,13.8,40.6,4.84,14.7,72.8,9.16
2026-06-04T22:27:54Z,,0,,,,,,
2026-06-04T23:27:54Z,,0,,,,,,
2026-06-04T23:47:16Z,525,,11.3,51.5,5.25,12.5,79.7,8.76
2026-06-05T00:27:54Z,,0,,,,,,
2026-06-05T01:27:54Z,,0,,,,,,
2026-06-05T01:46:52Z,540,,11.2,55.9,5.66,12.9,82,9.24
2026-06-05T02:27:54Z,,0,,,,,,
2026-06-05T03:27:53Z,,0,,,,,,
2026-06-05T03:47:10Z,540,,14.8,49.2,6.23,16.5,74.5,10.46
2026-06-05T04:27:54Z,,0,,,,,,
2026-06-05T05:27:54Z,,0,,,,,,
2026-06-05T05:47:23Z,1740,,25.4,43.4,10.22,19.6,59,9.96
2026-06-05T06:27:54Z,,0,,,,,,
2026-06-05T07:27:54Z,,0,,,,,,
2026-06-05T07:46:32Z,945,,23.4,42,8.83,17.8,66.5,10.09
2026-06-05T08:27:54Z,,0,,,,,,
2026-06-05T09:27:55Z,,0,,,,,,
2026-06-05T09:47:22Z,540,,20.6,47.8,8.55,17.3,79,11.63
2026-06-05T10:27:54Z,,0,,,,,,
2026-06-05T11:27:53Z,,0,,,,,,
2026-06-05T11:47:46Z,540,,21,48.3,8.85,18,74.3,11.41
2026-06-05T12:27:54Z,,0,,,,,,
2026-06-05T13:27:54Z,,0,,,,,,
2026-06-05T13:48:04Z,540,,23.5,40.1,8.48,18.1,74.6,11.52
2026-06-05T14:27:54Z,,0,,,,,,
2026-06-05T15:27:54Z,,0,,,,,,
2026-06-05T15:48:52Z,540,,20.1,49.1,8.53,17.5,80.4,11.98
2026-06-05T16:27:54Z,,0,,,,,,
2026-06-05T17:27:55Z,,0,,,,,,
2026-06-05T17:48:56Z,540,,21.5,44.9,8.47,17.8,80.2,12.17
2026-06-05T18:27:54Z,,0,,,,,,
2026-06-05T19:27:53Z,,0,,,,,,
2026-06-05T19:48:17Z,540,,18,50.5,7.75,16.3,84.4,11.7
2026-06-05T20:27:54Z,,0,,,,,,
2026-06-05T21:27:54Z,,0,,,,,,
2026-06-05T21:48:02Z,525,,15.7,62.5,8.36,15.4,87.7,11.52
2026-06-05T22:27:53Z,,0,,,,,,
2026-06-05T23:27:54Z,,0,,,,,,
2026-06-05T23:48:21Z,525,,14.7,67.7,8.52,14.8,89.2,11.29
2026-06-06T00:27:54Z,,0,,,,,,
2026-06-06T01:27:54Z,,0,,,,,,
2026-06-06T01:47:55Z,525,,15,65.5,8.4,14.7,93.9,11.82
2026-06-06T02:27:53Z,,0,,,,,,
2026-06-06T03:27:53Z,,0,,,,,,
2026-06-06T03:48:35Z,540,,16.3,63.3,8.78,14.8,96.9,12.27
2026-06-06T04:27:54Z,,0,,,,,,
2026-06-06T05:27:54Z,,0,,,,,,
2026-06-06T05:48:36Z,540,,18.2,58.1,9.03,15.6,98,13.03
2026-06-06T06:27:54Z,,0,,,,,,
2026-06-06T07:27:55Z,,0,,,,,,
2026-06-06T07:48:49Z,540,,18.4,62.2,9.78,16.1,98.9,13.55
2026-06-06T08:27:54Z,,0,,,,,,
2026-06-06T09:27:54Z,,0,,,,,,
2026-06-06T09:49:16Z,1110,,22.4,64.1,12.73,17,96.3,13.93
2026-06-06T10:27:53Z,,0,,,,,,
2026-06-06T11:27:54Z,,0,,,,,,
2026-06-06T11:48:53Z,1320,,26.4,54.9,13.67,18.4,92,14.47
2026-06-06T12:27:54Z,,0,,,,,,
2026-06-06T13:27:55Z,,0,,,,,,
2026-06-06T13:48:35Z,735,,21,61.9,11.34,16.6,95.4,13.47
2026-06-06T14:27:54Z,,0,,,,,,
2026-06-06T15:27:53Z,,0,,,,,,
2026-06-06T15:48:44Z,885,,17.5,66.5,9.91,13.6,96.3,11.33
2026-06-06T16:27:55Z,,0,,,,,,
2026-06-06T17:27:54Z,,0,,,,,,
2026-06-06T17:48:03Z,855,,16.1,69.5,9.52,13.6,93.8,11.03
2026-06-06T18:27:54Z,,0,,,,,,
2026-06-06T19:27:54Z,,0,,,,,,
2026-06-06T19:47:32Z,645,,14.5,70.2,8.73,12.6,95.1,10.52
2026-06-06T20:27:54Z,,0,,,,,,
2026-06-06T21:27:53Z,,0,,,,,,
2026-06-06T21:47:41Z,720,,13,76.7,8.69,11.7,97.9,10.24
2026-06-06T22:27:54Z,,0,,,,,,
2026-06-06T23:27:54Z,,0,,,,,,
2026-06-06T23:47:30Z,855,,12.5,79.5,8.74,11.2,99.4,10.07
2026-06-07T00:27:54Z,,0,,,,,,
2026-06-07T01:27:54Z,,0,,,,,,
2026-06-07T01:47:41Z,930,,12.9,81,9.13,11.6,99.6,10.35
2026-06-07T02:27:54Z,,0,,,,,,
2026-06-07T03:27:53Z,,0,,,,,,
2026-06-07T03:46:54Z,1215,,13.6,80.3,9.45,11.3,98.8,10.07
2026-06-07T04:27:54Z,,0,,,,,,
2026-06-07T05:27:54Z,,0,,,,,,
2026-06-07T05:46:58Z,1590,,17.5,71.3,10.63,12.5,96.5,10.61
2026-06-07T06:27:54Z,,0,,,,,,
2026-06-07T07:27:54Z,,0,,,,,,
2026-06-07T07:46:36Z,2040,,21,66.7,12.22,14.9,88.2,11.24
2026-06-07T08:27:54Z,,0,,,,,,
2026-06-07T09:27:54Z,,0,,,,,,
2026-06-07T09:45:47Z,3270,,34.5,39.6,15.28,20.8,64.3,11.64
2026-06-07T10:27:54Z,,0,,,,,,
2026-06-07T11:27:54Z,,0,,,,,,
2026-06-07T11:45:54Z,2295,,37.3,27.4,12.23,19.7,64.2,10.9
2026-06-07T12:27:54Z,,0,,,,,,
2026-06-07T13:27:54Z,,0,,,,,,
2026-06-07T13:46:01Z,1725,,36,26.4,11.01,18.6,68.2,10.85
2026-06-07T14:27:54Z,,0,,,,,,
2026-06-07T15:27:54Z,,0,,,,,,
2026-06-07T15:45:54Z,1290,,31.8,29.9,10.0,17.8,70.2,10.65
2026-06-07T16:27:54Z,,0,,,,,,
2026-06-07T17:27:54Z,,0,,,,,,
2026-06-07T17:45:28Z,945,,24.8,33.2,7.56,17.7,57.3,8.64
2026-06-07T18:27:54Z,,0,,,,,,
2026-06-07T19:27:54Z,,0,,,,,,
2026-06-07T19:45:39Z,540,,16.8,42.4,6.06,14.7,66.5,8.37
2026-06-07T20:27:55Z,,0,,,,,,
2026-06-07T21:27:54Z,,0,,,,,,
2026-06-07T21:45:42Z,525,,10.1,52.3,4.94,10.6,81.7,7.97
2026-06-07T22:27:53Z,,0,,,,,,
2026-06-07T23:27:53Z,,0,,,,,,
2026-06-07T23:45:20Z,525,,7.7,60.1,4.87,8.6,87.5,7.52
2026-06-08T00:27:54Z,,0,,,,,,
2026-06-08T01:27:54Z,,0,,,,,,
2026-06-08T01:44:42Z,510,,6.6,63.3,4.78,7.5,90.8,7.27
2026-06-08T02:27:53Z,,0,,,,,,
2026-06-08T03:27:54Z,,0,,,,,,
2026-06-08T03:44:31Z,510,,10.7,75.6,7.42,13.1,84.8,9.67
2026-06-08T04:27:54Z,,0,,,,,,
2026-06-08T05:27:54Z,,0,,,,,,
2026-06-08T05:44:19Z,2400,,21.9,65.6,12.66,21.8,56.9,10.92
2026-06-08T06:27:54Z,,0,,,,,,
2026-06-08T07:27:54Z,,0,,,,,,
2026-06-08T07:44:40Z,1980,,31.2,34.9,11.3,25.5,44.8,10.61
2026-06-08T08:27:54Z,,0,,,,,,
2026-06-08T09:27:54Z,,0,,,,,,
2026-06-08T09:44:46Z,2850,,38.2,24.4,11.4,25.3,40.9,9.58
2026-06-08T10:27:54Z,,0,,,,,,
2026-06-08T11:27:54Z,,0,,,,,,
2026-06-08T11:44:33Z,3180,,41.1,19,10.28,22.3,40.3,7.96
2026-06-08T12:27:54Z,,0,,,,,,
2026-06-08T13:27:54Z,,0,,,,,,
2026-06-08T13:45:20Z,2085,,37.6,19.1,8.65,21.9,41.6,8.03
2026-06-08T14:27:54Z,,0,,,,,,
2026-06-08T15:27:54Z,,0,,,,,,
2026-06-08T15:45:49Z,1185,,31.7,22.7,7.55,20.9,45.2,8.23
2026-06-08T16:27:54Z,,0,,,,,,
2026-06-08T17:27:54Z,,0,,,,,,
2026-06-08T17:45:34Z,540,,24.9,27.7,6.34,19.1,50.1,8.21
2026-06-08T18:27:54Z,,0,,,,,,
2026-06-08T19:27:54Z,,0,,,,,,
2026-06-08T19:45:19Z,540,,18.8,33.7,5.43,16.8,60.4,8.63
2026-06-08T20:27:54Z,,0,,,,,,
2026-06-08T21:27:54Z,,0,,,,,,
2026-06-08T21:44:32Z,525,,15.3,42.2,5.51,14.7,68.4,8.61
2026-06-08T22:27:54Z,,0,,,,,,
2026-06-08T23:27:53Z,,0,,,,,,
2026-06-08T23:44:11Z,525,,13.7,48.8,5.78,13.8,73.9,8.8
2026-06-09T00:27:54Z,,0,,,,,,
2026-06-09T01:27:54Z,,0,,,,,,
2026-06-09T01:43:54Z,525,,14,57.3,6.91,14.5,77.3,9.61
2026-06-09T02:27:54Z,,0,,,,,,
2026-06-09T03:27:53Z,,0,,,,,,
2026-06-09T03:44:31Z,645,,15.8,62.8,8.45,15.2,78.1,10.13
2026-06-09T04:27:54Z,,0,,,,,,
2026-06-09T05:27:54Z,,0,,,,,,
2026-06-09T05:44:45Z,990,,19.5,56.7,9.51,16.9,74.1,10.65
2026-06-09T06:27:55Z,,0,,,,,,
2026-06-09T07:27:54Z,,0,,,,,,
2026-06-09T07:45:19Z,870,,18.9,62,10.04,17.6,77.5,11.62
2026-06-09T08:27:54Z,,0,,,,,,
2026-06-09T09:27:54Z,,0,,,,,,
2026-06-09T09:44:35Z,765,,20.5,53.1,9.45,17.8,73.6,11.17
2026-06-09T10:27:54Z,,0,,,,,,
2026-06-09T11:27:54Z,,0,,,,,,
2026-06-09T11:43:56Z,900,,19.3,61.6,10.21,16.6,83.3,11.76
2026-06-09T12:27:54Z,,0,,,,,,
2026-06-09T13:27:54Z,,0,,,,,,
2026-06-09T13:44:33Z,1230,,17.8,74.1,11.24,15.8,89.3,12.02
2026-06-09T14:27:54Z,,0,,,,,,
2026-06-09T15:27:54Z,,0,,,,,,
2026-06-09T15:44:57Z,1260,,18.3,75.6,11.82,16.4,90.2,12.58
2026-06-09T16:27:54Z,,0,,,,,,
2026-06-09T17:27:54Z,,0,,,,,,
2026-06-09T17:44:46Z,1230,,18.3,73.8,11.54,16.3,89.5,12.41
2026-06-09T18:27:54Z,,0,,,,,,
2026-06-09T19:27:54Z,,0,,,,,,
2026-06-09T19:45:25Z,1065,,17.2,75.9,11.11,15.8,91.2,12.27
2026-06-09T20:27:54Z,,0,,,,,,
2026-06-09T21:27:54Z,,0,,,,,,
2026-06-09T21:46:01Z,1095,,16.1,80.4,11.02,15,93.8,12.02
2026-06-09T22:27:54Z,,0,,,,,,
2026-06-09T23:27:54Z,,0,,,,,,
2026-06-09T23:45:11Z,1095,,15.5,78.6,10.39,14.1,93.8,11.38
2026-06-10T00:27:54Z,,0,,,,,,
2026-06-10T01:27:53Z,,0,,,,,,
2026-06-10T01:45:01Z,1110,,14.3,82.2,10.09,13,96.9,10.98
2026-06-10T02:27:54Z,,0,,,,,,
2026-06-10T03:27:54Z,,0,,,,,,
2026-06-10T03:45:43Z,1320,,15.3,80.5,10.51,13.2,96.2,11.04
2026-06-10T04:27:54Z,,0,,,,,,
2026-06-10T05:27:54Z,,0,,,,,,
2026-06-10T05:44:56Z,1080,,14.9,79.5,10.13,12.9,98.5,11.1
2026-06-10T06:27:54Z,,0,,,,,,
2026-06-10T07:27:54Z,,0,,,,,,
2026-06-10T07:44:35Z,2055,,19.7,76.7,13.02,16,87.1,11.86
2026-06-10T08:27:54Z,,0,,,,,,
2026-06-10T09:27:54Z,,0,,,,,,
2026-06-10T09:44:12Z,2055,,26.1,49.4,12.1,19.3,67,11.11
2026-06-10T10:27:55Z,,0,,,,,,
2026-06-10T11:27:54Z,,0,,,,,,
2026-06-10T11:43:33Z,2865,,32.3,33.6,11.54,18.1,62.4,9.64
2026-06-10T12:27:54Z,,0,,,,,,
2026-06-10T13:27:54Z,,0,,,,,,
2026-06-10T13:44:00Z,1935,,31.1,29.7,9.57,17.4,60.9,9.02
2026-06-10T14:27:53Z,,0,,,,,,
2026-06-10T15:27:54Z,,0,,,,,,
2026-06-10T15:44:42Z,1455,,28.4,27.1,7.54,17.1,53.7,7.81
2026-06-10T16:27:54Z,,0,,,,,,
2026-06-10T17:27:54Z,,0,,,,,,
2026-06-10T17:45:24Z,735,,22.6,33.9,6.81,15.7,60.2,8.05
2026-06-10T18:27:55Z,,0,,,,,,
2026-06-10T19:27:54Z,,0,,,,,,
2026-06-10T19:45:32Z,540,,15.6,43.6,5.8,13.6,68.9,8.11
2026-06-10T20:27:53Z,,0,,,,,,
2026-06-10T21:27:53Z,,0,,,,,,
2026-06-10T21:45:55Z,525,,11.3,52.2,5.32,11.1,82,8.26
2026-06-10T22:27:54Z,,0,,,,,,
2026-06-10T23:27:53Z,,0,,,,,,
2026-06-10T23:45:18Z,525,,10.6,60,5.85,10.5,88.8,8.61
2026-06-11T00:27:53Z,,0,,,,,,
2026-06-11T01:27:53Z,,0,,,,,,
2026-06-11T01:45:48Z,525,,11,67.6,6.76,11.1,92.4,9.3
2026-06-11T02:27:54Z,,0,,,,,,
2026-06-11T03:27:54Z,,0,,,,,,
2026-06-11T03:45:45Z,525,,12.9,71.6,8.07,13.4,88.6,10.3
2026-06-11T04:27:54Z,,0,,,,,,
2026-06-11T05:27:53Z,,0,,,,,,
2026-06-11T05:46:24Z,2115,,21.4,67,12.56,21,62.5,11.45
2026-06-11T06:27:53Z,,0,,,,,,
2026-06-11T07:27:54Z,,0,,,,,,
2026-06-11T07:46:31Z,3165,,31.6,35.5,11.75,22.5,45.5,9.09
2026-06-11T08:27:54Z,,0,,,,,,
2026-06-11T09:27:54Z,,0,,,,,,
2026-06-11T09:47:11Z,2385,,35.7,25,10.27,21.2,48.3,8.95
2026-06-11T10:27:54Z,,0,,,,,,
2026-06-11T11:27:54Z,,0,,,,,,
2026-06-11T11:46:32Z,1380,,29.8,25.8,7.75,17.8,53.6,8.13
2026-06-11T12:27:54Z,,0,,,,,,
2026-06-11T13:27:54Z,,0,,,,,,
2026-06-11T13:47:11Z,540,,24.2,28.9,6.36,16.3,56.6,7.85
2026-06-11T14:27:54Z,,0,,,,,,
2026-06-11T15:27:54Z,,0,,,,,,
2026-06-11T15:46:56Z,540,,18.7,29.1,4.66,14.3,68.4,8.4
2026-06-11T16:27:54Z,,0,,,,,,
2026-06-11T17:27:53Z,,0,,,,,,
2026-06-11T17:46:23Z,525,,13.9,51.6,6.18,12.3,77.9,8.46
2026-06-11T18:27:54Z,,0,,,,,,
2026-06-11T19:27:54Z,,0,,,,,,
2026-06-11T19:46:21Z,885,,12.5,70.1,7.7,10.3,91.8,8.79
2026-06-11T20:27:53Z,,0,,,,,,
2026-06-11T21:27:54Z,,0,,,,,,
2026-06-11T21:46:40Z,945,,12.5,77.9,8.56,10.4,100,9.63
2026-06-11T22:27:54Z,,0,,,,,,
2026-06-11T23:27:54Z,,0,,,,,,
2026-06-11T23:46:36Z,1065,,12.8,79.9,8.95,10.9,100,9.94
2026-06-12T00:27:54Z,,0,,,,,,
2026-06-12T01:27:54Z,,0,,,,,,
2026-06-12T01:46:40Z,885,,13.4,79,9.18,11.9,100,10.59
2026-06-12T02:27:54Z,,0,,,,,,
2026-06-12T03:27:54Z,,0,,,,,,
2026-06-12T03:46:43Z,1095,,14.8,79.9,10.12,12.7,100,11.13
2026-06-12T04:27:54Z,,0,,,,,,
2026-06-12T05:27:54Z,,0,,,,,,
2026-06-12T05:46:38Z,1065,,14.9,77.5,9.87,12.4,100,10.92
2026-06-12T06:27:54Z,,0,,,,,,
2026-06-12T07:27:54Z,,0,,,,,,
2026-06-12T07:45:55Z,1365,,18.4,67.8,10.66,13,98.3,11.14
2026-06-12T08:27:53Z,,0,,,,,,
2026-06-12T09:27:54Z,,0,,,,,,
2026-06-12T09:45:13Z,1500,,22,54.9,10.65,14.9,85,10.83
2026-06-12T10:27:54Z,,0,,,,,,
2026-06-12T11:27:54Z,,0,,,,,,
2026-06-12T11:45:19Z,1665,,23.6,49.8,10.59,16.2,76.1,10.49
2026-06-12T12:27:54Z,,0,,,,,,
2026-06-12T13:27:54Z,,0,,,,,,
2026-06-12T13:45:13Z,945,,25.5,38.2,9.05,17.1,70.8,10.3
2026-06-12T14:27:54Z,,0,,,,,,
2026-06-12T15:27:54Z,,0,,,,,,
2026-06-12T15:44:47Z,780,,25.2,36.8,8.57,17.6,67.7,10.15
2026-06-12T16:27:53Z,,0,,,,,,
2026-06-12T17:27:54Z,,0,,,,,,
2026-06-12T17:44:06Z,540,,20.8,44.2,8.0,16.2,73.5,10.13
2026-06-12T18:27:54Z,,0,,,,,,
2026-06-12T19:27:54Z,,0,,,,,,
2026-06-12T19:44:00Z,525,,16.4,49.8,6.95,14.1,79.7,9.67
2026-06-12T20:27:54Z,,0,,,,,,
2026-06-12T21:27:53Z,,0,,,,,,
2026-06-12T21:43:51Z,525,,12.3,58.1,6.31,11.8,87.1,9.16
2026-06-12T22:27:54Z,,0,,,,,,
2026-06-12T23:27:54Z,,0,,,,,,
2026-06-12T23:44:43Z,525,,10.9,64.6,6.42,10.7,91.7,9.0
2026-06-13T00:27:54Z,,0,,,,,,
2026-06-13T01:27:53Z,,0,,,,,,
2026-06-13T01:43:55Z,525,,10.7,69.1,6.78,10.1,93.8,8.87
2026-06-13T02:27:54Z,,0,,,,,,
2026-06-13T03:27:54Z,,0,,,,,,
2026-06-13T03:43:55Z,750,,12.5,75,8.24,11.2,95.1,9.64
2026-06-13T04:27:54Z,,0,,,,,,
2026-06-13T05:27:54Z,,0,,,,,,
2026-06-13T05:43:58Z,1875,,19.5,64.6,10.84,15.3,79.3,10.35
2026-06-13T06:27:54Z,,0,,,,,,
2026-06-13T07:27:54Z,,0,,,,,,
2026-06-13T07:44:21Z,1170,,20.5,52.7,9.38,15.6,76.9,10.22
2026-06-13T08:27:54Z,,0,,,,,,
2026-06-13T09:27:53Z,,0,,,,,,
2026-06-13T09:43:47Z,945,,21.2,51.5,9.54,15.9,80.2,10.86
2026-06-13T10:27:55Z,,0,,,,,,
2026-06-13T11:27:54Z,,0,,,,,,
2026-06-13T11:44:23Z,1095,,17.5,62.7,9.34,13.4,88.2,10.25
2026-06-13T12:27:54Z,,0,,,,,,
2026-06-13T13:27:54Z,,0,,,,,,
2026-06-13T13:43:47Z,1095,,15.7,64.2,8.59,11.8,89.7,9.44
2026-06-13T14:27:54Z,,0,,,,,,
2026-06-13T15:27:54Z,,0,,,,,,
2026-06-13T15:43:34Z,1200,,14.3,71.9,8.83,11.3,92.7,9.45
2026-06-13T16:27:54Z,,0,,,,,,
2026-06-13T17:27:54Z,,0,,,,,,
2026-06-13T17:43:35Z,1215,,12.9,77.7,8.75,10.7,94.8,9.31
2026-06-13T18:27:53Z,,0,,,,,,
2026-06-13T19:27:54Z,,0,,,,,,
2026-06-13T19:43:01Z,1245,,11.9,82.2,8.7,10.1,98.6,9.32
2026-06-13T20:27:54Z,,0,,,,,,
2026-06-13T21:27:54Z,,0,,,,,,
2026-06-13T21:42:40Z,1275,,11.7,83.9,8.77,9.8,99.9,9.27
2026-06-13T22:27:54Z,,0,,,,,,
2026-06-13T23:27:54Z,,0,,,,,,
2026-06-13T23:42:27Z,1245,,11.6,83.7,8.7,9.7,99.8,9.2
2026-06-14T00:27:54Z,,0,,,,,,
2026-06-14T01:27:54Z,,0,,,,,,
2026-06-14T01:43:16Z,1245,,11.6,83,8.62,9.6,100,9.16
2026-06-14T02:27:54Z,,0,,,,,,
2026-06-14T03:27:54Z,,0,,,,,,
2026-06-14T03:44:03Z,1350,,11.7,83.4,8.72,9.6,100,9.16
2026-06-14T04:27:54Z,,0,,,,,,
2026-06-14T05:27:54Z,,0,,,,,,
2026-06-14T05:44:00Z,1710,,12.8,82,9.18,10.8,91.5,9.04
2026-06-14T06:27:55Z,,0,,,,,,
2026-06-14T07:27:54Z,,0,,,,,,
2026-06-14T07:43:22Z,2070,,17.1,67,9.75,11.9,84.1,8.9
2026-06-14T08:27:53Z,,0,,,,,,
2026-06-14T09:27:54Z,,0,,,,,,
2026-06-14T09:43:21Z,3045,,23.8,52.1,11.21,14.4,72.3,8.93
2026-06-14T10:27:54Z,,0,,,,,,
2026-06-14T11:27:54Z,,0,,,,,,
2026-06-14T11:42:38Z,2880,,30,34.4,10.44,15.4,65.6,8.62
2026-06-14T12:27:54Z,,0,,,,,,
2026-06-14T13:27:54Z,,0,,,,,,
2026-06-14T13:43:19Z,780,,19,49.5,8.06,12.5,86.6,9.52
2026-06-14T14:27:54Z,,0,,,,,,
2026-06-14T15:27:53Z,,0,,,,,,
2026-06-14T15:43:50Z,540,,17.3,51,7.51,13.3,91.6,10.58
2026-06-14T16:27:54Z,,0,,,,,,
2026-06-14T17:27:54Z,,0,,,,,,
2026-06-14T17:43:48Z,540,,17.9,46.2,7.05,13.3,90.3,10.43
2026-06-14T18:27:54Z,,0,,,,,,
2026-06-14T19:27:54Z,,0,,,,,,
2026-06-14T19:43:05Z,540,,14,55.4,6.68,12.7,93.3,10.38
2026-06-14T20:27:54Z,,0,,,,,,
2026-06-14T21:27:54Z,,0,,,,,,
2026-06-14T21:42:41Z,525,,10.4,72.3,6.97,11,96.9,9.7
2026-06-14T22:27:54Z,,0,,,,,,
2026-06-14T23:27:54Z,,0,,,,,,
2026-06-14T23:41:58Z,525,,10.2,75,7.13,10.5,99.2,9.62
2026-06-15T00:27:54Z,,0,,,,,,
2026-06-15T01:27:54Z,,0,,,,,,
2026-06-15T01:42:11Z,525,,10.9,77.6,7.72,10.4,100,9.63
2026-06-15T02:27:54Z,,0,,,,,,
2026-06-15T03:27:54Z,,0,,,,,,
2026-06-15T03:42:38Z,1170,,13.3,81.9,9.46,11.3,100,10.2
2026-06-15T04:27:54Z,,0,,,,,,
2026-06-15T05:27:54Z,,0,,,,,,
2026-06-15T05:41:51Z,1320,,15.2,81.4,10.56,12.6,100,11.06
2026-06-15T06:27:54Z,,0,,,,,,
2026-06-15T07:27:54Z,,0,,,,,,
2026-06-15T07:41:26Z,1095,,17.7,68.9,10.39,13.7,95.9,11.35
2026-06-15T08:27:54Z,,0,,,,,,
2026-06-15T09:27:54Z,,0,,,,,,
2026-06-15T09:40:29Z,1395,,17,82.9,11.99,14.8,98.7,12.5
2026-06-15T10:27:54Z,,0,,,,,,
2026-06-15T11:27:54Z,,0,,,,,,
2026-06-15T11:40:06Z,2040,,19.9,74.9,12.87,15.4,90.9,11.94
2026-06-15T12:27:54Z,,0,,,,,,
2026-06-15T13:27:54Z,,0,,,,,,
2026-06-15T13:40:42Z,2085,,24.6,55.8,12.56,16.1,84.3,11.55
2026-06-15T14:27:53Z,,0,,,,,,
2026-06-15T15:27:54Z,,0,,,,,,
2026-06-15T15:40:54Z,1470,,23.3,52.9,11.06,15,88.1,11.29
2026-06-15T16:27:54Z,,0,,,,,,
2026-06-15T17:27:54Z,,0,,,,,,
2026-06-15T17:40:27Z,1575,,21.9,54.6,10.54,14.4,86.1,10.64
2026-06-15T18:27:54Z,,0,,,,,,
2026-06-15T19:27:53Z,,0,,,,,,
2026-06-15T19:41:17Z,645,,15.5,64.8,8.56,12.8,91.4,10.23
2026-06-15T20:27:54Z,,0,,,,,,
2026-06-15T21:27:53Z,,0,,,,,,
2026-06-15T21:40:27Z,525,,9.8,70.7,6.56,9.8,95.2,8.83
2026-06-15T22:27:53Z,,0,,,,,,
2026-06-15T23:27:53Z,,0,,,,,,
2026-06-15T23:40:40Z,525,,7.8,76.1,6.21,8.4,98.4,8.35
2026-06-16T00:27:54Z,,0,,,,,,
2026-06-16T01:27:54Z,,0,,,,,,
2026-06-16T01:41:13Z,540,,7.9,78.5,6.45,7.9,100,8.21
2026-06-16T02:27:54Z,,0,,,,,,
2026-06-16T03:27:54Z,,0,,,,,,
2026-06-16T03:41:11Z,990,,10.1,88.7,8.39,10.5,96.5,9.36
2026-06-16T04:27:54Z,,5e-05,,,,,,
2026-06-16T05:27:54Z,,0.0001,,,,,,
2026-06-16T05:40:28Z,1830,,17.1,86.4,12.57,17.4,82,12.15
2026-06-16T06:27:54Z,,0.00013,,,,,,
2026-06-16T07:27:53Z,,0.00016,,,,,,
2026-06-16T07:41:12Z,2115,,28.7,47.8,13.52,24.1,56.2,12.3
2026-06-16T08:27:54Z,,0,,,,,,
2026-06-16T09:27:53Z,,0,,,,,,
2026-06-16T09:40:49Z,2295,,34.7,32,12.48,24.3,49.9,11.04
2026-06-16T10:27:55Z,,0,,,,,,
2026-06-16T11:27:54Z,,0,,,,,,
2026-06-16T11:40:47Z,2985,,39.9,25.1,12.78,21.2,54.7,10.14
2026-06-16T12:27:54Z,,0,,,,,,
2026-06-16T13:27:54Z,,0,,,,,,
2026-06-16T13:40:11Z,1995,,36.4,25.4,10.82,21.4,54.3,10.18
2026-06-16T14:27:53Z,,0,,,,,,
2026-06-16T15:27:53Z,,0,,,,,,
2026-06-16T15:40:59Z,1275,,35.1,22.7,9.04,22.3,49.1,9.7
2026-06-16T16:27:54Z,,0,,,,,,
2026-06-16T17:27:54Z,,0,,,,,,
2026-06-16T17:41:24Z,540,,25.6,32.7,7.79,19.6,62.1,10.48
2026-06-16T18:27:54Z,,0,,,,,,
2026-06-16T19:27:54Z,,0,,,,,,
2026-06-16T19:41:50Z,525,,19.3,42,6.96,17.2,70.6,10.33
2026-06-16T20:27:54Z,,0,,,,,,
2026-06-16T21:27:54Z,,0,,,,,,
2026-06-16T21:41:40Z,540,,15.7,59.2,7.92,15,77.2,9.9
2026-06-16T22:27:54Z,,0,,,,,,
2026-06-16T23:27:54Z,,0,,,,,,
2026-06-16T23:41:44Z,990,,14.6,74.9,9.37,14.3,85.9,10.55
2026-06-17T00:27:54Z,,0,,,,,,
2026-06-17T01:27:53Z,,0,,,,,,
2026-06-17T01:41:35Z,1275,,14.6,72.6,9.08,13.1,84,9.58
2026-06-17T02:27:54Z,,0,,,,,,
2026-06-17T03:27:53Z,,0,,,,,,
2026-06-17T03:40:56Z,1260,,14.3,71.4,8.77,12.4,85.7,9.36
2026-06-17T04:27:54Z,,0,,,,,,
2026-06-17T05:27:54Z,,0,,,,,,
2026-06-17T05:40:28Z,1395,,14.6,75.5,9.44,12.9,86.9,9.79
2026-06-17T06:27:54Z,,0,,,,,,
2026-06-17T07:27:53Z,,0,,,,,,
2026-06-17T07:40:51Z,1260,,14.8,77.6,9.83,12.8,93.5,10.47
2026-06-17T08:27:54Z,,0,,,,,,
2026-06-17T09:27:54Z,,0,,,,,,
2026-06-17T09:41:10Z,1395,,15.8,82.9,11.15,13.9,96.3,11.54
2026-06-17T10:27:54Z,,0,,,,,,
2026-06-17T11:27:54Z,,0,,,,,,
2026-06-17T11:40:56Z,1350,,16.7,80.6,11.45,14.4,96.6,11.94
2026-06-17T12:27:54Z,,0,,,,,,
2026-06-17T13:27:53Z,,0,,,,,,
2026-06-17T13:40:08Z,1425,,17.3,81.8,12.05,15,97,12.43
2026-06-17T14:27:54Z,,0,,,,,,
2026-06-17T15:27:53Z,,0,,,,,,
2026-06-17T15:40:03Z,1395,,16.9,81.1,11.66,15.1,94.2,12.15
2026-06-17T16:27:54Z,,0,,,,,,
2026-06-17T17:27:54Z,,0,,,,,,
2026-06-17T17:40:39Z,1290,,16.1,76.7,10.51,15.3,85.2,11.12
2026-06-17T18:27:54Z,,0,,,,,,
2026-06-17T19:27:54Z,,0,,,,,,
2026-06-17T19:40:19Z,1155,,14.9,71.9,9.16,14.7,79.1,9.95
2026-06-17T20:27:54Z,,0,,,,,,
2026-06-17T21:27:54Z,,0,,,,,,
2026-06-17T21:41:04Z,1020,,13.1,75,8.55,13.2,82.9,9.51
2026-06-17T22:27:54Z,,0,,,,,,
2026-06-17T23:27:54Z,,0,,,,,,
2026-06-17T23:40:28Z,1080,,11.7,79,8.26,12,84.9,9.04
2026-06-18T00:27:53Z,,0,,,,,,
2026-06-18T01:27:53Z,,0,,,,,,
2026-06-18T02:27:54Z,,0,,,,,,
2026-06-18T03:27:53Z,,0,,,,,,
2026-06-18T03:39:05Z,1470,,13.4,79.8,9.27,14.2,78,9.52
2026-06-18T04:27:54Z,,0,,,,,,
2026-06-18T05:27:54Z,,0,,,,,,
2026-06-18T05:39:18Z,1755,,20.4,63.2,11.18,20.9,59.4,10.82
2026-06-18T06:27:54Z,,0,,,,,,
2026-06-18T07:27:53Z,,0,,,,,,
2026-06-18T07:39:34Z,1995,,30.5,39.6,12.35,27.3,43.8,11.47
2026-06-18T08:27:53Z,,0,,,,,,
2026-06-18T09:27:54Z,,0,,,,,,
2026-06-18T09:39:22Z,1665,,34.7,26.7,10.41,24.9,45.1,10.33
2026-06-18T10:27:54Z,,0,,,,,,
2026-06-18T11:27:53Z,,0,,,,,,
2026-06-18T11:38:38Z,3225,,43.6,19.6,12.0,24.5,41.2,9.22
2026-06-18T12:27:55Z,,0,,,,,,
2026-06-18T13:27:54Z,,0,,,,,,
2026-06-18T14:27:54Z,,0,,,,,,
2026-06-18T15:27:54Z,,0,,,,,,
2026-06-18T15:39:02Z,945,,32.6,26.5,9.25,21.6,55.6,10.54
2026-06-18T16:27:54Z,,0,,,,,,
2026-06-18T17:27:55Z,,0,,,,,,
2026-06-18T17:38:24Z,555,,24.9,32.5,7.44,19.4,58.6,9.77
2026-06-18T18:27:55Z,,0,,,,,,
2026-06-18T19:27:54Z,,0,,,,,,
2026-06-18T19:37:57Z,540,,19.3,39,6.47,17.2,62.9,9.21
2026-06-18T20:27:54Z,,0,,,,,,
2026-06-18T21:27:54Z,,0,,,,,,
2026-06-18T21:38:47Z,540,,16.3,47.1,6.53,15.5,69,9.12
2026-06-18T22:27:54Z,,0,,,,,,
2026-06-18T23:27:53Z,,0,,,,,,
2026-06-18T23:38:31Z,525,,15.1,57.1,7.36,14.7,76.1,9.58
2026-06-19T00:27:54Z,,0,,,,,,
2026-06-19T01:27:54Z,,0,,,,,,
2026-06-19T01:37:37Z,585,,14,68,8.2,14,82.3,9.92
2026-06-19T02:27:54Z,,0,,,,,,
2026-06-19T03:27:54Z,,0,,,,,,
2026-06-19T03:37:23Z,1125,,15.7,76,10.16,16.9,77.3,11.11
2026-06-19T04:27:54Z,,0,,,,,,
2026-06-19T05:27:54Z,,0,,,,,,
2026-06-19T05:36:40Z,1740,,23.3,49.1,10.27,23.2,48.1,10.0
2026-06-19T06:27:55Z,,0,,,,,,
2026-06-19T07:27:53Z,,0,,,,,,
2026-06-19T07:37:01Z,2160,,32.7,31.3,10.98,28.5,35.6,9.96
2026-06-19T08:27:54Z,,0,,,,,,
2026-06-19T09:27:54Z,,0,,,,,,
2026-06-19T09:37:25Z,2490,,41.4,19.8,10.87,28.6,33.2,9.34
2026-06-19T10:27:54Z,,0,,,,,,
2026-06-19T11:27:54Z,,0,,,,,,
2026-06-19T11:37:23Z,2790,,41.1,20.1,10.87,23.8,42.8,9.21
2026-06-19T12:27:54Z,,0,,,,,,
2026-06-19T13:27:55Z,,0,,,,,,
2026-06-19T13:37:35Z,1800,,38.1,19.3,8.97,23.4,41.5,8.73
2026-06-19T14:27:54Z,,0,,,,,,
2026-06-19T15:27:54Z,,0,,,,,,
2026-06-19T15:37:08Z,1065,,31.7,26.1,8.68,22,50.1,9.72
2026-06-19T16:27:54Z,,0,,,,,,
2026-06-19T17:27:54Z,,0,,,,,,
2026-06-19T17:37:28Z,885,,28.3,31,8.58,21.6,52.3,9.92
2026-06-19T18:27:54Z,,0,,,,,,
2026-06-19T19:27:54Z,,0,,,,,,
2026-06-19T19:37:21Z,540,,21,41.9,7.67,19.4,61.3,10.23
2026-06-19T20:27:54Z,,0,,,,,,
2026-06-19T21:27:54Z,,0,,,,,,
2026-06-19T21:37:17Z,525,,15.1,47.8,6.16,15.8,67.8,9.12
2026-06-19T22:27:54Z,,0,,,,,,
2026-06-19T23:27:54Z,,0,,,,,,
2026-06-19T23:36:45Z,510,,11.3,55.8,5.69,12.8,75.8,8.49
2026-06-20T00:27:54Z,,0,,,,,,
2026-06-20T01:27:54Z,,0,,,,,,
2026-06-20T01:36:48Z,525,,11.2,60.7,6.15,12.1,78.6,8.43
2026-06-20T02:27:54Z,,0,,,,,,
2026-06-20T03:27:54Z,,0,,,,,,
2026-06-20T03:37:25Z,540,,13.7,67,7.93,15.5,79,10.44
2026-06-20T04:27:53Z,,0,,,,,,
2026-06-20T05:27:54Z,,0,,,,,,
2026-06-20T05:38:15Z,1560,,22.8,55.2,11.22,19.6,67,11.31
2026-06-20T06:27:54Z,,0,,,,,,
2026-06-20T07:27:54Z,,0,,,,,,
2026-06-20T07:37:38Z,1770,,28.1,43.6,11.93,22.3,58.8,11.61
2026-06-20T08:27:54Z,,0,,,,,,
2026-06-20T09:27:54Z,,0,,,,,,
2026-06-20T09:38:21Z,2805,,36.8,31.6,13.74,24.9,50.6,11.59
2026-06-20T10:27:54Z,,0,,,,,,
2026-06-20T11:27:54Z,,0,,,,,,
2026-06-20T11:38:54Z,1800,,38.2,29.4,13.74,24.4,59.5,13.24
2026-06-20T12:27:54Z,,0,,,,,,
2026-06-20T13:27:54Z,,0,,,,,,
2026-06-20T13:38:12Z,1230,,36,30.8,12.85,22.7,68.7,13.88
2026-06-20T14:27:54Z,,0,,,,,,
2026-06-20T15:27:55Z,,0,,,,,,
2026-06-20T15:38:29Z,990,,34,33.4,12.55,23,69.3,14.24
2026-06-20T16:27:54Z,,0,,,,,,
2026-06-20T17:27:54Z,,0,,,,,,
2026-06-20T17:38:30Z,615,,28.3,39.7,10.98,22.3,67.7,13.37
2026-06-20T18:27:54Z,,0,,,,,,
2026-06-20T19:27:53Z,,0,,,,,,
2026-06-20T19:39:04Z,540,,21.9,45.4,8.76,20,69,11.92
2026-06-20T20:27:54Z,,0,,,,,,
2026-06-20T21:27:53Z,,0,,,,,,
2026-06-20T21:38:17Z,540,,18.5,56.3,8.91,18.3,79.9,12.49
2026-06-20T22:27:54Z,,0,,,,,,
2026-06-20T23:27:54Z,,0,,,,,,
2026-06-20T23:38:19Z,540,,18.5,59.2,9.36,18.4,80.8,12.7
2026-06-21T00:27:54Z,,0,,,,,,
2026-06-21T01:27:54Z,,0,,,,,,
2026-06-21T01:37:26Z,540,,17.2,66.4,9.72,17.1,87.5,12.73
2026-06-21T02:27:54Z,,0,,,,,,
2026-06-21T03:27:54Z,,0,,,,,,
2026-06-21T03:37:18Z,525,,17.7,72.8,10.98,18.8,83.8,13.49
2026-06-21T04:27:54Z,,0,,,,,,
2026-06-21T05:27:54Z,,0,,,,,,
2026-06-21T05:37:10Z,1635,,24.8,68.6,15.62,25.2,66.9,15.58
2026-06-21T06:27:54Z,,0,,,,,,
2026-06-21T07:27:54Z,,0,,,,,,
2026-06-21T07:36:55Z,1755,,34.2,45.4,17.24,31.3,51.5,16.77
2026-06-21T08:27:53Z,,0,,,,,,
2026-06-21T09:27:53Z,,0,,,,,,
2026-06-21T09:37:07Z,1935,,41.8,29.3,16.41,32.3,45.6,15.66
2026-06-21T10:27:55Z,,0,,,,,,
2026-06-21T11:27:54Z,,0,,,,,,
2026-06-21T11:37:10Z,1935,,41.3,25.9,14.15,28.8,47.3,13.45
2026-06-21T12:27:53Z,,0,,,,,,
2026-06-21T13:27:54Z,,0,,,,,,
2026-06-21T13:37:11Z,2190,,42.8,22.9,13.48,27.2,46.7,12.16
2026-06-21T14:27:54Z,,0,,,,,,
2026-06-21T15:27:54Z,,0,,,,,,
2026-06-21T15:36:33Z,1470,,37,24.7,10.85,26.8,44.1,11.23
2026-06-21T16:27:54Z,,0,,,,,,
2026-06-21T17:27:54Z,,0,,,,,,
2026-06-21T17:37:16Z,1125,,32.2,28.3,9.67,25.4,45,10.6
2026-06-21T18:27:55Z,,0,,,,,,
2026-06-21T19:27:54Z,,0,,,,,,
2026-06-21T19:36:36Z,750,,23.9,37.4,8.09,21.8,50.1,9.61
2026-06-21T20:27:53Z,,0,,,,,,
2026-06-21T21:27:54Z,,0,,,,,,
2026-06-21T21:36:02Z,585,,17.4,49.2,7.29,17.7,58.8,8.87
2026-06-21T22:27:54Z,,0,,,,,,
2026-06-21T23:27:53Z,,0,,,,,,
2026-06-21T23:36:36Z,915,,14.4,58.1,7.18,15.3,62.1,8.11
2026-06-22T00:27:54Z,,0,,,,,,
2026-06-22T01:27:54Z,,0,,,,,,
2026-06-22T01:36:42Z,1050,,13,63,7.14,13.5,67.4,7.88
2026-06-22T02:27:53Z,,0,,,,,,
2026-06-22T03:27:54Z,,0,,,,,,
2026-06-22T03:36:24Z,1440,,15.4,66.8,8.77,17.2,61.3,8.97
2026-06-22T04:27:54Z,,0,,,,,,
2026-06-22T05:27:53Z,,0,,,,,,
2026-06-22T05:36:42Z,1635,,22,47.8,9.28,20.7,51.3,9.23
2026-06-22T06:27:54Z,,0,,,,,,
2026-06-22T07:27:54Z,,0,,,,,,
2026-06-22T07:37:02Z,1875,,31.4,30.2,9.89,25.1,40.7,9.42
2026-06-22T08:27:54Z,,0,,,,,,
2026-06-22T09:27:54Z,,0,,,,,,
2026-06-22T09:37:34Z,2145,,39.2,20.8,10.22,26.7,36.6,9.27
2026-06-22T10:27:54Z,,0,,,,,,
2026-06-22T11:27:54Z,,0,,,,,,
2026-06-22T11:37:38Z,2805,,40.9,18,9.64,22.9,39.7,8.11
2026-06-22T12:27:54Z,,0,,,,,,
2026-06-22T13:27:54Z,,0,,,,,,
2026-06-22T13:38:17Z,1890,,38.1,17,7.9,22.2,38.4,7.54
2026-06-22T14:27:54Z,,0,,,,,,
2026-06-22T15:27:54Z,,0,,,,,,
2026-06-22T15:38:42Z,1590,,33.4,18.7,6.81,21.5,36.6,6.9
2026-06-22T16:27:54Z,,0,,,,,,
2026-06-22T17:27:54Z,,0,,,,,,
2026-06-22T17:39:02Z,900,,25.5,21.8,5.16,19.6,35.2,5.94
2026-06-22T18:27:54Z,,0,,,,,,
2026-06-22T19:27:54Z,,0,,,,,,
2026-06-22T19:39:25Z,585,,18.1,29.6,4.57,16.3,40.4,5.6
2026-06-22T20:27:54Z,,0,,,,,,
2026-06-22T21:27:54Z,,0,,,,,,
2026-06-22T21:39:01Z,525,,14,38.9,4.69,13.8,50.1,5.97
2026-06-22T22:27:54Z,,0,,,,,,
2026-06-22T23:27:54Z,,0,,,,,,
2026-06-22T23:38:28Z,510,,10.5,46.8,4.54,10.7,60.2,5.91
2026-06-23T00:27:54Z,,0,,,,,,
2026-06-23T01:27:54Z,,0,,,,,,
2026-06-23T01:37:31Z,510,,8.7,57.7,4.99,9.5,68.5,6.23
2026-06-23T02:27:54Z,,0,,,,,,
2026-06-23T03:27:53Z,,0,,,,,,
2026-06-23T03:36:49Z,1140,,11.1,67.4,6.79,13.3,63.6,7.34
2026-06-23T04:27:54Z,,0,,,,,,
2026-06-23T05:27:54Z,,0,,,,,,
2026-06-23T05:37:33Z,1815,,20.5,45.2,8.04,20.5,43.4,7.72
2026-06-23T06:27:54Z,,0,,,,,,
2026-06-23T07:27:54Z,,0,,,,,,
2026-06-23T07:38:04Z,1710,,28,26,7.08,22,35.9,6.97
2026-06-23T08:27:54Z,,0,,,,,,
2026-06-23T09:27:54Z,,0,,,,,,
2026-06-23T09:37:34Z,2220,,35.6,18.9,7.72,23.5,32.5,6.87
2026-06-23T10:27:53Z,,0,,,,,,
2026-06-23T11:27:53Z,,0,,,,,,
2026-06-23T11:36:46Z,2475,,37.8,16.4,7.51,19.9,37.6,6.46
2026-06-23T12:27:53Z,,0,,,,,,
2026-06-23T13:27:53Z,,0,,,,,,
2026-06-23T13:36:33Z,2070,,36.2,16.4,6.91,20.1,36.9,6.41
2026-06-23T14:27:52Z,,0,,,,,,
2026-06-23T15:27:53Z,,0,,,,,,
2026-06-23T15:36:10Z,1215,,28.1,23.5,6.43,19.4,41.8,6.97
2026-06-23T16:27:54Z,,0,,,,,,
2026-06-23T17:27:54Z,,0,,,,,,
2026-06-23T17:36:09Z,900,,22.8,29.6,6.01,17.9,45.5,6.94
2026-06-23T18:27:53Z,,0,,,,,,
2026-06-23T19:27:53Z,,0,,,,,,
2026-06-23T19:36:51Z,540,,17.3,36,5.3,15.7,50.9,6.81
2026-06-23T20:27:53Z,,0,,,,,,
2026-06-23T21:27:53Z,,0,,,,,,
2026-06-23T21:36:22Z,540,,14.5,41.5,5.16,13.9,58.8,7.05
2026-06-23T22:27:53Z,,0,,,,,,
2026-06-23T23:27:53Z,,0,,,,,,
2026-06-23T23:36:20Z,525,,13.6,46.4,5.46,13.1,65,7.41
2026-06-24T00:27:53Z,,0,,,,,,
2026-06-24T01:27:53Z,,0,,,,,,
2026-06-24T01:36:20Z,525,,13.2,51.6,5.92,13,67.5,7.65
2026-06-24T02:27:52Z,,0,,,,,,
2026-06-24T03:27:53Z,,0,,,,,,
2026-06-24T03:36:18Z,525,,13.2,57.6,6.61,12.7,78.8,8.77
2026-06-24T04:27:53Z,,0,,,,,,
2026-06-24T05:27:53Z,,0,,,,,,
2026-06-24T06:27:53Z,,0,,,,,,
2026-06-24T07:27:53Z,,0,,,,,,
2026-06-24T07:37:33Z,765,,16.7,66.1,9.39,14.3,89.8,11.03
2026-06-24T08:27:54Z,,0,,,,,,
2026-06-24T09:27:53Z,,0,,,,,,
2026-06-24T09:37:20Z,1485,,18.2,72.5,11.27,14.9,90,11.47
2026-06-24T10:27:53Z,,0,,,,,,
2026-06-24T11:27:53Z,,0,,,,,,
2026-06-24T11:37:55Z,1740,,26.9,45.6,11.68,16.9,79.9,11.49
2026-06-24T12:27:53Z,,0,,,,,,
2026-06-24T13:27:53Z,,0,,,,,,
2026-06-24T13:38:03Z,1785,,32.3,29.8,10.24,17.6,66.2,9.93
2026-06-24T14:27:54Z,,0,,,,,,
2026-06-24T15:27:53Z,,0,,,,,,
2026-06-24T15:38:33Z,1080,,29,31.7,9.11,18.9,62.6,10.14
2026-06-24T16:27:53Z,,0,,,,,,
2026-06-24T17:27:52Z,,0,,,,,,
2026-06-24T17:39:07Z,1035,,26.8,34.1,8.68,19,59.6,9.71
2026-06-24T18:27:53Z,,0,,,,,,
2026-06-24T19:27:52Z,,0,,,,,,
2026-06-24T19:39:14Z,540,,18.4,45.3,7.12,15.5,70.3,9.29
2026-06-24T20:27:53Z,,0,,,,,,
2026-06-24T21:27:53Z,,0,,,,,,
2026-06-24T21:39:16Z,510,,11.8,57.5,6.05,12.1,81.1,8.69
2026-06-24T22:27:52Z,,0,,,,,,
2026-06-24T23:27:53Z,,0,,,,,,
2026-06-24T23:38:55Z,525,,10.9,66.5,6.61,11,84.3,8.44
2026-06-25T00:27:53Z,,0,,,,,,
2026-06-25T01:27:53Z,,0,,,,,,
2026-06-25T01:39:38Z,690,,10.1,71.1,6.72,10.3,83.2,7.97
2026-06-25T02:27:53Z,,0,,,,,,
2026-06-25T03:27:54Z,,0,,,,,,
2026-06-25T03:39:08Z,1395,,12.5,79.6,8.75,14.7,72.6,9.14
2026-06-25T04:27:53Z,,0,,,,,,
2026-06-25T05:27:53Z,,0,,,,,,
2026-06-25T05:38:56Z,1890,,22.3,51.7,10.21,20,56.5,9.76
2026-06-25T06:27:52Z,,0,,,,,,
2026-06-25T07:27:53Z,,0,,,,,,
2026-06-25T07:38:30Z,1965,,30.2,33.1,10.16,23.8,44.1,9.49
2026-06-25T08:27:53Z,,0,,,,,,
2026-06-25T09:27:53Z,,0,,,,,,
2026-06-25T09:38:32Z,2295,,37.7,22,10.02,26.1,36.2,8.87
2026-06-25T10:27:53Z,,0,,,,,,
2026-06-25T11:27:53Z,,0,,,,,,
2026-06-25T11:38:31Z,2130,,40.1,18.4,9.47,24.5,38.8,8.69
2026-06-25T12:27:52Z,,0,,,,,,
2026-06-25T13:27:53Z,,0,,,,,,
2026-06-25T13:37:39Z,1755,,35.1,21.7,8.64,22.8,41.6,8.45
2026-06-25T14:27:53Z,,0,,,,,,
2026-06-25T15:27:53Z,,0,,,,,,
2026-06-25T15:37:56Z,750,,29.2,27,7.85,21.9,48.3,9.32
2026-06-25T16:27:53Z,,0,,,,,,
2026-06-25T17:27:53Z,,0,,,,,,
2026-06-25T17:37:20Z,555,,20.6,37.8,6.76,18.2,66.7,10.36
2026-06-25T18:27:53Z,,0,,,,,,
2026-06-25T19:27:53Z,,0,,,,,,
2026-06-25T19:36:51Z,525,,16.7,50.6,7.19,15.7,81.6,10.91
2026-06-25T20:27:53Z,,0,,,,,,
2026-06-25T21:27:53Z,,0,,,,,,
2026-06-25T21:35:57Z,540,,14.7,61.4,7.73,14.3,87.1,10.7
2026-06-25T22:27:52Z,,0,,,,,,
2026-06-25T23:27:53Z,,0,,,,,,
2026-06-25T23:35:51Z,525,,13.1,73.9,8.43,13,90.1,10.21
2026-06-26T00:27:53Z,,0,,,,,,
2026-06-26T01:27:52Z,,0,,,,,,
2026-06-26T01:36:11Z,825,,11.6,78.6,8.17,11.5,91.2,9.42
2026-06-26T02:27:53Z,,0,,,,,,
2026-06-26T03:27:53Z,,0,,,,,,
2026-06-26T03:37:01Z,1410,,13.4,88.9,10.33,14.2,87.8,10.72
2026-06-26T04:27:53Z,,6e-05,,,,,,
2026-06-26T05:27:53Z,,0.00012,,,,,,
2026-06-26T05:37:50Z,1815,,19.3,74.1,12.29,20.5,66.9,11.9
2026-06-26T06:27:53Z,,0,,,,,,
2026-06-26T07:27:53Z,,0,,,,,,
2026-06-26T07:37:20Z,1800,,28.9,42.6,12.18,26,48.2,11.74
2026-06-26T08:27:53Z,,0,,,,,,
2026-06-26T09:27:54Z,,0,,,,,,
2026-06-26T09:36:58Z,1725,,35.3,26.3,10.58,25.7,43.8,10.49
2026-06-26T10:27:53Z,,0,,,,,,
2026-06-26T11:27:53Z,,0,,,,,,
2026-06-26T11:36:36Z,2370,,41.1,20.3,10.98,23.6,45.4,9.66
2026-06-26T12:27:53Z,,0,,,,,,
2026-06-26T13:27:53Z,,0,,,,,,
2026-06-26T13:37:20Z,1260,,33.7,24.4,9.03,23.4,46.2,9.72
2026-06-26T14:27:53Z,,0,,,,,,
2026-06-26T15:27:53Z,,0,,,,,,
2026-06-26T15:37:49Z,945,,27.2,33.4,8.7,22.2,50.4,9.89
2026-06-26T16:27:53Z,,0,,,,,,
2026-06-26T17:27:53Z,,0,,,,,,
2026-06-26T17:37:59Z,540,,19.2,48.6,8.01,17.6,65.4,9.81
2026-06-26T18:27:54Z,,0,,,,,,
2026-06-26T19:27:53Z,,0,,,,,,
2026-06-26T19:37:45Z,525,,16.4,54.1,7.55,15.7,74.8,10.0
2026-06-26T20:27:53Z,,0,,,,,,
2026-06-26T21:27:53Z,,0,,,,,,
2026-06-26T21:38:22Z,540,,15.1,59.5,7.67,14.4,81,10.01
2026-06-26T22:27:53Z,,0,,,,,,
2026-06-26T23:27:52Z,,0,,,,,,
2026-06-26T23:38:14Z,540,,14,63,7.6,13.6,84.4,9.93
2026-06-27T00:27:53Z,,0,,,,,,
2026-06-27T01:27:52Z,,0,,,,,,
2026-06-27T01:37:44Z,525,,13.9,68.1,8.16,13.6,88.1,10.36
2026-06-27T02:27:53Z,,0,,,,,,
2026-06-27T03:27:53Z,,0,,,,,,
2026-06-27T03:36:59Z,1065,,14.9,79.8,10.17,14.9,88,11.21
2026-06-27T04:27:53Z,,0,,,,,,
2026-06-27T05:27:53Z,,0,,,,,,
2026-06-27T05:36:13Z,1830,,21.1,69.5,12.8,19.2,75.2,12.4
2026-06-27T06:27:54Z,,0,,,,,,
2026-06-27T07:27:54Z,,0,,,,,,
2026-06-27T07:36:37Z,1545,,25.2,52.9,12.32,20.7,69.4,12.49
2026-06-27T08:27:53Z,,0,,,,,,
2026-06-27T09:27:53Z,,0,,,,,,
2026-06-27T09:37:03Z,1950,,38.4,28.5,13.45,25.8,52.6,12.67
2026-06-27T10:27:53Z,,0,,,,,,
2026-06-27T11:27:53Z,,0,,,,,,
2026-06-27T11:36:54Z,2280,,42.9,21.2,12.54,24.7,49.3,11.16
2026-06-27T12:27:53Z,,0,,,,,,
2026-06-27T13:27:53Z,,0,,,,,,
2026-06-27T13:36:08Z,1800,,40.9,20.5,10.98,24.8,46.8,10.66
2026-06-27T14:27:53Z,,0,,,,,,
2026-06-27T15:27:53Z,,0,,,,,,
2026-06-27T15:36:30Z,1350,,35.5,24.2,9.84,24.9,45.2,10.35
2026-06-27T16:27:53Z,,0,,,,,,
2026-06-27T17:27:53Z,,0,,,,,,
2026-06-27T17:36:17Z,990,,30.7,28.1,8.86,24.5,45,10.07
2026-06-27T18:27:53Z,,0,,,,,,
2026-06-27T19:27:53Z,,0,,,,,,
2026-06-27T19:36:12Z,540,,22.8,39.8,8.09,20.8,56.5,10.23
2026-06-27T20:27:53Z,,0,,,,,,
2026-06-27T21:27:53Z,,0,,,,,,
2026-06-27T21:35:50Z,540,,15.6,47.8,6.35,16.8,67,9.58
2026-06-27T22:27:53Z,,0,,,,,,
2026-06-27T23:27:53Z,,0,,,,,,
2026-06-27T23:35:03Z,525,,12.5,56.9,6.25,14.2,74.8,9.13
2026-06-28T00:27:53Z,,0,,,,,,
2026-06-28T01:27:53Z,,0,,,,,,
2026-06-28T01:35:45Z,510,,11.1,64,6.44,12.6,80.9,8.95
2026-06-28T02:27:53Z,,0,,,,,,
2026-06-28T03:27:53Z,,0,,,,,,
2026-06-28T03:35:06Z,525,,14.3,71.9,8.83,16.7,77.7,11.04
2026-06-28T04:27:52Z,,0,,,,,,
2026-06-28T05:27:53Z,,0,,,,,,
2026-06-28T05:34:58Z,2310,,23,63.9,13.13,21.8,60.1,11.53
2026-06-28T06:27:53Z,,0,,,,,,
2026-06-28T07:27:53Z,,0,,,,,,
2026-06-28T07:35:06Z,1440,,28.3,40.1,11.09,23,55.7,11.45
2026-06-28T08:27:53Z,,0,,,,,,
2026-06-28T09:27:53Z,,0,,,,,,
2026-06-28T09:35:44Z,2160,,34.5,34.6,13.35,25,52.4,12.07
2026-06-28T10:27:53Z,,0,,,,,,
2026-06-28T11:27:53Z,,0,,,,,,
2026-06-28T11:35:47Z,1590,,35.5,31,12.6,25,55.3,12.73
2026-06-28T12:27:52Z,,0,,,,,,
2026-06-28T13:27:53Z,,0,,,,,,
2026-06-28T13:36:34Z,750,,25.1,49.8,11.53,22.1,70.1,13.68
2026-06-28T14:27:53Z,,0,,,,,,
2026-06-28T15:27:53Z,,0,,,,,,
2026-06-28T15:37:09Z,555,,21.6,56.3,10.68,20.4,80.6,14.26
2026-06-28T16:27:53Z,,0,,,,,,
2026-06-28T17:27:53Z,,0,,,,,,
2026-06-28T17:37:42Z,540,,19.5,59.6,10.0,19.1,87.8,14.39
2026-06-28T18:27:53Z,,0,,,,,,
2026-06-28T19:27:53Z,,0,,,,,,
2026-06-28T19:37:43Z,540,,18.6,67.8,10.79,18.1,90.2,13.93
2026-06-28T20:27:53Z,,0,,,,,,
2026-06-28T21:27:53Z,,0,,,,,,
2026-06-28T21:37:06Z,525,,17.3,72.8,10.72,17.4,93.3,13.82
2026-06-28T22:27:53Z,,0,,,,,,
2026-06-28T23:27:53Z,,0,,,,,,
2026-06-28T23:37:36Z,540,,16.1,77.9,10.67,16.5,95.6,13.42
2026-06-29T00:27:53Z,,0,,,,,,
2026-06-29T01:27:53Z,,0,,,,,,
2026-06-29T01:37:13Z,930,,15.9,87.9,11.9,16.3,97.3,13.49
2026-06-29T02:27:53Z,,6e-05,,,,,,
2026-06-29T03:27:53Z,,0.00011,,,,,,
2026-06-29T03:37:22Z,1500,,17.8,89.1,13.52,17.1,94.8,13.79
2026-06-29T04:27:53Z,,0.00019,,,,,,
2026-06-29T05:27:53Z,,0.00026,,,,,,
2026-06-29T05:37:09Z,1890,,21.3,82,15.28,20.6,81.2,14.53
2026-06-29T06:27:53Z,,0,,,,,,
2026-06-29T07:27:53Z,,0,,,,,,
2026-06-29T07:36:30Z,1755,,32.3,45,15.46,27.6,56.8,15.12
2026-06-29T08:27:52Z,,0,,,,,,
2026-06-29T09:27:53Z,,0,,,,,,
2026-06-29T09:37:10Z,1905,,41.8,28.2,15.79,30.1,49.3,15.05
2026-06-29T10:27:53Z,,0,,,,,,
2026-06-29T11:27:53Z,,0,,,,,,
2026-06-29T11:36:51Z,3015,,48,21.8,16.5,27.2,52.1,13.56
2026-06-29T12:27:53Z,,0,,,,,,
2026-06-29T13:27:53Z,,0,,,,,,
2026-06-29T13:36:15Z,1875,,44.1,24.5,15.37,25.9,61.1,14.8
2026-06-29T14:27:53Z,,0,,,,,,
2026-06-29T15:27:54Z,,0,,,,,,
2026-06-29T15:35:27Z,1440,,39.2,28.1,13.81,25.6,60.2,14.34
2026-06-29T16:27:53Z,,0,,,,,,
2026-06-29T17:27:53Z,,0,,,,,,
2026-06-29T17:35:58Z,720,,29.8,37.6,11.29,23.7,63.2,13.52
2026-06-29T18:27:53Z,,0,,,,,,
2026-06-29T19:27:53Z,,0,,,,,,
2026-06-29T19:35:53Z,555,,23.5,41.3,8.73,21.3,60.3,11.24
2026-06-29T20:27:53Z,,0,,,,,,
2026-06-29T21:27:53Z,,0,,,,,,
2026-06-29T21:36:03Z,540,,18.3,48,7.5,18.5,68.7,10.87
2026-06-29T22:27:53Z,,0,,,,,,
2026-06-29T23:27:53Z,,0,,,,,,
2026-06-29T23:35:53Z,540,,16.9,57.9,8.32,17.4,79.5,11.78
2026-06-30T00:27:53Z,,0,,,,,,
2026-06-30T01:27:53Z,,0,,,,,,
2026-06-30T01:36:37Z,525,,17.4,67.4,9.99,17.5,89.3,13.31
2026-06-30T02:27:53Z,,0,,,,,,
2026-06-30T03:27:53Z,,0,,,,,,
2026-06-30T03:36:33Z,600,,19,74.9,12.2,20,85.5,14.77
2026-06-30T04:27:53Z,,0,,,,,,
2026-06-30T05:27:53Z,,0,,,,,,
2026-06-30T05:36:11Z,1530,,27.1,58.7,15.2,27.5,58.5,15.49
2026-06-30T06:27:53Z,,0,,,,,,
2026-06-30T07:27:53Z,,0,,,,,,
2026-06-30T07:35:54Z,1530,,35.6,38.2,15.61,31.7,48,15.97
2026-06-30T08:27:53Z,,0,,,,,,
2026-06-30T09:27:53Z,,0,,,,,,
2026-06-30T09:35:22Z,1800,,41.9,26.1,14.69,29.5,48.6,14.36
2026-06-30T10:27:53Z,,0,,,,,,
2026-06-30T11:27:53Z,,0,,,,,,
2026-06-30T11:36:06Z,1500,,39.7,24.9,12.55,26.2,52.3,12.88
2026-06-30T12:27:53Z,,0,,,,,,
2026-06-30T13:27:53Z,,0,,,,,,
2026-06-30T13:35:35Z,1500,,38.6,23.8,11.35,25.5,49.1,11.63
2026-06-30T14:27:52Z,,0,,,,,,
2026-06-30T15:27:53Z,,0,,,,,,
2026-06-30T15:34:59Z,1365,,36.4,22.6,9.63,25.3,43.4,10.16
2026-06-30T16:27:54Z,,0,,,,,,
2026-06-30T17:27:53Z,,0,,,,,,
2026-06-30T17:34:25Z,1155,,31.1,27.6,8.89,24.9,42.3,9.69
2026-06-30T18:27:53Z,,0,,,,,,
2026-06-30T19:27:53Z,,0,,,,,,
2026-06-30T19:35:08Z,555,,23.1,38.7,8.0,21.2,53.9,9.99
2026-06-30T20:27:53Z,,0,,,,,,
2026-06-30T21:27:52Z,,0,,,,,,
2026-06-30T21:34:52Z,525,,16.5,55,7.72,17.8,63.3,9.6
2026-06-30T22:27:52Z,,0,,,,,,
2026-06-30T23:27:53Z,,0,,,,,,
2026-06-30T23:34:46Z,930,,15.7,63.8,8.53,16.6,68.3,9.64
2026-07-01T00:27:53Z,,0,,,,,,
2026-07-01T01:27:53Z,,0,,,,,,
2026-07-01T01:34:52Z,1080,,16.3,63.3,8.78,16.2,69.4,9.57
2026-07-01T02:27:53Z,,0,,,,,,
2026-07-01T03:27:53Z,,0,,,,,,
2026-07-01T03:35:18Z,1350,,17.5,64.1,9.55,16.8,70.1,10.02
2026-07-01T04:27:53Z,,0,,,,,,
2026-07-01T05:27:53Z,,0,,,,,,
2026-07-01T05:34:41Z,2085,,24.8,53.6,12.2,22.5,55.9,11.17
2026-07-01T06:27:53Z,,0,,,,,,
2026-07-01T07:27:53Z,,0,,,,,,
2026-07-01T07:34:24Z,3060,,33.1,38.4,13.76,26,45,10.96
2026-07-01T08:27:53Z,,0,,,,,,
2026-07-01T09:27:53Z,,0,,,,,,
2026-07-01T09:34:57Z,3300,,41.1,26.3,14.22,27.1,41.4,10.72
2026-07-01T10:27:53Z,,0,,,,,,
2026-07-01T11:27:53Z,,0,,,,,,
2026-07-01T11:34:37Z,2925,,41.7,21.1,11.76,24.9,42.8,9.8
2026-07-01T12:27:53Z,,0,,,,,,
2026-07-01T13:27:54Z,,0,,,,,,
2026-07-01T13:33:52Z,1920,,37.7,22.1,10.06,23.6,44.8,9.53
2026-07-01T14:27:53Z,,0,,,,,,
2026-07-01T15:27:54Z,,0,,,,,,
2026-07-01T15:33:05Z,1770,,35.8,23.6,9.74,23,46.3,9.52
2026-07-01T16:27:53Z,,0,,,,,,
2026-07-01T17:27:53Z,,0,,,,,,
2026-07-01T17:32:36Z,750,,29.2,27.4,7.96,21.7,49.7,9.48
2026-07-01T18:27:54Z,,0,,,,,,
2026-07-01T19:27:54Z,,0,,,,,,
2026-07-01T19:33:01Z,540,,22.6,32.9,6.61,20.1,53.3,9.26
2026-07-01T20:27:53Z,,0,,,,,,
2026-07-01T21:27:53Z,,0,,,,,,
2026-07-01T21:32:39Z,540,,19.2,41.8,6.89,18.7,58.6,9.38
2026-07-01T22:27:53Z,,0,,,,,,
2026-07-01T23:27:53Z,,0,,,,,,
2026-07-01T23:32:13Z,540,,18.1,34.9,5.39,17.3,68,10.01
2026-07-02T00:27:53Z,,0,,,,,,
2026-07-02T01:27:53Z,,0,,,,,,
2026-07-02T01:32:52Z,525,,15.9,53.2,7.2,15.4,82.9,10.89
2026-07-02T02:27:53Z,,0,,,,,,
2026-07-02T03:27:53Z,,0,,,,,,
2026-07-02T03:33:29Z,525,,16.1,59.7,8.18,15.5,85.3,11.27
2026-07-02T04:27:53Z,,0,,,,,,
2026-07-02T05:27:52Z,,0,,,,,,
2026-07-02T05:33:51Z,930,,18,67.7,10.39,16.4,84.3,11.76
2026-07-02T06:27:54Z,,0,,,,,,
2026-07-02T07:27:53Z,,0,,,,,,
2026-07-02T07:34:43Z,1560,,22,58.6,11.37,17.5,77.2,11.51
2026-07-02T08:27:53Z,,0,,,,,,
2026-07-02T09:27:53Z,,0,,,,,,
2026-07-02T09:34:59Z,1920,,28.3,45,12.45,20.7,65.5,11.79
2026-07-02T10:27:53Z,,0,,,,,,
2026-07-02T11:27:53Z,,0,,,,,,
2026-07-02T11:35:47Z,2205,,35.1,31.6,12.58,21.3,60.6,11.29
2026-07-02T12:27:53Z,,0,,,,,,
2026-07-02T13:27:52Z,,0,,,,,,
2026-07-02T13:34:59Z,1635,,35.4,27.2,11.0,21.4,59,11.06
2026-07-02T14:27:53Z,,0,,,,,,
2026-07-02T15:27:53Z,,0,,,,,,
2026-07-02T15:34:02Z,540,,21.2,50.8,9.41,15.9,86,11.64
2026-07-02T16:27:53Z,,0,,,,,,
2026-07-02T17:27:53Z,,0,,,,,,
2026-07-02T17:34:06Z,555,,19.8,58.6,10.01,16.7,88.4,12.56
2026-07-02T18:27:54Z,,0,,,,,,
2026-07-02T19:27:53Z,,0,,,,,,
2026-07-02T19:34:53Z,525,,16.1,64.3,8.81,15.3,91.5,11.94
2026-07-02T20:27:53Z,,0,,,,,,
2026-07-02T21:27:53Z,,0,,,,,,
2026-07-02T21:35:45Z,525,,13.2,70.7,8.11,13.9,94,11.26
2026-07-02T22:27:53Z,,0,,,,,,
2026-07-02T23:27:53Z,,0,,,,,,
2026-07-02T23:35:27Z,525,,11.8,74.9,7.88,13.1,95.9,10.94
2026-07-03T00:27:53Z,,0,,,,,,
2026-07-03T01:27:52Z,,0,,,,,,
2026-07-03T01:34:52Z,540,,12.6,77.8,8.6,13.1,96.6,11.02
2026-07-03T02:27:52Z,,0,,,,,,
2026-07-03T03:27:52Z,,0,,,,,,
2026-07-03T03:35:43Z,600,,16.4,77.5,10.81,15.8,97.2,13.08
2026-07-03T04:27:53Z,,0,,,,,,
2026-07-03T05:27:53Z,,0,,,,,,
2026-07-03T05:35:47Z,540,,17.2,65.9,9.65,15.7,95.6,12.79
2026-07-03T06:27:53Z,,0,,,,,,
2026-07-03T07:27:53Z,,0,,,,,,
2026-07-03T07:35:54Z,540,,17.1,59.2,8.61,14.6,95.2,11.91
2026-07-03T08:27:53Z,,0,,,,,,
2026-07-03T09:27:53Z,,0,,,,,,
2026-07-03T09:36:38Z,540,,19.5,60.8,10.2,16.6,96.3,13.6
2026-07-03T10:27:53Z,,0,,,,,,
2026-07-03T11:27:53Z,,0,,,,,,
2026-07-03T11:37:16Z,2475,,24.7,67.3,15.24,17.4,87.7,12.99
2026-07-03T12:27:54Z,,0,,,,,,
2026-07-03T13:27:53Z,,0,,,,,,
2026-07-03T13:36:59Z,1305,,23.8,57.2,12.31,17.6,86.8,13.01
2026-07-03T14:27:52Z,,0,,,,,,
2026-07-03T15:27:53Z,,0,,,,,,
2026-07-03T15:36:44Z,1410,,25.4,53.5,12.6,18,85.2,13.08
2026-07-03T16:27:53Z,,0,,,,,,
2026-07-03T17:27:53Z,,0,,,,,,
2026-07-03T17:36:54Z,915,,22.2,57.4,11.27,17.1,88.7,12.91
2026-07-03T18:27:53Z,,0,,,,,,
2026-07-03T19:27:53Z,,0,,,,,,
2026-07-03T19:36:38Z,540,,17.7,64.7,9.76,16.1,90.9,12.45
2026-07-03T20:27:53Z,,0,,,,,,
2026-07-03T21:27:54Z,,0,,,,,,
2026-07-03T21:36:08Z,525,,14.4,70.9,8.76,14.6,94.5,11.82
2026-07-03T22:27:53Z,,0,,,,,,
2026-07-03T23:27:53Z,,0,,,,,,
2026-07-03T23:35:24Z,525,,13.5,78.6,9.19,14,97.1,11.71
2026-07-04T00:27:52Z,,0,,,,,,
2026-07-04T01:27:53Z,,0,,,,,,
2026-07-04T01:36:05Z,600,,13,83.8,9.5,13.5,98.7,11.54
2026-07-04T02:27:53Z,,0,,,,,,
2026-07-04T03:27:53Z,,0,,,,,,
2026-07-04T03:35:22Z,1230,,15,85.5,10.96,13.6,99.7,11.73
2026-07-04T04:27:53Z,,1e-05,,,,,,
2026-07-04T05:27:53Z,,3e-05,,,,,,
2026-07-04T05:36:01Z,1890,,19.5,83,13.93,17.1,91.6,13.33
2026-07-04T06:27:53Z,,0,,,,,,
2026-07-04T07:27:53Z,,0,,,,,,
2026-07-04T07:36:36Z,1140,,26.6,46.7,11.76,19.1,78.3,12.83
2026-07-04T08:27:53Z,,0,,,,,,
2026-07-04T09:27:53Z,,0,,,,,,
2026-07-04T09:36:34Z,960,,20.2,65.2,11.4,16.9,89.7,12.9
2026-07-04T10:27:53Z,,0,,,,,,
2026-07-04T11:27:53Z,,0,,,,,,
2026-07-04T11:35:51Z,1200,,20.1,70.5,12.25,17,90.7,13.12
2026-07-04T12:27:53Z,,0,,,,,,
2026-07-04T13:27:53Z,,0,,,,,,
2026-07-04T13:35:06Z,2355,,26.4,61.1,15.22,18.3,84.9,13.27
2026-07-04T14:27:53Z,,0,,,,,,
2026-07-04T15:27:53Z,,0,,,,,,
2026-07-04T15:35:02Z,1155,,29.3,36.8,10.75,18.2,75.6,11.75
2026-07-04T16:27:53Z,,0,,,,,,
2026-07-04T17:27:53Z,,0,,,,,,
2026-07-04T17:35:01Z,810,,20.3,57.4,10.09,16.4,85.1,11.87
2026-07-04T18:27:52Z,,0,,,,,,
2026-07-04T19:27:52Z,,0,,,,,,
2026-07-04T19:35:01Z,930,,18,70.1,10.76,15.9,90,12.18
2026-07-04T20:27:52Z,,0,,,,,,
2026-07-04T21:27:53Z,,0,,,,,,
2026-07-04T21:34:19Z,765,,14.7,76.7,9.65,14,94.4,11.38
2026-07-04T22:27:53Z,,0,,,,,,
2026-07-04T23:27:52Z,,0,,,,,,
2026-07-04T23:33:35Z,1065,,14.4,84.7,10.47,13.7,96.9,11.47
2026-07-05T00:27:53Z,,0,,,,,,
2026-07-05T01:27:53Z,,0,,,,,,
2026-07-05T01:34:16Z,1185,,14.6,86.4,10.81,13.8,97.4,11.6
2026-07-05T02:27:52Z,,3e-05,,,,,,
2026-07-05T03:27:53Z,,6e-05,,,,,,
2026-07-05T03:34:42Z,1410,,14.9,90.2,11.49,14,98.1,11.83
2026-07-05T04:27:53Z,,0.00014,,,,,,
2026-07-05T05:27:52Z,,0.00023,,,,,,
2026-07-05T05:35:10Z,1410,,15.5,87,11.5,13.8,99.7,11.87
2026-07-05T06:27:53Z,,0.00027,,,,,,
2026-07-05T07:27:53Z,,0.00031,,,,,,
2026-07-05T07:35:20Z,1560,,16.4,87.3,12.18,14.3,100,12.28
2026-07-05T08:27:54Z,,0.00036,,,,,,
2026-07-05T09:27:53Z,,0.00041,,,,,,
2026-07-05T09:35:03Z,1755,,19.4,84.2,14.04,16.4,97.4,13.59
2026-07-05T10:27:53Z,,7e-05,,,,,,
2026-07-05T11:27:53Z,,0,,,,,,
2026-07-05T11:35:38Z,1620,,19.9,78.6,13.5,16.5,96.6,13.56
2026-07-05T12:27:53Z,,0,,,,,,
2026-07-05T13:27:53Z,,0,,,,,,
2026-07-05T13:35:17Z,1500,,19.7,78.5,13.33,16.6,96.7,13.65
2026-07-05T14:27:54Z,,0,,,,,,
2026-07-05T15:27:53Z,,0,,,,,,
2026-07-05T15:36:06Z,1365,,18.6,77.9,12.39,15.8,96.5,12.98
2026-07-05T16:27:53Z,,0,,,,,,
2026-07-05T17:27:53Z,,0,,,,,,
2026-07-05T17:36:15Z,1395,,19.5,73,12.25,15.7,95.1,12.72
2026-07-05T18:27:53Z,,0,,,,,,
2026-07-05T19:27:53Z,,0,,,,,,
2026-07-05T19:35:38Z,1065,,16.5,80,11.23,14.8,98.3,12.45
2026-07-05T20:27:53Z,,0,,,,,,
2026-07-05T21:27:53Z,,0,,,,,,
2026-07-05T21:35:52Z,1050,,15.2,85.7,11.12,14.4,99.7,12.32
2026-07-05T22:27:53Z,,2e-05,,,,,,
2026-07-05T23:27:52Z,,4e-05,,,,,,
2026-07-05T23:36:15Z,1125,,14.6,87.3,10.92,13.7,100,11.84
2026-07-06T00:27:53Z,,8e-05,,,,,,
2026-07-06T01:27:53Z,,0.00012,,,,,,
2026-07-06T01:36:49Z,1215,,14,88.4,10.66,13.1,100,11.41
2026-07-06T02:27:53Z,,0.00018,,,,,,
2026-07-06T03:27:53Z,,0.00024,,,,,,
2026-07-06T03:37:10Z,1545,,14.8,91.3,11.56,13.4,100,11.62
2026-07-06T04:27:53Z,,0.00034,,,,,,
2026-07-06T05:27:53Z,,0.00044,,,,,,
2026-07-06T05:37:16Z,1485,,17.1,84.9,12.35,15,98.4,12.61
2026-07-06T06:27:53Z,,0.0001,,,,,,
2026-07-06T07:27:53Z,,0,,,,,,
2026-07-06T07:36:44Z,1455,,20.2,72.1,12.6,16.2,93.8,12.93
2026-07-06T08:27:53Z,,0,,,,,,
2026-07-06T09:27:52Z,,0,,,,,,
2026-07-06T09:36:35Z,1650,,21.5,66.2,12.48,17.5,83.4,12.43
2026-07-06T10:27:53Z,,0,,,,,,
2026-07-06T11:27:53Z,,0,,,,,,
2026-07-06T11:37:14Z,1275,,23.2,50.2,10.44,16.2,81.2,11.19
2026-07-06T12:27:53Z,,0,,,,,,
2026-07-06T13:27:53Z,,0,,,,,,
2026-07-06T13:37:49Z,1170,,19,53,8.63,13.8,78.7,9.37
2026-07-06T14:27:53Z,,0,,,,,,
2026-07-06T15:27:53Z,,0,,,,,,
2026-07-06T15:37:42Z,1380,,21.7,42.1,8.03,13.7,70.8,8.38
2026-07-06T16:27:53Z,,0,,,,,,
2026-07-06T17:27:53Z,,0,,,,,,
2026-07-06T17:37:41Z,945,,16.4,51.8,7.23,12.1,76.3,8.18
2026-07-06T18:27:53Z,,0,,,,,,
2026-07-06T19:27:53Z,,0,,,,,,
2026-07-06T19:37:53Z,525,,11.6,59.3,6.16,10.3,79.8,7.64
2026-07-06T20:27:53Z,,0,,,,,,
2026-07-06T21:27:53Z,,0,,,,,,
2026-07-06T21:37:08Z,525,,9.6,64.5,5.91,9.3,85,7.64
2026-07-06T22:27:53Z,,0,,,,,,
2026-07-06T23:27:52Z,,0,,,,,,
2026-07-06T23:36:38Z,525,,9.6,68,6.23,8.6,92.1,7.91
2026-07-07T00:27:53Z,,0,,,,,,
2026-07-07T01:27:53Z,,0,,,,,,
2026-07-07T01:35:46Z,525,,9.6,72.9,6.68,8.4,96.5,8.18
2026-07-07T02:27:53Z,,0,,,,,,
2026-07-07T03:27:53Z,,0,,,,,,
2026-07-07T03:35:10Z,525,,10.4,76.5,7.37,9.3,100,8.98
2026-07-07T04:27:53Z,,0,,,,,,
2026-07-07T05:27:53Z,,0,,,,,,
2026-07-07T05:34:42Z,825,,12.2,78.4,8.46,10.6,100,9.76
2026-07-07T06:27:54Z,,0,,,,,,
2026-07-07T07:27:54Z,,0,,,,,,
2026-07-07T07:35:05Z,1155,,14.8,79.5,10.07,12.5,98.3,10.8
2026-07-07T08:27:53Z,,0,,,,,,
2026-07-07T09:27:53Z,,0,,,,,,
2026-07-07T09:34:41Z,1305,,17.4,71.7,10.62,13.8,94,11.2
2026-07-07T10:27:53Z,,0,,,,,,
2026-07-07T11:27:53Z,,0,,,,,,
2026-07-07T11:34:20Z,1260,,16.9,75.1,10.8,14.1,94.8,11.5
2026-07-07T12:27:53Z,,0,,,,,,
2026-07-07T13:27:53Z,,0,,,,,,
2026-07-07T13:35:00Z,2115,,22.1,64.9,12.67,15.7,86.1,11.52
2026-07-07T14:27:53Z,,0,,,,,,
2026-07-07T15:27:53Z,,0,,,,,,
2026-07-07T15:35:28Z,1305,,20.1,58.3,10.13,14.8,84.7,10.72
2026-07-07T16:27:54Z,,0,,,,,,
2026-07-07T17:27:53Z,,0,,,,,,
2026-07-07T17:35:36Z,1095,,17,69.7,10.08,14.1,91.2,11.06
2026-07-07T18:27:53Z,,0,,,,,,
2026-07-07T19:27:53Z,,0,,,,,,
2026-07-07T19:36:05Z,795,,14.3,74.2,9.11,12.8,95.7,10.72
2026-07-07T20:27:53Z,,0,,,,,,
2026-07-07T21:27:53Z,,0,,,,,,
2026-07-07T21:35:52Z,525,,10.8,77.5,7.66,10.8,98.5,9.73
2026-07-07T22:27:53Z,,0,,,,,,
2026-07-07T23:27:53Z,,0,,,,,,
2026-07-07T23:36:12Z,525,,8.9,81.4,7.13,9.5,100,9.1
2026-07-08T00:27:53Z,,0,,,,,,
2026-07-08T01:27:53Z,,0,,,,,,
2026-07-08T01:36:44Z,990,,10,86.9,8.16,9.5,100,9.1
2026-07-08T02:27:53Z,,3e-05,,,,,,
2026-07-08T03:27:53Z,,6e-05,,,,,,
2026-07-08T03:36:46Z,1305,,11.7,87.7,9.17,10.4,100,9.63
2026-07-08T04:27:53Z,,0.0001,,,,,,
2026-07-08T05:27:53Z,,0.00014,,,,,,
2026-07-08T05:37:19Z,1710,,14,89.2,10.75,11.9,100,10.59
2026-07-08T06:27:53Z,,0.00021,,,,,,
2026-07-08T07:27:53Z,,0.00028,,,,,,
2026-07-08T07:37:50Z,2040,,20.5,72.8,12.95,15.1,92.8,11.97
2026-07-08T08:27:53Z,,0,,,,,,
2026-07-08T09:27:53Z,,0,,,,,,
2026-07-08T09:37:03Z,1605,,26.1,47.1,11.54,17.8,76,11.53
2026-07-08T10:27:53Z,,0,,,,,,
2026-07-08T11:27:53Z,,0,,,,,,
2026-07-08T11:37:35Z,2070,,33.3,32.5,11.77,19.4,64.9,10.83
2026-07-08T12:27:54Z,,0,,,,,,
2026-07-08T13:27:53Z,,0,,,,,,
2026-07-08T13:36:52Z,975,,29.8,32.2,9.67,19.2,65.9,10.86
2026-07-08T14:27:53Z,,0,,,,,,
2026-07-08T15:27:53Z,,0,,,,,,
2026-07-08T15:36:21Z,810,,24.2,42.9,9.44,17.5,74.5,11.1
2026-07-08T16:27:54Z,,0,,,,,,
2026-07-08T17:27:53Z,,0,,,,,,
2026-07-08T18:27:52Z,,0,,,,,,
2026-07-08T19:27:53Z,,0,,,,,,
2026-07-08T19:35:19Z,855,,16.5,68,9.54,15.3,84,10.97
2026-07-08T20:27:53Z,,0,,,,,,
2026-07-08T21:27:53Z,,0,,,,,,
2026-07-08T21:35:51Z,1050,,15.6,73.5,9.77,15,83.9,10.75
2026-07-08T22:27:53Z,,0,,,,,,
2026-07-08T23:27:52Z,,0,,,,,,
2026-07-08T23:36:11Z,1125,,15.2,74.2,9.63,14.6,84.2,10.53
2026-07-09T00:27:53Z,,0,,,,,,
2026-07-09T01:27:54Z,,0,,,,,,
2026-07-09T01:36:47Z,1185,,15,75.6,9.69,14.4,84.2,10.4
2026-07-09T02:27:54Z,,0,,,,,,
2026-07-09T03:27:53Z,,0,,,,,,
2026-07-09T03:37:18Z,1185,,14.8,74.6,9.45,14.4,82.2,10.16
2026-07-09T04:27:53Z,,0,,,,,,
2026-07-09T05:27:54Z,,0,,,,,,
2026-07-09T05:36:31Z,1260,,15.1,75.7,9.76,14.5,83.6,10.39
2026-07-09T06:27:52Z,,0,,,,,,
2026-07-09T07:27:53Z,,0,,,,,,
2026-07-09T07:37:12Z,1395,,16.9,77.1,11.09,14.8,91.1,11.54
2026-07-09T08:27:53Z,,0,,,,,,
2026-07-09T09:27:54Z,,0,,,,,,
2026-07-09T09:37:52Z,1305,,17.8,73.6,11.17,14.9,92.9,11.84
2026-07-09T10:27:53Z,,0,,,,,,
2026-07-09T11:27:53Z,,0,,,,,,
2026-07-09T11:37:45Z,1260,,16.9,77.4,11.13,14.4,96.2,11.89
2026-07-09T12:27:53Z,,0,,,,,,
2026-07-09T13:27:53Z,,0,,,,,,
2026-07-09T13:38:26Z,2025,,22.4,69.5,13.8,16.2,93.3,12.86
2026-07-09T14:27:53Z,,0,,,,,,
2026-07-09T15:27:54Z,,0,,,,,,
2026-07-09T15:38:24Z,1320,,26.4,49.4,12.3,17.6,86.8,13.01
2026-07-09T16:27:53Z,,0,,,,,,
2026-07-09T17:27:53Z,,0,,,,,,
2026-07-09T17:39:12Z,900,,22.2,57.3,11.25,17.3,87.5,12.89
2026-07-09T18:27:53Z,,0,,,,,,
2026-07-09T19:27:53Z,,0,,,,,,
2026-07-09T19:39:43Z,540,,17.3,68.6,10.1,15.8,92.4,12.43
2026-07-09T20:27:53Z,,0,,,,,,
2026-07-09T21:27:53Z,,0,,,,,,
2026-07-09T21:39:21Z,525,,13.3,76.1,8.79,13.7,97.1,11.49
2026-07-09T22:27:53Z,,0,,,,,,
2026-07-09T23:27:53Z,,0,,,,,,
2026-07-09T23:39:59Z,930,,13.9,84.9,10.17,13.3,99.9,11.54
2026-07-10T00:27:53Z,,0,,,,,,
2026-07-10T01:27:53Z,,0,,,,,,
2026-07-10T01:40:18Z,1155,,14.8,87.7,11.1,13.9,100,11.98
2026-07-10T02:27:53Z,,5e-05,,,,,,
2026-07-10T03:27:53Z,,0.0001,,,,,,
2026-07-10T03:40:29Z,1335,,15.7,87,11.64,14.3,100,12.28
2026-07-10T04:27:53Z,,0.00014,,,,,,
2026-07-10T05:27:53Z,,0.00018,,,,,,
2026-07-10T05:40:27Z,1860,,19.1,85.6,14.03,18.1,87.3,13.48
2026-07-10T06:27:54Z,,0.0002,,,,,,
2026-07-10T07:27:53Z,,0.00022,,,,,,
2026-07-10T07:40:44Z,3345,,30.3,58.8,18.14,24.4,60.2,13.4
2026-07-10T08:27:53Z,,0,,,,,,
2026-07-10T09:27:53Z,,0,,,,,,
2026-07-10T09:41:27Z,2790,,35.1,34.1,13.58,23.8,53.3,11.47
2026-07-10T10:27:54Z,,0,,,,,,
2026-07-10T11:27:54Z,,0,,,,,,
2026-07-10T11:41:17Z,3405,,41.1,26.8,14.49,21.9,53.6,10.34
2026-07-10T12:27:53Z,,0,,,,,,
2026-07-10T13:27:53Z,,0,,,,,,
2026-07-10T13:41:03Z,2025,,33.7,29.6,10.95,20.2,58.6,10.24
2026-07-10T14:27:53Z,,0,,,,,,
2026-07-10T15:27:52Z,,0,,,,,,
2026-07-10T15:40:41Z,2010,,34.5,26.3,10.15,20.3,53.8,9.46
2026-07-10T16:27:53Z,,0,,,,,,
2026-07-10T17:27:53Z,,0,,,,,,
2026-07-10T17:39:56Z,915,,28.1,32.5,8.89,19.7,59.8,10.15
2026-07-10T18:27:53Z,,0,,,,,,
2026-07-10T19:27:53Z,,0,,,,,,
2026-07-10T19:39:46Z,540,,19,46.3,7.54,16.5,73.4,10.3
2026-07-10T20:27:53Z,,0,,,,,,
2026-07-10T21:27:53Z,,0,,,,,,
2026-07-10T21:40:25Z,540,,12.6,57.9,6.4,13.4,82.5,9.59
2026-07-10T22:27:53Z,,0,,,,,,
2026-07-10T23:27:53Z,,0,,,,,,
2026-07-10T23:41:24Z,855,,14,74.5,8.98,14.6,82.7,10.34
2026-07-11T00:27:53Z,,0,,,,,,
2026-07-11T01:27:53Z,,0,,,,,,
2026-07-11T01:40:25Z,1170,,15.1,72.6,9.36,14.9,79.2,10.09
2026-07-11T02:27:53Z,,0,,,,,,
2026-07-11T03:27:53Z,,0,,,,,,
2026-07-11T03:40:42Z,1155,,16.7,70.1,9.96,16,78.9,10.75
2026-07-11T04:27:53Z,,0,,,,,,
2026-07-11T05:27:53Z,,0,,,,,,
2026-07-11T05:41:19Z,1380,,20.9,61.7,11.24,18.3,75,11.72
2026-07-11T06:27:53Z,,0,,,,,,
2026-07-11T07:27:53Z,,0,,,,,,
2026-07-11T07:40:49Z,1635,,23.2,59.2,12.31,20.2,70,12.24
2026-07-11T08:27:53Z,,0,,,,,,
2026-07-11T09:27:53Z,,0,,,,,,
2026-07-11T09:41:33Z,1680,,28.9,47.4,13.55,22.8,66.6,13.53
2026-07-11T10:27:53Z,,0,,,,,,
2026-07-11T11:27:54Z,,0,,,,,,
2026-07-11T11:40:49Z,2400,,41.1,31.3,16.93,24.4,66.4,14.78
2026-07-11T12:27:53Z,,0,,,,,,
2026-07-11T13:27:53Z,,0,,,,,,
2026-07-11T13:40:16Z,1815,,41.3,27.6,15.08,25.7,61.5,14.73
2026-07-11T14:27:53Z,,0,,,,,,
2026-07-11T15:27:53Z,,0,,,,,,
2026-07-11T15:40:27Z,1215,,38,30.7,14.2,27.2,59.4,15.47
2026-07-11T16:27:53Z,,0,,,,,,
2026-07-11T17:27:53Z,,0,,,,,,
2026-07-11T17:39:57Z,765,,31,41.6,13.33,26.5,63.5,15.9
2026-07-11T18:27:53Z,,0,,,,,,
2026-07-11T19:27:53Z,,0,,,,,,
2026-07-11T19:40:17Z,540,,20.9,59.9,10.91,18.3,99,15.47
2026-07-11T20:27:54Z,,0,,,,,,
2026-07-11T21:27:53Z,,0,,,,,,
2026-07-11T21:40:28Z,525,,18.1,68.5,10.58,17.1,100,14.55
2026-07-11T22:27:53Z,,0,,,,,,
2026-07-11T23:27:53Z,,0,,,,,,
2026-07-11T23:39:49Z,540,,16.5,76.6,10.75,16.8,100,14.29
2026-07-12T00:27:54Z,,0,,,,,,
2026-07-12T01:27:53Z,,0,,,,,,
2026-07-12T01:39:37Z,705,,16.4,84.3,11.76,16.5,100,14.04
2026-07-12T02:27:53Z,,0,,,,,,
2026-07-12T03:27:53Z,,0,,,,,,
2026-07-12T03:40:26Z,810,,17.3,84.1,12.38,17.1,100,14.55
2026-07-12T04:27:53Z,,0,,,,,,
2026-07-12T05:27:53Z,,0,,,,,,
2026-07-12T05:40:57Z,1035,,20.5,81.4,14.48,19.1,97.3,15.95
2026-07-12T06:27:53Z,,0,,,,,,
2026-07-12T07:27:54Z,,0,,,,,,
2026-07-12T07:41:32Z,1320,,22.8,81.9,16.64,21.5,93.7,17.67
2026-07-12T08:27:52Z,,0,,,,,,
2026-07-12T09:27:53Z,,0,,,,,,
2026-07-12T09:41:26Z,1695,,31.5,59.3,19.52,25.6,80.9,19.27
2026-07-12T10:27:53Z,,0,,,,,,
2026-07-12T11:27:53Z,,0,,,,,,
2026-07-12T11:41:02Z,1785,,40.3,34,17.67,27.3,66.2,17.33
2026-07-12T12:27:54Z,,0,,,,,,
2026-07-12T13:27:53Z,,0,,,,,,
2026-07-12T13:40:54Z,1560,,42.3,31,17.8,27.3,69.9,18.3
2026-07-12T14:27:53Z,,0,,,,,,
2026-07-12T15:27:53Z,,0,,,,,,
2026-07-12T15:40:08Z,900,,34,33.5,12.59,22.1,74.4,14.52
2026-07-12T16:27:53Z,,0,,,,,,
2026-07-12T17:27:53Z,,0,,,,,,
2026-07-12T17:39:55Z,945,,24.7,62.9,14.24,21.5,86,16.22
2026-07-12T18:27:53Z,,0,,,,,,
2026-07-12T19:27:53Z,,0,,,,,,
2026-07-12T20:27:53Z,,0,,,,,,
2026-07-12T21:27:53Z,,0,,,,,,
2026-07-12T21:40:10Z,1170,,19.8,83.4,14.24,20,89,15.38
2026-07-12T22:27:53Z,,0,,,,,,
2026-07-12T23:27:53Z,,0,,,,,,
2026-07-12T23:40:40Z,1200,,19.2,85,14.01,18.9,93,15.06
2026-07-13T00:27:53Z,,0,,,,,,
2026-07-13T01:27:53Z,,0,,,,,,
2026-07-13T01:40:06Z,1260,,17.9,84.5,12.9,17.4,92.6,13.72
2026-07-13T02:27:53Z,,0,,,,,,
2026-07-13T03:27:53Z,,0,,,,,,
2026-07-13T03:40:14Z,1425,,17.6,85.5,12.82,17.1,90.9,13.23
2026-07-13T04:27:53Z,,1e-05,,,,,,
2026-07-13T05:27:54Z,,3e-05,,,,,,
2026-07-13T05:40:33Z,1500,,17.9,82.7,12.62,16.7,91,12.93
2026-07-13T06:27:53Z,,0,,,,,,
2026-07-13T07:27:53Z,,0,,,,,,
2026-07-13T07:41:04Z,1500,,20.5,69.2,12.31,16.6,89.2,12.6
2026-07-13T08:27:53Z,,0,,,,,,
2026-07-13T09:27:53Z,,0,,,,,,
2026-07-13T09:41:28Z,1635,,27.5,52.2,13.82,20.4,78,13.8
2026-07-13T10:27:54Z,,0,,,,,,
2026-07-13T11:27:53Z,,0,,,,,,
2026-07-13T11:40:58Z,1230,,28.4,45.2,12.57,20.4,77,13.62
2026-07-13T12:27:53Z,,0,,,,,,
2026-07-13T13:27:53Z,,0,,,,,,
2026-07-13T13:41:29Z,1050,,24.9,52.8,12.09,19.4,80.5,13.43
2026-07-13T14:27:53Z,,0,,,,,,
2026-07-13T15:27:53Z,,0,,,,,,
2026-07-13T15:42:20Z,1155,,25,52.9,12.18,19.5,79.5,13.34
2026-07-13T16:27:53Z,,0,,,,,,
2026-07-13T17:27:53Z,,0,,,,,,
2026-07-13T17:42:16Z,1095,,22.1,61.8,12.06,19,81.2,13.23
2026-07-13T18:27:54Z,,0,,,,,,
2026-07-13T19:27:53Z,,0,,,,,,
2026-07-13T19:41:51Z,1065,,19.5,69.5,11.66,18.1,83.2,12.85
2026-07-13T20:27:53Z,,0,,,,,,
2026-07-13T21:27:53Z,,0,,,,,,
2026-07-13T21:41:26Z,1125,,18.4,72.5,11.4,17.6,82.9,12.43
2026-07-13T22:27:53Z,,0,,,,,,
2026-07-13T23:27:53Z,,0,,,,,,
2026-07-13T23:42:08Z,1170,,17.6,72.9,10.93,16.7,83,11.79
2026-07-14T00:27:53Z,,0,,,,,,
2026-07-14T01:27:53Z,,0,,,,,,
2026-07-14T01:42:45Z,900,,14.4,76.8,9.49,14.3,88,10.81
2026-07-14T02:27:53Z,,0,,,,,,
2026-07-14T03:27:53Z,,0,,,,,,
2026-07-14T03:43:18Z,1425,,15.1,87.3,11.26,16.4,83,11.58
2026-07-14T04:27:53Z,,4e-05,,,,,,
2026-07-14T05:27:53Z,,9e-05,,,,,,
2026-07-14T05:44:08Z,1980,,22.2,65.9,12.94,21.3,65,12.11
2026-07-14T06:27:53Z,,0,,,,,,
2026-07-14T07:27:53Z,,0,,,,,,
2026-07-14T07:44:04Z,1605,,27.5,45,11.91,21.2,64.5,11.95
2026-07-14T08:27:53Z,,0,,,,,,
2026-07-14T09:27:53Z,,0,,,,,,
2026-07-14T09:43:28Z,2175,,36.2,32,13.49,24.1,55.8,12.21
2026-07-14T10:27:53Z,,0,,,,,,
2026-07-14T11:27:53Z,,0,,,,,,
2026-07-14T11:44:18Z,2400,,41.4,24.2,13.29,21.7,61.2,11.67
2026-07-14T12:27:53Z,,0,,,,,,
2026-07-14T13:27:53Z,,0,,,,,,
2026-07-14T13:44:50Z,2220,,41,23,12.38,21.7,58.7,11.2
2026-07-14T14:27:54Z,,0,,,,,,
2026-07-14T15:27:53Z,,0,,,,,,
2026-07-14T15:44:18Z,1380,,37,24.8,10.9,22.8,56.3,11.44
2026-07-14T16:27:53Z,,0,,,,,,
2026-07-14T17:27:53Z,,0,,,,,,
2026-07-14T17:44:20Z,960,,29.6,32.8,9.74,22.1,57.1,11.15
2026-07-14T18:27:54Z,,0,,,,,,
2026-07-14T19:27:53Z,,0,,,,,,
2026-07-14T19:44:44Z,540,,20.4,46.4,8.21,18.3,74.1,11.58
2026-07-14T20:27:53Z,,0,,,,,,
2026-07-14T21:27:53Z,,0,,,,,,
2026-07-14T21:44:58Z,540,,14.3,57.6,7.07,15.4,84.4,11.08
2026-07-14T22:27:53Z,,0,,,,,,
2026-07-14T23:27:52Z,,0,,,,,,
2026-07-14T23:45:04Z,540,,11.9,64.1,6.79,13.4,88,10.23
2026-07-15T00:27:53Z,,0,,,,,,
2026-07-15T01:27:53Z,,0,,,,,,
2026-07-15T01:45:16Z,525,,11.4,72.6,7.45,13,89.5,10.15
2026-07-15T02:27:53Z,,0,,,,,,
2026-07-15T03:27:53Z,,0,,,,,,
2026-07-15T03:45:37Z,1035,,14.8,84.1,10.65,16.9,82.3,11.83
2026-07-15T04:27:53Z,,0,,,,,,
2026-07-15T05:27:54Z,,0,,,,,,
2026-07-15T05:45:00Z,1740,,22.5,69,13.78,24.5,60.2,13.48
2026-07-15T06:27:54Z,,0,,,,,,
2026-07-15T07:27:53Z,,0,,,,,,
2026-07-15T07:45:12Z,1455,,32.4,38.8,13.4,27.6,52.1,13.87
2026-07-15T08:27:54Z,,0,,,,,,
2026-07-15T09:27:53Z,,0,,,,,,
2026-07-15T09:44:38Z,1605,,36.8,29.3,12.74,26.8,50.5,12.86
2026-07-15T10:27:52Z,,0,,,,,,
2026-07-15T11:27:53Z,,0,,,,,,
2026-07-15T11:45:20Z,2130,,41.1,22.2,12.01,25,47.7,10.98
2026-07-15T12:27:53Z,,0,,,,,,
2026-07-15T13:27:54Z,,0,,,,,,
2026-07-15T13:44:58Z,1500,,38.6,23.8,11.35,26,48.2,11.74
2026-07-15T14:27:53Z,,0,,,,,,
2026-07-15T15:27:53Z,,0,,,,,,
2026-07-15T15:44:28Z,1230,,35.3,26.5,10.66,25.9,47.8,11.58
2026-07-15T16:27:53Z,,0,,,,,,
2026-07-15T17:27:53Z,,0,,,,,,
2026-07-15T17:44:54Z,855,,29.7,35.5,10.6,24.9,54.2,12.41
2026-07-15T18:27:53Z,,0,,,,,,
2026-07-15T19:27:53Z,,0,,,,,,
2026-07-15T19:44:59Z,780,,23.1,47.8,9.88,21.6,61.4,11.64
2026-07-15T20:27:53Z,,0,,,,,,
2026-07-15T21:27:53Z,,0,,,,,,
2026-07-15T21:45:00Z,945,,18.6,60.6,9.64,18.7,68.3,10.93
2026-07-15T22:27:53Z,,0,,,,,,
2026-07-15T23:27:53Z,,0,,,,,,
2026-07-15T23:44:57Z,1050,,16.4,68.5,9.56,17.3,71.7,10.56
2026-07-16T00:27:53Z,,0,,,,,,
2026-07-16T01:27:53Z,,0,,,,,,
2026-07-16T01:44:28Z,1230,,15.4,69.7,9.15,16,72,9.81
2026-07-16T02:27:53Z,,0,,,,,,
2026-07-16T03:27:53Z,,0,,,,,,
2026-07-16T03:44:10Z,1395,,16.9,70,10.06,18.1,67.7,10.46
2026-07-16T04:27:53Z,,0,,,,,,
2026-07-16T05:27:53Z,,0,,,,,,
2026-07-16T05:44:23Z,1920,,24.1,60.3,13.2,24.5,55.1,12.33
2026-07-16T06:27:53Z,,0,,,,,,
2026-07-16T07:27:53Z,,0,,,,,,
2026-07-16T07:45:09Z,2175,,34.4,37.8,14.51,28.8,45.9,13.05
2026-07-16T08:27:53Z,,0,,,,,,
2026-07-16T09:27:53Z,,0,,,,,,
2026-07-16T09:45:50Z,1770,,33.4,33.4,12.16,23.2,57.2,11.89
2026-07-16T10:27:53Z,,0,,,,,,
2026-07-16T11:27:53Z,,0,,,,,,
2026-07-16T11:45:06Z,2940,,40.8,26.9,14.33,22,60.7,11.78
2026-07-16T12:27:53Z,,0,,,,,,
2026-07-16T13:27:54Z,,0,,,,,,
2026-07-16T13:45:56Z,2220,,39.2,25.3,12.44,21.7,58.9,11.23
2026-07-16T14:27:53Z,,0,,,,,,
2026-07-16T15:27:53Z,,0,,,,,,
2026-07-16T15:46:14Z,1605,,34.8,26.1,10.23,20.9,56.8,10.34
2026-07-16T16:27:53Z,,0,,,,,,
2026-07-16T17:27:53Z,,0,,,,,,
2026-07-16T17:46:03Z,840,,26.5,33.9,8.49,19.8,57.8,9.87
2026-07-16T18:27:53Z,,0,,,,,,
2026-07-16T19:27:52Z,,0,,,,,,
2026-07-16T19:46:06Z,540,,19.4,43.9,7.32,17.4,67.9,10.06
2026-07-16T20:27:53Z,,0,,,,,,
2026-07-16T21:27:53Z,,0,,,,,,
2026-07-16T21:46:36Z,525,,13.5,53.5,6.26,14,79.2,9.55
2026-07-16T22:27:53Z,,0,,,,,,
2026-07-16T23:27:53Z,,0,,,,,,
2026-07-16T23:45:47Z,525,,11,60.8,6.08,12.3,85,9.23
2026-07-17T00:27:53Z,,0,,,,,,
2026-07-17T01:27:53Z,,0,,,,,,
2026-07-17T01:45:16Z,540,,10.3,67.6,6.47,11.5,89.2,9.21
2026-07-17T02:27:53Z,,0,,,,,,
2026-07-17T03:27:53Z,,0,,,,,,
2026-07-17T03:44:46Z,540,,13.3,77.1,8.9,16.8,85.2,12.18
2026-07-17T04:27:53Z,,0,,,,,,
2026-07-17T05:27:53Z,,0,,,,,,
2026-07-17T05:44:54Z,2385,,22,69.1,13.41,23.2,55.9,11.62
2026-07-17T06:27:53Z,,0,,,,,,
2026-07-17T07:27:53Z,,0,,,,,,
2026-07-17T07:44:11Z,2100,,32.1,37.2,12.64,26.5,46,11.52
2026-07-17T08:27:53Z,,0,,,,,,
2026-07-17T09:27:53Z,,0,,,,,,
2026-07-17T09:43:37Z,2460,,40,27.5,14.08,27.2,46.5,12.11
2026-07-17T10:27:53Z,,0,,,,,,
2026-07-17T11:27:53Z,,0,,,,,,
2026-07-17T11:44:01Z,2400,,42.2,24,13.71,23.7,55.7,11.92
2026-07-17T12:27:53Z,,0,,,,,,
2026-07-17T13:27:53Z,,0,,,,,,
2026-07-17T13:44:15Z,1965,,41.3,23.4,12.78,23.6,56.6,12.04
2026-07-17T14:27:53Z,,0,,,,,,
2026-07-17T15:27:54Z,,0,,,,,,
2026-07-17T15:43:33Z,1470,,37,27.4,12.04,23.7,58.3,12.47
2026-07-17T16:27:53Z,,0,,,,,,
2026-07-17T17:27:53Z,,0,,,,,,
2026-07-17T17:43:37Z,750,,29.9,33.6,10.14,21.9,62.5,12.06
2026-07-17T18:27:53Z,,0,,,,,,
2026-07-17T19:27:53Z,,0,,,,,,
2026-07-17T19:43:33Z,540,,21.6,44.1,8.36,20,68.2,11.78
2026-07-17T20:27:53Z,,0,,,,,,
2026-07-17T21:27:53Z,,0,,,,,,
2026-07-17T21:42:54Z,540,,16.1,54.7,7.49,17.1,76.6,11.15
2026-07-17T22:27:53Z,,0,,,,,,
2026-07-17T23:27:53Z,,0,,,,,,
2026-07-17T23:42:26Z,540,,14.2,65.2,7.96,15.9,83.7,11.33
2026-07-18T00:27:53Z,,0,,,,,,
2026-07-18T01:27:53Z,,0,,,,,,
2026-07-18T01:41:43Z,525,,14,74.3,8.96,16.5,90.6,12.72
2026-07-18T02:27:54Z,,0,,,,,,
2026-07-18T03:27:53Z,,0,,,,,,
2026-07-18T03:41:20Z,540,,17.5,79.5,11.85,19.2,88,14.51
2026-07-18T04:27:53Z,,0,,,,,,
2026-07-18T05:27:53Z,,0,,,,,,
2026-07-18T06:27:53Z,,0,,,,,,
2026-07-18T07:27:53Z,,0,,,,,,
2026-07-18T07:39:51Z,2385,,30.5,51.1,15.94,24.1,63.8,13.96
2026-07-18T08:27:53Z,,0,,,,,,
2026-07-18T09:27:53Z,,0,,,,,,
2026-07-18T09:40:28Z,2115,,36.9,35,15.3,25.1,60.5,14.01
2026-07-18T10:27:53Z,,0,,,,,,
2026-07-18T11:27:54Z,,0,,,,,,
2026-07-18T11:40:18Z,1890,,37.4,32.1,14.4,25,59.6,13.72
2026-07-18T12:27:53Z,,0,,,,,,
2026-07-18T13:27:53Z,,0,,,,,,
2026-07-18T13:41:07Z,1155,,34.1,31.9,12.05,25.4,55.9,13.16
2026-07-18T14:27:53Z,,0,,,,,,
2026-07-18T15:27:53Z,,0,,,,,,
2026-07-18T15:41:24Z,1035,,31.8,33.4,11.17,25.1,53.9,12.48
2026-07-18T16:27:53Z,,0,,,,,,
2026-07-18T17:27:53Z,,0,,,,,,
2026-07-18T17:40:59Z,555,,23.6,45.8,9.74,22.4,66.6,13.23
2026-07-18T18:27:53Z,,0,,,,,,
2026-07-18T19:27:53Z,,0,,,,,,
2026-07-18T19:41:08Z,540,,20.2,53.8,9.41,19.7,88,14.94
2026-07-18T20:27:53Z,,0,,,,,,
2026-07-18T21:27:53Z,,0,,,,,,
2026-07-18T21:40:39Z,540,,19.5,69.5,11.66,18.8,97.4,15.68
2026-07-18T22:27:53Z,,0,,,,,,
2026-07-18T23:27:53Z,,0,,,,,,
2026-07-18T23:40:30Z,540,,19.1,74.2,12.16,18.3,97.5,15.24
2026-07-19T00:27:53Z,,0,,,,,,
2026-07-19T01:27:53Z,,0,,,,,,
2026-07-19T01:40:24Z,705,,18,75.7,11.62,17,95.7,13.84
2026-07-19T02:27:53Z,,0,,,,,,
2026-07-19T03:27:53Z,,0,,,,,,
2026-07-19T03:40:32Z,1125,,18.1,81,12.51,16.5,96.6,13.56
2026-07-19T04:27:53Z,,0,,,,,,
2026-07-19T05:27:53Z,,0,,,,,,
2026-07-19T05:40:02Z,1230,,16.8,79.7,11.39,14.8,95.7,12.12
2026-07-19T06:27:53Z,,0,,,,,,
2026-07-19T07:27:53Z,,0,,,,,,
2026-07-19T07:39:24Z,1695,,18.4,79.5,12.5,15.9,91.1,12.33
2026-07-19T08:27:53Z,,0,,,,,,
2026-07-19T09:27:53Z,,0,,,,,,
2026-07-19T09:40:06Z,1605,,24.8,54.7,12.45,18.8,77.6,12.49
2026-07-19T10:27:53Z,,0,,,,,,
2026-07-19T11:27:53Z,,0,,,,,,
2026-07-19T11:39:58Z,1110,,26.6,43.8,11.03,19,74.3,12.1
2026-07-19T12:27:53Z,,0,,,,,,
2026-07-19T13:27:53Z,,0,,,,,,
2026-07-19T13:40:11Z,1005,,25.3,43,10.07,17.7,75.2,11.34
2026-07-19T14:27:54Z,,0,,,,,,
2026-07-19T15:27:53Z,,0,,,,,,
2026-07-19T15:40:56Z,1080,,23.3,46.3,9.68,16.4,76.4,10.66
2026-07-19T16:27:53Z,,0,,,,,,
2026-07-19T17:27:53Z,,0,,,,,,
2026-07-19T17:41:23Z,945,,20.8,51,9.23,15.9,77.3,10.46
2026-07-19T18:27:53Z,,0,,,,,,
2026-07-19T19:27:53Z,,0,,,,,,
2026-07-19T19:41:53Z,735,,17.1,59.2,8.61,15,79.6,10.2
2026-07-19T20:27:53Z,,0,,,,,,
2026-07-19T21:27:53Z,,0,,,,,,
2026-07-19T21:42:29Z,810,,15.6,64.7,8.6,14.5,81,10.07
2026-07-19T22:27:53Z,,0,,,,,,
2026-07-19T23:27:53Z,,0,,,,,,
2026-07-19T23:42:01Z,960,,15.1,66.5,8.58,14,79.9,9.63
2026-07-20T00:27:54Z,,0,,,,,,
2026-07-20T01:27:53Z,,0,,,,,,
2026-07-20T01:42:05Z,990,,14.3,68.1,8.36,13.3,81.2,9.38
2026-07-20T02:27:53Z,,0,,,,,,
2026-07-20T03:27:53Z,,0,,,,,,
2026-07-20T03:42:07Z,1275,,14.9,69.6,8.87,13.4,81.2,9.44
2026-07-20T04:27:53Z,,0,,,,,,
2026-07-20T05:27:53Z,,0,,,,,,
2026-07-20T05:41:45Z,1755,,19,62.1,10.12,15.7,73.9,9.88
2026-07-20T06:27:53Z,,0,,,,,,
2026-07-20T07:27:53Z,,0,,,,,,
2026-07-20T07:41:58Z,2205,,24.2,52.2,11.49,19.3,62.5,10.36
2026-07-20T08:27:53Z,,0,,,,,,
2026-07-20T09:27:56Z,,0,,,,,,
2026-07-20T09:41:52Z,2130,,31,31.8,10.19,20.4,52.4,9.27
2026-07-20T10:27:54Z,,0,,,,,,
2026-07-20T11:27:53Z,,0,,,,,,
2026-07-20T11:42:02Z,3390,,36.9,32.1,14.03,20,45.1,7.79
2026-07-20T12:27:53Z,,0,,,,,,
2026-07-20T13:27:53Z,,0,,,,,,
2026-07-20T13:42:52Z,1860,,33.4,22.8,8.3,20,46,7.95
2026-07-20T14:27:53Z,,0,,,,,,
2026-07-20T15:27:54Z,,0,,,,,,
2026-07-20T15:42:01Z,1020,,27.6,27.4,7.29,19,50.1,8.16
2026-07-20T16:27:53Z,,0,,,,,,
2026-07-20T17:27:53Z,,0,,,,,,
2026-07-20T17:42:37Z,540,,22.1,32.4,6.32,17.3,54,7.95
2026-07-20T18:27:53Z,,0,,,,,,
2026-07-20T19:27:53Z,,0,,,,,,
2026-07-20T19:42:34Z,540,,16.6,38.5,5.44,15.1,63.2,8.15
2026-07-20T20:27:53Z,,0,,,,,,
2026-07-20T21:27:53Z,,0,,,,,,
2026-07-20T21:41:56Z,540,,13.7,56.3,6.66,13.1,71.8,8.19
2026-07-20T22:27:53Z,,0,,,,,,
2026-07-20T23:27:53Z,,0,,,,,,
2026-07-20T23:41:25Z,885,,11.6,65.6,6.82,11.4,76.1,7.81
2026-07-21T00:27:53Z,,0,,,,,,
2026-07-21T01:27:53Z,,0,,,,,,
2026-07-21T01:41:42Z,1095,,11,69.9,6.99,10.4,79.8,7.69
2026-07-21T02:27:54Z,,0,,,,,,
2026-07-21T03:27:53Z,,0,,,,,,
2026-07-21T03:42:06Z,1380,,11.9,71.2,7.54,10.6,79.9,7.8
2026-07-21T04:27:53Z,,0,,,,,,
2026-07-21T05:27:54Z,,0,,,,,,
2026-07-21T05:41:34Z,1575,,14.4,62.7,7.75,11.5,75.4,7.79
2026-07-21T06:27:53Z,,0,,,,,,
2026-07-21T07:27:53Z,,0,,,,,,
2026-07-21T07:40:53Z,1620,,17.6,53.4,8.01,12.6,72.2,7.98
2026-07-21T08:27:53Z,,0,,,,,,
2026-07-21T09:27:54Z,,0,,,,,,
2026-07-21T09:41:34Z,1470,,18.8,48.6,7.82,13.1,70.6,8.05
2026-07-21T10:27:54Z,,0,,,,,,
2026-07-21T11:27:54Z,,0,,,,,,
2026-07-21T11:41:17Z,1035,,18.3,48,7.5,13,73.6,8.34
2026-07-21T12:27:53Z,,0,,,,,,
2026-07-21T13:27:55Z,,0,,,,,,
2026-07-21T13:41:54Z,900,,15.9,57.9,7.84,12.5,81.4,8.95
2026-07-21T14:27:54Z,,0,,,,,,
2026-07-21T15:27:54Z,,0,,,,,,
2026-07-21T15:42:27Z,930,,15.9,58.7,7.95,12.4,83,9.07
2026-07-21T16:27:54Z,,0,,,,,,
2026-07-21T17:27:53Z,,0,,,,,,
2026-07-21T17:42:40Z,885,,13.9,63.7,7.63,11.5,84.6,8.74
2026-07-21T18:27:53Z,,0,,,,,,
2026-07-21T19:27:53Z,,0,,,,,,
2026-07-21T19:42:40Z,885,,12.5,70.1,7.7,11,88.9,8.9
2026-07-21T20:27:53Z,,0,,,,,,
2026-07-21T21:27:53Z,,0,,,,,,
2026-07-21T21:42:14Z,915,,11.7,75.3,7.87,10.6,91.5,8.93
2026-07-21T22:27:52Z,,0,,,,,,
2026-07-21T23:27:53Z,,0,,,,,,
2026-07-21T23:42:55Z,1095,,11.7,79.5,8.31,10.5,93.5,9.07
2026-07-22T00:27:53Z,,0,,,,,,
2026-07-22T01:27:53Z,,0,,,,,,
2026-07-22T01:43:15Z,1110,,11.6,79.7,8.28,10.4,94.2,9.08
2026-07-22T02:27:53Z,,0,,,,,,
2026-07-22T03:27:53Z,,0,,,,,,
2026-07-22T03:42:30Z,1290,,12,81.8,8.71,10.5,95,9.21
2026-07-22T04:27:53Z,,0,,,,,,
2026-07-22T05:27:53Z,,0,,,,,,
2026-07-22T05:42:03Z,1485,,13.7,80,9.47,11.7,92.3,9.65
2026-07-22T06:27:53Z,,0,,,,,,
2026-07-22T07:27:53Z,,0,,,,,,
2026-07-22T07:42:43Z,1935,,19,66.7,10.87,14.2,82.9,10.12
2026-07-22T08:27:53Z,,0,,,,,,
2026-07-22T09:27:54Z,,0,,,,,,
2026-07-22T09:43:14Z,2145,,29.7,36.2,10.81,19.4,59.2,9.87
2026-07-22T10:27:53Z,,0,,,,,,
2026-07-22T11:27:54Z,,0,,,,,,
2026-07-22T11:43:32Z,2160,,35.2,23.6,9.45,20,49.3,8.52
2026-07-22T12:27:54Z,,0,,,,,,
2026-07-22T13:27:53Z,,0,,,,,,
2026-07-22T13:42:47Z,1755,,34.3,21.9,8.36,18.9,50.2,8.13
2026-07-22T14:27:53Z,,0,,,,,,
2026-07-22T15:27:53Z,,0,,,,,,
2026-07-22T15:43:19Z,1395,,31.6,23.5,7.78,19.4,48.7,8.12
2026-07-22T16:27:54Z,,0,,,,,,
2026-07-22T17:27:53Z,,0,,,,,,
2026-07-22T17:42:51Z,540,,22.4,35.5,7.05,16.9,61.2,8.8
2026-07-22T18:27:53Z,,0,,,,,,
2026-07-22T19:27:54Z,,0,,,,,,
2026-07-22T19:42:23Z,540,,17.2,44,6.44,15.3,69,9.01
2026-07-22T20:27:53Z,,0,,,,,,
2026-07-22T21:27:52Z,,0,,,,,,
2026-07-22T21:43:06Z,540,,14.3,53,6.51,13.8,76.9,9.16
2026-07-22T22:27:53Z,,0,,,,,,
2026-07-22T23:27:53Z,,0,,,,,,
2026-07-22T23:43:11Z,525,,13.7,63.1,7.47,13.4,83.4,9.69
2026-07-23T00:27:53Z,,0,,,,,,
2026-07-23T01:27:53Z,,0,,,,,,
2026-07-23T01:42:32Z,525,,13.1,67.9,7.74,12.6,85.6,9.47
2026-07-23T02:27:53Z,,0,,,,,,
2026-07-23T03:27:53Z,,0,,,,,,
2026-07-23T03:43:13Z,705,,13,71.7,8.13,12.1,89.9,9.64
2026-07-23T04:27:53Z,,0,,,,,,
2026-07-23T05:27:53Z,,0,,,,,,
2026-07-23T05:44:03Z,930,,14.6,73.9,9.24,13.1,91.6,10.45
2026-07-23T06:27:53Z,,0,,,,,,
2026-07-23T07:27:53Z,,0,,,,,,
2026-07-23T07:43:44Z,1695,,19.7,68.7,11.66,16.1,84.3,11.55
2026-07-23T08:27:53Z,,0,,,,,,
2026-07-23T09:27:54Z,,0,,,,,,
2026-07-23T09:43:24Z,2250,,27.8,50.3,13.54,20.5,67.8,12.06
2026-07-23T10:27:53Z,,0,,,,,,
2026-07-23T11:27:53Z,,0,,,,,,
2026-07-23T11:43:35Z,2190,,35,29.7,11.76,21.2,58,10.75
2026-07-23T12:27:54Z,,0,,,,,,
2026-07-23T13:27:54Z,,0,,,,,,
2026-07-23T13:43:18Z,1635,,24.3,51.9,11.49,17,79.2,11.46
2026-07-23T14:27:54Z,,0,,,,,,
2026-07-23T15:27:54Z,,0,,,,,,
2026-07-23T15:43:33Z,1725,,22.7,57.1,11.54,16.8,78.9,11.28
2026-07-23T16:27:53Z,,0,,,,,,
2026-07-23T17:27:53Z,,0,,,,,,
2026-07-23T17:44:07Z,1530,,21.2,61.7,11.43,16.4,83.1,11.59
2026-07-23T18:27:53Z,,0,,,,,,
2026-07-23T19:27:53Z,,0,,,,,,
2026-07-23T19:43:53Z,765,,15.8,68.1,9.16,14,89.9,10.84
2026-07-23T20:27:53Z,,0,,,,,,
2026-07-23T21:27:53Z,,0,,,,,,
2026-07-23T21:43:16Z,525,,12,72.6,7.73,12.1,93.5,10.02
2026-07-23T22:27:53Z,,0,,,,,,
2026-07-23T23:27:53Z,,0,,,,,,
2026-07-23T23:43:10Z,525,,9,75.5,6.65,10.3,95.2,9.11
2026-07-24T00:27:54Z,,0,,,,,,
2026-07-24T01:27:53Z,,0,,,,,,
2026-07-24T01:43:19Z,525,,7.7,75.6,6.13,9,97,8.55
2026-07-24T02:27:53Z,,0,,,,,,
2026-07-24T03:27:53Z,,0,,,,,,
2026-07-24T03:42:38Z,525,,9.5,83.4,7.59,11.2,96.7,9.8
2026-07-24T04:27:53Z,,0,,,,,,
2026-07-24T05:27:53Z,,0,,,,,,
2026-07-24T05:42:54Z,1755,,17.6,92.8,13.91,20.6,75.4,13.49
2026-07-24T06:27:53Z,,0.00014,,,,,,
2026-07-24T07:27:53Z,,0.00028,,,,,,
2026-07-24T07:43:24Z,2880,,29.6,51.8,15.39,27.4,47.8,12.58
2026-07-24T08:27:53Z,,0,,,,,,
2026-07-24T09:27:53Z,,0,,,,,,
2026-07-24T09:43:57Z,1785,,32.6,30.6,10.68,22.7,51,10.3
2026-07-24T10:27:53Z,,0,,,,,,
2026-07-24T11:27:54Z,,0,,,,,,
2026-07-24T11:44:13Z,1980,,33.6,29.9,11.0,21.3,55.4,10.33
2026-07-24T12:27:53Z,,0,,,,,,
2026-07-24T13:27:53Z,,0,,,,,,
2026-07-24T13:44:41Z,2130,,34.7,28.1,10.96,20.3,56.6,9.95
2026-07-24T14:27:53Z,,0,,,,,,
2026-07-24T15:27:53Z,,0,,,,,,
2026-07-24T15:44:22Z,990,,28.8,29.1,8.27,18.6,58.8,9.36
2026-07-24T16:27:53Z,,0,,,,,,
2026-07-24T17:27:53Z,,0,,,,,,
2026-07-24T17:43:49Z,540,,23.2,38.1,7.92,17.8,66.3,10.06
2026-07-24T18:27:53Z,,0,,,,,,
2026-07-24T19:27:53Z,,0,,,,,,
2026-07-24T19:43:53Z,540,,15.3,47,6.14,14.5,75.3,9.36
2026-07-24T20:27:53Z,,0,,,,,,
2026-07-24T21:27:53Z,,0,,,,,,
2026-07-24T21:44:36Z,540,,11.9,58,6.14,12.3,82.3,8.93
2026-07-24T22:27:53Z,,0,,,,,,
2026-07-24T23:27:53Z,,0,,,,,,
2026-07-24T23:45:17Z,525,,12.3,61.8,6.71,14.3,79.6,9.78
2026-07-25T00:27:53Z,,0,,,,,,
2026-07-25T01:27:53Z,,0,,,,,,
2026-07-25T01:45:05Z,540,,12.6,70.8,7.83,14.3,83.5,10.25
2026-07-25T02:27:53Z,,0,,,,,,
2026-07-25T03:27:53Z,,0,,,,,,
2026-07-25T03:44:58Z,765,,14,76.6,9.24,15.3,83,10.83
2026-07-25T04:27:53Z,,0,,,,,,
2026-07-25T05:27:53Z,,0,,,,,,
2026-07-25T05:45:40Z,2040,,19.6,69.9,11.8,18.2,70.4,10.94
2026-07-25T06:27:53Z,,0,,,,,,
2026-07-25T07:27:52Z,,0,,,,,,
2026-07-25T07:45:27Z,1275,,22.6,51.3,10.31,16.9,76.1,10.94
2026-07-25T08:27:53Z,,0,,,,,,
2026-07-25T09:27:53Z,,0,,,,,,
2026-07-25T09:45:08Z,1080,,21.5,56.3,10.62,17.1,81.1,11.8
2026-07-25T10:27:53Z,,0,,,,,,
2026-07-25T11:27:53Z,,0,,,,,,
2026-07-25T11:44:58Z,765,,19.8,64.7,11.05,17.5,87.7,13.07
2026-07-25T12:27:53Z,,0,,,,,,
2026-07-25T13:27:53Z,,0,,,,,,
2026-07-25T13:44:39Z,1830,,24.6,52.3,11.77,19.1,69.7,11.42
2026-07-25T14:27:53Z,,0,,,,,,
2026-07-25T15:27:53Z,,0,,,,,,
2026-07-25T15:44:06Z,900,,19.3,64.9,10.76,16.7,87.1,12.37
2026-07-25T16:27:53Z,,0,,,,,,
2026-07-25T17:27:53Z,,0,,,,,,
2026-07-25T17:43:27Z,900,,18.1,71,10.97,16.4,90,12.56
2026-07-25T18:27:53Z,,0,,,,,,
2026-07-25T19:27:53Z,,0,,,,,,
2026-07-25T19:44:05Z,795,,16.5,75.6,10.61,15.9,92.1,12.47
2026-07-25T20:27:53Z,,0,,,,,,
2026-07-25T21:27:53Z,,0,,,,,,
2026-07-25T21:43:55Z,930,,15.9,79.3,10.73,15.9,89.3,12.09
2026-07-25T22:27:53Z,,0,,,,,,
2026-07-25T23:27:53Z,,0,,,,,,
2026-07-25T23:42:54Z,1065,,15.8,77.9,10.48,15.6,86.7,11.53
2026-07-26T00:27:53Z,,0,,,,,,
2026-07-26T01:27:53Z,,0,,,,,,
2026-07-26T01:42:57Z,1125,,15.6,77.3,10.28,15.5,84.7,11.19
2026-07-26T02:27:53Z,,0,,,,,,
2026-07-26T03:27:53Z,,0,,,,,,
2026-07-26T03:43:11Z,1095,,16,80.1,10.91,15.6,90.4,12.02
2026-07-26T04:27:54Z,,0,,,,,,
2026-07-26T05:27:53Z,,0,,,,,,
2026-07-26T05:43:31Z,1620,,18.1,78.4,12.11,16.5,85.7,12.03
2026-07-26T06:27:53Z,,0,,,,,,
2026-07-26T07:27:53Z,,0,,,,,,
2026-07-26T07:43:56Z,1125,,18.2,74.7,11.61,16.2,92.2,12.71
2026-07-26T08:27:53Z,,0,,,,,,
2026-07-26T09:27:53Z,,0,,,,,,
2026-07-26T09:43:42Z,1950,,20,81.5,14.08,17.9,85.8,13.1
2026-07-26T10:27:53Z,,0,,,,,,
2026-07-26T11:27:53Z,,0,,,,,,
2026-07-26T11:44:12Z,1215,,21.9,64,12.35,18.2,85.4,13.27
2026-07-26T12:27:53Z,,0,,,,,,
2026-07-26T13:27:53Z,,0,,,,,,
2026-07-26T13:43:56Z,1200,,21.2,67.1,12.43,18.6,84.3,13.41
2026-07-26T14:27:53Z,,0,,,,,,
2026-07-26T15:27:53Z,,0,,,,,,
2026-07-26T15:43:49Z,1200,,19.3,71.2,11.81,18.3,81.7,12.77
2026-07-26T16:27:53Z,,0,,,,,,
2026-07-26T17:27:53Z,,0,,,,,,
2026-07-26T17:42:50Z,1080,,17.8,77.9,11.82,18,85.1,13.07
2026-07-26T18:27:53Z,,0,,,,,,
2026-07-26T19:27:54Z,,0,,,,,,
2026-07-26T19:42:37Z,1035,,17.2,80.5,11.78,17.3,89,13.11
2026-07-26T20:27:53Z,,0,,,,,,
2026-07-26T21:27:52Z,,0,,,,,,
2026-07-26T21:43:07Z,1035,,16.6,83.5,11.79,16.6,93.2,13.16
2026-07-26T22:27:53Z,,0,,,,,,
2026-07-26T23:27:54Z,,0,,,,,,
2026-07-26T23:43:07Z,885,,14.9,85.4,10.88,15.2,95.8,12.43
2026-07-27T00:27:53Z,,1e-05,,,,,,
2026-07-27T01:27:54Z,,2e-05,,,,,,
2026-07-27T01:43:56Z,1005,,14.5,87.4,10.87,14.6,97.2,12.16
2026-07-27T02:27:53Z,,7e-05,,,,,,
2026-07-27T03:27:53Z,,0.00011,,,,,,
2026-07-27T03:43:50Z,1140,,15.1,90.2,11.63,14.9,98.7,12.57
2026-07-27T04:27:53Z,,0.0002,,,,,,
2026-07-27T05:27:53Z,,0.00028,,,,,,
2026-07-27T05:43:18Z,1320,,17.2,89.4,13.09,16.2,100,13.78
2026-07-27T06:27:53Z,,0.00036,,,,,,
2026-07-27T07:27:53Z,,0.00044,,,,,,
2026-07-27T07:43:50Z,1695,,19.2,87.3,14.39,17.2,97,14.2
2026-07-27T08:27:54Z,,0.00049,,,,,,
2026-07-27T09:27:53Z,,0.00055,,,,,,
2026-07-27T09:43:48Z,1950,,22.8,74.1,15.06,18.2,90.8,14.11
2026-07-27T10:27:53Z,,0.00021,,,,,,
2026-07-27T11:27:54Z,,0,,,,,,
2026-07-27T11:43:15Z,1710,,25.2,59,13.74,19.1,82.5,13.52
2026-07-27T12:27:53Z,,0,,,,,,
2026-07-27T13:27:53Z,,0,,,,,,
2026-07-27T13:44:00Z,1755,,29.1,47.5,13.73,20.1,76.7,13.33
2026-07-27T14:27:54Z,,0,,,,,,
2026-07-27T15:27:54Z,,0,,,,,,
2026-07-27T15:43:58Z,1875,,28.9,47.4,13.55,19.7,75.9,12.89
2026-07-27T16:27:54Z,,0,,,,,,
2026-07-27T17:27:53Z,,0,,,,,,
2026-07-27T17:43:18Z,705,,23.3,54.6,11.42,18.4,86.6,13.62
2026-07-27T18:27:53Z,,0,,,,,,
2026-07-27T19:27:53Z,,0,,,,,,
2026-07-27T19:43:25Z,540,,18.3,64.2,10.03,16.4,100,13.95
2026-07-27T20:27:53Z,,0,,,,,,
2026-07-27T21:27:53Z,,0,,,,,,
2026-07-27T21:42:45Z,540,,16.9,72.1,10.37,16.1,100,13.7
2026-07-27T22:27:53Z,,0,,,,,,
2026-07-27T23:27:53Z,,0,,,,,,
2026-07-27T23:42:44Z,705,,16.4,78.4,10.94,15.3,100,13.05
2026-07-28T00:27:53Z,,0,,,,,,
2026-07-28T01:27:53Z,,0,,,,,,
2026-07-28T01:43:33Z,930,,15.6,81.9,10.89,14.4,100,12.36
2026-07-28T02:27:53Z,,0,,,,,,
2026-07-28T03:27:53Z,,0,,,,,,
2026-07-28T03:44:04Z,1125,,14.9,84,10.7,13.6,100,11.76
2026-07-28T04:27:53Z,,0,,,,,,
2026-07-28T05:27:53Z,,0,,,,,,
2026-07-28T05:43:27Z,1290,,16.6,83.1,11.73,14.6,98.9,12.37
2026-07-28T06:27:54Z,,0,,,,,,
2026-07-28T07:27:53Z,,0,,,,,,
2026-07-28T07:43:32Z,2370,,25,66,15.2,22,68.5,13.29
2026-07-28T08:27:54Z,,0,,,,,,
2026-07-28T09:27:53Z,,0,,,,,,
2026-07-28T09:43:44Z,2400,,31.5,41.6,13.69,23.6,56,11.91
2026-07-28T10:27:53Z,,0,,,,,,
2026-07-28T11:27:53Z,,0,,,,,,
2026-07-28T11:44:09Z,1245,,25.1,46.8,10.84,18.7,73,11.68
2026-07-28T12:27:53Z,,0,,,,,,
2026-07-28T13:27:56Z,,0,,,,,,
2026-07-28T13:44:16Z,810,,26.1,37.6,9.21,17.8,70.9,10.76
2026-07-28T14:27:53Z,,0,,,,,,
2026-07-28T15:27:53Z,,0,,,,,,
2026-07-28T15:44:01Z,750,,22.3,47.3,9.34,17.6,74.3,11.14
2026-07-28T16:27:53Z,,0,,,,,,
2026-07-28T17:27:53Z,,0,,,,,,
2026-07-28T17:44:24Z,555,,19.2,53.1,8.75,16.5,78.4,11.0
2026-07-28T18:27:53Z,,0,,,,,,
2026-07-28T19:27:53Z,,0,,,,,,
2026-07-28T19:44:53Z,540,,14.4,60.2,7.44,14.5,85.3,10.6
2026-07-28T20:27:53Z,,0,,,,,,
2026-07-28T21:27:53Z,,0,,,,,,
2026-07-28T21:45:30Z,525,,12.1,69.3,7.43,12.8,91.2,10.21
2026-07-28T22:27:53Z,,0,,,,,,
2026-07-28T23:27:53Z,,0,,,,,,
2026-07-28T23:45:01Z,540,,11.8,76.7,8.07,11.8,95.3,10.03
2026-07-29T00:27:53Z,,0,,,,,,
2026-07-29T01:27:53Z,,0,,,,,,
2026-07-29T01:45:37Z,525,,12,78.1,8.32,12.1,96.6,10.36
2026-07-29T02:27:53Z,,0,,,,,,
2026-07-29T03:27:53Z,,0,,,,,,
2026-07-29T03:45:55Z,540,,12.3,85,9.23,14.2,93.2,11.38
2026-07-29T04:27:52Z,,0,,,,,,
2026-07-29T05:27:53Z,,0,,,,,,
2026-07-29T05:45:19Z,1560,,18.2,88.4,13.74,22.6,69,13.86
2026-07-29T06:27:53Z,,7e-05,,,,,,
2026-07-29T07:27:53Z,,0.00014,,,,,,
2026-07-29T07:45:10Z,2805,,28.9,52.8,15.1,27.4,48.1,12.66
2026-07-29T08:27:53Z,,0,,,,,,
2026-07-29T09:27:53Z,,0,,,,,,
2026-07-29T09:45:51Z,1965,,36.8,28.6,12.44,27.6,43.8,11.66
2026-07-29T10:27:53Z,,0,,,,,,
2026-07-29T11:27:53Z,,0,,,,,,
2026-07-29T11:45:11Z,2460,,40.9,21.6,11.57,24.5,44.8,10.03
2026-07-29T12:27:53Z,,0,,,,,,
2026-07-29T13:27:53Z,,0,,,,,,
2026-07-29T13:45:28Z,1230,,34.9,23.3,9.18,22.8,48.7,9.9
2026-07-29T14:27:53Z,,0,,,,,,
2026-07-29T15:27:53Z,,0,,,,,,
2026-07-29T15:46:14Z,1155,,34.1,24.9,9.41,23.5,48.3,10.22
2026-07-29T16:27:53Z,,0,,,,,,
2026-07-29T17:27:53Z,,0,,,,,,
2026-07-29T17:46:35Z,555,,25.4,36.3,8.55,21.2,62.9,11.66
2026-07-29T18:27:53Z,,0,,,,,,
2026-07-29T19:27:53Z,,0,,,,,,
2026-07-29T19:46:28Z,540,,19.3,43.7,7.25,18.7,65.6,10.5
2026-07-29T20:27:53Z,,0,,,,,,
2026-07-29T21:27:53Z,,0,,,,,,
2026-07-29T21:47:14Z,540,,14.3,53.7,6.59,15.4,78,10.24
2026-07-29T22:27:53Z,,0,,,,,,
2026-07-29T23:27:53Z,,0,,,,,,
2026-07-29T23:47:50Z,525,,12.1,62.3,6.68,13.4,87.3,10.14
2026-07-30T00:27:53Z,,0,,,,,,
2026-07-30T01:27:53Z,,0,,,,,,
2026-07-30T01:48:30Z,525,,11,67.9,6.79,12.3,91.9,9.97
2026-07-30T02:27:53Z,,0,,,,,,
2026-07-30T03:27:53Z,,0,,,,,,
2026-07-30T03:49:13Z,735,,14.3,76.6,9.41,13.5,95.1,11.12
2026-07-30T04:27:53Z,,0,,,,,,
2026-07-30T05:27:53Z,,0,,,,,,
2026-07-30T05:49:29Z,1230,,18.3,82.8,12.94,19.8,81.2,13.87
2026-07-30T06:27:53Z,,0,,,,,,
2026-07-30T07:27:53Z,,0,,,,,,
2026-07-30T07:48:29Z,1980,,27.5,53.9,14.27,22.7,66.1,13.36
2026-07-30T08:27:53Z,,0,,,,,,
2026-07-30T09:27:54Z,,0,,,,,,
2026-07-30T09:48:00Z,1755,,31.9,42.1,14.16,23,67.1,13.79
2026-07-30T10:27:53Z,,0,,,,,,
2026-07-30T11:27:53Z,,0,,,,,,
2026-07-30T11:48:11Z,2010,,34.7,38.3,14.93,22.2,70.7,13.88
2026-07-30T12:27:53Z,,0,,,,,,
2026-07-30T13:27:53Z,,0,,,,,,
2026-07-30T13:47:48Z,1740,,36.7,32.5,14.06,22.5,69,13.78
2026-07-30T14:27:53Z,,0,,,,,,
2026-07-30T15:27:53Z,,0,,,,,,
2026-07-30T15:47:41Z,1020,,31.6,37.1,12.28,22.5,69.5,13.88
2026-07-30T16:27:53Z,,0,,,,,,
2026-07-30T17:27:53Z,,0,,,,,,
2026-07-30T17:48:18Z,660,,25.9,48.6,11.77,20.5,79.6,14.16
2026-07-30T18:27:53Z,,0,,,,,,
2026-07-30T19:27:53Z,,0,,,,,,
2026-07-30T19:48:33Z,540,,19.2,60.9,10.04,18,88.6,13.6
2026-07-30T20:27:53Z,,0,,,,,,
2026-07-30T21:27:53Z,,0,,,,,,
2026-07-30T21:49:07Z,540,,16.4,68.2,9.52,17,91.8,13.28
2026-07-30T22:27:53Z,,0,,,,,,
2026-07-30T23:27:53Z,,0,,,,,,
2026-07-30T23:49:44Z,525,,14.1,72.8,8.83,15.8,94,12.65
2026-07-31T00:27:53Z,,0,,,,,,
2026-07-31T01:27:53Z,,0,,,,,,
2026-07-31T01:49:02Z,540,,14.2,79.6,9.72,16,96.1,13.09
2026-07-31T02:27:53Z,,0,,,,,,
2026-07-31T03:27:53Z,,0,,,,,,
2026-07-31T03:48:57Z,600,,16.2,87.5,12.06,18.7,90.7,14.52
2026-07-31T04:27:53Z,,5e-05,,,,,,
2026-07-31T05:27:53Z,,0.0001,,,,,,
2026-07-31T05:48:52Z,1800,,21,83.6,15.31,21.9,77,14.86
2026-07-31T06:27:53Z,,0,,,,,,
2026-07-31T07:27:53Z,,0,,,,,,
2026-07-31T07:49:26Z,2130,,30.5,53.4,16.65,25.8,63.1,15.2
2026-07-31T08:27:53Z,,0,,,,,,
2026-07-31T09:27:53Z,,0,,,,,,
2026-07-31T09:48:55Z,1755,,34.3,41.1,15.69,25.9,62.9,15.23
2026-07-31T10:27:53Z,,0,,,,,,
2026-07-31T11:27:53Z,,0,,,,,,
2026-07-31T11:48:08Z,1290,,35.6,36.7,15.0,26,65.6,15.98
2026-07-31T12:27:53Z,,0,,,,,,
2026-07-31T13:27:53Z,,0,,,,,,
2026-07-31T13:48:36Z,540,,24.7,52.3,11.84,20.8,84.3,15.26
2026-07-31T14:27:53Z,,0,,,,,,
2026-07-31T15:27:54Z,,0,,,,,,
2026-07-31T15:47:50Z,540,,22.7,63.2,12.77,20.3,89.6,15.76
2026-07-31T16:27:53Z,,0,,,,,,
2026-07-31T17:27:53Z,,0,,,,,,
2026-07-31T17:47:15Z,540,,20.5,69.2,12.31,19.4,94.4,15.75
2026-07-31T18:27:53Z,,0,,,,,,
2026-07-31T19:27:53Z,,0,,,,,,
2026-07-31T19:46:33Z,540,,18.4,73.8,11.6,18.1,96.5,14.91
2026-07-31T20:27:53Z,,0,,,,,,
2026-07-31T21:27:53Z,,0,,,,,,
2026-07-31T21:46:43Z,540,,16.2,78,10.75,16.7,97.9,13.91
2026-07-31T22:27:53Z,,0,,,,,,
2026-07-31T23:27:53Z,,0,,,,,,
2026-07-31T23:45:58Z,540,,13.4,78.1,9.08,14.8,98.8,12.51
2026-08-01T00:27:53Z,,0,,,,,,
2026-08-01T01:27:53Z,,0,,,,,,
2026-08-01T01:45:32Z,930,,14.9,86.2,10.98,14.6,100,12.51
2026-08-01T02:27:53Z,,3e-05,,,,,,
2026-08-01T03:27:54Z,,5e-05,,,,,,
2026-08-01T03:45:18Z,1200,,15.6,86.5,11.5,14.5,99.6,12.38
2026-08-01T04:27:53Z,,9e-05,,,,,,
2026-08-01T05:27:53Z,,0.00012,,,,,,
2026-08-01T05:45:59Z,1590,,18.4,93.5,14.7,18.3,94,14.69
2026-08-01T06:27:53Z,,0.00028,,,,,,
2026-08-01T07:27:53Z,,0.00045,,,,,,
2026-08-01T07:46:26Z,2310,,27.4,62.2,16.37,24.8,63.7,14.5
2026-08-01T08:27:53Z,,0.00011,,,,,,
2026-08-01T09:27:54Z,,0,,,,,,
2026-08-01T09:46:21Z,2760,,33.7,35.8,13.24,25,49.2,11.33
2026-08-01T10:27:53Z,,0,,,,,,
2026-08-01T11:27:53Z,,0,,,,,,
2026-08-01T11:46:48Z,2175,,35.4,31,12.54,23.1,54.8,11.33
2026-08-01T12:27:53Z,,0,,,,,,
2026-08-01T13:27:54Z,,0,,,,,,
2026-08-01T13:46:15Z,1950,,34.5,28.6,11.04,21.9,54.1,10.44
2026-08-01T14:27:53Z,,0,,,,,,
2026-08-01T15:27:53Z,,0,,,,,,
2026-08-01T15:46:20Z,915,,28.4,34,9.46,20.3,61.8,10.87
2026-08-01T16:27:53Z,,0,,,,,,
2026-08-01T17:27:54Z,,0,,,,,,
2026-08-01T17:46:13Z,540,,21.8,42.1,8.08,17.9,70.8,10.81
2026-08-01T18:27:53Z,,0,,,,,,
2026-08-01T19:27:53Z,,0,,,,,,
2026-08-01T19:46:39Z,525,,16.8,50.3,7.19,15.7,73.9,9.88
2026-08-01T20:27:54Z,,0,,,,,,
2026-08-01T21:27:53Z,,0,,,,,,
2026-08-01T21:46:56Z,540,,14.2,58.4,7.13,14.3,81.5,10.01
2026-08-01T22:27:53Z,,0,,,,,,
2026-08-01T23:27:53Z,,0,,,,,,
2026-08-01T23:46:27Z,525,,13.3,64.8,7.48,13.7,86.6,10.25
2026-08-02T00:27:53Z,,0,,,,,,
2026-08-02T01:27:53Z,,0,,,,,,
2026-08-02T01:46:09Z,540,,12.7,69,7.68,13.2,90.3,10.36
2026-08-02T02:27:53Z,,0,,,,,,
2026-08-02T03:27:53Z,,0,,,,,,
2026-08-02T03:45:41Z,540,,12.1,73,7.83,12.7,92.6,10.3
2026-08-02T04:27:53Z,,0,,,,,,
2026-08-02T05:27:53Z,,0,,,,,,
2026-08-02T05:45:19Z,1305,,18.2,82,12.74,20.9,73.8,13.44
2026-08-02T06:27:53Z,,0,,,,,,
2026-08-02T07:27:53Z,,0,,,,,,
2026-08-02T07:45:17Z,2220,,28.2,51.9,14.28,26.2,52.1,12.83
2026-08-02T08:27:53Z,,0,,,,,,
2026-08-02T09:27:53Z,,0,,,,,,
2026-08-02T09:45:49Z,2430,,34.5,29.7,11.46,25.9,41,9.93
2026-08-02T10:27:53Z,,0,,,,,,
2026-08-02T11:27:53Z,,0,,,,,,
2026-08-02T11:46:25Z,2475,,37.2,23.8,10.56,22.8,44.7,9.08
2026-08-02T12:27:54Z,,0,,,,,,
2026-08-02T13:27:54Z,,0,,,,,,
2026-08-02T13:46:31Z,1890,,34.2,24,9.12,21.1,47.2,8.7
2026-08-02T14:27:54Z,,0,,,,,,
2026-08-02T15:27:53Z,,0,,,,,,
2026-08-02T15:47:14Z,555,,25.1,34.5,7.99,18.4,64.7,10.17
2026-08-02T16:27:53Z,,0,,,,,,
2026-08-02T17:27:53Z,,0,,,,,,
2026-08-02T17:47:28Z,540,,20.8,38.3,6.93,17.1,70.1,10.2
2026-08-02T18:27:53Z,,0,,,,,,
2026-08-02T19:27:54Z,,0,,,,,,
2026-08-02T19:46:58Z,540,,15.2,47.7,6.19,14.8,76.7,9.71
2026-08-02T20:27:53Z,,0,,,,,,
2026-08-02T21:27:53Z,,0,,,,,,
2026-08-02T21:47:08Z,525,,13,58.2,6.6,13.7,84.4,9.99
2026-08-02T22:27:53Z,,0,,,,,,
2026-08-02T23:27:53Z,,0,,,,,,
2026-08-02T23:46:36Z,525,,11.9,65.2,6.9,12.9,88.8,10.0
2026-08-03T00:27:53Z,,0,,,,,,
2026-08-03T01:27:53Z,,0,,,,,,
2026-08-03T01:47:29Z,540,,11.6,72.1,7.49,12.9,92.5,10.42
2026-08-03T02:27:53Z,,0,,,,,,
2026-08-03T03:27:53Z,,0,,,,,,
2026-08-03T03:47:38Z,540,,12.8,79.4,8.89,14.9,90.9,11.58
2026-08-03T04:27:54Z,,0,,,,,,
2026-08-03T05:27:54Z,,0,,,,,,
2026-08-03T05:47:30Z,1635,,17.9,82.9,12.65,21.7,66.4,12.67
2026-08-03T06:27:55Z,,0,,,,,,
2026-08-03T07:27:54Z,,0,,,,,,
2026-08-03T07:47:33Z,1965,,27.9,44.7,12.1,25.6,47.6,11.34
2026-08-03T08:27:53Z,,0,,,,,,
2026-08-03T09:27:54Z,,0,,,,,,
2026-08-03T09:46:52Z,1680,,29.6,34.8,10.34,21.6,53.6,10.16
2026-08-03T10:27:54Z,,0,,,,,,
2026-08-03T11:27:53Z,,0,,,,,,
2026-08-03T11:46:11Z,2385,,32.5,30.6,10.62,20.6,51.6,9.23
2026-08-03T12:27:53Z,,0,,,,,,
2026-08-03T13:27:53Z,,0,,,,,,
2026-08-03T13:45:51Z,1155,,27.8,34.8,9.37,19.6,60.7,10.24
2026-08-03T14:27:53Z,,0,,,,,,
2026-08-03T15:27:53Z,,0,,,,,,
2026-08-03T15:45:21Z,1020,,27.2,32.8,8.54,19,58.6,9.55
2026-08-03T16:27:53Z,,0,,,,,,
2026-08-03T17:27:53Z,,0,,,,,,
2026-08-03T17:45:26Z,660,,22,38,7.37,17.7,59,8.9
2026-08-03T18:27:53Z,,0,,,,,,
2026-08-03T19:27:53Z,,0,,,,,,
2026-08-03T19:44:59Z,525,,15.4,48,6.3,14.8,68,8.61
2026-08-03T20:27:53Z,,0,,,,,,
2026-08-03T21:27:53Z,,0,,,,,,
2026-08-03T21:44:49Z,525,,11.4,56.5,5.8,12.2,78.8,8.5
2026-08-03T22:27:53Z,,0,,,,,,
2026-08-03T23:27:53Z,,0,,,,,,
2026-08-03T23:44:54Z,525,,8.9,61.6,5.39,10.3,87,8.33
2026-08-04T00:27:53Z,,0,,,,,,
2026-08-04T01:27:53Z,,0,,,,,,
2026-08-04T01:44:26Z,525,,8,66.7,5.51,9.2,91.1,8.13
2026-08-04T02:27:53Z,,0,,,,,,
2026-08-04T03:27:53Z,,0,,,,,,
2026-08-04T03:44:36Z,540,,9.4,74.1,6.7,10.8,92,9.09
2026-08-04T04:27:53Z,,0,,,,,,
2026-08-04T05:27:53Z,,0,,,,,,
2026-08-04T05:44:01Z,885,,15.6,79.1,10.52,15.3,92.4,12.06
2026-08-04T06:27:54Z,,0,,,,,,
2026-08-04T07:27:53Z,,0,,,,,,
2026-08-04T07:43:51Z,2355,,23.5,68,14.38,20.5,70.8,12.6
2026-08-04T08:27:53Z,,0,,,,,,
2026-08-04T09:27:53Z,,0,,,,,,
2026-08-04T09:44:11Z,1710,,27.9,48.3,13.07,20.3,72.7,12.78
2026-08-04T10:27:54Z,,0,,,,,,
2026-08-04T11:27:53Z,,0,,,,,,
2026-08-04T11:44:11Z,1320,,29.8,38.7,11.62,20.7,67.9,12.22
2026-08-04T12:27:54Z,,0,,,,,,
2026-08-04T13:27:53Z,,0,,,,,,
2026-08-04T13:44:24Z,1380,,24.6,56.1,12.63,19.8,77.4,13.22
2026-08-04T14:27:54Z,,0,,,,,,
2026-08-04T15:27:53Z,,0,,,,,,
2026-08-04T15:44:01Z,1650,,28.1,39.3,10.75,20.5,60.3,10.73
2026-08-04T16:27:53Z,,0,,,,,,
2026-08-04T17:27:53Z,,0,,,,,,
2026-08-04T17:43:49Z,1200,,23.6,47,10.0,19.3,64.7,10.73
2026-08-04T18:27:53Z,,0,,,,,,
2026-08-04T19:27:53Z,,0,,,,,,
2026-08-04T19:43:11Z,540,,16.6,58.7,8.29,15.6,78.5,10.44
2026-08-04T20:27:53Z,,0,,,,,,
2026-08-04T21:27:53Z,,0,,,,,,
2026-08-04T21:43:56Z,525,,11.7,65.9,6.89,13,86.8,9.84
2026-08-04T22:27:53Z,,0,,,,,,
2026-08-04T23:27:52Z,,0,,,,,,
2026-08-04T23:44:16Z,525,,9.5,71,6.46,11.3,90.4,9.22
2026-08-05T00:27:53Z,,0,,,,,,
2026-08-05T01:27:53Z,,0,,,,,,
2026-08-05T01:43:45Z,525,,8.4,73,6.19,10,93.5,8.78
2026-08-05T02:27:53Z,,0,,,,,,
2026-08-05T03:27:53Z,,0,,,,,,
2026-08-05T03:43:16Z,525,,9.1,79,7.01,10.6,94.4,9.21
2026-08-05T04:27:54Z,,0,,,,,,
2026-08-05T05:27:54Z,,0,,,,,,
2026-08-05T05:43:15Z,1590,,15.9,85,11.51,14.2,94.9,11.58
2026-08-05T06:27:53Z,,0,,,,,,
2026-08-05T07:27:53Z,,0,,,,,,
2026-08-05T07:43:51Z,2085,,24.4,63.8,14.2,18.9,80.3,13.01
2026-08-05T08:27:53Z,,0,,,,,,
2026-08-05T09:27:54Z,,0,,,,,,
2026-08-05T09:43:48Z,3030,,31.8,47.8,15.99,22.6,63.6,12.78
2026-08-05T10:27:54Z,,0,,,,,,
2026-08-05T11:27:53Z,,0,,,,,,
2026-08-05T11:44:22Z,1950,,34.2,30.2,11.47,22,55.9,10.85
2026-08-05T12:27:54Z,,0,,,,,,
2026-08-05T13:27:54Z,,0,,,,,,
2026-08-05T13:44:05Z,1425,,32,30.6,10.34,21.9,55.7,10.75
2026-08-05T14:27:53Z,,0,,,,,,
2026-08-05T15:27:53Z,,0,,,,,,
2026-08-05T15:43:44Z,990,,29.9,32.1,9.69,20.2,62.4,10.91
2026-08-05T16:27:53Z,,0,,,,,,
2026-08-05T17:27:53Z,,0,,,,,,
2026-08-05T17:44:23Z,540,,23.2,40.7,8.46,18.9,73.2,11.86
2026-08-05T18:27:53Z,,0,,,,,,
2026-08-05T19:27:53Z,,0,,,,,,
2026-08-05T19:44:12Z,540,,19,47.4,7.72,17.9,79.3,12.1
2026-08-05T20:27:53Z,,0,,,,,,
2026-08-05T21:27:53Z,,0,,,,,,
2026-08-05T21:43:13Z,540,,17.5,52.4,7.81,17.5,83.3,12.41
2026-08-05T22:27:53Z,,0,,,,,,
2026-08-05T23:27:54Z,,0,,,,,,
2026-08-05T23:43:48Z,540,,17.6,60.5,9.07,17.6,84.9,12.73
2026-08-06T00:27:53Z,,0,,,,,,
2026-08-06T01:27:53Z,,0,,,,,,
2026-08-06T01:44:30Z,540,,17,67.8,9.81,17.3,88.3,13.0
2026-08-06T02:27:53Z,,0,,,,,,
2026-08-06T03:27:53Z,,0,,,,,,
2026-08-06T03:44:57Z,540,,17.6,72.3,10.84,17.7,90,13.57
2026-08-06T04:27:53Z,,0,,,,,,
2026-08-06T05:27:54Z,,0,,,,,,
2026-08-06T05:44:20Z,1410,,22.4,74.3,14.76,23.2,73.8,15.34
2026-08-06T06:27:53Z,,0,,,,,,
2026-08-06T07:27:53Z,,0,,,,,,
2026-08-06T07:44:24Z,1680,,30,50.9,15.45,25.6,64.4,15.34
2026-08-06T08:27:53Z,,0,,,,,,
2026-08-06T09:27:54Z,,0,,,,,,
2026-08-06T09:44:34Z,795,,27.6,48.1,12.8,20.9,82.7,15.06
2026-08-06T10:27:53Z,,0,,,,,,
2026-08-06T11:27:53Z,,0,,,,,,
2026-08-06T11:44:30Z,2445,,36.8,37.5,16.31,24.2,64.1,14.11
2026-08-06T12:27:54Z,,0,,,,,,
2026-08-06T13:27:53Z,,0,,,,,,
2026-08-06T13:44:10Z,1830,,33.6,34.7,12.77,22.9,59.9,12.24
2026-08-06T14:27:53Z,,0,,,,,,
2026-08-06T15:27:53Z,,0,,,,,,
2026-08-06T15:43:58Z,960,,28.8,37.2,10.58,21.1,65.6,12.09
2026-08-06T16:27:53Z,,0,,,,,,
2026-08-06T17:27:54Z,,0,,,,,,
2026-08-06T17:44:31Z,540,,21.7,51.1,9.75,19.1,76.3,12.5
2026-08-06T18:27:53Z,,0,,,,,,
2026-08-06T19:27:53Z,,0,,,,,,
2026-08-06T19:44:56Z,525,,17.2,59.3,8.68,17,87.8,12.7
2026-08-06T20:27:53Z,,0,,,,,,
2026-08-06T21:27:53Z,,0,,,,,,
2026-08-06T21:45:23Z,540,,15.8,68.5,9.22,16.4,91.5,12.77
2026-08-06T22:27:53Z,,0,,,,,,
2026-08-06T23:27:53Z,,0,,,,,,
2026-08-06T23:45:57Z,540,,15.8,71.3,9.59,16.7,92.2,13.1
2026-08-07T00:27:53Z,,0,,,,,,
2026-08-07T01:27:53Z,,0,,,,,,
2026-08-07T01:45:59Z,525,,15.4,75.4,9.9,15.9,93.1,12.6
2026-08-07T02:27:53Z,,0,,,,,,
2026-08-07T03:27:53Z,,0,,,,,,
2026-08-07T03:45:22Z,540,,14.9,82.6,10.52,16.3,93,12.9
2026-08-07T04:27:54Z,,0,,,,,,
2026-08-07T05:27:53Z,,0,,,,,,
2026-08-07T05:45:46Z,1665,,18.2,82.1,12.76,20.3,72.3,12.71
2026-08-07T06:27:54Z,,0,,,,,,
2026-08-07T07:27:53Z,,0,,,,,,
2026-08-07T07:45:24Z,1980,,25.4,55.6,13.09,23.2,58.5,12.16
2026-08-07T08:27:53Z,,0,,,,,,
2026-08-07T09:27:54Z,,0,,,,,,
2026-08-07T09:45:39Z,1500,,29.6,37.8,11.23,22.8,56.6,11.5
2026-08-07T10:27:53Z,,0,,,,,,
2026-08-07T11:27:53Z,,0,,,,,,
2026-08-07T11:45:11Z,1605,,31.2,37,11.98,22.1,61.4,11.98
2026-08-07T12:27:54Z,,0,,,,,,
2026-08-07T13:27:53Z,,0,,,,,,
2026-08-07T13:44:09Z,1365,,29.9,33.4,10.08,21.3,56.8,10.59
2026-08-07T14:27:53Z,,0,,,,,,
2026-08-07T15:27:53Z,,0,,,,,,
2026-08-07T15:44:51Z,975,,26.7,35.3,8.94,20.4,57.1,10.1
2026-08-07T16:27:53Z,,0,,,,,,
2026-08-07T17:27:53Z,,0,,,,,,
2026-08-07T17:44:50Z,915,,21.3,45.6,8.5,17.9,63.8,9.74
2026-08-07T18:27:53Z,,0,,,,,,
2026-08-07T19:27:53Z,,0,,,,,,
2026-08-07T19:45:10Z,600,,15.1,55.6,7.17,14.4,70.4,8.7
2026-08-07T20:27:53Z,,0,,,,,,
2026-08-07T21:27:53Z,,0,,,,,,
2026-08-07T21:45:31Z,585,,11.7,63.3,6.62,11.8,76.4,8.04
2026-08-07T22:27:53Z,,0,,,,,,
2026-08-07T23:27:53Z,,0,,,,,,
2026-08-07T23:45:04Z,510,,10.1,67.6,6.39,10.4,81.5,7.85
2026-08-08T00:27:53Z,,0,,,,,,
2026-08-08T01:27:54Z,,0,,,,,,
2026-08-08T01:45:54Z,525,,8.4,71.3,6.05,9,86.2,7.6
2026-08-08T02:27:52Z,,0,,,,,,
2026-08-08T03:27:53Z,,0,,,,,,
2026-08-08T03:46:04Z,525,,8.4,79.4,6.73,10.4,88.8,8.56
2026-08-08T04:27:53Z,,0,,,,,,
2026-08-08T05:27:53Z,,0,,,,,,
2026-08-08T05:45:24Z,1905,,14.9,87.7,11.17,18.4,67.3,10.58
2026-08-08T06:27:53Z,,5e-05,,,,,,
2026-08-08T07:27:53Z,,0.0001,,,,,,
2026-08-08T07:44:41Z,1950,,24.8,47,10.7,23.4,47.5,9.99
2026-08-08T08:27:53Z,,0,,,,,,
2026-08-08T09:27:54Z,,0,,,,,,
2026-08-08T09:45:25Z,1470,,27.5,33.9,8.97,21.8,48,9.21
2026-08-08T10:27:53Z,,0,,,,,,
2026-08-08T11:27:54Z,,0,,,,,,
2026-08-08T11:45:16Z,1950,,33.9,23.8,8.9,20.5,47.1,8.38
2026-08-08T12:27:53Z,,0,,,,,,
2026-08-08T13:27:53Z,,0,,,,,,
2026-08-08T13:45:30Z,1350,,28.7,26,7.35,19.5,46,7.72
2026-08-08T14:27:53Z,,0,,,,,,
2026-08-08T15:27:53Z,,0,,,,,,
2026-08-08T15:45:59Z,1290,,28,27.1,7.37,19.8,46,7.86
2026-08-08T16:27:53Z,,0,,,,,,
2026-08-08T17:27:54Z,,0,,,,,,
2026-08-08T17:46:37Z,735,,21.7,34.4,6.56,17.8,51.3,7.78
2026-08-08T18:27:53Z,,0,,,,,,
2026-08-08T19:27:53Z,,0,,,,,,
2026-08-08T19:46:08Z,525,,14.8,43,5.44,14.8,61.7,7.81
2026-08-08T20:27:54Z,,0,,,,,,
2026-08-08T21:27:53Z,,0,,,,,,
2026-08-08T21:45:45Z,525,,11.4,50.6,5.19,12.3,74.1,8.04
2026-08-08T22:27:53Z,,0,,,,,,
2026-08-08T23:27:53Z,,0,,,,,,
2026-08-08T23:44:45Z,525,,11,59.9,5.99,11.6,85.8,8.91
2026-08-09T00:27:53Z,,0,,,,,,
2026-08-09T01:27:53Z,,0,,,,,,
2026-08-09T01:44:34Z,525,,11.9,66.5,7.04,13.1,91.9,10.48
2026-08-09T02:27:53Z,,0,,,,,,
2026-08-09T03:27:53Z,,0,,,,,,
2026-08-09T03:44:29Z,525,,12.8,73,8.17,14.4,93.2,11.52
2026-08-09T04:27:53Z,,0,,,,,,
2026-08-09T05:27:53Z,,0,,,,,,
2026-08-09T05:44:23Z,1095,,17.3,79.3,11.68,20.9,70.3,12.8
2026-08-09T06:27:53Z,,0,,,,,,
2026-08-09T07:27:54Z,,0,,,,,,
2026-08-09T07:44:08Z,2340,,26.8,52.2,13.29,25.8,48.6,11.7
2026-08-09T08:27:54Z,,0,,,,,,
2026-08-09T09:27:54Z,,0,,,,,,
2026-08-09T09:44:57Z,1320,,28.2,36.1,9.93,22.1,53.9,10.52
2026-08-09T10:27:53Z,,0,,,,,,
2026-08-09T11:27:53Z,,0,,,,,,
2026-08-09T11:44:25Z,1125,,29.6,34.8,10.34,20.6,63.7,11.4
2026-08-09T12:27:54Z,,0,,,,,,
2026-08-09T13:27:54Z,,0,,,,,,
2026-08-09T13:44:59Z,1350,,30.3,35.2,10.86,19.8,66.9,11.42
2026-08-09T14:27:54Z,,0,,,,,,
2026-08-09T15:27:53Z,,0,,,,,,
2026-08-09T15:45:34Z,840,,27,38.7,9.96,19.2,70.1,11.56
2026-08-09T16:27:53Z,,0,,,,,,
2026-08-09T17:27:54Z,,0,,,,,,
2026-08-09T17:46:13Z,540,,21.1,47.3,8.71,17.8,75.5,11.46
2026-08-09T18:27:53Z,,0,,,,,,
2026-08-09T19:27:53Z,,0,,,,,,
2026-08-09T19:46:50Z,540,,16.1,55.7,7.63,15.8,85,11.44
2026-08-09T20:27:53Z,,0,,,,,,
2026-08-09T21:27:54Z,,0,,,,,,
2026-08-09T21:46:32Z,525,,14.8,63.1,7.99,15.2,87.8,11.39
2026-08-09T22:27:54Z,,0,,,,,,
2026-08-09T23:27:53Z,,0,,,,,,
2026-08-09T23:47:08Z,525,,13.9,70.8,8.48,14.8,87.8,11.12
2026-08-10T00:27:53Z,,0,,,,,,
2026-08-10T01:27:53Z,,0,,,,,,
2026-08-10T01:47:33Z,540,,12.6,74.7,8.26,13.6,91.4,10.75
2026-08-10T02:27:53Z,,0,,,,,,
2026-08-10T03:27:53Z,,0,,,,,,
2026-08-10T03:48:04Z,600,,13.1,83.7,9.55,14.5,93.2,11.59
2026-08-10T04:27:53Z,,0,,,,,,
2026-08-10T05:27:53Z,,0,,,,,,
2026-08-10T05:47:49Z,1875,,17.2,87.9,12.87,18.8,76.4,12.3
2026-08-10T06:27:57Z,,6e-05,,,,,,
2026-08-10T07:27:53Z,,0.00012,,,,,,
2026-08-10T07:47:40Z,1890,,25.4,55.6,13.09,21.4,66.1,12.39
2026-08-10T08:27:54Z,,0,,,,,,
2026-08-10T09:27:54Z,,0,,,,,,
2026-08-10T09:47:26Z,2295,,31.8,41.2,13.78,22.7,60.6,12.24
2026-08-10T10:27:54Z,,0,,,,,,
2026-08-10T11:27:54Z,,0,,,,,,
2026-08-10T11:46:40Z,825,,26.4,40.6,10.11,20.9,65.1,11.85
2026-08-10T12:27:53Z,,0,,,,,,
2026-08-10T13:27:53Z,,0,,,,,,
2026-08-10T13:46:47Z,540,,19.3,53.2,8.82,18.7,73.9,11.83
2026-08-10T14:27:53Z,,0,,,,,,
2026-08-10T15:27:53Z,,0,,,,,,
2026-08-10T15:46:26Z,540,,17.5,64,9.54,16.3,95.7,13.27
2026-08-10T16:27:53Z,,0,,,,,,
2026-08-10T17:27:53Z,,0,,,,,,
2026-08-10T17:45:54Z,540,,16.4,73.4,10.24,15.5,98.4,13.0
2026-08-10T18:27:53Z,,0,,,,,,
2026-08-10T19:27:53Z,,0,,,,,,
2026-08-10T19:45:42Z,705,,15.8,76.5,10.29,14.8,96.8,12.26
2026-08-10T20:27:54Z,,0,,,,,,
2026-08-10T21:27:53Z,,0,,,,,,
2026-08-10T21:45:06Z,735,,15.8,80.5,10.83,15.1,98.8,12.74
2026-08-10T22:27:53Z,,0,,,,,,
2026-08-10T23:27:53Z,,0,,,,,,
2026-08-10T23:45:08Z,795,,15.6,81.8,10.87,15,99.1,12.7
2026-08-11T00:27:53Z,,0,,,,,,
2026-08-11T01:27:53Z,,0,,,,,,
2026-08-11T01:45:22Z,705,,14.1,81.5,9.89,13.9,99,11.86
2026-08-11T02:27:53Z,,0,,,,,,
2026-08-11T03:27:53Z,,0,,,,,,
2026-08-11T03:44:41Z,795,,12.9,88.1,9.93,13.5,99.3,11.61
2026-08-11T04:27:53Z,,5e-05,,,,,,
2026-08-11T05:27:53Z,,0.0001,,,,,,
2026-08-11T05:45:16Z,1455,,15.8,97.2,13.08,17.4,90.6,13.42
2026-08-11T06:27:54Z,,0.00035,,,,,,
2026-08-11T07:27:53Z,,0.00061,,,,,,
2026-08-11T07:46:01Z,2055,,23.1,62.9,13.0,22.7,59.8,12.08
2026-08-11T08:27:54Z,,0.00027,,,,,,
2026-08-11T09:27:54Z,,0,,,,,,
2026-08-11T09:46:48Z,1755,,30,33.1,10.05,21.9,50.4,9.73
2026-08-11T10:27:54Z,,0,,,,,,
2026-08-11T11:27:54Z,,0,,,,,,
2026-08-11T11:45:47Z,1005,,20.5,53.4,9.5,16.4,76.1,10.62
2026-08-11T12:27:53Z,,0,,,,,,
2026-08-11T13:27:53Z,,0,,,,,,
2026-08-11T13:45:20Z,1095,,18.1,61.4,9.48,14.8,81.9,10.37
2026-08-11T14:27:53Z,,0,,,,,,
2026-08-11T15:27:53Z,,0,,,,,,
2026-08-11T15:45:47Z,1485,,17.6,70.8,10.61,14.7,85.8,10.8
2026-08-11T16:27:53Z,,0,,,,,,
2026-08-11T17:27:53Z,,0,,,,,,
2026-08-11T17:46:36Z,1095,,15.6,63.8,8.48,13.2,81.2,9.32
2026-08-11T18:27:53Z,,0,,,,,,
2026-08-11T19:27:54Z,,0,,,,,,
2026-08-11T19:46:42Z,945,,12.4,71,7.75,11.3,85.9,8.76
2026-08-11T20:27:53Z,,0,,,,,,
2026-08-11T21:27:53Z,,0,,,,,,
2026-08-11T21:45:45Z,930,,10.7,75.2,7.38,10,89.4,8.4
2026-08-11T22:27:54Z,,0,,,,,,
2026-08-11T23:27:53Z,,0,,,,,,
2026-08-11T23:46:18Z,990,,9.2,78.1,6.97,8.6,91.1,7.83
2026-08-12T00:27:53Z,,0,,,,,,
2026-08-12T01:27:54Z,,0,,,,,,
2026-08-12T01:47:02Z,990,,8.7,82.5,7.13,8.3,94.5,7.96
2026-08-12T02:27:54Z,,0,,,,,,
2026-08-12T03:27:54Z,,0,,,,,,
2026-08-12T03:47:09Z,1050,,9.3,87.8,7.89,9.9,93.3,8.71
2026-08-12T04:27:53Z,,4e-05,,,,,,
2026-08-12T05:27:53Z,,7e-05,,,,,,
2026-08-12T05:46:53Z,1800,,13.5,87,10.17,15.8,73.3,9.86
2026-08-12T06:27:53Z,,0.00011,,,,,,
2026-08-12T07:27:53Z,,0.00015,,,,,,
2026-08-12T07:47:14Z,1830,,22,52.9,10.27,19.9,57.9,9.95
2026-08-12T08:27:53Z,,0,,,,,,
2026-08-12T09:27:53Z,,0,,,,,,
2026-08-12T09:47:07Z,1245,,26.5,33.2,8.31,18.3,57.1,8.93
2026-08-12T10:27:54Z,,0,,,,,,
2026-08-12T11:27:54Z,,0,,,,,,
2026-08-12T11:47:24Z,1215,,25.4,39.1,9.21,17.6,66,9.9
2026-08-12T12:27:54Z,,0,,,,,,
2026-08-12T13:27:53Z,,0,,,,,,
2026-08-12T13:46:37Z,1440,,29.3,26.7,7.8,17.8,53.1,8.06
2026-08-12T14:27:53Z,,0,,,,,,
2026-08-12T15:27:53Z,,0,,,,,,
2026-08-12T15:47:11Z,900,,23.4,32.5,6.83,16.4,56,7.81
2026-08-12T16:27:53Z,,0,,,,,,
2026-08-12T17:27:53Z,,0,,,,,,
2026-08-12T17:46:20Z,540,,18.3,42.5,6.64,15.2,63.2,8.2
2026-08-12T18:27:53Z,,0,,,,,,
2026-08-12T19:27:53Z,,0,,,,,,
2026-08-12T19:47:08Z,525,,13.1,54,6.16,12.5,72.7,7.99
2026-08-12T20:27:54Z,,0,,,,,,
2026-08-12T21:27:53Z,,0,,,,,,
2026-08-12T21:47:46Z,795,,10.7,69.1,6.78,11.1,78.6,7.91
2026-08-12T22:27:54Z,,0,,,,,,
2026-08-12T23:27:53Z,,0,,,,,,
2026-08-12T23:48:23Z,945,,9.6,74.9,6.86,9.5,85,7.73
2026-08-13T00:27:54Z,,0,,,,,,
2026-08-13T01:27:53Z,,0,,,,,,
2026-08-13T01:47:41Z,945,,8.7,77.7,6.72,8.5,89,7.6
2026-08-13T02:27:53Z,,0,,,,,,
2026-08-13T03:27:53Z,,0,,,,,,
2026-08-13T03:47:36Z,885,,8.3,81.3,6.85,8.8,90.5,7.88
2026-08-13T04:27:53Z,,0,,,,,,
2026-08-13T05:27:54Z,,0,,,,,,
2026-08-13T05:46:50Z,2025,,14,90,10.85,16.6,71.1,10.04
2026-08-13T06:27:53Z,,8e-05,,,,,,
2026-08-13T07:27:53Z,,0.00015,,,,,,
2026-08-13T07:46:12Z,1995,,24.6,49.3,11.1,23.2,49.6,10.31
2026-08-13T08:27:54Z,,0,,,,,,
2026-08-13T09:27:54Z,,0,,,,,,
2026-08-13T09:46:17Z,2010,,32.5,29.6,10.28,23.1,46.3,9.57
2026-08-13T10:27:53Z,,0,,,,,,
2026-08-13T11:27:53Z,,0,,,,,,
2026-08-13T11:46:23Z,1590,,31.8,26.7,8.93,20.8,49.8,9.02
2026-08-13T12:27:54Z,,0,,,,,,
2026-08-13T13:27:54Z,,0,,,,,,
2026-08-13T13:46:09Z,1425,,31.9,26.2,8.81,20.8,50.7,9.18
2026-08-13T14:27:53Z,,0,,,,,,
2026-08-13T15:27:53Z,,0,,,,,,
2026-08-13T15:46:46Z,660,,25.1,31.4,7.27,19.4,52.8,8.81
2026-08-13T16:27:53Z,,0,,,,,,
2026-08-13T17:27:53Z,,0,,,,,,
2026-08-13T17:47:23Z,540,,20.4,38.9,6.88,17.5,61.2,9.12
2026-08-13T18:27:54Z,,0,,,,,,
2026-08-13T19:27:53Z,,0,,,,,,
2026-08-13T19:47:11Z,525,,13.2,46.9,5.38,12.8,78.6,8.8
2026-08-13T20:27:53Z,,0,,,,,,
2026-08-13T21:27:53Z,,0,,,,,,
2026-08-13T21:47:25Z,540,,10.1,55.3,5.23,11,83.4,8.34
2026-08-13T22:27:53Z,,0,,,,,,
2026-08-13T23:27:53Z,,0,,,,,,
2026-08-13T23:48:09Z,525,,9.2,63.7,5.69,9.9,87,8.12
2026-08-14T00:27:53Z,,0,,,,,,
2026-08-14T01:27:53Z,,0,,,,,,
2026-08-14T01:48:58Z,525,,11,67.3,6.73,10.6,89.7,8.75
2026-08-14T02:27:53Z,,0,,,,,,
2026-08-14T03:27:53Z,,0,,,,,,
2026-08-14T03:48:59Z,525,,11.9,69.9,7.4,11.4,90.4,9.28
2026-08-14T04:27:53Z,,0,,,,,,
2026-08-14T05:27:54Z,,0,,,,,,
2026-08-14T05:48:47Z,1155,,15.7,70.7,9.46,14.9,80.5,10.26
2026-08-14T06:27:54Z,,0,,,,,,
2026-08-14T07:27:54Z,,0,,,,,,
2026-08-14T07:48:14Z,1920,,22.8,54.9,11.16,17.7,69.9,10.54
2026-08-14T08:27:54Z,,0,,,,,,
2026-08-14T09:27:54Z,,0,,,,,,
2026-08-14T09:48:53Z,1470,,25.9,47.5,11.5,19,72.4,11.8
2026-08-14T10:27:54Z,,0,,,,,,
2026-08-14T11:27:53Z,,0,,,,,,
2026-08-14T11:48:04Z,3150,,33.9,33.7,12.6,20,57.9,10.0
2026-08-14T12:27:54Z,,0,,,,,,
2026-08-14T13:27:53Z,,0,,,,,,
2026-08-14T13:48:20Z,1560,,30.8,29.9,9.48,19.3,58,9.62
2026-08-14T14:27:53Z,,0,,,,,,
2026-08-14T15:27:53Z,,0,,,,,,
2026-08-14T15:48:40Z,810,,28.4,34.8,9.68,19,69.6,11.34
2026-08-14T16:27:53Z,,0,,,,,,
2026-08-14T17:27:53Z,,0,,,,,,
2026-08-14T17:49:24Z,540,,21,46.7,8.55,17.7,77,11.61
2026-08-14T18:27:53Z,,0,,,,,,
2026-08-14T19:27:53Z,,0,,,,,,
2026-08-14T19:49:59Z,525,,17.4,56,8.3,16.5,85.7,12.03
2026-08-14T20:27:53Z,,0,,,,,,
2026-08-14T21:27:53Z,,0,,,,,,
2026-08-14T21:49:58Z,540,,16,62.7,8.54,15.6,88.6,11.78
2026-08-14T22:27:53Z,,0,,,,,,
2026-08-14T23:27:53Z,,0,,,,,,
2026-08-14T23:49:48Z,540,,15.3,68.5,8.94,15,90.7,11.63
2026-08-15T00:27:54Z,,0,,,,,,
2026-08-15T01:27:53Z,,0,,,,,,
2026-08-15T01:49:29Z,525,,14.6,71.1,8.89,14.9,93.1,11.86
2026-08-15T02:27:53Z,,0,,,,,,
2026-08-15T03:27:53Z,,0,,,,,,
2026-08-15T03:50:12Z,540,,15.2,78.2,10.15,15.4,96.3,12.65
2026-08-15T04:27:53Z,,0,,,,,,
2026-08-15T05:27:53Z,,0,,,,,,
2026-08-15T05:50:51Z,1230,,17.9,84.1,12.84,17.6,91.5,13.72
2026-08-15T06:27:53Z,,0,,,,,,
2026-08-15T07:27:53Z,,0,,,,,,
2026-08-15T07:50:37Z,1950,,25,69.8,16.07,22.2,76.4,15.0
2026-08-15T08:27:54Z,,0,,,,,,
2026-08-15T09:27:54Z,,0,,,,,,
2026-08-15T09:49:48Z,1830,,33.3,44.8,16.23,25,67.5,15.54
2026-08-15T10:27:53Z,,0,,,,,,
2026-08-15T11:27:53Z,,0,,,,,,
2026-08-15T11:49:11Z,2235,,38.3,33.1,15.54,24,64,13.93
2026-08-15T12:27:54Z,,0,,,,,,
2026-08-15T13:27:53Z,,0,,,,,,
2026-08-15T13:48:40Z,1665,,35.8,34.3,14.16,23.4,66.8,14.05
2026-08-15T14:27:54Z,,0,,,,,,
2026-08-15T15:27:53Z,,0,,,,,,
2026-08-15T15:49:01Z,1260,,31,37.6,12.05,21.8,67.2,12.89
2026-08-15T16:27:54Z,,0,,,,,,
2026-08-15T17:27:53Z,,0,,,,,,
2026-08-15T17:49:25Z,555,,23.1,45.8,9.47,19.7,70,11.88
2026-08-15T18:27:53Z,,0,,,,,,
2026-08-15T19:27:53Z,,0,,,,,,
2026-08-15T19:49:47Z,540,,17,57.2,8.27,17.4,81.6,12.09
2026-08-15T20:27:54Z,,0,,,,,,
2026-08-15T21:27:53Z,,0,,,,,,
2026-08-15T21:50:09Z,540,,16.5,65.8,9.24,17.4,84.2,12.47
2026-08-15T22:27:53Z,,0,,,,,,
2026-08-15T23:27:54Z,,0,,,,,,
2026-08-15T23:49:59Z,540,,16.6,68.9,9.73,16.9,85.8,12.34
2026-08-16T00:27:53Z,,0,,,,,,
2026-08-16T01:27:53Z,,0,,,,,,
2026-08-16T01:49:45Z,540,,15.7,72.5,9.7,15.7,92.3,12.34
2026-08-16T02:27:53Z,,0,,,,,,
2026-08-16T03:27:53Z,,0,,,,,,
2026-08-16T03:50:17Z,540,,15.9,65.6,8.88,15.8,97.1,13.07
2026-08-16T04:27:53Z,,0,,,,,,
2026-08-16T05:27:53Z,,0,,,,,,
2026-08-16T05:50:40Z,540,,18.1,72.5,11.2,17.8,90.9,13.79
2026-08-16T06:27:53Z,,0,,,,,,
2026-08-16T07:27:53Z,,0,,,,,,
2026-08-16T07:50:18Z,1635,,22.7,71.2,14.39,19.4,85.9,14.33
2026-08-16T08:27:54Z,,0,,,,,,
2026-08-16T09:27:53Z,,0,,,,,,
2026-08-16T09:50:06Z,1410,,26.2,51.8,12.76,20.6,74.5,13.33
2026-08-16T10:27:53Z,,0,,,,,,
2026-08-16T11:27:53Z,,0,,,,,,
2026-08-16T11:50:33Z,2220,,31.7,40.5,13.47,19.8,70.8,12.09
2026-08-16T12:27:53Z,,0,,,,,,
2026-08-16T13:27:53Z,,0,,,,,,
2026-08-16T13:50:27Z,1110,,27.6,42.3,11.26,18.7,77.4,12.39
2026-08-16T14:27:53Z,,0,,,,,,
2026-08-16T15:27:53Z,,0,,,,,,
2026-08-16T15:50:16Z,615,,22.4,50.3,9.99,17.7,80.1,12.08
2026-08-16T16:27:53Z,,0,,,,,,
2026-08-16T17:27:54Z,,0,,,,,,
2026-08-16T17:50:50Z,540,,18.5,56.4,8.92,16,88,11.98
2026-08-16T18:27:53Z,,0,,,,,,
2026-08-16T19:27:54Z,,0,,,,,,
2026-08-16T19:51:37Z,540,,16.2,64.5,8.89,14.8,92.6,11.73
2026-08-16T20:27:54Z,,0,,,,,,
2026-08-16T21:27:54Z,,0,,,,,,
2026-08-16T21:51:18Z,540,,15.6,72.5,9.64,14.7,95,11.96
2026-08-16T22:27:53Z,,0,,,,,,
2026-08-16T23:27:53Z,,0,,,,,,
2026-08-16T23:51:45Z,705,,15.5,77.7,10.27,14.7,97.1,12.22
2026-08-17T00:27:53Z,,0,,,,,,
2026-08-17T01:27:53Z,,0,,,,,,
2026-08-17T01:52:27Z,855,,14.9,83.2,10.6,14.5,98.2,12.21
2026-08-17T02:27:53Z,,0,,,,,,
2026-08-17T03:27:54Z,,0,,,,,,
2026-08-17T03:52:24Z,1125,,14.7,87.6,11.02,14.3,97.9,12.02
2026-08-17T04:27:53Z,,5e-05,,,,,,
2026-08-17T05:27:53Z,,0.0001,,,,,,
2026-08-17T05:52:52Z,1470,,16.9,84.3,12.12,16.2,90.5,12.48
2026-08-17T06:27:54Z,,0,,,,,,
2026-08-17T07:27:53Z,,0,,,,,,
2026-08-17T07:52:36Z,1890,,22.6,66.1,13.28,21,69.1,12.66
2026-08-17T08:27:54Z,,0,,,,,,
2026-08-17T09:27:54Z,,0,,,,,,
2026-08-17T09:52:06Z,1365,,26,47.1,11.47,21.2,65.3,12.1
2026-08-17T10:27:54Z,,0,,,,,,
2026-08-17T11:27:53Z,,0,,,,,,
2026-08-17T11:52:53Z,2220,,32.3,38.1,13.09,21.3,62.8,11.7
2026-08-17T12:27:53Z,,0,,,,,,
2026-08-17T13:27:53Z,,0,,,,,,
2026-08-17T13:52:01Z,1095,,27.8,37.8,10.17,20.5,63.1,11.23
2026-08-17T14:27:53Z,,0,,,,,,
2026-08-17T15:27:54Z,,0,,,,,,
2026-08-17T15:51:14Z,540,,23.5,45.7,9.67,19.3,72,11.94
2026-08-17T16:27:53Z,,0,,,,,,
2026-08-17T17:27:53Z,,0,,,,,,
2026-08-17T17:51:46Z,705,,18.5,56.4,8.92,17.4,72,10.67
2026-08-17T18:27:53Z,,0,,,,,,
2026-08-17T19:27:53Z,,0,,,,,,
2026-08-17T19:51:22Z,645,,14.2,67,8.18,14.2,80.8,9.86
2026-08-17T20:27:54Z,,0,,,,,,
2026-08-17T21:27:54Z,,0,,,,,,
2026-08-17T21:51:55Z,750,,12.2,74.8,8.07,12.3,87.1,9.45
2026-08-17T22:27:53Z,,0,,,,,,
2026-08-17T23:27:53Z,,0,,,,,,
2026-08-17T23:52:39Z,630,,10.9,75,7.46,10.8,90.8,8.97
2026-08-18T00:27:53Z,,0,,,,,,
2026-08-18T01:27:53Z,,0,,,,,,
2026-08-18T01:52:16Z,585,,9.6,76.4,7.0,9.3,94.1,8.45
2026-08-18T02:27:53Z,,0,,,,,,
2026-08-18T03:27:54Z,,0,,,,,,
2026-08-18T03:52:00Z,645,,8.9,84,7.36,9.7,95.8,8.83
2026-08-18T04:27:53Z,,0,,,,,,
2026-08-18T05:27:54Z,,0,,,,,,
2026-08-18T05:51:48Z,1440,,14.7,91,11.45,16.6,83.5,11.79
2026-08-18T06:27:53Z,,9e-05,,,,,,
2026-08-18T07:27:53Z,,0.00019,,,,,,
2026-08-18T07:52:22Z,2700,,23.5,66.8,14.13,23.7,56.3,12.04
2026-08-18T08:27:53Z,,0,,,,,,
2026-08-18T09:27:53Z,,0,,,,,,
2026-08-18T09:51:44Z,1950,,31.7,34.3,11.41,23.4,51.2,10.77
2026-08-18T10:27:53Z,,0,,,,,,
2026-08-18T11:27:53Z,,0,,,,,,
2026-08-18T11:51:09Z,1680,,28.4,37,10.29,20.8,56.3,10.19
2026-08-18T12:27:53Z,,0,,,,,,
2026-08-18T13:27:54Z,,0,,,,,,
2026-08-18T13:51:00Z,1410,,28.8,33.7,9.58,20.5,55.9,9.94
2026-08-18T14:27:53Z,,0,,,,,,
2026-08-18T15:27:54Z,,0,,,,,,
2026-08-18T15:50:53Z,1140,,22.5,43.5,8.69,17.9,62.3,9.51
2026-08-18T16:27:53Z,,0,,,,,,
2026-08-18T17:27:53Z,,0,,,,,,
2026-08-18T17:51:41Z,705,,18.1,52.3,8.08,15.5,73.2,9.67
2026-08-18T18:27:53Z,,0,,,,,,
2026-08-18T19:27:54Z,,0,,,,,,
2026-08-18T19:52:23Z,540,,11.6,60.6,6.3,11.6,83.2,8.64
2026-08-18T20:27:54Z,,0,,,,,,
2026-08-18T21:27:53Z,,0,,,,,,
2026-08-18T21:52:45Z,525,,10.2,73.4,6.98,11,86.9,8.7
2026-08-18T22:27:53Z,,0,,,,,,
2026-08-18T23:27:53Z,,0,,,,,,
2026-08-18T23:52:48Z,585,,9.5,78.7,7.16,10.3,90.3,8.65
2026-08-19T00:27:53Z,,0,,,,,,
2026-08-19T01:27:53Z,,0,,,,,,
2026-08-19T01:52:08Z,690,,9.9,79,7.37,10.1,92.3,8.73
2026-08-19T02:27:54Z,,0,,,,,,
2026-08-19T03:27:53Z,,0,,,,,,
2026-08-19T03:51:27Z,825,,9.4,83.5,7.55,9.7,95.2,8.77
2026-08-19T04:27:53Z,,0,,,,,,
2026-08-19T05:27:54Z,,0,,,,,,
2026-08-19T05:51:49Z,1665,,13,92.2,10.45,12.9,91.3,10.29
2026-08-19T06:27:54Z,,0.00011,,,,,,
2026-08-19T07:27:53Z,,0.00021,,,,,,
2026-08-19T07:51:57Z,2085,,21.8,63.7,12.22,21.6,59,11.19
2026-08-19T08:27:53Z,,0,,,,,,
2026-08-19T09:27:54Z,,0,,,,,,
2026-08-19T09:51:32Z,1455,,30.4,33.3,10.33,22.2,53.8,10.56
2026-08-19T10:27:53Z,,0,,,,,,
2026-08-19T11:27:54Z,,0,,,,,,
2026-08-19T11:50:57Z,1950,,32.9,27.2,9.65,20,52.8,9.12
2026-08-19T12:27:54Z,,0,,,,,,
2026-08-19T13:27:54Z,,0,,,,,,
2026-08-19T13:50:38Z,1920,,33.5,23.7,8.68,20.2,47.1,8.23
2026-08-19T14:27:53Z,,0,,,,,,
2026-08-19T15:27:54Z,,0,,,,,,
2026-08-19T15:51:08Z,915,,26.7,28.8,7.29,18.9,51.7,8.37
2026-08-19T16:27:54Z,,0,,,,,,
2026-08-19T17:27:53Z,,0,,,,,,
2026-08-19T17:50:55Z,555,,19.5,37.5,6.29,16.4,59.5,8.3
2026-08-19T18:27:54Z,,0,,,,,,
2026-08-19T19:27:54Z,,0,,,,,,
2026-08-19T19:50:55Z,525,,11.9,45.7,4.84,12.4,72.7,7.94
2026-08-19T20:27:54Z,,0,,,,,,
2026-08-19T21:27:54Z,,0,,,,,,
2026-08-19T21:51:34Z,525,,9,54.3,4.79,9.9,80.6,7.52
2026-08-19T22:27:53Z,,0,,,,,,
2026-08-19T23:27:53Z,,0,,,,,,
2026-08-19T23:52:03Z,525,,7,60.6,4.7,8.1,86.3,7.18
2026-08-20T00:27:53Z,,0,,,,,,
2026-08-20T01:27:54Z,,0,,,,,,
2026-08-20T01:51:49Z,525,,6.4,64.2,4.78,7.1,90,7.02
2026-08-20T02:27:53Z,,0,,,,,,
2026-08-20T03:27:53Z,,0,,,,,,
2026-08-20T03:52:16Z,525,,7.2,69.7,5.47,8.5,93.4,7.97
2026-08-20T04:27:54Z,,0,,,,,,
2026-08-20T05:27:53Z,,0,,,,,,
2026-08-20T05:52:40Z,540,,13.6,74.2,8.73,14.3,89.5,10.99
2026-08-20T06:27:53Z,,0,,,,,,
2026-08-20T07:27:54Z,,0,,,,,,
2026-08-20T07:51:56Z,1635,,23.6,52.1,11.08,18.3,71.1,11.11
2026-08-20T08:27:54Z,,0,,,,,,
2026-08-20T09:27:53Z,,0,,,,,,
2026-08-20T09:52:02Z,1635,,27.1,40.3,10.43,17.8,68.4,10.38
2026-08-20T10:27:53Z,,0,,,,,,
2026-08-20T11:27:54Z,,0,,,,,,
2026-08-20T11:52:31Z,540,,18.9,58,9.39,14.8,93.2,11.8
2026-08-20T12:27:53Z,,0,,,,,,
2026-08-20T13:27:53Z,,0,,,,,,
2026-08-20T13:52:34Z,540,,17.7,48,7.24,14.8,97.3,12.32
2026-08-20T14:27:53Z,,0,,,,,,
2026-08-20T15:27:53Z,,0,,,,,,
2026-08-20T15:52:16Z,540,,17.6,50,7.5,15,98.9,12.68
2026-08-20T16:27:53Z,,0,,,,,,
2026-08-20T17:27:54Z,,0,,,,,,
2026-08-20T17:53:01Z,540,,15.7,62.5,8.36,14.7,98.1,12.35
2026-08-20T18:27:54Z,,0,,,,,,
2026-08-20T19:27:53Z,,0,,,,,,
2026-08-20T19:52:11Z,540,,15,69.7,8.93,13.7,100,11.84
2026-08-20T20:27:54Z,,0,,,,,,
2026-08-20T21:27:53Z,,0,,,,,,
2026-08-20T21:52:36Z,585,,14.7,77,9.69,13.5,100,11.69
2026-08-20T22:27:53Z,,0,,,,,,
2026-08-20T23:27:54Z,,0,,,,,,
2026-08-20T23:52:25Z,1125,,13.9,82.4,9.87,12.2,100,10.79
2026-08-21T00:27:53Z,,0,,,,,,
2026-08-21T01:27:54Z,,0,,,,,,
2026-08-21T01:51:47Z,1125,,12.8,83.8,9.38,11.4,99.4,10.2
2026-08-21T02:27:53Z,,0,,,,,,
2026-08-21T03:27:53Z,,0,,,,,,
2026-08-21T03:51:50Z,1110,,11.6,85.4,8.87,10.5,99.1,9.61
2026-08-21T04:27:53Z,,1e-05,,,,,,
2026-08-21T05:27:53Z,,2e-05,,,,,,
2026-08-21T05:52:06Z,1125,,13.3,94.3,10.89,14.6,95.6,11.96
2026-08-21T06:27:53Z,,0.00017,,,,,,
2026-08-21T07:27:54Z,,0.00031,,,,,,
2026-08-21T07:52:48Z,2985,,23.2,76.1,15.82,23.6,59.7,12.7
2026-08-21T08:27:53Z,,0,,,,,,
2026-08-21T09:27:53Z,,0,,,,,,
2026-08-21T09:53:26Z,2955,,31.7,37.3,12.41,22.5,50.8,10.15
2026-08-21T10:27:53Z,,0,,,,,,
2026-08-21T11:27:54Z,,0,,,,,,
2026-08-21T11:54:09Z,2355,,34.5,30.6,11.81,21,56.6,10.37
2026-08-21T12:27:54Z,,0,,,,,,
2026-08-21T13:27:54Z,,0,,,,,,
2026-08-21T13:54:41Z,810,,22.1,51.3,10.01,18.3,75,11.72
2026-08-21T14:27:53Z,,0,,,,,,
2026-08-21T15:27:54Z,,0,,,,,,
2026-08-21T15:53:53Z,945,,24.6,47.1,10.6,18.2,77.5,12.04
2026-08-21T16:27:53Z,,0,,,,,,
2026-08-21T17:27:53Z,,0,,,,,,
2026-08-21T17:54:33Z,540,,18.1,57.9,8.94,16.1,81.7,11.19
2026-08-21T18:27:53Z,,0,,,,,,
2026-08-21T19:27:54Z,,0,,,,,,
2026-08-21T19:54:29Z,540,,15.4,63.8,8.38,14.6,89.8,11.23
2026-08-21T20:27:53Z,,0,,,,,,
2026-08-21T21:27:53Z,,0,,,,,,
2026-08-21T21:54:09Z,525,,13.6,67.8,7.98,13.6,92.8,10.92
2026-08-21T22:27:53Z,,0,,,,,,
2026-08-21T23:27:53Z,,0,,,,,,
2026-08-21T23:53:39Z,540,,12.5,74.8,8.22,12.9,95.8,10.79
2026-08-22T00:27:54Z,,0,,,,,,
2026-08-22T01:27:53Z,,0,,,,,,
2026-08-22T01:53:14Z,525,,13.1,74.3,8.47,12.9,96.7,10.89
2026-08-22T02:27:53Z,,0,,,,,,
2026-08-22T03:27:53Z,,0,,,,,,
2026-08-22T03:52:37Z,540,,11.6,81.8,8.5,12,98,10.44
2026-08-22T04:27:53Z,,0,,,,,,
2026-08-22T05:27:53Z,,0,,,,,,
2026-08-22T05:52:44Z,1380,,16.6,82.6,11.66,14.4,98.3,12.15
2026-08-22T06:27:53Z,,0,,,,,,
2026-08-22T07:27:53Z,,0,,,,,,
2026-08-22T07:52:14Z,2355,,23.5,72,15.23,20,77.3,13.36
2026-08-22T08:27:54Z,,0,,,,,,
2026-08-22T09:27:53Z,,0,,,,,,
2026-08-22T09:52:28Z,1485,,25.3,51.3,12.01,18.1,79.5,12.28
2026-08-22T10:27:53Z,,0,,,,,,
2026-08-22T11:27:53Z,,0,,,,,,
2026-08-22T11:53:21Z,1410,,25.1,50.6,11.72,17.9,79.2,12.09
2026-08-22T12:27:54Z,,0,,,,,,
2026-08-22T13:27:53Z,,0,,,,,,
2026-08-22T13:52:58Z,840,,20.7,56.2,10.12,16.8,82.3,11.76
2026-08-22T14:27:54Z,,0,,,,,,
2026-08-22T15:27:53Z,,0,,,,,,
2026-08-22T15:53:25Z,825,,17.2,71.9,10.53,15.4,92.7,12.17
2026-08-22T16:27:54Z,,0,,,,,,
2026-08-22T17:27:54Z,,0,,,,,,
2026-08-22T17:53:21Z,1020,,15.7,82.7,11.06,14.7,97.8,12.31
2026-08-22T18:27:53Z,,0,,,,,,
2026-08-22T19:27:53Z,,0,,,,,,
2026-08-22T19:53:23Z,1125,,14.7,85,10.7,13.9,97.2,11.65
2026-08-22T20:27:54Z,,0,,,,,,
2026-08-22T21:27:53Z,,0,,,,,,
2026-08-22T21:52:39Z,1425,,15,90.3,11.57,13.8,100,11.91
2026-08-22T22:27:52Z,,9e-05,,,,,,
2026-08-22T23:27:53Z,,0.00017,,,,,,
2026-08-22T23:51:50Z,1590,,15.1,91.3,11.77,13.7,100,11.84
2026-08-23T00:27:53Z,,0.00027,,,,,,
2026-08-23T01:27:53Z,,0.00037,,,,,,
2026-08-23T01:51:41Z,1620,,15,92.1,11.8,13.6,100,11.76
2026-08-23T02:27:53Z,,0.00049,,,,,,
2026-08-23T03:27:53Z,,0.0006,,,,,,
2026-08-23T03:51:54Z,1650,,14.8,92.2,11.67,13.4,100,11.62
2026-08-23T04:27:53Z,,0.00072,,,,,,
2026-08-23T05:27:53Z,,0.00083,,,,,,
2026-08-23T05:52:09Z,1680,,15,91.7,11.75,13.4,100,11.62
2026-08-23T06:27:53Z,,0.00094,,,,,,
2026-08-23T07:27:53Z,,0.00105,,,,,,
2026-08-23T07:51:51Z,1815,,15.8,91.2,12.27,13.7,100,11.84
2026-08-23T08:27:53Z,,0.00115,,,,,,
2026-08-23T09:27:53Z,,0.00125,,,,,,
2026-08-23T09:52:08Z,1620,,16.4,85.8,11.97,13.9,100,11.98
2026-08-23T10:27:53Z,,0.00127,,,,,,
2026-08-23T11:27:53Z,,0.0013,,,,,,
2026-08-23T11:53:05Z,1395,,18.2,75.2,11.68,14.2,100,12.21
2026-08-23T12:27:53Z,,0.00096,,,,,,
2026-08-23T13:27:53Z,,0.00063,,,,,,
2026-08-23T13:53:11Z,1260,,16.9,75.1,10.8,13.8,97.1,11.56
2026-08-23T14:27:53Z,,0.0003,,,,,,
2026-08-23T15:27:54Z,,0,,,,,,
2026-08-23T15:53:16Z,1185,,16.2,74.9,10.32,14.2,91.3,11.14
2026-08-23T16:27:54Z,,0,,,,,,
2026-08-23T17:27:54Z,,0,,,,,,
2026-08-23T17:53:21Z,1020,,15.6,74,9.84,14.3,89.1,10.94
2026-08-23T18:27:53Z,,0,,,,,,
2026-08-23T19:27:54Z,,0,,,,,,
2026-08-23T19:53:50Z,1020,,14.1,80.6,9.78,13.8,91.4,10.89
2026-08-23T20:27:53Z,,0,,,,,,
2026-08-23T21:27:53Z,,0,,,,,,
2026-08-23T21:53:26Z,1095,,13.7,83.2,9.85,13.4,93.5,10.86
2026-08-23T22:27:53Z,,0,,,,,,
2026-08-23T23:27:53Z,,0,,,,,,
2026-08-23T23:52:59Z,1020,,12.8,85.4,9.56,12.6,96.8,10.7
2026-08-24T00:27:53Z,,1e-05,,,,,,
2026-08-24T01:27:53Z,,2e-05,,,,,,
2026-08-24T01:53:14Z,1050,,11.9,89.7,9.5,11.8,100,10.52
2026-08-24T02:27:54Z,,8e-05,,,,,,
2026-08-24T03:27:53Z,,0.00015,,,,,,
2026-08-24T03:52:43Z,1155,,11.9,90.7,9.6,11.6,100,10.39
2026-08-24T04:27:53Z,,0.00023,,,,,,
2026-08-24T05:27:53Z,,0.00031,,,,,,
2026-08-24T05:52:48Z,1710,,14,96.9,11.68,14.5,92.4,11.49
2026-08-24T06:27:53Z,,0.00053,,,,,,
2026-08-24T07:27:53Z,,0.00075,,,,,,
2026-08-24T07:52:21Z,1665,,19.4,68.2,11.38,15.8,83.8,11.28
2026-08-24T08:27:53Z,,0.00042,,,,,,
2026-08-24T09:27:53Z,,9e-05,,,,,,
2026-08-24T09:52:20Z,1590,,22.3,54.8,10.82,16.9,75.9,10.91
2026-08-24T10:27:53Z,,0,,,,,,
2026-08-24T11:27:53Z,,0,,,,,,
2026-08-24T11:52:21Z,1155,,25.8,41,9.87,17.5,72.5,10.81
2026-08-24T12:27:53Z,,0,,,,,,
2026-08-24T13:27:54Z,,0,,,,,,
2026-08-24T13:52:31Z,615,,24.6,41.9,9.43,14.8,90.4,11.45
2026-08-24T14:27:53Z,,0,,,,,,
2026-08-24T15:27:54Z,,0,,,,,,
2026-08-24T15:52:03Z,735,,19.9,58.5,10.05,14.9,94,11.98
2026-08-24T16:27:53Z,,0,,,,,,
2026-08-24T17:27:54Z,,0,,,,,,
2026-08-24T17:52:09Z,540,,15.6,68.6,9.12,13.7,96.2,11.39
2026-08-24T18:27:54Z,,0,,,,,,
2026-08-24T19:27:54Z,,0,,,,,,
2026-08-24T19:51:53Z,540,,12.1,77.5,8.31,12.2,97.7,10.54
2026-08-24T20:27:53Z,,0,,,,,,
2026-08-24T21:27:53Z,,0,,,,,,
2026-08-24T21:51:16Z,540,,11,82.7,8.27,11.3,98.8,10.07
2026-08-24T22:27:54Z,,0,,,,,,
2026-08-24T23:27:54Z,,0,,,,,,
2026-08-24T23:51:30Z,705,,10,86.4,8.12,10.4,100,9.63
2026-08-25T00:27:53Z,,2e-05,,,,,,
2026-08-25T01:27:53Z,,5e-05,,,,,,
2026-08-25T01:52:15Z,855,,9.4,87.3,7.89,9.5,100,9.1
2026-08-25T02:27:54Z,,8e-05,,,,,,
2026-08-25T03:27:53Z,,0.00011,,,,,,
2026-08-25T03:52:21Z,1320,,10.2,90.8,8.64,9.5,100,9.1
2026-08-25T04:27:54Z,,0.00018,,,,,,
2026-08-25T05:27:54Z,,0.00025,,,,,,
2026-08-25T05:52:01Z,1635,,13.3,94.8,10.95,13.2,94.7,10.87
2026-08-25T06:27:54Z,,0.00041,,,,,,
2026-08-25T07:27:53Z,,0.00057,,,,,,
2026-08-25T07:51:21Z,2040,,19.8,62.5,10.67,18.4,62.8,9.87
2026-08-25T08:27:53Z,,0.00024,,,,,,
2026-08-25T09:27:54Z,,0,,,,,,
2026-08-25T09:51:07Z,1860,,27.5,34.9,9.24,18.1,57.5,8.88
2026-08-25T10:27:54Z,,0,,,,,,
2026-08-25T11:27:53Z,,0,,,,,,
2026-08-25T11:50:48Z,1815,,30.4,29.2,9.06,17.9,56.8,8.67
2026-08-25T12:27:54Z,,0,,,,,,
2026-08-25T13:27:53Z,,0,,,,,,
2026-08-25T13:51:20Z,1380,,28.9,28.6,8.18,18.2,54.8,8.51
2026-08-25T14:27:54Z,,0,,,,,,
2026-08-25T15:27:53Z,,0,,,,,,
2026-08-25T15:51:03Z,750,,25,33.3,7.67,18.3,58.2,9.1
2026-08-25T16:27:53Z,,0,,,,,,
2026-08-25T17:27:54Z,,0,,,,,,
2026-08-25T17:51:51Z,540,,17.5,44.5,6.63,15.1,75.1,9.68
2026-08-25T18:27:53Z,,0,,,,,,
2026-08-25T19:27:53Z,,0,,,,,,
2026-08-25T19:51:07Z,525,,11.1,55.6,5.6,11.8,84.8,8.92
2026-08-25T20:27:53Z,,0,,,,,,
2026-08-25T21:27:53Z,,0,,,,,,
2026-08-25T21:51:05Z,540,,10.4,62.5,6.02,11.1,89.1,8.97
2026-08-25T22:27:53Z,,0,,,,,,
2026-08-25T23:27:53Z,,0,,,,,,
2026-08-25T23:51:16Z,525,,8.9,68.2,5.97,10.2,92.6,8.81
2026-08-26T00:27:53Z,,0,,,,,,
2026-08-26T01:27:53Z,,0,,,,,,
2026-08-26T01:51:19Z,525,,9.7,80,7.37,10.5,96.3,9.34
2026-08-26T02:27:54Z,,0,,,,,,
2026-08-26T03:27:53Z,,0,,,,,,
2026-08-26T03:51:03Z,795,,10.8,84.6,8.36,11.1,97.3,9.8
2026-08-26T04:27:53Z,,0,,,,,,
2026-08-26T05:27:54Z,,0,,,,,,
2026-08-26T05:51:44Z,1260,,14,91.6,11.04,14.9,91.5,11.66
2026-08-26T06:27:54Z,,0.0001,,,,,,
2026-08-26T07:27:53Z,,0.0002,,,,,,
2026-08-26T07:51:17Z,2265,,23.4,73.9,15.54,24.4,62.3,13.87
2026-08-26T08:27:54Z,,0,,,,,,
2026-08-26T09:27:54Z,,0,,,,,,
2026-08-26T09:51:58Z,1125,,29.5,39.6,11.7,23.6,60.4,12.85
2026-08-26T10:27:54Z,,0,,,,,,
2026-08-26T11:27:54Z,,0,,,,,,
2026-08-26T11:51:40Z,2010,,30.8,39.5,12.52,21.7,61,11.64
2026-08-26T12:27:53Z,,0,,,,,,
2026-08-26T13:27:54Z,,0,,,,,,
2026-08-26T13:52:04Z,1185,,27.5,41,10.85,20.4,66.5,11.76
2026-08-26T14:27:54Z,,0,,,,,,
2026-08-26T15:27:53Z,,0,,,,,,
2026-08-26T15:52:45Z,990,,24.7,47,10.64,19.5,72.1,12.1
2026-08-26T16:27:53Z,,0,,,,,,
2026-08-26T17:27:54Z,,0,,,,,,
2026-08-26T17:52:30Z,540,,18.8,56.1,9.03,16.7,81.5,11.58
2026-08-26T18:27:53Z,,0,,,,,,
2026-08-26T19:27:54Z,,0,,,,,,
2026-08-26T19:53:02Z,540,,12.4,63.7,6.96,13.5,87.9,10.28
2026-08-26T20:27:53Z,,0,,,,,,
2026-08-26T21:27:53Z,,0,,,,,,
2026-08-26T21:53:31Z,525,,10,69.6,6.54,11.6,91.5,9.51
2026-08-26T22:27:53Z,,0,,,,,,
2026-08-26T23:27:53Z,,0,,,,,,
2026-08-26T23:53:11Z,525,,8.8,73,6.35,10.3,94.5,9.05
2026-08-27T00:27:53Z,,0,,,,,,
2026-08-27T01:27:53Z,,0,,,,,,
2026-08-27T01:52:09Z,525,,7.5,75.3,6.03,9,96.5,8.51
2026-08-27T02:27:53Z,,0,,,,,,
2026-08-27T03:27:53Z,,0,,,,,,
2026-08-27T03:51:37Z,525,,7.6,76.4,6.15,8.7,97.2,8.4
2026-08-27T04:27:53Z,,0,,,,,,
2026-08-27T05:27:53Z,,0,,,,,,
2026-08-27T05:51:04Z,735,,12.4,92.6,10.11,16.9,83.3,11.98
2026-08-27T06:27:54Z,,0.00011,,,,,,
2026-08-27T07:27:54Z,,0.00022,,,,,,
2026-08-27T07:51:48Z,3405,,23.1,82.3,17.01,26.1,51.4,12.59
2026-08-27T08:27:53Z,,0,,,,,,
2026-08-27T09:27:54Z,,0,,,,,,
2026-08-27T09:51:44Z,2220,,34.9,32.8,12.92,25.9,48.1,11.65
2026-08-27T10:27:54Z,,0,,,,,,
2026-08-27T11:27:54Z,,0,,,,,,
2026-08-27T11:51:30Z,3150,,37.3,26.8,11.96,22.1,47.6,9.29
2026-08-27T12:27:53Z,,0,,,,,,
2026-08-27T13:27:54Z,,0,,,,,,
2026-08-27T13:50:55Z,1560,,32.2,27.4,9.36,20.8,52.5,9.5
2026-08-27T14:27:53Z,,0,,,,,,
2026-08-27T15:27:54Z,,0,,,,,,
2026-08-27T15:50:11Z,780,,27.5,32.3,8.55,20.3,57.5,10.11
2026-08-27T16:27:53Z,,0,,,,,,
2026-08-27T17:27:53Z,,0,,,,,,
2026-08-27T17:50:02Z,540,,21.2,41.3,7.65,18.2,69.1,10.74
2026-08-27T18:27:54Z,,0,,,,,,
2026-08-27T19:27:53Z,,0,,,,,,
2026-08-27T19:49:34Z,525,,13.9,51.6,6.18,14.5,80.2,9.97
2026-08-27T20:27:54Z,,0,,,,,,
2026-08-27T21:27:53Z,,0,,,,,,
2026-08-27T21:49:45Z,525,,11.4,60.1,6.17,12.5,86.6,9.52
2026-08-27T22:27:53Z,,0,,,,,,
2026-08-27T23:27:53Z,,0,,,,,,
2026-08-27T23:49:48Z,525,,10.2,64.2,6.11,11.3,89.9,9.17
2026-08-28T00:27:53Z,,0,,,,,,
2026-08-28T01:27:54Z,,0,,,,,,
2026-08-28T01:50:06Z,525,,8.8,67.8,5.9,10.2,92.1,8.76
2026-08-28T02:27:54Z,,0,,,,,,
2026-08-28T03:27:53Z,,0,,,,,,
2026-08-28T03:50:52Z,525,,8.8,72,6.27,9.7,93.6,8.63
2026-08-28T04:27:54Z,,0,,,,,,
2026-08-28T05:27:54Z,,0,,,,,,
2026-08-28T05:51:21Z,585,,14.8,73.5,9.31,14.9,87.9,11.2
2026-08-28T06:27:54Z,,0,,,,,,
2026-08-28T07:27:53Z,,0,,,,,,
2026-08-28T07:51:22Z,2280,,21.9,72.7,14.03,18.5,78.5,12.42
2026-08-28T08:27:54Z,,0,,,,,,
2026-08-28T09:27:53Z,,0,,,,,,
2026-08-28T09:50:33Z,2220,,29.7,45.8,13.68,21.3,66,12.3
2026-08-28T10:27:53Z,,0,,,,,,
2026-08-28T11:27:53Z,,0,,,,,,
2026-08-28T11:51:21Z,1980,,31.4,37.5,12.28,20.5,64.7,11.51
2026-08-28T12:27:54Z,,0,,,,,,
2026-08-28T13:27:53Z,,0,,,,,,
2026-08-28T13:50:40Z,1245,,29.4,35.3,10.37,20.1,64.1,11.14
2026-08-28T14:27:54Z,,0,,,,,,
2026-08-28T15:27:53Z,,0,,,,,,
2026-08-28T15:50:58Z,555,,25,40.4,9.3,18.5,73,11.55
2026-08-28T16:27:53Z,,0,,,,,,
2026-08-28T17:27:54Z,,0,,,,,,
2026-08-28T17:51:24Z,540,,19.5,43.1,7.23,17.1,82.9,12.06
2026-08-28T18:27:53Z,,0,,,,,,
2026-08-28T19:27:53Z,,0,,,,,,
2026-08-28T19:50:38Z,540,,16.2,51.5,7.1,16.1,88.3,12.1
2026-08-28T20:27:55Z,,0,,,,,,
2026-08-28T21:27:53Z,,0,,,,,,
2026-08-28T21:50:49Z,525,,14.9,57.8,7.36,15.5,92,12.16
2026-08-28T22:27:53Z,,0,,,,,,
2026-08-28T23:27:53Z,,0,,,,,,
2026-08-28T23:50:40Z,525,,14.5,62.3,7.75,15.1,94.9,12.24
2026-08-29T00:27:53Z,,0,,,,,,
2026-08-29T01:27:53Z,,0,,,,,,
2026-08-29T01:50:56Z,525,,13.7,62.8,7.43,14.5,97.4,12.11
2026-08-29T02:27:54Z,,0,,,,,,
2026-08-29T03:27:53Z,,0,,,,,,
2026-08-29T03:50:59Z,525,,13.2,64.7,7.43,14,98.7,11.9
2026-08-29T04:27:53Z,,0,,,,,,
2026-08-29T05:27:53Z,,0,,,,,,
2026-08-29T05:51:13Z,540,,15.9,60.9,8.24,16,91.6,12.48
2026-08-29T06:27:53Z,,0,,,,,,
2026-08-29T07:27:53Z,,0,,,,,,
2026-08-29T07:51:47Z,1275,,22.2,53.9,10.58,18.4,71.5,11.24
2026-08-29T08:27:54Z,,0,,,,,,
2026-08-29T09:27:54Z,,0,,,,,,
2026-08-29T09:52:05Z,2205,,26.2,50,12.31,19.3,66.2,10.98
2026-08-29T10:27:53Z,,0,,,,,,
2026-08-29T11:27:54Z,,0,,,,,,
2026-08-29T11:52:31Z,1380,,24.8,49.7,11.32,19,72.6,11.83
2026-08-29T12:27:53Z,,0,,,,,,
2026-08-29T13:27:53Z,,0,,,,,,
2026-08-29T13:52:14Z,1245,,24.9,46.5,10.65,19,70.2,11.44
2026-08-29T14:27:54Z,,0,,,,,,
2026-08-29T15:27:53Z,,0,,,,,,
2026-08-29T15:53:02Z,555,,21.9,48.7,9.4,18.3,76,11.88
2026-08-29T16:27:54Z,,0,,,,,,
2026-08-29T17:27:53Z,,0,,,,,,
2026-08-29T17:52:39Z,540,,18.9,52.1,8.44,17.9,73.1,11.16
2026-08-29T18:27:53Z,,0,,,,,,
2026-08-29T19:27:53Z,,0,,,,,,
2026-08-29T19:52:13Z,540,,17.5,57.2,8.52,17.4,77.5,11.48
2026-08-29T20:27:54Z,,0,,,,,,
2026-08-29T21:27:54Z,,0,,,,,,
2026-08-29T21:51:48Z,525,,17,61.4,8.88,17.1,80.1,11.66
2026-08-29T22:27:53Z,,0,,,,,,
2026-08-29T23:27:53Z,,0,,,,,,
2026-08-29T23:51:32Z,540,,16.1,69,9.45,15.9,91.3,12.36
2026-08-30T00:27:53Z,,0,,,,,,
2026-08-30T01:27:53Z,,0,,,,,,
2026-08-30T01:52:14Z,540,,15.7,74.2,9.92,15.1,97.2,12.53
2026-08-30T02:27:53Z,,0,,,,,,
2026-08-30T03:27:53Z,,0,,,,,,
2026-08-30T03:51:42Z,600,,15.9,80,10.83,15.3,100,13.05
2026-08-30T04:27:54Z,,0,,,,,,
2026-08-30T05:27:54Z,,0,,,,,,
2026-08-30T05:51:35Z,930,,16.5,83.2,11.68,15.7,99.6,13.32
2026-08-30T06:27:54Z,,0,,,,,,
2026-08-30T07:27:53Z,,0,,,,,,
2026-08-30T07:51:55Z,1230,,17.8,85.1,12.91,16.4,98.8,13.78
2026-08-30T08:27:54Z,,0,,,,,,
2026-08-30T09:27:53Z,,1e-05,,,,,,
2026-08-30T09:52:03Z,1425,,19.4,80.4,13.41,16.8,96.6,13.81
2026-08-30T10:27:54Z,,0,,,,,,
2026-08-30T11:27:53Z,,0,,,,,,
2026-08-30T11:51:18Z,1830,,26.8,56.8,14.46,19.2,84.5,13.93
2026-08-30T12:27:54Z,,0,,,,,,
2026-08-30T13:27:53Z,,0,,,,,,
2026-08-30T13:51:01Z,1335,,25.1,56,12.97,18.7,84.9,13.59
2026-08-30T14:27:54Z,,0,,,,,,
2026-08-30T15:27:54Z,,0,,,,,,
2026-08-30T15:51:35Z,1335,,24.7,55.5,12.56,18.6,82.9,13.19
2026-08-30T16:27:53Z,,0,,,,,,
2026-08-30T17:27:53Z,,0,,,,,,
2026-08-30T17:51:07Z,645,,18.1,67.7,10.46,16.3,90.9,12.61
2026-08-30T18:27:53Z,,0,,,,,,
2026-08-30T19:27:53Z,,0,,,,,,
2026-08-30T19:51:21Z,540,,15.9,76.6,10.37,15.6,95.9,12.75
2026-08-30T20:27:53Z,,0,,,,,,
2026-08-30T21:27:53Z,,0,,,,,,
2026-08-30T21:51:06Z,525,,15.5,78.4,10.36,15.5,98.9,13.07
2026-08-30T22:27:53Z,,0,,,,,,
2026-08-30T23:27:53Z,,0,,,,,,
2026-08-30T23:50:26Z,645,,15.9,83.2,11.26,15.9,100,13.54
2026-08-31T00:27:54Z,,0,,,,,,
2026-08-31T01:27:53Z,,0,,,,,,
2026-08-31T01:49:38Z,795,,16.3,84.4,11.7,16,100,13.62
2026-08-31T02:27:54Z,,0,,,,,,
2026-08-31T03:27:54Z,,0,,,,,,
2026-08-31T03:49:11Z,1020,,16.5,87,12.21,16,100,13.62
2026-08-31T04:27:54Z,,4e-05,,,,,,
2026-08-31T05:27:53Z,,9e-05,,,,,,
2026-08-31T05:48:26Z,1185,,16.8,88.8,12.69,16,100,13.62
2026-08-31T06:27:53Z,,0.00016,,,,,,
2026-08-31T07:27:53Z,,0.00023,,,,,,
2026-08-31T07:47:50Z,1305,,17.2,88.5,12.96,16.1,100,13.7
2026-08-31T08:27:53Z,,0.00029,,,,,,
2026-08-31T09:27:53Z,,0.00036,,,,,,
2026-08-31T09:48:07Z,1455,,18,89.6,13.76,16.6,100,14.12
2026-08-31T10:27:54Z,,0.00045,,,,,,
2026-08-31T11:27:54Z,,0.00053,,,,,,
2026-08-31T11:47:57Z,1725,,21,86.4,15.83,18.2,100,15.54
2026-08-31T12:27:54Z,,0.00057,,,,,,
2026-08-31T13:27:54Z,,0.00061,,,,,,
2026-08-31T13:48:27Z,1350,,21.7,76.2,14.53,18.1,98.6,15.23
2026-08-31T14:27:54Z,,0.00028,,,,,,
2026-08-31T15:27:53Z,,0,,,,,,
2026-08-31T16:27:53Z,,0,,,,,,
2026-08-31T17:27:53Z,,0,,,,,,
2026-08-31T17:48:30Z,960,,17.9,80.1,12.23,16.3,100,13.87
2026-08-31T18:27:54Z,,0,,,,,,
2026-08-31T19:27:53Z,,0,,,,,,
2026-08-31T19:48:47Z,990,,16.6,84.5,11.93,15.7,100,13.37
2026-08-31T20:27:54Z,,0,,,,,,
2026-08-31T21:27:53Z,,0,,,,,,
2026-08-31T21:49:07Z,1020,,15.8,85.8,11.54,15.1,100,12.9
2026-08-31T22:27:53Z,,2e-05,,,,,,
2026-08-31T23:27:54Z,,4e-05,,,,,,
2026-08-31T23:48:57Z,1020,,15.3,86.3,11.27,14.6,100,12.51
2026-09-01T00:27:53Z,,7e-05,,,,,,
2026-09-01T01:27:53Z,,0.0001,,,,,,
2026-09-01T01:48:50Z,960,,13.7,86.9,10.29,13.4,100,11.62
2026-09-01T02:27:54Z,,0.00014,,,,,,
2026-09-01T03:27:54Z,,0.00017,,,,,,
2026-09-01T03:48:15Z,1290,,14.6,92,11.51,14.2,100,12.21
2026-09-01T04:27:54Z,,0.00028,,,,,,
2026-09-01T05:27:53Z,,0.00039,,,,,,
2026-09-01T05:48:08Z,1500,,16,93.7,12.76,15.3,100,13.05
2026-09-01T06:27:54Z,,0.00055,,,,,,
2026-09-01T07:27:54Z,,0.0007,,,,,,
2026-09-01T07:48:48Z,1860,,20.5,81.6,14.52,17.8,91.8,13.93
2026-09-01T08:27:55Z,,0.00037,,,,,,
2026-09-01T09:27:54Z,,3e-05,,,,,,
2026-09-01T09:49:33Z,1920,,24.2,61.1,13.45,18.8,78.2,12.59
2026-09-01T10:27:54Z,,0,,,,,,
2026-09-01T11:27:53Z,,0,,,,,,
2026-09-01T11:49:17Z,1635,,24.6,58.1,13.08,19,80.3,13.08
2026-09-01T12:27:53Z,,0,,,,,,
2026-09-01T13:27:53Z,,0,,,,,,
2026-09-01T13:48:44Z,1890,,27.6,53.6,14.27,19.7,79.9,13.56
2026-09-01T14:27:54Z,,0,,,,,,
2026-09-01T15:27:53Z,,0,,,,,,
2026-09-01T15:49:14Z,1005,,23.8,55.3,11.9,18.8,82.6,13.3
2026-09-01T16:27:53Z,,0,,,,,,
2026-09-01T17:27:53Z,,0,,,,,,
2026-09-01T17:49:56Z,540,,18.4,66.3,10.42,16.9,91.5,13.16
2026-09-01T18:27:53Z,,0,,,,,,
2026-09-01T19:27:54Z,,0,,,,,,
2026-09-01T19:49:51Z,525,,13.2,73.7,8.46,14.4,97.4,12.04
2026-09-01T20:27:54Z,,0,,,,,,
2026-09-01T21:27:53Z,,0,,,,,,
2026-09-01T21:49:05Z,525,,11.8,79,8.31,13,99.9,11.32
2026-09-01T22:27:53Z,,0,,,,,,
2026-09-01T23:27:53Z,,0,,,,,,
2026-09-01T23:48:57Z,525,,10.9,79.8,7.93,11.9,100,10.59
2026-09-02T00:27:53Z,,0,,,,,,
2026-09-02T01:27:53Z,,0,,,,,,
2026-09-02T01:49:45Z,525,,10.5,85.5,8.29,11.1,100,10.07
2026-09-02T02:27:53Z,,1e-05,,,,,,
2026-09-02T03:27:53Z,,2e-05,,,,,,
2026-09-02T03:49:59Z,1155,,11.9,89.2,9.44,11.4,100,10.26
2026-09-02T04:27:53Z,,8e-05,,,,,,
2026-09-02T05:27:53Z,,0.00014,,,,,,
2026-09-02T05:49:57Z,1590,,13.3,89,10.28,11.5,100,10.33
2026-09-02T06:27:53Z,,0.0002,,,,,,
2026-09-02T07:27:54Z,,0.00026,,,,,,
2026-09-02T07:49:29Z,2040,,16.9,84.9,12.21,14.8,89.3,11.31
2026-09-02T08:27:54Z,,0,,,,,,
2026-09-02T09:27:54Z,,0,,,,,,
2026-09-02T09:49:23Z,2370,,27.6,47.2,12.56,19.2,66.6,10.98
2026-09-02T10:27:54Z,,0,,,,,,
2026-09-02T11:27:54Z,,0,,,,,,
2026-09-02T11:49:34Z,2115,,32.5,33.6,11.66,18.5,67.9,10.74
2026-09-02T12:27:53Z,,0,,,,,,
2026-09-02T13:27:54Z,,0,,,,,,
2026-09-02T13:49:17Z,1125,,30,32.2,9.77,19.1,65.2,10.69
2026-09-02T14:27:53Z,,0,,,,,,
2026-09-02T15:27:55Z,,0,,,,,,
2026-09-02T15:49:50Z,750,,26.2,36.1,8.89,18.9,65.5,10.61
2026-09-02T16:27:53Z,,0,,,,,,
2026-09-02T17:27:53Z,,0,,,,,,
2026-09-02T17:49:47Z,540,,18.1,49.5,7.65,16.3,82,11.37
2026-09-02T18:27:53Z,,0,,,,,,
2026-09-02T19:27:53Z,,0,,,,,,
2026-09-02T19:49:41Z,525,,14.4,60.1,7.43,14.4,94.8,11.71
2026-09-02T20:27:53Z,,0,,,,,,
2026-09-02T21:27:53Z,,0,,,,,,
2026-09-02T21:50:30Z,540,,12.4,66.5,7.26,12.8,94.9,10.63
2026-09-02T22:27:53Z,,0,,,,,,
2026-09-02T23:27:53Z,,0,,,,,,
2026-09-02T23:50:50Z,525,,10.5,72.4,7.02,11.4,97.9,10.05
2026-09-03T00:27:53Z,,0,,,,,,
2026-09-03T01:27:53Z,,0,,,,,,
2026-09-03T01:50:34Z,525,,11,77.7,7.77,12.3,100,10.85
2026-09-03T02:27:53Z,,0,,,,,,
2026-09-03T03:27:53Z,,0,,,,,,
2026-09-03T03:49:54Z,540,,13.4,79.4,9.23,13.7,100,11.84
2026-09-03T04:27:54Z,,0,,,,,,
2026-09-03T05:27:53Z,,0,,,,,,
2026-09-03T05:49:19Z,585,,13.3,81.8,9.45,13.7,95.8,11.34
2026-09-03T06:27:53Z,,0,,,,,,
2026-09-03T07:27:54Z,,0,,,,,,
2026-09-03T07:49:45Z,2340,,17.7,85.9,12.96,19.5,67.6,11.34
2026-09-03T08:27:53Z,,2e-05,,,,,,
2026-09-03T09:27:55Z,,5e-05,,,,,,
2026-09-03T09:50:10Z,1740,,23.4,48,10.09,19,60.4,9.84
2026-09-03T10:27:53Z,,0,,,,,,
2026-09-03T11:27:53Z,,0,,,,,,
2026-09-03T11:50:18Z,1890,,26.7,36.6,9.27,18.1,57.1,8.82
2026-09-03T12:27:53Z,,0,,,,,,
2026-09-03T13:27:54Z,,0,,,,,,
2026-09-03T13:51:02Z,1650,,26.1,36.1,8.84,17.3,59.6,8.78
2026-09-03T14:27:53Z,,0,,,,,,
2026-09-03T15:27:54Z,,0,,,,,,
2026-09-03T15:50:13Z,735,,21.8,41.5,7.96,16.1,68.9,9.44
2026-09-03T16:27:53Z,,0,,,,,,
2026-09-03T17:27:53Z,,0,,,,,,
2026-09-03T17:50:00Z,540,,14.9,48.8,6.22,13.4,76.1,8.84
2026-09-03T18:27:54Z,,0,,,,,,
2026-09-03T19:27:54Z,,0,,,,,,
2026-09-03T19:50:03Z,525,,10.1,57.3,5.42,10.7,83.2,8.17
2026-09-03T20:27:53Z,,0,,,,,,
2026-09-03T21:27:53Z,,0,,,,,,
2026-09-03T21:49:27Z,525,,7.5,62.4,4.99,8.1,89.2,7.42
2026-09-03T22:27:53Z,,0,,,,,,
2026-09-03T23:27:53Z,,0,,,,,,
2026-09-03T23:48:58Z,525,,6.4,65.5,4.88,7.2,93.3,7.32
2026-09-04T00:27:53Z,,0,,,,,,
2026-09-04T01:27:53Z,,0,,,,,,
2026-09-04T01:48:25Z,525,,6,68.5,4.97,6.7,96.5,7.33
2026-09-04T02:27:53Z,,0,,,,,,
2026-09-04T03:27:53Z,,0,,,,,,
2026-09-04T03:48:07Z,510,,6.3,71.3,5.28,7.3,98.5,7.78
2026-09-04T04:27:53Z,,0,,,,,,
2026-09-04T05:27:53Z,,0,,,,,,
2026-09-04T05:48:11Z,525,,9.3,76.1,6.84,9.9,98.8,9.22
2026-09-04T06:27:53Z,,0,,,,,,
2026-09-04T07:27:53Z,,0,,,,,,
2026-09-04T07:47:25Z,1320,,15.1,90.3,11.64,17.8,81,12.29
2026-09-04T08:27:54Z,,9e-05,,,,,,
2026-09-04T09:27:53Z,,0.00017,,,,,,
2026-09-04T09:47:25Z,3315,,24.3,62.6,13.86,19.1,63.4,10.39
2026-09-04T10:27:54Z,,0,,,,,,
2026-09-04T11:27:53Z,,0,,,,,,
2026-09-04T11:47:07Z,2925,,32.6,29.7,10.37,17.9,55.5,8.47
2026-09-04T12:27:53Z,,0,,,,,,
2026-09-04T13:27:53Z,,0,,,,,,
2026-09-04T13:47:38Z,1395,,25.2,39.1,9.1,16.2,69.3,9.55
2026-09-04T14:27:53Z,,0,,,,,,
2026-09-04T15:27:54Z,,0,,,,,,
2026-09-04T15:48:02Z,540,,21.3,43.2,8.05,15.1,78.4,10.11
2026-09-04T16:27:53Z,,0,,,,,,
2026-09-04T17:27:53Z,,0,,,,,,
2026-09-04T17:48:12Z,525,,15.1,51,6.58,13.2,84.4,9.69
2026-09-04T18:27:53Z,,0,,,,,,
2026-09-04T19:27:53Z,,0,,,,,,
2026-09-04T19:47:46Z,525,,10.6,59.6,5.82,10.7,89.6,8.8
2026-09-04T20:27:53Z,,0,,,,,,
2026-09-04T21:27:53Z,,0,,,,,,
2026-09-04T21:46:57Z,525,,9.6,65.3,5.98,9.6,92.9,8.51
2026-09-04T22:27:53Z,,0,,,,,,
2026-09-04T23:27:53Z,,0,,,,,,
2026-09-04T23:47:06Z,525,,7.5,66.7,5.34,8.1,95.2,7.92
2026-09-05T00:27:54Z,,0,,,,,,
2026-09-05T01:27:54Z,,0,,,,,,
2026-09-05T01:47:14Z,510,,5.8,70.2,5.03,6.7,97.3,7.39
2026-09-05T02:27:54Z,,0,,,,,,
2026-09-05T03:27:53Z,,0,,,,,,
2026-09-05T03:47:24Z,525,,5.1,71.3,4.88,5.3,98,6.79
2026-09-05T04:27:54Z,,0,,,,,,
2026-09-05T05:27:53Z,,0,,,,,,
2026-09-05T05:46:51Z,585,,8.3,84,7.08,9.2,95.4,8.52
2026-09-05T06:27:53Z,,0,,,,,,
2026-09-05T07:27:53Z,,0,,,,,,
2026-09-05T07:46:31Z,2130,,15.3,93,12.14,16.3,79.6,11.04
2026-09-05T08:27:53Z,,0.00013,,,,,,
2026-09-05T09:27:53Z,,0.00027,,,,,,
2026-09-05T09:45:55Z,2850,,24.6,59.2,13.33,18.7,67.8,10.85
2026-09-05T10:27:54Z,,0,,,,,,
2026-09-05T11:27:54Z,,0,,,,,,
2026-09-05T11:45:43Z,1110,,21.2,51.1,9.47,15.3,79.8,10.42
2026-09-05T12:27:53Z,,0,,,,,,
2026-09-05T13:27:54Z,,0,,,,,,
2026-09-05T13:45:12Z,1800,,24.3,44.5,9.85,16.5,68,9.54
2026-09-05T14:27:53Z,,0,,,,,,
2026-09-05T15:27:53Z,,0,,,,,,
2026-09-05T15:44:49Z,870,,21.2,44.8,8.3,15.6,71.9,9.56
2026-09-05T16:27:53Z,,0,,,,,,
2026-09-05T17:27:53Z,,0,,,,,,
2026-09-05T17:44:51Z,540,,16,54.2,7.38,13.9,79.5,9.53
2026-09-05T18:27:54Z,,0,,,,,,
2026-09-05T19:27:54Z,,0,,,,,,
2026-09-05T19:45:46Z,525,,12.1,68.6,7.35,11.9,87.2,9.23
2026-09-05T20:27:53Z,,0,,,,,,
2026-09-05T21:27:54Z,,0,,,,,,
2026-09-05T21:45:36Z,525,,9.9,76.8,7.17,10,93.3,8.76
2026-09-05T22:27:53Z,,0,,,,,,
2026-09-05T23:27:54Z,,0,,,,,,
2026-09-05T23:44:51Z,720,,8.6,81,6.96,8.5,95.9,8.19
2026-09-06T00:27:53Z,,0,,,,,,
2026-09-06T01:27:53Z,,0,,,,,,
2026-09-06T01:44:09Z,1080,,9.1,85.6,7.59,8.3,98.4,8.29
2026-09-06T02:27:53Z,,1e-05,,,,,,
2026-09-06T03:27:53Z,,2e-05,,,,,,
2026-09-06T03:43:49Z,1200,,9.6,86.9,7.96,8.5,99.5,8.49
2026-09-06T04:27:53Z,,5e-05,,,,,,
2026-09-06T05:27:53Z,,8e-05,,,,,,
2026-09-06T05:43:37Z,1320,,10.5,84.5,8.19,10,91.2,8.57
2026-09-06T06:27:53Z,,0,,,,,,
2026-09-06T07:27:54Z,,0,,,,,,
2026-09-06T07:43:49Z,2085,,16.3,61.4,8.52,14.8,61,7.72
2026-09-06T08:27:53Z,,0,,,,,,
2026-09-06T09:27:54Z,,0,,,,,,
2026-09-06T09:43:03Z,1920,,23.4,35.3,7.42,15.4,53.2,6.99
2026-09-06T10:27:53Z,,0,,,,,,
2026-09-06T11:27:53Z,,0,,,,,,
2026-09-06T11:42:55Z,1740,,26.1,28.2,6.91,14.6,53.8,6.73
2026-09-06T12:27:54Z,,0,,,,,,
2026-09-06T13:27:53Z,,0,,,,,,
2026-09-06T13:43:20Z,1275,,24.7,28.5,6.45,14.7,54.5,6.86
2026-09-06T14:27:53Z,,0,,,,,,
2026-09-06T15:27:52Z,,0,,,,,,
2026-09-06T15:43:11Z,585,,20.3,30.3,5.33,14.3,52.8,6.48
2026-09-06T16:27:53Z,,0,,,,,,
2026-09-06T17:27:53Z,,0,,,,,,
2026-09-06T17:43:16Z,540,,12.6,39.7,4.39,11.5,62.3,6.43
2026-09-06T18:27:53Z,,0,,,,,,
2026-09-06T19:27:53Z,,0,,,,,,
2026-09-06T19:43:34Z,525,,7.5,52.6,4.21,8,76.2,6.3
2026-09-06T20:27:53Z,,0,,,,,,
2026-09-06T21:27:54Z,,0,,,,,,
2026-09-06T21:43:37Z,525,,6.3,62,4.59,6.8,82.7,6.32
2026-09-06T22:27:53Z,,0,,,,,,
2026-09-06T23:27:53Z,,0,,,,,,
2026-09-06T23:44:14Z,510,,4.6,71.8,4.75,5,86.8,5.9
2026-09-07T00:27:53Z,,0,,,,,,
2026-09-07T01:27:53Z,,0,,,,,,
2026-09-07T01:44:14Z,630,,4.2,76.4,4.92,4.3,90.1,5.85
2026-09-07T02:27:53Z,,0,,,,,,
2026-09-07T03:27:53Z,,0,,,,,,
2026-09-07T03:44:57Z,585,,3.7,74,4.61,3.1,91.4,5.47
2026-09-07T04:27:53Z,,0,,,,,,
2026-09-07T05:27:53Z,,0,,,,,,
2026-09-07T05:44:07Z,690,,5.5,85,5.97,8.6,82.9,7.12
2026-09-07T06:27:54Z,,0,,,,,,
2026-09-07T07:27:53Z,,0,,,,,,
2026-09-07T07:43:56Z,3285,,14.2,83.6,10.2,15.3,57.8,7.54
2026-09-07T08:27:53Z,,0,,,,,,
2026-09-07T09:27:53Z,,0,,,,,,
2026-09-07T09:43:52Z,2040,,22.3,40.5,8.0,15.8,54.8,7.37
2026-09-07T10:27:53Z,,0,,,,,,
2026-09-07T11:27:53Z,,0,,,,,,
2026-09-07T11:43:39Z,2955,,28.2,32.7,9.0,15,58.1,7.45
2026-09-07T12:27:54Z,,0,,,,,,
2026-09-07T13:27:54Z,,0,,,,,,
2026-09-07T13:42:55Z,1215,,25.2,37.1,8.64,15.5,70.6,9.33
2026-09-07T14:27:54Z,,0,,,,,,
2026-09-07T15:27:53Z,,0,,,,,,
2026-09-07T15:43:27Z,540,,20.9,44.2,8.05,15.5,78.4,10.36
2026-09-07T16:27:54Z,,0,,,,,,
2026-09-07T17:27:53Z,,0,,,,,,
2026-09-07T17:43:50Z,525,,16.6,51.6,7.29,14.9,86.7,11.05
2026-09-07T18:27:53Z,,0,,,,,,
2026-09-07T19:27:53Z,,0,,,,,,
2026-09-07T19:43:41Z,540,,15.1,60,7.74,14.1,94.4,11.45
2026-09-07T20:27:53Z,,0,,,,,,
2026-09-07T21:27:53Z,,0,,,,,,
2026-09-07T21:43:36Z,540,,14.6,67.1,8.39,14,96.3,11.61
2026-09-07T22:27:53Z,,0,,,,,,
2026-09-07T23:27:53Z,,0,,,,,,
2026-09-07T23:43:14Z,525,,14.3,71.8,8.82,14.3,97.9,12.02
2026-09-08T00:27:53Z,,0,,,,,,
2026-09-08T01:27:55Z,,0,,,,,,
2026-09-08T01:42:29Z,525,,14.6,75.8,9.48,14.4,97.6,12.06
2026-09-08T02:27:53Z,,0,,,,,,
2026-09-08T03:27:53Z,,0,,,,,,
2026-09-08T03:42:49Z,540,,14.8,75.9,9.61,14.7,96.5,12.14
2026-09-08T04:27:53Z,,0,,,,,,
2026-09-08T05:27:54Z,,0,,,,,,
2026-09-08T05:42:58Z,540,,15.1,78.5,10.12,14.5,100,12.43
2026-09-08T06:27:53Z,,0,,,,,,
2026-09-08T07:27:54Z,,0,,,,,,
2026-09-08T07:43:20Z,840,,15.6,81,10.77,14.5,100,12.43
2026-09-08T08:27:54Z,,0,,,,,,
2026-09-08T09:27:53Z,,0,,,,,,
2026-09-08T09:42:54Z,930,,16.1,81.3,11.14,14.8,100,12.66
2026-09-08T10:27:53Z,,0,,,,,,
2026-09-08T11:27:53Z,,0,,,,,,
2026-09-08T11:42:51Z,1065,,16.7,81.8,11.62,15.2,98.7,12.81
2026-09-08T12:27:53Z,,0,,,,,,
2026-09-08T13:27:53Z,,0,,,,,,
2026-09-08T13:42:29Z,1185,,16.5,81,11.37,15.8,91.4,12.3
2026-09-08T14:27:53Z,,0,,,,,,
2026-09-08T15:27:53Z,,0,,,,,,
2026-09-08T15:41:40Z,1020,,16.2,79.8,11.0,15.3,93.5,12.21
2026-09-08T16:27:53Z,,0,,,,,,
2026-09-08T17:27:53Z,,0,,,,,,
2026-09-08T17:41:55Z,1065,,15.3,83.5,10.9,15.4,91.9,12.07
2026-09-08T18:27:53Z,,0,,,,,,
2026-09-08T19:27:53Z,,0,,,,,,
2026-09-08T19:41:57Z,990,,15.3,86.1,11.24,14.8,99.5,12.6
2026-09-08T20:27:53Z,,3e-05,,,,,,
2026-09-08T21:27:53Z,,5e-05,,,,,,
2026-09-08T21:42:37Z,1035,,15.8,87.3,11.75,15.4,100,13.13
2026-09-08T22:27:53Z,,0.0001,,,,,,
2026-09-08T23:27:53Z,,0.00014,,,,,,
2026-09-08T23:41:57Z,1035,,15.2,87.8,11.39,14.8,100,12.66
2026-09-09T00:27:53Z,,0.0002,,,,,,
2026-09-09T01:27:53Z,,0.00025,,,,,,
2026-09-09T01:41:51Z,1125,,15.1,90.4,11.66,14.8,100,12.66
2026-09-09T02:27:53Z,,0.00034,,,,,,
2026-09-09T03:27:54Z,,0.00042,,,,,,
2026-09-09T03:41:47Z,1260,,15.5,91,12.02,15,100,12.82
2026-09-09T04:27:54Z,,0.00052,,,,,,
2026-09-09T05:27:53Z,,0.00062,,,,,,
2026-09-09T05:41:28Z,1290,,16,92.1,12.54,15.6,100,13.29
2026-09-09T06:27:54Z,,0.00074,,,,,,
2026-09-09T07:27:53Z,,0.00086,,,,,,
2026-09-09T07:40:39Z,1365,,17,89.2,12.9,16.5,96.1,13.49
2026-09-09T08:27:54Z,,0.00094,,,,,,
2026-09-09T09:27:53Z,,0.00101,,,,,,
2026-09-09T09:41:11Z,1500,,20.4,73.8,13.05,17.3,89.7,13.21
2026-09-09T10:27:53Z,,0.00068,,,,,,
2026-09-09T11:27:54Z,,0.00034,,,,,,
2026-09-09T11:41:48Z,1230,,17.7,77.7,11.72,15.8,94.3,12.69
2026-09-09T12:27:53Z,,1e-05,,,,,,
2026-09-09T13:27:54Z,,0,,,,,,
2026-09-09T13:42:41Z,1200,,17.2,81.7,11.96,15.3,98.8,12.9
2026-09-09T14:27:53Z,,0,,,,,,
2026-09-09T15:27:54Z,,0,,,,,,
2026-09-09T15:42:18Z,1155,,16.5,84.9,11.92,15.1,100,12.9
2026-09-09T16:27:54Z,,0,,,,,,
2026-09-09T17:27:53Z,,0,,,,,,
2026-09-09T17:42:00Z,1155,,15.7,86.8,11.61,14.6,100,12.51
2026-09-09T18:27:53Z,,4e-05,,,,,,
2026-09-09T19:27:54Z,,8e-05,,,,,,
2026-09-09T19:42:29Z,1230,,15.4,88.5,11.62,14.5,100,12.43
2026-09-09T20:27:54Z,,0.00014,,,,,,
2026-09-09T21:27:53Z,,0.0002,,,,,,
2026-09-09T21:42:06Z,1230,,14.8,88.8,11.24,14,100,12.06
2026-09-09T22:27:53Z,,0.00027,,,,,,
2026-09-09T23:27:53Z,,0.00033,,,,,,
2026-09-09T23:41:30Z,1260,,14.1,89.9,10.91,13.4,100,11.62
2026-09-10T00:27:53Z,,0.00041,,,,,,
2026-09-10T01:27:53Z,,0.00048,,,,,,
2026-09-10T01:41:18Z,1380,,14.2,91.9,11.22,13.4,100,11.62
2026-09-10T02:27:53Z,,0.00059,,,,,,
2026-09-10T03:27:53Z,,0.0007,,,,,,
2026-09-10T03:41:35Z,1230,,13.2,90.8,10.42,12.8,100,11.2
2026-09-10T04:27:53Z,,0.00078,,,,,,
2026-09-10T05:27:54Z,,0.00087,,,,,,
2026-09-10T05:41:37Z,1485,,14.4,94.1,11.63,13.7,100,11.84
2026-09-10T06:27:53Z,,0.00102,,,,,,
2026-09-10T07:27:53Z,,0.00117,,,,,,
2026-09-10T07:42:19Z,2190,,16.5,93.5,13.12,15.5,89.5,11.83
2026-09-10T08:27:53Z,,0.00132,,,,,,
2026-09-10T09:27:53Z,,0.00147,,,,,,
2026-09-10T09:42:50Z,2205,,22.1,71.4,13.94,18.1,81.1,12.53
2026-09-10T10:27:54Z,,0.00114,,,,,,
2026-09-10T11:27:54Z,,0.0008,,,,,,
2026-09-10T11:42:32Z,1875,,27.6,44.9,11.95,17.7,75.4,11.37
2026-09-10T12:27:53Z,,0.00047,,,,,,
2026-09-10T13:27:54Z,,0.00014,,,,,,
2026-09-10T13:41:50Z,1020,,25.3,44.5,10.42,17.4,78.6,11.64
2026-09-10T14:27:53Z,,0,,,,,,
2026-09-10T15:27:54Z,,0,,,,,,
2026-09-10T15:41:05Z,750,,20.9,53,9.65,16.2,83.2,11.47
2026-09-10T16:27:54Z,,0,,,,,,
2026-09-10T17:27:53Z,,0,,,,,,
2026-09-10T17:41:04Z,750,,15.5,72.2,9.54,14,93.3,11.25
2026-09-10T18:27:53Z,,0,,,,,,
2026-09-10T19:27:54Z,,0,,,,,,
2026-09-10T19:41:35Z,765,,13.4,77.4,8.99,12.1,97.7,10.47
2026-09-10T20:27:53Z,,0,,,,,,
2026-09-10T21:27:53Z,,0,,,,,,
2026-09-10T21:42:00Z,915,,12.7,82.7,9.2,11.7,100,10.46
2026-09-10T22:27:53Z,,0,,,,,,
2026-09-10T23:27:53Z,,0,,,,,,
2026-09-10T23:41:03Z,960,,11.3,84.9,8.66,10.6,100,9.76
2026-09-11T00:27:53Z,,0,,,,,,
2026-09-11T01:27:53Z,,0,,,,,,
2026-09-11T01:41:19Z,915,,9.9,85.1,7.94,9.4,100,9.04
2026-09-11T02:27:53Z,,0,,,,,,
2026-09-11T03:27:53Z,,0,,,,,,
2026-09-11T03:41:57Z,975,,8.5,86.4,7.38,8,100,8.27
2026-09-11T04:27:53Z,,3e-05,,,,,,
2026-09-11T05:27:54Z,,5e-05,,,,,,
2026-09-11T05:42:33Z,1215,,9.4,94.1,8.51,9.7,98.3,9.06
2026-09-11T06:27:54Z,,0.00016,,,,,,
2026-09-11T07:27:54Z,,0.00027,,,,,,
2026-09-11T07:42:55Z,2025,,14.3,84.8,10.41,14,80.2,9.67
2026-09-11T08:27:53Z,,0,,,,,,
2026-09-11T09:27:54Z,,0,,,,,,
2026-09-11T09:42:15Z,2205,,22.4,46.6,9.25,16.7,58.3,8.28
2026-09-11T10:27:54Z,,0,,,,,,
2026-09-11T11:27:54Z,,0,,,,,,
2026-09-11T11:42:51Z,1515,,25.3,32.8,7.68,16,57.5,7.83
2026-09-11T12:27:53Z,,0,,,,,,
2026-09-11T13:27:53Z,,0,,,,,,
2026-09-11T13:43:11Z,1245,,23.8,36,7.75,16,61.1,8.32
2026-09-11T14:27:53Z,,0,,,,,,
2026-09-11T15:27:54Z,,0,,,,,,
2026-09-11T15:42:24Z,600,,21,39,7.14,15.5,65.7,8.68
2026-09-11T16:27:53Z,,0,,,,,,
2026-09-11T17:27:53Z,,0,,,,,,
2026-09-11T17:43:07Z,525,,13.3,48.4,5.59,12,77.1,8.21
2026-09-11T18:27:54Z,,0,,,,,,
2026-09-11T19:27:53Z,,0,,,,,,
2026-09-11T19:42:35Z,525,,9.2,58.4,5.21,9.4,85.1,7.69
2026-09-11T20:27:53Z,,0,,,,,,
2026-09-11T21:27:53Z,,0,,,,,,
2026-09-11T21:41:58Z,525,,7.7,63.7,5.16,7.6,89.5,7.21
2026-09-11T22:27:53Z,,0,,,,,,
2026-09-11T23:27:53Z,,0,,,,,,
2026-09-11T23:42:27Z,525,,5.5,65.9,4.63,5.7,93.7,6.67
2026-09-12T00:27:53Z,,0,,,,,,
2026-09-12T01:27:53Z,,0,,,,,,
2026-09-12T01:43:06Z,510,,3.8,67.4,4.23,4.1,96.5,6.18
2026-09-12T02:27:54Z,,0,,,,,,
2026-09-12T03:27:53Z,,0,,,,,,
2026-09-12T03:43:53Z,525,,3.3,66.9,4.06,3.3,98.3,5.97
2026-09-12T04:27:54Z,,0,,,,,,
2026-09-12T05:27:53Z,,0,,,,,,
2026-09-12T05:43:44Z,540,,5.6,79.8,5.64,8.8,93.5,8.14
2026-09-12T06:27:53Z,,0,,,,,,
2026-09-12T07:27:54Z,,0,,,,,,
2026-09-12T07:43:20Z,2670,,14.9,100,12.74,17.8,71.8,10.89
2026-09-12T08:27:54Z,,0.00036,,,,,,
2026-09-12T09:27:54Z,,0.00072,,,,,,
2026-09-12T09:42:53Z,1725,,20.6,55.9,10.0,16.9,67.8,9.75
2026-09-12T10:27:53Z,,0.00039,,,,,,
2026-09-12T11:27:53Z,,6e-05,,,,,,
2026-09-12T11:43:38Z,1575,,24,48.3,10.51,17.3,71.7,10.56
2026-09-12T12:27:53Z,,0,,,,,,
2026-09-12T13:27:53Z,,0,,,,,,
2026-09-12T13:43:59Z,1200,,21.9,54.1,10.44,16.9,78.9,11.34
2026-09-12T14:27:54Z,,0,,,,,,
2026-09-12T15:27:53Z,,0,,,,,,
2026-09-12T15:43:53Z,645,,17.1,65.2,9.49,14.8,90.7,11.48
2026-09-12T16:27:53Z,,0,,,,,,
2026-09-12T17:27:54Z,,0,,,,,,
2026-09-12T17:43:08Z,525,,15,70.6,9.05,14,96.5,11.64
2026-09-12T18:27:54Z,,0,,,,,,
2026-09-12T19:27:53Z,,0,,,,,,
2026-09-12T19:43:06Z,525,,14.2,74.6,9.11,13.6,97.6,11.48
2026-09-12T20:27:53Z,,0,,,,,,
2026-09-12T21:27:54Z,,0,,,,,,
2026-09-12T21:42:43Z,525,,13.8,77.2,9.19,13.2,98.7,11.33
2026-09-12T22:27:53Z,,0,,,,,,
2026-09-12T23:27:53Z,,0,,,,,,
2026-09-12T23:42:22Z,585,,13.5,80.2,9.38,13.1,99.5,11.35
2026-09-13T00:27:53Z,,0,,,,,,
2026-09-13T01:27:53Z,,0,,,,,,
2026-09-13T01:43:03Z,600,,13.6,80.9,9.52,13.2,100,11.48
2026-09-13T02:27:53Z,,0,,,,,,
2026-09-13T03:27:53Z,,0,,,,,,
2026-09-13T03:42:44Z,780,,13.7,83.5,9.88,13.4,100,11.62
2026-09-13T04:27:53Z,,0,,,,,,
2026-09-13T05:27:53Z,,0,,,,,,
2026-09-13T05:43:28Z,960,,14.7,85.7,10.79,14.1,100,12.13
2026-09-13T06:27:54Z,,2e-05,,,,,,
2026-09-13T07:27:53Z,,3e-05,,,,,,
2026-09-13T07:44:04Z,1200,,16.1,86.6,11.87,15,100,12.82
2026-09-13T08:27:54Z,,7e-05,,,,,,
2026-09-13T09:27:54Z,,0.00011,,,,,,
2026-09-13T09:44:11Z,1635,,17.9,77.9,11.89,15.4,90.3,11.86
2026-09-13T10:27:53Z,,0,,,,,,
2026-09-13T11:27:54Z,,0,,,,,,
2026-09-13T11:44:14Z,1335,,20.1,64.7,11.24,16.3,85.6,11.87
2026-09-13T12:27:53Z,,0,,,,,,
2026-09-13T13:27:54Z,,0,,,,,,
2026-09-13T13:44:36Z,1035,,16.9,73.2,10.52,15.2,90.9,11.79
2026-09-13T14:27:54Z,,0,,,,,,
2026-09-13T15:27:54Z,,0,,,,,,
2026-09-13T15:43:53Z,1200,,17.1,75.2,10.94,15.3,90.6,11.83
2026-09-13T16:27:53Z,,0,,,,,,
2026-09-13T17:27:53Z,,0,,,,,,
2026-09-13T17:44:50Z,765,,14,76.6,9.24,13.3,94.9,10.96
2026-09-13T18:27:53Z,,0,,,,,,
2026-09-13T19:27:53Z,,0,,,,,,
2026-09-13T19:45:22Z,525,,10.7,79.5,7.81,10.8,98.8,9.76
2026-09-13T20:27:53Z,,0,,,,,,
2026-09-13T21:27:53Z,,0,,,,,,
2026-09-13T21:44:36Z,645,,9.6,85.8,7.86,10.1,100,9.45
2026-09-13T22:27:53Z,,1e-05,,,,,,
2026-09-13T23:27:53Z,,3e-05,,,,,,
2026-09-13T23:44:54Z,720,,8.4,85.2,7.23,8.5,100,8.54
2026-09-14T00:27:53Z,,3e-05,,,,,,
2026-09-14T01:27:54Z,,4e-05,,,,,,
2026-09-14T01:44:40Z,885,,7.4,87.3,6.94,7.4,100,7.95
2026-09-14T02:27:53Z,,6e-05,,,,,,
2026-09-14T03:27:53Z,,9e-05,,,,,,
2026-09-14T03:43:53Z,810,,6.4,84.4,6.29,6.1,100,7.31
2026-09-14T04:27:53Z,,0,,,,,,
2026-09-14T05:27:54Z,,0,,,,,,
2026-09-14T05:43:04Z,960,,7.7,96.2,7.8,9.3,97.8,8.79
2026-09-14T06:27:53Z,,0.00013,,,,,,
2026-09-14T07:27:53Z,,0.00027,,,,,,
2026-09-14T07:42:37Z,2250,,14,100,12.06,16.8,74.9,10.7
2026-09-14T08:27:53Z,,0.00061,,,,,,
2026-09-14T09:27:53Z,,0.00096,,,,,,
2026-09-14T09:42:05Z,2865,,23.7,49.3,10.55,17.8,57.9,8.78
2026-09-14T10:27:53Z,,0.00063,,,,,,
2026-09-14T11:27:54Z,,0.00029,,,,,,
2026-09-14T11:42:12Z,2280,,27,33.4,8.6,15.1,59.5,7.67
2026-09-14T12:27:56Z,,0,,,,,,
2026-09-14T13:27:54Z,,0,,,,,,
2026-09-14T13:42:57Z,1365,,26.2,30.8,7.59,15.4,61.1,8.02
2026-09-14T14:27:54Z,,0,,,,,,
2026-09-14T15:27:54Z,,0,,,,,,
2026-09-14T15:42:18Z,555,,21.1,36.3,6.69,15.1,64.9,8.37
2026-09-14T16:27:54Z,,0,,,,,,
2026-09-14T17:27:53Z,,0,,,,,,
2026-09-14T17:41:46Z,525,,11.6,46.1,4.79,10.5,81.3,7.88
2026-09-14T18:27:53Z,,0,,,,,,
2026-09-14T19:27:53Z,,0,,,,,,
2026-09-14T19:41:49Z,525,,6.8,54,4.13,7.5,89.2,7.14
2026-09-14T20:27:54Z,,0,,,,,,
2026-09-14T21:27:53Z,,0,,,,,,
2026-09-14T21:42:32Z,525,,4.7,59,3.93,5.3,93.1,6.45
2026-09-14T22:27:53Z,,0,,,,,,
2026-09-14T23:27:54Z,,0,,,,,,
2026-09-14T23:43:18Z,510,,3.5,62.4,3.84,4.1,95.5,6.11
2026-09-15T00:27:53Z,,0,,,,,,
2026-09-15T01:27:53Z,,0,,,,,,
2026-09-15T01:43:56Z,525,,2.6,65.5,3.79,3.1,97.5,5.84
2026-09-15T02:27:53Z,,0,,,,,,
2026-09-15T03:27:53Z,,0,,,,,,
2026-09-15T03:43:42Z,510,,2.7,67.1,3.91,3,99.2,5.9
2026-09-15T04:27:53Z,,0,,,,,,
2026-09-15T05:27:53Z,,0,,,,,,
2026-09-15T05:43:46Z,525,,6,78.6,5.7,5.3,100,6.93
2026-09-15T06:27:53Z,,0,,,,,,
2026-09-15T07:27:53Z,,0,,,,,,
2026-09-15T07:44:00Z,1575,,12.6,86.9,9.61,12.3,88.9,9.65
2026-09-15T08:27:54Z,,3e-05,,,,,,
2026-09-15T09:27:54Z,,7e-05,,,,,,
2026-09-15T09:43:44Z,3345,,24.5,58.6,13.12,17.6,64.2,9.63
2026-09-15T10:27:53Z,,0,,,,,,
2026-09-15T11:27:54Z,,0,,,,,,
2026-09-15T11:43:27Z,2130,,27.6,36.7,9.77,16.3,64.1,8.89
2026-09-15T12:27:53Z,,0,,,,,,
2026-09-15T13:27:54Z,,0,,,,,,
2026-09-15T13:44:13Z,1500,,24.9,37.2,8.52,14.9,68,8.66
2026-09-15T14:27:54Z,,0,,,,,,
2026-09-15T15:27:53Z,,0,,,,,,
2026-09-15T15:45:12Z,555,,19.6,42.5,7.17,13.7,74,8.76
2026-09-15T16:27:53Z,,0,,,,,,
2026-09-15T17:27:53Z,,0,,,,,,
2026-09-15T17:44:35Z,525,,12.9,51.7,5.82,11.7,83.6,8.74
2026-09-15T18:27:53Z,,0,,,,,,
2026-09-15T19:27:53Z,,0,,,,,,
2026-09-15T19:44:46Z,525,,11.7,59.1,6.18,10.9,87.8,8.73
2026-09-15T20:27:53Z,,0,,,,,,
2026-09-15T21:27:53Z,,0,,,,,,
2026-09-15T21:44:38Z,540,,11.6,62.9,6.54,11.6,88.7,9.22
2026-09-15T22:27:53Z,,0,,,,,,
2026-09-15T23:27:53Z,,0,,,,,,
2026-09-15T23:44:01Z,540,,12,68.2,7.27,12.4,90,9.83
2026-09-16T00:27:53Z,,0,,,,,,
2026-09-16T01:27:53Z,,0,,,,,,
2026-09-16T01:44:35Z,540,,12.6,72,7.96,13,92.4,10.47
2026-09-16T02:27:53Z,,0,,,,,,
2026-09-16T03:27:53Z,,0,,,,,,
2026-09-16T03:44:15Z,525,,13,77,8.73,13.1,95.8,10.93
2026-09-16T04:27:54Z,,0,,,,,,
2026-09-16T05:27:53Z,,0,,,,,,
2026-09-16T05:44:47Z,795,,14.1,79.9,9.69,13.7,95.7,11.33
2026-09-16T06:27:55Z,,0,,,,,,
2026-09-16T07:27:55Z,,0,,,,,,
2026-09-16T07:44:41Z,1035,,16.4,75,10.46,14.3,94.6,11.62
2026-09-16T08:27:53Z,,0,,,,,,
2026-09-16T09:27:54Z,,0,,,,,,
2026-09-16T09:45:19Z,825,,15.6,76.8,10.21,13.7,100,11.84
2026-09-16T10:27:55Z,,0,,,,,,
2026-09-16T11:27:54Z,,0,,,,,,
2026-09-16T11:44:59Z,1065,,16.3,81.3,11.27,14.6,99.4,12.43
2026-09-16T12:27:53Z,,0,,,,,,
2026-09-16T13:27:54Z,,0,,,,,,
2026-09-16T13:45:30Z,990,,16.4,78.5,10.95,14.8,96.5,12.22
2026-09-16T14:27:53Z,,0,,,,,,
2026-09-16T15:27:53Z,,0,,,,,,
2026-09-16T15:46:16Z,930,,15.4,80.7,10.6,14.8,95.2,12.05
2026-09-16T16:27:53Z,,0,,,,,,
2026-09-16T17:27:54Z,,0,,,,,,
2026-09-16T17:46:18Z,1005,,14.9,85.2,10.85,14.1,100,12.13
2026-09-16T18:27:53Z,,1e-05,,,,,,
2026-09-16T19:27:53Z,,1e-05,,,,,,
2026-09-16T19:45:26Z,1125,,15.2,87.6,11.37,14.5,100,12.43
2026-09-16T20:27:53Z,,6e-05,,,,,,
2026-09-16T21:27:53Z,,0.00011,,,,,,
2026-09-16T21:46:14Z,1035,,13.4,84.4,9.81,12.5,100,10.99
2026-09-16T22:27:54Z,,0,,,,,,
2026-09-16T23:27:53Z,,0,,,,,,
2026-09-16T23:46:14Z,1065,,12.6,88.5,9.79,12.2,100,10.79
2026-09-17T00:27:53Z,,5e-05,,,,,,
2026-09-17T01:27:53Z,,0.00011,,,,,,
2026-09-17T01:45:39Z,1200,,13,89.8,10.18,12.4,100,10.92
2026-09-17T02:27:53Z,,0.00018,,,,,,
2026-09-17T03:27:53Z,,0.00025,,,,,,
2026-09-17T03:45:08Z,1230,,13.7,90.7,10.74,13.2,100,11.48
2026-09-17T04:27:54Z,,0.00034,,,,,,
2026-09-17T05:27:53Z,,0.00042,,,,,,
2026-09-17T05:44:36Z,1155,,13.6,91.4,10.75,13.4,100,11.62
2026-09-17T06:27:54Z,,0.00052,,,,,,
2026-09-17T07:27:53Z,,0.00061,,,,,,
2026-09-17T07:43:59Z,2040,,16.8,89.9,12.85,15,92.1,11.8
2026-09-17T08:27:53Z,,0.0007,,,,,,
2026-09-17T09:27:53Z,,0.00079,,,,,,
2026-09-17T09:44:20Z,1500,,19.9,69.3,11.9,16.4,87.4,12.19
2026-09-17T10:27:54Z,,0.00045,,,,,,
2026-09-17T11:27:53Z,,0.00012,,,,,,
2026-09-17T11:44:25Z,1785,,18.8,76,12.24,15.4,90.4,11.87
2026-09-17T12:27:53Z,,0,,,,,,
2026-09-17T13:27:54Z,,0,,,,,,
2026-09-17T13:43:54Z,2025,,22.5,60.2,12.02,15.6,84.3,11.21
2026-09-17T14:27:54Z,,0,,,,,,
2026-09-17T15:27:54Z,,0,,,,,,
2026-09-17T15:44:23Z,945,,19.2,57.7,9.51,14.8,84.9,10.75
2026-09-17T16:27:53Z,,0,,,,,,
2026-09-17T17:27:53Z,,0,,,,,,
2026-09-17T17:44:29Z,540,,13.3,68.7,7.93,12.4,92.2,10.07
2026-09-17T18:27:53Z,,0,,,,,,
2026-09-17T19:27:54Z,,0,,,,,,
2026-09-17T19:44:30Z,540,,10.7,76.6,7.52,10.9,97.1,9.65
2026-09-17T20:27:54Z,,0,,,,,,
2026-09-17T21:27:53Z,,0,,,,,,
2026-09-17T21:43:58Z,525,,10.2,82.8,7.88,10.5,100,9.7
2026-09-17T22:27:53Z,,0,,,,,,
2026-09-17T23:27:54Z,,0,,,,,,
2026-09-17T23:44:11Z,795,,11.5,84.5,8.72,11.2,100,10.13
2026-09-18T00:27:53Z,,0,,,,,,
2026-09-18T01:27:53Z,,0,,,,,,
2026-09-18T01:44:03Z,855,,12,84.7,9.02,11.6,100,10.39
2026-09-18T02:27:53Z,,0,,,,,,
2026-09-18T03:27:54Z,,0,,,,,,
2026-09-18T03:44:44Z,645,,11.3,82.7,8.43,11.2,100,10.13
2026-09-18T04:27:53Z,,0,,,,,,
2026-09-18T05:27:53Z,,0,,,,,,
2026-09-18T05:44:41Z,1215,,11.5,89.3,9.22,11.4,95.9,9.84
2026-09-18T06:27:53Z,,6e-05,,,,,,
2026-09-18T07:27:54Z,,0.00012,,,,,,
2026-09-18T07:45:17Z,1350,,14.6,89,11.13,13.9,96.9,11.61
2026-09-18T08:27:54Z,,0.00019,,,,,,
2026-09-18T09:27:54Z,,0.00025,,,,,,
2026-09-18T09:44:34Z,1260,,15.2,83.9,10.89,14,96.2,11.6
2026-09-18T10:27:53Z,,0,,,,,,
2026-09-18T11:27:54Z,,0,,,,,,
2026-09-18T11:44:23Z,1185,,14.9,86.6,11.03,13.8,100,11.91
2026-09-18T12:27:54Z,,3e-05,,,,,,
2026-09-18T13:27:54Z,,7e-05,,,,,,
2026-09-18T13:45:00Z,1830,,17.2,84.6,12.38,15.5,90.8,12.0
2026-09-18T14:27:54Z,,0,,,,,,
2026-09-18T15:27:53Z,,0,,,,,,
2026-09-18T15:44:10Z,1260,,16.8,77.6,11.09,14.8,93.4,11.83
2026-09-18T16:27:54Z,,0,,,,,,
2026-09-18T17:27:53Z,,0,,,,,,
2026-09-18T17:44:35Z,930,,14.1,80.3,9.74,12.8,98.7,11.05
2026-09-18T18:27:54Z,,0,,,,,,
2026-09-18T19:27:53Z,,0,,,,,,
2026-09-18T19:44:39Z,930,,12.4,86.1,9.4,12.1,100,10.72
2026-09-18T20:27:53Z,,2e-05,,,,,,
2026-09-18T21:27:54Z,,4e-05,,,,,,
2026-09-18T21:43:56Z,630,,10.9,85.2,8.47,11.3,100,10.2
2026-09-18T22:27:53Z,,5e-05,,,,,,
2026-09-18T23:27:53Z,,5e-05,,,,,,
2026-09-18T23:44:10Z,1185,,11.8,92.8,9.76,11.8,100,10.52
2026-09-19T00:27:54Z,,0.00016,,,,,,
2026-09-19T01:27:53Z,,0.00027,,,,,,
2026-09-19T01:44:22Z,1230,,11.9,87.4,9.25,10.8,100,9.88
2026-09-19T02:27:53Z,,0.00031,,,,,,
2026-09-19T03:27:54Z,,0.00035,,,,,,
2026-09-19T03:43:42Z,1050,,11.2,88.6,8.98,10.8,100,9.88
2026-09-19T04:27:53Z,,0.0004,,,,,,
2026-09-19T05:27:53Z,,0.00045,,,,,,
2026-09-19T05:44:08Z,1125,,11.7,93.4,9.77,11.9,100,10.59
2026-09-19T06:27:53Z,,0.00057,,,,,,
2026-09-19T07:27:54Z,,0.00069,,,,,,
2026-09-19T07:43:53Z,2220,,15.1,99.3,12.81,14.7,91.2,11.48
2026-09-19T08:27:54Z,,0.00102,,,,,,
2026-09-19T09:27:53Z,,0.00135,,,,,,
2026-09-19T09:43:56Z,1785,,18.1,71.7,11.07,15.1,82.5,10.64
2026-09-19T10:27:54Z,,0.00101,,,,,,
2026-09-19T11:27:54Z,,0.00068,,,,,,
2026-09-19T11:43:14Z,1245,,18.7,65.5,10.48,14.5,90.6,11.26
2026-09-19T12:27:53Z,,0.00035,,,,,,
2026-09-19T13:27:53Z,,1e-05,,,,,,
2026-09-19T13:43:54Z,1395,,17.8,71.6,10.86,15.3,85.8,11.2
2026-09-19T14:27:54Z,,0,,,,,,
2026-09-19T15:27:54Z,,0,,,,,,
2026-09-19T15:44:02Z,960,,15.5,76.3,10.08,14.5,91.1,11.33
2026-09-19T16:27:53Z,,0,,,,,,
2026-09-19T17:27:54Z,,0,,,,,,
2026-09-19T17:44:49Z,960,,14.5,81.2,10.09,14.5,91.7,11.4
2026-09-19T18:27:54Z,,0,,,,,,
2026-09-19T19:27:53Z,,0,,,,,,
2026-09-19T19:44:32Z,885,,14.4,83.9,10.37,14.3,96.8,11.89
2026-09-19T20:27:54Z,,0,,,,,,
2026-09-19T21:27:53Z,,0,,,,,,
2026-09-19T21:45:21Z,930,,14.6,86.3,10.79,14.5,98.6,12.26
2026-09-19T22:27:53Z,,3e-05,,,,,,
2026-09-19T23:27:54Z,,6e-05,,,,,,
2026-09-19T23:45:58Z,960,,14.8,87.7,11.1,14.7,100,12.59
2026-09-20T00:27:54Z,,0.00011,,,,,,
2026-09-20T01:27:53Z,,0.00016,,,,,,
2026-09-20T01:46:04Z,1035,,14.9,87,11.08,14.5,99.4,12.36
2026-09-20T02:27:54Z,,0.0002,,,,,,
2026-09-20T03:27:53Z,,0.00024,,,,,,
2026-09-20T03:45:34Z,1095,,13.2,84.1,9.65,13,93.6,10.61
2026-09-20T04:27:53Z,,0,,,,,,
2026-09-20T05:27:54Z,,0,,,,,,
2026-09-20T05:46:09Z,1290,,12.6,89.9,9.94,12.7,94,10.46
2026-09-20T06:27:54Z,,7e-05,,,,,,
2026-09-20T07:27:53Z,,0.00014,,,,,,
2026-09-20T07:46:36Z,1905,,14.8,88,11.14,14.4,84.9,10.49
2026-09-20T08:27:53Z,,0.0002,,,,,,
2026-09-20T09:27:53Z,,0.00025,,,,,,
2026-09-20T10:27:53Z,,0.0003,,,,,,
2026-09-20T11:27:53Z,,0.00036,,,,,,
2026-09-20T11:47:24Z,2055,,23,48,9.87,16,67.2,9.15
2026-09-20T12:27:53Z,,2e-05,,,,,,
2026-09-20T13:27:53Z,,0,,,,,,
2026-09-20T13:47:31Z,1305,,21.2,47.5,8.8,15.1,71.8,9.26
2026-09-20T14:27:53Z,,0,,,,,,
2026-09-20T15:27:54Z,,0,,,,,,
2026-09-20T15:48:04Z,780,,16.5,54.5,7.65,13.5,77.2,9.03
2026-09-20T16:27:53Z,,0,,,,,,
2026-09-20T17:27:54Z,,0,,,,,,
2026-09-20T17:48:47Z,540,,12.7,61,6.79,11.7,84.8,8.87
2026-09-20T18:27:54Z,,0,,,,,,
2026-09-20T19:27:54Z,,0,,,,,,
2026-09-20T19:49:27Z,525,,10.3,67.4,6.45,10.5,91.6,8.88
2026-09-20T20:27:53Z,,0,,,,,,
2026-09-20T21:27:54Z,,0,,,,,,
2026-09-20T21:49:18Z,525,,9.3,75,6.74,10,95.6,8.98
2026-09-20T22:27:53Z,,0,,,,,,
2026-09-20T23:27:53Z,,0,,,,,,
2026-09-20T23:49:18Z,525,,8.8,77.4,6.74,9.5,98.3,8.95
2026-09-21T00:27:54Z,,0,,,,,,
2026-09-21T01:27:53Z,,0,,,,,,
2026-09-21T01:48:46Z,525,,7.5,77.5,6.2,8.1,99.3,8.26
2026-09-21T02:27:54Z,,0,,,,,,
2026-09-21T03:27:53Z,,0,,,,,,
2026-09-21T03:49:09Z,525,,7.4,80.9,6.43,7.7,100,8.11
2026-09-21T04:27:53Z,,0,,,,,,
2026-09-21T05:27:54Z,,0,,,,,,
2026-09-21T05:48:47Z,525,,8.6,84.9,7.29,9.2,100,8.93
2026-09-21T06:27:54Z,,0,,,,,,
2026-09-21T07:27:54Z,,0,,,,,,
2026-09-21T07:48:32Z,1620,,14.5,89.1,11.08,13.1,97.3,11.1
2026-09-21T08:27:53Z,,7e-05,,,,,,
2026-09-21T09:27:53Z,,0.00013,,,,,,
2026-09-21T09:47:47Z,2745,,23.7,61.4,13.13,17,77,11.14
2026-09-21T10:27:54Z,,0,,,,,,
2026-09-21T11:27:53Z,,0,,,,,,
2026-09-21T11:48:24Z,1155,,24.9,41.3,9.46,15.5,78.4,10.36
2026-09-21T12:27:54Z,,0,,,,,,
2026-09-21T13:27:53Z,,0,,,,,,
2026-09-21T13:47:54Z,720,,20.2,50.1,8.76,14.4,85.2,10.53
2026-09-21T14:27:54Z,,0,,,,,,
2026-09-21T15:27:53Z,,0,,,,,,
2026-09-21T15:48:15Z,585,,15.9,62.8,8.5,13.5,88.6,10.36
2026-09-21T16:27:53Z,,0,,,,,,
2026-09-21T17:27:54Z,,0,,,,,,
2026-09-21T17:48:51Z,525,,9.9,66.6,6.22,9.9,94.7,8.84
2026-09-21T18:27:54Z,,0,,,,,,
2026-09-21T19:27:53Z,,0,,,,,,
2026-09-21T19:49:12Z,525,,7.3,75.3,5.95,8.6,98.8,8.49
2026-09-21T20:27:54Z,,0,,,,,,
2026-09-21T21:27:53Z,,0,,,,,,
2026-09-21T21:48:32Z,525,,7.5,81.2,6.5,8.3,100,8.43
2026-09-21T22:27:53Z,,0,,,,,,
2026-09-21T23:27:53Z,,0,,,,,,
2026-09-21T23:47:57Z,750,,7.6,88.1,7.1,8,100,8.27
2026-09-22T00:27:54Z,,4e-05,,,,,,
2026-09-22T01:27:53Z,,7e-05,,,,,,
2026-09-22T01:47:49Z,780,,7.8,84,6.85,7.4,100,7.95
2026-09-22T02:27:53Z,,0,,,,,,
2026-09-22T03:27:54Z,,0,,,,,,
2026-09-22T03:48:27Z,900,,7,86.5,6.7,6.7,100,7.6
2026-09-22T04:27:54Z,,2e-05,,,,,,
2026-09-22T05:27:54Z,,4e-05,,,,,,
2026-09-22T05:48:58Z,1215,,8.2,93.8,7.85,8.2,100,8.37
2026-09-22T06:27:54Z,,0.00014,,,,,,
2026-09-22T07:27:54Z,,0.00024,,,,,,
2026-09-22T07:49:32Z,2115,,12.8,100,11.2,14.1,83.8,10.17
2026-09-22T08:27:53Z,,0.00056,,,,,,
2026-09-22T09:27:54Z,,0.00089,,,,,,
2026-09-22T09:49:12Z,2280,,20.4,52.5,9.29,14.2,67.6,8.25
2026-09-22T10:27:54Z,,0.00055,,,,,,
2026-09-22T11:27:53Z,,0.00022,,,,,,
2026-09-22T11:49:59Z,1905,,23.2,40.1,8.34,13.3,68.7,7.93
2026-09-22T12:27:54Z,,0,,,,,,
2026-09-22T13:27:54Z,,0,,,,,,
2026-09-22T13:50:26Z,1320,,22.4,36.7,7.29,13.4,66.2,7.69
2026-09-22T14:27:54Z,,0,,,,,,
2026-09-22T15:27:54Z,,0,,,,,,
2026-09-22T15:49:50Z,540,,16.6,41.1,5.8,12.5,66.8,7.34
2026-09-22T16:27:53Z,,0,,,,,,
2026-09-22T17:27:53Z,,0,,,,,,
2026-09-22T17:49:27Z,525,,9.5,50.8,4.62,9.2,79.2,7.07
2026-09-22T18:27:54Z,,0,,,,,,
2026-09-22T19:27:53Z,,0,,,,,,
2026-09-22T19:50:03Z,510,,6.6,59.8,4.51,7.2,86.8,6.81
2026-09-22T20:27:53Z,,0,,,,,,
2026-09-22T21:27:53Z,,0,,,,,,
2026-09-22T21:50:38Z,525,,5.6,68.8,4.86,6.2,91.1,6.7
2026-09-22T22:27:53Z,,0,,,,,,
2026-09-22T23:27:53Z,,0,,,,,,
2026-09-22T23:50:25Z,570,,5.5,81,5.69,6.2,93.5,6.88
2026-09-23T00:27:54Z,,0,,,,,,
2026-09-23T01:27:53Z,,0,,,,,,
2026-09-23T01:51:01Z,945,,6.2,85.2,6.27,6.5,93.9,7.04
2026-09-23T02:27:53Z,,0,,,,,,
2026-09-23T03:27:53Z,,0,,,,,,
2026-09-23T03:51:31Z,975,,6.7,84.3,6.41,6.5,95.2,7.14
2026-09-23T04:27:53Z,,0,,,,,,
2026-09-23T05:27:54Z,,0,,,,,,
2026-09-23T05:50:51Z,1155,,7.5,88.4,7.07,7.2,97.2,7.63
2026-09-23T06:27:53Z,,4e-05,,,,,,
2026-09-23T07:27:53Z,,7e-05,,,,,,
2026-09-23T07:51:17Z,1605,,10.4,84.2,8.11,9.3,89.9,8.08
2026-09-23T08:27:53Z,,0,,,,,,
2026-09-23T09:27:53Z,,0,,,,,,
2026-09-23T09:50:58Z,1380,,11.4,81.2,8.33,9.5,95.4,8.68
2026-09-23T10:27:54Z,,0,,,,,,
2026-09-23T11:27:53Z,,0,,,,,,
2026-09-23T11:51:55Z,1245,,12.3,81,8.79,10.1,99.5,9.41
2026-09-23T12:27:54Z,,0,,,,,,
2026-09-23T13:27:54Z,,0,,,,,,
2026-09-23T13:51:31Z,1230,,12.4,81.8,8.93,10.3,100,9.57
2026-09-23T14:27:53Z,,0,,,,,,
2026-09-23T15:27:54Z,,0,,,,,,
2026-09-23T15:51:24Z,1230,,12.1,83.1,8.91,10.3,100,9.57
2026-09-23T16:27:53Z,,0,,,,,,
2026-09-23T17:27:53Z,,0,,,,,,
2026-09-23T17:51:04Z,1215,,11.9,84.5,8.95,10.3,100,9.57
2026-09-23T18:27:53Z,,0,,,,,,
2026-09-23T19:27:53Z,,0,,,,,,
2026-09-23T19:50:28Z,1275,,12,86.1,9.17,10.5,100,9.7
2026-09-23T20:27:53Z,,2e-05,,,,,,
2026-09-23T21:27:53Z,,4e-05,,,,,,
2026-09-23T21:49:42Z,1260,,11.8,86.5,9.1,10.5,100,9.7
2026-09-23T22:27:54Z,,7e-05,,,,,,
2026-09-23T23:27:53Z,,0.0001,,,,,,
2026-09-23T23:49:07Z,1245,,11.1,87.6,8.82,10,100,9.39
2026-09-24T00:27:54Z,,0.00014,,,,,,
2026-09-24T01:27:53Z,,0.00018,,,,,,
2026-09-24T01:49:46Z,1350,,11.1,88.3,8.89,9.9,100,9.33
2026-09-24T02:27:54Z,,0.00023,,,,,,
2026-09-24T03:27:54Z,,0.00027,,,,,,
2026-09-24T03:50:31Z,1350,,11,88,8.81,9.6,100,9.16
2026-09-24T04:27:53Z,,0.00032,,,,,,
2026-09-24T05:27:53Z,,0.00036,,,,,,
2026-09-24T05:50:27Z,1590,,11.5,91.1,9.41,10,100,9.39
2026-09-24T06:27:53Z,,0.00044,,,,,,
2026-09-24T07:27:54Z,,0.00052,,,,,,
2026-09-24T07:49:57Z,1785,,13.6,90.1,10.6,11.6,100,10.39
2026-09-24T08:27:53Z,,0.0006,,,,,,
2026-09-24T09:27:54Z,,0.00068,,,,,,
2026-09-24T09:49:47Z,1845,,17.8,74.5,11.3,13.5,92.6,10.83
2026-09-24T10:27:53Z,,0.00035,,,,,,
2026-09-24T11:27:53Z,,1e-05,,,,,,
2026-09-24T11:50:26Z,1095,,17.8,62,9.41,13.2,89.9,10.32
2026-09-24T12:27:54Z,,0,,,,,,
2026-09-24T13:27:53Z,,0,,,,,,
2026-09-24T13:50:31Z,1050,,13.8,76.5,9.11,11.8,96,10.1
2026-09-24T14:27:54Z,,0,,,,,,
2026-09-24T15:27:54Z,,0,,,,,,
2026-09-24T15:51:04Z,1125,,12.2,82.6,8.91,11.1,96.5,9.72
2026-09-24T16:27:54Z,,0,,,,,,
2026-09-24T17:27:53Z,,0,,,,,,
2026-09-24T17:50:17Z,1185,,11.5,86.4,8.92,10.5,99,9.6
2026-09-24T18:27:53Z,,3e-05,,,,,,
2026-09-24T19:27:53Z,,5e-05,,,,,,
2026-09-24T19:49:43Z,1515,,11.7,90.3,9.44,10.3,100,9.57
2026-09-24T20:27:53Z,,0.00012,,,,,,
2026-09-24T21:27:53Z,,0.0002,,,,,,
2026-09-24T21:50:29Z,1575,,12.2,92.3,9.96,11,100,10.01
2026-09-24T22:27:54Z,,0.0003,,,,,,
2026-09-24T23:27:53Z,,0.0004,,,,,,
2026-09-24T23:50:57Z,1575,,12.7,92.2,10.26,11.5,100,10.33
2026-09-25T00:27:54Z,,0.0005,,,,,,
2026-09-25T01:27:54Z,,0.00061,,,,,,
2026-09-25T01:50:47Z,1620,,13,91.7,10.4,11.6,100,10.39
2026-09-25T02:27:53Z,,0.00071,,,,,,
2026-09-25T03:27:53Z,,0.0008,,,,,,
2026-09-25T03:51:32Z,1620,,12.8,91.1,10.2,11.2,100,10.13
2026-09-25T04:27:53Z,,0.00089,,,,,,
2026-09-25T05:27:53Z,,0.00098,,,,,,
2026-09-25T05:51:28Z,1680,,12.9,91.3,10.29,11.2,100,10.13
2026-09-25T06:27:54Z,,0.00107,,,,,,
2026-09-25T07:27:53Z,,0.00116,,,,,,
2026-09-25T07:51:26Z,1650,,13.4,88.2,10.25,11.3,100,10.2
2026-09-25T08:27:54Z,,0.00121,,,,,,
2026-09-25T09:27:54Z,,0.00127,,,,,,
2026-09-25T09:51:25Z,1485,,13.6,85.9,10.11,11.6,100,10.39
2026-09-25T10:27:53Z,,0.00129,,,,,,
2026-09-25T11:27:54Z,,0.00131,,,,,,
2026-09-25T11:51:40Z,1455,,13.9,85.1,10.2,11.6,100,10.39
2026-09-25T12:27:54Z,,0.00131,,,,,,
2026-09-25T13:27:53Z,,0.00131,,,,,,
2026-09-25T13:51:07Z,1395,,13.5,85.1,9.95,11.6,100,10.39
2026-09-25T14:27:53Z,,0.00131,,,,,,
2026-09-25T15:27:53Z,,0.00132,,,,,,
2026-09-25T15:51:04Z,1320,,12.9,86.1,9.7,11.4,100,10.26
2026-09-25T16:27:54Z,,0.00134,,,,,,
2026-09-25T17:27:54Z,,0.00136,,,,,,
2026-09-25T17:50:37Z,1260,,12.7,86.8,9.66,11.5,100,10.33
2026-09-25T18:27:53Z,,0.0014,,,,,,
2026-09-25T19:27:53Z,,0.00143,,,,,,
2026-09-25T19:51:05Z,1395,,12.6,87.4,9.67,11.1,100,10.07
2026-09-25T20:27:53Z,,0.00147,,,,,,
2026-09-25T21:27:53Z,,0.00151,,,,,,
2026-09-25T21:50:46Z,1395,,12.5,88.1,9.68,11.1,100,10.07
2026-09-25T22:27:53Z,,0.00156,,,,,,
2026-09-25T23:27:53Z,,0.00161,,,,,,
2026-09-25T23:50:33Z,1395,,12.4,88.8,9.7,11.1,100,10.07
2026-09-26T00:27:54Z,,0.00167,,,,,,
2026-09-26T01:27:53Z,,0.00172,,,,,,
2026-09-26T01:50:21Z,1380,,12.6,90,9.95,11.5,100,10.33
2026-09-26T02:27:53Z,,0.0018,,,,,,
2026-09-26T03:27:53Z,,0.00187,,,,,,
2026-09-26T03:50:15Z,1410,,12.9,91.1,10.26,11.9,100,10.59
2026-09-26T04:27:54Z,,0.00196,,,,,,
2026-09-26T05:27:53Z,,0.00204,,,,,,
2026-09-26T05:49:32Z,1575,,13.4,92.4,10.74,12.2,100,10.79
2026-09-26T06:27:54Z,,0.00216,,,,,,
2026-09-26T07:27:53Z,,0.00227,,,,,,
2026-09-26T07:50:08Z,1785,,15,91.9,11.78,13.2,100,11.48
2026-09-26T08:27:54Z,,0.00238,,,,,,
2026-09-26T09:27:54Z,,0.00249,,,,,,
2026-09-26T09:49:36Z,1650,,15.1,89,11.48,13.1,100,11.41
2026-09-26T10:27:54Z,,0.00256,,,,,,
2026-09-26T11:27:54Z,,0.00262,,,,,,
2026-09-26T11:49:48Z,1485,,15.4,85.7,11.26,13.2,100,11.48
2026-09-26T12:27:54Z,,0.00264,,,,,,
2026-09-26T13:27:53Z,,0.00266,,,,,,
2026-09-26T13:50:36Z,1380,,14.5,87.4,10.87,13,100,11.34
2026-09-26T14:27:53Z,,0.0027,,,,,,
2026-09-26T15:27:53Z,,0.00275,,,,,,
2026-09-26T15:50:41Z,1320,,14,89.3,10.77,13,100,11.34
2026-09-26T16:27:53Z,,0.00282,,,,,,
2026-09-26T17:27:54Z,,0.00289,,,,,,
2026-09-26T17:50:41Z,1395,,13.9,90.5,10.84,12.9,100,11.27
2026-09-26T18:27:53Z,,0.00297,,,,,,
2026-09-26T19:27:54Z,,0.00305,,,,,,
2026-09-26T19:50:57Z,1395,,13.6,90.9,10.69,12.6,100,11.06
2026-09-26T20:27:53Z,,0.00314,,,,,,
2026-09-26T21:27:53Z,,0.00323,,,,,,
2026-09-26T21:50:38Z,1425,,13.3,89.5,10.34,11.9,100,10.59
2026-09-26T22:27:53Z,,0.0033,,,,,,
2026-09-26T23:27:53Z,,0.00337,,,,,,
2026-09-26T23:51:20Z,1440,,12.4,90,9.83,11.1,100,10.07
2026-09-27T00:27:53Z,,0.00344,,,,,,
2026-09-27T01:27:53Z,,0.00351,,,,,,
2026-09-27T01:51:13Z,1230,,10.1,85,8.04,8.7,100,8.65
2026-09-27T02:27:53Z,,0.00351,,,,,,
2026-09-27T03:27:53Z,,0.00351,,,,,,
2026-09-27T03:50:45Z,1125,,8.2,86.2,7.22,7.2,100,7.85
2026-09-27T04:27:53Z,,0.00353,,,,,,
2026-09-27T05:27:53Z,,0.00355,,,,,,
2026-09-27T05:50:36Z,1125,,8.5,94.3,8.05,9,100,8.81
2026-09-27T06:27:53Z,,0.00365,,,,,,
2026-09-27T07:27:53Z,,0.00376,,,,,,
2026-09-27T07:50:51Z,1545,,13,100,11.34,14.1,94,11.4
2026-09-27T08:27:54Z,,0.00409,,,,,,
2026-09-27T09:27:53Z,,0.00442,,,,,,
2026-09-27T09:50:53Z,2400,,20.2,66.9,11.7,15.3,77.6,10.13
2026-09-27T10:27:53Z,,0.00409,,,,,,
2026-09-27T11:27:53Z,,0.00375,,,,,,
2026-09-27T11:51:00Z,1965,,23,50.3,10.34,14.4,78.1,9.65
2026-09-27T12:27:54Z,,0.00342,,,,,,
2026-09-27T13:27:53Z,,0.00309,,,,,,
2026-09-27T13:51:25Z,1080,,22,43.5,8.44,14.3,75.7,9.3
2026-09-27T14:27:53Z,,0.00275,,,,,,
2026-09-27T15:27:54Z,,0.00275,,,,,,
2026-09-27T15:50:53Z,540,,16.3,51.3,7.11,12.8,83.8,9.38
2026-09-27T16:27:53Z,,0.00275,,,,,,
2026-09-27T17:27:54Z,,0.00275,,,,,,
2026-09-27T17:51:34Z,525,,9,59.7,5.26,9.2,94.5,8.44
2026-09-27T18:27:53Z,,0.00275,,,,,,
2026-09-27T19:27:53Z,,0.00275,,,,,,
2026-09-27T19:51:03Z,525,,6.8,66.6,5.09,7.5,99,7.92
2026-09-27T20:27:53Z,,0.00275,,,,,,
2026-09-27T21:27:53Z,,0.00275,,,,,,
2026-09-27T21:50:32Z,525,,6.8,72.8,5.57,7.5,100,8.0
2026-09-27T22:27:53Z,,0.00275,,,,,,
2026-09-27T23:27:53Z,,0.00275,,,,,,
2026-09-27T23:49:54Z,525,,9.1,76,6.74,8.1,100,8.32
2026-09-28T00:27:54Z,,0.00275,,,,,,
2026-09-28T01:27:53Z,,0.00275,,,,,,
2026-09-28T01:49:50Z,525,,7.9,75.8,6.23,7.3,100,7.9
2026-09-28T02:27:54Z,,0.00275,,,,,,
2026-09-28T03:27:53Z,,0.00275,,,,,,
2026-09-28T03:50:25Z,525,,6.9,75.8,5.83,6.2,100,7.35
2026-09-28T04:27:54Z,,0.00275,,,,,,
2026-09-28T05:27:53Z,,0.00275,,,,,,
2026-09-28T05:49:42Z,570,,7.9,80.2,6.59,7.4,100,7.95
2026-09-28T06:27:53Z,,0.00275,,,,,,
2026-09-28T07:27:54Z,,0.00275,,,,,,
2026-09-28T07:50:09Z,1185,,12.7,94.3,10.49,13.6,95.6,11.25
2026-09-28T08:27:54Z,,0.0029,,,,,,
2026-09-28T09:27:53Z,,0.00304,,,,,,
2026-09-28T09:49:38Z,3075,,21.4,72.1,13.52,15.3,80.9,10.56
2026-09-28T10:27:54Z,,0.00271,,,,,,
2026-09-28T11:27:53Z,,0.00237,,,,,,
2026-09-28T11:48:43Z,1740,,21.9,57.3,11.06,14.3,87.9,10.79
2026-09-28T12:27:54Z,,0.00204,,,,,,
2026-09-28T13:27:54Z,,0.00171,,,,,,
2026-09-28T13:48:34Z,1395,,21.2,55.3,10.25,14.4,85.9,10.61
2026-09-28T14:27:53Z,,0.00137,,,,,,
2026-09-28T15:27:53Z,,0.00137,,,,,,
2026-09-28T15:47:59Z,540,,15.6,61.8,8.22,13.3,87.2,10.07
2026-09-28T16:27:54Z,,0.00137,,,,,,
2026-09-28T17:27:53Z,,0.00137,,,,,,
2026-09-28T17:47:17Z,540,,10.5,68.3,6.62,11.4,96.3,9.88
2026-09-28T18:27:54Z,,0.00137,,,,,,
2026-09-28T19:27:54Z,,0.00137,,,,,,
2026-09-28T19:47:38Z,525,,8.3,73.2,6.17,9.5,99.9,9.09
2026-09-28T20:27:53Z,,0.00137,,,,,,
2026-09-28T21:27:53Z,,0.00137,,,,,,
2026-09-28T21:47:23Z,525,,7.3,78.7,6.22,9.4,100,9.04
2026-09-28T22:27:53Z,,0.00137,,,,,,
2026-09-28T23:27:53Z,,0.00137,,,,,,
2026-09-28T23:46:49Z,540,,9.4,82.5,7.46,10.7,100,9.82
2026-09-29T00:27:53Z,,0.00137,,,,,,
2026-09-29T01:27:53Z,,0.00137,,,,,,
2026-09-29T01:46:48Z,540,,10.9,83.3,8.28,11.4,100,10.26
2026-09-29T02:27:54Z,,0.00137,,,,,,
2026-09-29T03:27:53Z,,0.00137,,,,,,
2026-09-29T03:46:07Z,585,,11.3,85,8.67,11.7,100,10.46
2026-09-29T04:27:53Z,,0.00137,,,,,,
2026-09-29T05:27:53Z,,0.00137,,,,,,
2026-09-29T05:46:43Z,840,,12.3,86.1,9.35,12.2,100,10.79
2026-09-29T06:27:53Z,,0.0014,,,,,,
2026-09-29T07:27:53Z,,0.00142,,,,,,
2026-09-29T07:47:10Z,1065,,14,85.1,10.26,13,100,11.34
2026-09-29T08:27:54Z,,0.00142,,,,,,
2026-09-29T09:27:55Z,,0.00142,,,,,,
2026-09-29T09:46:23Z,1365,,16,84,11.44,14.6,95.6,11.96
2026-09-29T10:27:53Z,,0.00109,,,,,,
2026-09-29T11:27:54Z,,0.00076,,,,,,
2026-09-29T11:47:09Z,1395,,17.7,77.7,11.72,15.2,93.9,12.18
2026-09-29T12:27:53Z,,0.00042,,,,,,
2026-09-29T13:27:53Z,,9e-05,,,,,,
2026-09-29T13:46:29Z,1065,,17.9,72.9,11.13,15.2,94.6,12.27
2026-09-29T14:27:54Z,,0,,,,,,
2026-09-29T15:27:54Z,,0,,,,,,
2026-09-29T15:47:00Z,930,,16.3,77.3,10.72,14.6,97.7,12.22
2026-09-29T16:27:53Z,,0,,,,,,
2026-09-29T17:27:53Z,,0,,,,,,
2026-09-29T17:47:09Z,765,,13.7,82.1,9.72,13.1,100,11.41
2026-09-29T18:27:53Z,,0,,,,,,
2026-09-29T19:27:53Z,,0,,,,,,
2026-09-29T19:46:19Z,735,,11.5,85.8,8.86,11.8,100,10.52
2026-09-29T20:27:54Z,,2e-05,,,,,,
2026-09-29T21:27:54Z,,3e-05,,,,,,
2026-09-29T21:45:43Z,975,,11,90.5,9.06,11.3,100,10.2
2026-09-29T22:27:54Z,,0.0001,,,,,,
2026-09-29T23:27:54Z,,0.00018,,,,,,
2026-09-29T23:44:56Z,1020,,10.5,87.4,8.47,10,100,9.39
2026-09-30T00:27:54Z,,0.00021,,,,,,
2026-09-30T01:27:54Z,,0.00025,,,,,,
2026-09-30T01:44:19Z,1050,,9,86.3,7.61,8.3,100,8.43
2026-09-30T02:27:54Z,,0.00027,,,,,,
2026-09-30T03:27:53Z,,0.00029,,,,,,
2026-09-30T03:45:08Z,975,,7.7,86,6.97,7.1,100,7.8
2026-09-30T04:27:54Z,,0.0003,,,,,,
2026-09-30T05:27:53Z,,0.00032,,,,,,
2026-09-30T05:45:32Z,1215,,8,90.8,7.51,7.5,100,8.0
2026-09-30T06:27:54Z,,0.00038,,,,,,
2026-09-30T07:27:53Z,,0.00044,,,,,,
2026-09-30T07:44:59Z,1665,,12.6,100,11.06,13.7,92.4,10.94
2026-09-30T08:27:54Z,,0.00076,,,,,,
2026-09-30T09:27:54Z,,0.00108,,,,,,
2026-09-30T09:45:21Z,3270,,20.1,78.4,13.63,15.4,77.4,10.17
2026-09-30T10:27:54Z,,0.00075,,,,,,
2026-09-30T11:27:53Z,,0.00042,,,,,,
2026-09-30T11:45:23Z,3225,,24.6,52.4,11.8,14.4,72.6,8.97
2026-09-30T12:27:54Z,,8e-05,,,,,,
2026-09-30T13:27:53Z,,0,,,,,,
2026-09-30T13:44:49Z,1950,,23.6,43.5,9.25,14.4,70,8.65
2026-09-30T14:27:54Z,,0,,,,,,
2026-09-30T15:27:54Z,,0,,,,,,
2026-09-30T15:45:20Z,705,,17.2,52.9,7.74,13,81.1,9.19
2026-09-30T16:27:53Z,,0,,,,,,
2026-09-30T17:27:53Z,,0,,,,,,
2026-09-30T17:45:13Z,525,,9.4,61.1,5.52,9.1,91.9,8.15
2026-09-30T18:27:53Z,,0,,,,,,
2026-09-30T19:27:54Z,,0,,,,,,
2026-09-30T19:45:24Z,480,,5.8,67.7,4.85,6.8,96.5,7.38
2026-09-30T20:27:54Z,,0,,,,,,
2026-09-30T21:27:53Z,,0,,,,,,
2026-09-30T21:44:45Z,465,,3.9,70.1,4.43,4.8,99.6,6.68
2026-09-30T22:27:53Z,,0,,,,,,
2026-09-30T23:27:54Z,,0,,,,,,
2026-09-30T23:45:26Z,465,,3.2,71.2,4.29,4,100,6.36
2026-10-01T00:27:54Z,,0,,,,,,
2026-10-01T01:27:53Z,,0,,,,,,
2026-10-01T01:45:45Z,450,,3,72.7,4.32,3.6,100,6.19
2026-10-01T02:27:54Z,,0,,,,,,
2026-10-01T03:27:54Z,,0,,,,,,
2026-10-01T03:45:14Z,510,,3.4,74.3,4.54,3.6,100,6.19
2026-10-01T04:27:53Z,,0,,,,,,
2026-10-01T05:27:53Z,,0,,,,,,
2026-10-01T05:45:43Z,525,,3.6,77.4,4.79,4.8,100,6.71
2026-10-01T06:27:54Z,,0,,,,,,
2026-10-01T07:27:54Z,,0,,,,,,
2026-10-01T07:45:30Z,525,,9.2,91.5,8.17,11.7,98,10.25
2026-10-01T08:27:53Z,,7e-05,,,,,,
2026-10-01T09:27:54Z,,0.00015,,,,,,
2026-10-01T09:45:28Z,3285,,19.4,88.3,14.73,16.2,74.6,10.28
2026-10-01T10:27:53Z,,0.00022,,,,,,
2026-10-01T11:27:54Z,,0.00029,,,,,,
2026-10-01T11:44:54Z,2355,,24.7,51,11.55,15.3,77.6,10.13
2026-10-01T12:27:54Z,,0,,,,,,
2026-10-01T13:27:53Z,,0,,,,,,
2026-10-01T13:45:21Z,1485,,23,47.8,9.83,14.6,80.6,10.08
2026-10-01T14:27:54Z,,0,,,,,,
2026-10-01T15:27:54Z,,0,,,,,,
2026-10-01T15:45:20Z,540,,18.1,53.5,8.26,13.6,89.6,10.54
2026-10-01T16:27:53Z,,0,,,,,,
2026-10-01T17:27:53Z,,0,,,,,,
2026-10-01T17:44:46Z,540,,11.7,61.5,6.43,11.3,95.3,9.72
2026-10-01T18:27:53Z,,0,,,,,,
2026-10-01T19:27:53Z,,0,,,,,,
2026-10-01T19:44:13Z,540,,11.8,70.1,7.38,11.2,100,10.13
2026-10-01T20:27:53Z,,0,,,,,,
2026-10-01T21:27:53Z,,0,,,,,,
2026-10-01T21:44:54Z,525,,12,73.3,7.81,11,100,10.01
2026-10-01T22:27:54Z,,0,,,,,,
2026-10-01T23:27:53Z,,0,,,,,,
2026-10-01T23:45:17Z,525,,11.5,76.2,7.87,10.8,100,9.88
2026-10-02T00:27:54Z,,0,,,,,,
2026-10-02T01:27:53Z,,0,,,,,,
2026-10-02T01:44:58Z,540,,11.5,78.3,8.08,10.7,100,9.82
2026-10-02T02:27:54Z,,0,,,,,,
2026-10-02T03:27:53Z,,0,,,,,,
2026-10-02T03:44:31Z,765,,11.7,79.3,8.29,10.5,100,9.7
2026-10-02T04:27:54Z,,0,,,,,,
2026-10-02T05:27:53Z,,0,,,,,,
2026-10-02T05:44:49Z,990,,12,80.5,8.58,10.4,100,9.63
2026-10-02T06:27:54Z,,0,,,,,,
2026-10-02T07:27:53Z,,0,,,,,,
2026-10-02T07:45:07Z,1290,,14,80.6,9.72,11.7,98.9,10.34
2026-10-02T08:27:54Z,,0,,,,,,
2026-10-02T09:27:54Z,,0,,,,,,
2026-10-02T09:44:27Z,1650,,17.6,69,10.35,13.2,90,10.33
2026-10-02T10:27:54Z,,0,,,,,,
2026-10-02T11:27:54Z,,0,,,,,,
2026-10-02T11:45:07Z,1725,,20.5,59.3,10.55,14.4,83.8,10.35
2026-10-02T12:27:53Z,,0,,,,,,
2026-10-02T13:27:54Z,,0,,,,,,
2026-10-02T13:45:14Z,1065,,18.8,60.4,9.72,13.7,90.6,10.72
2026-10-02T14:27:54Z,,0,,,,,,
2026-10-02T15:27:53Z,,0,,,,,,
2026-10-02T15:44:48Z,660,,15.7,66.6,8.91,12.8,96,10.75
2026-10-02T16:27:54Z,,0,,,,,,
2026-10-02T17:27:53Z,,0,,,,,,
2026-10-02T17:45:26Z,540,,13.8,71.8,8.55,12.2,97,10.46
2026-10-02T18:27:53Z,,0,,,,,,
2026-10-02T19:27:54Z,,0,,,,,,
2026-10-02T19:46:11Z,660,,13.1,74.2,8.46,11.6,97.8,10.16
2026-10-02T20:27:53Z,,0,,,,,,
2026-10-02T21:27:54Z,,0,,,,,,
2026-10-02T21:45:32Z,705,,12.6,76.6,8.47,11.1,100,10.07
2026-10-02T22:27:53Z,,0,,,,,,
2026-10-02T23:27:54Z,,0,,,,,,
2026-10-02T23:46:01Z,705,,12.4,77.9,8.51,11.2,100,10.13
2026-10-03T00:27:54Z,,0,,,,,,
2026-10-03T01:27:53Z,,0,,,,,,
2026-10-03T01:45:59Z,645,,12.1,78.8,8.45,11.3,99.9,10.19
2026-10-03T02:27:54Z,,0,,,,,,
2026-10-03T03:27:53Z,,0,,,,,,
2026-10-03T03:46:26Z,720,,11.7,79.8,8.34,10.8,99.9,9.87
2026-10-03T04:27:53Z,,0,,,,,,
2026-10-03T05:27:53Z,,0,,,,,,
2026-10-03T05:46:10Z,990,,12.1,80.2,8.6,10.4,100,9.63
2026-10-03T06:27:53Z,,0,,,,,,
2026-10-03T07:27:54Z,,0,,,,,,
2026-10-03T07:45:23Z,1320,,13.3,78.7,9.09,10.3,100,9.57
2026-10-03T08:27:53Z,,0,,,,,,
2026-10-03T09:27:54Z,,0,,,,,,
2026-10-03T09:45:52Z,1560,,15.9,73.5,9.95,11.5,97.3,10.05
2026-10-03T10:27:54Z,,0,,,,,,
2026-10-03T11:27:54Z,,0,,,,,,
2026-10-03T11:45:46Z,1140,,15.5,73,9.65,11.8,100,10.52
