timestamp,rpm,mold_index,indoor_temp_c,indoor_rh_pct,indoor_abs_humidity_g_m3,outdoor_temp_c,outdoor_rh_pct,outdoor_abs_humidity_g_m3
2025-05-13T16:13:23Z,1110,,,,,,,
2025-05-13T17:13:15Z,1095,,,,,,,
2025-05-13T18:12:48Z,1095,,,,,,,
2025-05-13T19:12:57Z,1080,,,,,,,
2025-05-13T20:23:48Z,480,,10.5,59.1,5.73,,100,
2025-05-13T22:23:22Z,495,,9.6,64.5,5.91,,100,
2025-05-14T00:23:46Z,495,,8.9,70.8,6.2,,100,
2025-05-14T02:23:56Z,495,,7.8,75.1,6.13,,100,
2025-05-14T04:23:10Z,480,,7.8,74.6,6.09,,100,
2025-05-14T06:23:31Z,480,,6.4,69.5,5.18,,100,
2025-05-14T08:23:19Z,495,,9.4,43.7,3.95,,100,
2025-05-14T10:24:04Z,495,,10.2,33.6,3.2,,100,
2025-05-14T12:24:20Z,510,,9.6,37,3.39,,100,
2025-05-14T14:23:28Z,495,,7,53.5,4.15,,100,
2025-05-14T16:22:56Z,495,,6.2,65.2,4.79,,100,
2025-05-14T18:22:42Z,480,,4.7,73.7,4.91,,100,
2025-05-14T20:23:23Z,480,,3.6,81.1,5.02,,100,
2025-05-14T22:23:33Z,480,,3.2,82.6,4.98,,100,
2025-05-15T00:23:49Z,480,,3.3,87.3,5.3,,100,
2025-05-15T02:23:46Z,480,,4.5,88.6,5.83,,100,
2025-05-15T04:24:07Z,495,,6.5,87.4,6.55,,100,
2025-05-15T06:24:29Z,495,,8.3,77,6.49,,100,
2025-05-15T08:24:59Z,495,,9.4,74.1,6.7,,100,
2025-05-15T10:25:23Z,510,,10.4,66.9,6.45,,100,
2025-05-15T14:24:25Z,510,,12.6,54.6,6.04,,100,
2025-05-15T16:23:55Z,510,,12.2,55.8,6.02,,100,
2025-05-15T18:24:00Z,510,,10.2,64.6,6.15,,100,
2025-05-15T20:23:42Z,480,,8.9,71.4,6.25,,100,
2025-05-15T22:23:37Z,495,,8.1,76.4,6.36,,100,
2025-05-16T00:23:03Z,495,,6.8,81.7,6.25,,100,
2025-05-16T02:23:06Z,465,,6.3,86.4,6.4,,100,
2025-05-16T04:23:21Z,480,,8.8,78.1,6.8,,100,
2025-05-16T06:23:14Z,495,,16,53.4,7.27,,100,
2025-05-16T08:23:13Z,570,,19.7,38.8,6.59,,100,
2025-05-16T10:22:30Z,600,,19,39.9,6.5,,100,
2025-05-16T12:22:41Z,585,,17.9,41.4,6.32,,100,
2025-05-16T14:22:44Z,600,,18,39.6,6.08,,100,
2025-05-16T16:23:26Z,585,,17.7,38.3,5.78,,100,
2025-05-16T18:23:19Z,495,,16.6,41.3,5.83,,100,
2025-05-16T20:22:41Z,495,,10.6,67.5,6.59,,100,
2025-05-16T22:22:09Z,495,,8.8,74,6.44,,100,
2025-05-17T00:22:41Z,495,,7.5,81.6,6.53,,100,
2025-05-17T02:22:21Z,495,,7.1,84.9,6.62,,100,
2025-05-17T04:22:36Z,495,,7.2,87.2,6.84,,100,
2025-05-17T06:23:20Z,480,,8.6,87.2,7.49,,100,
2025-05-17T08:23:49Z,510,,14.8,59.3,7.51,,100,
2025-05-17T12:24:07Z,585,,15.9,50.3,6.81,,100,
2025-05-17T14:23:25Z,585,,13.3,56.6,6.54,,100,
2025-05-17T16:23:37Z,570,,11.8,59.6,6.27,,100,
2025-05-17T18:24:08Z,495,,11.4,65.8,6.75,,100,
2025-05-17T20:24:52Z,495,,9.3,72.8,6.54,,100,
2025-05-17T22:24:28Z,480,,7.2,80.5,6.32,,100,
2025-05-18T00:23:34Z,480,,6.7,85.4,6.49,,100,
2025-05-18T02:23:38Z,480,,6.5,89.6,6.72,,100,
2025-05-18T04:24:09Z,480,,8.5,84.9,7.25,,100,
2025-05-18T06:24:46Z,480,,11.5,74.8,7.72,,100,
2025-05-18T08:24:35Z,510,,14.1,60.4,7.33,,100,
2025-05-18T10:25:04Z,570,,16.5,49.3,6.92,,100,
2025-05-18T12:25:29Z,570,,18.2,43.2,6.71,,100,
2025-05-18T14:26:06Z,585,,18.3,41,6.41,,100,
2025-05-18T16:25:57Z,570,,18.2,40.7,6.32,,100,
2025-05-18T18:26:20Z,495,,17.7,45.8,6.91,,100,
2025-05-18T20:26:55Z,495,,15.8,50.8,6.84,,100,
2025-05-18T22:27:20Z,495,,13.2,56,6.43,,100,
2025-05-19T00:27:36Z,495,,11.6,63,6.55,,100,
2025-05-19T02:27:08Z,480,,10.2,65.8,6.26,,100,
2025-05-19T04:27:36Z,495,,14.7,53.6,6.75,,100,
2025-05-19T06:27:10Z,510,,21.2,39.3,7.28,,100,
2025-05-19T08:27:54Z,585,,23.4,31.6,6.65,,100,
2025-05-19T10:27:26Z,660,,22.1,30.5,5.95,,100,
2025-05-19T12:27:24Z,585,,17.2,37,5.42,,100,
2025-05-19T14:27:49Z,585,,16.1,39.7,5.44,,100,
2025-05-19T16:27:24Z,585,,16.5,42.3,5.94,,100,
2025-05-19T18:27:57Z,495,,15.8,46.1,6.2,,100,
2025-05-19T20:27:19Z,495,,11.3,57.3,5.84,,100,
2025-05-19T22:28:08Z,480,,8.8,56.2,4.89,,100,
2025-05-20T00:28:18Z,480,,8.1,55.9,4.65,,100,
2025-05-20T02:28:04Z,480,,6.1,64.8,4.73,,100,
2025-05-20T04:28:53Z,480,,13.8,50.8,6.05,,100,
2025-05-20T06:29:39Z,510,,20.2,37.2,6.5,,100,
2025-05-20T08:29:25Z,585,,21.8,32.5,6.24,,100,
2025-05-20T10:29:52Z,570,,20.6,30,5.37,,100,
2025-05-20T12:29:36Z,570,,18,37.5,5.76,,100,
2025-05-20T14:29:11Z,570,,16.9,32.7,4.7,,100,
2025-05-20T16:29:24Z,495,,15.4,28.3,3.72,,100,
2025-05-20T18:29:50Z,495,,12.7,36.6,4.07,,100,
2025-05-20T20:29:42Z,495,,9.6,41.3,3.78,,100,
2025-05-20T22:29:40Z,495,,6,49.3,3.58,,100,
2025-05-21T00:30:28Z,480,,4.6,54.2,3.59,,100,
2025-05-21T02:30:53Z,465,,4,59.1,3.76,,100,
2025-05-21T04:30:26Z,480,,11.7,43,4.5,,100,
2025-05-21T06:30:27Z,510,,19.7,29.2,4.96,,100,
2025-05-21T08:30:20Z,585,,19.2,27.3,4.5,,100,
2025-05-21T10:30:56Z,540,,,100,,14.2,34.5,4.21
2025-05-21T12:30:49Z,525,,,100,,14.8,34.3,4.34
2025-05-21T14:30:31Z,3210,,,100,,14.9,34.5,4.4
2025-05-21T16:31:11Z,3180,,,100,,12.9,39.2,4.42
2025-05-21T18:30:49Z,3165,,,100,,9.3,55.3,4.97
2025-05-21T20:30:15Z,3165,,,100,,8.4,61.2,5.19
2025-05-21T22:30:11Z,3150,,,100,,8.8,51.4,4.47
2025-05-22T00:29:37Z,3180,,,100,,10,48.9,4.59
2025-05-22T02:30:09Z,3180,,,100,,9.4,59.5,5.38
2025-05-22T04:30:35Z,3195,,,100,,10.9,56.6,5.63
2025-05-22T06:30:05Z,3210,,,100,,13.8,55.5,6.61
2025-05-22T08:30:05Z,3225,,,100,,12.5,61.7,6.78
2025-05-22T10:29:58Z,3210,,,100,,15,50.9,6.52
2025-05-22T12:29:59Z,3225,,,100,,14,58.6,7.07
2025-05-22T14:29:32Z,3225,,,100,,14.7,55.4,6.97
2025-05-22T16:29:36Z,3195,,,100,,14.9,51.6,6.57
2025-05-22T18:29:59Z,3180,,,100,,13.3,58.5,6.76
2025-05-22T20:29:22Z,3135,,,100,,11,67.4,6.74
2025-05-22T22:29:17Z,3180,,,100,,10.1,72.8,6.88
2025-05-23T00:29:27Z,3135,,,100,,10.6,78.3,7.64
2025-05-23T02:29:24Z,3150,,,100,,11,83.6,8.37
2025-05-23T04:30:07Z,3165,,,100,,10.9,91.5,9.1
2025-05-23T06:30:40Z,3180,,,100,,10,89.4,8.4
2025-05-23T08:31:10Z,3165,,,100,,10.2,89.3,8.5
2025-05-23T10:30:41Z,3120,,,100,,10,88.5,8.31
2025-05-23T12:30:18Z,3150,,,100,,9.9,83.7,7.81
2025-05-23T14:30:22Z,3195,,,100,,11.5,69.9,7.22
2025-05-23T16:29:55Z,3135,,,100,,11.1,63.9,6.43
2025-05-23T18:30:15Z,3165,,,100,,9.6,70.1,6.42
2025-05-23T20:29:47Z,3195,,,100,,7.4,77,6.12
2025-05-23T22:29:45Z,3135,,,100,,5.1,82.9,5.67
2025-05-24T00:30:27Z,3135,,,100,,3.9,86.8,5.48
2025-05-24T02:30:02Z,3150,,,100,,4.1,89.5,5.73
2025-05-24T04:30:03Z,3135,,,100,,8,85.6,7.08
2025-05-24T06:30:52Z,3150,,,100,,12.2,55.2,5.95
2025-05-24T08:30:47Z,3165,,,100,,11.7,55.6,5.81
2025-05-24T10:31:26Z,3195,,,100,,14.3,39.5,4.85
2025-05-24T12:31:12Z,3225,,,100,,12.7,44.3,4.93
2025-05-24T14:31:29Z,3165,,,100,,12.7,44.8,4.99
2025-05-24T16:31:50Z,3195,,,100,,11.6,48.1,5.0
2025-05-24T18:32:18Z,3165,,,100,,9.5,70.1,6.38
2025-05-24T20:32:44Z,3150,,,100,,8,73.6,6.08
2025-05-24T22:33:07Z,3105,,,100,,7.2,80.2,6.29
2025-05-25T00:32:40Z,3105,,,100,,6.8,82.6,6.32
2025-05-25T02:32:38Z,3135,,,100,,6.2,85.2,6.27
2025-05-25T04:32:16Z,3150,,,100,,6.8,85,6.5
2025-05-25T06:31:47Z,3195,,,100,,8.7,81.6,7.06
2025-05-25T08:31:39Z,3225,,,100,,17.2,46.3,6.78
2025-05-25T10:31:59Z,3225,,,100,,16.7,37.6,5.34
2025-05-25T13:11:47Z,3210,,,100,,15.3,43.1,5.63
2025-05-25T15:11:39Z,3180,,,100,,14.2,41.9,5.11
2025-05-25T17:11:36Z,3165,,,100,,12.6,56.8,6.28
2025-05-25T19:11:55Z,3165,,,100,,10.9,62.1,6.17
2025-05-25T21:11:30Z,3135,,,100,,8.6,71.5,6.14
2025-05-25T23:12:13Z,3135,,,100,,6.9,79.3,6.1
2025-05-26T01:12:04Z,3135,,,100,,5.7,83.7,5.96
2025-05-26T03:11:19Z,3165,,,100,,8.1,84.2,7.0
2025-05-26T05:11:59Z,3135,,,100,,14.8,63.6,8.05
2025-05-26T07:11:09Z,3195,,,100,,18.8,48.8,7.86
2025-05-26T09:10:17Z,3240,,,100,,19.3,42.3,7.01
2025-05-26T11:09:58Z,3195,,,100,,16.1,45.7,6.26
2025-05-26T13:10:49Z,3240,,,100,,14.7,55,6.92
2025-05-26T15:10:55Z,3210,,,100,,13.7,62.6,7.41
2025-05-26T17:11:11Z,3150,,,100,,12.6,65.6,7.25
2025-05-26T19:11:24Z,3195,,,100,,10.8,80.1,7.91
2025-05-26T21:12:15Z,3150,,,100,,9.6,84.9,7.77
2025-05-26T23:11:23Z,3150,,,100,,9.3,87.8,7.89
2025-05-27T01:11:26Z,3180,,,100,,9.2,89.8,8.02
2025-05-27T03:11:13Z,3150,,,100,,9.6,90.7,8.31
2025-05-27T05:11:12Z,3150,,,100,,15.5,67.7,8.95
2025-05-27T07:11:27Z,3195,,,100,,19.6,49.4,8.34
2025-05-27T09:11:39Z,3195,,,100,,21.5,41,7.73
2025-05-27T11:11:28Z,3180,,,100,,18.6,39.6,6.3
2025-05-27T13:10:55Z,3195,,,100,,17.4,38.1,5.64
2025-05-27T15:11:15Z,3225,,,100,,16.6,40.4,5.7
2025-05-27T17:10:49Z,3180,,,100,,16.3,42.3,5.87
2025-05-27T19:10:21Z,3180,,,100,,13.7,56.5,6.69
2025-05-27T21:10:09Z,3135,,,100,,10.2,68.4,6.51
2025-05-27T23:10:31Z,3135,,,100,,7.9,73.6,6.04
2025-05-28T01:10:24Z,3105,,,100,,6.4,79.2,5.9
2025-05-28T07:10:49Z,1890,,,100,,15.1,56.8,7.32
2025-05-28T09:10:42Z,2850,,,100,,17.7,47.6,7.18
2025-05-28T11:10:06Z,2820,,,100,,19.2,40.6,6.69
2025-05-28T13:09:18Z,1740,,,100,,17.6,44.5,6.67
2025-05-28T15:09:25Z,2850,,,100,,16.9,49.2,7.07
2025-05-28T17:09:15Z,2820,,,100,,17.2,52.6,7.7
2025-05-28T19:09:08Z,2250,,,100,,15,59.5,7.63
2025-05-28T21:09:58Z,2670,,,100,,13.4,65.8,7.65
2025-05-28T23:10:15Z,2700,,,100,,11.8,73,7.68
2025-05-29T01:10:56Z,2730,,,100,,10.8,77.6,7.67
2025-05-29T03:11:01Z,2805,,,100,,11.2,81.2,8.23
2025-05-29T05:10:26Z,2940,,,100,,13.3,80.2,9.26
2025-05-29T07:10:41Z,2775,,,100,,18.3,63.7,9.96
2025-05-29T09:10:26Z,2850,,,100,,18.6,63.2,10.06
2025-05-29T11:09:39Z,3090,,,100,,20.1,56.3,9.78
2025-05-29T13:09:45Z,3225,,,100,,19.9,60.6,10.41
2025-05-29T15:10:42Z,3210,,,100,,17.7,66.6,10.04
2025-05-29T17:10:18Z,3210,,,100,,17,71.9,10.4
2025-05-29T19:09:33Z,3195,,,100,,14.8,78.5,9.94
2025-05-29T21:09:06Z,3150,,,100,,13,85.4,9.68
2025-05-29T23:09:30Z,3150,,,100,,13.2,87.1,10.0
2025-05-30T01:08:59Z,3180,,,100,,12.9,88.6,9.98
2025-05-30T03:08:25Z,3180,,,100,,12.3,89,9.66
2025-05-30T05:08:30Z,3150,,,100,,13.3,83.8,9.68
2025-05-30T07:08:38Z,3195,,,100,,19.9,60.6,10.41
2025-05-30T09:09:27Z,3255,,,100,,22.4,49.2,9.77
2025-05-30T11:08:58Z,3255,,,100,,19.2,55.7,9.18
2025-05-30T13:08:20Z,3210,,,100,,18.8,50.2,8.08
2025-05-30T15:07:33Z,3195,,,100,,18.1,41.9,6.47
2025-05-30T17:07:39Z,3165,,,100,,15.8,47.9,6.45
2025-05-30T19:07:08Z,3165,,,100,,11.7,70.4,7.36
2025-05-30T21:07:09Z,3165,,,100,,10,93.1,8.75
2025-05-30T23:07:25Z,3165,,,100,,10.3,95.9,9.18
2025-05-31T01:07:14Z,3180,,,100,,10.3,93.1,8.91
2025-05-31T03:06:40Z,3195,,,100,,10,92.3,8.67
2025-05-31T05:07:01Z,3150,,,100,,10.4,91.2,8.79
2025-05-31T07:06:58Z,3180,,,100,,11.9,83.4,8.83
2025-05-31T09:06:10Z,3195,,,100,,17.8,56.3,8.54
2025-05-31T11:05:51Z,3210,,,100,,17.4,49.1,7.27
2025-05-31T13:06:09Z,3180,,,100,,16.3,47.4,6.57
2025-05-31T15:06:48Z,3180,,,100,,14.5,48.5,6.03
2025-05-31T17:07:01Z,3075,,,100,,13,48.8,5.53
2025-05-31T19:06:38Z,2970,,,100,,10.8,56.1,5.54
2025-05-31T21:06:28Z,3150,,,100,,7.7,64,5.19
2025-05-31T23:05:42Z,3135,,,100,,7,72,5.58
2025-06-01T01:05:16Z,3165,,,100,,6,78.7,5.71
2025-06-01T03:04:33Z,2670,,,100,,6.9,81.1,6.24
2025-06-01T05:04:23Z,2865,,,100,,16.1,51.3,7.03
2025-06-01T07:03:48Z,3105,,,100,,20.4,32,5.66
2025-06-01T09:04:02Z,3255,,,100,,22.4,28.3,5.62
2025-06-01T11:04:34Z,2025,,,100,,19.9,30.9,5.31
2025-06-01T13:04:01Z,3195,,,100,,18.8,28.9,4.65
2025-06-01T15:03:54Z,3255,,,100,,18.7,30.2,4.83
2025-06-01T17:04:07Z,3180,,,100,,17.7,33.8,5.1
2025-06-01T19:03:39Z,3180,,,100,,15,39.7,5.09
2025-06-01T21:02:56Z,3150,,,100,,10.8,52.2,5.16
2025-06-01T23:03:02Z,3165,,,100,,7.5,59.5,4.76
2025-06-02T01:03:10Z,3150,,,100,,7,70.5,5.46
2025-06-02T03:03:06Z,3165,,,100,,11.2,65.5,6.64
2025-06-02T05:02:21Z,3150,,,100,,13.6,55.7,6.55
2025-06-02T07:01:59Z,3165,,,100,,16,51,6.95
2025-06-02T09:02:41Z,3195,,,100,,13.5,74.2,8.68
2025-06-02T11:02:24Z,3150,,,100,,11.6,91.1,9.47
2025-06-02T13:02:54Z,3165,,,100,,11.7,95.9,10.03
2025-06-02T15:03:16Z,2610,,,100,,12.4,94.4,10.31
2025-06-02T17:02:55Z,2955,,,100,,12.7,86.7,9.65
2025-06-02T19:04:01Z,3135,,,100,,10.6,90.5,8.83
2025-06-02T23:03:13Z,3120,,,100,,8.2,92.5,7.75
2025-06-03T01:03:24Z,3180,,,100,,8.3,95.3,8.03
2025-06-03T03:02:48Z,3150,,,100,,9.1,95.3,8.45
2025-06-03T05:02:04Z,3165,,,100,,11.3,92.8,9.46
2025-06-03T07:02:19Z,3195,,,100,,22.1,56.2,10.97
2025-06-03T09:03:08Z,3225,,,100,,22.5,42.1,8.41
2025-06-03T11:03:50Z,1935,,,100,,20.5,46,8.18
2025-06-03T13:03:58Z,2760,,,100,,18.7,50.2,8.03
2025-06-03T15:04:27Z,2805,,,100,,17.3,54.2,7.98
2025-06-03T17:04:57Z,3225,,,100,,16.1,58.7,8.04
2025-06-03T19:05:21Z,3180,,,100,,13,70,7.94
2025-06-03T21:05:49Z,3135,,,100,,9.6,83.7,7.67
2025-06-03T23:05:56Z,3135,,,100,,8,85.6,7.08
2025-06-04T01:06:28Z,3165,,,100,,6.6,88.4,6.67
2025-06-04T03:06:49Z,3120,,,100,,8.4,87.6,7.43
2025-06-04T05:06:10Z,3135,,,100,,16.2,61.7,8.51
2025-06-04T07:06:53Z,3165,,,100,,20.1,48.8,8.48
2025-06-04T09:06:15Z,3195,,,100,,21.3,41.2,7.68
2025-06-04T11:06:42Z,3195,,,100,,19.1,39.7,6.51
2025-06-04T13:06:30Z,3210,,,100,,18.1,42.2,6.52
2025-06-04T15:06:22Z,3210,,,100,,17.5,44.2,6.59
2025-06-04T17:07:04Z,3210,,,100,,16.7,51.6,7.33
2025-06-04T19:07:32Z,3180,,,100,,14.5,64,7.96
2025-06-04T21:07:56Z,3150,,,100,,12.4,71.6,7.82
2025-06-04T23:08:42Z,3165,,,100,,14.1,57.2,6.94
2025-06-05T01:07:57Z,3180,,,100,,13.9,63.6,7.62
2025-06-05T03:07:38Z,3120,,,100,,13.3,68.4,7.9
2025-06-05T05:07:10Z,3165,,,100,,13.2,72,8.26
2025-06-05T07:07:36Z,3165,,,100,,11.9,87.9,9.31
2025-06-05T09:08:06Z,3135,,,100,,12.2,92.2,9.95
2025-06-05T11:07:48Z,3150,,,100,,13.6,93.1,10.95
2025-06-05T13:07:48Z,3180,,,100,,16,84.3,11.48
2025-06-05T15:07:00Z,3210,,,100,,17.4,75.3,11.16
2025-06-05T17:07:00Z,3225,,,100,,16.9,64.5,9.27
2025-06-05T19:07:10Z,3165,,,100,,13.8,57.8,6.88
2025-06-05T21:06:54Z,3135,,,100,,10.2,69.6,6.62
2025-06-05T23:07:17Z,3150,,,100,,7.9,80.7,6.63
2025-06-06T01:07:12Z,3135,,,100,,7,89.1,6.9
2025-06-06T03:06:22Z,3150,,,100,,8.1,89.3,7.43
2025-06-06T05:05:59Z,3150,,,100,,11.3,82.7,8.43
2025-06-06T07:06:26Z,3195,,,100,,18.9,54.5,8.83
2025-06-06T09:06:34Z,3180,,,100,,17.2,55.8,8.17
2025-06-06T11:05:56Z,3240,,,100,,17.4,56.4,8.36
2025-06-06T13:05:58Z,3180,,,100,,15.9,66.5,9.0
2025-06-06T15:06:08Z,3210,,,100,,16.3,57.7,8.0
2025-06-06T17:06:06Z,3165,,,100,,15.4,63.4,8.33
2025-06-06T19:05:23Z,3165,,,100,,14.1,72.5,8.8
2025-06-06T23:05:45Z,3165,,,100,,12.3,86.6,9.4
2025-06-07T01:05:36Z,3165,,,100,,13,95.3,10.8
2025-06-07T03:05:15Z,3195,,,100,,12.8,93.8,10.5
2025-06-07T05:05:47Z,3165,,,100,,12.9,87.9,9.9
2025-06-07T07:06:02Z,3150,,,100,,14.9,73.3,9.34
2025-06-07T09:06:38Z,3210,,,100,,15.6,67.3,8.95
2025-06-07T11:06:42Z,3225,,,100,,16.5,55.9,7.85
2025-06-07T13:05:55Z,3210,,,100,,16.2,53.4,7.36
2025-06-07T15:05:51Z,3180,,,100,,15.5,52.4,6.92
2025-06-07T19:05:16Z,3165,,,100,,12.5,68,7.47
2025-06-07T21:05:34Z,3135,,,100,,11.2,73.1,7.41
2025-06-07T23:05:03Z,3120,,,100,,10.5,77,7.47
2025-06-08T01:04:46Z,3150,,,100,,9.5,82.2,7.48
2025-06-08T03:05:36Z,3150,,,100,,9.8,86.6,8.03
2025-06-08T05:05:55Z,3180,,,100,,14.9,72.1,9.19
2025-06-08T07:05:54Z,3180,,,100,,21.4,49.4,9.26
2025-06-08T09:05:39Z,3255,,,100,,23.6,35.8,7.61
2025-06-08T11:05:29Z,3225,,,100,,20.1,40.7,7.07
2025-06-08T13:05:21Z,3270,,,100,,19.5,42.7,7.16
2025-06-08T15:05:38Z,3195,,,100,,18.5,41.8,6.61
2025-06-08T17:04:53Z,3255,,,100,,17.2,47.5,6.95
2025-06-08T19:04:52Z,3210,,,100,,15,53.7,6.88
2025-06-08T21:04:21Z,3165,,,100,,11,66.1,6.61
2025-06-08T23:04:25Z,3180,,,100,,8,75.2,6.22
2025-06-09T01:04:53Z,3150,,,100,,6.4,80.9,6.03
2025-06-09T03:05:36Z,3180,,,100,,7.7,83.1,6.74
2025-06-09T05:05:45Z,3195,,,100,,12.3,71.2,7.73
2025-06-09T07:04:59Z,3210,,,100,,16.8,57.4,8.2
2025-06-09T09:05:26Z,3210,,,100,,18,53.2,8.17
2025-06-09T11:05:31Z,3195,,,100,,14.8,65.2,8.26
2025-06-09T13:05:10Z,3195,,,100,,11.6,82.9,8.61
2025-06-09T15:04:53Z,3165,,,100,,11.1,90.7,9.13
2025-06-09T17:04:29Z,3195,,,100,,11.4,91.9,9.43
2025-06-09T19:04:45Z,3135,,,100,,11.3,93.2,9.5
2025-06-09T21:04:22Z,3150,,,100,,10.8,94.3,9.32
2025-06-10T01:03:48Z,3165,,,100,,9.2,92.8,8.28
2025-06-10T03:03:30Z,3165,,,100,,9.1,92.4,8.2
2025-06-10T05:04:05Z,3180,,,100,,12.3,87.2,9.46
2025-06-10T07:03:48Z,3225,,,100,,14.1,79.5,9.64
2025-06-10T09:03:40Z,3180,,,100,,20.6,51.3,9.18
2025-06-10T11:04:07Z,3210,,,100,,20.4,47.1,8.33
2025-06-10T13:04:50Z,3255,,,100,,18.8,49.9,8.03
2025-06-10T15:04:46Z,3180,,,100,,17,53.4,7.72
2025-06-10T17:04:28Z,3150,,,100,,15.1,67.1,8.65
2025-06-10T19:03:51Z,3150,,,100,,12.4,77.3,8.44
2025-06-10T21:03:06Z,3120,,,100,,10.3,84.1,8.05
2025-06-10T23:03:11Z,3165,,,100,,9.2,86.9,7.76
2025-06-11T01:02:58Z,3165,,,100,,7.9,88.5,7.27
2025-06-11T03:02:50Z,3150,,,100,,8.6,90.4,7.77
2025-06-11T05:03:32Z,3195,,,100,,11.3,90.4,9.22
2025-06-11T07:03:24Z,3195,,,100,,11.7,88.1,9.21
2025-06-11T09:03:46Z,3195,,,100,,11.3,88.8,9.05
2025-06-11T11:04:28Z,3150,,,100,,11,93.3,9.34
2025-06-11T13:03:35Z,3180,,,100,,12.1,93.1,9.98
2025-06-11T15:03:50Z,2595,,,100,,11.9,95.6,10.12
2025-06-11T17:03:29Z,1905,,,100,,11.1,95.7,9.64
2025-06-11T19:04:08Z,1920,,,100,,10.8,97.7,9.65
2025-06-11T21:03:57Z,2235,,,100,,10.6,98.1,9.57
2025-06-11T23:03:25Z,2700,,,100,,10.2,98.4,9.36
2025-06-12T01:03:48Z,2955,,,100,,10.2,98.8,9.4
2025-06-12T03:03:14Z,3105,,,100,,10.8,99.7,9.85
2025-06-12T05:02:38Z,2310,,,100,,11.1,99.4,10.01
2025-06-12T09:02:19Z,2805,,,100,,11.9,100,10.59
2025-06-12T11:01:42Z,2835,,,100,,13.4,97.4,11.32
2025-06-12T13:02:22Z,2745,,,100,,14.9,83,10.57
2025-06-12T15:02:20Z,2700,,,100,,15.8,75.9,10.21
2025-06-12T17:02:37Z,2145,,,100,,15.4,78.2,10.27
2025-06-12T19:01:52Z,1980,,,100,,14.3,82.7,10.16
2025-06-12T21:02:32Z,2625,,,100,,12.9,90,10.14
2025-06-12T23:02:27Z,1995,,,100,,11.7,92.4,9.66
2025-06-13T01:03:13Z,1935,,,100,,10.7,89.6,8.8
2025-06-13T03:03:16Z,2070,,,100,,10.7,83.8,8.23
2025-06-13T05:04:03Z,2190,,,100,,15.1,65.2,8.41
2025-06-13T07:04:06Z,2190,,,100,,20.6,50.6,9.05
2025-06-13T09:04:42Z,2130,,,100,,21.8,42.6,8.17
2025-06-13T11:04:11Z,2685,,,100,,19.7,43.8,7.44
2025-06-13T13:03:46Z,3210,,,100,,18.4,42.1,6.62
2025-06-13T15:03:07Z,3150,,,100,,18.7,42.5,6.8
2025-06-13T17:03:44Z,3210,,,100,,18.5,42.9,6.79
2025-06-13T19:03:41Z,3165,,,100,,16.9,51.5,7.4
2025-06-13T21:03:47Z,3120,,,100,,12.2,65.3,7.04
2025-06-13T23:04:21Z,3150,,,100,,8.9,73.3,6.42
2025-06-14T01:04:56Z,3120,,,100,,7,79.4,6.15
2025-06-14T03:04:47Z,3120,,,100,,9.6,78.4,7.18
2025-06-14T05:04:57Z,3165,,,100,,20.1,52.1,9.05
2025-06-14T07:04:17Z,3180,,,100,,27.1,37.1,9.61
2025-06-14T09:04:55Z,3210,,,100,,28.4,31.9,8.87
2025-06-14T11:05:00Z,3195,,,100,,24.2,34.3,7.55
2025-06-14T13:04:32Z,3225,,,100,,22.9,37.7,7.7
2025-06-14T15:03:49Z,3225,,,100,,23.1,37.9,7.83
2025-06-14T17:03:10Z,3165,,,100,,22.9,39.4,8.05
2025-06-14T19:03:09Z,3210,,,100,,20.4,48.9,8.65
2025-06-14T23:02:45Z,3150,,,100,,13.4,61.5,7.15
2025-06-15T01:03:10Z,3165,,,100,,11.2,68,6.89
2025-06-15T03:03:41Z,3150,,,100,,12.1,67.1,7.19
2025-06-15T05:02:55Z,3180,,,100,,20.7,48,8.64
2025-06-15T07:02:57Z,3210,,,100,,27,36.2,9.32
2025-06-15T09:03:25Z,3240,,,100,,30,33,10.02
2025-06-15T11:04:15Z,3285,,,100,,28.2,31.2,8.58
2025-06-15T13:03:52Z,3180,,,100,,26.6,34.6,8.71
2025-06-15T15:03:40Z,3225,,,100,,26.5,36,9.02
2025-06-15T17:03:01Z,3240,,,100,,24.5,39.5,8.84
2025-06-15T19:02:17Z,3210,,,100,,21.4,48,9.0
2025-06-15T21:01:59Z,3180,,,100,,17.3,56.3,8.29
2025-06-15T23:01:52Z,3180,,,100,,14.2,64.9,7.92
2025-06-16T01:01:28Z,3150,,,100,,12.6,67.4,7.45
2025-06-16T03:01:11Z,3150,,,100,,12.8,66.7,7.47
2025-06-16T05:01:05Z,3150,,,100,,15.8,62.5,8.41
2025-06-16T07:00:49Z,3195,,,100,,22.4,50.2,9.97
2025-06-16T09:01:26Z,3210,,,100,,24.3,43.7,9.67
2025-06-16T11:00:52Z,3225,,,100,,26.4,30.3,7.55
2025-06-16T13:00:42Z,3240,,,100,,23.9,43.3,9.37
2025-06-16T15:00:31Z,3210,,,100,,23.2,46.9,9.75
2025-06-16T17:01:14Z,3195,,,100,,20.1,55,9.56
2025-06-16T19:00:41Z,3195,,,100,,17.7,62.8,9.47
2025-06-16T21:00:52Z,3180,,,100,,16.5,70.4,9.88
2025-06-16T23:01:39Z,3165,,,100,,15.4,79.3,10.41
2025-06-17T01:01:28Z,3165,,,100,,14.6,84.4,10.56
2025-06-17T03:01:53Z,3195,,,100,,14.6,86.9,10.87
2025-06-17T05:01:38Z,3150,,,100,,15.7,88.5,11.84
2025-06-17T07:01:17Z,3165,,,100,,17.4,85.8,12.71
2025-06-17T09:01:08Z,3195,,,100,,16.2,87.8,12.1
2025-06-17T11:01:34Z,3150,,,100,,16.1,84.1,11.52
2025-06-17T13:01:41Z,3210,,,100,,17.5,68.7,10.24
2025-06-17T15:01:44Z,3210,,,100,,17.8,66.8,10.14
2025-06-17T17:01:15Z,3180,,,100,,18.2,60.8,9.45
2025-06-17T19:00:34Z,3180,,,100,,16.1,61.8,8.47
2025-06-17T21:00:17Z,3075,,,100,,12.9,70.3,7.92
2025-06-17T23:00:58Z,3150,,,100,,12.6,73.5,8.13
2025-06-18T01:01:30Z,3165,,,100,,12.3,77,8.36
2025-06-18T03:01:20Z,3150,,,100,,12.9,85.8,9.67
2025-06-18T05:01:12Z,3240,,,100,,13.9,87.2,10.45
2025-06-18T07:01:43Z,3195,,,100,,20.3,69.3,12.19
2025-06-18T09:00:44Z,3225,,,100,,22,60,11.64
2025-06-18T11:00:30Z,3210,,,100,,17.1,81,11.79
2025-06-18T13:00:33Z,3225,,,,,16.8,79.1,11.3
2025-06-18T14:59:50Z,1500,,18.4,72.2,11.35,15.8,85.6,11.52
2025-06-18T16:59:04Z,1575,,18.9,62.8,10.17,14.8,79.9,10.12
2025-06-18T18:59:33Z,1380,,16.1,68.3,9.36,13.7,81,9.59
2025-06-18T20:59:15Z,1395,,13.9,69.9,8.38,12.4,78.6,8.58
2025-06-18T22:58:39Z,1530,,13.2,71,8.15,11.6,78,8.1
2025-06-19T00:58:51Z,1560,,11.4,76.3,7.83,10,82.5,7.75
2025-06-19T02:59:08Z,1710,,11.2,80.5,8.16,9.6,85.5,7.83
2025-06-19T04:59:34Z,1740,,12.9,77.8,8.77,10.8,84.6,8.36
2025-06-19T06:58:49Z,1695,,16.8,65.9,9.42,13.4,78.1,9.08
2025-06-19T08:58:05Z,1575,,20,53,9.16,15.4,69.5,9.13
2025-06-19T10:57:29Z,1275,,17.7,61.8,9.32,14.5,78.7,9.78
2025-06-19T12:58:09Z,1500,,16.3,71.3,9.89,14.2,81.1,9.9
2025-06-19T14:57:34Z,1560,,16,74.3,10.12,14,83.4,10.06
2025-06-19T16:57:13Z,1560,,15.2,80.2,10.41,13.5,86.9,10.16
2025-06-19T18:56:57Z,1560,,14,81.9,9.87,13.1,84.7,9.66
2025-06-19T20:56:28Z,1590,,13.3,86.8,10.02,12.1,90.9,9.74
2025-06-19T22:55:53Z,1620,,12.8,86.8,9.72,11.7,89.6,9.37
2025-06-20T00:55:32Z,1665,,12.4,84.8,9.26,11.4,86.8,8.91
2025-06-20T02:55:31Z,1680,,12.6,84.5,9.34,11.3,87.6,8.93
2025-06-20T04:55:28Z,1935,,15.1,75.9,9.79,12.9,79.9,9.0
2025-06-20T06:55:10Z,1605,,19.5,52.2,8.76,16.1,61.9,8.48
2025-06-20T08:54:45Z,1845,,27.8,29.3,7.89,20,42.3,7.31
2025-06-20T10:55:14Z,1950,,31.1,20.9,6.73,18.4,38.9,6.12
2025-06-20T12:56:00Z,1800,,33.6,19.3,7.1,18.5,40.8,6.45
2025-06-20T14:56:22Z,1245,,30.9,21.3,6.79,19.3,42.4,7.03
2025-06-20T16:56:19Z,990,,23.1,35.7,7.38,17.4,54.5,8.07
2025-06-20T18:56:09Z,1080,,18.8,47.4,7.63,15.9,60.5,8.19
2025-06-20T20:56:26Z,1035,,13.5,61.8,7.23,13,68.5,7.77
2025-06-20T22:56:50Z,1365,,11,71,7.1,10.3,75,7.18
2025-06-21T00:56:37Z,1545,,10,77.3,7.26,8.9,80.6,7.06
2025-06-21T02:56:41Z,1620,,10.3,83,7.95,9.7,82.1,7.57
2025-06-21T04:56:30Z,1785,,18.1,63.2,9.76,15.6,68,9.04
2025-06-21T06:57:14Z,1380,,19.6,51,8.61,14.3,70,8.6
2025-06-21T08:56:38Z,1155,,16,58.9,8.02,12.2,77.9,8.4
2025-06-21T10:56:43Z,1335,,15.2,70.8,9.19,11.5,90.3,9.32
2025-06-21T12:56:11Z,1950,,20.2,62.4,10.91,14.1,78.4,9.51
2025-06-21T14:55:32Z,1815,,15.5,75.5,9.98,12,84.7,9.02
2025-06-21T16:55:06Z,1260,,15.8,60.9,8.19,11.9,79.2,8.38
2025-06-21T18:55:44Z,1200,,14.2,66,8.06,11.1,83.1,8.37
2025-06-21T20:55:39Z,1425,,11.5,79.8,8.24,9.6,89.4,8.19
2025-06-21T22:56:15Z,1575,,11.6,86.6,9.0,10,92.8,8.72
2025-06-22T00:56:09Z,1485,,11.1,85,8.56,9.6,91.2,8.35
2025-06-22T02:55:49Z,1575,,10.7,86.3,8.47,9.6,88.1,8.07
2025-06-22T04:56:34Z,1650,,13.4,78.4,9.11,11.7,82,8.57
2025-06-22T06:57:17Z,1740,,26,38.3,9.33,20.1,49.7,8.64
2025-06-22T08:57:48Z,1065,,26.9,28.7,7.35,18.4,50.2,7.89
2025-06-22T10:58:25Z,1200,,27.7,27.8,7.44,18.1,50.2,7.75
2025-06-22T12:57:55Z,1335,,27,26.9,6.93,17.8,46.4,7.04
2025-06-22T14:57:17Z,1365,,28.6,26,7.31,17.9,47.8,7.3
2025-06-22T16:57:17Z,1065,,26.8,24.7,6.29,17.9,44.6,6.81
2025-06-22T18:57:55Z,1380,,21,40.4,7.4,16.2,54.7,7.54
2025-06-22T20:57:35Z,1080,,14.3,54.1,6.64,12.8,63.7,7.13
2025-06-22T22:57:32Z,1020,,8.7,69.9,6.04,8.8,75.1,6.54
2025-06-23T00:56:48Z,1155,,6.4,79.1,5.89,6.6,81.9,6.18
2025-06-23T02:56:21Z,1710,,9.3,89.3,8.02,8.9,81.9,7.17
2025-06-23T04:55:45Z,1725,,16.2,70.1,9.66,15.3,62.2,8.12
2025-06-23T06:56:21Z,1620,,23.4,34.7,7.3,17.2,47.8,7.0
2025-06-23T08:56:58Z,1515,,22.4,39.3,7.8,15.8,57,7.67
2025-06-23T10:57:47Z,1560,,23.8,35.5,7.64,16.4,53.4,7.45
2025-06-23T12:57:54Z,1590,,23.6,36,7.66,16.5,53,7.44
2025-06-23T14:57:50Z,1200,,23,36.6,7.52,16.1,57.5,7.88
2025-06-23T16:57:43Z,1050,,16.3,58.9,8.17,13.8,73.8,8.79
2025-06-23T18:58:18Z,915,,14.1,71.3,8.65,12.1,89,9.54
2025-06-23T20:58:02Z,915,,13.3,76.4,8.82,11.6,94.6,9.83
2025-06-23T22:58:17Z,1005,,13.3,81.1,9.37,11.7,97,10.14
2025-06-24T00:58:27Z,1110,,13.1,83.8,9.56,11.7,96.6,10.1
2025-06-24T02:59:21Z,1500,,13.8,87.3,10.4,12.4,93.7,10.23
2025-06-24T04:59:26Z,1575,,15.1,83.1,10.72,13,92.3,10.46
2025-06-24T06:59:26Z,1605,,15.9,83.7,11.33,13.5,94.3,11.03
2025-06-24T08:59:24Z,1470,,15.1,80.8,10.42,12.5,94.7,10.41
2025-06-24T10:59:03Z,1470,,14.6,79.8,9.98,12,93.4,9.95
2025-06-24T12:58:13Z,1605,,15.5,77.8,10.28,12.5,90.8,9.98
2025-06-24T14:58:08Z,1470,,16.2,70.6,9.73,12.2,89.5,9.65
2025-06-24T16:58:15Z,1410,,14.9,78.1,9.95,11.9,93.6,9.91
2025-06-24T18:58:36Z,1395,,13.6,83.5,9.82,11.5,95.1,9.82
2025-06-24T20:59:15Z,1530,,12.8,87.2,9.76,11,96,9.61
2025-06-24T22:59:20Z,1590,,12.7,89.7,9.98,11,96.9,9.7
2025-06-25T00:58:51Z,1590,,12.9,91.6,10.32,11.3,97.9,9.98
2025-06-25T02:59:00Z,1605,,13.7,93.6,11.08,12.3,98.5,10.69
2025-06-25T04:58:36Z,1620,,14.5,91.6,11.39,12.9,96.8,10.91
2025-06-25T06:58:26Z,1605,,14.9,86.9,11.07,13.1,94.3,10.76
2025-06-25T08:58:25Z,1560,,16.8,75.5,10.79,13.7,89.1,10.55
2025-06-25T10:57:59Z,1455,,19.4,64,10.68,15.1,82.7,10.66
2025-06-25T12:58:06Z,1545,,20.7,61.8,11.12,15.9,81.3,11.01
2025-06-25T14:58:37Z,1425,,20.1,62.2,10.81,15.8,81,10.9
2025-06-25T16:58:20Z,1635,,18.3,70,10.94,14.8,83.9,10.62
2025-06-25T18:58:50Z,1410,,15.4,72.6,9.53,13.2,84.1,9.65
2025-06-25T20:58:38Z,1560,,13.3,76.5,8.83,12,81.2,8.65
2025-06-25T22:58:52Z,1455,,12.9,70.2,7.91,11.4,76.8,7.88
2025-06-26T00:59:21Z,1455,,10.2,77.4,7.36,8.9,83.9,7.35
2025-06-26T02:59:10Z,1740,,10,83.5,7.84,8.5,86.8,7.41
2025-06-26T05:00:11Z,1680,,13.1,69,7.87,10.8,76.1,7.52
2025-06-26T07:00:26Z,1785,,19.6,52.3,8.83,16.6,57.9,8.18
2025-06-26T09:00:56Z,1485,,24,38.9,8.46,17.8,55.7,8.45
2025-06-26T11:00:59Z,1635,,26.9,33,8.45,17,56.6,8.19
2025-06-26T13:01:11Z,1815,,30.4,27.4,8.5,14.8,63.1,7.99
2025-06-26T15:01:05Z,1560,,29.3,28.6,8.36,16.2,60.5,8.34
2025-06-26T17:00:43Z,1335,,27.2,32,8.33,16,64,8.72
2025-06-26T19:00:13Z,1050,,18.3,48.1,7.52,13.1,72.8,8.3
2025-06-26T21:00:29Z,870,,11.3,66.1,6.74,10.4,79.5,7.66
2025-06-26T22:59:58Z,885,,7.6,78.1,6.29,8.1,85.8,7.14
2025-06-27T01:00:43Z,1065,,6.3,85,6.29,6.9,89.3,6.87
2025-06-27T03:01:03Z,1740,,9.8,94.4,8.76,9.5,93.1,8.47
2025-06-27T05:00:47Z,2685,,18,84.5,12.97,17.3,72,10.6
2025-06-27T07:00:39Z,1710,,28.4,34.3,9.54,21.4,48.7,9.13
2025-06-27T09:00:05Z,1920,,32.7,26.5,9.3,19.8,50,8.54
2025-06-27T10:59:55Z,1635,,29.6,30,8.91,18,56.6,8.69
2025-06-27T12:59:37Z,1605,,29.5,31.1,9.19,18,59,9.06
2025-06-27T14:59:44Z,1170,,23.8,40.3,8.67,16.9,64.6,9.29
2025-06-27T17:00:10Z,990,,19.7,52.1,8.84,15.9,72.7,9.84
2025-06-27T19:00:40Z,1080,,16.4,69.2,9.65,14.6,83.6,10.46
2025-06-27T21:01:12Z,1350,,14.9,77.8,9.91,13.4,87.7,10.19
2025-06-27T23:02:00Z,1545,,14.2,82.8,10.11,12.5,92.4,10.15
2025-06-28T01:02:00Z,1620,,13.5,85.1,9.95,11.8,92.8,9.76
2025-06-28T03:02:02Z,1755,,13.4,86.4,10.04,11.6,92.5,9.61
2025-06-28T05:01:49Z,1755,,14.6,83,10.38,12.3,91.5,9.93
2025-06-28T07:01:36Z,1845,,15.1,85.1,10.97,12.9,91.1,10.26
2025-06-28T09:01:31Z,1830,,17,78.7,11.38,13.9,89.7,10.75
2025-06-28T11:01:10Z,2160,,23,60,12.33,16.2,78.9,10.88
2025-06-28T13:01:05Z,1260,,26.2,39.7,9.78,18.6,64.9,10.33
2025-06-28T15:01:29Z,1275,,30.9,29.5,9.4,18.3,63.4,9.91
2025-06-28T17:01:13Z,945,,23.6,40.7,8.66,16.6,68.9,9.73
2025-06-28T19:01:08Z,825,,17.9,58,8.85,14.9,80.1,10.2
2025-06-28T21:01:19Z,1020,,15,65.9,8.45,13,81.8,9.27
2025-06-28T23:01:15Z,1155,,14.2,78,9.52,12.6,92.5,10.23
2025-06-29T01:01:59Z,1350,,14.3,85.1,10.45,12.7,97.3,10.83
2025-06-29T03:02:44Z,1560,,14.8,88.8,11.24,13.1,98.4,11.22
2025-06-29T05:02:14Z,1635,,15.8,87.3,11.75,13.6,98.4,11.58
2025-06-29T07:01:46Z,1485,,16.4,83.3,11.62,14.2,96,11.72
2025-06-29T09:01:03Z,1455,,18.6,70,11.14,14.7,90.2,11.35
2025-06-29T11:01:51Z,1740,,25.5,40.8,9.66,17.5,62,9.24
2025-06-29T13:01:22Z,1620,,25.3,33.2,7.77,18.3,49.1,7.67
2025-06-29T15:02:10Z,1455,,23.5,32,6.77,17.7,45.3,6.83
2025-06-29T17:01:37Z,1425,,21.3,37.5,6.99,16.9,49.8,7.16
2025-06-29T19:01:27Z,1200,,17.6,45.1,6.76,15.1,55.7,7.18
2025-06-29T21:02:03Z,1305,,13.8,58.1,6.92,12.8,64.7,7.24
2025-06-29T23:02:25Z,1455,,12.4,67.1,7.33,11.5,71.6,7.39
2025-06-30T01:01:37Z,1560,,11.6,73.5,7.64,10.7,77.3,7.59
2025-06-30T03:01:49Z,1665,,12.2,76.4,8.24,11.8,76.5,8.05
2025-06-30T05:02:39Z,1695,,16.7,64,9.09,16.5,62.6,8.79
2025-06-30T07:03:40Z,1665,,22.2,42.7,8.38,20,47.6,8.22
2025-06-30T09:03:14Z,1455,,23.4,39.7,8.35,18.4,54.3,8.54
2025-06-30T11:03:41Z,1620,,27.3,32,8.38,19.4,49.4,8.24
2025-06-30T13:04:30Z,1395,,28.2,29.6,8.14,20,48.6,8.4
2025-06-30T15:04:09Z,1350,,22.9,39.8,8.13,18.6,53,8.43
2025-06-30T17:05:12Z,1410,,21.9,43.7,8.43,17.6,57.3,8.59
2025-06-30T19:04:35Z,1350,,19.2,53.4,8.8,16.4,65.1,9.08
2025-06-30T21:04:44Z,1500,,15,69.1,8.86,14,74.1,8.93
2025-06-30T23:04:41Z,1590,,13.6,74.8,8.8,12.8,77.6,8.69
2025-07-01T01:04:17Z,1680,,12.5,79.6,8.75,11.7,81.5,8.52
2025-07-01T03:03:43Z,1740,,13.3,82.9,9.57,13.4,79.1,9.19
2025-07-01T05:03:18Z,1800,,19.5,60,10.07,19.8,56.3,9.61
2025-07-01T07:03:31Z,1665,,26.2,38.8,9.56,23.7,43.7,9.35
2025-07-01T09:02:47Z,1665,,30.7,28.5,8.98,25.4,37.4,8.81
2025-07-01T11:01:51Z,1815,,32.6,23.5,8.2,23.4,37.3,7.84
2025-07-01T13:02:25Z,1695,,33.6,24,8.83,23.8,40.2,8.65
2025-07-01T15:02:11Z,1545,,32.4,25.8,8.91,23.8,41.9,9.01
2025-07-01T17:02:39Z,1260,,26.3,34.9,8.64,22.3,46.3,9.14
2025-07-01T19:03:04Z,1215,,21.6,42.4,8.04,20,49.8,8.6
2025-07-01T21:04:05Z,1305,,17.2,54.6,7.99,16.8,58.2,8.32
2025-07-01T23:02:57Z,1440,,14.8,60.6,7.67,14.5,62.8,7.81
2025-07-02T01:02:52Z,1530,,12.8,68.7,7.69,12.5,69.8,7.67
2025-07-02T03:03:25Z,1845,,13.2,77.8,8.93,13.9,70.2,8.41
2025-07-02T05:02:58Z,1560,,24.3,47.6,10.54,24.5,47,10.52
2025-07-02T07:02:23Z,2055,,36.3,26.5,11.23,29,35.7,10.26
2025-07-02T09:02:21Z,2790,,43,19.5,11.59,29.8,31.8,9.55
2025-07-02T11:02:40Z,2130,,42.2,20.7,11.83,26.7,41.7,10.56
2025-07-02T13:02:54Z,2040,,44,21.4,13.36,27.1,47,12.17
2025-07-02T15:02:55Z,1260,,35.3,29.4,11.83,26.7,49.6,12.56
2025-07-02T17:03:23Z,1305,,29.4,37.4,10.99,24.7,50.6,11.46
2025-07-02T19:03:09Z,1230,,24.4,45,10.02,22,54.8,10.64
2025-07-02T21:03:16Z,1290,,19.9,58.5,10.05,19.1,64.2,10.52
2025-07-02T23:04:03Z,1665,,16.7,73.6,10.46,16.6,72.7,10.27
2025-07-03T01:04:07Z,1845,,16.5,78.9,11.07,15.8,77.3,10.4
2025-07-03T03:04:39Z,1905,,17,79.6,11.51,16,78.2,10.65
2025-07-03T05:04:48Z,2130,,19.4,75.7,12.63,17.8,74.6,11.32
2025-07-03T07:04:22Z,1725,,28.9,37.8,10.81,21.6,55.3,10.49
2025-07-03T09:05:01Z,2265,,32.4,34.8,12.02,22.8,51.6,10.49
2025-07-03T11:04:31Z,1575,,31.3,32.4,10.55,22.2,53.4,10.48
2025-07-03T13:03:42Z,1140,,26.9,37.1,9.5,20.5,57.9,10.3
2025-07-03T15:03:07Z,795,,23,53,10.89,20.6,70.5,12.62
2025-07-03T17:02:36Z,1005,,24.2,47,10.34,18.6,72.4,11.52
2025-07-03T19:02:29Z,1080,,19.3,56.2,9.32,16.2,73.1,10.08
2025-07-03T21:01:43Z,1290,,15.8,63.7,8.57,13.9,74.7,8.95
2025-07-03T23:01:45Z,1380,,15,65.3,8.37,12.7,77.4,8.61
2025-07-04T01:01:57Z,1500,,13.3,76.8,8.87,10.7,90.9,8.93
2025-07-04T03:02:21Z,1650,,12.7,77.7,8.65,11.3,83.1,8.47
2025-07-04T05:02:53Z,1800,,16.5,63.8,8.96,15.1,65.8,8.49
2025-07-04T07:02:14Z,1590,,22.7,41,8.28,20.8,45.8,8.29
2025-07-04T09:01:35Z,1650,,26.6,31.3,7.88,21.9,40.1,7.74
2025-07-04T11:01:15Z,1440,,27.7,25.5,6.83,19.5,41.8,7.01
2025-07-04T13:01:01Z,1620,,26.7,26.5,6.71,17.9,43.6,6.65
2025-07-04T15:01:37Z,1455,,25.1,26.3,6.09,17,43.1,6.23
2025-07-04T17:01:35Z,1290,,21.9,30.7,5.92,16,45.6,6.21
2025-07-04T19:00:58Z,1170,,17.2,37.7,5.52,14.1,49,5.94
2025-07-04T21:00:35Z,1200,,11.8,51.2,5.39,10.8,58.1,5.74
2025-07-04T23:01:15Z,1410,,8,69.2,5.72,7.7,71.8,5.82
2025-07-05T01:00:54Z,1770,,7.3,78.5,6.2,6.5,78.6,5.89
2025-07-05T03:01:06Z,2160,,10.4,83.4,8.04,8.6,81.7,7.02
2025-07-05T05:01:59Z,2265,,15.8,76.4,10.28,12.9,78.9,8.89
2025-07-05T07:01:44Z,1860,,28.3,35.9,9.93,21.2,50.6,9.38
2025-07-05T09:01:20Z,1785,,31.5,30.4,10.0,19.3,57.5,9.53
2025-07-05T13:00:29Z,1725,,32.1,28.2,9.58,18.2,59.6,9.26
2025-07-05T15:01:07Z,870,,25.2,32.4,7.54,16.5,61.7,8.66
2025-07-05T17:00:38Z,735,,17.7,54.7,8.25,13.9,81.1,9.72
2025-07-05T19:00:24Z,885,,14.5,67.2,8.35,12.2,88,9.49
2025-07-05T20:59:38Z,1050,,13.6,75.4,8.87,11.4,94.1,9.66
2025-07-05T22:59:59Z,1200,,13.4,80.3,9.33,11.3,97.4,9.93
2025-07-06T00:59:34Z,1275,,13.7,84.1,9.95,11.7,100,10.46
2025-07-06T03:00:06Z,1500,,14,87.1,10.5,12,100,10.65
2025-07-06T05:00:06Z,1530,,15.7,83.6,11.18,13,98.4,11.15
2025-07-06T07:00:25Z,1590,,17.6,78.1,11.71,13.9,96.5,11.56
2025-07-06T09:00:48Z,1545,,17.6,78.3,11.74,14,97.8,11.79
2025-07-06T11:00:54Z,1545,,18.5,78.2,12.37,15,96.1,12.32
2025-07-06T13:01:12Z,1380,,18.2,79.3,12.32,15.1,97.3,12.55
2025-07-06T15:01:43Z,1380,,17.7,81,12.22,14.9,98.1,12.5
2025-07-06T17:02:02Z,1380,,17.3,80.3,11.83,14.6,96.6,12.08
2025-07-06T19:02:37Z,1395,,16.2,83.3,11.48,14.1,96.4,11.69
2025-07-06T21:02:45Z,1470,,14.9,86.9,11.07,13.2,97.1,11.14
2025-07-06T23:02:39Z,1560,,14.5,89.5,11.13,13.1,97.3,11.1
2025-07-07T01:01:51Z,1695,,14.9,92,11.72,13.5,98.5,11.52
2025-07-07T03:02:21Z,1695,,15.8,91.5,12.31,14.2,97.7,11.93
2025-07-07T05:03:06Z,1695,,16.5,87.9,12.34,14.3,97.5,11.97
2025-07-07T07:02:37Z,1695,,18.3,79.3,12.4,14.9,94.2,12.0
2025-07-07T09:03:25Z,1635,,19.6,75.1,12.68,15.5,93.8,12.39
2025-07-07T11:04:05Z,1740,,22.6,66.7,13.4,17.2,88.1,12.9
2025-07-07T13:03:49Z,1920,,35.2,35.1,14.05,20,75.2,12.99
2025-07-07T15:03:28Z,1065,,28.8,40,11.37,19.4,73.7,12.29
2025-07-07T17:04:18Z,1005,,21.9,57.9,11.17,17.2,84.7,12.4
2025-07-07T19:04:02Z,1155,,17.6,76,11.39,15.6,92.8,12.34
2025-07-07T21:03:10Z,1365,,16.2,84.6,11.66,14.9,94.2,12.0
2025-07-07T23:03:59Z,1605,,15.8,89.7,12.07,14.5,96.6,12.01
2025-07-08T01:04:19Z,1695,,15.8,93,12.51,14.3,99.2,12.18
2025-07-08T03:04:31Z,1785,,15.8,94.5,12.72,14.2,100,12.21
2025-07-08T05:05:08Z,1845,,16.1,95.2,13.04,14.3,100,12.28
2025-07-08T07:05:09Z,1755,,16.6,94.6,13.36,14.7,100,12.59
2025-07-08T09:04:42Z,1545,,17.7,88.6,13.36,15.6,100,13.29
2025-07-08T11:04:58Z,1395,,20.6,72.2,12.92,15.5,93.2,12.31
2025-07-08T13:04:16Z,1215,,19.6,64.6,10.9,15,87.4,11.2
2025-07-08T15:04:50Z,1365,,22.6,51,10.25,15.6,80.3,10.67
2025-07-08T17:05:26Z,1125,,25.6,41.2,9.81,16.7,75.6,10.74
2025-07-08T19:05:43Z,1155,,18.8,60.9,9.81,14.3,86,10.56
2025-07-08T21:06:37Z,870,,11.9,77.9,8.25,10.9,94.2,9.37
2025-07-08T23:07:17Z,945,,9.7,85,7.83,9.3,97.2,8.73
2025-07-09T01:07:24Z,1005,,8.2,90.4,7.57,8.3,99.2,8.36
2025-07-09T03:07:48Z,1425,,10.7,93.5,9.18,10.9,94.6,9.41
2025-07-09T05:08:09Z,2325,,16.6,81,11.44,16.7,70.2,9.97
2025-07-09T07:08:21Z,1170,,27,36.1,9.3,22.4,50.3,9.99
2025-07-09T09:08:15Z,1740,,40.2,22.7,11.74,24.5,43.9,9.83
2025-07-09T11:07:55Z,1695,,38.9,19.2,9.3,20.9,49.5,9.01
2025-07-09T13:08:23Z,1590,,38.3,18.5,8.69,19.9,49.7,8.54
2025-07-09T15:07:38Z,1530,,36.2,19.9,8.39,20.1,47.9,8.32
2025-07-09T17:08:12Z,1080,,30.2,28.3,8.68,18.6,58.9,9.37
2025-07-09T19:07:44Z,780,,22.8,38.1,7.74,17.5,60.3,8.99
2025-07-09T21:08:12Z,540,,14.5,56.6,7.04,13.9,71.5,8.57
2025-07-09T23:07:55Z,690,,11.5,69.3,7.16,12.2,78,8.41
2025-07-10T01:07:29Z,1020,,10.3,77,7.37,10.8,82.7,8.17
2025-07-10T03:07:42Z,1560,,11.5,82.6,8.53,11.4,82.5,8.46
2025-07-10T05:07:41Z,1800,,16.7,74,10.51,16.2,71.6,9.87
2025-07-10T07:08:24Z,1755,,25.2,46.1,10.73,20.1,59,10.25
2025-07-10T09:08:37Z,1380,,32.7,29.2,10.25,21.8,55.3,10.61
2025-07-10T11:08:44Z,2175,,34.2,29,11.01,20.6,54.6,9.77
2025-07-10T13:09:07Z,1215,,30.9,28.9,9.21,19.9,57.2,9.83
2025-07-10T15:08:18Z,1350,,29.4,31.4,9.23,19.2,57.8,9.53
2025-07-10T17:09:02Z,930,,22.7,42.1,8.51,17.8,63.1,9.57
2025-07-10T19:09:07Z,1065,,17,64.2,9.29,15,78.8,10.1
2025-07-10T21:08:48Z,1335,,15.2,74.7,9.69,14.1,82.4,10.0
2025-07-10T23:08:51Z,1440,,14.9,78.2,9.96,14,83.3,10.04
2025-07-11T01:09:38Z,1440,,14.5,77.5,9.63,14,80.4,9.69
2025-07-11T03:10:26Z,1575,,14.9,76.6,9.76,14.3,78.5,9.64
2025-07-11T05:09:39Z,1545,,18.9,62.5,10.12,15.6,75.9,10.09
2025-07-11T07:09:13Z,1575,,19.3,65.5,10.86,15.7,79.9,10.69
2025-07-11T09:09:39Z,1590,,20.3,64.5,11.34,16.3,81,11.23
2025-07-11T11:10:11Z,1620,,23.6,56.4,12.0,17.3,79.7,11.74
2025-07-11T13:10:18Z,1590,,27.1,48.4,12.53,19.4,74.4,12.41
2025-07-11T15:09:39Z,1545,,31.4,39,12.77,20.3,72.8,12.8
2025-07-11T17:09:52Z,1140,,25.5,50.6,11.98,20.1,74.3,12.91
2025-07-11T19:09:49Z,1125,,20.7,65.9,11.86,18.7,79.4,12.71
2025-07-11T21:09:28Z,1320,,18.5,78.8,12.46,18.2,83,12.9
2025-07-11T23:10:06Z,1500,,18.4,81.6,12.83,17.8,84.7,12.85
2025-07-12T01:10:35Z,1545,,18,85.3,13.1,17.2,88.4,12.94
2025-07-12T03:10:26Z,1605,,17.5,87.2,13.0,16.9,88.1,12.67
2025-07-12T05:09:36Z,1665,,19.4,83.1,13.86,18.3,86.3,13.49
2025-07-12T07:09:31Z,1845,,32.8,46.6,16.44,26.6,62,15.61
2025-07-12T09:10:02Z,1485,,38.7,33.2,15.91,28.7,57.6,16.29
2025-07-12T11:09:29Z,2190,,47.9,24.9,18.76,29.6,56.1,16.66
2025-07-12T13:10:18Z,1575,,41.7,27.5,15.32,24.9,66.3,15.18
2025-07-12T15:09:43Z,1380,,39.4,32,15.89,25.9,68.2,16.52
2025-07-12T17:09:14Z,960,,31.6,43,14.23,24.8,69.8,15.89
2025-07-12T19:08:40Z,915,,25.5,56.5,13.38,22.5,75.8,15.14
2025-07-12T21:08:06Z,960,,20.1,70.9,12.32,19.1,83.6,13.7
2025-07-12T23:08:12Z,1380,,18.1,80.8,12.48,17.6,85.6,12.83
2025-07-13T01:08:59Z,1635,,18.2,86,13.36,17.3,88.5,13.03
2025-07-13T03:08:49Z,1710,,18.2,90.8,14.11,17.4,91.2,13.51
2025-07-13T05:07:53Z,1710,,22,83,16.11,21,84.3,15.44
2025-07-13T07:07:42Z,1485,,34.6,44.2,17.14,26.9,67.3,17.23
2025-07-13T09:08:03Z,2190,,43.5,30.3,18.46,29.6,54.6,16.22
2025-07-13T11:07:52Z,2220,,47.9,24.6,18.53,27.7,60.5,16.19
2025-07-13T13:07:17Z,1830,,44.3,26,16.47,25.8,64.9,15.63
2025-07-13T15:07:03Z,1800,,43.4,24.9,15.09,25.5,61.2,14.49
2025-07-13T17:07:17Z,1440,,37,32.4,14.23,25,63.8,14.69
2025-07-13T19:07:01Z,1110,,28.8,48.7,13.85,24,69.8,15.19
2025-07-13T21:07:19Z,1095,,21.8,69,13.24,21.2,77.3,14.32
2025-07-13T23:06:35Z,1290,,19.9,75.3,12.93,19.5,80.7,13.54
2025-07-14T01:06:47Z,1515,,18.4,82.2,12.92,17.9,84.9,12.96
2025-07-14T03:06:21Z,1710,,18.4,89,13.99,18.6,85.8,13.65
2025-07-14T05:06:53Z,1695,,26.7,64.1,16.23,26,65.3,15.9
2025-07-14T07:06:45Z,1950,,38.3,36.6,17.19,30.5,51.3,16.0
2025-07-14T09:06:28Z,2115,,46.3,24.2,16.89,32.6,43.8,15.29
2025-07-14T11:07:09Z,2115,,47.8,21.1,15.82,28.9,50.2,14.35
2025-07-14T13:07:02Z,2115,,47.8,20.5,15.37,27.1,53.4,13.83
2025-07-14T15:07:02Z,1335,,39.4,27.2,13.51,26.3,56.9,14.09
2025-07-14T17:07:51Z,1020,,28,44.5,12.11,22.7,66.5,13.44
2025-07-14T19:08:35Z,1080,,23,61.4,12.62,21,75.2,13.77
2025-07-14T21:08:17Z,1350,,19.6,76.7,12.95,19,82.3,13.41
2025-07-14T23:07:43Z,1485,,18,84,12.9,17.8,86.4,13.11
2025-07-15T01:07:25Z,1650,,17.5,90,13.41,17.2,90.4,13.23
2025-07-15T03:07:32Z,1785,,18.5,93.5,14.79,18.5,89.7,14.19
2025-07-15T05:06:52Z,1875,,24,82,17.84,25.3,71.6,16.77
2025-07-15T07:07:05Z,1500,,38.2,34.8,16.26,33.8,44.7,16.62
2025-07-15T09:06:29Z,2205,,47,23.2,16.74,33.1,41.9,15.02
2025-07-15T11:06:04Z,2370,,44.7,21.8,14.08,28.5,43.4,12.14
2025-07-15T15:05:02Z,2115,,42.7,21.1,12.36,27.1,43.3,11.21
2025-07-15T17:05:24Z,1515,,26.1,56.4,13.81,22.9,68.8,14.06
2025-07-15T19:06:01Z,1395,,21.6,71.1,13.48,19.2,84.1,13.86
2025-07-15T21:06:25Z,1395,,18.6,81.1,12.9,17.6,88.5,13.27
2025-07-15T23:06:34Z,1365,,16.9,86.7,12.47,16.6,91.9,12.98
2025-07-16T01:07:00Z,1350,,16.3,89.7,12.44,16.2,93.2,12.85
2025-07-16T03:06:32Z,1575,,17.1,94.5,13.75,17.3,93.5,13.77
2025-07-16T05:07:11Z,2145,,22.8,89.5,18.19,22.9,79.5,16.25
2025-07-16T07:06:40Z,1470,,36.1,36.7,15.39,31.1,48.9,15.75
2025-07-16T09:07:04Z,2730,,46.1,23.2,16.03,30.8,41.4,13.12
2025-07-16T11:07:49Z,2760,,44.9,19.4,12.65,27.6,40.3,10.73
2025-07-16T13:07:25Z,2175,,45.7,16.7,11.32,26.6,40.7,10.25
2025-07-16T15:07:59Z,1635,,41.2,17.7,9.62,26.7,37.9,9.6
2025-07-16T17:07:10Z,1395,,36.6,21.2,9.12,26.3,38.6,9.56
2025-07-16T19:07:05Z,975,,26.6,36.1,9.09,22.6,50.8,10.21
2025-07-16T21:07:04Z,1005,,17.4,55.4,8.21,17.1,62.9,9.15
2025-07-16T23:06:36Z,1290,,14.1,69.2,8.39,14.6,70.4,8.81
2025-07-17T01:07:11Z,1695,,13.8,79.5,9.47,14,77.4,9.33
2025-07-17T03:06:47Z,1845,,14.8,83.3,10.55,15.1,77.5,9.99
2025-07-17T05:06:53Z,1650,,24.2,55.7,12.26,24.8,53.1,12.09
2025-07-17T07:06:50Z,1425,,38.4,27.4,12.93,33.4,36.9,13.44
2025-07-17T09:06:50Z,1845,,47.5,19.9,14.71,35.7,34.7,14.25
2025-07-17T11:07:38Z,2415,,49.7,17.5,14.35,31.2,38.4,12.44
2025-07-17T13:08:10Z,1935,,48.1,17.4,13.23,29.4,42.6,12.52
2025-07-17T15:08:48Z,1590,,39.7,22.1,11.14,28.2,41,11.28
2025-07-17T17:08:05Z,1290,,33.3,30.5,11.05,26,48.5,11.81
2025-07-17T19:08:00Z,1020,,26.7,36.3,9.19,23.6,48.5,10.32
2025-07-17T21:08:15Z,870,,20.6,52.3,9.36,21.1,58.6,10.8
2025-07-17T23:08:44Z,1095,,17,66.8,9.66,18.6,66.5,10.58
2025-07-18T01:08:55Z,1380,,15.1,74.9,9.66,16.5,70.7,9.92
2025-07-18T03:09:35Z,1755,,15.1,78.1,10.07,16.7,68.5,9.73
2025-07-18T05:08:54Z,2085,,23.9,54,11.68,23.3,50.5,10.56
2025-07-18T07:09:14Z,2265,,34.7,26.8,10.45,26.9,36,9.22
2025-07-18T09:08:43Z,2355,,40,18.5,9.47,26.8,32.3,8.23
2025-07-18T11:09:27Z,2355,,42.2,16.9,9.65,24.7,37.3,8.44
2025-07-18T13:08:46Z,2040,,41.3,16.5,9.01,23.9,38.7,8.37
2025-07-18T15:09:06Z,1845,,38.5,18.4,8.73,23.5,39.5,8.35
2025-07-18T17:08:34Z,1575,,34.1,22.7,8.58,23,41.9,8.61
2025-07-18T19:09:02Z,1200,,24.8,37.2,8.47,20.5,51.2,9.11
2025-07-18T21:08:57Z,1320,,16.9,57.5,8.27,16.4,62.1,8.66
2025-07-18T23:09:46Z,1605,,14.9,69.4,8.84,15,68.2,8.74
2025-07-19T01:10:04Z,1755,,14.7,74.1,9.33,14.8,71.3,9.03
2025-07-19T03:10:45Z,1920,,15.5,80.2,10.6,15.7,74.3,9.94
2025-07-19T05:10:13Z,2010,,23.5,64,13.54,22.8,61.9,12.58
2025-07-19T07:09:42Z,2055,,35.4,33.8,13.67,27.2,48.6,12.65
2025-07-19T09:09:16Z,2250,,40.1,22.2,11.42,27.1,39.2,10.15
2025-07-19T11:09:40Z,2220,,40.5,20.2,10.6,24.9,41.6,9.52
2025-07-19T13:09:06Z,2310,,42.9,16.5,9.76,24.4,38.7,8.61
2025-07-19T15:09:11Z,1785,,38.9,19.4,9.39,23.9,42.1,9.11
2025-07-19T17:08:59Z,1455,,34.5,23.5,9.07,23.5,44.2,9.35
2025-07-19T19:09:52Z,1140,,24.3,39.7,8.79,20.8,52.9,9.58
2025-07-19T21:10:35Z,1230,,16.9,61.9,8.9,17,66.1,9.56
2025-07-19T23:11:00Z,1530,,14.5,75,9.32,14.6,74.5,9.32
2025-07-20T01:11:33Z,1605,,13.3,79.7,9.2,13.3,79.2,9.15
2025-07-20T03:11:48Z,1815,,14.4,84.7,10.47,14.7,79.1,9.95
2025-07-20T05:11:39Z,1995,,21.3,67.2,12.52,22.6,57.5,11.55
2025-07-20T07:10:58Z,1815,,35.5,28.3,11.5,29.9,36.7,11.08
2025-07-20T09:10:57Z,2370,,44.3,19.2,12.16,31.1,32.8,10.57
2025-07-20T11:11:08Z,2370,,45.3,16.7,11.1,27.5,36.9,9.77
2025-07-20T13:11:00Z,2265,,44.6,16.1,10.35,26.7,36.6,9.27
2025-07-20T15:11:31Z,1770,,39.1,20.2,9.88,24.9,41.9,9.59
2025-07-20T17:10:57Z,1260,,35.8,23.4,9.66,25.9,42.8,10.37
2025-07-20T19:10:37Z,1110,,26.6,39.1,9.85,23.5,50.5,10.68
2025-07-20T21:11:10Z,1095,,19.2,54.4,8.97,20.1,56.9,9.89
2025-07-20T23:10:35Z,1410,,16.4,69.8,9.74,17.3,68.1,10.03
2025-07-21T01:10:31Z,1725,,16.3,75.2,10.43,16.6,71.6,10.11
2025-07-21T03:10:53Z,1770,,17,74.6,10.79,16.7,72.9,10.36
2025-07-21T05:10:51Z,1770,,23.1,57.2,11.82,21.7,59.8,11.41
2025-07-21T07:11:47Z,2055,,36.2,33.7,14.21,29.1,44.9,12.98
2025-07-21T09:11:46Z,1755,,38.4,27.4,12.93,27.2,48.7,12.68
2025-07-21T11:12:06Z,1110,,30.6,43.4,13.61,24.2,68.1,14.99
2025-07-21T13:12:32Z,1410,,25.3,61.2,14.33,21.5,78.1,14.73
2025-07-21T15:12:33Z,1215,,30.4,42.6,13.21,21.2,76.5,14.18
2025-07-21T17:12:13Z,1335,,25.6,61.3,14.6,21.9,78.7,15.19
2025-07-21T19:11:31Z,1440,,23.1,71.3,14.74,21,82.6,15.13
2025-07-21T21:11:27Z,1455,,19.8,78,13.32,19.1,82.3,13.49
2025-07-22T01:10:48Z,1740,,18.5,81.6,12.91,17.9,82.1,12.53
2025-07-22T03:11:24Z,1800,,18.7,87.5,14.0,17.5,90.1,13.43
2025-07-22T05:10:52Z,1830,,19.1,89.9,14.73,17.8,92.7,14.07
2025-07-22T07:11:23Z,1935,,22,81.8,15.88,19.7,87.9,14.92
2025-07-22T09:10:50Z,2055,,32.8,47.4,16.72,24.1,70.6,15.45
2025-07-22T11:10:10Z,1890,,39.8,31.2,15.81,26.4,60.4,15.04
2025-07-22T13:09:59Z,1575,,38.9,27.3,13.22,26.9,52.4,13.42
2025-07-22T15:09:51Z,1605,,38.9,25.8,12.49,26.5,50.2,12.57
2025-07-22T17:09:33Z,960,,32.8,33.4,11.78,25.1,57.6,13.34
2025-07-22T19:08:43Z,1080,,23.7,57.8,12.36,21.8,70.9,13.6
2025-07-22T21:09:15Z,1365,,19.9,75.6,12.99,20,78,13.48
2025-07-22T23:09:02Z,1605,,18.8,82.3,13.25,18.7,82.6,13.22
2025-07-23T01:09:35Z,1605,,17.7,85.2,12.85,17.5,85.5,12.74
2025-07-23T03:09:25Z,1740,,17.4,88.6,13.13,17.2,86.8,12.71
2025-07-23T05:10:09Z,2055,,24.2,74.1,16.31,23.9,68.9,14.91
2025-07-23T07:09:52Z,1815,,36.7,37.1,16.05,30.2,50.2,15.4
2025-07-23T09:09:46Z,1695,,43,24.9,14.8,31.5,44,14.48
2025-07-23T11:10:11Z,1965,,35.6,35.3,14.43,26.8,52.5,13.37
2025-07-23T13:09:06Z,2235,,44.1,22.9,14.36,25.9,53.1,12.86
2025-07-23T15:08:31Z,1815,,39.9,24.5,12.48,25.5,50.6,11.98
2025-07-23T17:08:13Z,1560,,35.2,29.1,11.65,25.2,50.9,11.85
2025-07-23T19:08:31Z,1170,,26,46.4,11.3,22.4,61.7,12.25
2025-07-23T21:09:13Z,1275,,19.3,67.4,11.18,18.7,73.9,11.83
2025-07-23T23:09:31Z,1455,,17.2,78.6,11.51,16.9,81.4,11.7
2025-07-24T01:08:52Z,1545,,16.3,84.4,11.7,16,86.2,11.74
2025-07-24T03:09:25Z,1740,,17.6,90.4,13.55,17.8,86.7,13.15
2025-07-24T07:09:50Z,1635,,38.1,31.6,14.69,34,39,14.66
2025-07-24T09:10:27Z,2910,,47.1,19.9,14.43,32.2,34.6,11.82
2025-07-24T11:10:45Z,2295,,46.7,17.9,12.73,29.6,38,11.29
2025-07-24T13:10:17Z,2490,,47.2,17.4,12.68,27.4,41.1,10.82
2025-07-24T15:09:27Z,2040,,42.1,20.5,11.65,27.3,41.3,10.81
2025-07-24T17:08:37Z,1560,,37.2,23.2,10.3,26.7,41.2,10.43
2025-07-24T19:09:27Z,1140,,26.3,44.7,11.07,22.8,59.1,12.01
2025-07-24T21:09:51Z,1230,,18.6,65.9,10.49,18.6,70.1,11.15
2025-07-24T23:10:37Z,1515,,16,77.4,10.54,16.2,77.5,10.68
2025-07-25T01:10:07Z,1575,,15.2,80.7,10.47,15,81.6,10.46
2025-07-25T03:10:51Z,1800,,15.6,87.4,11.62,15.8,83.1,11.18
2025-07-25T05:10:19Z,2115,,23.5,76.9,16.26,25.6,61.5,14.65
2025-07-25T07:09:50Z,1665,,38.2,31.7,14.81,34.1,39,14.74
2025-07-25T09:09:45Z,2055,,47.5,19.7,14.56,35.2,33.7,13.49
2025-07-25T11:09:59Z,2295,,48.2,16.6,12.68,30.9,35.3,11.25
2025-07-25T13:09:17Z,2175,,46.6,16.9,11.96,29,37.8,10.87
2025-07-25T15:10:09Z,1890,,42.8,18.2,10.71,28.1,37.6,10.29
2025-07-25T17:10:51Z,1320,,35.4,24.7,9.99,26.9,41.1,10.52
2025-07-25T19:11:48Z,990,,26.1,41.8,10.24,23.6,54.4,11.57
2025-07-25T21:12:29Z,1065,,19.4,60.4,10.07,19.7,65,11.04
2025-07-25T23:13:20Z,1350,,17.2,71.8,10.51,17.5,73.3,10.92
2025-07-26T01:13:21Z,1545,,15.9,78.9,10.68,16.1,78.4,10.74
2025-07-26T03:13:49Z,1800,,16.5,84.4,11.85,17.2,77.9,11.4
2025-07-26T05:13:15Z,2130,,25.3,71.1,16.65,25.7,63.1,15.11
2025-07-26T07:12:34Z,1890,,38.1,34,15.8,31.8,45,15.05
2025-07-26T09:12:57Z,1965,,45,22.9,15.01,32.2,41.1,14.04
2025-07-26T11:12:27Z,1995,,45,22,14.42,28.4,48.7,13.55
2025-07-26T13:12:12Z,1800,,42.7,22.7,13.29,26.6,51.2,12.89
2025-07-26T15:11:43Z,1440,,39.5,27,13.48,26,57.5,14.0
2025-07-26T17:11:26Z,1095,,33.1,35.5,12.72,24.9,60.9,13.94
2025-07-26T19:11:33Z,1050,,25.3,53.3,12.48,22.8,68.3,13.88
2025-07-26T21:11:03Z,1230,,20.5,69.9,12.44,20.1,76,13.21
2025-07-26T23:11:50Z,1455,,18.2,79.5,12.35,18.1,81.7,12.62
2025-07-27T01:11:22Z,1545,,16.9,83.9,12.06,16.7,85.5,12.15
2025-07-27T03:10:37Z,1710,,17.3,89.8,13.22,17.5,86.5,12.89
2025-07-27T05:10:12Z,2040,,24,80.3,17.47,25.9,66.4,16.08
2025-07-27T07:10:17Z,1905,,38.1,36.1,16.78,31.9,47.2,15.87
2025-07-27T09:10:57Z,1860,,42.1,27.6,15.69,29.2,51.6,15.0
2025-07-27T11:10:33Z,2385,,45.4,22.8,15.23,27,51.3,13.21
2025-07-27T13:10:33Z,1980,,43.7,20.4,12.55,26.3,47.3,11.71
2025-07-27T15:10:33Z,1605,,40,23.9,12.23,25.8,51.1,12.31
2025-07-27T17:10:28Z,960,,33.4,33.7,12.27,24.4,62.7,13.96
2025-07-27T19:10:14Z,690,,25.4,52.3,12.32,23,72.6,14.92
2025-07-27T21:10:25Z,555,,21,65.4,11.98,21.4,78.8,14.77
2025-07-27T23:10:12Z,675,,18.3,74,11.57,19.5,82.6,13.86
2025-07-28T01:10:39Z,885,,17.1,81.9,11.92,18.1,87.7,13.55
2025-07-28T03:10:53Z,1410,,18,89.4,13.73,18.5,89.1,14.09
2025-07-28T05:11:34Z,2145,,22.9,89.4,18.27,23.4,78.5,16.51
2025-07-28T07:12:10Z,1875,,34,45.6,17.14,26.8,63.8,16.25
2025-07-28T09:12:06Z,2160,,40.5,30.5,16.01,27.2,55.7,14.5
2025-07-28T11:12:30Z,1830,,41.4,26.9,14.77,26,58.5,14.25
2025-07-28T13:13:08Z,1785,,43.1,26,15.53,26,61.5,14.98
2025-07-28T15:12:51Z,1500,,38.3,29.7,13.95,25.1,61.5,14.24
2025-07-28T17:13:18Z,990,,32.4,36.8,12.71,24.6,63.5,14.3
2025-07-28T19:14:00Z,810,,25,54,12.43,23.2,69.8,14.51
2025-07-28T21:13:22Z,915,,21.8,68.1,13.06,21.9,77.1,14.88
2025-07-28T23:12:46Z,1140,,22.4,71.4,14.18,22.3,77.8,15.36
2025-07-29T01:13:23Z,1275,,21.8,76.3,14.64,21.4,82.7,15.5
2025-07-29T03:13:32Z,1395,,22.2,81.3,15.96,21.3,88.4,16.48
2025-07-29T05:13:21Z,1620,,23.5,78.8,16.67,21.4,87.9,16.48
2025-07-29T07:13:15Z,1860,,26.5,69.2,17.33,22.4,82.7,16.42
2025-07-29T09:13:07Z,1710,,34.7,43.8,17.08,24.3,75.3,16.67
2025-07-29T11:13:56Z,1185,,26.8,59.1,15.05,22.4,81.8,16.24
2025-07-29T13:13:25Z,1950,,26.8,70.3,17.9,23.8,77.5,16.67
2025-07-29T15:13:32Z,1545,,28.7,54.5,15.41,24.2,70.6,15.54
2025-07-29T17:14:11Z,1305,,26,60.2,14.66,23.2,74.5,15.49
2025-07-29T19:14:18Z,1335,,23,69,14.18,22.5,74.5,14.88
2025-07-29T21:15:00Z,1365,,20.7,80,14.4,21.1,81.3,14.98
2025-07-29T23:14:49Z,1530,,20.7,84.5,15.21,20.6,86,15.39
2025-07-30T03:14:21Z,1710,,19.9,89.8,15.43,19.4,90.4,15.08
2025-07-30T07:14:41Z,1740,,31,51.5,16.5,24.1,73.6,16.11
2025-07-30T09:14:15Z,2385,,41.1,33.6,18.17,28.6,55.8,15.69
2025-07-30T11:13:42Z,2115,,40.1,30.1,15.48,27.1,54.5,14.11
2025-07-30T13:13:14Z,2055,,42.9,26.1,15.43,27,55.5,14.29
2025-07-30T15:12:44Z,1920,,39.6,26,13.04,27.2,47.3,12.32
2025-07-30T17:12:37Z,1425,,34.6,32.5,12.61,26.8,51.9,13.22
2025-07-30T19:11:52Z,915,,26.9,46.9,12.01,25,59.9,13.79
2025-07-30T21:11:18Z,975,,22,63,12.23,22.6,68.1,13.68
2025-07-30T23:10:42Z,1365,,19.9,74.2,12.75,20.9,72.3,13.17
2025-07-31T01:09:58Z,1530,,19.6,80.2,13.54,20.3,77.8,13.68
2025-07-31T03:10:16Z,1620,,20,87.4,15.1,20.5,84.2,14.98
2025-07-31T05:10:18Z,2040,,26.6,73.4,18.48,26,69.9,17.02
2025-07-31T07:10:56Z,2025,,36.4,41.9,17.85,29.9,54.8,16.54
2025-07-31T09:11:29Z,2265,,44.1,27.5,17.25,31.6,46.4,15.35
2025-07-31T11:12:07Z,2235,,45.5,22,14.77,29.2,45.4,13.19
2025-07-31T13:12:42Z,1305,,36.5,33.5,14.34,25.8,63,15.17
2025-07-31T15:12:41Z,1215,,32.1,40.7,13.83,24.7,65.4,14.81
2025-07-31T17:12:55Z,1350,,30.6,45.1,14.14,24.2,67.4,14.83
2025-07-31T19:12:52Z,1110,,25.6,58.1,13.84,23.3,72.4,15.14
2025-07-31T21:13:37Z,1200,,21.4,72.3,13.55,21.4,77.8,14.58
2025-07-31T23:14:31Z,1470,,19.6,83,14.01,19.5,84.9,14.25
2025-08-01T01:14:22Z,1530,,18.5,85.9,13.59,18.5,86.9,13.75
2025-08-01T03:13:32Z,1755,,18.9,90.1,14.59,18.7,88.4,14.15
2025-08-01T05:13:41Z,2145,,22.5,82.5,16.48,21.4,78.7,14.75
2025-08-01T07:14:25Z,1830,,28.8,50.4,14.33,23.2,66,13.72
2025-08-01T09:14:45Z,2085,,36.4,36.6,15.59,26.2,57.4,14.14
2025-08-01T11:14:17Z,1905,,37.2,32,14.2,24.8,59.1,13.46
2025-08-01T13:14:04Z,1740,,33.7,37.3,13.8,23.4,64.2,13.5
2025-08-01T15:13:21Z,1410,,33.3,35.6,12.89,23.5,63.3,13.39
2025-08-01T17:12:58Z,1050,,26.6,52,13.1,21.8,75.7,14.52
2025-08-01T19:13:04Z,1035,,22.6,65.8,13.22,20.1,84.4,14.67
2025-08-01T21:13:11Z,1305,,20.7,75.5,13.59,19.3,86.1,14.28
2025-08-01T23:12:42Z,1380,,20.2,77.9,13.62,18.7,87.2,13.96
2025-08-02T01:12:11Z,1425,,19,81.3,13.25,17.7,89.9,13.56
2025-08-02T03:12:15Z,1695,,17.6,84.2,12.62,15.9,91.9,12.44
2025-08-02T05:12:21Z,1845,,18.9,87.6,14.19,17.5,90.7,13.52
2025-08-02T07:12:26Z,1845,,24.3,66.8,14.78,20.2,81.5,14.25
2025-08-02T09:11:35Z,1950,,33.4,38,13.84,25.3,55.1,12.9
2025-08-02T11:12:20Z,2055,,38.4,25.3,11.94,24.2,50.1,11.03
2025-08-02T13:12:03Z,2235,,38.4,24,11.33,22.5,50.4,10.07
2025-08-02T15:12:34Z,1515,,33.9,27.8,10.39,22.2,53.6,10.52
2025-08-02T17:13:22Z,1155,,28.9,35.4,10.12,21.5,58.5,11.03
2025-08-02T19:13:06Z,870,,21.5,55.5,10.46,19.6,71.3,12.03
2025-08-02T21:12:42Z,1020,,16.6,72,10.17,16.6,79.6,11.24
2025-08-02T23:13:10Z,1215,,14.7,81.1,10.21,14.9,85.3,10.87
2025-08-03T01:13:09Z,1350,,13.8,85.8,10.22,13.9,89,10.67
2025-08-03T03:13:59Z,1440,,13.7,89.9,10.64,13.9,91.1,10.92
2025-08-03T05:14:12Z,2745,,21.3,92.2,17.18,22.2,73.1,14.35
2025-08-03T07:14:23Z,1935,,32.3,40.6,13.95,27.1,50.8,13.15
2025-08-03T09:13:51Z,2175,,40.9,25.8,13.81,27.6,46.8,12.46
2025-08-03T11:14:22Z,2160,,41.3,24.1,13.17,25.3,51.2,11.99
2025-08-03T13:13:38Z,1785,,40,24.9,12.74,25,53.5,12.32
2025-08-03T15:13:52Z,1290,,35.9,29.7,12.33,24,60.5,13.16
2025-08-03T17:13:52Z,795,,28,41.5,11.29,22.7,66,13.33
2025-08-03T19:14:30Z,675,,21.7,59.2,11.29,20.9,74.5,13.57
2025-08-03T21:14:53Z,750,,19.5,70.4,11.81,20.1,79.9,13.89
2025-08-03T23:14:26Z,870,,18.6,77.9,12.39,19.4,85.1,14.19
2025-08-04T01:13:57Z,960,,17.2,84,12.3,18.5,86.7,13.71
2025-08-04T03:14:12Z,1230,,18,88.6,13.6,19,88.8,14.47
2025-08-04T05:14:20Z,2310,,23,85.7,17.62,23.4,73.2,15.39
2025-08-04T07:14:50Z,2115,,34,40.5,15.22,27.9,51.2,13.86
2025-08-04T09:14:11Z,2010,,40.2,29.6,15.3,28.3,51.4,14.22
2025-08-04T11:14:04Z,1950,,42.1,26.3,14.95,26.8,55.3,14.08
2025-08-04T13:14:18Z,1890,,43,24.8,14.74,26.8,55,14.01
2025-08-04T15:14:25Z,855,,26.6,47.3,11.91,21.9,70.9,13.68
2025-08-04T17:14:33Z,1095,,20.9,66.5,12.11,18.1,85.3,13.18
2025-08-04T19:14:24Z,1200,,19.8,75.4,12.88,18.2,89,13.83
2025-08-04T21:15:18Z,1260,,18.1,84.3,13.02,17.6,91.5,13.72
2025-08-04T23:15:38Z,1290,,16.4,86.7,12.1,16.3,91.5,12.69
2025-08-05T01:15:11Z,1455,,17.8,92.3,14.0,17.7,95.4,14.39
2025-08-05T03:14:55Z,1770,,18.1,92.6,14.3,17.4,93.4,13.84
2025-08-05T05:14:46Z,1965,,19.1,89.1,14.6,17.7,90,13.57
2025-08-05T07:13:55Z,1935,,25.5,58.2,13.78,20.4,73.1,12.93
2025-08-05T09:14:42Z,1695,,27.5,46,12.18,21.1,64.9,11.96
2025-08-05T11:15:01Z,1575,,26.4,47.9,11.93,20.4,67.3,11.9
2025-08-05T13:15:45Z,1440,,26.2,49.9,12.29,20.7,70.2,12.64
2025-08-05T15:16:09Z,1200,,21.4,66.4,12.45,17.8,88.3,13.4
2025-08-05T17:16:43Z,1365,,20,76.5,13.22,17.6,90.9,13.63
2025-08-05T19:15:54Z,1350,,17.9,82.8,12.64,16.9,91.1,13.1
2025-08-05T21:15:46Z,1455,,16.2,84.9,11.7,15.7,89.1,11.92
2025-08-05T23:14:53Z,1350,,13.5,88.1,10.3,13.4,91.8,10.67
2025-08-06T01:14:43Z,1545,,14.6,95.1,11.9,14.8,94.6,11.98
2025-08-06T03:14:04Z,1800,,15.8,93.8,12.62,15.8,90.3,12.15
2025-08-06T05:14:22Z,2895,,18.3,84.9,13.27,18.4,68.2,10.72
2025-08-06T07:14:13Z,1500,,24.2,49.7,10.94,18.5,70.9,11.21
2025-08-06T09:13:51Z,2820,,29.6,39,11.58,21.2,51.6,9.56
2025-08-06T11:14:11Z,1920,,28.1,35.5,9.71,19.6,54.2,9.15
2025-08-06T13:14:56Z,1890,,29.9,30,9.06,18.6,54,8.59
2025-08-06T15:14:51Z,1215,,26.8,32.8,8.35,17.9,58.7,8.96
2025-08-06T17:14:26Z,855,,21.5,41.3,7.79,16.6,63.7,9.0
2025-08-06T19:13:49Z,780,,16.1,59.4,8.14,15,74.4,9.54
2025-08-06T21:14:09Z,1125,,14.9,70.7,9.01,13.6,83.1,9.78
2025-08-06T23:13:40Z,1335,,13.9,78.9,9.45,12.5,89.4,9.82
2025-08-07T01:13:50Z,1335,,11.9,84,8.89,11.4,90.6,9.3
2025-08-07T03:14:40Z,1410,,10.9,88.5,8.8,10.7,92.5,9.08
2025-08-07T05:14:34Z,2130,,17.3,91.1,13.42,17.5,81.4,12.13
2025-08-07T07:14:36Z,1410,,27.1,42.4,10.98,24.4,51,11.35
2025-08-07T09:13:55Z,1635,,33.3,28.7,10.4,24,47.7,10.38
2025-08-07T11:13:11Z,1680,,30.7,31.7,9.99,22.1,50.6,9.88
2025-08-07T13:13:33Z,1890,,33.6,29.5,10.86,20.9,56.4,10.27
2025-08-07T15:12:40Z,1350,,30.8,33.1,10.49,20,63.8,11.02
2025-08-07T17:13:07Z,1005,,24.5,41.6,9.31,18.1,67.6,10.44
2025-08-07T19:12:55Z,705,,17.2,57.5,8.42,15.7,74.6,9.98
2025-08-07T21:13:40Z,855,,13,71.3,8.08,13.1,81.6,9.31
2025-08-07T23:12:56Z,1050,,10.9,80.7,8.02,11.4,85.9,8.81
2025-08-08T01:12:34Z,1305,,10.8,86.4,8.54,10.9,89.7,8.92
2025-08-08T03:12:44Z,1530,,11.5,90.8,9.38,11.1,93,9.36
2025-08-08T05:12:28Z,2310,,17.8,94.4,14.32,16.8,87.6,12.52
2025-08-08T07:12:01Z,2070,,20.6,75.8,13.56,17.8,80.9,12.27
2025-08-08T09:12:30Z,1395,,24.8,50.9,11.59,19.4,72.2,12.04
2025-08-08T11:13:24Z,1770,,20.6,67.7,12.11,16.5,83.5,11.72
2025-08-08T13:13:07Z,2310,,35.3,30.1,12.11,18.1,68.5,10.58
2025-08-08T15:12:22Z,1545,,18.8,67.3,10.84,15,84.5,10.83
2025-08-08T17:12:27Z,1830,,21.2,64.2,11.9,15.4,86.7,11.39
2025-08-08T19:12:24Z,1440,,14.7,81.2,10.22,13.2,91.3,10.48
2025-08-08T21:11:36Z,1350,,12,86.2,9.18,11.4,93,9.54
2025-08-08T23:11:47Z,1785,,12,92.2,9.82,10.9,95.4,9.49
2025-08-09T01:12:42Z,1620,,11.3,91.4,9.32,10.3,96.6,9.25
2025-08-09T03:12:49Z,1620,,10.7,93.6,9.19,9.9,97.5,9.1
2025-08-09T05:12:20Z,2355,,16.8,99,14.15,15.4,93.2,12.24
2025-08-09T07:11:49Z,2370,,26.3,60.6,15.01,22.2,65.7,12.9
2025-08-09T09:11:59Z,1620,,32.5,39.8,13.82,25,59.6,13.72
2025-08-09T11:12:38Z,2265,,35.8,30.6,12.64,23.1,54.3,11.23
2025-08-09T13:12:07Z,1785,,35.6,28.9,11.81,21.9,59,11.38
2025-08-09T15:11:43Z,1410,,31.9,33.8,11.36,20.8,65.3,11.82
2025-08-09T17:11:10Z,1005,,24.9,41.8,9.57,19.4,64.3,10.73
2025-08-09T19:11:00Z,780,,17.3,61.1,9.0,16,76.9,10.47
2025-08-09T21:11:03Z,975,,13.7,73.5,8.7,13.3,84,9.7
2025-08-09T23:11:34Z,1245,,12.8,81.6,9.14,12.4,88.3,9.64
2025-08-10T01:11:41Z,1275,,10.7,86.5,8.49,10.8,90.7,8.96
2025-08-10T03:11:40Z,1605,,11,91.3,9.14,10.4,93.7,9.03
2025-08-10T05:11:32Z,2085,,14.8,94.4,11.95,13.4,93.1,10.82
2025-08-10T07:11:24Z,2145,,22.4,74.2,14.74,20.3,75.4,13.26
2025-08-10T09:12:14Z,1425,,32.7,35,12.28,24.8,55.8,12.7
2025-08-10T11:13:04Z,750,,25.9,40.9,9.91,19.9,68.3,11.73
2025-08-10T13:12:57Z,945,,24.5,45.9,10.27,19,71.1,11.58
2025-08-10T15:12:19Z,1140,,29.1,35.3,10.2,18.5,70.1,11.09
2025-08-10T17:11:57Z,1245,,24.7,45.9,10.39,18.4,70.4,11.07
2025-08-10T19:11:09Z,1290,,17.7,67.9,10.24,15.9,79.4,10.75
2025-08-10T21:11:54Z,1410,,13.6,77,9.06,12.8,83.2,9.32
2025-08-10T23:11:11Z,1695,,13.1,85.2,9.72,12,89.6,9.55
2025-08-11T01:11:19Z,1815,,12.5,88.4,9.72,11.2,91.7,9.29
2025-08-11T03:12:04Z,1815,,12.4,91.9,10.04,11.1,94.9,9.56
2025-08-11T05:12:32Z,1950,,15.5,92.3,12.2,16.1,82.8,11.35
2025-08-11T07:12:24Z,1665,,25.2,54.7,12.74,24.1,57.5,12.58
2025-08-11T09:12:34Z,1665,,31.1,35.8,11.53,26.2,46.3,11.4
2025-08-11T11:11:48Z,1605,,30.7,28.1,8.86,21.8,46.1,8.84
2025-08-11T13:11:24Z,1860,,33.4,24.7,8.99,21.7,44.9,8.56
2025-08-11T15:10:34Z,1185,,29.5,26.5,7.83,21,46.3,8.48
2025-08-11T17:09:49Z,945,,22.4,39.4,7.82,19.1,54.1,8.87
2025-08-11T19:09:56Z,900,,17.1,52.3,7.61,16.2,62.7,8.64
2025-08-11T21:10:03Z,1380,,13.2,68,7.8,12.9,72.1,8.12
2025-08-11T23:10:19Z,1755,,12.4,77,8.41,11.5,78.8,8.14
2025-08-12T01:11:11Z,1740,,10.8,82.6,8.16,10,84.1,7.9
2025-08-12T03:11:20Z,2055,,11,87.7,8.78,9.8,86.3,8.0
2025-08-12T05:11:36Z,2100,,14.2,85.2,10.4,12.5,85.7,9.42
2025-08-12T07:12:16Z,2070,,16.6,79.8,11.27,13.8,85.8,10.22
2025-08-12T09:12:48Z,2760,,30.5,40.1,12.51,21.7,55.1,10.51
2025-08-12T11:12:51Z,1245,,30,33.8,10.26,18.6,69.3,11.03
2025-08-12T13:13:25Z,1545,,22.5,58.6,11.7,14.5,94.3,11.72
2025-08-12T15:12:53Z,1290,,24.9,50,11.45,15.5,91,12.02
2025-08-12T17:12:10Z,1170,,22.4,54.1,10.74,15.3,88.9,11.6
2025-08-12T19:11:48Z,1065,,15.4,73.8,9.69,12.9,94.3,10.62
2025-08-12T21:12:09Z,1305,,13.4,82.6,9.6,12,94.2,10.04
2025-08-12T23:11:35Z,1500,,12.1,85.6,9.18,10.7,95.1,9.34
2025-08-13T01:12:20Z,1695,,11.1,87.4,8.8,9.3,96,8.63
2025-08-13T03:12:44Z,1725,,10.8,91.1,9.0,9.3,97.4,8.75
2025-08-13T05:13:14Z,1875,,15.1,91.1,11.75,15.1,85.8,11.06
2025-08-13T07:13:18Z,1470,,24.8,53.3,12.14,23.6,58.4,12.42
2025-08-13T09:13:25Z,1575,,30.8,31.5,9.98,25.3,42.8,10.02
2025-08-13T11:12:46Z,1575,,32.8,26.9,9.49,22.5,47.9,9.57
2025-08-13T13:12:03Z,1680,,32.6,24,8.38,21,45.4,8.32
2025-08-13T15:12:46Z,1275,,31.6,24.4,8.07,20.8,47.3,8.56
2025-08-13T17:12:14Z,900,,25.7,36.4,8.72,19.5,59.1,9.92
2025-08-13T19:11:53Z,795,,17.1,54.9,7.99,15.8,68.6,9.23
2025-08-13T21:11:35Z,1185,,13.8,69.1,8.23,13.2,77.4,8.88
2025-08-13T23:10:50Z,1335,,11.7,79.6,8.32,11.3,85.1,8.68
2025-08-14T01:10:52Z,1500,,10.3,85.3,8.17,10,88.3,8.29
2025-08-14T03:10:45Z,1590,,9.9,88.2,8.23,9.4,89.9,8.13
2025-08-14T05:10:08Z,2700,,15.6,95.7,12.72,13.9,89.1,10.68
2025-08-14T07:10:39Z,2085,,24,67.6,14.71,21.5,71.1,13.41
2025-08-14T09:10:04Z,1590,,35.1,31.4,12.5,25.9,51.8,12.55
2025-08-14T11:09:19Z,1800,,38.2,29,13.55,23,63.6,13.07
2025-08-14T13:08:51Z,1740,,36.4,30.5,12.99,22,65.5,12.71
2025-08-14T15:08:45Z,1545,,32.6,31.6,11.03,21.9,57.9,11.17
2025-08-14T17:07:56Z,1050,,26.7,37.5,9.5,20.9,58,10.56
2025-08-14T19:08:27Z,900,,18.6,59.1,9.4,17.6,72.1,10.81
2025-08-14T21:08:53Z,1020,,14.7,74.7,9.4,14.9,82,10.45
2025-08-14T23:09:39Z,1245,,13.3,82.2,9.49,13.5,86.4,10.1
2025-08-15T01:10:09Z,1440,,12.6,85.7,9.48,12.4,88.7,9.69
2025-08-15T03:09:27Z,1755,,14.3,90,11.05,13.2,93.2,10.7
2025-08-15T05:09:52Z,2190,,18.5,92.6,14.65,18.5,82.4,13.03
2025-08-15T07:09:13Z,2400,,25.7,56.5,13.53,23.3,55.6,11.63
2025-08-15T09:09:09Z,1440,,27.1,44.1,11.42,21.6,62.2,11.8
2025-08-15T11:08:56Z,1965,,34.4,35.9,13.78,22.6,64.2,12.9
2025-08-15T13:08:42Z,1545,,33,36.3,12.94,23.5,62.1,13.13
2025-08-15T15:08:27Z,1245,,28.9,39.7,11.35,23.2,58.8,12.22
2025-08-15T17:08:43Z,1200,,24.7,50.7,11.48,21.2,66.7,12.36
2025-08-15T19:09:19Z,915,,20.1,66.4,11.54,18.2,84.9,13.19
2025-08-15T21:08:47Z,1170,,18.3,81.5,12.74,17.1,94.8,13.79
2025-08-15T23:09:01Z,1425,,18.1,85.6,13.22,16.9,94.2,13.54
2025-08-16T01:09:45Z,1695,,17.6,81.2,12.17,16,87.7,11.94
2025-08-16T03:09:13Z,1695,,13.9,83.2,9.97,11.9,91.6,9.7
2025-08-16T05:09:56Z,1860,,15.1,85.2,10.99,14.2,84.9,10.36
2025-08-16T07:10:21Z,1770,,20.2,55,9.61,17.9,60.4,9.22
2025-08-16T09:09:35Z,1455,,20.3,48.6,8.55,16.6,62.1,8.77
2025-08-16T11:09:00Z,1605,,24.3,37.8,8.37,17.7,55.4,8.36
2025-08-16T13:09:16Z,1425,,24.3,37,8.19,15.6,63.4,8.43
2025-08-16T15:09:16Z,1065,,16.4,53.9,7.52,12.8,73.5,8.23
2025-08-16T17:09:10Z,1065,,16.2,54.9,7.57,12.3,76.8,8.34
2025-08-16T19:08:30Z,1230,,13.6,67.7,7.96,11.3,83,8.46
2025-08-16T21:08:38Z,1635,,12.5,80,8.79,10.7,88.5,8.69
2025-08-16T23:07:58Z,1830,,11.9,86.3,9.14,10.1,92.1,8.71
2025-08-17T01:07:06Z,1800,,11.6,85.7,8.9,9.8,92.2,8.55
2025-08-17T03:06:23Z,1845,,11.3,89.3,9.11,9.6,93.7,8.58
2025-08-17T05:07:09Z,1995,,12.4,87.6,9.57,10.2,92.3,8.78
2025-08-17T07:07:16Z,2415,,18,72.1,11.07,14.8,74.5,9.43
2025-08-17T09:06:47Z,1755,,24.1,45.6,9.98,18.6,60.7,9.66
2025-08-17T11:07:28Z,1485,,26.2,35.7,8.79,17.9,58.6,8.94
2025-08-17T13:08:08Z,1530,,26.7,34.4,8.71,18.3,56.1,8.77
2025-08-17T15:08:44Z,1305,,23.5,40.4,8.54,18.2,57.8,8.98
2025-08-17T17:07:55Z,1200,,21.8,42.4,8.13,17.7,57.7,8.7
2025-08-17T19:08:00Z,1440,,16.1,71,9.73,14.5,80.4,10.0
2025-08-17T21:08:45Z,1710,,15.6,76,10.1,13.8,83.2,9.91
2025-08-17T23:08:04Z,1725,,14.8,77.8,9.85,13.2,83.2,9.55
2025-08-18T01:07:43Z,1785,,14.4,81.2,10.03,12.9,85.3,9.61
2025-08-18T03:07:14Z,1800,,14.1,79.9,9.69,12.6,84,9.29
2025-08-18T05:07:26Z,1860,,15.3,77.3,10.09,13.5,81.8,9.56
2025-08-18T07:07:22Z,1800,,17.8,68.3,10.36,14.4,80,9.89
2025-08-18T09:06:48Z,1740,,26.5,38.6,9.67,21.5,49.3,9.3
2025-08-18T11:06:35Z,1770,,30.9,27.2,8.67,19.4,50,8.34
2025-08-18T13:06:38Z,1605,,30.7,25.7,8.1,19.4,48.6,8.11
2025-08-18T15:06:53Z,1245,,28.5,28.2,7.89,19.8,49.3,8.42
2025-08-18T17:07:18Z,915,,22.8,40.1,8.15,18.8,57.7,9.29
2025-08-18T19:06:54Z,1125,,16.3,59.8,8.29,15.4,68.7,9.02
2025-08-18T21:07:05Z,1470,,13.6,74.4,8.75,13,78.2,8.86
2025-08-18T23:07:29Z,1725,,13.1,79,9.01,12.3,80.9,8.78
2025-08-19T01:07:48Z,1845,,11.6,85.6,8.89,10.7,85.7,8.41
2025-08-19T03:07:26Z,2025,,11.4,91.4,9.38,10.2,90,8.56
2025-08-19T05:07:59Z,2010,,14.9,93.2,11.87,15.1,84.7,10.92
2025-08-19T07:07:58Z,1710,,21.4,59.8,11.21,20.1,62.9,10.93
2025-08-19T09:08:01Z,1575,,26.7,38.6,9.77,22.2,50.1,9.84
2025-08-19T11:08:06Z,1560,,27,36.3,9.35,20.5,52.9,9.41
2025-08-19T13:07:29Z,1275,,24.7,35.6,8.06,19.5,51,8.56
2025-08-19T15:07:02Z,1425,,24,33.5,7.29,18.3,47.8,7.47
2025-08-19T17:07:28Z,1065,,19.1,41.6,6.82,16,55,7.49
2025-08-19T19:07:44Z,1320,,14.1,58.9,7.15,12.9,66.5,7.49
2025-08-19T21:06:54Z,1635,,12.9,68.7,7.74,11.7,72.8,7.61
2025-08-19T23:06:24Z,1830,,12.3,73.2,7.95,10.9,76.4,7.6
2025-08-20T01:06:18Z,1845,,9.9,80.4,7.5,8.6,82.3,7.07
2025-08-20T03:06:32Z,1905,,8.6,85.8,7.37,7.2,87.7,6.88
2025-08-20T05:06:12Z,2115,,11.6,86.6,9.0,11.7,77.5,8.1
2025-08-20T07:06:23Z,1740,,19.9,49.8,8.55,17.8,54.4,8.25
2025-08-20T09:06:45Z,1665,,22,38.9,7.55,17.4,50.4,7.47
2025-08-20T11:05:52Z,1935,,23.9,31.1,6.73,15.1,48.7,6.28
2025-08-20T13:06:33Z,1650,,24.1,27.1,5.93,14.9,45.7,5.82
2025-08-20T15:07:18Z,1380,,22.4,29.2,5.8,15,46.9,6.01
2025-08-20T17:07:28Z,1170,,18.1,38.1,5.88,13.8,53.3,6.35
2025-08-20T19:08:06Z,1245,,11.5,57.7,5.96,10,67.2,6.31
2025-08-20T21:08:31Z,1770,,9.1,73.8,6.55,7.7,77.8,6.31
2025-08-20T23:09:18Z,2280,,7.7,84.1,6.82,6.1,81.5,5.95
2025-08-21T01:09:03Z,2115,,8.4,83.7,7.1,6.6,85.1,6.42
2025-08-21T03:09:47Z,1830,,6.4,85,6.33,5.2,86.8,5.98
2025-08-21T05:09:25Z,2340,,11,90.2,9.03,10.7,79.4,7.8
2025-08-21T07:08:35Z,1560,,22.7,43.4,8.77,17.8,57.9,8.78
2025-08-21T09:09:11Z,1830,,24.6,37.3,8.4,16.6,57,8.05
2025-08-21T11:09:52Z,2145,,23.5,40.1,8.48,16.2,55.5,7.65
2025-08-21T13:09:27Z,915,,20,40.2,6.95,14.4,64.4,7.96
2025-08-21T15:08:40Z,1560,,20.8,40.4,7.31,13.2,63.8,7.32
2025-08-21T17:08:23Z,1215,,16.4,49.5,6.91,11.7,70.3,7.35
2025-08-21T19:09:08Z,1335,,10.7,71.2,6.99,9.6,79.7,7.3
2025-08-21T21:08:58Z,1785,,10.8,80.3,7.93,9.5,83.6,7.61
2025-08-21T23:08:58Z,1650,,8.6,83.7,7.19,7.8,87.1,7.11
2025-08-22T01:09:37Z,1605,,6.1,87.2,6.37,5.6,89.5,6.33
2025-08-22T03:10:03Z,1665,,5,90.4,6.14,4.3,91.6,5.94
2025-08-22T05:09:45Z,2745,,9.7,96,8.85,7.8,90.3,7.37
2025-08-22T07:09:19Z,2760,,16.9,80.4,11.56,15.3,73.3,9.57
2025-08-22T09:10:08Z,1305,,23.2,39.4,8.19,17.3,58.3,8.59
2025-08-22T11:10:53Z,1950,,29.8,28,8.41,16.6,55.5,7.84
2025-08-22T13:10:19Z,1560,,24.9,33.1,7.58,15.2,58.8,7.63
2025-08-22T15:10:54Z,2085,,29.7,27.9,8.33,15.3,58.2,7.6
2025-08-22T17:11:21Z,1200,,16.6,50.3,7.1,12.9,67.6,7.62
2025-08-22T21:11:25Z,1530,,8.6,77.9,6.69,7.8,83.2,6.79
2025-08-22T23:11:28Z,1575,,6.4,83.7,6.24,5.8,86.6,6.2
2025-08-23T01:12:01Z,1680,,5.3,88.2,6.11,4.6,89.8,5.94
2025-08-23T03:11:25Z,1740,,5.4,91.5,6.38,4.7,92,6.13
2025-08-23T05:12:14Z,2280,,9.2,93.5,8.35,8.1,86.8,7.22
2025-08-23T07:13:09Z,2430,,18.8,68.8,11.08,17.8,62.3,9.45
2025-08-23T09:12:57Z,1515,,27.3,31.1,8.14,20.2,47.3,8.27
2025-08-23T11:13:37Z,2265,,34.9,20.4,8.04,17.7,47.1,7.1
2025-08-23T13:13:20Z,1440,,25,30.4,7.0,16.9,50,7.19
2025-08-23T15:13:24Z,1380,,26.5,26.7,6.69,16.9,48.6,6.99
2025-08-23T17:14:05Z,1035,,20.4,38,6.72,15.3,56.9,7.43
2025-08-23T19:14:13Z,930,,12.5,56.7,6.23,11.3,68.7,7.0
2025-08-23T21:13:27Z,1530,,9.9,72.4,6.76,9,77.5,6.83
2025-08-23T23:13:23Z,1845,,9.1,80.7,7.16,7.9,82.6,6.78
2025-08-24T01:13:29Z,1860,,8.1,83.8,6.97,6.7,86.5,6.57
2025-08-24T03:13:01Z,1965,,7,87.5,6.78,5.5,89.4,6.28
2025-08-24T05:13:25Z,2190,,10.4,90.5,8.72,10.1,82.3,7.78
2025-08-24T07:12:53Z,1770,,18,58.5,8.98,16.5,61.5,8.63
2025-08-24T09:12:20Z,1335,,25.8,32.8,7.9,18.3,52.7,8.24
2025-08-24T11:11:48Z,1530,,22.2,39.3,7.72,16.3,56.3,7.81
2025-08-24T13:11:40Z,1845,,26,33.9,8.26,16.9,54.9,7.89
2025-08-24T15:11:03Z,1020,,17.7,46.7,7.04,13.1,68.5,7.81
2025-08-24T17:11:57Z,1560,,12.1,73.6,7.89,9.7,85.4,7.87
2025-08-24T19:11:25Z,1815,,10.7,82.2,8.07,8.7,89.3,7.72
2025-08-24T21:11:06Z,1920,,10.4,86.9,8.37,8.5,92,7.85
2025-08-24T23:10:32Z,1935,,10.6,89.7,8.75,8.7,94.1,8.14
2025-08-25T01:11:10Z,1965,,10.7,90.5,8.89,8.9,94.2,8.25
2025-08-25T03:11:23Z,1935,,10.6,91.8,8.96,8.8,95.7,8.33
2025-08-25T05:10:37Z,2055,,10.9,92.8,9.23,9.1,95.2,8.44
2025-08-25T07:11:33Z,2160,,14.9,83.2,10.6,12.8,84.7,9.48
2025-08-25T09:11:53Z,1650,,21.4,49.9,9.35,16.1,67.2,9.21
2025-08-25T11:11:40Z,1425,,19.7,52.3,8.88,14.7,72.6,9.14
2025-08-25T13:12:27Z,1650,,18,56.5,8.68,14.1,70.2,8.52
2025-08-25T15:12:10Z,1650,,19.3,46.5,7.71,14,62.9,7.58
2025-08-25T17:11:41Z,1485,,16,56.5,7.69,13,69.4,7.87
2025-08-25T19:11:20Z,1560,,11.7,75.6,7.9,10.3,82.3,7.88
2025-08-25T21:11:26Z,1725,,10,80.3,7.54,8.8,84.4,7.34
2025-08-25T23:12:08Z,1815,,9,85.8,7.56,7.6,89,7.17
2025-08-26T01:11:29Z,1890,,8.8,89,7.74,7.2,92.5,7.26
2025-08-26T03:11:40Z,1965,,9.4,90.1,8.15,7.8,92.7,7.56
2025-08-26T05:11:29Z,2025,,10.8,89.9,8.88,9.1,91.2,8.09
2025-08-26T07:11:33Z,1770,,20.1,56,9.73,17.5,62.9,9.37
2025-08-26T09:11:08Z,1515,,20.7,48.3,8.69,16.6,62.2,8.78
2025-08-26T11:10:58Z,1365,,23.8,35.6,7.66,17.1,54.8,7.97
2025-08-26T13:11:11Z,1875,,29.6,26.6,7.9,17.6,49.9,7.48
2025-08-26T15:10:34Z,1005,,20,40.1,6.93,15.4,59.4,7.8
2025-08-26T17:10:49Z,900,,16.7,49.6,7.05,14.2,65.9,8.04
2025-08-26T19:11:06Z,1215,,12.2,67.6,7.29,11.4,75.4,7.74
2025-08-26T21:10:40Z,1725,,9.8,80.1,7.43,9.1,81.4,7.22
2025-08-26T23:10:43Z,1935,,9.1,84.8,7.52,7.9,84.7,6.96
2025-08-27T01:10:55Z,2055,,8.7,89.3,7.72,7.3,89,7.03
2025-08-27T03:11:28Z,2055,,9,90.5,7.98,7.4,91.2,7.25
2025-08-27T05:12:08Z,2175,,10.4,93.6,9.02,8.3,95.2,8.02
2025-08-27T07:12:33Z,2265,,14.5,89.8,11.16,13.9,81.6,9.78
2025-08-27T09:12:49Z,1560,,22.4,44.4,8.82,18.3,56.8,8.88
2025-08-27T11:12:32Z,1620,,24.4,36.7,8.17,17.3,55,8.1
2025-08-27T13:13:04Z,1335,,22.7,38,7.68,16.9,56,8.05
2025-08-27T15:13:03Z,1230,,22.9,37,7.56,16.9,55.9,8.04
2025-08-27T17:13:05Z,1065,,17.9,48.9,7.46,15.1,63.4,8.18
2025-08-27T19:12:58Z,1320,,12.9,64.7,7.29,11.8,72.3,7.61
2025-08-27T21:13:54Z,1785,,10.1,77.2,7.3,9.2,78.6,7.02
2025-08-27T23:13:00Z,2025,,8.5,85.2,7.27,7.3,84.7,6.69
2025-08-28T01:12:46Z,1980,,7.2,89.5,7.02,5.8,90,6.45
2025-08-28T03:12:46Z,1875,,5.9,88.9,6.41,4.5,91,5.98
2025-08-28T05:13:22Z,2280,,10.3,97.8,9.36,10,86.4,8.12
2025-08-28T07:14:01Z,2250,,18.1,72.6,11.21,16.5,70.3,9.87
2025-08-28T09:13:25Z,1755,,26.2,39.2,9.65,19.1,56.8,9.31
2025-08-28T11:12:31Z,2220,,30.8,33.2,10.52,17.1,63.9,9.3
2025-08-28T13:12:56Z,1440,,26.3,41.1,10.18,17,72.3,10.46
2025-08-28T15:12:50Z,1305,,22.7,49.4,9.98,16.7,74,10.51
2025-08-28T17:12:49Z,1230,,18.4,62.9,9.89,15.5,80.4,10.62
2025-08-28T19:12:45Z,1260,,14.5,78.6,9.77,13.8,86.7,10.33
2025-08-28T21:12:28Z,1335,,12.9,85.9,9.68,12.9,89.6,10.09
2025-08-28T23:13:00Z,1605,,12.4,89.7,9.8,12,90.9,9.68
2025-08-29T01:13:06Z,1335,,11.4,92.6,9.5,11.8,94.2,9.91
2025-08-29T03:12:53Z,1470,,11.8,95.2,10.02,11.9,96.1,10.17
2025-08-29T05:12:11Z,1935,,13.9,97.1,11.64,12.8,96.5,10.8
2025-08-29T07:13:07Z,2100,,15.8,96.4,12.97,14.4,94.5,11.68
2025-08-29T09:12:45Z,2010,,15.5,89.7,11.85,13.6,92.6,10.89
2025-08-29T11:13:21Z,1890,,15,92,11.79,12.6,100,11.06
2025-08-29T13:13:50Z,1725,,15.4,90.5,11.89,13.2,100,11.48
2025-08-29T15:13:29Z,1695,,14.9,92.2,11.75,13,100,11.34
2025-08-29T17:13:52Z,1695,,15,93.9,12.04,13.4,100,11.62
2025-08-29T19:13:44Z,1785,,15,95.5,12.24,13.5,100,11.69
2025-08-29T21:14:24Z,1785,,15.1,95.6,12.33,13.5,100,11.69
2025-08-29T23:13:48Z,1860,,15,96.5,12.37,13.4,100,11.62
2025-08-30T01:14:12Z,1875,,15.3,97.8,12.77,13.9,100,11.98
2025-08-30T03:13:43Z,1890,,15.8,98.4,13.24,14.4,100,12.36
2025-08-30T05:13:59Z,1980,,16.2,98.9,13.63,14.7,100,12.59
2025-08-30T07:13:44Z,2175,,17.4,98.4,14.58,15.2,100,12.97
2025-08-30T09:13:42Z,2115,,19.3,91.9,15.24,16.2,100,13.78
2025-08-30T11:13:33Z,1740,,19.7,85.8,14.57,16.5,100,14.04
2025-08-30T13:12:43Z,1620,,18.8,86.5,13.93,16.2,100,13.78
2025-08-30T15:12:36Z,1770,,18,91,13.97,15.8,100,13.46
2025-08-30T17:13:15Z,1725,,17.4,93.9,13.91,15.7,100,13.37
2025-08-30T19:13:31Z,1860,,16.4,94.8,13.23,14.6,100,12.51
2025-08-30T21:14:18Z,1890,,15.8,96.4,12.97,14.1,100,12.13
2025-08-30T23:15:01Z,1920,,15.8,97.3,13.09,14.2,100,12.21
2025-08-31T01:14:46Z,1920,,15.6,97.4,12.95,14,100,12.06
2025-08-31T03:14:07Z,1920,,15.4,97.2,12.77,13.8,100,11.91
2025-08-31T05:14:37Z,2010,,15.5,97.6,12.9,13.8,100,11.91
2025-08-31T07:15:12Z,1995,,16.5,95,13.33,14.4,100,12.36
2025-08-31T09:15:14Z,1860,,17.8,90.7,13.76,15.2,100,12.97
2025-08-31T11:15:58Z,1620,,20.2,81.3,14.21,16.7,99.3,14.11
2025-08-31T13:15:45Z,1305,,19.6,76.2,12.86,16,99.5,13.55
2025-08-31T15:15:03Z,1455,,17.6,86.4,12.95,15.6,99.9,13.28
2025-08-31T17:14:17Z,1500,,16.8,89,12.72,15.1,100,12.9
2025-08-31T19:14:14Z,1665,,15.8,93,12.51,14.4,100,12.36
2025-08-31T21:13:53Z,1815,,15.6,95.5,12.7,14.2,100,12.21
2025-08-31T23:14:03Z,1770,,14.7,95.8,12.06,13.5,100,11.69
2025-09-01T01:13:51Z,1725,,13.3,96.7,11.17,12.3,100,10.85
2025-09-01T03:14:12Z,1935,,14,98.4,11.86,12.5,100,10.99
2025-09-01T05:13:15Z,2070,,14.9,98.7,12.57,13.2,100,11.48
2025-09-01T07:13:14Z,1830,,15.9,91.3,12.36,13.7,99.2,11.74
2025-09-01T09:13:45Z,1560,,18.9,72.8,11.79,14.1,96.9,11.76
2025-09-01T11:14:23Z,1515,,20,68.3,11.8,15.1,92.6,11.94
2025-09-01T13:14:27Z,1530,,21.7,61.5,11.73,15.6,89.3,11.87
2025-09-01T15:15:09Z,1335,,20.1,65.6,11.4,15.6,89.9,11.95
2025-09-01T17:14:16Z,1230,,16.3,78.2,10.84,14.1,95.4,11.57
2025-09-01T19:13:47Z,1065,,11.5,88.1,9.1,11.1,98.9,9.96
2025-09-01T21:13:21Z,1050,,9.3,91.1,8.18,9.3,100,8.98
2025-09-01T23:13:40Z,1245,,8.3,93.7,7.9,8.2,100,8.37
2025-09-02T01:13:28Z,1950,,10.5,97.8,9.48,9,100,8.81
2025-09-02T03:13:01Z,1995,,12.1,98.4,10.55,10.5,100,9.7
2025-09-02T05:13:34Z,2025,,13.2,99.1,11.37,11.7,100,10.46
2025-09-02T07:13:34Z,2235,,15.3,99.9,13.04,13.2,100,11.48
2025-09-02T09:13:49Z,2625,,19.2,86.8,14.31,15.4,91.5,12.02
2025-09-02T11:14:25Z,1830,,22.5,60.8,12.14,16.4,81.8,11.41
2025-09-02T13:14:22Z,1710,,22,59,11.45,16.3,80,11.09
2025-09-02T15:14:09Z,1515,,21.5,61.3,11.56,15.9,85.6,11.59
2025-09-02T17:14:20Z,1350,,17.6,74.4,11.15,15,90.6,11.61
2025-09-02T19:14:00Z,1275,,15.9,83.5,11.3,14.5,95.2,11.84
2025-09-02T21:14:35Z,1110,,13.4,89.6,10.41,13.3,97.7,11.28
2025-09-02T23:14:58Z,1500,,13.9,95.1,11.4,13.3,99,11.43
2025-09-03T01:15:13Z,1635,,14.5,95.3,11.85,13.7,98.8,11.69
2025-09-03T03:15:38Z,1500,,14.3,94.4,11.59,13.6,99.3,11.68
2025-09-03T05:15:33Z,2040,,15.8,97.3,13.09,15.3,91.2,11.9
2025-09-03T07:15:06Z,2670,,22.4,68.9,13.68,17.4,77.5,11.48
2025-09-03T09:15:30Z,1680,,25.5,51.6,12.22,17.5,77.6,11.57
2025-09-03T11:15:37Z,1770,,25.6,54,12.86,17.3,81.7,12.03
2025-09-03T13:15:49Z,1470,,23.4,58.5,12.3,17.5,83,12.37
2025-09-03T15:15:15Z,1140,,20.5,68,12.1,17.3,87.7,12.92
2025-09-03T17:14:29Z,1230,,18.1,84.2,13.01,16.5,96.9,13.6
2025-09-03T19:14:26Z,1320,,17.4,88.1,13.05,16,98.5,13.41
2025-09-03T21:14:28Z,1470,,16.2,90,12.41,15,96.9,12.42
2025-09-03T23:14:57Z,1575,,14.9,95,12.1,13.9,99,11.86
2025-09-04T01:14:32Z,1605,,15.2,93.9,12.18,13.9,98.4,11.79
2025-09-04T03:15:19Z,1695,,15,94.2,12.07,13.6,98.2,11.55
2025-09-04T05:15:22Z,1815,,15.6,94.8,12.6,13.9,98.5,11.8
2025-09-04T07:15:56Z,2010,,18.1,84.4,13.04,14.8,92,11.65
2025-09-04T09:16:39Z,1980,,28.2,52.3,14.39,20,74.6,12.89
2025-09-04T11:16:04Z,1920,,31.8,40.7,13.61,19.1,75.4,12.36
2025-09-04T13:15:42Z,1740,,32.9,37.2,13.19,18.4,78.6,12.36
2025-09-04T15:16:13Z,1110,,27.1,43.1,11.16,17.1,82.2,11.96
2025-09-04T17:15:44Z,870,,19.2,61.8,10.19,15.5,87.3,11.54
2025-09-04T19:16:20Z,765,,13.7,79.7,9.43,13.4,93.5,10.86
2025-09-04T21:16:04Z,795,,11,86,8.61,11.4,96.1,9.86
2025-09-04T23:15:28Z,1215,,11.2,91.9,9.31,11,97.6,9.77
2025-09-05T01:14:51Z,1665,,13.3,93.5,10.8,11.8,99.1,10.43
2025-09-05T03:14:44Z,1695,,13.9,94.6,11.34,12.3,100,10.85
2025-09-05T05:15:03Z,2025,,15.2,97,12.59,12.8,100,11.2
2025-09-05T07:15:10Z,2040,,17.9,94.3,14.39,15,100,12.82
2025-09-05T09:14:57Z,2265,,24.4,74.6,16.6,17.7,93.9,14.16
2025-09-05T11:14:30Z,1785,,29.3,51,14.9,18.8,86.1,13.86
2025-09-05T13:14:05Z,1755,,33.4,38,13.84,19.6,76.9,12.98
2025-09-05T15:14:28Z,1275,,30.4,39.4,12.22,19.5,75.3,12.63
2025-09-05T17:14:27Z,900,,21.9,60,11.58,17.6,86.7,13.0
2025-09-05T19:14:52Z,990,,16,79.8,10.87,14.4,96.4,11.91
2025-09-05T21:14:31Z,1245,,15.1,84.2,10.86,13.3,97.8,11.29
2025-09-05T23:14:32Z,1275,,13.4,90.3,10.49,12.4,99.2,10.83
2025-09-06T01:14:37Z,1635,,14.7,93.1,11.72,13,100,11.34
2025-09-06T03:14:06Z,1695,,15.2,93.3,12.11,13.4,100,11.62
2025-09-06T05:14:52Z,1830,,16.4,96.3,13.44,14.6,100,12.51
2025-09-06T07:14:58Z,1845,,18.6,93.6,14.89,16.1,100,13.7
2025-09-06T09:15:01Z,1860,,22.2,84.3,16.55,17.8,99.8,15.14
2025-09-06T11:15:05Z,1665,,28.2,57.7,15.88,19.7,90.1,15.3
2025-09-06T13:15:32Z,1740,,32.7,45.3,15.89,21.1,81.7,15.05
2025-09-06T15:14:54Z,1245,,28.8,50.9,14.47,20.3,86.1,15.14
2025-09-06T17:14:42Z,1035,,22.1,71.8,14.01,19.4,91.5,15.26
2025-09-06T19:14:58Z,1035,,19,82.6,13.46,18.2,95,14.76
2025-09-06T21:15:23Z,1035,,17.1,89.3,12.99,17.1,97.6,14.2
2025-09-06T23:15:39Z,1125,,16.5,93.4,13.11,16.6,99.5,14.05
2025-09-07T01:15:32Z,1140,,16.3,95.2,13.2,16.5,100,14.04
2025-09-07T03:14:41Z,1350,,16.5,96.2,13.5,16.3,100,13.87
2025-09-07T05:15:20Z,1860,,18.3,98.2,15.35,16.7,100,14.21
2025-09-07T07:15:02Z,1920,,19.4,98.9,16.5,17.6,100,14.99
2025-09-07T09:15:23Z,1800,,24.4,75.2,16.74,19.4,93.1,15.53
2025-09-07T11:15:00Z,1620,,25.5,66.2,15.68,19.2,92.8,15.3
2025-09-07T13:14:52Z,1560,,26.5,62.7,15.7,19.5,91.6,15.37
2025-09-07T17:16:06Z,1155,,20.5,78.8,14.02,18.4,94.6,14.87
2025-09-07T19:16:21Z,1095,,16.6,89,12.57,16.3,97.3,13.49
2025-09-07T21:16:37Z,1155,,15.1,92.3,11.9,14.9,99,12.61
2025-09-07T23:16:49Z,1350,,14.4,94.5,11.68,13.8,100,11.91
2025-09-08T01:16:50Z,1695,,14.8,96.8,12.26,13.6,100,11.76
2025-09-08T03:16:06Z,1785,,15.8,98,13.19,14.4,100,12.36
2025-09-08T05:15:29Z,1830,,16.7,99.4,14.12,15,100,12.82
2025-09-08T07:15:29Z,1695,,19.3,97.2,16.12,16.3,100,13.87
2025-09-08T09:15:07Z,1650,,23.7,79.4,16.99,18.2,98.9,15.37
2025-09-08T11:14:32Z,1725,,30.7,58.3,18.38,20.4,92,16.27
2025-09-08T13:13:49Z,1740,,33.7,43.4,16.06,21.5,79.3,14.95
2025-09-08T15:13:11Z,1275,,30.1,44.4,13.55,21.2,75,13.9
2025-09-08T17:13:50Z,870,,21.8,61.2,11.74,18.7,82,13.12
2025-09-08T19:14:13Z,900,,16.6,78.6,11.1,16.6,87.6,12.37
2025-09-08T21:13:29Z,990,,14.6,85.9,10.74,15.2,92.4,11.99
2025-09-08T23:14:18Z,960,,12.8,90.2,10.1,13.5,95.5,11.17
2025-09-09T01:13:45Z,1020,,11.8,93.1,9.79,12.3,97.7,10.6
2025-09-09T03:13:02Z,975,,11.2,93.5,9.47,11.7,99,10.35
2025-09-09T05:12:22Z,1245,,13.3,99.1,11.44,14.2,96.7,11.8
2025-09-09T07:12:18Z,1920,,22.7,93,18.79,21.3,73.8,13.75
2025-09-09T09:11:45Z,1800,,31.4,44.2,14.47,24.2,58.7,12.92
2025-09-09T11:11:16Z,1800,,31,38.9,12.46,20.7,61.3,11.03
2025-09-09T15:10:59Z,1275,,28.4,37.7,10.49,19.6,63.5,10.72
2025-09-09T17:10:58Z,840,,20.5,56.5,10.05,17.7,74.8,11.28
2025-09-09T19:10:34Z,795,,15.7,75.3,10.07,16,83.8,11.41
2025-09-09T21:10:54Z,735,,14,81.6,9.84,14.9,89.4,11.39
2025-09-09T23:10:40Z,900,,13.7,86.7,10.26,14.5,92.2,11.46
2025-09-10T01:11:08Z,1080,,13.9,90.6,10.86,14.2,94.4,11.52
2025-09-10T03:10:50Z,1410,,14.9,92.2,11.75,14.3,94.7,11.63
2025-09-10T05:10:37Z,1635,,16.1,94.9,13.0,15.2,95.4,12.38
2025-09-10T07:10:25Z,1875,,20.7,85.5,15.39,19.1,82.1,13.45
2025-09-10T09:09:29Z,1590,,26.5,54.3,13.6,19.8,76.3,13.03
2025-09-10T11:09:25Z,1785,,27.8,46.2,12.43,20.4,64.9,11.48
2025-09-10T13:08:47Z,1410,,29.1,40,11.56,20.6,64.5,11.54
2025-09-10T15:09:31Z,1185,,27.8,41.7,11.22,20,67.9,11.73
2025-09-10T17:10:15Z,840,,20.6,59.4,10.63,18.5,75.8,11.99
2025-09-10T19:10:53Z,795,,16.5,74.2,10.41,16.9,82.5,11.86
2025-09-10T21:11:11Z,870,,15.3,82.6,10.78,16.1,88,12.06
2025-09-10T23:11:23Z,1215,,15.9,87.2,11.8,16.7,86.9,12.35
2025-09-11T01:10:42Z,1215,,16.3,85.1,11.8,17.3,83.1,12.24
2025-09-11T03:10:20Z,1215,,15.7,88.5,11.84,16.1,90,12.33
2025-09-11T05:10:37Z,1485,,16.4,91.3,12.74,16.6,89.3,12.61
2025-09-11T07:11:29Z,1785,,22.4,71.2,14.14,18.9,78,12.63
2025-09-11T09:11:39Z,1785,,28.5,49,13.71,21.5,66.7,12.58
2025-09-11T11:10:44Z,1635,,28.2,46.8,12.88,20.4,69.1,12.22
2025-09-11T13:10:28Z,1515,,28.4,42.6,11.85,20.2,66.6,11.64
2025-09-11T15:10:17Z,1065,,24.1,45.1,9.87,19.1,64.9,10.64
2025-09-11T17:11:00Z,1020,,18.9,60.1,9.73,18.4,68,10.69
2025-09-11T19:10:22Z,1260,,17.6,67.1,10.06,18.1,67.5,10.43
2025-09-11T21:09:44Z,1260,,16.7,69.1,9.82,17.1,69.8,10.16
2025-09-11T23:09:47Z,1350,,15.7,73,9.76,16.5,70.1,9.84
2025-09-12T01:10:10Z,1425,,15.4,74.4,9.77,15.9,72.4,9.8
2025-09-12T03:09:36Z,1485,,15.2,75.6,9.81,15.3,74.5,9.72
2025-09-12T05:08:48Z,1530,,15.9,72.2,9.77,15.2,74.2,9.63
2025-09-12T07:09:28Z,1635,,18.1,65.4,10.1,15.5,73.5,9.71
2025-09-12T09:09:20Z,1560,,19.5,60.5,10.15,15.6,74.3,9.88
2025-09-12T11:10:03Z,1290,,17,77.6,11.22,14.4,93.8,11.59
2025-09-12T13:09:43Z,1350,,16.5,82.1,11.52,14,96.8,11.67
2025-09-12T15:10:29Z,1350,,15.8,86.1,11.59,13.5,100,11.69
2025-09-12T17:10:28Z,1380,,15.5,89.9,11.88,13.8,100,11.91
2025-09-12T19:10:01Z,1455,,15.9,91.9,12.44,14.4,100,12.36
2025-09-12T21:09:54Z,1455,,15.7,92,12.3,14.2,100,12.21
2025-09-12T23:09:47Z,1515,,15.7,92.4,12.36,14.1,100,12.13
2025-09-13T01:09:01Z,1515,,15.7,92.5,12.37,14.1,100,12.13
2025-09-13T03:09:07Z,1545,,15.8,93.4,12.57,14.3,100,12.28
2025-09-13T05:09:24Z,1545,,15.8,93.9,12.63,14.4,100,12.36
2025-09-13T07:09:23Z,1695,,18,85.5,13.13,15.5,94.5,12.49
2025-09-13T09:09:41Z,2025,,24.1,64.3,14.07,18.3,79.6,12.44
2025-09-13T11:09:15Z,1395,,21.2,64.8,12.01,16.8,84.2,12.03
2025-09-13T13:09:22Z,1515,,20.2,67.9,11.87,16.5,82.4,11.57
2025-09-13T15:09:55Z,1320,,21.9,58,11.19,16.2,82.3,11.34
2025-09-13T17:09:13Z,1020,,16.2,73.5,10.13,14.3,89.4,10.98
2025-09-13T19:09:51Z,1080,,12.7,88.7,9.87,12.4,95.8,10.46
2025-09-13T21:09:07Z,990,,11.2,90.2,9.14,11.3,98,9.99
2025-09-13T23:09:48Z,1140,,10.8,94.1,9.3,10.8,99.6,9.84
2025-09-14T01:10:24Z,1380,,11.6,94.9,9.86,10.9,100,9.94
2025-09-14T03:09:53Z,1365,,12.5,96.7,10.63,12,100,10.65
2025-09-14T05:10:23Z,1710,,14.3,98.2,12.06,13.1,100,11.41
2025-09-14T07:09:49Z,1830,,15.6,98.4,13.08,14,100,12.06
2025-09-14T09:10:22Z,1710,,15.5,96.5,12.75,13.8,100,11.91
2025-09-14T11:10:40Z,1635,,16.4,96.8,13.51,14.3,100,12.28
2025-09-14T13:09:55Z,1710,,16.4,92.7,12.93,14.2,100,12.21
2025-09-14T15:09:10Z,1740,,16.9,91.1,13.1,14.4,99.5,12.29
2025-09-14T17:09:11Z,1485,,15.4,92.3,12.12,13.7,100,11.84
2025-09-14T19:08:47Z,1515,,15.1,94.8,12.23,13.7,100,11.84
2025-09-14T21:08:37Z,1245,,14.3,95.9,11.78,14.3,98.4,12.08
2025-09-14T23:08:58Z,1485,,14.7,95.9,12.07,14.6,94.8,11.86
2025-09-15T01:09:47Z,1515,,15.3,95.5,12.47,14.6,97.2,12.16
2025-09-15T03:09:06Z,1665,,15,92.1,11.8,14.8,88,11.14
2025-09-15T05:08:11Z,1350,,14.5,90.9,11.3,14.1,89.6,10.87
2025-09-15T07:07:52Z,1380,,14.4,91.9,11.36,12.5,97.7,10.74
2025-09-15T09:08:07Z,1350,,14.1,93.2,11.31,11.9,100,10.59
2025-09-15T11:08:27Z,1380,,14.2,93.7,11.44,12.1,100,10.72
2025-09-15T13:08:52Z,1395,,15.3,95.6,12.48,13.3,100,11.55
2025-09-15T15:08:05Z,1350,,15.9,93.2,12.62,13.9,100,11.98
2025-09-15T17:08:41Z,1245,,14.4,92.1,11.38,13.3,100,11.55
2025-09-15T19:08:52Z,1155,,12.3,96.3,10.45,12.2,100,10.79
2025-09-15T21:08:28Z,1380,,13.7,98.1,11.61,13.2,100,11.48
2025-09-15T23:08:56Z,1350,,14.3,97.1,11.92,13.2,100,11.48
2025-09-16T01:09:33Z,1395,,14.6,96.8,12.11,13.7,98.8,11.69
2025-09-16T03:09:12Z,1380,,14.6,96.9,12.12,13.2,100,11.48
2025-09-16T05:08:47Z,1350,,14.5,97.4,12.11,13,100,11.34
2025-09-16T09:08:09Z,1620,,15.7,98,13.11,13.8,100,11.91
2025-09-16T11:07:26Z,1485,,17.5,84.6,12.61,14.4,93.2,11.52
2025-09-16T13:06:47Z,1605,,21.7,64.5,12.3,15.6,88.2,11.72
2025-09-16T15:06:52Z,1200,,17.1,73.7,10.72,13.9,93,11.14
2025-09-16T17:06:45Z,930,,12.7,84.3,9.38,11.8,98,10.31
2025-09-16T19:07:30Z,1050,,12,95.1,10.13,12.2,100,10.79
2025-09-16T21:07:38Z,1245,,12.8,92.7,10.38,12.8,95.4,10.68
2025-09-16T23:08:16Z,1485,,13.6,93.1,10.95,13.1,94.6,10.79
2025-09-17T01:07:39Z,1515,,14.1,93.6,11.35,13.2,96.6,11.09
2025-09-17T03:07:09Z,1545,,13.7,92.6,10.96,12,100,10.65
2025-09-17T05:07:25Z,1590,,13.5,94.6,11.06,12,100,10.65
2025-09-17T07:07:46Z,1740,,15.2,99.1,12.86,13.5,100,11.69
2025-09-17T09:07:08Z,1815,,18.7,79.3,12.69,15.2,87.2,11.31
2025-09-17T11:06:38Z,1590,,18.4,78.5,12.34,15.1,92.3,11.9
2025-09-17T13:06:37Z,1395,,18.7,71.9,11.51,14.5,93.5,11.62
2025-09-17T15:06:21Z,1395,,16.9,77.4,11.13,14.4,90.8,11.22
2025-09-17T17:06:43Z,1245,,14.1,85.5,10.37,12.6,97,10.73
2025-09-17T19:07:13Z,1215,,12.5,92.1,10.12,11.8,100,10.52
2025-09-17T21:07:17Z,1440,,12.5,96.1,10.56,11.7,100,10.46
2025-09-17T23:07:02Z,1440,,11.7,95.3,9.96,10.9,100,9.94
2025-09-18T01:06:48Z,1410,,10.4,95.5,9.2,9.8,100,9.27
2025-09-18T03:07:10Z,1380,,9.7,95.6,8.81,9.2,100,8.93
2025-09-18T05:06:36Z,1815,,12,99.9,10.64,10.6,100,9.76
2025-09-18T07:06:21Z,1800,,15.8,96.9,13.04,13.6,97.9,11.52
2025-09-18T09:07:08Z,1860,,20,76.5,13.22,15.4,87.6,11.5
2025-09-18T11:06:21Z,1500,,23.5,56.7,11.99,16.5,83.6,11.73
2025-09-18T13:05:49Z,1485,,20.4,67.2,11.89,15.6,87.7,11.66
2025-09-18T15:06:06Z,1230,,18.8,68.3,11.0,14.9,88.4,11.26
2025-09-18T17:05:52Z,1020,,14.4,78.8,9.74,12.9,93.1,10.49
2025-09-18T19:06:06Z,1185,,12.2,90.1,9.72,11.6,97.4,10.12
2025-09-18T21:06:48Z,1365,,12.3,92.5,10.04,11.3,99.2,10.11
2025-09-18T23:06:22Z,1215,,11.8,92.2,9.7,11.1,100,10.07
2025-09-19T01:06:16Z,1545,,11.5,96.1,9.92,10.4,100,9.63
2025-09-19T03:06:32Z,1620,,11.7,95.7,10.01,10.2,100,9.51
2025-09-19T05:05:54Z,1455,,12.7,98.2,10.93,10.8,100,9.88
2025-09-19T07:05:40Z,1485,,15.2,98.1,12.73,12.4,100,10.92
2025-09-19T09:04:57Z,1485,,15.4,92.6,12.16,12.8,99.9,11.19
2025-09-19T11:04:46Z,1530,,18.8,73.9,11.9,14.6,89.5,11.2
2025-09-19T13:04:46Z,1500,,21.2,57.9,10.73,15.1,79.7,10.28
2025-09-19T15:04:46Z,1065,,19.8,56.1,9.58,14.6,81.4,10.18
2025-09-19T17:04:44Z,930,,14.6,73.8,9.23,12.6,90.8,10.04
2025-09-19T19:05:31Z,765,,10.4,83.2,8.02,10.2,95.7,9.1
2025-09-19T21:04:55Z,1185,,10.1,90.2,8.53,9.2,98.8,8.82
2025-09-19T23:05:18Z,1275,,9.6,93.4,8.55,8.7,100,8.65
2025-09-20T01:05:35Z,1350,,9.5,94.1,8.56,8.5,100,8.54
2025-09-20T05:05:55Z,1515,,14.8,99.8,12.64,13.8,100,11.91
2025-09-20T07:05:19Z,1545,,16.3,99,13.73,15.2,100,12.97
2025-09-20T09:04:43Z,1575,,17.1,96.1,13.98,15.7,100,13.37
2025-09-20T11:05:14Z,1650,,18.1,91.5,14.13,16.2,97.6,13.45
2025-09-20T13:05:23Z,1710,,20.1,82.7,14.37,16.6,94.8,13.39
2025-09-20T15:05:35Z,1260,,21,68.1,12.47,16.7,89.2,12.67
2025-09-20T17:05:14Z,1215,,16.7,84.9,12.06,15.2,95.6,12.4
2025-09-20T19:04:49Z,1320,,16,90,12.26,14.8,97.9,12.4
2025-09-20T21:05:02Z,1380,,15.3,94.8,12.37,14.4,100,12.36
2025-09-20T23:04:45Z,1455,,15.8,95.8,12.89,14.9,99.9,12.73
2025-09-21T03:04:54Z,1545,,15.8,96.3,12.96,14.7,100,12.59
2025-09-21T05:05:13Z,1635,,15.9,97.6,13.21,14.7,100,12.59
2025-09-21T07:04:57Z,1710,,17.7,99.1,14.95,17.2,95.8,14.02
2025-09-21T09:05:01Z,1815,,24.4,68.1,15.16,20.5,77.9,13.86
2025-09-21T11:05:16Z,1755,,24.8,61.4,13.98,20.1,74.9,13.02
2025-09-21T13:05:28Z,1725,,25.6,56,13.34,18.7,77.7,12.44
2025-09-21T15:04:57Z,1230,,21.9,62.9,12.14,17.9,82.8,12.64
2025-09-21T17:05:43Z,1230,,18.7,77.4,12.39,17.4,86.5,12.81
2025-09-21T19:06:16Z,1170,,17.6,85.8,12.86,17.1,93.8,13.65
2025-09-21T21:06:45Z,1290,,17.5,88.5,13.19,16.6,96.1,13.57
2025-09-21T23:07:21Z,1350,,15.6,88.8,11.8,14.9,94.8,12.08
2025-09-22T01:08:09Z,1545,,15,91.2,11.69,14.4,92.9,11.48
2025-09-22T03:08:12Z,1755,,14.5,84.9,10.55,13.8,82.7,9.85
2025-09-22T05:07:20Z,1635,,12.5,84.6,9.3,11.9,83.8,8.87
2025-09-22T07:07:21Z,1785,,13.9,83,9.95,13.2,80.3,9.22
2025-09-22T11:08:24Z,1455,,17.3,50.1,7.38,13.5,62.8,7.34
2025-09-22T13:07:54Z,1515,,18.6,45.7,7.27,13.2,62.6,7.18
2025-09-22T15:07:15Z,1125,,17.8,45.6,6.92,12.3,67.9,7.37
2025-09-22T19:07:08Z,990,,8.4,74.7,6.34,8.1,83.3,6.93
2025-09-22T21:06:49Z,1140,,6.8,82.5,6.31,6.6,88.1,6.65
2025-09-22T23:07:25Z,1425,,6.9,84.9,6.54,6,89.4,6.49
2025-09-23T01:07:09Z,1485,,7,83.9,6.5,5.8,89,6.38
2025-09-23T03:06:54Z,1500,,6.2,87.1,6.41,5.1,92.6,6.33
2025-09-23T05:07:04Z,1560,,6.7,91.7,6.97,5.8,94,6.73
2025-09-23T07:07:10Z,1935,,10.4,85.1,8.2,8.7,85,7.35
2025-09-23T09:07:49Z,1590,,14.4,63.3,7.82,10.9,75.5,7.51
2025-09-23T11:08:10Z,1530,,13.3,72.2,8.34,10.4,85.3,8.22
2025-09-23T13:08:12Z,1680,,10.4,70.3,6.77,8,77.5,6.41
2025-09-23T15:08:34Z,1605,,10.9,64.5,6.41,7.8,76.3,6.23
2025-09-23T17:08:25Z,1215,,8.2,64.3,5.38,6.1,76.7,5.6
2025-09-23T19:09:13Z,1320,,5.4,75.9,5.3,3.8,84.2,5.28
2025-09-23T21:08:59Z,1320,,4.3,80.7,5.24,2.5,88.3,5.08
2025-09-23T23:09:30Z,1545,,5.4,83.3,5.81,3.5,89.2,5.49
2025-09-24T01:09:09Z,1425,,4.6,84.8,5.61,2.9,91.5,5.41
2025-09-24T03:09:45Z,1410,,4.4,85.5,5.58,2.6,91.8,5.32
2025-09-24T05:10:36Z,1485,,4.4,89.6,5.85,3.1,92.8,5.56
2025-09-24T07:10:01Z,2010,,9.6,81.5,7.46,9.2,71.7,6.4
2025-09-24T09:10:48Z,1740,,13.7,47.3,5.6,12.5,47.7,5.24
2025-09-24T11:10:19Z,1755,,13.3,41.6,4.8,9.7,49,4.52
2025-09-24T13:11:02Z,1725,,16.4,34.8,4.86,9.9,49,4.57
2025-09-24T15:10:59Z,960,,14.2,34.7,4.24,9.5,51.4,4.68
2025-09-24T17:11:27Z,480,,7.2,52.5,4.12,5.8,69.8,5.0
2025-09-24T19:10:42Z,420,,2.1,67,3.75,2.6,79.7,4.61
2025-09-24T21:10:53Z,1020,,3.5,79.8,4.91,3.1,85.9,5.14
2025-09-24T23:10:18Z,1200,,4.2,80.5,5.19,2.9,88.3,5.22
2025-09-25T01:09:59Z,1095,,3.2,80.9,4.88,1.6,91.1,4.93
2025-09-25T03:10:23Z,990,,1.5,84.9,4.56,0.1,93.5,4.57
2025-09-25T05:10:59Z,1665,,4.6,90.4,5.98,2.2,95.2,5.37
2025-09-25T07:10:20Z,2085,,12.2,87.3,9.42,12.3,78.5,8.52
2025-09-25T09:10:14Z,1470,,19.1,57.4,9.41,17.4,63.3,9.38
2025-09-25T11:10:36Z,1455,,17.5,53.5,7.97,14.2,65.5,7.99
2025-09-25T13:09:53Z,1320,,17.5,52.2,7.78,14,67,8.08
2025-09-25T15:09:52Z,1020,,16.1,53.7,7.36,13.3,69.8,8.06
2025-09-25T17:09:49Z,915,,11,67.4,6.74,9.9,80.5,7.51
2025-09-25T19:10:02Z,1485,,7.8,82.4,6.72,7,86.9,6.73
2025-09-25T21:10:42Z,1665,,7.8,84,6.85,6.1,89.9,6.57
2025-09-25T23:11:28Z,1665,,5.8,87.5,6.27,4.1,92.3,5.91
2025-09-26T01:11:29Z,1665,,5.5,91,6.39,3.4,95.2,5.82
2025-09-26T03:10:39Z,1590,,5.2,90.3,6.22,3.1,97.1,5.81
2025-09-26T05:10:09Z,1710,,5.4,94.5,6.59,3.7,97.3,6.07
2025-09-26T07:09:27Z,2025,,13,92.3,10.46,12,86.9,9.26
2025-09-26T09:10:11Z,1815,,15.9,76.3,10.33,14.2,77.9,9.51
2025-09-26T11:10:36Z,1635,,18.4,61.2,9.62,14.2,75.4,9.2
2025-09-26T13:10:01Z,1365,,18.1,53.8,8.31,13.6,71.5,8.41
2025-09-26T15:09:15Z,1185,,15.3,60.6,7.91,12.7,75.3,8.38
2025-09-26T17:09:38Z,1200,,11.5,73.9,7.63,10.3,83.3,7.97
2025-09-26T19:10:16Z,1455,,9.1,82.7,7.34,8,88.5,7.32
2025-09-26T21:10:22Z,1680,,9,86.5,7.62,7.5,90.9,7.27
2025-09-26T23:11:04Z,1680,,8.6,89.9,7.72,7.1,93.9,7.32
2025-09-27T01:10:36Z,1590,,7.8,90.4,7.38,6.5,95.4,7.15
2025-09-27T03:09:42Z,1620,,7.6,91.6,7.38,6.2,96.5,7.1
2025-09-27T05:09:32Z,1650,,7.3,93.2,7.36,5.9,97.8,7.05
2025-09-27T07:09:50Z,2025,,11.8,93.1,9.79,10.2,88.5,8.42
2025-09-27T09:09:17Z,1815,,17.2,62.7,9.18,15.3,65.3,8.52
2025-09-27T11:08:41Z,1740,,17.9,56.1,8.56,13.8,67.6,8.05
2025-09-27T13:09:16Z,1830,,21.9,46.8,9.03,14.4,67.6,8.35
2025-09-27T15:09:27Z,1095,,19.6,45.2,7.63,14,68.2,8.22
2025-09-27T17:10:13Z,1020,,12,67.9,7.23,10.8,79.6,7.87
2025-09-27T19:10:55Z,1215,,9.9,80.6,7.52,9.8,84.9,7.87
2025-09-27T21:11:08Z,1335,,8.5,85.6,7.31,8.3,89.1,7.51
2025-09-27T23:11:26Z,1425,,7.2,88.4,6.94,6.7,92.4,7.02
2025-09-28T01:11:17Z,1425,,6,90.4,6.56,5.4,94.8,6.61
2025-09-28T03:11:50Z,1455,,5.5,91,6.39,4.7,96.2,6.41
2025-09-28T05:11:13Z,1575,,5.9,94.2,6.79,5,97.4,6.62
2025-09-28T07:11:30Z,2205,,12.9,93.5,10.53,12,85.2,9.08
2025-09-28T09:11:22Z,2070,,18,64,9.83,16.7,58.7,8.34
2025-09-28T11:11:47Z,2055,,15.8,61.7,8.3,12.8,62.4,6.99
2025-09-28T13:11:53Z,2100,,19.5,49.1,8.24,12.1,65.3,7.0
2025-09-28T15:12:02Z,1440,,15.6,50.7,6.74,10.7,68.3,6.71
2025-09-28T17:11:36Z,1035,,8.5,70.1,5.98,8,78.3,6.47
2025-09-28T19:11:10Z,960,,5.6,81.2,5.74,6.4,84.8,6.32
2025-09-28T21:11:31Z,1125,,4.8,87,5.83,5.3,89.2,6.18
2025-09-28T23:11:11Z,1260,,4.9,88.4,5.97,4.8,91.8,6.16
2025-09-29T01:11:15Z,1260,,3.9,89,5.62,3.3,93.1,5.65
2025-09-29T03:12:00Z,1425,,4.3,91.2,5.92,3.2,95.1,5.73
2025-09-29T05:11:13Z,1230,,3.6,90.4,5.6,2.7,95.6,5.57
2025-09-29T07:10:51Z,2250,,10.7,95.5,9.38,9.7,78.6,7.24
2025-09-29T09:11:16Z,2235,,13.9,68.8,8.24,9.3,66.9,6.01
2025-09-29T11:12:05Z,2040,,16.5,47.9,6.72,9.4,63,5.7
2025-09-29T13:12:03Z,1815,,15.9,45.6,6.17,8.7,65.2,5.64
2025-09-29T15:11:32Z,1395,,14.6,46.1,5.77,8,69.8,5.77
2025-09-29T17:11:43Z,990,,7.5,65.3,5.23,6.1,78,5.7
2025-09-29T19:11:00Z,1095,,5,77.1,5.24,4.6,84,5.56
2025-09-29T21:11:26Z,1455,,5,83.1,5.65,3.8,87.2,5.47
2025-09-29T23:11:09Z,1260,,3.1,86.1,5.16,2,90.6,5.04
2025-09-30T01:10:38Z,1215,,3.2,85.7,5.17,1.8,92.2,5.06
2025-09-30T03:10:29Z,1125,,2,88.6,4.93,0.9,94,4.85
2025-09-30T05:10:21Z,870,,1,88.3,4.59,0.3,95,4.7
2025-09-30T07:10:32Z,2100,,7.2,97.7,7.67,4.3,94.6,6.14
2025-09-30T09:10:39Z,2220,,13.3,64.5,7.45,9.7,65.9,6.07
2025-09-30T11:10:46Z,2025,,15.5,47.9,6.33,9.8,60.8,5.64
2025-09-30T13:10:27Z,1590,,15.7,40.9,5.47,9,60.1,5.3
2025-09-30T15:11:00Z,1350,,13.3,43.7,5.05,8,63.3,5.23
2025-09-30T17:10:35Z,1095,,5,68,4.62,4.2,77,4.96
2025-09-30T19:11:13Z,1545,,3.8,83.1,5.21,2.7,84.1,4.9
2025-09-30T21:11:05Z,1755,,6.3,76,5.63,5.1,77.4,5.29
2025-09-30T23:11:21Z,1680,,7,73.8,5.72,5.2,79.1,5.45
2025-10-01T01:10:38Z,1665,,7,74.6,5.78,5.1,80.8,5.53
2025-10-01T03:11:01Z,1680,,7,75.7,5.87,5,82.5,5.61
2025-10-01T05:11:18Z,1770,,7,77.6,6.01,4.9,83.8,5.66
2025-10-01T07:11:27Z,1815,,9,74,6.52,5.8,84,6.02
2025-10-01T09:11:24Z,2085,,14.2,61.7,7.53,9.7,72.2,6.65
2025-10-01T11:12:07Z,1875,,14.7,52.5,6.61,10.6,61.8,6.03
2025-10-01T13:11:41Z,2040,,19.6,40.1,6.77,11,60.2,6.02
2025-10-01T15:10:49Z,1140,,14,47.7,5.75,9.8,65.8,6.1
2025-10-01T17:11:06Z,1140,,9.8,63.2,5.86,8.1,74.4,6.19
2025-10-01T19:10:24Z,1140,,4.6,78,5.16,4.6,82.8,5.48
2025-10-01T21:10:31Z,960,,2.4,84.8,4.84,2.9,87.8,5.19
2025-10-01T23:11:19Z,900,,1.5,88.1,4.73,1.8,91.4,5.01
2025-10-02T01:11:22Z,1065,,2.3,87.9,4.99,1.8,92.5,5.07
2025-10-02T03:12:14Z,1785,,5.1,91.7,6.27,3.3,93,5.64
2025-10-02T05:11:34Z,1890,,6.2,89.5,6.58,4.3,91.3,5.92
2025-10-02T07:11:37Z,2100,,7.5,89.4,7.15,5.2,91.1,6.27
2025-10-02T09:12:01Z,2220,,9.2,90.7,8.1,6.5,90.7,6.8
2025-10-02T11:11:39Z,1965,,12.1,77.9,8.35,8.6,87,7.47
2025-10-02T13:12:16Z,1725,,13.9,59.6,7.14,9.7,73.5,6.77
2025-10-02T15:12:49Z,1530,,12.2,58.9,6.35,8.9,72.3,6.33
2025-10-02T17:12:55Z,1455,,9.7,68.5,6.31,7.8,77.8,6.35
2025-10-02T19:12:18Z,1365,,7.3,74.8,5.91,6.3,81.6,6.04
2025-10-02T21:13:05Z,1230,,3.8,83.6,5.25,3.1,88.4,5.29
2025-10-02T23:13:30Z,1035,,2.2,88.4,4.98,2.3,91.5,5.19
2025-10-03T01:13:48Z,1035,,1.5,89,4.78,1.2,92.2,4.85
2025-10-03T03:13:38Z,1485,,2.7,91.1,5.31,1.9,89.8,4.96
2025-10-03T05:13:13Z,1485,,3.1,85.4,5.11,1.9,87.1,4.81
2025-10-03T07:12:29Z,2295,,5.9,90.5,6.53,4,84.6,5.38
2025-10-03T09:11:51Z,2160,,8.9,76.1,6.66,6.2,77.5,5.7
2025-10-03T11:12:00Z,1665,,11.7,58.3,6.1,7.7,71.9,5.83
2025-10-03T13:11:13Z,1395,,12.3,55.9,6.07,8.3,72.6,6.12
2025-10-03T15:11:55Z,1335,,10.7,61.2,6.01,7.8,75.2,6.14
2025-10-03T17:12:08Z,1455,,8.9,70.4,6.17,7,79.3,6.14
2025-10-03T19:12:53Z,1455,,6.1,80.6,5.89,5.7,82.8,5.89
2025-10-03T21:12:55Z,1800,,7.2,82.1,6.44,5.8,83.9,6.01
2025-10-03T23:12:57Z,1770,,7.7,81.9,6.64,6,86.8,6.3
2025-10-04T01:13:22Z,1575,,4.8,88.1,5.91,3.8,90.4,5.67
2025-10-04T03:13:48Z,1275,,4.2,87.3,5.63,3.5,92.4,5.68
2025-10-04T05:13:54Z,840,,2.4,92.7,5.3,3.6,95.6,5.92
2025-10-04T07:14:14Z,2310,,8.9,97.2,8.51,7,90.8,7.03
2025-10-04T09:14:44Z,2130,,12.1,80.2,8.6,8.6,82.9,7.12
2025-10-04T11:14:21Z,1830,,14.3,64.5,7.92,8.9,83.6,7.32
2025-10-04T13:13:39Z,1560,,12.2,68.6,7.4,8.3,85.5,7.21
2025-10-04T15:13:42Z,1530,,10.4,71.2,6.86,7.5,83.8,6.71
2025-10-04T17:13:14Z,1620,,9,71.1,6.27,6.9,79,6.08
2025-10-04T19:13:19Z,1485,,8.7,75.7,6.55,7,83.4,6.46
2025-10-04T21:13:35Z,1515,,9.8,81.1,7.52,8.1,89,7.4
2025-10-04T23:13:40Z,1530,,10.6,83.8,8.18,9.1,90.4,8.02
2025-10-05T01:14:27Z,1560,,10.1,86.5,8.18,8.7,92.8,8.02
2025-10-05T03:14:28Z,1665,,9.8,85.4,7.92,9.1,86.5,7.67
2025-10-05T05:13:51Z,1695,,10,86,8.08,9.2,85.9,7.67
2025-10-05T07:13:13Z,1815,,11.3,83.3,8.49,9.4,88,7.96
2025-10-05T09:13:13Z,2100,,14.4,72.8,9.0,10.6,80.7,7.87
2025-10-05T11:14:07Z,1635,,12.4,78.6,8.58,9.2,92.5,8.26
2025-10-05T13:13:22Z,1620,,11.7,79.5,8.31,9.3,89.2,8.01
2025-10-05T15:12:53Z,1620,,10.9,85.8,8.53,8.6,95.9,8.24
2025-10-05T17:13:04Z,1560,,10.6,90.3,8.81,8.7,99.4,8.59
2025-10-05T19:13:18Z,1680,,10.4,91,8.77,8.5,98.7,8.43
2025-10-05T21:13:04Z,1755,,10.3,92.9,8.89,8.3,100,8.43
2025-10-05T23:12:38Z,1815,,10.5,93.9,9.1,8.5,100,8.54
2025-10-06T01:13:00Z,1785,,10.5,94.1,9.12,8.7,100,8.65
2025-10-06T03:13:41Z,1800,,11,95.6,9.57,9.3,100,8.98
2025-10-06T05:14:02Z,1800,,11,94.3,9.44,9.1,100,8.87
2025-10-06T07:14:06Z,1845,,11.2,94.4,9.57,9,100,8.81
2025-10-06T09:13:31Z,1950,,12.4,92.1,10.06,9.6,100,9.16
2025-10-06T11:14:13Z,1875,,13,90.8,10.29,10.1,100,9.45
2025-10-06T13:14:17Z,1815,,14.2,88.4,10.79,11,100,10.01
2025-10-06T15:13:41Z,1695,,13.5,90.7,10.6,11.1,100,10.07
2025-10-06T17:13:04Z,1575,,12,92.4,9.84,10.4,100,9.63
2025-10-06T19:12:53Z,1785,,12,96.5,10.28,10.4,100,9.63
2025-10-06T21:12:49Z,1725,,11.4,96.2,9.87,10,100,9.39
2025-10-06T23:12:40Z,1695,,11.6,96,9.97,10.1,100,9.45
2025-10-07T01:12:14Z,1755,,11.4,97,9.95,10,100,9.39
2025-10-07T03:11:54Z,1875,,11.9,98.8,10.46,10.4,100,9.63
2025-10-07T05:11:28Z,1905,,12.2,98.6,10.64,10.6,100,9.76
2025-10-07T07:12:09Z,2040,,13.2,98.2,11.27,11.1,100,10.07
2025-10-07T09:11:16Z,1860,,14.8,94.3,11.94,12.9,98.1,11.05
2025-10-07T11:10:36Z,1575,,16.2,81.1,11.18,12.6,98.3,10.87
2025-10-07T13:10:02Z,1695,,18.2,69.2,10.75,12.9,90.9,10.24
2025-10-07T15:10:08Z,1485,,15.2,78.5,10.18,12.1,95.5,10.24
2025-10-07T17:09:32Z,1440,,12.9,87.5,9.86,11.3,97.4,9.93
2025-10-07T19:09:09Z,1530,,12.4,89.9,9.82,11.5,94.3,9.74
2025-10-07T21:09:06Z,1530,,12.3,90.1,9.78,11.1,95.9,9.66
2025-10-07T23:09:16Z,1605,,12.1,91.4,9.8,10.8,96.6,9.54
2025-10-08T01:08:44Z,1605,,12.1,91.8,9.84,10.7,97.3,9.55
2025-10-08T03:09:26Z,1665,,11.8,90.6,9.53,10.6,94.6,9.23
2025-10-08T05:08:57Z,1695,,12.1,91.6,9.82,10.8,95.6,9.45
2025-10-08T07:09:36Z,1830,,13.9,84.6,10.14,11.4,93,9.54
2025-10-08T09:09:34Z,1635,,13.2,86.5,9.93,11.2,96.3,9.76
2025-10-08T11:09:23Z,1635,,12.8,90.5,10.13,10.9,98.7,9.81
2025-10-08T13:09:22Z,1695,,12.8,92.8,10.39,11,100,10.01
2025-10-08T15:09:25Z,1695,,12.6,94.4,10.44,10.9,100,9.94
2025-10-08T17:10:04Z,1695,,12.3,94.9,10.3,10.7,100,9.82
2025-10-08T19:10:17Z,1695,,12,94.6,10.08,10.4,100,9.63
2025-10-08T21:10:19Z,1785,,11.8,95.6,10.06,10.1,100,9.45
2025-10-08T23:10:41Z,1845,,12.2,96.6,10.42,10.5,100,9.7
2025-10-09T01:11:16Z,1845,,12.4,97.4,10.64,10.7,100,9.82
2025-10-09T03:11:14Z,1845,,12.5,97.3,10.69,10.8,100,9.88
2025-10-09T05:11:53Z,1815,,12.5,97.7,10.74,11,100,10.01
2025-10-09T07:11:41Z,1935,,13.4,97.8,11.36,11.5,100,10.33
2025-10-09T11:12:19Z,1890,,16.5,75.5,10.6,12.4,89,9.72
2025-10-09T13:12:57Z,1770,,17.9,66.8,10.2,12.5,87.4,9.61
2025-10-09T15:13:26Z,1380,,14.2,77.1,9.41,11.3,93.7,9.55
2025-10-09T17:12:59Z,1335,,11,89.5,8.96,9.8,99.4,9.22
2025-10-09T19:13:01Z,1350,,9.6,92.8,8.5,8.9,100,8.76
2025-10-09T21:13:18Z,1560,,10,96,9.02,9.2,99.7,8.9
2025-10-09T23:12:35Z,1695,,11,96.9,9.7,10,100,9.39
2025-10-10T01:13:28Z,1785,,11.3,96.1,9.8,9.9,100,9.33
2025-10-10T03:13:02Z,1785,,10.6,94.8,9.25,9,100,8.81
2025-10-10T05:13:19Z,1815,,10,95.5,8.97,8.5,100,8.54
2025-10-10T07:13:43Z,1965,,11.3,96.2,9.81,9.3,100,8.98
2025-10-10T09:13:43Z,1815,,10.5,87.4,8.47,9.2,88.9,7.94
2025-10-10T11:13:30Z,1875,,10.9,80,7.95,9.3,82.5,7.41
2025-10-10T13:12:50Z,1785,,14.6,58,7.25,10,73.1,6.87
2025-10-10T15:12:06Z,1020,,11.5,59.1,6.1,8.7,78.1,6.75
2025-10-10T17:11:50Z,1020,,5.4,78.8,5.5,4.8,89.9,6.03
2025-10-10T19:11:40Z,1095,,4,85.1,5.41,3.4,93,5.68
2025-10-10T21:11:06Z,1290,,3.9,90.8,5.74,3.3,95.2,5.78
2025-10-10T23:11:47Z,1800,,7,92.1,7.14,5.9,94.2,6.79
2025-10-11T01:12:23Z,1695,,9.1,91.2,8.09,8.4,93.1,7.9
2025-10-11T03:12:54Z,1665,,9.5,92.2,8.39,8.3,97.9,8.25
2025-10-11T05:13:28Z,1665,,8.4,91.7,7.78,7.5,94.7,7.58
2025-10-11T07:12:38Z,2265,,10.5,78.6,7.62,10.4,68.5,6.6
2025-10-11T09:12:13Z,1785,,12.1,58.8,6.3,11.2,59.4,6.02
2025-10-11T11:12:48Z,1755,,12.5,55.3,6.08,10.3,60.7,5.81
2025-10-11T13:12:19Z,1785,,13,52.3,5.93,9.6,61.5,5.63
2025-10-11T15:11:48Z,1440,,10.7,57.2,5.62,8.3,67.9,5.72
2025-10-11T17:11:18Z,1425,,8.7,65.9,5.7,7.1,74.8,5.83
2025-10-11T19:10:56Z,1365,,6.3,73.4,5.43,5.1,82.2,5.62
2025-10-11T21:11:34Z,1305,,5,78.8,5.36,3.8,87.5,5.49
2025-10-11T23:11:18Z,1425,,4.8,82.7,5.55,3.4,90.4,5.52
2025-10-12T01:12:12Z,1740,,5.8,85.1,6.1,3.7,91.6,5.71
2025-10-12T03:11:46Z,1740,,6.4,83.8,6.24,4.1,92.1,5.9
2025-10-12T05:12:15Z,1635,,6.1,83.9,6.13,4,92.5,5.88
2025-10-12T07:11:23Z,2010,,7.4,83.6,6.65,5.2,87.5,6.03
2025-10-12T09:10:59Z,1935,,9,73.5,6.48,6.1,82.1,6.0
2025-10-12T11:11:30Z,1770,,10.7,62.4,6.13,7.5,72.7,5.82
2025-10-12T13:11:07Z,1650,,11,60.4,6.04,7.9,72,5.91
2025-10-12T15:11:39Z,1605,,9.1,66.1,5.86,6.8,75.5,5.77
2025-10-12T17:11:38Z,1605,,7.5,74.3,5.95,5.8,81,5.8
2025-10-12T19:12:06Z,1770,,7.6,66.2,5.33,6,70.1,5.09
2025-10-12T21:12:24Z,1680,,7,67.5,5.23,5.1,74.1,5.07
2025-10-12T23:11:49Z,1545,,5.8,72.1,5.16,4,79.2,5.04
2025-10-13T01:11:57Z,1530,,5.3,72.7,5.04,3.5,79.1,4.87
2025-10-13T03:12:33Z,1680,,5.8,72.7,5.21,3.8,78.4,4.92
2025-10-13T05:12:00Z,1680,,6,74.9,5.44,3.9,82.1,5.19
2025-10-13T07:11:16Z,1800,,7.4,73.8,5.87,5.1,81.3,5.56
2025-10-13T09:10:54Z,1845,,9.3,64.8,5.82,6,75.1,5.45
2025-10-13T11:10:51Z,1680,,10,62,5.82,6.5,74.9,5.62
2025-10-13T13:10:10Z,1620,,9.3,63.6,5.71,6.1,76.6,5.6
2025-10-13T15:09:09Z,1560,,8.3,69.1,5.82,5.5,82.3,5.78
2025-10-13T17:09:22Z,1650,,7,80,6.2,4.5,91.3,6.0
2025-10-13T19:09:29Z,1680,,6.7,81.6,6.2,4.4,91.8,6.0
2025-10-13T21:09:13Z,1710,,6.8,80.8,6.18,4.4,90.1,5.88
2025-10-13T23:08:59Z,1710,,6.9,79.4,6.11,4.3,89.6,5.81
2025-10-14T01:08:40Z,1665,,6.3,80.5,5.96,3.9,90.2,5.7
2025-10-14T03:08:35Z,1680,,6.1,84.3,6.16,3.6,94.2,5.83
2025-10-14T05:07:55Z,1710,,6.2,87.2,6.41,3.6,97.3,6.02
2025-10-14T07:07:38Z,1800,,6.9,88.5,6.81,4.4,97.4,6.36
2025-10-14T09:07:11Z,1860,,8.4,82.5,7.0,5.8,91.7,6.57
2025-10-14T11:06:37Z,1905,,11.2,69.2,7.01,7.1,83.7,6.53
2025-10-14T13:06:04Z,1680,,10.8,64,6.32,7.1,78.6,6.13
2025-10-14T15:06:39Z,1455,,8.6,71.3,6.13,6,85.7,6.22
2025-10-14T17:06:11Z,1545,,6.7,79,6.0,4.6,89.9,5.95
2025-10-14T19:05:56Z,1620,,6.3,82.9,6.14,4.1,92.6,5.93
2025-10-14T21:06:41Z,1680,,6.2,84.9,6.24,3.9,94.2,5.95
2025-10-14T23:06:31Z,1515,,5.4,85.3,5.95,3.2,96.5,5.82
2025-10-15T01:05:56Z,1680,,5.4,89,6.21,2.9,98.8,5.84
2025-10-15T03:05:46Z,1680,,5.6,88,6.22,3,98.4,5.85
2025-10-15T05:06:36Z,1620,,4.9,88.4,5.97,2.2,98.5,5.55
2025-10-15T07:06:06Z,1980,,6.6,90.1,6.8,3.5,98.1,6.03
2025-10-15T09:05:29Z,2025,,9.2,82.2,7.34,5.6,94.9,6.71
2025-10-15T11:05:37Z,2145,,12.9,68.4,7.71,7.5,85.8,6.87
2025-10-15T13:06:02Z,1530,,12.7,65.5,7.29,8.5,85.5,7.3
2025-10-15T15:04:58Z,1410,,11.3,70.9,7.23,8.4,86.9,7.37
2025-10-15T17:04:34Z,1530,,10,77.7,7.3,7.9,89.2,7.33
2025-10-15T19:05:22Z,1530,,9.3,82.2,7.39,7.4,93.3,7.42
2025-10-15T21:06:07Z,1455,,7.4,85.7,6.81,5.9,96.1,6.93
2025-10-15T23:05:16Z,1470,,6.3,88.4,6.54,4.7,98.6,6.57
2025-10-16T01:06:05Z,1485,,5.9,90.1,6.5,4.4,100,6.53
2025-10-16T03:06:26Z,1710,,6.2,92.8,6.82,4.4,100,6.53
2025-10-16T05:07:02Z,1935,,8.2,93.4,7.82,6,100,7.26
2025-10-16T07:06:50Z,1905,,9.5,92.9,8.45,7.2,100,7.85
2025-10-16T09:06:37Z,1995,,10.9,92.4,9.19,8.4,99.2,8.41
2025-10-16T11:06:48Z,1800,,11.9,86.9,9.2,9.8,93.7,8.69
2025-10-16T13:06:45Z,2010,,10.6,67.9,6.62,7.6,74.8,6.03
2025-10-16T15:05:54Z,1365,,8.7,61.5,5.32,6,75.5,5.48
2025-10-16T17:05:34Z,1320,,5.1,71.9,4.92,3.4,81.3,4.97
2025-10-16T19:05:30Z,1320,,4,76.8,4.88,2,86.3,4.8
2025-10-16T21:06:14Z,960,,2.1,78.1,4.37,0.1,91.2,4.45
2025-10-16T23:06:55Z,990,,0.8,83.4,4.27,-1.5,94.9,4.15
2025-10-17T01:06:47Z,825,,0.5,81.3,4.08,-1.8,96.8,4.14
2025-10-17T03:07:39Z,480,,-2.5,82.1,3.35,-3.5,98,3.72
2025-10-17T05:07:37Z,720,,-1.2,89.4,3.99,-2.3,98.8,4.08
2025-10-17T07:08:11Z,1725,,3,98.9,5.88,2.6,93.5,5.41
2025-10-17T09:08:38Z,1755,,7.3,80.7,6.38,7.8,74.8,6.1
2025-10-17T11:08:38Z,1920,,7.6,74.6,6.01,6.5,74.2,5.56
2025-10-17T13:08:27Z,2325,,12.1,56.3,6.04,6.1,70.7,5.17
2025-10-17T15:07:51Z,1200,,7.6,60.5,4.87,4.6,77.6,5.14
2025-10-17T17:07:20Z,735,,1.6,75.4,4.08,0.9,86.8,4.48
2025-10-17T19:07:51Z,465,,-1.3,79.6,3.53,-1.2,91.4,4.08
2025-10-17T21:07:09Z,450,,-3.3,83.2,3.2,-2,93.7,3.95
2025-10-17T23:07:22Z,450,,-3.7,85.2,3.19,-2.9,95.6,3.79
2025-10-18T01:07:07Z,450,,-3.1,86.2,3.37,-2.7,97,3.9
2025-10-18T03:06:40Z,450,,-3.5,83.5,3.17,-3.5,97.6,3.71
2025-10-18T05:06:36Z,450,,-2.7,87.9,3.53,-3.1,98.8,3.86
2025-10-18T07:06:26Z,960,,-0.2,98.2,4.7,0.4,95.1,4.74
2025-10-18T09:05:58Z,1950,,6.1,89,6.5,5.8,83.1,5.95
2025-10-18T11:05:40Z,1620,,5.5,77.4,5.44,4.5,80,5.26
2025-10-18T13:05:41Z,2715,,9.5,69.8,6.35,4.6,78.3,5.18
2025-10-18T15:05:39Z,1305,,6,67.1,4.87,3,82.2,4.89
2025-10-18T17:05:28Z,675,,0.7,74.8,3.81,-0.4,88.8,4.19
2025-10-18T19:06:01Z,450,,-3.3,79.3,3.05,-2.8,92.8,3.7
2025-10-18T21:06:08Z,465,,-5.7,82.2,2.67,-4.2,95,3.43
2025-10-18T23:05:45Z,450,,-5.4,83.7,2.77,-4.4,96.3,3.43
2025-10-19T01:05:56Z,465,,-5.2,83,2.79,-4.8,97.3,3.37
2025-10-19T03:06:32Z,465,,-5.5,82.5,2.71,-5.1,98,3.32
2025-10-19T05:05:49Z,450,,-5.6,83.5,2.73,-5,98.8,3.37
2025-10-19T07:06:18Z,510,,-2.5,98.2,4.0,-0.8,96.3,4.42
2025-10-19T09:06:12Z,2295,,6.7,100,7.6,7.7,80.5,6.53
2025-10-19T11:06:59Z,2070,,8.3,77.5,6.53,8.2,70.1,5.87
2025-10-19T13:06:55Z,2610,,11,68.1,6.81,7.8,69.6,5.68
2025-10-19T15:07:32Z,1545,,8.3,73.7,6.21,6.1,84.3,6.16
2025-10-19T17:07:27Z,1095,,4.4,80.8,5.28,3.3,91.5,5.55
2025-10-19T19:07:04Z,705,,1.4,82.8,4.42,1.1,93.7,4.9
2025-10-19T21:06:41Z,465,,-1.1,83.7,3.76,-0.9,95.2,4.34
2025-10-19T23:06:38Z,465,,-3.2,85.1,3.3,-2,97,4.09
2025-10-20T01:07:10Z,465,,-3.9,85.3,3.15,-2.9,98.1,3.89
2025-10-20T03:07:15Z,465,,-4,84.8,3.11,-3.6,98.9,3.73
2025-10-20T05:06:48Z,465,,-3.7,85.8,3.21,-3.5,99.3,3.77
2025-10-20T07:07:27Z,1065,,0.6,96.5,4.88,0.3,98.1,4.86
2025-10-20T09:08:01Z,2130,,8.6,91.3,7.84,7.2,88.6,6.95
2025-10-20T11:07:57Z,2325,,10.4,83.7,8.06,8.8,79.5,6.92
2025-10-20T13:07:04Z,2145,,11.9,73.2,7.75,8.6,80.2,6.89
2025-10-20T15:07:07Z,1635,,9.2,79.2,7.07,7,89.6,6.94
2025-10-20T17:07:44Z,1230,,5.6,82.6,5.84,4.6,93.1,6.16
2025-10-20T19:07:54Z,1200,,3.4,87.7,5.36,2.6,95.2,5.51
2025-10-20T21:08:25Z,1665,,5.3,91,6.31,3.6,96.3,5.96
2025-10-20T23:08:31Z,1830,,7.6,91,7.33,6.4,92.9,6.92
2025-10-21T01:08:53Z,1860,,8.1,86,7.15,6.8,87.6,6.7
2025-10-21T03:08:37Z,1485,,6.6,81.4,6.14,5.5,88.9,6.24
2025-10-21T05:09:11Z,1770,,6.3,87.6,6.48,5.4,89.2,6.22
2025-10-21T07:09:15Z,2070,,7.5,85.7,6.86,6,85.5,6.21
2025-10-21T09:09:34Z,2640,,9.5,73.7,6.71,7.3,71.8,5.67
2025-10-21T11:10:25Z,2250,,8.2,67.3,5.64,6.4,66.3,4.94
2025-10-21T13:11:03Z,2220,,9.3,63.7,5.72,6.4,67.3,5.01
2025-10-21T15:10:33Z,1680,,7.8,62.9,5.13,6.3,67.6,5.0
2025-10-21T17:11:22Z,1365,,5.8,75.6,5.42,5.7,78.4,5.58
2025-10-21T19:11:20Z,1350,,5.8,80.8,5.79,5.6,84.4,5.97
2025-10-21T21:12:01Z,1365,,5.7,83.5,5.94,5.5,86.6,6.08
2025-10-21T23:11:34Z,1365,,5.3,84.5,5.86,5.1,88.1,6.03
2025-10-22T01:12:04Z,1425,,5.1,86.5,5.92,4.6,90.3,5.98
2025-10-22T03:12:12Z,1830,,6,85.6,6.21,4.3,90.2,5.85
2025-10-22T05:11:32Z,1710,,6,83.8,6.08,3.5,93.3,5.74
2025-10-22T07:11:56Z,1800,,6.2,83.7,6.16,3.6,92.2,5.71
2025-10-22T09:11:33Z,1920,,7.4,83.9,6.67,4.5,92.7,6.09
2025-10-22T11:11:47Z,1980,,8.9,78.5,6.87,5.2,91.3,6.29
2025-10-22T13:11:11Z,2025,,9.9,74.9,6.99,6.6,84.3,6.36
2025-10-22T15:12:07Z,1725,,9.4,73.9,6.68,7.1,82.5,6.43
2025-10-22T17:12:11Z,1650,,9.2,75.2,6.71,7.1,84.3,6.57
2025-10-22T19:12:49Z,1680,,8.2,81.1,6.79,6.3,88.5,6.55
2025-10-22T21:12:03Z,1680,,8.1,81.2,6.76,6.4,87.7,6.53
2025-10-22T23:11:21Z,1680,,7.7,82.6,6.7,6,89.3,6.48
2025-10-23T01:11:43Z,1740,,7.7,82.7,6.7,6,88.9,6.45
2025-10-23T03:11:54Z,1710,,7.8,84.6,6.9,5.7,94.4,6.72
2025-10-23T05:12:26Z,1710,,7.6,86.4,6.96,5.1,98.2,6.72
2025-10-23T07:12:59Z,1800,,7.7,88.3,7.16,5,100,6.8
2025-10-23T09:13:45Z,1950,,8.4,88.6,7.51,5.4,100,6.98
2025-10-23T11:13:56Z,1905,,8.7,88.1,7.62,5.7,100,7.12
2025-10-23T13:14:42Z,1890,,8.7,88.4,7.64,5.8,100,7.16
2025-10-23T15:13:58Z,1830,,8.4,89,7.55,5.7,100,7.12
2025-10-23T17:13:58Z,1830,,8.3,90.1,7.59,5.8,100,7.16
2025-10-23T19:14:54Z,1890,,8.5,91,7.77,5.9,100,7.21
2025-10-23T21:15:20Z,1905,,8.7,91.7,7.93,6.3,100,7.4
2025-10-23T23:15:19Z,1920,,8.9,91.8,8.04,6.4,100,7.45
2025-10-24T01:15:31Z,1935,,8.8,91.5,7.96,6.3,100,7.4
2025-10-24T03:14:42Z,1935,,8.8,91.1,7.93,6.2,100,7.35
2025-10-24T05:15:12Z,1920,,8.7,91.3,7.89,6.2,100,7.35
2025-10-24T07:15:58Z,1935,,9.1,91.4,8.11,6.5,100,7.5
2025-10-24T09:16:47Z,1965,,9.9,90.7,8.47,7.2,100,7.85
2025-10-24T11:16:18Z,1965,,10.3,90,8.62,7.4,100,7.95
2025-10-24T13:16:06Z,1815,,10.1,88.1,8.33,7.3,100,7.9
2025-10-24T15:16:46Z,1785,,9.9,89.9,8.39,7.4,100,7.95
2025-10-24T17:17:01Z,1830,,9.9,91.6,8.55,7.5,100,8.0
2025-10-24T19:16:48Z,1845,,10.1,92.2,8.72,7.9,100,8.21
2025-10-24T21:17:38Z,1875,,10.3,92.7,8.87,8.1,100,8.32
2025-10-24T23:17:10Z,1935,,10.4,93.8,9.04,8.2,100,8.37
2025-10-25T01:17:15Z,1935,,10.7,94.5,9.28,8.5,100,8.54
2025-10-25T03:17:03Z,1935,,11,95.2,9.53,9,100,8.81
2025-10-25T05:17:17Z,1995,,11.3,95.5,9.74,9.3,100,8.98
2025-10-25T07:17:12Z,2055,,11.6,95.9,9.96,9.4,100,9.04
2025-10-25T09:17:09Z,2025,,12,94.7,10.09,9.7,100,9.22
2025-10-25T11:17:57Z,2010,,12.1,93.6,10.03,9.8,100,9.27
2025-10-25T13:18:46Z,1935,,11.7,92.7,9.69,9.3,100,8.98
2025-10-25T15:19:15Z,1920,,11.3,94.1,9.59,9.1,100,8.87
2025-10-25T17:19:17Z,1935,,11.3,94.6,9.65,9.3,100,8.98
2025-10-25T19:18:37Z,1995,,11.3,95,9.69,9.2,100,8.93
2025-10-25T21:18:35Z,1995,,11.3,95.3,9.72,9.3,100,8.98
2025-10-25T23:18:01Z,1980,,11.4,95.6,9.81,9.5,100,9.1
2025-10-26T01:18:17Z,1995,,11.6,95.7,9.94,9.6,100,9.16
2025-10-26T03:18:05Z,1995,,11.5,95.4,9.85,9.5,100,9.1
2025-10-26T05:17:24Z,2010,,11.4,95.4,9.79,9.3,100,8.98
2025-10-26T07:18:01Z,2025,,11.3,95.3,9.72,9,100,8.81
2025-10-26T09:17:43Z,2145,,11.6,95.3,9.9,9.1,100,8.87
2025-10-26T11:17:12Z,2235,,12.1,93.3,10.0,9,100,8.81
2025-10-26T13:16:49Z,2055,,11.4,92.2,9.46,8.6,100,8.59
2025-10-26T15:17:17Z,1950,,9.9,90.3,8.43,7.2,100,7.85
2025-10-26T17:17:11Z,1935,,9.1,91,8.07,6.5,100,7.5
2025-10-26T19:18:00Z,1965,,8.4,91.4,7.75,5.8,100,7.16
2025-10-26T21:17:15Z,1965,,8,92.2,7.62,5.5,100,7.02
2025-10-26T23:17:40Z,2085,,8.5,94.8,8.09,6.1,100,7.31
2025-10-27T01:18:18Z,1965,,8.1,94.2,7.84,6,100,7.26
2025-10-27T03:18:18Z,2025,,8.8,95.8,8.34,6.8,100,7.65
2025-10-27T05:17:38Z,1800,,8.6,93.3,8.02,6.7,100,7.6
2025-10-27T07:17:29Z,2025,,9,93.9,8.28,6.7,100,7.6
2025-10-27T09:18:11Z,2340,,10.1,87.8,8.3,6.5,95.6,7.17
2025-10-27T11:18:59Z,2025,,9.8,84,7.79,5.8,99.7,7.14
2025-10-27T13:19:46Z,1905,,8.7,87.1,7.53,5.6,100,7.07
2025-10-27T15:19:23Z,1905,,8.1,89.9,7.48,5.5,100,7.02
2025-10-27T17:19:35Z,1800,,7.1,90.8,7.08,5,100,6.8
2025-10-27T19:19:45Z,1995,,7.3,93,7.35,4.9,100,6.75
2025-10-27T21:19:15Z,1920,,7.1,91.9,7.17,4.6,100,6.62
2025-10-27T23:18:42Z,1875,,6.5,92.1,6.91,4,100,6.36
2025-10-28T01:18:05Z,1860,,6.4,91.9,6.85,3.8,100,6.28
2025-10-28T03:18:50Z,1800,,6.1,91.7,6.7,3.5,100,6.15
2025-10-28T05:18:47Z,1605,,4.9,92.4,6.24,2.9,100,5.91
2025-10-28T07:19:00Z,2235,,6.9,95.9,7.38,4.2,100,6.44
2025-10-28T09:18:15Z,2385,,8.7,95.7,8.27,5.6,100,7.07
2025-10-28T11:18:37Z,2100,,8.4,90.3,7.66,4.9,100,6.75
2025-10-28T13:18:08Z,2265,,9.1,91.4,8.11,5.5,100,7.02
2025-10-28T15:18:29Z,1860,,8,89.7,7.41,5.1,100,6.84
2025-10-28T17:19:08Z,1890,,7.4,92.4,7.35,4.8,100,6.71
2025-10-28T19:19:52Z,1890,,7.1,93,7.25,4.6,100,6.62
2025-10-28T21:20:03Z,1935,,7.3,93.2,7.36,4.8,100,6.71
2025-10-28T23:19:25Z,1950,,7.3,93.2,7.36,4.7,100,6.66
2025-10-29T01:19:35Z,1980,,7.4,93.7,7.45,4.9,100,6.75
2025-10-29T03:18:49Z,1875,,7.2,92.1,7.23,4.7,100,6.66
2025-10-29T05:18:33Z,1680,,5.8,92.5,6.63,3.6,100,6.19
2025-10-29T07:17:55Z,2595,,7.9,97.3,7.99,4.8,100,6.71
2025-10-29T09:18:09Z,2115,,9.4,94.3,8.53,6.6,100,7.55
2025-10-29T11:18:46Z,1770,,9.7,92.5,8.53,6.7,100,7.6
2025-10-29T13:18:27Z,1725,,10.1,87.5,8.27,6.6,100,7.55
2025-10-29T15:18:44Z,1650,,8.8,88.9,7.74,6.2,100,7.35
2025-10-29T17:18:05Z,1560,,7.9,91.5,7.51,5.6,100,7.07
2025-10-29T19:18:30Z,1110,,4.6,89.7,5.94,3.5,100,6.15
2025-10-29T21:18:57Z,1260,,3.7,93.2,5.81,2.2,100,5.64
2025-10-29T23:18:49Z,1515,,5.1,92.6,6.33,2.9,100,5.91
2025-10-30T01:18:46Z,1065,,2.9,90.4,5.34,1.2,100,5.27
2025-10-30T03:19:03Z,1140,,3.1,91.7,5.49,1.7,100,5.45
2025-10-30T05:19:23Z,900,,1.3,91.3,4.84,0.4,100,4.99
2025-10-30T07:18:56Z,1545,,3.8,98.5,6.18,2.3,100,5.67
2025-10-30T09:19:41Z,1875,,8.4,96.9,8.22,6,100,7.26
2025-10-30T11:20:07Z,1815,,9.6,94.4,8.64,6,100,7.26
2025-10-30T13:19:52Z,1710,,9.1,94,8.34,6.3,100,7.4
2025-10-30T15:19:25Z,1740,,8.7,94.3,8.15,6.2,100,7.35
2025-10-30T17:19:20Z,1725,,8.9,95.4,8.35,6.6,100,7.55
2025-10-30T19:18:48Z,1680,,9,95.1,8.38,6.7,100,7.6
2025-10-30T21:19:01Z,1590,,8.8,95,8.27,6.7,100,7.6
2025-10-30T23:19:31Z,1590,,9,94.3,8.31,6.9,100,7.7
2025-10-31T01:19:14Z,1560,,8.9,93.5,8.19,6.6,100,7.55
2025-10-31T03:20:01Z,1590,,8.7,93.7,8.1,6.4,100,7.45
2025-10-31T05:20:11Z,1635,,8.5,93.5,7.98,6,100,7.26
2025-10-31T07:19:35Z,1590,,8,93.7,7.75,5.3,100,6.93
2025-10-31T09:20:16Z,1620,,8.4,94.4,8.01,5.4,100,6.98
2025-10-31T11:20:54Z,1620,,8.8,93.9,8.17,5.5,100,7.02
2025-10-31T13:20:32Z,1545,,8.7,92.3,7.98,5.6,100,7.07
2025-10-31T15:20:05Z,1560,,7.8,92.4,7.54,5.2,100,6.89
2025-10-31T17:19:42Z,1590,,7.4,93.8,7.46,5,100,6.8
2025-10-31T19:19:36Z,1650,,6.9,94.2,7.25,4.6,100,6.62
2025-10-31T21:19:33Z,1680,,7,93.3,7.23,4.4,100,6.53
2025-10-31T23:20:16Z,1560,,6.1,91.5,6.68,4,100,6.36
2025-11-01T01:19:49Z,1350,,4.3,92.5,6.0,2.4,100,5.71
2025-11-01T03:20:13Z,1650,,5.6,94.9,6.71,2.9,100,5.91
2025-11-01T05:20:34Z,1455,,6.5,95.4,7.15,3.6,100,6.19
2025-11-01T07:20:39Z,1470,,7.2,95.9,7.53,4.3,100,6.49
2025-11-01T09:20:41Z,1500,,8.2,96.3,8.06,5.1,100,6.84
2025-11-01T11:21:08Z,1455,,9.4,93.4,8.45,5.9,100,7.21
2025-11-01T13:20:29Z,1455,,9.1,90.4,8.02,6,100,7.26
2025-11-01T15:20:10Z,1455,,7.9,90.4,7.42,5.4,100,6.98
2025-11-01T17:19:30Z,1485,,7.3,91.8,7.25,4.9,100,6.75
2025-11-01T19:19:23Z,1485,,7.1,92.7,7.23,4.7,100,6.66
2025-11-01T21:19:51Z,1515,,6.9,93,7.16,4.6,100,6.62
2025-11-01T23:19:20Z,1545,,7,93.7,7.26,4.8,100,6.71
2025-11-02T01:20:05Z,1620,,8,95.6,7.9,6.3,100,7.4
2025-11-02T03:20:47Z,1470,,7.4,93.3,7.42,6.2,100,7.35
2025-11-02T05:20:20Z,1395,,7.1,93.5,7.29,5.9,100,7.21
2025-11-02T07:20:13Z,1590,,8,94.4,7.8,6.3,97.5,7.22
2025-11-02T09:20:04Z,1575,,8.4,91.5,7.76,6,100,7.26
2025-11-02T11:19:50Z,1530,,8.7,94.1,8.14,5.9,100,7.21
2025-11-02T13:18:54Z,1620,,8.9,94.3,8.26,6.4,100,7.45
2025-11-02T15:19:38Z,1620,,9.4,96.3,8.71,7.3,100,7.9
2025-11-02T17:19:43Z,1680,,9.9,96.5,9.01,7.8,100,8.16
2025-11-02T19:20:14Z,1560,,10,95.8,9.0,7.9,100,8.21
2025-11-02T21:20:17Z,1590,,9.7,94,8.66,7.5,100,8.0
2025-11-02T23:20:12Z,1575,,9.3,92.7,8.33,7.1,100,7.8
2025-11-03T01:19:34Z,1635,,9,93.8,8.27,6.7,100,7.6
2025-11-03T03:19:29Z,1665,,9.6,96.4,8.83,7.5,100,8.0
2025-11-03T05:19:12Z,1650,,9.9,96,8.96,7.8,100,8.16
2025-11-03T07:18:47Z,1620,,10.1,96.2,9.09,8,100,8.27
2025-11-03T09:18:46Z,1695,,11.4,94.4,9.69,8.6,100,8.59
2025-11-03T11:19:23Z,1695,,12.7,91.6,10.19,9.2,100,8.93
2025-11-03T13:19:28Z,1590,,11.6,87.2,9.06,8.5,100,8.54
2025-11-03T15:20:08Z,1425,,9.3,90.2,8.1,7.4,100,7.95
2025-11-03T17:20:07Z,1560,,8.5,93.1,7.95,6.4,100,7.45
2025-11-03T19:19:22Z,1485,,8.6,92.8,7.97,6.2,100,7.35
2025-11-03T21:18:39Z,1515,,8.1,90.3,7.51,5.7,100,7.12
2025-11-03T23:18:17Z,1485,,7.6,89.8,7.23,5.2,100,6.89
2025-11-04T01:18:33Z,1290,,4.7,91,6.06,3.1,100,5.99
2025-11-04T03:19:18Z,1455,,4.6,93.3,6.17,2.3,100,5.67
2025-11-04T05:19:08Z,1485,,5.8,93.9,6.73,3.4,100,6.11
2025-11-04T07:19:52Z,1515,,7.5,95.7,7.66,5.1,100,6.84
2025-11-04T09:19:38Z,1515,,10.2,97.2,9.25,7.7,100,8.11
2025-11-04T11:19:19Z,1590,,10.8,92.5,9.14,8.4,96.8,8.21
2025-11-04T13:20:09Z,1620,,10.3,91,8.71,7.6,100,8.06
2025-11-04T15:19:45Z,1620,,10.1,94.9,8.97,7.9,100,8.21
2025-11-04T17:20:11Z,1560,,10.5,96.4,9.35,8.6,100,8.59
2025-11-04T19:20:28Z,1620,,11.2,97.2,9.85,9.4,100,9.04
2025-11-04T21:20:09Z,1710,,11.8,96.4,10.14,9.9,100,9.33
2025-11-04T23:19:55Z,1815,,12.1,95.6,10.25,10.1,100,9.45
2025-11-05T01:20:03Z,1770,,12.2,95.3,10.28,10.2,100,9.51
2025-11-05T03:19:22Z,1845,,12.2,95.7,10.32,10.2,100,9.51
2025-11-05T05:19:37Z,1800,,12.1,95.8,10.27,10.1,100,9.45
2025-11-05T07:18:53Z,1695,,12.2,95.9,10.34,10.1,100,9.45
2025-11-05T09:19:01Z,1785,,12.6,95.9,10.61,10.4,100,9.63
2025-11-05T11:19:10Z,1725,,12.7,94.5,10.52,10.3,100,9.57
2025-11-05T13:19:30Z,1785,,12.1,93.8,10.06,9.9,100,9.33
2025-11-05T15:20:10Z,1755,,11.7,92.8,9.7,9.5,100,9.1
2025-11-05T17:19:52Z,1710,,11.5,92.4,9.54,9.4,100,9.04
2025-11-05T19:19:15Z,1680,,11.4,92.2,9.46,9.4,100,9.04
2025-11-05T21:19:31Z,1695,,11.3,92,9.38,9.2,100,8.93
2025-11-05T23:19:29Z,1665,,11.3,91.9,9.37,9.2,100,8.93
2025-11-06T01:19:56Z,1755,,11.3,93,9.48,9.1,100,8.87
2025-11-06T03:19:51Z,1785,,11.3,93.1,9.49,9.1,100,8.87
2025-11-06T05:19:50Z,1815,,11.3,92.8,9.46,9.1,100,8.87
2025-11-06T07:19:25Z,1815,,11.5,93.3,9.63,9.1,100,8.87
2025-11-06T09:18:56Z,1785,,11.8,92.5,9.73,9.3,100,8.98
2025-11-06T11:18:44Z,1845,,12.6,91.4,10.11,9.8,100,9.27
2025-11-06T13:18:41Z,1830,,12.9,86.6,9.76,9.9,100,9.33
2025-11-06T15:19:05Z,1620,,11.9,89.8,9.51,9.5,100,9.1
2025-11-06T17:19:51Z,1650,,11.6,91.7,9.53,9.4,100,9.04
2025-11-06T19:19:08Z,1680,,11.2,93.4,9.46,9.1,100,8.87
2025-11-06T21:18:21Z,1755,,11.1,94.4,9.51,8.9,100,8.76
2025-11-06T23:18:09Z,1590,,11.1,95.4,9.61,8.9,100,8.76
2025-11-07T01:17:40Z,1800,,11.1,95.4,9.61,8.9,100,8.76
2025-11-07T03:17:35Z,1560,,10.9,95.8,9.53,8.8,100,8.7
2025-11-07T05:18:16Z,1470,,10.9,96.2,9.57,8.8,100,8.7
2025-11-07T07:18:51Z,1605,,11.2,96.8,9.81,8.9,100,8.76
2025-11-07T09:19:40Z,1560,,11.9,97.2,10.29,9.4,100,9.04
2025-11-07T11:19:53Z,1695,,12.1,96.1,10.3,9.7,100,9.22
2025-11-07T13:19:54Z,1665,,12.2,95.5,10.3,10,100,9.39
2025-11-07T15:19:41Z,1650,,11.8,94.7,9.96,9.7,100,9.22
2025-11-07T17:20:02Z,1650,,11.6,95.2,9.89,9.5,100,9.1
2025-11-07T19:19:33Z,1710,,11.1,95.8,9.65,9.1,100,8.87
2025-11-07T21:19:44Z,1740,,11.1,95.8,9.65,9,100,8.81
2025-11-07T23:19:02Z,1530,,10.5,93.9,9.1,8.2,100,8.37
2025-11-08T01:18:08Z,1530,,10.1,94.6,8.94,7.8,100,8.16
2025-11-08T03:17:54Z,1560,,9.9,95.2,8.89,7.6,100,8.06
2025-11-08T05:18:15Z,1530,,9.8,95.7,8.88,7.5,100,8.0
2025-11-08T07:17:45Z,1560,,9.7,95.5,8.8,7.2,100,7.85
2025-11-08T09:18:04Z,1590,,9.9,95.6,8.92,7.2,100,7.85
2025-11-08T11:17:28Z,1530,,10.2,95.8,9.11,7.6,100,8.06
2025-11-08T13:17:01Z,1590,,9.8,94,8.72,7.5,100,8.0
2025-11-08T15:17:32Z,1485,,9.2,94.2,8.41,6.8,100,7.65
2025-11-08T17:17:32Z,1485,,9,95,8.37,6.8,100,7.65
2025-11-08T19:17:46Z,1485,,9,94.9,8.36,6.7,100,7.6
2025-11-08T21:17:48Z,1530,,8.9,94.9,8.31,6.6,100,7.55
2025-11-08T23:17:18Z,1530,,8.9,95.5,8.36,6.6,100,7.55
2025-11-09T01:17:54Z,1560,,9,95.8,8.44,6.7,100,7.6
2025-11-09T03:18:42Z,1560,,8.8,95.7,8.33,6.6,100,7.55
2025-11-09T05:18:48Z,1560,,8.9,96,8.41,6.6,100,7.55
2025-11-09T07:18:18Z,1485,,8.9,95.8,8.39,6.6,100,7.55
2025-11-09T11:18:28Z,1560,,8.7,91.6,7.92,5.7,100,7.12
2025-11-09T13:18:44Z,1530,,8.8,90,7.83,5.9,100,7.21
2025-11-09T15:19:05Z,1530,,8.1,91.7,7.63,5.6,100,7.07
2025-11-09T17:18:12Z,1515,,7,93,7.21,4.7,100,6.66
2025-11-09T19:19:05Z,1515,,7.4,92.9,7.39,4.8,100,6.71
2025-11-09T21:19:02Z,1515,,7.4,93.5,7.43,4.8,100,6.71
2025-11-09T23:18:39Z,1530,,7.6,93.6,7.54,4.9,100,6.75
2025-11-10T01:19:07Z,1515,,7.6,94.3,7.6,5.1,100,6.84
2025-11-10T03:18:41Z,1515,,6.8,91.7,7.01,3.8,100,6.28
2025-11-10T05:18:54Z,1485,,5.7,90.7,6.45,2.5,100,5.75
2025-11-10T07:19:45Z,1560,,5.6,92,6.5,2.3,100,5.67
2025-11-10T09:20:19Z,1560,,6.2,90.6,6.66,2.2,100,5.64
2025-11-10T11:20:23Z,1650,,6.8,88.8,6.79,2.5,100,5.75
2025-11-10T13:19:43Z,1620,,6.2,87.7,6.45,2.5,100,5.75
2025-11-10T15:20:24Z,1575,,5.5,88.9,6.24,2.1,100,5.6
2025-11-10T17:20:14Z,1545,,5.1,89.2,6.1,1.7,100,5.45
2025-11-10T19:20:20Z,1485,,4.5,88.3,5.81,1.1,100,5.23
2025-11-10T21:20:53Z,1515,,4.4,89.1,5.82,1,100,5.19
2025-11-10T23:21:08Z,1545,,4.5,89.8,5.9,1.1,100,5.23
2025-11-11T01:21:12Z,1560,,4.6,90.5,5.99,1.2,100,5.27
2025-11-11T03:20:41Z,1575,,4.7,91.2,6.08,1.4,100,5.34
2025-11-11T05:20:43Z,1605,,4.9,91.7,6.19,1.7,100,5.45
2025-11-11T07:20:09Z,1650,,5.4,93,6.49,2.1,100,5.6
2025-11-11T09:19:36Z,1560,,7.6,93.4,7.52,3.6,100,6.19
2025-11-11T11:19:53Z,1590,,9.1,89.3,7.92,5,100,6.8
2025-11-11T13:19:44Z,1575,,8.8,87.8,7.64,5.8,100,7.16
2025-11-11T15:20:27Z,1530,,8,89.1,7.36,5.8,100,7.16
2025-11-11T17:19:51Z,1545,,7.6,91.3,7.35,5.6,100,7.07
2025-11-11T19:19:58Z,1560,,8.3,94,7.92,6,100,7.26
2025-11-11T21:19:37Z,1560,,8.7,94.9,8.21,6.5,100,7.5
2025-11-11T23:20:32Z,1515,,8.6,94.3,8.1,6.2,100,7.35
2025-11-12T01:20:50Z,1530,,8.7,94.6,8.18,6.3,100,7.4
2025-11-12T03:20:35Z,1560,,8.6,94.4,8.11,6.2,100,7.35
2025-11-12T05:21:12Z,1620,,8.4,94.5,8.01,5.9,100,7.21
2025-11-12T07:21:41Z,1620,,8.3,94.2,7.94,6,100,7.26
2025-11-12T09:21:40Z,1650,,8.7,93.1,8.05,6.4,100,7.45
2025-11-12T11:21:19Z,1560,,9.2,90.7,8.1,6.7,100,7.6
2025-11-12T13:21:18Z,1560,,9,91,8.02,6.9,100,7.7
2025-11-12T15:21:01Z,1530,,9.4,92.8,8.39,7.7,100,8.11
2025-11-12T17:21:43Z,1560,,9.7,92.5,8.53,8,99.3,8.21
2025-11-12T19:22:02Z,1560,,9.9,92.5,8.63,8.2,99.1,8.3
2025-11-12T21:22:40Z,1650,,9.6,93.1,8.53,7.7,100,8.11
2025-11-12T23:23:31Z,1575,,9.2,94.2,8.41,7.2,100,7.85
2025-11-13T01:22:50Z,1605,,9.4,94.8,8.57,7.4,100,7.95
2025-11-13T03:22:21Z,1695,,9.5,95.6,8.7,7.6,100,8.06
2025-11-13T05:22:28Z,1710,,10,96.5,9.06,8.1,100,8.32
2025-11-13T07:22:08Z,1695,,10.9,96,9.55,8.9,100,8.76
2025-11-13T09:21:32Z,1710,,11.2,95.9,9.72,9.2,100,8.93
2025-11-13T11:22:16Z,1695,,11.4,94.8,9.73,9.2,100,8.93
2025-11-13T13:22:49Z,1635,,11.1,93.3,9.39,9.1,100,8.87
2025-11-13T15:22:17Z,1590,,10.9,93.2,9.27,8.7,100,8.65
2025-11-13T17:22:03Z,1575,,9,88.9,7.84,6.4,100,7.45
2025-11-13T19:21:54Z,1455,,5.8,86.9,6.23,2.8,100,5.87
2025-11-13T21:21:59Z,1335,,4.4,87.6,5.72,1.5,100,5.37
2025-11-13T23:21:43Z,1290,,3.7,87.9,5.48,1,100,5.19
2025-11-14T01:22:41Z,1230,,3,88.2,5.25,0.2,100,4.92
2025-11-14T03:21:53Z,1035,,1.7,87.2,4.75,-0.7,100,4.62
2025-11-14T05:22:11Z,930,,0.6,88.5,4.47,-1.7,100,4.31
2025-11-14T07:22:02Z,870,,-0.3,92.1,4.38,-1.6,100,4.34
2025-11-14T09:22:49Z,1140,,2,93.8,5.22,0.9,100,5.16
2025-11-14T11:22:54Z,1155,,2.9,89.6,5.29,1.2,100,5.27
2025-11-14T13:22:21Z,1200,,3.3,86.4,5.24,0.9,100,5.16
2025-11-14T15:23:08Z,1005,,1.3,87,4.61,-0.8,100,4.59
2025-11-14T17:23:36Z,1125,,1.6,87.4,4.73,-1.1,100,4.49
2025-11-14T19:23:43Z,930,,-0.1,88.8,4.28,-2.4,100,4.1
2025-11-14T21:23:19Z,930,,-0.3,88.5,4.2,-3,100,3.93
2025-11-14T23:22:45Z,930,,-0.9,89.4,4.07,-3.6,100,3.77
2025-11-15T01:22:35Z,990,,0,90.8,4.4,-2.5,100,4.07
2025-11-15T03:22:13Z,870,,-0.5,86.1,4.03,-3,99.4,3.91
2025-11-15T05:22:41Z,645,,-1.8,84.3,3.61,-4.5,100,3.54
2025-11-15T07:23:14Z,465,,-3.1,85.3,3.33,-4.6,100,3.51
2025-11-15T09:23:31Z,720,,-0.8,86,3.95,-1.5,95.1,4.16
2025-11-15T11:24:17Z,1005,,0.8,87.9,4.5,-0.6,96.6,4.49
2025-11-15T13:23:57Z,990,,1.5,85,4.57,-0.4,97.3,4.59
2025-11-15T15:24:23Z,810,,0.7,84.5,4.3,-1,99.7,4.51
2025-11-15T17:23:34Z,870,,0.9,86.7,4.47,-0.9,99.9,4.55
2025-11-15T19:23:11Z,1065,,1.8,86.1,4.72,-0.2,97.5,4.66
2025-11-15T21:22:33Z,1185,,2.5,83.2,4.78,0.2,94.7,4.66
2025-11-15T23:22:26Z,1020,,1.6,82.5,4.46,-0.1,94.2,4.54
2025-11-16T01:22:22Z,990,,1.3,83,4.4,0,91.7,4.45
2025-11-16T03:22:43Z,1395,,2.9,81.9,4.84,1,88.4,4.59
2025-11-16T05:22:29Z,1425,,3.2,83.1,5.01,1,90.9,4.72
2025-11-16T07:22:53Z,1410,,3.7,84.6,5.27,1.9,92.2,5.09
2025-11-16T09:23:44Z,1980,,5.2,88.4,6.09,4.2,85.3,5.5
2025-11-16T11:24:07Z,2010,,7,83.7,6.48,4.8,86.7,5.81
2025-11-16T13:23:29Z,1845,,7.4,77.8,6.19,4.3,87.3,5.66
2025-11-16T15:23:25Z,1140,,4.5,80,5.26,2.5,93,5.35
2025-11-16T17:23:21Z,870,,2.3,83.5,4.74,1,97.7,5.07
2025-11-16T19:22:34Z,1155,,2.1,89.8,5.03,0.2,100,4.92
2025-11-16T21:22:38Z,1200,,3,88.2,5.25,1,100,5.19
2025-11-16T23:21:59Z,1020,,1.8,89.1,4.89,0.2,100,4.92
2025-11-17T01:22:20Z,1185,,2.1,89.3,5.0,0,100,4.85
2025-11-17T03:21:41Z,1380,,2.4,90.9,5.19,-0.2,100,4.78
2025-11-17T05:22:14Z,1470,,2.9,91.5,5.41,0.1,100,4.88
2025-11-17T07:22:58Z,1455,,3.1,90.7,5.43,0.2,100,4.92
2025-11-17T09:22:37Z,1830,,4.3,92.4,5.99,0.5,100,5.02
2025-11-17T11:22:45Z,1635,,3.9,88.9,5.62,-0.2,100,4.78
2025-11-17T13:22:40Z,1425,,3,88.8,5.28,-0.4,100,4.72
2025-11-17T15:22:46Z,1350,,2.4,89.7,5.12,-0.8,100,4.59
2025-11-17T17:22:06Z,1155,,2,87.3,4.85,-0.9,100,4.56
2025-11-17T19:22:20Z,1005,,0.4,89,4.44,-2,100,4.22
2025-11-17T21:21:45Z,1125,,0.2,92.7,4.56,-2.5,100,4.07
2025-11-17T23:21:37Z,1215,,1,91.4,4.75,-2.2,100,4.16
2025-11-18T01:22:10Z,1230,,1,91,4.73,-1.9,100,4.25
2025-11-18T03:22:21Z,1320,,1.8,91.7,5.03,-1.2,100,4.46
2025-11-18T05:22:33Z,1110,,1.1,88.2,4.61,-1.8,100,4.28
2025-11-18T07:22:40Z,1065,,0.9,87.9,4.53,-2,100,4.22
2025-11-18T09:22:13Z,1095,,0.9,85.7,4.42,-2.5,97.4,3.97
2025-11-18T11:22:12Z,990,,0.4,82.8,4.13,-3.3,97,3.74
2025-11-18T13:22:10Z,840,,-0.9,79.5,3.62,-4.6,93.2,3.27
2025-11-18T15:21:54Z,480,,-2.8,83.4,3.33,-5.6,97.8,3.19
2025-11-18T17:21:20Z,735,,-1.8,84.8,3.63,-4.7,96,3.35
2025-11-18T19:20:57Z,420,,-4.4,80.1,2.85,-6.8,100,2.99
2025-11-18T21:21:05Z,0,,-6.8,77.4,2.32,-8.6,100,2.62
2025-11-18T23:21:37Z,0,,-9.5,82.9,2.03,-9.7,100,2.42
2025-11-19T01:21:28Z,0,,-11.8,83.4,1.72,-11,100,2.19
2025-11-19T03:22:17Z,0,,-13.5,76.2,1.38,-11.5,100,2.11
2025-11-19T05:22:42Z,0,,-12.2,82.8,1.66,-10.9,100,2.21
2025-11-19T07:23:06Z,0,,-12.4,79.4,1.56,-10.8,100,2.22
2025-11-19T09:22:25Z,465,,-9.5,84.7,2.08,-6.8,100,2.99
2025-11-19T11:22:23Z,405,,-4.3,92.8,3.33,-5.2,100,3.36
2025-11-19T13:21:32Z,390,,-3.5,85.5,3.25,-4.7,99.3,3.46
2025-11-19T15:21:59Z,405,,-5.3,83.7,2.79,-5.5,100,3.29
2025-11-19T17:21:51Z,405,,-4.8,86.5,2.99,-5.7,100,3.24
2025-11-19T19:21:23Z,675,,-2.4,88.5,3.63,-4.8,100,3.46
2025-11-19T21:20:42Z,690,,-1.9,86.9,3.69,-4.6,100,3.51
2025-11-19T23:20:00Z,990,,-0.1,88.2,4.25,-3.7,100,3.74
2025-11-20T01:20:46Z,1065,,0.1,87.4,4.27,-3.3,100,3.85
2025-11-20T05:20:11Z,1125,,0.5,89.9,4.51,-2.3,100,4.13
2025-11-20T07:20:26Z,1455,,2,91.5,5.09,-0.9,100,4.56
2025-11-20T09:20:44Z,1440,,3,93.3,5.55,1,100,5.19
2025-11-20T11:20:52Z,1575,,3.8,94.7,5.94,1.6,100,5.41
2025-11-20T13:20:29Z,1545,,4.3,90.5,5.87,1.5,100,5.37
2025-11-20T15:20:00Z,1545,,3.9,88.8,5.61,1.1,97.3,5.09
2025-11-20T17:19:40Z,1485,,3.8,88.9,5.58,1.1,98.4,5.15
2025-11-20T19:19:29Z,1470,,3.9,88.8,5.61,1.1,98.7,5.16
2025-11-20T21:19:35Z,1350,,3.5,88,5.41,0.8,100,5.12
2025-11-20T23:19:08Z,1380,,3.3,88.9,5.4,0.4,100,4.99
2025-11-21T01:19:58Z,1395,,3.1,88.8,5.32,0.1,100,4.88
2025-11-21T03:20:18Z,1350,,2.6,89,5.15,-0.3,100,4.75
2025-11-21T05:20:50Z,1350,,2.6,89.2,5.16,-0.2,100,4.78
2025-11-21T07:20:18Z,1335,,2.6,89.2,5.16,-0.2,100,4.78
2025-11-21T09:19:46Z,1485,,3.1,90.1,5.4,0,100,4.85
2025-11-21T11:20:10Z,1785,,4.8,89.9,6.03,0.8,100,5.12
2025-11-21T13:20:41Z,1395,,3.4,87.6,5.35,0.1,100,4.88
2025-11-21T15:21:14Z,1425,,2.7,90.3,5.26,-0.4,100,4.72
2025-11-21T17:21:43Z,1440,,2.5,90.6,5.21,-0.6,100,4.65
2025-11-21T19:21:22Z,1455,,2.3,91.3,5.18,-0.7,100,4.62
2025-11-21T21:22:07Z,1410,,2.2,90.8,5.12,-0.9,100,4.56
2025-11-21T23:22:38Z,1230,,1.6,87.3,4.72,-1.8,100,4.28
2025-11-22T01:22:33Z,1065,,0.4,87,4.34,-2.9,100,3.96
2025-11-22T03:22:50Z,480,,-2.2,81.6,3.4,-5.3,100,3.34
2025-11-22T05:23:25Z,0,,-6.3,81.9,2.54,-7.4,100,2.87
2025-11-22T07:24:02Z,0,,-9.1,84.5,2.13,-8.2,100,2.7
2025-11-22T09:23:27Z,450,,-6,89.3,2.83,-4.3,100,3.59
2025-11-22T11:23:03Z,450,,-3.4,97.5,3.73,-1.4,100,4.4
2025-11-22T13:22:22Z,870,,0,95.5,4.63,-0.1,99.6,4.8
2025-11-22T15:21:44Z,1140,,1.5,94.6,5.08,0.4,100,4.99
2025-11-22T17:22:22Z,1410,,2.9,94.7,5.6,1.3,100,5.3
2025-11-22T19:22:24Z,1635,,4,96.2,6.12,2.5,100,5.75
2025-11-22T21:22:36Z,1755,,5.9,92.9,6.7,3.6,100,6.19
2025-11-22T23:23:13Z,1770,,6.2,91.5,6.73,3.5,100,6.15
2025-11-23T01:23:21Z,1725,,6.1,91.1,6.66,3.5,100,6.15
2025-11-23T03:23:32Z,1830,,6.3,92,6.81,3.6,100,6.19
2025-11-23T05:23:26Z,1635,,6.1,89,6.5,3.7,100,6.23
2025-11-23T07:23:30Z,1770,,6.2,92.2,6.78,3.8,100,6.28
2025-11-23T09:23:25Z,1740,,7,90.3,7.0,4.5,100,6.57
2025-11-23T11:23:16Z,1545,,6.3,87.8,6.5,4.7,96.5,6.43
2025-11-23T13:22:43Z,1740,,6.6,87.4,6.6,4.5,94.6,6.22
2025-11-23T15:23:16Z,1695,,6.3,90.3,6.68,3.9,100,6.32
2025-11-23T17:23:11Z,1755,,6.2,91,6.69,3.7,100,6.23
2025-11-23T19:23:24Z,1605,,5.4,91.8,6.41,3.4,100,6.11
2025-11-23T21:22:38Z,1725,,5.7,91.8,6.53,3.3,100,6.07
2025-11-23T23:21:51Z,1635,,5.5,90,6.32,3.1,99.6,5.96
2025-11-24T01:21:41Z,1455,,4.4,90.1,5.88,2.4,100,5.71
2025-11-24T03:22:21Z,1515,,4.4,90.7,5.92,2.1,100,5.6
2025-11-24T05:21:43Z,1545,,4.3,90,5.84,1.8,100,5.49
2025-11-24T07:22:11Z,1455,,3.9,89.8,5.67,1.4,100,5.34
2025-11-24T09:22:22Z,1545,,4.4,89.8,5.86,1.6,100,5.41
2025-11-24T11:21:43Z,1635,,4.8,89.4,6.0,1.7,100,5.45
2025-11-24T13:20:54Z,1575,,4.7,88.8,5.92,1.7,100,5.45
2025-11-24T15:21:43Z,1470,,3.8,89,5.59,1,100,5.19
2025-11-24T17:21:56Z,1350,,3.3,87.5,5.31,0.2,100,4.92
2025-11-24T19:21:10Z,870,,0,87.6,4.25,-1.9,100,4.25
2025-11-24T21:21:34Z,1125,,0.9,89,4.59,-2.2,100,4.16
2025-11-24T23:22:14Z,900,,-0.2,87.8,4.2,-2.7,100,4.02
2025-11-25T01:21:33Z,1320,,1.3,92.2,4.89,-1.6,100,4.34
2025-11-25T03:21:53Z,1515,,2.6,91.7,5.31,-0.6,100,4.65
2025-11-25T05:22:13Z,1515,,2.7,91.7,5.35,-0.3,100,4.75
2025-11-25T07:21:46Z,1335,,2.2,89,5.02,-0.8,100,4.59
2025-11-25T09:22:07Z,1200,,1.5,87.2,4.69,-1.8,100,4.28
2025-11-25T11:21:55Z,1155,,1.4,84.6,4.52,-2,98.7,4.17
2025-11-25T13:21:44Z,1005,,0.4,81.6,4.07,-2.9,95.6,3.79
2025-11-25T15:22:31Z,900,,-0.1,81.1,3.91,-3.3,95.4,3.67
2025-11-25T17:22:33Z,705,,-1.1,80.9,3.64,-4.2,96.8,3.5
2025-11-25T19:22:31Z,585,,-2.2,83.3,3.47,-5,99.1,3.38
2025-11-25T21:23:09Z,525,,-2.3,81.9,3.38,-5.3,99.7,3.33
2025-11-25T23:23:48Z,0,,-6,77.8,2.47,-7.7,100,2.8
2025-11-26T01:23:26Z,0,,-8.9,78.9,2.02,-9.2,100,2.51
2025-11-26T03:23:50Z,0,,-8.3,83.1,2.23,-8.9,100,2.56
2025-11-26T05:23:50Z,0,,-5.1,86.7,2.94,-7.1,100,2.93
2025-11-26T07:23:40Z,735,,-2.7,89.6,3.6,-5.5,100,3.29
2025-11-26T09:24:24Z,1080,,0,88.2,4.28,-3.6,100,3.77
2025-11-26T11:24:52Z,1500,,2.1,89.9,5.03,-1.8,100,4.28
2025-11-26T13:24:09Z,1380,,1.9,87.6,4.84,-1.8,100,4.28
2025-11-26T15:24:44Z,1215,,1.1,87.4,4.57,-2.6,100,4.05
2025-11-26T17:24:36Z,1155,,0.3,87.2,4.32,-3.5,100,3.8
2025-11-26T19:25:05Z,1035,,-0.2,85.6,4.09,-4.3,100,3.59
2025-11-26T21:25:49Z,735,,-1.8,83.7,3.58,-5.6,100,3.27
2025-11-26T23:25:51Z,0,,-4.7,78.2,2.73,-7.4,100,2.87
2025-11-27T01:25:59Z,0,,-8.6,84.4,2.21,-8.8,100,2.58
2025-11-27T03:26:04Z,0,,-7.5,87.2,2.48,-7.9,100,2.76
2025-11-27T05:26:29Z,450,,-4.5,88.3,3.12,-6.4,100,3.08
2025-11-27T07:25:49Z,960,,-1.1,89.3,4.01,-4.5,100,3.54
2025-11-27T09:25:53Z,1380,,1.5,91.2,4.9,-1.7,100,4.31
2025-11-27T11:25:09Z,1410,,2.5,89.2,5.13,-0.5,100,4.69
2025-11-27T13:25:15Z,1350,,2.6,87.2,5.05,-0.5,99.9,4.68
2025-11-27T15:24:31Z,1350,,2.7,89.1,5.19,0,100,4.85
2025-11-27T17:25:12Z,1515,,3.3,92.7,5.63,1,100,5.19
2025-11-27T19:24:15Z,1680,,4.4,91.2,5.96,1.6,100,5.41
2025-11-27T21:24:07Z,1725,,4.7,92,6.13,2.1,100,5.6
2025-11-27T23:24:13Z,1830,,5.5,92.9,6.53,2.8,100,5.87
2025-11-28T01:24:58Z,1920,,6.2,93.6,6.88,3.6,100,6.19
2025-11-28T03:25:01Z,1980,,6.5,93.8,7.03,3.8,100,6.28
2025-11-28T05:25:53Z,2055,,6.9,94.7,7.29,4.4,100,6.53
2025-11-28T07:25:04Z,2130,,7.2,95.2,7.47,4.8,100,6.71
2025-11-28T09:25:18Z,2130,,7.9,96,7.88,5.7,100,7.12
2025-11-28T11:25:05Z,2115,,9,95.1,8.38,6.5,100,7.5
2025-11-28T13:24:15Z,2040,,9.4,93.5,8.45,6.9,100,7.7
2025-11-28T15:24:46Z,2040,,9.6,93,8.52,7,100,7.75
2025-11-28T17:24:24Z,1890,,9.3,90.3,8.11,6.7,100,7.6
2025-11-28T19:23:52Z,1815,,9,90.9,8.01,6.7,100,7.6
2025-11-28T21:23:45Z,1800,,9.2,90.1,8.04,6.8,100,7.65
2025-11-28T23:23:06Z,1800,,9.1,90.5,8.03,6.8,100,7.65
2025-11-29T01:23:12Z,465,,8.7,93.2,8.06,6.8,100,7.65
2025-11-29T03:23:19Z,900,,8.2,93.7,7.85,5.7,100,7.12
2025-11-29T05:24:03Z,1755,,7.7,93.3,7.56,5.1,100,6.84
2025-11-29T07:24:22Z,1575,,7.3,93.8,7.41,4.7,100,6.66
2025-11-29T09:23:43Z,1155,,7.1,94,7.33,4.6,100,6.62
2025-11-29T11:23:38Z,1695,,7.2,92.8,7.28,4.4,100,6.53
2025-11-29T13:23:45Z,1830,,7.4,93.9,7.47,5.1,100,6.84
2025-11-29T15:23:52Z,1800,,7.8,93,7.59,5.4,100,6.98
2025-11-29T17:23:31Z,1830,,7.9,92.6,7.6,5.5,100,7.02
2025-11-29T19:24:11Z,1875,,8.1,92.2,7.67,5.7,100,7.12
2025-11-29T21:24:43Z,1335,,8.2,92.5,7.75,5.9,100,7.21
2025-11-29T23:24:31Z,1425,,8.3,89.2,7.52,6.1,97,7.09
2025-11-30T01:25:17Z,1260,,8.3,88.3,7.44,6.1,98.2,7.17
2025-11-30T03:25:18Z,1245,,6.9,87.1,6.7,5.2,100,6.89
2025-11-30T05:25:52Z,1200,,4.6,89.6,5.93,3.5,100,6.15
2025-11-30T07:25:52Z,1170,,3.1,90.9,5.44,1.8,100,5.49
2025-11-30T09:26:41Z,1080,,6.3,96.6,7.15,4.1,100,6.4
2025-11-30T11:26:22Z,870,,8.3,96.2,8.11,5.7,100,7.12
2025-11-30T13:26:27Z,960,,8.1,95.3,7.93,5.7,100,7.12
2025-11-30T15:25:38Z,1365,,7.2,91.7,7.2,4.8,100,6.71
2025-11-30T17:25:32Z,1650,,6.6,89.5,6.76,3.7,100,6.23
2025-11-30T19:26:16Z,1560,,5.5,88,6.18,2.4,99.3,5.67
2025-11-30T21:26:35Z,1605,,5,90.1,6.12,1.9,100,5.52
2025-11-30T23:26:38Z,1680,,4.7,91.6,6.1,1.5,100,5.37
2025-12-01T01:26:50Z,1680,,4.5,91.7,6.03,1.2,100,5.27
2025-12-01T03:26:28Z,1515,,3.9,90,5.69,0.8,100,5.12
2025-12-01T05:27:05Z,1680,,4.2,92.5,5.96,1.2,100,5.27
2025-12-01T07:27:39Z,1650,,4.9,93.5,6.31,2.3,100,5.67
2025-12-01T09:27:02Z,1440,,5.7,94.4,6.72,3.1,100,5.99
2025-12-01T11:26:45Z,1440,,6.3,94.7,7.01,3.9,100,6.32
2025-12-01T13:27:19Z,1410,,6.9,94,7.24,4.6,100,6.62
2025-12-01T15:27:03Z,1440,,7.1,93.9,7.32,4.7,100,6.66
2025-12-01T17:26:46Z,1515,,7.3,93.9,7.42,4.9,100,6.75
2025-12-01T19:26:12Z,1440,,5.3,92.4,6.41,3.5,100,6.15
2025-12-01T21:26:03Z,1650,,6,92,6.68,3.5,100,6.15
2025-12-01T23:26:16Z,1680,,6,92.2,6.69,3.3,100,6.07
2025-12-02T01:26:03Z,1395,,4.7,90.4,6.02,2.5,100,5.75
2025-12-02T03:25:22Z,1035,,2.2,91.9,5.18,0.9,100,5.16
2025-12-02T05:25:37Z,1035,,1.4,93.2,4.97,0.3,100,4.95
2025-12-02T07:25:21Z,1320,,3.7,97.2,6.06,2.4,100,5.71
2025-12-02T09:25:10Z,1170,,6.7,97.2,7.39,4.4,100,6.53
2025-12-02T11:25:08Z,1380,,7.5,95.3,7.63,5.1,100,6.84
2025-12-02T13:25:11Z,1590,,6.9,89.9,6.92,4.7,96.3,6.42
2025-12-02T15:25:04Z,1725,,6.4,88.7,6.61,4.3,94.2,6.11
2025-12-02T17:24:22Z,1710,,6.6,88.7,6.7,4.1,96.5,6.18
2025-12-02T19:25:11Z,1680,,6.5,88.2,6.61,3.6,97,6.01
2025-12-02T21:24:47Z,1680,,6.3,87.9,6.51,3.6,96.6,5.98
2025-12-02T23:24:40Z,1680,,6.2,87.6,6.44,3.6,96.1,5.95
2025-12-03T01:24:28Z,1680,,6.2,86.9,6.39,3.3,95.4,5.79
2025-12-03T03:23:41Z,1650,,6.1,87.3,6.38,3.4,96.7,5.91
2025-12-03T05:22:57Z,1710,,6.2,86,6.32,3.5,93.4,5.74
2025-12-03T07:22:35Z,1695,,6.1,84.8,6.2,3.3,93.5,5.67
2025-12-03T09:22:40Z,1515,,5.9,85.8,6.19,3,97.9,5.82
2025-12-03T11:23:26Z,1710,,6.1,89.7,6.55,3.2,100,6.03
2025-12-03T13:23:47Z,1770,,6.3,90.9,6.73,3.4,100,6.11
2025-12-03T15:24:25Z,1740,,6.2,91.5,6.73,3.4,100,6.11
2025-12-03T17:23:30Z,1770,,6.3,91.7,6.79,3.5,100,6.15
2025-12-03T19:22:53Z,1770,,6.3,91.1,6.74,3.4,100,6.11
2025-12-03T21:22:24Z,1770,,6.1,91.1,6.66,3.2,100,6.03
2025-12-03T23:22:43Z,1710,,5.6,90.2,6.38,2.5,100,5.75
2025-12-04T01:22:19Z,1590,,4.9,89.2,6.02,1.6,100,5.41
2025-12-04T03:22:01Z,1545,,4.5,88.9,5.84,1.3,100,5.3
2025-12-04T05:22:02Z,1485,,4.3,87.7,5.69,1.2,98.9,5.21
2025-12-04T07:21:20Z,1365,,4,87.7,5.58,0.9,100,5.16
2025-12-04T09:21:58Z,1365,,4,87.7,5.58,0.9,100,5.16
2025-12-04T11:21:16Z,1395,,4.2,86.9,5.6,0.9,100,5.16
2025-12-04T13:20:50Z,1335,,4.1,86.2,5.52,1,100,5.19
2025-12-04T15:21:14Z,1365,,4.1,86.9,5.56,1,100,5.19
2025-12-04T17:21:55Z,1425,,4.2,87.4,5.63,1,100,5.19
2025-12-04T19:21:40Z,1545,,4.4,89.1,5.82,1.2,100,5.27
2025-12-04T21:21:19Z,1620,,4.4,89.5,5.85,1.2,100,5.27
2025-12-04T23:20:41Z,1545,,4.4,90.3,5.9,1.3,100,5.3
2025-12-05T01:20:55Z,1620,,4.7,91.3,6.08,1.5,100,5.37
2025-12-05T03:20:07Z,1680,,5.3,92.2,6.39,2.4,100,5.71
2025-12-05T07:20:39Z,1680,,6.2,92.2,6.78,3.5,100,6.15
2025-12-05T09:20:51Z,1740,,6.3,91.9,6.8,3.6,100,6.19
2025-12-05T11:21:08Z,1530,,6.7,89.7,6.82,3.6,100,6.19
2025-12-05T13:21:41Z,1170,,6,89.3,6.48,3.4,100,6.11
2025-12-05T15:22:16Z,1170,,5.4,90,6.28,3.1,100,5.99
2025-12-05T17:22:11Z,1140,,5.5,91.7,6.44,3,100,5.95
2025-12-05T19:22:43Z,1185,,5.8,92.1,6.6,3.2,100,6.03
2025-12-05T21:23:24Z,1230,,5.9,92.3,6.66,3.3,100,6.07
2025-12-05T23:23:00Z,1245,,6.2,92.8,6.82,3.6,100,6.19
2025-12-06T01:23:43Z,1335,,6.5,92.6,6.94,3.7,100,6.23
2025-12-06T03:24:13Z,1335,,6.4,92,6.85,3.7,100,6.23
2025-12-06T05:25:02Z,1365,,6.4,92,6.85,3.8,100,6.28
2025-12-06T07:25:30Z,1395,,6.5,92.1,6.91,3.9,100,6.32
2025-12-06T09:26:09Z,1500,,6.9,92.2,7.1,3.9,100,6.32
2025-12-06T11:25:28Z,1560,,7,92.4,7.16,4,100,6.36
2025-12-06T13:24:41Z,1440,,7,93.1,7.21,4.1,100,6.4
2025-12-06T15:23:59Z,1455,,7,93,7.21,4.1,100,6.4
2025-12-06T17:24:36Z,1485,,6.8,92.7,7.09,4,100,6.36
2025-12-06T19:25:17Z,1515,,6.3,91.7,6.79,3.4,100,6.11
2025-12-06T21:25:15Z,1530,,5.8,91.3,6.54,2.8,100,5.87
2025-12-06T23:24:53Z,1635,,5.8,92,6.59,2.7,100,5.83
2025-12-07T01:24:44Z,1455,,5.9,92.8,6.69,2.9,100,5.91
2025-12-07T03:24:27Z,1560,,6,92.7,6.73,2.9,100,5.91
2025-12-07T05:24:04Z,1560,,6,92.6,6.72,2.9,100,5.91
2025-12-07T07:23:24Z,1515,,6,92.8,6.74,2.9,100,5.91
2025-12-07T09:22:35Z,1470,,6.1,92.6,6.77,2.8,100,5.87
2025-12-07T11:22:55Z,1530,,6.1,91.7,6.7,2.6,100,5.79
2025-12-07T13:22:26Z,1530,,5.3,90,6.24,1.9,100,5.52
2025-12-07T15:22:13Z,1575,,4.8,90.4,6.06,1.5,100,5.37
2025-12-07T17:21:54Z,1515,,4.6,90.5,5.99,1.3,100,5.3
2025-12-07T19:21:52Z,1485,,4.4,90.5,5.91,1.1,100,5.23
2025-12-07T21:21:46Z,1500,,4.4,90.4,5.9,1.1,100,5.23
2025-12-07T23:21:03Z,1425,,4.1,89,5.7,1,100,5.19
2025-12-08T01:21:22Z,1515,,4.2,91.2,5.88,1.1,100,5.23
2025-12-08T03:21:00Z,1620,,4.4,91.8,6.0,1.2,100,5.27
2025-12-08T05:20:51Z,1620,,4.7,92.1,6.14,1.6,100,5.41
2025-12-08T07:21:34Z,1590,,5.3,93.6,6.49,2.4,100,5.71
2025-12-08T09:21:56Z,1590,,5.6,93.2,6.59,2.6,100,5.79
2025-12-08T11:21:06Z,1620,,5.6,92.4,6.53,2.5,100,5.75
2025-12-08T13:20:27Z,1650,,5.6,92.2,6.52,2.4,100,5.71
2025-12-08T15:20:40Z,1680,,5.4,92.1,6.43,2.3,100,5.67
2025-12-08T17:20:06Z,1710,,5.5,92.4,6.49,2.6,100,5.79
2025-12-08T19:20:51Z,1740,,5.6,92.4,6.53,2.7,100,5.83
2025-12-08T21:21:12Z,1710,,5.5,91.9,6.45,2.5,100,5.75
2025-12-08T23:22:06Z,1740,,5.7,93.2,6.63,2.9,100,5.91
2025-12-09T01:21:11Z,1785,,6.3,94.1,6.97,3.6,100,6.19
2025-12-09T03:21:19Z,1755,,7,95.2,7.38,4.6,100,6.62
2025-12-09T05:21:51Z,1830,,8.2,96,8.04,6,100,7.26
2025-12-09T07:22:28Z,1755,,8.1,93.9,7.81,5.6,100,7.07
2025-12-09T11:22:59Z,1680,,8.7,92.5,8.0,5.6,100,7.07
2025-12-09T13:22:41Z,1785,,7.3,90.3,7.13,4.4,100,6.53
2025-12-09T15:22:19Z,1560,,6,90.6,6.58,3.1,100,5.99
2025-12-09T17:22:50Z,1515,,5,91,6.18,2.1,100,5.6
2025-12-09T19:22:10Z,1560,,4.8,90.6,6.08,1.8,100,5.49
2025-12-09T21:22:56Z,1485,,4.4,89.4,5.84,1.3,100,5.3
2025-12-09T23:22:07Z,1365,,3.6,89.5,5.54,0.7,100,5.09
2025-12-10T01:22:43Z,1365,,3.3,89.3,5.42,0.1,100,4.88
2025-12-10T03:21:48Z,1200,,2.3,88.3,5.01,-0.9,100,4.56
2025-12-10T05:21:35Z,1125,,1.5,88.6,4.76,-1.4,100,4.4
2025-12-10T07:21:15Z,1350,,2.2,90.2,5.08,-1.2,100,4.46
2025-12-10T09:20:55Z,1425,,2.8,90.1,5.29,-0.8,100,4.59
2025-12-10T11:21:51Z,1590,,3.3,90.5,5.49,-0.6,100,4.65
2025-12-10T13:22:26Z,1545,,3.6,90.6,5.61,0,100,4.85
2025-12-10T15:22:01Z,1800,,5.7,95.2,6.78,3.2,100,6.03
2025-12-10T17:21:56Z,1890,,6.9,96.1,7.4,4.6,100,6.62
2025-12-10T19:21:50Z,1785,,8.8,95.3,8.29,6.3,100,7.4
2025-12-10T21:21:32Z,1755,,8.7,92.5,8.0,6.2,100,7.35
2025-12-10T23:21:30Z,1725,,8.5,90.7,7.74,5.9,100,7.21
2025-12-11T01:21:03Z,1650,,8.3,89.3,7.53,5.7,100,7.12
2025-12-11T03:21:22Z,1665,,7.8,89.1,7.27,5.1,100,6.84
2025-12-11T05:21:08Z,1650,,7.4,88.6,7.04,4.7,100,6.66
2025-12-11T07:20:50Z,1650,,7.5,88.1,7.05,4.6,100,6.62
2025-12-11T09:21:24Z,1740,,7.7,88.5,7.17,4.6,100,6.62
2025-12-11T11:21:02Z,1725,,8.3,86.1,7.26,4.9,100,6.75
2025-12-11T13:21:13Z,1560,,7.6,85.6,6.9,4.6,100,6.62
2025-12-11T15:20:26Z,1575,,6.8,88.4,6.76,4.1,100,6.4
2025-12-11T17:20:17Z,1530,,6,86.1,6.25,2.9,100,5.91
2025-12-11T19:19:34Z,1515,,5.1,87.4,5.98,1.8,100,5.49
2025-12-11T21:20:00Z,1185,,3.4,84.2,5.14,0,100,4.85
2025-12-11T23:19:16Z,1125,,2.6,84.2,4.88,-0.9,100,4.56
2025-12-12T01:18:48Z,1005,,1.7,83.8,4.57,-1.4,100,4.4
2025-12-12T03:18:52Z,975,,1.3,85.4,4.53,-1.5,100,4.37
2025-12-12T05:19:27Z,780,,0.8,81,4.15,-2.1,99.7,4.18
2025-12-12T07:18:56Z,735,,-1,78.7,3.56,-3.2,89.7,3.48
2025-12-12T09:18:28Z,705,,-2.2,78.1,3.25,-4,84.8,3.11
2025-12-12T11:18:39Z,660,,-2.6,77.5,3.14,-4.5,85.4,3.02
2025-12-12T13:17:46Z,405,,-3.3,79.3,3.05,-5.1,91.5,3.1
2025-12-12T15:18:27Z,465,,-4.4,80.8,2.88,-6.3,95.4,2.96
2025-12-12T17:19:08Z,0,,-5,81.9,2.79,-7.1,97.2,2.85
2025-12-12T19:18:50Z,0,,-5.8,82.9,2.67,-7.5,98.7,2.81
2025-12-12T21:18:45Z,0,,-5.1,85.1,2.88,-7.2,98.8,2.87
2025-12-12T23:19:32Z,0,,-6.2,81.5,2.55,-7.7,100,2.8
2025-12-13T01:19:20Z,0,,-6.3,82.8,2.57,-7.9,100,2.76
2025-12-13T03:18:34Z,0,,-6.3,84.9,2.64,-8,100,2.74
2025-12-13T05:19:11Z,0,,-5.7,82.8,2.69,-7.8,100,2.78
2025-12-13T07:18:49Z,0,,-5.6,82,2.68,-7.9,100,2.76
2025-12-13T09:19:26Z,0,,-5.3,83.8,2.8,-7.3,100,2.89
2025-12-13T11:20:06Z,510,,-3,86.3,3.39,-5.7,100,3.24
2025-12-13T13:20:50Z,660,,-1.4,81.9,3.6,-4.6,98.6,3.46
2025-12-13T15:21:02Z,525,,-1.7,80.8,3.48,-4.7,99.7,3.47
2025-12-13T17:21:21Z,735,,-1.4,82.3,3.62,-4.2,94.7,3.42
2025-12-13T19:21:20Z,1845,,-0.6,78.2,3.64,-2.3,66.8,2.76
2025-12-13T21:22:05Z,1860,,0,65.3,3.17,-1.9,57.4,2.44
2025-12-13T23:21:48Z,1425,,0.5,67.8,3.4,-1.6,68.8,2.99
2025-12-14T01:21:11Z,1110,,0.7,74.8,3.81,-2.5,86,3.5
2025-12-14T03:21:35Z,1005,,0.1,76.1,3.72,-2.5,86.1,3.51
2025-12-14T05:21:59Z,1200,,0.9,77.8,4.01,-2.1,87,3.65
2025-12-14T07:21:45Z,1125,,1,77.5,4.03,-2.2,89.3,3.72
2025-12-14T09:22:35Z,1110,,1.2,78.4,4.13,-2.3,91.9,3.8
2025-12-14T11:22:46Z,1080,,1.8,79.8,4.38,-2,97.3,4.11
2025-12-14T13:22:11Z,1110,,2,83.2,4.63,-1.2,100,4.46
2025-12-14T15:21:41Z,1275,,2.5,85.6,4.92,-0.8,100,4.59
2025-12-14T17:21:08Z,1365,,2.6,87.2,5.05,-0.6,100,4.65
2025-12-14T19:20:46Z,1365,,2.8,89.4,5.25,0.2,100,4.92
2025-12-14T21:21:25Z,1425,,3.2,91.8,5.53,1,100,5.19
2025-12-14T23:21:45Z,1530,,3.3,91.6,5.56,0.8,100,5.12
2025-12-15T01:21:14Z,1560,,3.5,92.1,5.66,0.9,100,5.16
2025-12-15T03:20:39Z,1590,,3.6,92.5,5.73,1.1,100,5.23
2025-12-15T05:21:32Z,1620,,3.7,92.7,5.78,1.2,100,5.27
2025-12-15T07:21:34Z,1725,,4.2,94,6.06,1.9,100,5.52
2025-12-15T09:20:55Z,1830,,5.4,94.4,6.59,2.8,100,5.87
2025-12-15T11:20:50Z,2115,,7.3,95.4,7.54,4.7,100,6.66
2025-12-15T13:20:31Z,2055,,7.9,95.6,7.85,5.4,100,6.98
2025-12-15T15:20:31Z,2175,,8,94.5,7.81,5.2,100,6.89
2025-12-15T17:20:30Z,2145,,7.9,93,7.64,4.9,100,6.75
2025-12-15T19:20:21Z,2085,,7.6,93.1,7.5,4.7,100,6.66
2025-12-15T21:19:41Z,2085,,7.6,93.3,7.52,4.8,100,6.71
2025-12-15T23:20:01Z,2055,,7.8,93.5,7.63,4.9,100,6.75
2025-12-16T01:20:18Z,2115,,7.9,93.7,7.7,5.1,100,6.84
2025-12-16T03:19:42Z,2085,,8,93.9,7.76,5.2,100,6.89
2025-12-16T05:20:29Z,2055,,8.1,94.2,7.84,5.3,100,6.93
2025-12-16T07:20:57Z,2085,,8.2,94,7.87,5.4,100,6.98
2025-12-16T09:20:13Z,2100,,8.5,94.4,8.06,5.6,100,7.07
2025-12-16T11:19:51Z,2025,,8.6,92.3,7.93,5.6,100,7.07
2025-12-16T13:20:19Z,1980,,8.1,92.5,7.7,5.3,100,6.93
2025-12-16T15:20:22Z,1995,,7.9,92.1,7.56,5.1,100,6.84
2025-12-16T17:20:35Z,1935,,7.7,90.4,7.33,4.8,100,6.71
2025-12-16T19:21:05Z,1860,,7.1,90,7.02,4.2,100,6.44
2025-12-16T21:20:38Z,1845,,7,91.1,7.06,4.1,100,6.4
2025-12-16T23:20:58Z,1875,,7,91.6,7.1,4.3,100,6.49
2025-12-17T01:21:33Z,1740,,7.1,89.4,6.97,4.4,100,6.53
2025-12-17T03:22:01Z,1785,,7,89.2,6.91,4.1,100,6.4
2025-12-17T05:21:28Z,1560,,6.8,90.1,6.89,4.1,100,6.4
2025-12-17T07:21:58Z,1530,,7.1,93.1,7.26,4.6,100,6.62
2025-12-17T09:21:55Z,1305,,7.7,92.9,7.53,5.3,100,6.93
2025-12-17T11:22:12Z,1350,,7.6,92.9,7.48,5,100,6.8
2025-12-17T13:22:51Z,1500,,7.4,93.7,7.45,4.7,100,6.66
2025-12-17T15:23:02Z,1530,,7.6,93.2,7.51,4.9,100,6.75
2025-12-17T17:22:58Z,1635,,8.1,92.2,7.67,5.2,100,6.89
2025-12-17T19:23:09Z,1680,,8.3,90.8,7.65,5.6,100,7.07
2025-12-17T21:22:33Z,1395,,6.4,86.3,6.43,3.8,100,6.28
2025-12-17T23:23:18Z,1425,,5.8,88.6,6.35,3.3,100,6.07
2025-12-18T01:22:36Z,1410,,4.8,88.6,5.94,2.4,100,5.71
2025-12-18T03:22:27Z,1410,,4.7,88.1,5.87,1.9,100,5.52
2025-12-18T05:22:49Z,1095,,2.7,87.7,5.11,0.5,100,5.02
2025-12-18T07:23:09Z,1710,,4.4,91.8,6.0,1,100,5.19
2025-12-18T09:22:58Z,1800,,5.6,92.1,6.51,2.2,100,5.64
2025-12-18T11:22:47Z,1710,,6.8,91,6.96,3.6,100,6.19
2025-12-18T13:23:09Z,1530,,6.9,87.7,6.75,4.3,100,6.49
2025-12-18T15:22:30Z,1590,,6.3,88.9,6.58,3.6,100,6.19
2025-12-18T17:22:11Z,1650,,6.8,94,7.19,4.3,100,6.49
2025-12-18T19:22:21Z,1620,,7.5,94.1,7.53,5,100,6.8
2025-12-18T21:22:58Z,1665,,7.3,93.1,7.35,4.6,100,6.62
2025-12-18T23:22:09Z,1725,,7.7,91.5,7.42,5,100,6.8
2025-12-19T01:21:21Z,1680,,7.6,90.6,7.3,5,100,6.8
2025-12-19T03:20:47Z,1680,,7.7,91.6,7.43,4.9,100,6.75
2025-12-19T05:21:15Z,1650,,7.7,92.8,7.52,5,100,6.8
2025-12-19T07:21:13Z,1740,,7.7,93.1,7.55,5,100,6.8
2025-12-19T09:20:45Z,1635,,7.7,92.7,7.52,5,100,6.8
2025-12-19T11:19:57Z,1695,,7.4,90.6,7.2,4.9,99.9,6.74
2025-12-19T13:20:13Z,1620,,7,88.5,6.86,4.4,98.3,6.42
2025-12-19T15:20:16Z,1740,,6.6,91.1,6.88,3.9,100,6.32
2025-12-19T17:20:28Z,1875,,6.9,94,7.24,4.3,100,6.49
2025-12-19T19:20:11Z,1800,,7.7,94.6,7.67,5.3,100,6.93
2025-12-19T21:19:52Z,1755,,8.4,93.8,7.96,5.7,100,7.12
2025-12-19T23:19:38Z,1845,,8.7,94.3,8.15,6.2,100,7.35
2025-12-20T01:20:13Z,1695,,8.8,94.1,8.19,6.2,100,7.35
2025-12-20T03:20:31Z,1755,,8.5,92.9,7.93,6.1,100,7.31
2025-12-20T05:21:01Z,1755,,7.8,91.6,7.47,5.5,100,7.02
2025-12-20T07:20:14Z,1560,,7.5,93.4,7.47,5.1,100,6.84
2025-12-20T09:20:16Z,1500,,7.2,93.7,7.35,4.9,100,6.75
2025-12-20T11:20:58Z,1560,,8.1,91.1,7.58,5.3,100,6.93
2025-12-20T13:21:39Z,1620,,7.6,89.6,7.22,5.1,100,6.84
2025-12-20T15:21:38Z,1710,,7.5,92.2,7.38,4.9,100,6.75
2025-12-20T17:20:45Z,1695,,7.5,91.1,7.29,4.9,100,6.75
2025-12-20T19:20:42Z,1695,,6.9,90.8,6.99,4.5,100,6.57
2025-12-20T21:21:11Z,1650,,6.9,90.2,6.94,4.3,100,6.49
2025-12-20T23:21:38Z,1725,,6.7,91.9,6.98,4.1,100,6.4
2025-12-21T01:21:02Z,1605,,6.5,89.2,6.69,3.8,100,6.28
2025-12-21T03:20:31Z,1665,,6.2,90.9,6.68,3.6,100,6.19
2025-12-21T05:20:50Z,1620,,5.9,90.8,6.55,3.4,100,6.11
2025-12-21T07:20:11Z,1515,,5.2,90.2,6.21,2.5,100,5.75
2025-12-21T09:20:26Z,1485,,4.7,87,5.8,2.1,96.3,5.39
2025-12-21T11:21:01Z,1425,,4.6,87.4,5.78,1.9,98.8,5.46
2025-12-21T13:20:45Z,1425,,4.5,87,5.72,1.9,97.5,5.38
2025-12-21T15:20:34Z,1305,,4.2,83.1,5.36,1.6,95.2,5.15
2025-12-21T17:20:24Z,1110,,2.6,86.8,5.03,0.3,99.6,4.93
2025-12-21T19:19:37Z,1155,,2,90.2,5.02,-0.3,100,4.75
2025-12-21T21:19:53Z,1185,,3.1,89.3,5.35,0.7,100,5.09
2025-12-21T23:19:32Z,1230,,3.3,88.3,5.36,0.8,100,5.12
2025-12-22T01:19:22Z,1230,,3.4,87,5.32,0.7,99.8,5.08
2025-12-22T03:20:11Z,1170,,3.5,86,5.29,0.8,100,5.12
2025-12-22T05:19:25Z,1170,,2.6,87.8,5.08,0,100,4.85
2025-12-22T07:18:42Z,1200,,2.6,88.2,5.11,-0.1,100,4.82
2025-12-22T09:19:22Z,1515,,3.1,90,5.39,0,100,4.85
2025-12-22T11:19:52Z,1455,,3.5,85.7,5.27,-0.1,100,4.82
2025-12-22T13:19:09Z,1185,,2,79.2,4.4,-2.4,96.7,3.97
2025-12-22T15:19:52Z,1065,,-0.1,75.7,3.65,-4.1,86.8,3.16
2025-12-22T17:19:04Z,465,,-3.8,69.1,2.57,-6.5,80,2.45
2025-12-22T19:19:13Z,0,,-6.6,73.9,2.24,-7.7,85.4,2.39
2025-12-22T21:19:18Z,0,,-9,78.8,2.01,-8.7,90.1,2.35
2025-12-23T01:17:56Z,0,,-5.6,81.6,2.67,-7.4,88.6,2.54
2025-12-23T03:17:07Z,0,,-5.2,82,2.76,-7,85.5,2.52
2025-12-23T05:17:34Z,0,,-4.9,78.6,2.7,-7.1,87,2.55
2025-12-23T07:17:14Z,0,,-6.4,76.6,2.36,-8.4,91.6,2.44
2025-12-23T09:17:32Z,0,,-8.9,80.3,2.06,-8.9,93,2.38
2025-12-23T11:17:02Z,795,,-3.9,89.2,3.29,-6.9,90.3,2.68
2025-12-23T13:17:25Z,465,,-2.9,74.3,2.94,-6.7,91.4,2.76
2025-12-23T15:16:40Z,0,,-3.7,77.3,2.89,-7,92.9,2.74
2025-12-23T17:17:06Z,0,,-6.1,79.6,2.51,-8.4,96.1,2.56
2025-12-23T19:17:35Z,0,,-3.5,84.7,3.22,-7.1,95.2,2.79
2025-12-23T21:17:18Z,765,,-2.3,81,3.35,-6.1,92.8,2.92
2025-12-23T23:17:42Z,735,,-1.6,77.6,3.37,-5.3,91.3,3.05
2025-12-24T01:17:25Z,870,,-0.8,82.4,3.78,-4,95.2,3.49
2025-12-24T03:17:38Z,960,,0.1,84.3,4.12,-2.9,97.7,3.87
2025-12-24T05:17:11Z,885,,0.2,84.5,4.15,-2.6,98.7,3.99
2025-12-24T07:16:38Z,960,,0.4,84.9,4.23,-2.3,98.2,4.06
2025-12-24T09:16:14Z,1035,,0.7,84.8,4.32,-2.2,97.7,4.07
2025-12-24T11:15:49Z,1095,,1.4,84,4.48,-1.9,97.4,4.14
2025-12-24T13:16:15Z,1035,,1,83.1,4.32,-2.2,98.7,4.11
2025-12-24T15:16:20Z,1020,,1,84.4,4.38,-2.2,99.9,4.16
2025-12-24T17:16:59Z,1035,,1.2,84.4,4.44,-2,100,4.22
2025-12-24T19:17:31Z,1140,,1.7,85.5,4.66,-1.5,100,4.37
2025-12-24T21:16:54Z,1365,,2.5,87.7,5.04,-0.8,100,4.59
2025-12-24T23:17:22Z,1515,,3.1,88.9,5.32,-0.2,100,4.78
2025-12-25T01:17:20Z,1590,,3.7,90.4,5.64,0.7,100,5.09
2025-12-25T03:17:13Z,1725,,4.3,90.7,5.88,1.3,100,5.3
2025-12-25T05:17:21Z,1680,,4.8,88.7,5.95,1.8,100,5.49
2025-12-25T07:17:52Z,1590,,5.2,87.7,6.04,2.5,100,5.75
2025-12-25T09:18:00Z,1620,,5.7,87.9,6.26,3.3,98.3,5.97
2025-12-25T11:17:27Z,1800,,7,83,6.43,4.1,93.4,5.98
2025-12-25T13:17:51Z,1815,,7.2,78.7,6.18,4.7,87.9,5.86
2025-12-25T15:18:00Z,1680,,6.9,79.4,6.11,4.5,89.6,5.89
2025-12-25T17:18:36Z,1560,,6.6,82.6,6.24,4.6,92.3,6.11
2025-12-25T19:19:18Z,1560,,6.1,86,6.28,4.4,94.5,6.17
2025-12-25T21:19:25Z,1380,,5.6,84.3,5.96,3.8,96.1,6.03
2025-12-25T23:19:05Z,1365,,4.5,86.1,5.66,2.8,95.7,5.62
2025-12-26T01:18:20Z,1335,,3.7,84.7,5.28,1.8,94.7,5.19
2025-12-26T03:17:46Z,1320,,3.2,84.7,5.11,1.1,93.9,4.91
2025-12-26T05:17:43Z,1230,,2.6,85.7,4.96,0.5,96.6,4.85
2025-12-26T07:17:17Z,1155,,2.4,88,5.03,0.2,100,4.92
2025-12-26T09:16:41Z,1545,,3.2,93.6,5.64,0.9,100,5.16
2025-12-26T11:16:50Z,1770,,4.8,92.4,6.2,2.2,100,5.64
2025-12-26T13:17:25Z,1485,,4.3,88.8,5.76,1.8,100,5.49
2025-12-26T15:17:09Z,1395,,3.2,91,5.49,1.1,100,5.23
2025-12-26T17:16:28Z,1425,,3,92.6,5.51,0.8,100,5.12
2025-12-26T19:16:25Z,1740,,3.8,94.3,5.92,1.1,100,5.23
2025-12-26T21:15:58Z,1710,,4.2,92.9,5.99,1.1,100,5.23
2025-12-26T23:15:59Z,1590,,3.8,91.5,5.74,0.7,100,5.09
2025-12-27T01:15:40Z,1590,,3.5,90.3,5.55,0,100,4.85
2025-12-27T03:16:10Z,1590,,3.4,90,5.5,-0.2,100,4.78
2025-12-27T05:15:54Z,1650,,3.8,90.8,5.7,0.3,100,4.95
2025-12-27T07:15:38Z,1770,,4.6,92.7,6.14,1.5,100,5.37
2025-12-27T09:14:56Z,1620,,4.5,90.8,5.97,2.1,98.7,5.52
2025-12-27T11:14:27Z,1575,,3.5,82.2,5.06,1.6,85.9,4.65
2025-12-27T13:14:26Z,1725,,3.4,78.4,4.79,1.1,80,4.18
2025-12-27T15:14:31Z,1290,,3.1,83.5,5.0,0,97.2,4.71
2025-12-27T17:14:52Z,1260,,2.8,88.9,5.22,0.4,99.3,4.95
2025-12-27T19:14:09Z,1320,,2.8,89.5,5.25,0.2,100,4.92
2025-12-27T21:13:42Z,1305,,2.2,91.1,5.13,0,98.5,4.78
2025-12-27T23:12:59Z,1365,,1.7,85.7,4.67,-0.2,90.3,4.32
2025-12-28T01:12:17Z,1515,,1.9,74.5,4.11,-0.1,76,3.66
2025-12-28T03:12:24Z,1500,,1.8,64.9,3.56,-0.6,67.3,3.13
2025-12-28T05:11:50Z,1125,,0.1,61.3,2.99,-2.1,65.2,2.73
2025-12-28T07:11:22Z,1035,,-0.7,58.7,2.71,-2.8,62.2,2.48
2025-12-28T09:11:51Z,1035,,-0.7,59.9,2.77,-2.7,63.3,2.54
2025-12-28T11:12:27Z,1005,,-0.6,62,2.88,-2.7,67.3,2.7
2025-12-28T13:12:33Z,720,,-0.9,64.3,2.93,-3.4,75.9,2.9
2025-12-28T15:13:10Z,585,,-1.5,67.5,2.95,-4.3,81.6,2.93
2025-12-28T17:13:00Z,810,,0.2,67.4,3.31,-3.4,84,3.21
2025-12-28T19:13:34Z,795,,-0.1,74.7,3.6,-3.2,90.6,3.51
2025-12-28T21:13:58Z,825,,0.9,77.8,4.01,-2.1,97,4.07
2025-12-29T01:15:18Z,1080,,2.2,84.8,4.78,-0.5,100,4.69
2025-12-29T03:15:49Z,1125,,1.8,84.1,4.61,-0.7,95.9,4.43
2025-12-29T05:15:07Z,975,,0.5,79.2,3.98,-2,91.5,3.86
2025-12-29T07:15:14Z,915,,-0.3,81.3,3.86,-3,92.5,3.64
2025-12-29T09:15:22Z,1140,,0,83.6,4.05,-2.4,91,3.73
2025-12-29T11:15:13Z,975,,0,81.9,3.97,-2.9,94.2,3.73
2025-12-29T13:14:33Z,900,,-0.4,77.4,3.65,-3.5,90.1,3.42
2025-12-29T15:14:28Z,795,,-1.5,77.5,3.39,-4.6,89.8,3.15
2025-12-29T17:13:50Z,720,,-1.8,79.6,3.41,-4.9,91.4,3.14
2025-12-29T19:13:14Z,735,,-2.2,75.2,3.13,-5,84,2.87
2025-12-29T21:13:30Z,705,,-2.3,74.7,3.09,-5.1,84.8,2.87
2025-12-29T23:12:38Z,630,,-2.8,77.9,3.11,-5.6,88.9,2.9
2025-12-30T01:12:23Z,585,,-2.6,81.3,3.29,-5.8,94.8,3.05
2025-12-30T03:11:34Z,585,,-2.8,81.9,3.27,-5.8,95,3.06
2025-12-30T05:11:08Z,585,,-3.3,84.7,3.26,-6.1,96.9,3.05
2025-12-30T07:11:05Z,645,,-2.4,85.8,3.52,-5.6,100,3.27
2025-12-30T09:11:15Z,765,,-1.8,86.8,3.72,-4.7,98.7,3.44
2025-12-30T11:11:58Z,870,,-1.2,84.7,3.78,-4.3,96.1,3.45
2025-12-30T13:11:33Z,840,,-1.7,81.7,3.52,-4.8,92.4,3.2
2025-12-30T15:11:39Z,675,,-2.5,77.6,3.16,-5.7,89.4,2.9
2025-12-30T17:11:25Z,0,,-4.8,72.2,2.5,-7.7,81,2.27
2025-12-30T19:11:49Z,0,,-6.2,68.5,2.14,-9.1,77.1,1.95
2025-12-30T21:11:37Z,0,,-7.3,67.7,1.95,-10.2,78.6,1.83
2025-12-30T23:10:48Z,0,,-8.1,69,1.88,-11.1,81.2,1.77
2025-12-31T01:10:33Z,0,,-9.1,69.6,1.76,-11.7,83,1.72
2025-12-31T03:10:09Z,0,,-9,71.5,1.82,-11.7,84.7,1.76
2025-12-31T05:10:20Z,0,,-10.1,72.3,1.69,-13.1,89.6,1.67
2025-12-31T07:09:27Z,0,,-10.3,74.2,1.71,-13.1,91.4,1.7
2025-12-31T09:10:14Z,0,,-9.6,78.6,1.91,-11.6,90.5,1.89
2025-12-31T11:09:47Z,0,,-8.4,79.1,2.11,-10.5,89.9,2.04
2025-12-31T13:09:06Z,0,,-8.1,77.2,2.1,-10.7,91.2,2.04
2025-12-31T15:08:57Z,0,,-9.7,77.9,1.88,-12.6,95.1,1.84
2025-12-31T17:08:30Z,0,,-10.5,78.9,1.79,-13.5,96.5,1.75
2025-12-31T19:09:01Z,0,,-12.3,74.3,1.47,-14.7,97.1,1.6
2025-12-31T21:08:35Z,0,,-14.6,70.7,1.17,-16.5,97.4,1.39
2025-12-31T23:08:49Z,0,,-16.7,75.4,1.06,-17.3,97.1,1.3
2026-01-01T01:08:55Z,0,,-16.9,78,1.08,-17.5,96.7,1.28
2026-01-01T03:09:14Z,0,,-19.1,80,0.93,-18.9,96.6,1.14
2026-01-01T05:09:05Z,0,,-19.2,82.1,0.94,-19.4,95.7,1.08
2026-01-01T07:09:28Z,0,,-17.6,82.1,1.07,-18.4,94.9,1.16
2026-01-01T09:09:23Z,0,,-15.7,83.5,1.27,-16.4,94.4,1.36
2026-01-01T11:09:03Z,0,,-11,83.2,1.82,-12.4,96.4,1.9
2026-01-01T13:09:48Z,0,,-9.5,84.8,2.08,-11.6,98.2,2.06
2026-01-01T15:09:29Z,0,,-10.4,77.9,1.79,-12.4,98.7,1.94
2026-01-01T17:09:50Z,0,,-11.3,76.9,1.65,-13,98,1.84
2026-01-01T19:10:17Z,0,,-8.7,83.5,2.17,-11.4,98.3,2.09
2026-01-01T21:10:02Z,0,,-6.6,86.9,2.64,-9.6,99.7,2.43
2026-01-01T23:09:12Z,0,,-5.3,88,2.94,-8.5,100,2.64
2026-01-02T01:09:07Z,675,,-2.5,85.7,3.49,-5.8,99.6,3.21
2026-01-02T03:09:38Z,645,,-1.2,75.7,3.38,-5.9,96.5,3.08
2026-01-02T05:10:11Z,585,,-1.5,76.1,3.33,-6.2,97.2,3.04
2026-01-02T07:10:29Z,705,,-1.3,76,3.37,-5.8,94,3.03
2026-01-02T09:09:43Z,705,,-1.1,75.7,3.4,-5.7,94.5,3.06
2026-01-02T11:09:17Z,0,,-2.5,74.3,3.03,-8.2,96.5,2.61
2026-01-02T13:08:56Z,0,,-4.5,81.3,2.87,-8.5,97.2,2.57
2026-01-02T15:08:29Z,0,,-4.8,84.6,2.93,-8.5,98.7,2.61
2026-01-02T17:08:06Z,0,,-4.5,85.1,3.01,-8.1,99,2.69
2026-01-02T19:07:44Z,0,,-4.2,85.5,3.09,-7.5,100,2.84
2026-01-02T21:08:21Z,0,,-3.7,85.6,3.2,-7.2,100,2.91
2026-01-02T23:09:01Z,0,,-3.4,85.2,3.26,-7.3,100,2.89
2026-01-03T01:08:46Z,0,,-3.8,85.1,3.16,-7.9,99.1,2.74
2026-01-03T03:09:03Z,0,,-4.4,83.7,2.98,-9,98.7,2.51
2026-01-03T07:09:58Z,0,,-5.4,84.3,2.79,-9.6,98.3,2.39
2026-01-03T09:09:14Z,0,,-5.1,84.5,2.86,-9.1,97.9,2.47
2026-01-03T11:09:42Z,0,,-4.3,82.5,2.96,-8.6,97.2,2.55
2026-01-03T13:09:52Z,0,,-4,80.3,2.94,-8.1,96.3,2.62
2026-01-03T15:09:26Z,0,,-4,75.5,2.77,-9.4,94.6,2.34
2026-01-03T17:08:58Z,0,,-4.5,71,2.51,-10,93.9,2.22
2026-01-03T19:09:29Z,0,,-5.1,69.9,2.37,-10.7,93.6,2.1
2026-01-03T21:09:44Z,0,,-5.3,69.8,2.33,-10.9,93.2,2.06
2026-01-03T23:09:46Z,0,,-5.9,69,2.21,-11.5,93.9,1.98
2026-01-04T01:09:56Z,0,,-6.3,68.8,2.14,-11.7,93.6,1.94
2026-01-04T03:09:21Z,0,,-6.5,69,2.11,-11.8,93.6,1.93
2026-01-04T05:09:45Z,0,,-6.9,67.6,2.01,-12.5,92.6,1.81
2026-01-04T07:09:22Z,0,,-7.6,66.5,1.88,-13.2,92.4,1.71
2026-01-04T09:09:16Z,0,,-7.9,66.1,1.83,-13.4,90.6,1.65
2026-01-04T11:09:49Z,0,,-8.2,64.9,1.75,-13.9,89.4,1.57
2026-01-04T13:09:00Z,0,,-8.7,63.8,1.66,-14.6,89.9,1.49
2026-01-04T15:09:01Z,0,,-9.4,65,1.61,-14.7,91.9,1.51
2026-01-04T17:09:13Z,0,,-9.5,66.7,1.64,-14.8,93.4,1.53
2026-01-04T19:09:36Z,0,,-9.9,64.4,1.53,-16,90.9,1.35
2026-01-04T21:08:52Z,0,,-10.8,64.1,1.43,-16.4,91.2,1.31
2026-01-04T23:08:24Z,0,,-11.9,64.1,1.31,-17.5,92.6,1.22
2026-01-05T01:09:14Z,0,,-12.9,64.1,1.21,-18.6,93.9,1.13
2026-01-05T03:09:01Z,0,,-13.7,64.5,1.15,-19.2,94.4,1.09
2026-01-05T05:08:52Z,0,,-15.3,65.1,1.02,-20.3,94.9,1.0
2026-01-05T07:09:16Z,0,,-17.2,63.8,0.86,-20.8,95,0.96
2026-01-05T09:09:50Z,0,,-17,67.9,0.93,-18.5,91.9,1.12
2026-01-05T11:10:14Z,0,,-16.4,74.3,1.07,-16.8,93.7,1.31
2026-01-05T13:10:52Z,0,,-15.9,68.7,1.03,-16.4,95,1.37
2026-01-05T15:11:11Z,0,,-16.6,71.7,1.02,-17.7,96.7,1.26
2026-01-05T17:10:23Z,0,,-16.7,73.9,1.04,-18.2,96.3,1.2
2026-01-05T19:10:39Z,0,,-18,74.4,0.94,-18.5,95.8,1.17
2026-01-05T21:10:38Z,0,,-18.3,74.5,0.92,-18.7,95.5,1.14
2026-01-05T23:11:30Z,0,,-19.1,75.6,0.88,-19.4,95.6,1.08
2026-01-06T01:11:34Z,0,,-19.5,76.1,0.85,-19.8,95.2,1.04
2026-01-06T03:11:04Z,0,,-18.8,75.3,0.89,-19.9,94.9,1.03
2026-01-06T05:11:06Z,0,,-17.7,73.4,0.95,-19.4,94.3,1.07
2026-01-06T07:11:18Z,0,,-14.8,75,1.23,-14.8,93.9,1.53
2026-01-06T09:10:54Z,0,,-11.6,73.9,1.55,-11.6,96.9,2.03
2026-01-06T11:11:01Z,0,,-7.5,74,2.1,-8.6,98.6,2.59
2026-01-06T13:10:41Z,450,,-4.6,76.1,2.67,-6.6,100,3.04
2026-01-06T15:11:22Z,405,,-2.3,76.2,3.15,-3.8,100,3.72
2026-01-06T17:10:40Z,405,,-1.1,75.3,3.38,-4.2,100,3.61
2026-01-06T19:11:05Z,465,,-0.7,75.8,3.5,-4.5,100,3.54
2026-01-06T21:11:50Z,645,,-0.3,75.3,3.58,-4.9,100,3.44
2026-01-06T23:11:00Z,705,,-0.2,77.2,3.69,-4.9,100,3.44
2026-01-07T01:10:33Z,780,,0,78.7,3.82,-4.3,100,3.59
2026-01-07T03:10:20Z,885,,0.1,79.6,3.89,-4.4,100,3.56
2026-01-07T05:10:40Z,765,,-0.3,76.7,3.64,-6.2,100,3.13
2026-01-07T07:11:05Z,0,,-0.5,73.6,3.45,-7.1,99.9,2.93
2026-01-07T09:11:29Z,0,,-1.4,76,3.34,-7.3,95.6,2.76
2026-01-07T11:10:52Z,0,,-0.9,77.5,3.53,-7.7,95.6,2.68
2026-01-07T13:10:25Z,0,,-0.5,73.2,3.43,-9.3,98.3,2.45
2026-01-07T15:09:47Z,0,,-1,69.5,3.15,-10.9,99.6,2.2
2026-01-07T17:09:55Z,0,,-1.7,69.1,2.98,-11.4,99.9,2.12
2026-01-07T19:09:56Z,0,,-2.1,67.2,2.82,-12.6,100,1.94
2026-01-07T21:09:59Z,0,,-2.8,65.4,2.61,-13.7,100,1.78
2026-01-07T23:09:31Z,0,,-3.4,62.3,2.38,-13.7,99.6,1.77
2026-01-08T01:08:58Z,0,,-4.1,60.5,2.2,-14.7,99.4,1.64
2026-01-08T03:09:42Z,0,,-4.6,61.1,2.14,-16.2,99.3,1.45
2026-01-08T05:09:54Z,0,,-5.2,59,1.98,-16.5,98.3,1.4
2026-01-08T07:09:36Z,0,,-6.1,57.9,1.82,-16,98.1,1.46
2026-01-08T09:09:57Z,0,,-6.9,60.7,1.8,-14.8,97.1,1.59
2026-01-08T11:09:15Z,0,,-7.3,61.6,1.78,-15,98.1,1.58
2026-01-08T13:08:52Z,0,,-7.2,61.7,1.79,-15.2,98.4,1.56
2026-01-08T15:09:06Z,0,,-7.6,60,1.69,-16.5,98.6,1.41
2026-01-08T17:09:05Z,0,,-7.7,59.9,1.68,-17.7,98.1,1.27
2026-01-08T19:09:34Z,0,,-8.3,59.4,1.59,-18.7,97.5,1.17
2026-01-08T21:09:56Z,0,,-8.5,56.9,1.5,-19.1,96.8,1.12
2026-01-08T23:09:34Z,0,,-9.1,56,1.41,-17.5,97.3,1.28
2026-01-09T01:09:04Z,0,,-9.2,57.4,1.44,-16.2,97.1,1.42
2026-01-09T03:08:58Z,0,,-8.6,60.2,1.58,-14.2,98.2,1.68
2026-01-09T05:08:44Z,0,,-8.5,62.1,1.64,-15.2,98,1.55
2026-01-09T07:08:11Z,0,,-8.8,62.3,1.61,-15.7,98,1.49
2026-01-09T09:07:29Z,0,,-9,63.1,1.61,-15.2,96.3,1.53
2026-01-09T11:07:42Z,0,,-9,65.1,1.66,-14.9,94.2,1.53
2026-01-09T13:07:21Z,0,,-9.4,64.2,1.59,-15.4,92.4,1.44
2026-01-09T15:07:29Z,0,,-9.3,62.1,1.55,-15.5,91.9,1.42
2026-01-09T17:08:12Z,0,,-9.6,62.1,1.51,-15.5,88.8,1.37
2026-01-09T19:08:18Z,0,,-9.8,61.2,1.47,-15.5,86.3,1.33
2026-01-09T21:08:49Z,0,,-10.1,62.3,1.46,-15.5,86.8,1.34
2026-01-09T23:08:02Z,0,,-9.9,63.6,1.51,-15,87.2,1.4
2026-01-10T01:08:29Z,0,,-9.9,67.5,1.61,-15.1,94.3,1.51
2026-01-10T03:08:27Z,0,,-9.8,69.6,1.67,-14.7,95.6,1.57
2026-01-10T05:08:58Z,0,,-9.6,73.2,1.78,-13.3,93.9,1.72
2026-01-10T07:08:51Z,0,,-8.6,75.2,1.97,-11.7,91.3,1.9
2026-01-10T09:09:21Z,0,,-8.2,76,2.05,-11.5,88.9,1.87
2026-01-10T11:08:48Z,0,,-7.5,79.7,2.27,-10.4,92.3,2.12
2026-01-10T13:09:17Z,0,,-6.7,78.9,2.38,-10,93.4,2.21
2026-01-10T15:09:20Z,0,,-6.4,78,2.4,-9.9,92.5,2.2
2026-01-10T17:09:03Z,0,,-6.1,76.6,2.41,-9.8,92.8,2.23
2026-01-10T19:08:25Z,0,,-5.8,76.6,2.47,-9.5,92.9,2.28
2026-01-10T21:07:36Z,0,,-5.7,79.4,2.57,-9.2,95.8,2.4
2026-01-10T23:06:48Z,0,,-5.2,78.8,2.65,-8.8,95.8,2.47
2026-01-11T01:07:23Z,0,,-4.9,79.6,2.73,-8.6,96.9,2.54
2026-01-11T03:07:24Z,0,,-4.7,79.3,2.76,-8.4,96.4,2.57
2026-01-11T05:07:16Z,0,,-4.4,79.1,2.82,-8.2,96.9,2.62
2026-01-11T07:07:03Z,0,,-4.1,78.7,2.86,-8.1,97.3,2.65
2026-01-11T09:07:20Z,0,,-3.8,78.5,2.92,-7.7,96.6,2.71
2026-01-11T11:07:24Z,0,,-3.5,77.2,2.93,-7.4,93.4,2.68
2026-01-11T13:07:02Z,0,,-3.3,76.6,2.95,-7.4,94.1,2.7
2026-01-11T15:06:09Z,0,,-3.4,76.4,2.92,-7.6,95.5,2.7
2026-01-11T17:06:56Z,0,,-3.4,76.4,2.92,-7.7,96.3,2.7
2026-01-11T19:07:32Z,0,,-3.3,76.1,2.93,-7.8,96.6,2.69
2026-01-11T21:07:45Z,0,,-3.4,76.3,2.92,-7.9,97.2,2.68
2026-01-11T23:07:54Z,0,,-3.5,76,2.89,-8.3,97.9,2.62
2026-01-12T01:08:16Z,0,,-3.7,76,2.84,-8.5,97.8,2.58
2026-01-12T03:08:21Z,0,,-3.5,75.9,2.88,-8.1,97.6,2.66
2026-01-12T05:08:52Z,0,,-3.2,75.7,2.94,-7.6,97,2.74
2026-01-12T07:09:38Z,0,,-3.2,75.3,2.92,-8.2,97.5,2.63
2026-01-12T09:10:15Z,0,,-3.7,74.1,2.77,-9.3,97.9,2.44
2026-01-12T11:09:53Z,0,,-3.5,74.6,2.83,-8.1,97.6,2.66
2026-01-12T13:10:20Z,0,,-3.1,74.8,2.92,-7.6,96.8,2.73
2026-01-12T17:10:21Z,0,,-3.4,75.2,2.88,-8.1,98.9,2.69
2026-01-12T19:10:15Z,0,,-3,75.7,2.98,-7.6,99.3,2.8
2026-01-12T21:10:45Z,420,,-2.9,76.4,3.03,-6.8,99.9,2.99
2026-01-12T23:10:35Z,465,,-1.9,75.4,3.2,-6.4,99.7,3.07
2026-01-13T01:10:31Z,465,,-1.5,74.8,3.27,-6.2,99.4,3.11
2026-01-13T03:10:29Z,480,,-1.2,74.5,3.32,-5.9,99.7,3.19
2026-01-13T05:09:59Z,645,,-1,73.3,3.32,-6,96.1,3.05
2026-01-13T07:10:32Z,645,,-1,71.5,3.24,-6.6,94.5,2.87
2026-01-13T09:11:02Z,585,,-1.1,70.8,3.18,-6.9,94.4,2.81
2026-01-13T11:11:34Z,0,,-1.2,69.5,3.1,-7.2,93.9,2.73
2026-01-13T13:12:22Z,0,,-2.8,73.5,2.93,-7.6,94.4,2.67
2026-01-13T15:12:19Z,0,,-2.5,76.2,3.11,-8,96.4,2.64
2026-01-13T17:11:39Z,0,,-3.6,78.4,2.96,-8,97.3,2.67
2026-01-13T19:11:51Z,0,,-3.2,77.3,3.0,-7.9,98.3,2.71
2026-01-13T21:11:31Z,0,,-3.9,80.6,2.97,-7.6,98.9,2.79
2026-01-13T23:11:43Z,0,,-3.7,81.3,3.04,-7.1,99.6,2.92
2026-01-14T01:12:05Z,435,,-3,82.2,3.23,-6.7,100,3.02
2026-01-14T03:12:35Z,570,,-1,72.3,3.27,-6.4,96.3,2.97
2026-01-14T05:12:48Z,525,,-0.9,71.5,3.26,-6.3,97.2,3.02
2026-01-14T07:13:37Z,525,,-1.1,72.5,3.26,-6.4,97.6,3.01
2026-01-14T09:13:52Z,525,,-0.8,72.6,3.33,-6.5,100,3.06
2026-01-14T11:14:18Z,540,,-0.7,72.4,3.35,-6.5,100,3.06
2026-01-14T13:13:30Z,540,,-0.5,72.8,3.41,-5.6,99.4,3.25
2026-01-14T15:14:08Z,585,,-0.5,71.9,3.37,-5.5,97.2,3.2
2026-01-14T17:13:33Z,585,,-0.9,73.7,3.36,-5.3,95.7,3.19
2026-01-14T19:13:09Z,630,,-1.4,74.3,3.27,-5.4,92.6,3.07
2026-01-14T21:12:21Z,675,,-1.3,72.2,3.2,-6.6,91,2.76
2026-01-14T23:12:00Z,0,,-1.5,71.9,3.14,-7.4,99,2.84
2026-01-15T01:12:20Z,0,,-2.1,73.8,3.09,-7.7,93.9,2.63
2026-01-15T03:11:40Z,0,,-2.4,75.1,3.08,-7.7,93.6,2.62
2026-01-15T05:11:18Z,0,,-2.3,75.5,3.12,-7.2,94.4,2.74
2026-01-15T07:10:41Z,0,,-2.3,76.4,3.16,-7.6,99.4,2.81
2026-01-15T09:10:16Z,0,,-2,76.5,3.23,-7.3,97.6,2.82
2026-01-15T11:09:31Z,0,,-1.7,76.4,3.29,-7.1,99.6,2.92
2026-01-15T13:09:07Z,585,,-1.4,76.4,3.36,-6.5,100,3.06
2026-01-15T15:08:32Z,585,,-0.5,73.1,3.42,-5.9,100,3.2
2026-01-15T17:08:06Z,645,,-0.3,74.9,3.56,-5.1,100,3.39
2026-01-15T19:07:51Z,705,,-0.1,77,3.71,-4.4,100,3.56
2026-01-15T21:07:39Z,780,,0.1,79.3,3.87,-3.7,100,3.74
2026-01-15T23:07:51Z,870,,0.4,80.9,4.03,-3.3,100,3.85
2026-01-16T01:07:42Z,975,,0.8,82.2,4.21,-3,100,3.93
2026-01-16T03:08:17Z,1005,,0.9,83.3,4.3,-2.8,100,3.99
2026-01-16T05:09:05Z,1005,,0.9,83.8,4.32,-2.6,100,4.05
2026-01-16T07:09:47Z,1035,,1.1,83.8,4.38,-2.5,100,4.07
2026-01-16T09:09:41Z,1035,,1.3,84,4.45,-2.1,100,4.19
2026-01-16T11:09:25Z,1065,,1.6,83.8,4.53,-1.7,100,4.31
2026-01-16T13:09:40Z,1140,,1.7,81,4.41,-2.6,99,4.01
2026-01-16T15:10:12Z,1005,,1.1,79.2,4.14,-3.8,100,3.72
2026-01-16T17:09:50Z,975,,1,78.6,4.08,-3.7,100,3.74
2026-01-16T19:09:19Z,975,,0.9,79.1,4.08,-3.8,100,3.72
2026-01-16T21:09:14Z,870,,0.8,75.3,3.86,-5,100,3.41
2026-01-16T23:09:11Z,840,,0.4,75.8,3.78,-4.8,100,3.46
2026-01-17T01:09:26Z,810,,0.2,74.9,3.68,-5.7,100,3.24
2026-01-17T03:10:04Z,705,,-0.2,74.4,3.56,-6.1,100,3.15
2026-01-17T05:10:21Z,705,,-0.1,74.8,3.6,-5.6,100,3.27
2026-01-17T07:09:33Z,810,,-0.2,79.2,3.79,-4.9,100,3.44
2026-01-17T09:09:29Z,900,,0,82.1,3.98,-4.2,100,3.61
2026-01-17T11:10:09Z,990,,0.3,84,4.16,-3.7,100,3.74
2026-01-17T13:09:48Z,1125,,0.8,85,4.36,-3.3,100,3.85
2026-01-17T15:10:07Z,1140,,0.9,86,4.44,-2.9,100,3.96
2026-01-17T17:10:27Z,1155,,1.1,86,4.5,-2.6,100,4.05
2026-01-17T19:11:06Z,1155,,1.7,84.8,4.62,-2.1,100,4.19
2026-01-17T21:11:04Z,1230,,2.1,85.2,4.77,-1.6,100,4.34
2026-01-17T23:11:16Z,1320,,2.2,86.6,4.88,-1.3,100,4.43
2026-01-18T01:11:44Z,1365,,2.3,87.9,4.99,-1,100,4.53
2026-01-18T03:12:20Z,1410,,2.4,88.9,5.08,-0.9,100,4.56
2026-01-18T05:12:36Z,1425,,2.6,88.9,5.15,-0.8,100,4.59
2026-01-18T07:11:54Z,1485,,2.5,90,5.18,-0.8,100,4.59
2026-01-18T09:12:22Z,1485,,2.5,90.6,5.21,-0.6,100,4.65
2026-01-18T11:11:58Z,1500,,2.5,90.5,5.2,-0.6,100,4.65
2026-01-18T13:11:56Z,1530,,2.6,90.4,5.23,-0.7,100,4.62
2026-01-18T15:11:30Z,1530,,2.5,90.7,5.22,-0.8,100,4.59
2026-01-18T19:11:14Z,1530,,2.4,90.4,5.16,-0.9,100,4.56
2026-01-18T21:11:35Z,1515,,2.4,90.8,5.19,-0.9,100,4.56
2026-01-18T23:11:28Z,1515,,2.4,91.1,5.2,-0.9,100,4.56
2026-01-19T01:11:26Z,1530,,2.4,91,5.2,-1,100,4.53
2026-01-19T03:12:14Z,1530,,2.4,90.6,5.18,-1,100,4.53
2026-01-19T05:11:57Z,1515,,2.4,90.2,5.15,-1.1,100,4.49
2026-01-19T07:12:17Z,1485,,2.2,89.6,5.05,-1.3,100,4.43
2026-01-19T09:12:24Z,1425,,2.3,88.4,5.02,-1.3,100,4.43
2026-01-19T11:11:36Z,1440,,2.3,87.6,4.97,-1.4,100,4.4
2026-01-19T13:11:52Z,1395,,2.2,86.7,4.89,-1.8,100,4.28
2026-01-19T15:11:46Z,1365,,2,85.7,4.76,-2.4,100,4.1
2026-01-19T17:12:27Z,1320,,1.9,83.5,4.61,-2.8,100,3.99
2026-01-19T19:11:42Z,1260,,1.8,83,4.55,-2.9,100,3.96
2026-01-19T21:12:25Z,1230,,1.7,82.4,4.49,-3.1,100,3.91
2026-01-19T23:12:38Z,1185,,1.7,81.3,4.43,-3.4,100,3.82
2026-01-20T01:12:09Z,1110,,1.4,79.7,4.25,-3.9,100,3.69
2026-01-20T03:12:01Z,1035,,1.2,78,4.11,-4.4,100,3.56
2026-01-20T05:12:08Z,945,,0.8,77.5,3.97,-4.8,100,3.46
2026-01-20T07:11:58Z,915,,0.7,75.7,3.85,-5,100,3.41
2026-01-20T09:12:06Z,885,,0.8,75.4,3.86,-4.8,100,3.46
2026-01-20T11:11:31Z,870,,0.8,75.4,3.86,-4.7,100,3.49
2026-01-20T13:12:18Z,840,,0.4,75.9,3.78,-4.8,100,3.46
2026-01-20T15:12:23Z,840,,0.2,76.7,3.77,-5.2,100,3.36
2026-01-20T17:12:21Z,840,,0.2,75.9,3.73,-5.2,100,3.36
2026-01-20T19:11:47Z,840,,0.2,76.4,3.76,-5.1,100,3.39
2026-01-20T21:11:10Z,825,,0.3,77.2,3.82,-4.8,100,3.46
2026-01-20T23:11:26Z,930,,0.6,79.4,4.01,-4.2,100,3.61
2026-01-21T01:11:44Z,990,,1,81.9,4.25,-3.1,100,3.91
2026-01-21T03:12:04Z,1065,,1.1,82.9,4.34,-2.9,100,3.96
2026-01-21T05:12:11Z,1095,,1,82.7,4.3,-3.4,100,3.82
2026-01-21T07:12:46Z,1080,,1,81.2,4.22,-3.8,100,3.72
2026-01-21T09:12:09Z,1050,,0.9,79.7,4.11,-4.2,100,3.61
2026-01-21T11:12:03Z,1020,,1,78.2,4.06,-4.3,100,3.59
2026-01-21T13:11:28Z,1005,,1,78.2,4.06,-4.4,100,3.56
2026-01-21T15:12:09Z,975,,0.9,78,4.02,-4.3,100,3.59
2026-01-21T17:12:16Z,945,,0.8,77.2,3.96,-4.8,100,3.46
2026-01-21T19:12:05Z,900,,0.5,77.2,3.87,-4.9,100,3.44
2026-01-21T21:11:41Z,840,,0.3,76.2,3.77,-5.2,100,3.36
2026-01-22T01:11:30Z,780,,0.1,74.7,3.65,-5.3,99.9,3.33
2026-01-22T03:11:19Z,855,,0.1,73.3,3.58,-5.9,96,3.07
2026-01-22T05:11:35Z,720,,-0.2,72.7,3.48,-6.2,98.5,3.08
2026-01-22T07:11:52Z,720,,-0.2,72.7,3.48,-6.3,98,3.04
2026-01-22T09:11:21Z,675,,-0.4,72.2,3.41,-6.5,98.4,3.01
2026-01-22T11:12:07Z,690,,-0.4,72,3.4,-6.5,97.7,2.99
2026-01-22T13:12:44Z,0,,-0.6,71,3.3,-7.1,98.1,2.87
2026-01-22T15:12:27Z,0,,-2.7,78.9,3.17,-7.6,98.2,2.77
2026-01-22T17:12:35Z,0,,-2.9,81.8,3.24,-8,97.6,2.68
2026-01-22T19:12:39Z,0,,-2.8,79.2,3.16,-8.3,96.4,2.58
2026-01-22T21:12:19Z,0,,-3.8,83.6,3.11,-8.5,96.8,2.56
2026-01-22T23:12:23Z,0,,-4.5,86.4,3.05,-8.8,97.9,2.53
2026-01-23T01:12:27Z,0,,-3.3,79.3,3.05,-9.1,98.1,2.48
2026-01-23T03:11:40Z,0,,-4,82.8,3.03,-9.3,98.6,2.45
2026-01-23T05:12:18Z,0,,-4.1,83,3.02,-9.7,97.7,2.36
2026-01-23T07:11:38Z,0,,-4.2,83.2,3.01,-9.8,96.6,2.32
2026-01-23T09:10:54Z,0,,-4.6,81.3,2.85,-9.8,95.1,2.28
2026-01-23T11:10:31Z,0,,-4.3,78.5,2.82,-9.6,94.9,2.31
2026-01-23T13:10:46Z,0,,-3.1,74,2.89,-9.5,94.5,2.32
2026-01-23T15:10:53Z,0,,-4,76.5,2.8,-9.8,95.8,2.3
2026-01-23T17:10:19Z,0,,-5.5,77.2,2.54,-10,95.5,2.26
2026-01-23T19:10:55Z,0,,-6.4,82.8,2.55,-10.1,95.4,2.24
2026-01-23T21:11:41Z,0,,-5.6,85,2.78,-10.4,94.8,2.17
2026-01-23T23:11:12Z,0,,-4.6,74.1,2.6,-10.9,94.9,2.09
2026-01-24T01:11:06Z,0,,-4.5,71.2,2.52,-11.4,95.4,2.03
2026-01-24T03:11:29Z,0,,-3.9,67.5,2.49,-11.1,96.5,2.1
2026-01-24T05:12:18Z,0,,-4.4,69.5,2.47,-11,97.7,2.14
2026-01-24T07:12:18Z,0,,-4,68.9,2.52,-10.6,98.4,2.22
2026-01-24T09:12:04Z,0,,-3.5,68.4,2.6,-9.5,97.7,2.4
2026-01-24T11:11:58Z,0,,-3.3,70,2.7,-8.4,96.7,2.57
2026-01-24T13:12:21Z,0,,-3,69.8,2.75,-8.2,98.1,2.65
2026-01-24T15:12:48Z,0,,-3.2,73.8,2.86,-9,97.7,2.49
2026-01-24T17:12:40Z,0,,-4.8,77.2,2.67,-9.1,98.9,2.5
2026-01-24T19:11:49Z,0,,-5.5,81.6,2.68,-9.2,99.6,2.5
2026-01-24T21:11:26Z,0,,-5.1,83.7,2.83,-9.3,99.8,2.48
2026-01-24T23:12:04Z,0,,-4.7,82.8,2.89,-9.3,99.4,2.47
2026-01-25T01:11:39Z,0,,-3.8,80.4,2.99,-9.6,97.8,2.38
2026-01-25T03:11:56Z,0,,-3.7,80.3,3.01,-9.8,98.3,2.36
2026-01-25T05:12:13Z,0,,-3.3,81.2,3.13,-9.6,98.4,2.39
2026-01-25T07:11:34Z,0,,-3.2,81.5,3.16,-9.4,98.5,2.43
2026-01-25T09:11:15Z,0,,-3,77.3,3.04,-8.6,96.9,2.54
2026-01-25T11:11:11Z,0,,-2.7,73.4,2.95,-8.4,94.6,2.52
2026-01-25T13:10:17Z,0,,-2.3,75.3,3.11,-8.2,94.7,2.56
2026-01-25T15:10:57Z,0,,-4,78.7,2.88,-8.7,97.3,2.53
2026-01-25T17:11:12Z,0,,-7.4,83.5,2.39,-10,99.1,2.34
2026-01-25T19:11:31Z,0,,-4.8,82.8,2.87,-9.5,99.2,2.43
2026-01-25T21:11:18Z,0,,-3.8,82,3.05,-9,99.9,2.54
2026-01-25T23:10:51Z,0,,-3.3,81.1,3.12,-8.6,100,2.62
2026-01-26T01:10:46Z,0,,-2.2,75.8,3.15,-8.4,100,2.66
2026-01-26T03:11:29Z,0,,-2.3,74.8,3.09,-8.5,100,2.64
2026-01-26T07:10:55Z,0,,-2,69.1,2.92,-8.9,100,2.56
2026-01-26T09:11:22Z,0,,-2,67.7,2.86,-8.3,98.1,2.63
2026-01-26T11:11:03Z,0,,-2,67.1,2.83,-8.4,97,2.58
2026-01-26T13:10:55Z,0,,-2,66.9,2.82,-8.5,96.8,2.56
2026-01-26T15:11:11Z,0,,-6.8,66,1.98,-10,99.8,2.36
2026-01-26T17:11:07Z,0,,-3.2,70.8,2.75,-10.3,100,2.31
2026-01-26T19:11:46Z,0,,-3.1,69.9,2.73,-8.7,99.7,2.59
2026-01-26T21:11:26Z,0,,-3.3,71.1,2.74,-8.5,98.4,2.6
2026-01-26T23:11:51Z,0,,-3.3,71.8,2.76,-8.3,98.3,2.64
2026-01-27T01:12:08Z,0,,-3.3,72.8,2.8,-8.1,98.5,2.68
2026-01-27T03:12:11Z,0,,-3.2,73.2,2.84,-8.2,98.7,2.67
2026-01-27T05:12:23Z,0,,-3,72.7,2.86,-8.3,99.4,2.67
2026-01-27T07:12:40Z,0,,-3.4,73.5,2.81,-8.6,99.5,2.61
2026-01-27T09:13:23Z,0,,-2.8,71.8,2.86,-8.1,98.8,2.69
2026-01-27T11:13:13Z,0,,-2.4,71.8,2.95,-7.8,97.3,2.71
2026-01-27T13:14:08Z,0,,-3.8,78,2.9,-8.8,98.9,2.56
2026-01-27T15:13:18Z,0,,-2.5,69.8,2.84,-9.3,99.9,2.49
2026-01-27T17:13:10Z,0,,-4,68.3,2.5,-10.2,100,2.33
2026-01-27T19:13:18Z,0,,-3,68.5,2.69,-10.9,100,2.21
2026-01-27T21:12:54Z,0,,-3.5,64.6,2.45,-11.7,100,2.08
2026-01-27T23:13:30Z,0,,-4.2,66,2.38,-12.5,100,1.95
2026-01-28T01:13:49Z,0,,-4.2,61.7,2.23,-12.9,100,1.89
2026-01-28T03:13:25Z,0,,-4.8,60.6,2.1,-13.4,100,1.82
2026-01-28T05:13:23Z,0,,-5.1,63.6,2.15,-13.4,100,1.82
2026-01-28T07:13:37Z,0,,-6.6,65.3,1.98,-13.3,99.5,1.83
2026-01-28T09:13:59Z,0,,-5.6,67.1,2.19,-11.8,99.1,2.04
2026-01-28T11:14:51Z,0,,-5.5,68.3,2.25,-10.9,96.6,2.13
2026-01-28T13:15:03Z,0,,-5.5,72.2,2.38,-10.6,95.9,2.17
2026-01-28T15:15:35Z,0,,-5.1,71.3,2.41,-10.7,96.6,2.16
2026-01-28T17:15:11Z,0,,-5.3,70.4,2.35,-10.6,95.9,2.17
2026-01-28T19:15:26Z,0,,-6.3,78,2.42,-10.6,94.2,2.13
2026-01-28T21:15:57Z,0,,-5.7,74,2.4,-10.5,94.1,2.14
2026-01-28T23:16:40Z,0,,-3.8,67.5,2.51,-11.6,96.7,2.02
2026-01-29T01:15:53Z,0,,-5.2,69.8,2.35,-12.6,97.1,1.88
2026-01-29T03:16:02Z,0,,-6,69,2.19,-13.6,96.9,1.74
2026-01-29T05:15:19Z,0,,-4.9,64.7,2.22,-15,97.8,1.57
2026-01-29T07:14:36Z,0,,-5.6,60.9,1.99,-15.6,98,1.5
2026-01-29T09:14:47Z,0,,-6,65.4,2.08,-13.7,95.4,1.7
2026-01-29T11:14:07Z,0,,-5.3,60.8,2.03,-12.6,96.4,1.87
2026-01-29T13:13:51Z,0,,-4.8,61,2.11,-12,97.3,1.97
2026-01-29T15:13:11Z,0,,-7.3,62.9,1.82,-13.4,99.1,1.81
2026-01-29T17:12:36Z,0,,-5.4,58.7,1.95,-14.9,99.2,1.61
2026-01-29T19:12:22Z,0,,-6.4,62.2,1.92,-16.7,99.2,1.39
2026-01-29T21:12:53Z,0,,-6.5,58.2,1.78,-17.7,98.6,1.28
2026-01-29T23:13:28Z,0,,-7,57.7,1.7,-18.2,98.2,1.22
2026-01-30T01:13:14Z,0,,-7.6,58,1.64,-19,98.1,1.15
2026-01-30T03:12:51Z,0,,-9.5,58.1,1.42,-20,97.9,1.05
2026-01-30T05:13:31Z,0,,-10.9,63.6,1.4,-20.9,97.7,0.98
2026-01-30T07:12:42Z,0,,-14.1,65.6,1.13,-21.1,96.7,0.95
2026-01-30T09:13:32Z,0,,-9.5,59.6,1.46,-14.7,90.2,1.49
2026-01-30T11:13:26Z,0,,-8.7,58.5,1.52,-14.4,94.7,1.6
2026-01-30T13:13:41Z,0,,-8.5,61.2,1.62,-13,95.9,1.8
2026-01-30T15:14:25Z,0,,-12,62.8,1.27,-15.1,98.9,1.58
2026-01-30T17:14:34Z,0,,-10.9,67.6,1.49,-16.8,98.5,1.37
2026-01-30T19:14:13Z,0,,-11.6,68.6,1.44,-17.6,98.4,1.29
2026-01-30T21:13:37Z,0,,-11.4,72.9,1.55,-18.4,98.1,1.2
2026-01-30T23:13:05Z,0,,-11,62.9,1.38,-19.1,97.9,1.13
2026-01-31T01:13:39Z,0,,-10.1,60.4,1.42,-19.5,97.4,1.09
2026-01-31T03:13:21Z,0,,-10.3,58.1,1.34,-20.1,97.3,1.04
2026-01-31T05:13:08Z,0,,-10.5,56.8,1.29,-20.6,96.6,0.99
2026-01-31T07:12:45Z,0,,-11.3,59,1.26,-20.8,95.8,0.97
2026-01-31T09:12:43Z,0,,-10.6,55.2,1.25,-16,90.3,1.34
2026-01-31T11:11:53Z,0,,-11.6,61.8,1.29,-16.2,94.7,1.39
2026-01-31T13:12:14Z,0,,-11.1,63.3,1.38,-15.3,95.8,1.51
2026-01-31T15:11:57Z,0,,-12.7,69.4,1.34,-16,97.3,1.45
2026-01-31T17:11:42Z,0,,-11,63,1.38,-17.1,97.9,1.33
2026-01-31T19:10:54Z,0,,,,,,,
2026-01-31T21:11:35Z,0,,,,,,,
2026-01-31T23:11:06Z,0,,-11.5,64.4,1.36,-20.5,97.3,1.01
2026-02-01T01:10:30Z,0,,-11.3,57.2,1.22,-20.5,96.6,1.0
2026-02-01T03:10:53Z,0,,-11.8,58.5,1.21,-20.7,96.6,0.98
2026-02-01T05:11:25Z,0,,-12.5,59.9,1.17,-20.9,96.4,0.96
2026-02-01T07:11:16Z,0,,-11.6,56.1,1.17,-19.9,96.6,1.05
2026-02-01T09:11:37Z,0,,-11.5,58.2,1.23,-16.3,90.1,1.31
2026-02-01T11:10:55Z,0,,-11.6,61.6,1.29,-16.6,94.4,1.34
2026-02-01T13:11:21Z,0,,-12.6,65.9,1.28,-16.3,95.2,1.38
2026-02-01T15:12:16Z,0,,-12.9,68.8,1.3,-17.7,96.6,1.25
2026-02-01T17:12:33Z,0,,-11.9,65.2,1.33,-19.2,96.9,1.11
2026-02-01T19:13:09Z,0,,-12.3,65.7,1.3,-20.8,96.8,0.98
2026-02-01T21:12:54Z,0,,-12,58.5,1.19,-21.4,95.9,0.92
2026-02-01T23:12:33Z,0,,-12.4,57.3,1.13,-21.7,95,0.89
2026-02-02T01:13:01Z,0,,-12.7,56.7,1.09,-22.1,94.3,0.85
2026-02-02T03:13:25Z,0,,-12.8,56,1.07,-22,93.3,0.85
2026-02-02T05:13:08Z,0,,-12.8,53.1,1.01,-21.3,91.9,0.89
2026-02-02T07:12:37Z,0,,-13.2,52.9,0.98,-20.4,90.4,0.94
2026-02-02T09:12:20Z,0,,-12.8,57.5,1.1,-15.2,78.8,1.25
2026-02-02T11:12:08Z,0,,-11.7,63.8,1.32,-14.5,77.7,1.3
2026-02-02T13:12:39Z,0,,-10.8,65.6,1.46,-13.6,77.7,1.39
2026-02-02T15:12:17Z,0,,-10.6,64,1.44,-14.4,79.6,1.34
2026-02-02T17:12:14Z,0,,-11,62.2,1.36,-15.3,80.1,1.26
2026-02-02T19:11:45Z,0,,-11.1,59.7,1.3,-15.8,78.6,1.19
2026-02-02T21:11:39Z,0,,-11.3,59.2,1.27,-15.9,79.5,1.19
2026-02-02T23:11:45Z,0,,-11.3,60.3,1.29,-16.5,85.1,1.22
2026-02-03T01:11:13Z,0,,-11.7,62.1,1.29,-17,88.8,1.22
2026-02-03T03:11:33Z,0,,-11.9,63.3,1.29,-17.3,91,1.22
2026-02-03T05:12:07Z,0,,-11.9,63.7,1.3,-17.8,93.1,1.2
2026-02-03T07:11:51Z,0,,-12.1,62.8,1.26,-18.3,93.1,1.15
2026-02-03T09:12:29Z,0,,-11.9,65.2,1.33,-13,84,1.58
2026-02-03T11:12:32Z,0,,-10.9,72.2,1.59,-12.8,88.5,1.69
2026-02-03T13:13:20Z,0,,-9.8,73.2,1.76,-11.3,86.1,1.84
2026-02-03T15:13:12Z,0,,-9.8,71.8,1.72,-12.7,91.1,1.75
2026-02-03T17:13:41Z,0,,-11.6,74.9,1.57,-15.7,94.2,1.43
2026-02-03T19:13:33Z,0,,-12,73.8,1.5,-16.8,94.5,1.32
2026-02-03T21:14:12Z,0,,-11.6,75,1.57,-17,94.7,1.3
2026-02-03T23:14:07Z,0,,-11.7,75.1,1.56,-17,95.6,1.31
2026-02-04T01:13:58Z,0,,-11.3,73.5,1.57,-15.7,96,1.46
2026-02-04T03:14:18Z,0,,-11.5,72.9,1.54,-16.3,96.3,1.4
2026-02-04T05:14:21Z,0,,-12.9,79.4,1.5,-17.6,96.7,1.27
2026-02-04T07:14:37Z,0,,-11.8,70.1,1.44,-17.3,96.5,1.29
2026-02-04T09:14:34Z,0,,-11,71.9,1.57,-15.4,96.2,1.5
2026-02-04T11:13:58Z,0,,-9.7,75.5,1.82,-13.1,95.1,1.77
2026-02-04T13:14:11Z,0,,-8.6,76.4,2.0,-11.8,95.6,1.97
2026-02-04T15:14:54Z,0,,-7.9,76.1,2.1,-11.8,97,2.0
2026-02-04T17:15:32Z,0,,-7.5,75,2.13,-11.7,97.5,2.02
2026-02-04T19:16:12Z,0,,-7.2,74.7,2.17,-11.7,97.8,2.03
2026-02-04T21:16:34Z,0,,-7.2,76.5,2.22,-11.7,98.5,2.05
2026-02-04T23:17:13Z,0,,-6.7,75.1,2.26,-11.7,98.4,2.04
2026-02-05T01:17:49Z,0,,-6.5,74.3,2.27,-11.7,98.4,2.04
2026-02-05T03:17:43Z,0,,-6.5,76.1,2.33,-11.8,98.4,2.03
2026-02-05T05:17:10Z,0,,-6.8,76.1,2.28,-11.8,98.3,2.03
2026-02-05T07:17:34Z,0,,-6.8,79.9,2.39,-11.8,97.3,2.01
2026-02-05T09:17:08Z,0,,-6.3,79.9,2.48,-9.2,84.3,2.11
2026-02-05T11:16:17Z,0,,-6,80.4,2.55,-11.5,89.2,1.88
2026-02-05T13:15:51Z,0,,-6.2,78.2,2.45,-11.2,90.3,1.95
2026-02-05T15:16:33Z,0,,-8.4,79.3,2.11,-13.3,94.6,1.74
2026-02-05T17:16:12Z,0,,-9.5,81.7,2.0,-15,96.2,1.55
2026-02-05T19:16:08Z,0,,-8.3,77,2.06,-15.5,96.4,1.49
2026-02-05T21:15:33Z,0,,-10.3,82,1.89,-15,97.3,1.57
2026-02-05T23:14:47Z,0,,-9.9,82.3,1.96,-15.5,97,1.5
2026-02-06T01:15:15Z,0,,-8.4,71.9,1.91,-17.3,96.5,1.29
2026-02-06T03:15:30Z,0,,-8.9,63.1,1.62,-19,96.3,1.13
2026-02-06T05:15:51Z,0,,-9.6,62.1,1.51,-20,95.9,1.03
2026-02-06T07:16:26Z,0,,-9.7,60.2,1.45,-18.9,95.8,1.13
2026-02-06T09:16:44Z,0,,-9.5,62.1,1.52,-16.2,94.2,1.38
2026-02-06T11:16:10Z,0,,-8.2,62.9,1.7,-13.8,93.3,1.65
2026-02-06T13:16:51Z,0,,-7.4,63.5,1.82,-12.6,93,1.8
2026-02-06T15:16:31Z,0,,-7.1,63.9,1.87,-13.4,93.2,1.7
2026-02-06T17:16:24Z,0,,-8.2,64.1,1.73,-15.1,95.4,1.52
2026-02-06T19:16:57Z,0,,-8.1,63.5,1.73,-16.2,95.7,1.4
2026-02-06T21:16:51Z,0,,-8.6,61.2,1.6,-17.5,96.1,1.27
2026-02-06T23:16:25Z,0,,-9.5,57.8,1.42,-18.3,96,1.19
2026-02-07T01:16:15Z,0,,-10.1,55.9,1.31,-19.1,95.8,1.11
2026-02-07T03:16:49Z,0,,-12.1,53.5,1.08,-20,96.1,1.03
2026-02-07T05:16:53Z,0,,-18.7,66.5,0.8,-21.3,95.8,0.93
2026-02-07T07:16:59Z,0,,-12.1,58.2,1.17,-19.9,93.8,1.02
2026-02-07T09:16:58Z,0,,-11.7,59.8,1.24,-13.9,84.3,1.48
2026-02-07T11:16:54Z,0,,-10.4,67,1.54,-14.3,90,1.53
2026-02-07T13:16:27Z,0,,-9.6,71.2,1.73,-12.4,90.5,1.78
2026-02-07T15:16:18Z,0,,-8.9,74.2,1.9,-11.8,96.7,1.99
2026-02-07T17:16:49Z,0,,-8.3,74.8,2.01,-12.1,98,1.97
2026-02-07T19:17:03Z,0,,-8,75.2,2.06,-12.2,97.9,1.96
2026-02-07T21:17:17Z,0,,-7.8,75.3,2.09,-11.7,97.5,2.02
2026-02-07T23:16:46Z,0,,-7.7,77.2,2.16,-11,98.9,2.17
2026-02-08T01:16:37Z,0,,-7.1,76.8,2.25,-11,99.3,2.17
2026-02-08T03:16:18Z,0,,-6.8,76.8,2.3,-11.6,99.9,2.09
2026-02-08T05:15:58Z,0,,-6.8,74.3,2.22,-12.8,99.6,1.9
2026-02-08T07:16:23Z,0,,-8.2,71.3,1.93,-13.3,98,1.8
2026-02-08T09:16:18Z,0,,-8.1,78,2.12,-7.2,86.8,2.52
2026-02-08T11:15:40Z,0,,-8,78.2,2.14,-10.4,92.2,2.11
2026-02-08T13:15:57Z,0,,-7.4,76.1,2.18,-10.1,91.3,2.14
2026-02-08T15:15:46Z,0,,-8.7,73.4,1.91,-11.5,94.3,1.99
2026-02-08T17:15:05Z,0,,-8.1,79.5,2.16,-14,96.9,1.69
2026-02-08T19:15:22Z,0,,-8.7,79.1,2.06,-16,97.3,1.45
2026-02-08T21:14:54Z,0,,-8.9,73.1,1.87,-15.3,96.8,1.52
2026-02-08T23:15:01Z,0,,-9.1,78.6,1.99,-14,97.6,1.7
2026-02-09T01:14:42Z,0,,-8.3,85,2.28,-11.7,98.9,2.05
2026-02-09T03:14:09Z,0,,-7,87.8,2.59,-9.6,100,2.43
2026-02-09T05:13:47Z,0,,-5.6,85.1,2.78,-8.1,100,2.72
2026-02-09T07:13:05Z,0,,-4.5,79.9,2.82,-7.2,99,2.88
2026-02-09T09:12:35Z,420,,-2.9,74.3,2.94,-5.2,90.8,3.05
2026-02-09T11:13:19Z,450,,-1.7,70.1,3.02,-4.9,87.7,3.01
2026-02-09T13:12:47Z,705,,-1.9,70.9,3.01,-4.8,82,2.84
2026-02-09T15:13:19Z,450,,-2.1,69.9,2.93,-6.8,90.9,2.72
2026-02-09T17:14:00Z,0,,-2.5,70.6,2.88,-7.8,93.3,2.6
2026-02-09T19:14:30Z,0,,-2.8,73.2,2.92,-7.6,94.2,2.66
2026-02-09T21:14:03Z,0,,-2.8,74.2,2.96,-7.4,96,2.75
2026-02-10T01:13:07Z,0,,-3.9,82.5,3.04,-7.6,98.8,2.79
2026-02-10T03:12:44Z,0,,-2.4,77,3.16,-7.6,99.5,2.81
2026-02-10T05:13:31Z,0,,-2.6,77.1,3.12,-7.5,99.7,2.84
2026-02-10T07:13:28Z,0,,-2.7,78.6,3.16,-7.1,99,2.9
2026-02-10T09:14:00Z,555,,-1.7,76.6,3.3,-5.8,96.8,3.12
2026-02-10T11:13:36Z,735,,-0.3,72.8,3.46,-4.4,91.8,3.27
2026-02-10T13:13:18Z,735,,0.4,69.4,3.46,-4.6,92.1,3.23
2026-02-10T15:12:26Z,675,,0.1,67.7,3.31,-5.4,93.1,3.09
2026-02-10T17:12:54Z,645,,-0.1,68.3,3.29,-5.7,94.2,3.05
2026-02-10T19:12:37Z,585,,-0.4,71.7,3.38,-5.3,97.8,3.26
2026-02-10T21:12:01Z,630,,-0.4,75,3.54,-5,100,3.41
2026-02-10T23:11:34Z,675,,0,74.6,3.62,-4.9,100,3.44
2026-02-11T01:11:38Z,705,,0,74.9,3.63,-4.9,100,3.44
2026-02-11T03:12:18Z,690,,-0.2,76,3.64,-5.1,100,3.39
2026-02-11T05:12:48Z,705,,0,74,3.59,-5.5,100,3.29
2026-02-11T07:12:51Z,705,,0,74.8,3.63,-5.1,100,3.39
2026-02-11T09:12:32Z,705,,0.1,76.6,3.74,-4.4,100,3.56
2026-02-11T11:12:56Z,780,,0.5,75.4,3.78,-4.3,99.4,3.56
2026-02-11T13:12:57Z,780,,0.5,75.1,3.77,-4.6,99.9,3.51
2026-02-11T15:13:16Z,765,,0.5,74.3,3.73,-4.9,100,3.44
2026-02-11T17:14:01Z,780,,0.4,73.4,3.66,-5.3,100,3.34
2026-02-11T19:13:28Z,735,,0.4,72.4,3.61,-5.6,100,3.27
2026-02-11T21:13:19Z,705,,0.3,71,3.52,-6,100,3.17
2026-02-11T23:13:48Z,675,,0.3,70,3.47,-6.2,100,3.13
2026-02-12T01:14:29Z,630,,0.2,69.4,3.41,-6.4,100,3.08
2026-02-12T03:14:19Z,0,,0,67,3.25,-7.5,100,2.84
2026-02-12T05:14:18Z,0,,-0.1,65.1,3.14,-8.4,100,2.66
2026-02-12T07:14:36Z,0,,-0.1,63.2,3.04,-9.1,99,2.5
2026-02-12T09:14:13Z,0,,-0.4,60.6,2.86,-8.6,96.1,2.52
2026-02-12T11:14:26Z,0,,-0.3,59.5,2.83,-8.4,93.6,2.49
2026-02-12T13:13:47Z,0,,-0.2,58.4,2.79,-8.3,93.8,2.51
2026-02-12T15:14:30Z,0,,-0.2,57.2,2.74,-9.3,96.4,2.4
2026-02-12T17:13:36Z,0,,-0.6,55.8,2.6,-10.3,97.2,2.24
2026-02-12T19:13:41Z,0,,-0.8,54.7,2.51,-10.9,97.1,2.14
2026-02-12T21:13:45Z,0,,-1,52.9,2.39,-11.7,96.8,2.01
2026-02-12T23:14:06Z,0,,-1.4,48.7,2.14,-13.5,96.8,1.75
2026-02-13T01:14:42Z,0,,-2.1,46.4,1.94,-14,96.5,1.68
2026-02-13T03:14:53Z,0,,-2.2,44.6,1.86,-14.5,96.1,1.61
2026-02-13T05:15:28Z,0,,-2.1,42.6,1.79,-16.8,96.7,1.35
2026-02-13T07:15:10Z,0,,-2.4,40.5,1.66,-16.5,94.4,1.35
2026-02-13T09:14:39Z,0,,-3.4,45.5,1.74,-11,80.9,1.77
2026-02-13T11:14:23Z,0,,-4.8,50.7,1.75,-12.5,90.2,1.76
2026-02-13T13:14:29Z,0,,-5.3,55.5,1.85,-12.1,90.3,1.82
2026-02-13T15:15:10Z,0,,-3.3,50.4,1.94,-13.5,92,1.66
2026-02-13T17:14:54Z,0,,-3.7,46.5,1.74,-15.1,93.8,1.5
2026-02-13T19:14:06Z,0,,-3.8,45.9,1.71,-16.1,94.5,1.39
2026-02-13T21:14:14Z,0,,-4.2,44.4,1.6,-17.2,94.8,1.28
2026-02-13T23:14:27Z,0,,-4.6,41.5,1.46,-17.9,94.7,1.21
2026-02-14T01:13:51Z,0,,-5.9,39.9,1.28,-18.4,94.3,1.16
2026-02-14T03:13:34Z,0,,-6.6,38.9,1.18,-19.2,94,1.08
2026-02-14T05:14:19Z,0,,-7.3,38.8,1.12,-19.9,93.8,1.02
2026-02-14T07:14:16Z,0,,-7.1,37.9,1.11,-18.1,90.8,1.14
2026-02-14T09:13:28Z,0,,-7,40.7,1.2,-11.1,77.9,1.69
2026-02-14T11:13:25Z,0,,-6.8,46.5,1.39,-13.2,85.3,1.58
2026-02-14T13:12:49Z,0,,-6.6,51.2,1.56,-12.4,86.3,1.7
2026-02-14T15:13:10Z,0,,-6.9,50.4,1.5,-13.4,90.7,1.65
2026-02-14T17:13:34Z,0,,-15.5,59,0.91,-16.2,93.1,1.36
2026-02-14T19:14:20Z,0,,-17.7,63.4,0.82,-18.6,93.6,1.13
2026-02-14T21:14:52Z,0,,-18.9,65.5,0.77,-20.4,93.1,0.97
2026-02-14T23:15:07Z,0,,-20.6,66.7,0.68,-21.9,93.1,0.86
2026-02-15T01:15:55Z,0,,-21.3,68.1,0.66,-22.9,92.8,0.78
2026-02-15T03:15:13Z,0,,-21.4,69,0.66,-23.3,92.4,0.76
2026-02-15T05:15:00Z,0,,-18.2,70.5,0.88,-22.4,92.1,0.81
2026-02-15T07:15:12Z,0,,-13.7,65.7,1.17,-19.6,91.9,1.02
2026-02-15T09:15:09Z,0,,-11.3,60.4,1.29,-14.8,91.6,1.5
2026-02-15T11:14:22Z,0,,-7.9,69.3,1.91,-9.7,94.5,2.28
2026-02-15T13:14:26Z,0,,-7.6,65.1,1.84,-8.7,95.5,2.49
2026-02-15T15:15:22Z,0,,-7.3,71.2,2.05,-9.4,96.4,2.38
2026-02-15T17:15:06Z,0,,-6.9,68.9,2.05,-10.2,97.3,2.26
2026-02-15T19:14:43Z,0,,-6.5,69,2.11,-10.2,97.3,2.26
2026-02-15T21:15:00Z,0,,-5.9,68.4,2.19,-9.7,97.5,2.36
2026-02-15T23:15:43Z,0,,-5,67.9,2.32,-9.8,98.1,2.35
2026-02-16T01:16:24Z,0,,-5,67.5,2.3,-10,98.3,2.32
2026-02-16T03:16:30Z,0,,-4.5,67.7,2.39,-10.3,99.2,2.29
2026-02-16T05:17:09Z,0,,-4.5,68.7,2.43,-10.3,99.6,2.3
2026-02-16T07:17:10Z,0,,-4.4,68.7,2.45,-10,99.6,2.35
2026-02-16T09:17:51Z,0,,-4,68.9,2.52,-8.9,97.6,2.5
2026-02-16T11:17:07Z,0,,-3.5,68.7,2.61,-7.4,95.2,2.73
2026-02-16T13:17:38Z,0,,-3,69.3,2.73,-7.2,95.5,2.78
2026-02-16T15:18:30Z,0,,-2.9,69.6,2.76,-8.2,97,2.62
2026-02-16T17:18:49Z,0,,-4,70.1,2.57,-9.1,97.8,2.47
2026-02-16T19:18:43Z,0,,-4.7,74.5,2.6,-9.3,98.3,2.45
2026-02-16T21:19:31Z,0,,-3.2,73.4,2.85,-9.1,98.4,2.49
2026-02-16T23:20:04Z,0,,-2.8,71.5,2.85,-8.8,98.8,2.55
2026-02-17T01:20:01Z,0,,-2.8,71.5,2.85,-8.7,99.1,2.58
2026-02-17T03:20:30Z,0,,-2.7,70.3,2.82,-8.4,98.4,2.62
2026-02-17T05:20:13Z,0,,-2,68.9,2.91,-8.1,97.5,2.65
2026-02-17T07:20:38Z,0,,-2.3,68.2,2.82,-7.8,95.2,2.65
2026-02-17T09:20:10Z,435,,-1.8,66.9,2.86,-6.2,91.3,2.86
2026-02-17T11:20:45Z,510,,-0.8,64.8,2.97,-5.5,86.7,2.85
2026-02-17T13:20:51Z,660,,-0.5,62.2,2.91,-6.3,83,2.58
2026-02-17T15:21:19Z,0,,-0.5,59.6,2.79,-7.5,88.5,2.52
2026-02-17T17:22:12Z,0,,-10,67.9,1.6,-10.4,93.8,2.15
2026-02-17T19:22:03Z,0,,-12.8,73.9,1.41,-12.7,95.2,1.83
2026-02-17T21:21:15Z,0,,-13.6,75.3,1.35,-13.8,95.8,1.69
2026-02-17T23:21:55Z,0,,-13,77.7,1.46,-13.5,97.3,1.76
2026-02-18T01:21:24Z,0,,-12.8,75.7,1.45,-14.7,98.3,1.62
2026-02-18T03:22:04Z,0,,-12.5,80.5,1.57,-13.6,98.4,1.77
2026-02-18T05:21:59Z,0,,-12,75.4,1.53,-13.7,99.8,1.78
2026-02-18T07:23:00Z,0,,-10.2,82,1.91,-12.6,98.3,1.91
2026-02-18T09:23:22Z,0,,-7,78.2,2.31,-8.2,84.2,2.27
2026-02-18T11:22:45Z,0,,-6.3,77.8,2.42,-9,86.3,2.2
2026-02-18T13:22:29Z,0,,-5,76.5,2.61,-8.9,83.9,2.15
2026-02-18T15:22:29Z,0,,-5.9,77.6,2.48,-10.4,92.3,2.12
2026-02-18T17:22:41Z,0,,-6.6,82.1,2.49,-11.1,95.6,2.08
2026-02-18T19:23:12Z,0,,-7.8,80.3,2.23,-11.5,97.8,2.06
2026-02-18T21:23:43Z,0,,-6.8,81.6,2.44,-11.9,98.2,2.01
2026-02-18T23:23:48Z,0,,-6.6,82.9,2.52,-13.1,98.1,1.83
2026-02-19T01:23:47Z,0,,-8.2,82.2,2.22,-13.2,98.6,1.83
2026-02-19T03:23:53Z,0,,-7.4,82.5,2.36,-13,98.4,1.85
2026-02-19T05:24:35Z,0,,-8,84.7,2.32,-12.8,98.3,1.88
2026-02-19T07:24:21Z,0,,-5.2,67.6,2.27,-12.7,96.5,1.86
2026-02-19T09:23:40Z,0,,-4.9,64.8,2.23,-11.5,90.9,1.92
2026-02-19T11:23:26Z,0,,-4.8,61.8,2.14,-10.7,87.7,1.96
2026-02-19T13:24:02Z,0,,-4.5,61.4,2.17,-10.7,88.4,1.98
2026-02-19T15:23:37Z,0,,-4.8,59.8,2.07,-11.5,90.2,1.9
2026-02-19T17:23:17Z,0,,-5.2,60.5,2.03,-11.6,92.1,1.93
2026-02-19T19:23:50Z,0,,-5.4,59.3,1.97,-12.5,93.8,1.83
2026-02-19T21:23:51Z,0,,-5.6,56.9,1.86,-13.8,94.5,1.67
2026-02-19T23:23:54Z,0,,-5.9,55.3,1.77,-14.6,95.5,1.59
2026-02-20T01:23:13Z,0,,-6.4,53.5,1.65,-15.5,95.6,1.48
2026-02-20T03:23:58Z,0,,-6.7,51.8,1.56,-16.4,95.2,1.37
2026-02-20T05:23:26Z,0,,-6.8,50.8,1.52,-17.1,95.4,1.3
2026-02-20T07:22:44Z,0,,-7.3,51.5,1.49,-13.4,88.3,1.61
2026-02-20T09:23:26Z,420,,-7.1,57.2,1.68,-6.8,70.3,2.1
2026-02-20T11:23:52Z,0,,-5.6,63.5,2.07,-7,82.3,2.43
2026-02-20T13:24:07Z,450,,-3.8,66.9,2.49,-5.2,86.1,2.89
2026-02-20T15:24:24Z,405,,-3.8,69.4,2.58,-5.3,91.6,3.06
2026-02-20T17:23:39Z,0,,-3.5,69.8,2.65,-7.4,95.4,2.73
2026-02-20T19:22:52Z,0,,-3.8,66.2,2.46,-8.3,94.3,2.53
2026-02-20T21:23:23Z,450,,-2.8,63.6,2.54,-6.5,88.1,2.7
2026-02-20T23:22:40Z,465,,-2.9,68.7,2.72,-6.1,92.6,2.92
2026-02-21T01:22:33Z,465,,-1,61.5,2.78,-3.4,96.3,3.68
2026-02-21T03:23:08Z,405,,-0.9,68.5,3.12,-2.1,97.9,4.1
2026-02-21T05:23:09Z,390,,-1,74.5,3.37,-2.9,97.4,3.86
2026-02-21T07:23:58Z,405,,-0.7,76.7,3.54,-2.7,97.6,3.92
2026-02-21T09:23:36Z,465,,-0.4,79.8,3.76,-2.5,99.2,4.04
2026-02-21T11:23:53Z,630,,0.9,74.5,3.84,-2,96.7,4.08
2026-02-21T13:24:33Z,810,,0.9,77.7,4.01,-2,96.4,4.07
2026-02-21T15:24:06Z,900,,0.8,80.4,4.12,-2.9,99.7,3.95
2026-02-21T17:23:33Z,930,,0.6,79,3.99,-3.3,96.8,3.73
2026-02-21T19:22:59Z,885,,0.4,77.3,3.85,-3.6,95,3.58
2026-02-21T21:22:56Z,825,,0.4,78.7,3.92,-3.8,100,3.72
2026-02-21T23:22:23Z,825,,0.3,79,3.91,-4.1,100,3.64
2026-02-22T01:21:56Z,825,,0.2,79.7,3.92,-4.2,100,3.61
2026-02-22T03:21:52Z,945,,0.7,78.8,4.01,-4.1,100,3.64
2026-02-22T05:22:35Z,885,,0.3,82.7,4.09,-3.4,100,3.82
2026-02-22T07:23:07Z,825,,-0.3,79.1,3.76,-4.4,97.7,3.48
2026-02-22T09:23:36Z,825,,-0.6,76.9,3.58,-3.6,90.3,3.4
2026-02-22T11:23:52Z,870,,-0.3,73.9,3.51,-3.7,87.8,3.29
2026-02-22T13:24:38Z,885,,0.1,69.6,3.4,-3.6,83.7,3.16
2026-02-22T15:24:21Z,735,,0,65.9,3.2,-4.9,86.8,2.98
2026-02-22T17:25:00Z,525,,-0.4,64.9,3.06,-6.7,92.4,2.79
2026-02-22T19:24:53Z,0,,-0.7,65.9,3.05,-7.3,96.3,2.78
2026-02-22T21:24:32Z,0,,-1,66.5,3.01,-8.3,97.5,2.61
2026-02-22T23:24:38Z,0,,-1.2,68.5,3.06,-9.6,98.5,2.4
2026-02-23T01:25:23Z,0,,-3.9,63,2.32,-11.1,98.6,2.14
2026-02-23T03:26:06Z,0,,-9.4,73.1,1.81,-11.8,97.8,2.02
2026-02-23T05:26:38Z,0,,-10.6,75.2,1.7,-13,97.3,1.83
2026-02-23T07:26:55Z,0,,-9.4,81.4,2.01,-8.8,90.9,2.35
2026-02-23T09:26:22Z,450,,-4.8,72.6,2.51,-6.3,90.2,2.8
2026-02-23T11:26:21Z,645,,-1.8,77.2,3.3,-3.7,89.2,3.34
2026-02-23T13:25:56Z,765,,-0.5,73.5,3.44,-4.6,91.3,3.2
2026-02-23T15:25:07Z,675,,-0.3,69.4,3.3,-6.5,94.8,2.9
2026-02-23T17:24:21Z,0,,-1.1,65.2,2.93,-8.8,99.3,2.57
2026-02-23T19:24:34Z,0,,-6.4,74.3,2.29,-9.9,99.8,2.37
2026-02-23T21:23:54Z,0,,-7.5,78.8,2.24,-10.5,99.8,2.27
2026-02-23T23:23:21Z,0,,-4.6,76.3,2.68,-11,99.6,2.18
2026-02-24T01:24:02Z,0,,-5.3,75.3,2.51,-11.5,99.3,2.09
2026-02-24T03:24:29Z,0,,-4.5,68.1,2.41,-11.7,99.3,2.06
2026-02-24T05:25:23Z,0,,-4.7,64.8,2.26,-11.6,99.2,2.08
2026-02-24T07:25:17Z,0,,-5.2,70.8,2.38,-9.3,98.5,2.45
2026-02-24T09:25:46Z,465,,-3.7,72.2,2.7,-4.3,87.8,3.15
2026-02-24T11:25:37Z,630,,-2.3,76.6,3.17,-3.5,84.9,3.22
2026-02-24T13:24:47Z,810,,-1.3,75.4,3.34,-3.6,84.8,3.2
2026-02-24T15:24:21Z,795,,-0.9,70,3.19,-4.4,84.1,2.99
2026-02-24T17:24:42Z,585,,-1.2,67.5,3.01,-6.1,88.9,2.8
2026-02-24T19:25:13Z,0,,-1.9,68.1,2.89,-7,91.5,2.7
2026-02-24T21:25:16Z,0,,-2.3,68.3,2.82,-8.2,94.3,2.55
2026-02-24T23:25:06Z,0,,-2.9,66.7,2.64,-9.4,96.7,2.39
2026-02-25T01:25:03Z,0,,-3.2,65.5,2.54,-10.1,97.2,2.28
2026-02-25T03:25:25Z,0,,-3.7,63.2,2.37,-11.5,97.5,2.06
2026-02-25T05:25:19Z,0,,-4.2,63,2.28,-12.1,97.2,1.96
2026-02-25T07:25:42Z,0,,-4.5,61.1,2.16,-7.3,86.4,2.49
2026-02-25T09:25:01Z,450,,-4.7,63.3,2.21,0.4,69.2,3.45
2026-02-25T11:25:41Z,465,,-3.2,70.9,2.75,-3.9,77.3,2.85
2026-02-25T13:24:46Z,1035,,-2.4,73.2,3.0,-2.7,68.8,2.76
2026-02-25T15:25:04Z,735,,-1.3,68.9,3.05,-4.9,82.1,2.82
2026-02-25T17:25:09Z,465,,-1.6,69.2,3.0,-6.8,91.1,2.73
2026-02-25T19:24:21Z,465,,-1.8,70.6,3.02,-6.6,93.9,2.85
2026-02-25T21:25:03Z,405,,-1.9,72.9,3.1,-5.4,92.6,3.07
2026-02-25T23:25:58Z,600,,-1.6,73.7,3.2,-4.3,88.8,3.18
2026-02-26T01:25:37Z,690,,-1.2,75.3,3.36,-3.4,86.9,3.32
2026-02-26T03:26:06Z,585,,-0.8,78.7,3.61,-4,100,3.66
2026-02-26T05:26:25Z,705,,-0.5,81.6,3.82,-3.7,100,3.74
2026-02-26T07:25:55Z,795,,-0.2,83.5,3.99,-3.3,100,3.85
2026-02-26T09:26:30Z,870,,0.2,84.1,4.14,-2.8,100,3.99
2026-02-26T11:26:43Z,975,,0.8,84,4.3,-2.3,99.8,4.12
2026-02-26T13:25:52Z,930,,1.3,83.8,4.44,-1.3,99.7,4.42
2026-02-26T15:25:25Z,1005,,1.9,81.4,4.5,-1.2,99.4,4.44
2026-02-26T17:24:54Z,1065,,1.9,81.9,4.52,-0.9,96,4.37
2026-02-26T19:25:11Z,1155,,2.4,80.2,4.58,-0.2,92.1,4.41
2026-02-26T21:24:27Z,1140,,2.5,84.7,4.87,-0.3,100,4.75
2026-02-26T23:23:45Z,1200,,3.3,83.7,5.08,0.1,100,4.88
2026-02-27T01:22:57Z,1200,,4,81.8,5.2,0.7,100,5.09
2026-02-27T03:23:38Z,1275,,3.9,83.6,5.28,0.8,100,5.12
2026-02-27T05:24:22Z,1365,,3.9,84.6,5.34,0.6,100,5.05
2026-02-27T07:24:03Z,1395,,3.6,87.5,5.42,0.8,100,5.12
2026-02-27T09:24:11Z,1485,,3.7,89.2,5.56,1,100,5.19
2026-02-27T11:23:53Z,1515,,4.2,87.9,5.67,1.1,100,5.23
2026-02-27T13:23:49Z,1560,,3.9,90.2,5.7,1.1,100,5.23
2026-02-27T15:23:26Z,1560,,3.9,89.8,5.67,1.1,100,5.23
2026-02-27T17:23:27Z,1545,,4,88.7,5.64,0.9,100,5.16
2026-02-27T19:23:21Z,1560,,3.5,90.1,5.54,0.4,100,4.99
2026-02-27T21:23:03Z,1545,,3.4,90.3,5.52,0.2,100,4.92
2026-02-27T23:23:29Z,1545,,3.3,90.7,5.5,0.1,100,4.88
2026-02-28T01:23:53Z,1590,,3.4,90.4,5.52,0.2,100,4.92
2026-02-28T03:23:27Z,1575,,3.3,91.3,5.54,0.1,100,4.88
2026-02-28T05:23:32Z,1620,,3.3,91.7,5.57,0.3,100,4.95
2026-02-28T07:22:37Z,1650,,3.7,92.3,5.75,0.9,100,5.16
2026-02-28T09:21:47Z,1770,,4.6,92.3,6.11,1.8,100,5.49
2026-02-28T11:21:24Z,1680,,5.4,88.8,6.2,2.4,100,5.71
2026-02-28T13:21:49Z,1650,,5.4,87.3,6.09,2.4,100,5.71
2026-02-28T15:22:01Z,1620,,4.7,87.6,5.84,1.6,100,5.41
2026-02-28T17:22:47Z,1620,,4.2,88.9,5.73,1,100,5.19
2026-02-28T19:22:03Z,1620,,3.8,89.5,5.62,0.6,100,5.05
2026-02-28T21:22:56Z,1575,,3.4,89.8,5.49,0.1,100,4.88
2026-02-28T23:23:09Z,1575,,3.2,89.6,5.4,-0.2,100,4.78
2026-03-01T01:23:57Z,1560,,2.9,89.2,5.27,-0.7,100,4.62
2026-03-01T03:24:25Z,1530,,2.7,89.4,5.21,-0.8,100,4.59
2026-03-01T05:23:59Z,1560,,2.8,90.1,5.29,-0.7,100,4.62
2026-03-01T07:23:20Z,1620,,3.1,90.7,5.43,-0.4,100,4.72
2026-03-01T09:23:20Z,1635,,3.5,90.4,5.56,0,100,4.85
2026-03-01T11:22:28Z,1845,,5.1,89,6.09,1,100,5.19
2026-03-01T13:22:25Z,1710,,4.7,87.8,5.85,1,100,5.19
2026-03-01T15:22:54Z,1620,,4.1,89.3,5.72,0.8,100,5.12
2026-03-01T17:22:41Z,1635,,3.9,92.1,5.82,1,100,5.19
2026-03-01T19:22:45Z,1605,,3.8,91.2,5.72,0.6,100,5.05
2026-03-01T21:22:40Z,1620,,3.6,90,5.57,0.1,100,4.88
2026-03-01T23:21:55Z,1605,,3.5,91,5.6,0.2,100,4.92
2026-03-02T01:21:12Z,1605,,3.4,91.7,5.6,0.2,100,4.92
2026-03-02T03:20:26Z,1515,,2.8,89.3,5.24,-0.5,100,4.69
2026-03-02T05:20:03Z,1515,,2.6,89.8,5.2,-0.7,100,4.62
2026-03-02T07:19:17Z,1515,,2.7,91.1,5.31,-0.3,100,4.75
2026-03-02T09:18:56Z,1665,,3.8,91.4,5.74,0.8,100,5.12
2026-03-02T11:18:24Z,1590,,4.5,87.1,5.73,1.2,100,5.27
2026-03-02T13:18:17Z,1560,,4.6,86.4,5.72,1.2,100,5.27
2026-03-02T15:18:53Z,1365,,3.8,85.5,5.37,0.8,100,5.12
2026-03-02T17:18:05Z,1320,,3.1,86.3,5.17,0,100,4.85
2026-03-02T19:18:10Z,1260,,2.7,85.9,5.01,-0.4,100,4.72
2026-03-02T21:17:58Z,1065,,0.9,87.4,4.51,-1.7,100,4.31
2026-03-02T23:18:36Z,1185,,1.3,88,4.67,-2,100,4.22
2026-03-03T01:17:56Z,1215,,1.4,86.7,4.63,-2.3,100,4.13
2026-03-03T03:17:56Z,1230,,1.1,86.2,4.51,-2.8,100,3.99
2026-03-03T05:17:35Z,1215,,1.2,87,4.58,-2.8,100,3.99
2026-03-03T07:18:21Z,1425,,2,88.3,4.91,-1.9,100,4.25
2026-03-03T09:17:33Z,1515,,2.9,87.9,5.19,-0.9,100,4.56
2026-03-03T11:18:11Z,1485,,3.5,85.9,5.28,-0.2,100,4.78
2026-03-03T13:18:00Z,1425,,3.1,85.9,5.14,-0.5,100,4.69
2026-03-03T15:18:45Z,1485,,3,89,5.29,0,100,4.85
2026-03-03T17:19:07Z,1605,,4,90.2,5.74,0.9,100,5.16
2026-03-03T19:20:03Z,1605,,4.1,89.1,5.7,0.9,100,5.16
2026-03-03T21:20:13Z,1620,,4,90.4,5.75,1,100,5.19
2026-03-03T23:20:04Z,1365,,3.5,88,5.41,0.8,100,5.12
2026-03-04T01:19:41Z,1200,,2.1,87.6,4.9,-0.4,100,4.72
2026-03-04T03:20:30Z,1200,,1.7,88.3,4.81,-0.9,100,4.56
2026-03-04T05:19:56Z,1035,,0.9,87.4,4.51,-1.4,100,4.4
2026-03-04T07:20:47Z,1110,,2.8,90.9,5.33,2.7,95.7,5.58
2026-03-04T09:20:15Z,1530,,5.5,80.8,5.68,6.2,77.8,5.72
2026-03-04T11:21:01Z,2130,,6.3,77.8,5.76,4.4,78,5.09
2026-03-04T13:21:23Z,1710,,6.9,66.3,5.1,3.9,76.5,4.83
2026-03-04T15:22:12Z,1365,,5.3,73.3,5.08,2.1,88.8,4.97
2026-03-04T17:22:27Z,1500,,4.6,74.5,4.93,2.5,82.4,4.74
2026-03-04T19:22:01Z,1560,,4.6,78,5.16,2.8,84.2,4.94
2026-03-04T21:22:50Z,1425,,4.1,79.3,5.08,2.1,87.5,4.9
2026-03-04T23:22:19Z,1320,,3.5,81.5,5.01,1.4,90.8,4.85
2026-03-05T01:21:31Z,1335,,3.2,82.6,4.98,1.1,91.5,4.79
2026-03-05T03:22:02Z,1290,,2.8,83.1,4.88,0.9,91.8,4.74
2026-03-05T05:21:50Z,1170,,2.2,83,4.68,0,94.6,4.59
2026-03-05T07:22:35Z,1725,,4,84.5,5.37,3.8,81.2,5.1
2026-03-05T09:23:08Z,1650,,6.2,71.3,5.24,6.9,67.1,5.17
2026-03-05T11:23:31Z,1800,,6,72.1,5.23,4.8,74,4.96
2026-03-05T13:22:39Z,2265,,9.4,62.3,5.63,5.2,71.4,4.92
2026-03-05T15:22:39Z,1140,,7.6,58.4,4.7,4.3,77.7,5.04
2026-03-05T17:21:58Z,645,,2.7,68.9,4.02,1,87.2,4.53
2026-03-05T19:22:47Z,825,,1.4,77.2,4.12,-0.4,91.9,4.34
2026-03-05T21:22:16Z,1035,,0.8,85.4,4.38,-1.4,95.7,4.21
2026-03-05T23:23:00Z,480,,-0.5,80.2,3.76,-2.1,97.6,4.09
2026-03-06T01:23:00Z,480,,-3.4,80.9,3.09,-3.1,98.8,3.86
2026-03-06T03:22:52Z,480,,-3.9,82.1,3.03,-3.7,99.7,3.73
2026-03-06T05:22:52Z,420,,-5.1,81.2,2.75,-4.3,100,3.59
2026-03-06T07:23:25Z,945,,-0.8,99.7,4.58,1,91.9,4.77
2026-03-06T09:24:11Z,2925,,7.9,80.8,6.64,6.1,71.4,5.22
2026-03-06T13:24:07Z,2760,,11.6,61.8,6.42,4.2,80,5.16
2026-03-06T15:24:07Z,1395,,7.7,57.8,4.69,2.8,79,4.64
2026-03-06T17:23:37Z,975,,3.8,71,4.46,0.2,92.5,4.55
2026-03-06T19:23:57Z,780,,1.4,77.7,4.15,-0.9,96.1,4.38
2026-03-06T21:24:40Z,1035,,1.4,86,4.59,-0.5,97.4,4.56
2026-03-06T23:23:42Z,1125,,2.3,84.3,4.78,0.1,95.8,4.68
2026-03-07T01:24:01Z,1035,,2,83,4.61,-0.3,96.9,4.6
2026-03-07T03:24:50Z,1005,,1.7,83.9,4.57,-0.6,98,4.56
2026-03-07T05:25:52Z,930,,0.9,85.4,4.41,-1.1,97.9,4.4
2026-03-07T07:26:18Z,1215,,2.5,85.5,4.92,0.6,94.1,4.76
2026-03-07T09:25:54Z,2040,,8,74.8,6.18,4.9,82.9,5.6
2026-03-07T11:25:22Z,1800,,6.7,70,5.32,4.9,74.7,5.04
2026-03-07T13:25:40Z,1800,,11.4,47.5,4.87,5.4,66.3,4.63
2026-03-07T15:26:11Z,480,,9.7,38.9,3.59,4.9,64.8,4.37
2026-03-07T17:25:50Z,495,,3.4,53.1,3.24,1.6,76.4,4.13
2026-03-07T19:26:08Z,420,,0,64.3,3.12,-1,83.5,3.78
2026-03-07T21:26:05Z,720,,-0.1,74.5,3.59,-1.6,86.8,3.77
2026-03-07T23:25:54Z,585,,-0.5,74,3.47,-2.6,89.8,3.63
2026-03-08T01:25:21Z,480,,-1.4,76.4,3.36,-2.7,91.9,3.69
2026-03-08T03:25:57Z,420,,-2.7,79.5,3.19,-3.7,94,3.52
2026-03-08T05:26:20Z,405,,-1.7,79.4,3.42,-3.3,95.2,3.67
2026-03-08T07:25:58Z,1950,,2.8,94.9,5.57,1,89.6,4.65
2026-03-08T09:26:25Z,1725,,8.9,65.4,5.73,4.9,81.9,5.53
2026-03-08T11:26:34Z,1710,,10.8,56.2,5.55,6,74.4,5.4
2026-03-08T13:26:36Z,1950,,14.3,48.5,5.96,6.4,73.9,5.51
2026-03-08T15:25:59Z,1080,,10.7,52.2,5.13,5.7,79,5.62
2026-03-08T17:25:40Z,795,,5.7,64.6,4.6,3.5,85.2,5.24
2026-03-08T19:26:06Z,720,,2.6,73.3,4.24,1.1,90.1,4.71
2026-03-08T21:25:41Z,645,,1.1,76.5,4.0,-0.4,93.6,4.42
2026-03-08T23:24:59Z,585,,0,79.7,3.87,-1.2,95.8,4.28
2026-03-09T01:25:37Z,690,,0.5,80.1,4.02,-1.4,97.9,4.31
2026-03-09T03:25:39Z,525,,-0.4,81.5,3.84,-1.9,98.8,4.2
2026-03-09T05:25:01Z,975,,1,87.2,4.53,-1.2,100,4.46
2026-03-09T07:25:44Z,1515,,4.3,84,5.45,0.4,99.1,4.94
2026-03-09T09:25:17Z,1785,,6.4,80.8,6.02,1.6,99,5.36
2026-03-09T11:25:30Z,1680,,7.2,78.2,6.14,2.3,100,5.67
2026-03-09T13:25:53Z,1500,,8.2,70.5,5.9,2.7,98.3,5.73
2026-03-09T15:25:54Z,1395,,6.3,79.6,5.89,2.6,100,5.79
2026-03-09T17:25:18Z,1395,,5.5,81.9,5.75,2.3,99.7,5.66
2026-03-09T19:25:22Z,945,,3.3,81.4,4.94,1.1,100,5.23
2026-03-09T21:25:52Z,840,,1.6,82.9,4.49,-0.3,100,4.75
2026-03-09T23:25:11Z,960,,1.2,87.4,4.6,-0.9,100,4.56
2026-03-10T01:25:19Z,1170,,2.2,84.6,4.77,-1.1,100,4.49
2026-03-10T03:24:38Z,1200,,1.8,85.6,4.7,-1.6,100,4.34
2026-03-10T05:23:56Z,1350,,2.2,87.7,4.94,-1.2,100,4.46
2026-03-10T07:23:19Z,1800,,4.1,89,5.7,-0.2,100,4.78
2026-03-10T09:23:41Z,1845,,7.2,82.5,6.48,2.7,100,5.83
2026-03-10T11:23:01Z,2055,,8.9,79.8,6.99,5.1,92.6,6.33
2026-03-10T13:22:22Z,2145,,14.3,58.8,7.22,6.6,85.5,6.45
2026-03-10T15:21:48Z,1215,,10.6,51.8,5.05,5,79.1,5.38
2026-03-10T17:22:05Z,885,,5.1,65.6,4.49,2.6,85.2,4.93
2026-03-10T19:21:27Z,870,,3.6,74.5,4.61,2.1,89.9,5.03
2026-03-10T21:22:16Z,945,,3.2,77.8,4.69,1.8,90.8,4.98
2026-03-10T23:22:44Z,975,,3.1,78.3,4.69,1.1,92.7,4.85
2026-03-11T01:22:42Z,840,,1.6,80.8,4.37,-0.1,96.5,4.65
2026-03-11T03:22:14Z,810,,0.9,83.2,4.29,-0.8,98.9,4.54
2026-03-11T05:21:47Z,870,,0.8,86.3,4.42,-1,100,4.53
2026-03-11T07:21:01Z,1650,,4,90.9,5.78,1.4,98.3,5.25
2026-03-11T09:20:54Z,2145,,9.5,73.7,6.71,5.7,84.4,6.01
2026-03-11T11:20:39Z,2070,,10.5,67.7,6.56,6.4,80.2,5.98
2026-03-11T13:20:49Z,1995,,14.7,50,6.29,6.2,78.7,5.79
2026-03-11T15:20:37Z,1170,,10,56.4,5.3,4.2,87.3,5.63
2026-03-11T17:21:13Z,1050,,6.8,69.5,5.32,3.6,92.1,5.7
2026-03-11T19:21:18Z,1200,,6.7,75.3,5.72,3.6,95.7,5.93
2026-03-11T21:21:51Z,1245,,7.1,76.3,5.95,3.6,100,6.19
2026-03-11T23:21:02Z,1380,,6.3,80.1,5.93,2.9,100,5.91
2026-03-12T01:20:53Z,1500,,6,80.8,5.86,2.2,100,5.64
2026-03-12T03:20:07Z,1560,,5.5,84,5.9,1.9,100,5.52
2026-03-12T05:20:36Z,1725,,5.8,88.2,6.32,2.9,100,5.91
2026-03-12T07:19:57Z,1800,,6.4,87.7,6.53,3.2,100,6.03
2026-03-12T09:20:33Z,1800,,6.9,87.1,6.7,3.6,100,6.19
2026-03-12T11:21:01Z,1755,,7.9,81.4,6.69,3.8,100,6.28
2026-03-12T13:20:46Z,1740,,7.3,81.3,6.42,2.9,100,5.91
2026-03-12T15:20:12Z,1530,,7,80.2,6.21,3,100,5.95
2026-03-12T17:19:29Z,1470,,5.7,81.5,5.8,1.9,100,5.52
2026-03-12T19:18:49Z,1335,,4.7,81.2,5.41,1,100,5.19
2026-03-12T21:19:34Z,1110,,3.1,85.6,5.13,0.9,100,5.16
2026-03-12T23:18:56Z,1275,,3.3,87.8,5.33,1,100,5.19
2026-03-13T01:18:37Z,1425,,4.2,84.8,5.47,0.8,100,5.12
2026-03-13T03:18:53Z,1335,,3.8,85,5.33,0.9,100,5.16
2026-03-13T05:18:02Z,1140,,2.6,87.1,5.04,0.5,100,5.02
2026-03-13T07:18:40Z,2085,,5.6,87,6.15,2.8,90.7,5.32
2026-03-13T09:18:53Z,2295,,9.2,70.3,6.28,5,80.6,5.48
2026-03-13T11:18:57Z,2175,,10.9,61.4,6.11,6.9,70.1,5.4
2026-03-13T13:18:32Z,2160,,13.5,49.2,5.75,8.2,61.5,5.15
2026-03-13T15:18:42Z,1560,,11.2,53.6,5.43,6.7,71.1,5.4
2026-03-13T17:19:21Z,1440,,7.3,68.9,5.44,5.5,79.6,5.59
2026-03-13T19:19:47Z,1335,,6.4,72.7,5.42,4.4,85.5,5.58
2026-03-13T21:19:03Z,1275,,5.4,77.8,5.43,4,88.3,5.62
2026-03-13T23:19:36Z,1215,,5,80.4,5.46,3.6,92.6,5.73
2026-03-14T01:19:19Z,975,,4,82.5,5.25,2.9,95.6,5.65
2026-03-14T03:19:40Z,1005,,4,86.2,5.48,2.9,98.8,5.84
2026-03-14T05:19:11Z,1305,,4.8,87,5.83,3.6,96,5.94
2026-03-14T07:19:43Z,1950,,7.3,83.3,6.58,4.9,89.9,6.07
2026-03-14T09:20:19Z,2310,,11.7,68.2,7.13,7.4,77.4,6.15
2026-03-14T11:20:40Z,1995,,13.3,57.2,6.61,8.5,71.1,6.07
2026-03-14T13:20:27Z,1920,,16.5,48.9,6.86,9.9,69,6.44
2026-03-14T15:20:29Z,1350,,13.9,50.5,6.05,8.8,72.2,6.28
2026-03-14T17:20:49Z,915,,7.3,65.3,5.16,5.5,82.7,5.81
2026-03-14T19:20:20Z,1500,,8.5,69.1,5.9,7.3,75.5,5.96
2026-03-14T21:19:33Z,1590,,7.3,73.2,5.78,6.6,76.1,5.74
2026-03-14T23:19:53Z,1815,,7.6,63.4,5.11,6.2,66,4.85
2026-03-15T01:19:36Z,1530,,6.9,64.3,4.95,4.9,73.6,4.97
2026-03-15T03:18:55Z,1425,,6.6,62.8,4.74,4.4,73.4,4.79
2026-03-15T05:19:03Z,1425,,5.2,67.1,4.62,3.5,74.8,4.6
2026-03-15T07:19:12Z,2865,,9.9,58.7,5.48,6.2,60.7,4.46
2026-03-15T09:19:14Z,2025,,12,48,5.11,7.8,57.3,4.68
2026-03-15T11:19:19Z,2100,,12.2,49.7,5.36,7.5,60.7,4.86
2026-03-15T13:19:11Z,2040,,14.9,43.1,5.49,7.6,62.2,5.01
2026-03-15T15:18:32Z,1395,,12.2,46.5,5.02,7.1,66.5,5.19
2026-03-15T17:19:08Z,1020,,9,58.4,5.15,6.2,77.1,5.67
2026-03-15T19:18:51Z,885,,7.3,64.1,5.06,3.5,92.2,5.67
2026-03-15T21:18:22Z,1050,,5.8,70.2,5.03,2.1,94,5.26
2026-03-15T23:17:41Z,1170,,5.2,73.7,5.08,1.6,94.7,5.12
2026-03-16T01:17:28Z,1170,,4.9,75,5.06,1.2,96,5.06
2026-03-16T03:17:30Z,1170,,4.4,77.4,5.06,1,96.1,4.99
2026-03-16T05:16:52Z,1215,,4.2,79.4,5.12,0.9,97.4,5.02
2026-03-16T07:16:40Z,1440,,5.3,75.3,5.22,1.1,94.2,4.93
2026-03-16T09:16:43Z,1530,,6.3,71.1,5.26,1.5,91.2,4.9
2026-03-16T11:16:10Z,2115,,11.6,57.9,6.02,3.2,86,5.18
2026-03-16T13:16:49Z,1755,,12.1,51.6,5.53,3.3,84.8,5.15
2026-03-16T15:16:52Z,1020,,7.8,56.8,4.63,1.4,90.1,4.81
2026-03-16T17:16:45Z,795,,4.4,66.7,4.36,0,96.3,4.67
2026-03-16T19:16:51Z,840,,3.5,72,4.43,-0.2,97.6,4.67
2026-03-16T21:17:37Z,885,,3.4,75.5,4.61,0,99.4,4.82
2026-03-16T23:17:16Z,990,,3.5,77.6,4.77,0,100,4.85
2026-03-17T01:17:16Z,1065,,3.7,79.4,4.95,0.2,100,4.92
2026-03-17T03:17:16Z,1230,,4.1,80.8,5.17,0.5,100,5.02
2026-03-17T05:17:00Z,1365,,4.3,82.7,5.37,0.8,100,5.12
2026-03-17T07:16:18Z,1800,,6.2,83,6.1,1.5,100,5.37
2026-03-17T09:16:14Z,1710,,6.8,80.6,6.16,2.2,100,5.64
2026-03-17T11:17:10Z,1725,,8.6,74.7,6.42,3.2,100,6.03
2026-03-17T13:16:35Z,1680,,9.6,71.5,6.55,3.8,99.6,6.25
2026-03-17T15:16:32Z,1335,,8.6,69.3,5.95,3.8,97.1,6.09
2026-03-17T17:15:47Z,720,,4.3,72.1,4.68,1.6,97.9,5.3
2026-03-17T19:15:05Z,945,,1.9,85.6,4.73,-0.1,100,4.82
2026-03-17T21:15:04Z,1140,,3.3,77.7,4.72,-1.2,100,4.46
2026-03-17T23:14:40Z,1200,,2.9,80.8,4.77,-1.1,100,4.49
2026-03-18T01:14:47Z,1230,,3.2,81,4.88,-0.8,100,4.59
2026-03-18T03:14:37Z,1230,,3.1,80.8,4.84,-1.1,100,4.49
2026-03-18T05:15:03Z,1230,,2.8,82.4,4.84,-1.1,100,4.49
2026-03-18T07:15:35Z,1455,,4.2,80.6,5.19,-0.6,100,4.65
2026-03-18T09:15:16Z,1545,,5.7,77.4,5.51,0.3,100,4.95
2026-03-18T11:14:45Z,1500,,6.9,71.9,5.53,0.9,100,5.16
2026-03-18T13:14:06Z,1485,,7.7,68.2,5.53,1,99,5.14
2026-03-18T15:13:23Z,1170,,7.4,63,5.01,0.8,97.2,4.98
2026-03-18T17:14:09Z,945,,4.7,71,4.73,0,100,4.85
2026-03-18T19:13:22Z,1065,,4.4,75.2,4.91,0,100,4.85
2026-03-18T21:13:08Z,1170,,4.2,77.9,5.02,0,100,4.85
2026-03-18T23:13:39Z,1260,,3.9,80.2,5.07,-0.1,100,4.82
2026-03-19T01:13:48Z,1320,,4,81.7,5.2,0.2,100,4.92
2026-03-19T03:13:29Z,1365,,4.1,82.8,5.3,0.5,100,5.02
2026-03-19T05:13:38Z,1365,,4.2,83.6,5.39,0.8,100,5.12
2026-03-19T07:13:44Z,1695,,5.1,84.4,5.77,1.1,100,5.23
2026-03-19T09:13:40Z,1920,,8.3,77.3,6.51,2.4,100,5.71
2026-03-19T11:14:25Z,1635,,10.1,67,6.33,3.8,96.8,6.07
2026-03-19T13:14:17Z,1665,,11.1,64.4,6.48,4.8,93.5,6.27
2026-03-19T15:14:13Z,1470,,10.4,64.7,6.23,4.9,94.4,6.37
2026-03-19T17:15:04Z,975,,6.1,74.3,5.43,3.2,97.8,5.9
2026-03-19T19:14:55Z,1005,,3.6,82,5.08,1.5,97.8,5.26
2026-03-19T21:14:27Z,975,,2.6,80.1,4.64,0.2,95.9,4.72
2026-03-19T23:14:39Z,915,,1.5,81.6,4.39,-0.8,96.9,4.45
2026-03-20T01:15:01Z,885,,1,82.2,4.27,-1,96.3,4.36
2026-03-20T03:15:17Z,945,,0.9,82.8,4.27,-1.2,95.4,4.26
2026-03-20T05:15:49Z,915,,0.6,84.3,4.26,-0.9,94.7,4.32
2026-03-20T07:15:13Z,2325,,6,84.3,6.12,4.9,77.9,5.26
2026-03-20T09:15:19Z,1710,,13.1,46.1,5.26,10.5,52.5,5.09
2026-03-20T11:15:00Z,1725,,13.5,40.8,4.77,8.2,54.7,4.58
2026-03-20T13:14:44Z,2070,,16.9,32.7,4.7,8,51.7,4.27
2026-03-20T15:14:14Z,930,,14.6,29.6,3.7,8.2,49.8,4.17
2026-03-20T17:13:49Z,495,,7.6,42.4,3.42,4.8,66.3,4.45
2026-03-20T19:14:21Z,435,,1.6,53.8,2.91,1,76.6,3.98
2026-03-20T21:14:57Z,435,,-0.3,70.1,3.33,-1,83,3.76
2026-03-20T23:14:18Z,435,,-1.8,66.8,2.86,-2.4,87.2,3.58
2026-03-21T01:14:36Z,435,,-3,76.4,3.01,-3.4,91.1,3.48
2026-03-21T03:15:05Z,435,,-1.9,76.6,3.26,-2.7,92.4,3.71
2026-03-21T05:14:37Z,480,,-0.5,78.6,3.68,-0.9,90.9,4.14
2026-03-21T07:15:13Z,3150,,6.1,90.8,6.63,5.7,68.2,4.85
2026-03-21T09:14:46Z,2010,,14.4,41.3,5.1,10.5,47.9,4.64
2026-03-21T11:14:48Z,2070,,13.9,42,5.03,7.9,55.7,4.57
2026-03-21T13:15:38Z,2160,,15.6,37.8,5.02,6.7,58,4.41
2026-03-21T15:15:28Z,1515,,13.5,33,3.86,6.3,52.8,3.91
2026-03-21T17:15:28Z,900,,7.5,41.5,3.32,4.3,57.5,3.73
2026-03-21T19:15:25Z,735,,6.2,49,3.6,2.9,69.5,4.11
2026-03-21T21:14:49Z,675,,6.1,50.8,3.71,2.8,73.8,4.33
2026-03-21T23:15:24Z,570,,5.7,54,3.84,2.4,79.1,4.52
2026-03-22T01:15:33Z,570,,5.3,57.6,3.99,2,83.6,4.65
2026-03-22T03:15:17Z,495,,3.3,62.3,3.78,1.1,88.1,4.61
2026-03-22T05:14:35Z,510,,2.2,74.3,4.19,1.1,92.7,4.85
2026-03-22T07:14:50Z,2760,,7.9,82.5,6.78,6.3,74.5,5.51
2026-03-22T09:13:58Z,2010,,14.5,44.5,5.53,9.2,56.5,5.04
2026-03-22T11:13:30Z,1950,,14.7,47.3,5.95,8.2,66.3,5.55
2026-03-22T13:13:47Z,2190,,16.8,39.3,5.62,7.6,62,4.99
2026-03-22T15:14:25Z,1335,,13.6,37.7,4.44,6.2,63.4,4.66
2026-03-22T17:13:27Z,630,,7,48.5,3.76,3.4,72.4,4.42
2026-03-22T19:12:57Z,495,,3.5,58,3.57,1.7,77.3,4.21
2026-03-22T21:12:11Z,450,,3,59.5,3.54,1.4,85.1,4.54
2026-03-22T23:12:27Z,435,,2.6,64.8,3.75,1,89.8,4.66
2026-03-23T01:13:02Z,450,,2.4,68.3,3.9,0.9,92.1,4.75
2026-03-23T03:13:13Z,450,,2.4,69.4,3.96,0.7,94.4,4.8
2026-03-23T05:12:48Z,615,,2.1,77.6,4.34,0.8,96.1,4.92
2026-03-23T07:12:43Z,2370,,7.2,79.3,6.22,5.3,77.2,5.35
2026-03-23T09:13:26Z,1845,,11.4,52.6,5.4,5.3,73.5,5.09
2026-03-23T11:13:03Z,2010,,13.5,44.9,5.25,6.8,62.9,4.81
2026-03-23T13:13:52Z,2070,,15.4,38.9,5.11,6.9,60.1,4.63
2026-03-23T15:14:30Z,1155,,10.8,45.8,4.53,5,71.8,4.88
2026-03-23T17:15:12Z,690,,7,56.4,4.37,2.6,86.8,5.03
2026-03-23T19:14:38Z,555,,5.6,61.2,4.33,1.9,91.4,5.05
2026-03-23T21:15:21Z,495,,3.3,66.9,4.06,0.8,92.9,4.76
2026-03-23T23:16:07Z,435,,0,71.7,3.48,-1.2,95.2,4.25
2026-03-24T01:15:23Z,435,,-1.8,76.2,3.26,-2.5,96.6,3.94
2026-03-24T03:14:41Z,435,,-3.1,76.2,2.98,-3.9,97.4,3.59
2026-03-24T05:14:11Z,435,,-4.2,85.3,3.08,-2.8,97.5,3.89
2026-03-24T07:13:53Z,2835,,4.8,100,6.71,3.7,84.2,5.25
2026-03-24T09:14:08Z,2760,,13.2,45.4,5.21,8.8,49.9,4.34
2026-03-24T11:14:27Z,2190,,13.1,43.1,4.92,6.7,57.4,4.36
2026-03-24T13:14:27Z,1890,,14.9,35.7,4.55,5.3,61.3,4.25
2026-03-24T15:14:35Z,1125,,10.3,38.7,3.71,4.5,60.2,3.96
2026-03-24T17:14:02Z,885,,8.1,43.7,3.64,3.6,65.3,4.04
2026-03-24T19:14:26Z,1095,,6.7,49.5,3.76,3.6,64.4,3.99
2026-03-24T21:14:45Z,990,,6.7,53.4,4.06,3.7,71.1,4.43
2026-03-24T23:14:58Z,750,,6.9,59,4.54,3.4,84.9,5.19
2026-03-25T01:14:47Z,735,,6.3,66.4,4.92,3.3,93.5,5.67
2026-03-25T03:13:59Z,915,,6,73.2,5.31,2.9,97.8,5.78
2026-03-25T05:14:07Z,1125,,6,77.7,5.64,3.2,98.3,5.93
2026-03-25T07:14:40Z,1365,,6.6,81.2,6.13,3.6,100,6.19
2026-03-25T09:14:27Z,1530,,7.3,81.6,6.45,4,100,6.36
2026-03-25T11:14:32Z,1815,,8.8,81.7,7.11,5,99.3,6.75
2026-03-25T13:13:46Z,1770,,11.7,66.1,6.91,6.7,86.9,6.6
2026-03-25T15:13:25Z,1515,,10.3,64.6,6.18,6.7,81.8,6.22
2026-03-25T17:13:57Z,1710,,9.4,66.3,5.99,8,70.6,5.84
2026-03-25T19:14:07Z,1575,,9.2,66.1,5.9,7.1,75.7,5.9
2026-03-25T21:14:05Z,1665,,9.7,64.6,5.95,7.5,72.9,5.83
2026-03-25T23:13:26Z,1455,,8.3,70.4,5.93,6.1,83.4,6.09
2026-03-26T01:13:24Z,1410,,7.1,72.6,5.66,4.7,86.6,5.77
2026-03-26T03:13:34Z,1350,,5.6,78.3,5.54,3.6,90.9,5.63
2026-03-26T05:13:24Z,1590,,5.9,79.9,5.76,3.6,89.9,5.57
2026-03-26T07:13:26Z,2265,,9.7,69.9,6.44,5.7,78.8,5.61
2026-03-26T09:14:24Z,2250,,15,45.8,5.87,7.7,63.6,5.16
2026-03-26T11:14:39Z,2145,,13.6,46.4,5.46,7.1,62.3,4.86
2026-03-26T13:15:26Z,2010,,14.9,41.3,5.26,6.6,63.8,4.82
2026-03-26T15:15:27Z,1275,,9.1,53.8,4.77,4.9,74.4,5.02
2026-03-26T17:16:22Z,1065,,8,58.8,4.86,4.3,81,5.26
2026-03-26T19:16:08Z,960,,6.8,61.4,4.7,4,80.7,5.13
2026-03-26T21:16:19Z,1050,,6.7,64.9,4.93,3.5,85.4,5.25
2026-03-26T23:16:44Z,1125,,6.6,67,5.06,3.1,88.8,5.32
2026-03-27T01:16:27Z,1050,,6.7,66.6,5.06,2.6,92.5,5.36
2026-03-27T03:15:38Z,1095,,6.2,70.4,5.18,2.1,95.8,5.36
2026-03-27T05:16:05Z,1305,,6,74.7,5.42,1.9,96.3,5.32
2026-03-27T07:15:53Z,1935,,9.1,71.1,6.31,3.7,91,5.67
2026-03-27T09:15:16Z,1950,,16.7,47.3,6.72,9.7,67.4,6.21
2026-03-27T10:27:53Z,,0,,,,,,
2026-03-27T11:14:56Z,2340,,18,42.3,6.49,9.5,61.4,5.59
2026-03-27T11:27:53Z,,0,,,,,,
2026-03-27T12:27:53Z,,0,,,,,,
2026-03-27T13:15:30Z,3030,,20.5,33.6,5.98,9.5,51.4,4.68
2026-03-27T13:27:53Z,,0,,,,,,
2026-03-27T14:27:53Z,,0,,,,,,
2026-03-27T15:27:53Z,,0,,,,,,
2026-03-27T16:27:53Z,,0,,,,,,
2026-03-27T17:16:45Z,615,,8.7,43.3,3.74,5.4,64.1,4.47
2026-03-27T17:27:53Z,,0,,,,,,
2026-03-27T18:27:54Z,,0,,,,,,
2026-03-27T19:16:43Z,435,,3.6,52.8,3.27,2,78,4.34
2026-03-27T19:27:52Z,,0,,,,,,
2026-03-27T20:27:53Z,,0,,,,,,
2026-03-27T21:17:06Z,435,,1.2,61.9,3.26,0.1,84.3,4.12
2026-03-27T21:27:53Z,,0,,,,,,
2026-03-27T22:27:53Z,,0,,,,,,
2026-03-27T23:17:18Z,450,,-2.7,67.7,2.72,-2.2,88.1,3.67
2026-03-27T23:27:53Z,,0,,,,,,
2026-03-28T00:27:53Z,,0,,,,,,
2026-03-28T01:17:43Z,435,,-2.1,78.2,3.28,-2,93.3,3.94
2026-03-28T01:27:53Z,,0,,,,,,
2026-03-28T02:27:53Z,,0,,,,,,
2026-03-28T03:17:57Z,435,,-2.8,75.7,3.02,-2.5,95,3.87
2026-03-28T03:27:53Z,,0,,,,,,
2026-03-28T04:27:53Z,,0,,,,,,
2026-03-28T05:17:59Z,795,,0,91.2,4.42,-0.5,100,4.69
2026-03-28T05:27:53Z,,0,,,,,,
2026-03-28T06:27:53Z,,0,,,,,,
2026-03-28T07:17:25Z,1620,,5.4,81.1,5.66,0.6,100,5.05
2026-03-28T07:27:53Z,,0,,,,,,
2026-03-28T08:27:53Z,,0,,,,,,
2026-03-28T09:18:18Z,2595,,13.1,55.6,6.34,5.3,77.3,5.36
2026-03-28T09:27:53Z,,0,,,,,,
2026-03-28T10:27:53Z,,0,,,,,,
2026-03-28T11:18:04Z,1725,,12.4,46,5.02,3.1,78.5,4.7
2026-03-28T11:27:53Z,,0,,,,,,
2026-03-28T12:27:53Z,,0,,,,,,
2026-03-28T13:17:25Z,1725,,13.3,41.3,4.77,2.7,74.7,4.35
2026-03-28T13:27:53Z,,0,,,,,,
2026-03-28T14:27:53Z,,0,,,,,,
2026-03-28T15:17:21Z,855,,11.6,40.4,4.2,2.2,81.7,4.6
2026-03-28T15:27:53Z,,0,,,,,,
2026-03-28T16:27:53Z,,0,,,,,,
2026-03-28T17:16:55Z,495,,5,54.5,3.7,1,85.5,4.44
2026-03-28T17:27:53Z,,0,,,,,,
2026-03-28T18:27:53Z,,0,,,,,,
2026-03-28T19:16:18Z,450,,-0.1,60.2,2.9,-0.7,88.8,4.1
2026-03-28T19:27:53Z,,0,,,,,,
2026-03-28T20:27:53Z,,0,,,,,,
2026-03-28T21:15:34Z,435,,-1.6,79.1,3.43,-1.3,94.1,4.17
2026-03-28T21:27:52Z,,0,,,,,,
2026-03-28T22:27:53Z,,0,,,,,,
2026-03-28T23:15:43Z,450,,-1.7,74.1,3.19,-1.8,95.3,4.08
2026-03-28T23:27:53Z,,0,,,,,,
2026-03-29T00:27:54Z,,0,,,,,,
2026-03-29T01:15:00Z,435,,-3.5,75.3,2.86,-3,96.6,3.8
2026-03-29T01:27:53Z,,0,,,,,,
2026-03-29T02:27:53Z,,0,,,,,,
2026-03-29T03:15:48Z,660,,-1,86.1,3.9,-1.9,97.2,4.13
2026-03-29T03:27:53Z,,0,,,,,,
2026-03-29T04:27:53Z,,0,,,,,,
2026-03-29T05:16:29Z,885,,2,81,4.5,0.3,95.9,4.75
2026-03-29T05:27:53Z,,0,,,,,,
2026-03-29T06:27:53Z,,0,,,,,,
2026-03-29T07:16:59Z,3105,,8.6,81.9,7.04,5.7,74.4,5.29
2026-03-29T07:27:53Z,,0,,,,,,
2026-03-29T08:27:54Z,,0,,,,,,
2026-03-29T09:16:33Z,2130,,15.1,45.4,5.85,8.1,63.2,5.26
2026-03-29T09:27:54Z,,0,,,,,,
2026-03-29T10:27:53Z,,0,,,,,,
2026-03-29T11:17:02Z,1290,,12.2,45.2,4.88,4.8,76.1,5.1
2026-03-29T11:27:53Z,,0,,,,,,
2026-03-29T12:27:53Z,,0,,,,,,
2026-03-29T13:16:31Z,870,,8.4,56.3,4.78,3,89.6,5.33
2026-03-29T13:27:53Z,,0,,,,,,
2026-03-29T14:27:54Z,,0,,,,,,
2026-03-29T15:15:43Z,900,,8.7,57.9,5.01,3.2,91.1,5.49
2026-03-29T15:27:53Z,,0,,,,,,
2026-03-29T16:27:53Z,,0,,,,,,
2026-03-29T17:15:07Z,810,,7.2,61.5,4.83,2.6,93.7,5.43
2026-03-29T17:27:53Z,,0,,,,,,
2026-03-29T18:27:53Z,,0,,,,,,
2026-03-29T19:15:44Z,615,,5.5,59.9,4.21,1,92.3,4.79
2026-03-29T19:27:53Z,,0,,,,,,
2026-03-29T20:27:53Z,,0,,,,,,
2026-03-29T21:16:07Z,690,,4,68.7,4.37,0.4,96.3,4.8
2026-03-29T21:27:53Z,,0,,,,,,
2026-03-29T22:27:54Z,,0,,,,,,
2026-03-29T23:15:40Z,855,,4.3,71.2,4.62,0.8,95.7,4.9
2026-03-29T23:27:53Z,,0,,,,,,
2026-03-30T00:27:53Z,,0,,,,,,
2026-03-30T01:16:25Z,930,,4.1,73.3,4.69,0.2,98.6,4.85
2026-03-30T01:27:53Z,,0,,,,,,
2026-03-30T02:27:53Z,,0,,,,,,
2026-03-30T03:15:58Z,990,,3.8,75.6,4.74,0,99.6,4.83
2026-03-30T03:27:53Z,,0,,,,,,
2026-03-30T04:27:53Z,,0,,,,,,
2026-03-30T05:15:50Z,1080,,3.5,77.5,4.77,-0.5,100,4.69
2026-03-30T05:27:53Z,,0,,,,,,
2026-03-30T06:27:53Z,,0,,,,,,
2026-03-30T07:15:23Z,1230,,4.5,75.5,4.96,-0.5,100,4.69
2026-03-30T07:27:52Z,,0,,,,,,
2026-03-30T08:27:53Z,,0,,,,,,
2026-03-30T09:15:50Z,1695,,7.2,69.6,5.46,0,97.7,4.74
2026-03-30T09:27:53Z,,0,,,,,,
2026-03-30T10:27:53Z,,0,,,,,,
2026-03-30T11:15:07Z,1845,,10.7,55.2,5.42,1.5,88.1,4.73
2026-03-30T11:27:53Z,,0,,,,,,
2026-03-30T12:27:53Z,,0,,,,,,
2026-03-30T13:14:52Z,2175,,15.9,42.8,5.79,2.1,85.9,4.81
2026-03-30T13:27:53Z,,0,,,,,,
2026-03-30T14:27:53Z,,0,,,,,,
2026-03-30T15:15:40Z,1230,,14.7,38,4.78,2.7,84.2,4.91
2026-03-30T15:27:53Z,,0,,,,,,
2026-03-30T16:27:53Z,,0,,,,,,
2026-03-30T17:15:49Z,450,,6.5,50.3,3.77,1.1,87.6,4.58
2026-03-30T17:27:53Z,,0,,,,,,
2026-03-30T18:27:53Z,,0,,,,,,
2026-03-30T19:15:59Z,435,,-1.2,61.5,2.74,-2,91.7,3.87
2026-03-30T19:27:53Z,,0,,,,,,
2026-03-30T20:27:53Z,,0,,,,,,
2026-03-30T21:15:37Z,435,,-0.9,77.1,3.51,-2.2,94.4,3.93
2026-03-30T21:27:53Z,,0,,,,,,
2026-03-30T22:27:54Z,,0,,,,,,
2026-03-30T23:15:52Z,810,,1.9,75.6,4.17,-0.7,94.9,4.39
2026-03-30T23:27:53Z,,0,,,,,,
2026-03-31T00:27:53Z,,0,,,,,,
2026-03-31T01:15:23Z,855,,2.7,73.9,4.31,-0.4,95,4.48
2026-03-31T01:27:53Z,,0,,,,,,
2026-03-31T02:27:53Z,,0,,,,,,
2026-03-31T03:14:32Z,945,,2.9,74.8,4.42,-0.2,95.3,4.56
2026-03-31T03:27:53Z,,0,,,,,,
2026-03-31T04:27:53Z,,0,,,,,,
2026-03-31T05:14:39Z,1050,,3.3,76.2,4.62,0,95.6,4.64
2026-03-31T05:27:53Z,,0,,,,,,
2026-03-31T06:27:54Z,,0,,,,,,
2026-03-31T07:14:50Z,2025,,7.6,80.7,6.5,4.7,88.6,5.9
2026-03-31T07:27:53Z,,0,,,,,,
2026-03-31T08:27:53Z,,0,,,,,,
2026-03-31T09:14:07Z,2145,,20.6,32.9,5.89,13.5,45.1,5.27
2026-03-31T09:27:53Z,,0,,,,,,
2026-03-31T10:27:53Z,,0,,,,,,
2026-03-31T11:14:45Z,2175,,20.5,30,5.34,10.3,49.6,4.75
2026-03-31T11:27:53Z,,0,,,,,,
2026-03-31T12:27:53Z,,0,,,,,,
2026-03-31T13:14:03Z,1365,,17.7,30.5,4.6,9.9,51.4,4.8
2026-03-31T13:27:53Z,,0,,,,,,
2026-03-31T14:27:53Z,,0,,,,,,
2026-03-31T15:13:34Z,915,,17.5,29,4.32,9.2,55.1,4.92
2026-03-31T15:27:53Z,,0,,,,,,
2026-03-31T16:27:53Z,,0,,,,,,
2026-03-31T17:12:37Z,510,,10.5,38.1,3.69,7,62.1,4.81
2026-03-31T17:27:54Z,,0,,,,,,
2026-03-31T18:27:53Z,,0,,,,,,
2026-03-31T19:13:00Z,435,,4.7,53.4,3.56,3.5,71.5,4.4
2026-03-31T19:27:53Z,,0,,,,,,
2026-03-31T20:27:54Z,,0,,,,,,
2026-03-31T21:13:00Z,615,,3.4,60.6,3.7,1.8,77.8,4.27
2026-03-31T21:27:53Z,,0,,,,,,
2026-03-31T22:27:53Z,,0,,,,,,
2026-03-31T23:13:37Z,825,,2.5,71.7,4.12,0.8,86.6,4.44
2026-03-31T23:27:53Z,,0,,,,,,
2026-04-01T00:27:53Z,,0,,,,,,
2026-04-01T01:14:02Z,495,,-0.1,68.2,3.28,-1.4,88,3.87
2026-04-01T01:27:53Z,,0,,,,,,
2026-04-01T02:27:53Z,,0,,,,,,
2026-04-01T03:13:42Z,435,,-4.1,71.7,2.61,-3.5,91.3,3.47
2026-04-01T03:27:53Z,,0,,,,,,
2026-04-01T04:27:53Z,,0,,,,,,
2026-04-01T05:13:41Z,1170,,0.3,86.8,4.3,-2.1,93.5,3.92
2026-04-01T05:27:53Z,,0,,,,,,
2026-04-01T06:27:53Z,,0,,,,,,
2026-04-01T07:14:00Z,1620,,5.3,76.9,5.33,0.8,93.2,4.78
2026-04-01T07:27:53Z,,0,,,,,,
2026-04-01T08:27:53Z,,0,,,,,,
2026-04-01T09:14:23Z,1650,,8.2,63.6,5.33,1.7,89.3,4.86
2026-04-01T09:27:53Z,,0,,,,,,
2026-04-01T10:27:53Z,,0,,,,,,
2026-04-01T11:14:37Z,2715,,14.6,50.1,6.27,4,80.8,5.14
2026-04-01T11:27:53Z,,0,,,,,,
2026-04-01T12:27:54Z,,0,,,,,,
2026-04-01T13:14:02Z,1920,,17.5,37.7,5.62,4.7,78.4,5.22
2026-04-01T13:27:53Z,,0,,,,,,
2026-04-01T14:27:53Z,,0,,,,,,
2026-04-01T15:13:32Z,1395,,16.4,37.1,5.18,4.9,79.4,5.36
2026-04-01T15:27:54Z,,0,,,,,,
2026-04-01T16:27:53Z,,0,,,,,,
2026-04-01T17:12:51Z,450,,7.7,50.3,4.08,2.2,86.3,4.86
2026-04-01T17:27:53Z,,0,,,,,,
2026-04-01T18:27:53Z,,0,,,,,,
2026-04-01T19:12:48Z,435,,1.7,60.1,3.27,-0.2,90.1,4.31
2026-04-01T19:27:54Z,,0,,,,,,
2026-04-01T20:27:53Z,,0,,,,,,
2026-04-01T21:12:25Z,435,,-0.1,68.3,3.29,-1.7,94.2,4.06
2026-04-01T21:27:53Z,,0,,,,,,
2026-04-01T22:27:53Z,,0,,,,,,
2026-04-01T23:11:48Z,495,,0.3,76.8,3.8,-1.8,97.7,4.18
2026-04-01T23:27:52Z,,0,,,,,,
2026-04-02T00:27:53Z,,0,,,,,,
2026-04-02T01:12:23Z,495,,-0.2,74.3,3.55,-1.5,98.3,4.3
2026-04-02T01:27:53Z,,0,,,,,,
2026-04-02T02:27:53Z,,0,,,,,,
2026-04-02T03:11:45Z,435,,0.3,81.7,4.04,-0.5,99.7,4.67
2026-04-02T03:27:53Z,,0,,,,,,
2026-04-02T04:27:53Z,,0,,,,,,
2026-04-02T05:11:04Z,915,,1.9,86.9,4.8,1,97,5.04
2026-04-02T05:27:53Z,,0,,,,,,
2026-04-02T06:27:53Z,,0,,,,,,
2026-04-02T07:10:40Z,1590,,6.4,77.3,5.76,1.7,97.4,5.31
2026-04-02T07:27:53Z,,0,,,,,,
2026-04-02T08:27:53Z,,0,,,,,,
2026-04-02T09:10:10Z,1560,,8.2,69.8,5.84,2.9,95.3,5.63
2026-04-02T09:27:52Z,,0,,,,,,
2026-04-02T10:27:53Z,,0,,,,,,
2026-04-02T11:09:27Z,1950,,11.5,61.7,6.37,4.4,90.1,5.88
2026-04-02T11:27:53Z,,0,,,,,,
2026-04-02T12:27:53Z,,0,,,,,,
2026-04-02T13:09:34Z,1440,,11.7,55.2,5.77,4.7,88.2,5.88
2026-04-02T13:27:53Z,,0,,,,,,
2026-04-02T14:27:53Z,,0,,,,,,
2026-04-02T15:09:26Z,1260,,10.3,58.4,5.59,4.3,90.6,5.88
2026-04-02T15:27:53Z,,0,,,,,,
2026-04-02T16:27:53Z,,0,,,,,,
2026-04-02T17:09:51Z,1050,,7.7,65.8,5.33,3.3,93.9,5.7
2026-04-02T17:27:53Z,,0,,,,,,
2026-04-02T18:27:53Z,,0,,,,,,
2026-04-02T19:09:45Z,1050,,6.6,70.5,5.32,2.9,96,5.67
2026-04-02T19:27:53Z,,0,,,,,,
2026-04-02T20:27:53Z,,0,,,,,,
2026-04-02T21:09:58Z,1140,,6.2,73.8,5.43,2.5,97.7,5.62
2026-04-02T21:27:53Z,,0,,,,,,
2026-04-02T22:27:53Z,,0,,,,,,
2026-04-02T23:09:46Z,1305,,5.9,77.7,5.6,2.4,97.8,5.59
2026-04-02T23:27:53Z,,0,,,,,,
2026-04-03T00:27:53Z,,0,,,,,,
2026-04-03T01:09:19Z,1335,,5.9,79.5,5.73,2.5,98.6,5.67
2026-04-03T01:27:53Z,,0,,,,,,
2026-04-03T02:27:53Z,,0,,,,,,
2026-04-03T03:09:11Z,1425,,5.9,81.1,5.85,2.7,98.2,5.72
2026-04-03T03:27:53Z,,0,,,,,,
2026-04-03T04:27:53Z,,0,,,,,,
2026-04-03T05:09:24Z,1590,,6.4,81.6,6.08,2.9,97.6,5.77
2026-04-03T05:27:53Z,,0,,,,,,
2026-04-03T06:27:53Z,,0,,,,,,
2026-04-03T07:09:41Z,1740,,8.3,74.4,6.27,4,93.4,5.94
2026-04-03T07:27:53Z,,0,,,,,,
2026-04-03T08:27:53Z,,0,,,,,,
2026-04-03T09:10:04Z,1815,,12,63.1,6.72,6.1,87.6,6.4
2026-04-03T09:27:53Z,,0,,,,,,
2026-04-03T10:27:53Z,,0,,,,,,
2026-04-03T11:10:39Z,1410,,13,55.8,6.33,7.1,83.7,6.53
2026-04-03T11:27:53Z,,0,,,,,,
2026-04-03T12:27:54Z,,0,,,,,,
2026-04-03T13:11:01Z,1380,,12.9,55,6.2,7.2,81.1,6.37
2026-04-03T13:27:53Z,,0,,,,,,
2026-04-03T14:27:54Z,,0,,,,,,
2026-04-03T15:10:59Z,1215,,10.4,61.5,5.93,5.9,88,6.35
2026-04-03T15:27:54Z,,0,,,,,,
2026-04-03T16:27:54Z,,0,,,,,,
2026-04-03T17:10:21Z,1320,,8.2,70.9,5.94,4.8,92.7,6.22
2026-04-03T17:27:53Z,,0,,,,,,
2026-04-03T18:27:54Z,,0,,,,,,
2026-04-03T19:09:36Z,1440,,7.3,77.3,6.11,4.4,94.7,6.18
2026-04-03T19:27:52Z,,0,,,,,,
2026-04-03T20:27:53Z,,0,,,,,,
2026-04-03T21:08:58Z,1500,,6.6,80.5,6.08,3.7,95.8,5.97
2026-04-03T21:27:53Z,,0,,,,,,
2026-04-03T22:27:53Z,,0,,,,,,
2026-04-03T23:08:59Z,1530,,6.3,82.3,6.09,3.4,96.8,5.91
2026-04-03T23:27:53Z,,0,,,,,,
2026-04-04T00:27:53Z,,0,,,,,,
2026-04-04T01:09:35Z,1560,,6.1,83.3,6.09,3.2,97.5,5.88
2026-04-04T01:27:53Z,,0,,,,,,
2026-04-04T02:27:53Z,,0,,,,,,
2026-04-04T03:10:04Z,1575,,6.1,83.9,6.13,3,97.8,5.82
2026-04-04T03:27:53Z,,0,,,,,,
2026-04-04T04:27:53Z,,0,,,,,,
2026-04-04T05:27:53Z,,0,,,,,,
2026-04-04T06:27:53Z,,0,,,,,,
2026-04-04T07:10:54Z,1635,,6.7,80.4,6.11,2.6,99.3,5.75
2026-04-04T07:27:53Z,,0,,,,,,
2026-04-04T08:27:53Z,,0,,,,,,
2026-04-04T09:11:31Z,1620,,6.6,80.9,6.11,2.5,100,5.75
2026-04-04T09:27:53Z,,0,,,,,,
2026-04-04T10:27:54Z,,0,,,,,,
2026-04-04T11:11:46Z,1665,,6.9,79.8,6.14,2.4,100,5.71
2026-04-04T11:27:53Z,,0,,,,,,
2026-04-04T12:27:53Z,,0,,,,,,
2026-04-04T13:12:03Z,1695,,7.6,76.4,6.15,3,96.7,5.75
2026-04-04T13:27:54Z,,0,,,,,,
2026-04-04T14:27:53Z,,0,,,,,,
2026-04-04T15:12:40Z,1560,,7.1,75.1,5.86,2.7,96.5,5.63
2026-04-04T15:27:53Z,,0,,,,,,
2026-04-04T16:27:54Z,,0,,,,,,
2026-04-04T17:13:00Z,1305,,6,76.4,5.55,2,98.7,5.49
2026-04-04T17:27:53Z,,0,,,,,,
2026-04-04T18:27:53Z,,0,,,,,,
2026-04-04T19:13:22Z,1305,,5,80.2,5.45,1.4,100,5.34
2026-04-04T19:27:52Z,,0,,,,,,
2026-04-04T20:27:53Z,,0,,,,,,
2026-04-04T21:12:48Z,1335,,4.9,81.8,5.52,1.4,100,5.34
2026-04-04T21:27:54Z,,0,,,,,,
2026-04-04T22:27:53Z,,0,,,,,,
2026-04-04T23:11:59Z,1440,,4.9,82.9,5.6,1.3,100,5.3
2026-04-04T23:27:53Z,,0,,,,,,
2026-04-05T00:27:53Z,,0,,,,,,
2026-04-05T01:11:47Z,1425,,4.4,84.3,5.51,1.1,100,5.23
2026-04-05T01:27:53Z,,0,,,,,,
2026-04-05T02:27:53Z,,0,,,,,,
2026-04-05T03:11:05Z,1500,,4.7,84.5,5.63,1.2,100,5.27
2026-04-05T03:27:53Z,,0,,,,,,
2026-04-05T04:27:53Z,,0,,,,,,
2026-04-05T05:10:32Z,1725,,5.3,86.6,6.0,1.6,100,5.41
2026-04-05T05:27:53Z,,0,,,,,,
2026-04-05T06:27:53Z,,0,,,,,,
2026-04-05T07:10:36Z,1695,,7.9,75.8,6.23,3.2,98.2,5.92
2026-04-05T07:27:53Z,,0,,,,,,
2026-04-05T08:27:53Z,,0,,,,,,
2026-04-05T09:10:48Z,1845,,11,65,6.5,4.1,94.1,6.02
2026-04-05T09:27:53Z,,0,,,,,,
2026-04-05T10:27:53Z,,0,,,,,,
2026-04-05T11:10:23Z,1530,,11.1,56.7,5.71,4.3,87.1,5.65
2026-04-05T11:27:53Z,,0,,,,,,
2026-04-05T12:27:53Z,,0,,,,,,
2026-04-05T13:10:57Z,2085,,11,59.9,5.99,4,83.4,5.3
2026-04-05T13:27:53Z,,0,,,,,,
2026-04-05T14:27:53Z,,0,,,,,,
2026-04-05T15:11:14Z,1470,,8.9,59,5.17,2.5,87.4,5.03
2026-04-05T15:27:53Z,,0,,,,,,
2026-04-05T16:27:54Z,,0,,,,,,
2026-04-05T17:11:37Z,990,,6.5,66.2,4.96,1.9,95.4,5.27
2026-04-05T17:27:53Z,,0,,,,,,
2026-04-05T18:27:53Z,,0,,,,,,
2026-04-05T19:12:09Z,1035,,5.2,77.1,5.31,2.1,100,5.6
2026-04-05T19:27:53Z,,0,,,,,,
2026-04-05T20:27:53Z,,0,,,,,,
2026-04-05T21:12:00Z,1290,,5.8,81.9,5.87,3.1,100,5.99
2026-04-05T21:27:53Z,,0,,,,,,
2026-04-05T22:27:53Z,,0,,,,,,
2026-04-05T23:11:10Z,1350,,5.7,81.6,5.81,3.2,97.2,5.86
2026-04-05T23:27:53Z,,0,,,,,,
2026-04-06T00:27:53Z,,0,,,,,,
2026-04-06T01:11:37Z,1500,,5.1,77.4,5.29,2.7,87.5,5.1
2026-04-06T01:27:53Z,,0,,,,,,
2026-04-06T02:27:53Z,,0,,,,,,
2026-04-06T03:10:41Z,1380,,4.7,77.9,5.19,2.1,91.1,5.1
2026-04-06T03:27:53Z,,0,,,,,,
2026-04-06T04:27:52Z,,0,,,,,,
2026-04-06T05:10:54Z,1335,,4.7,80.2,5.34,1.6,97.1,5.25
2026-04-06T05:27:53Z,,0,,,,,,
2026-04-06T06:27:52Z,,0,,,,,,
2026-04-06T07:10:37Z,1440,,5,81.9,5.57,1.2,100,5.27
2026-04-06T07:27:53Z,,0,,,,,,
2026-04-06T08:27:53Z,,0,,,,,,
2026-04-06T09:10:36Z,1620,,6.9,79.8,6.14,2.6,99.6,5.77
2026-04-06T09:27:53Z,,0,,,,,,
2026-04-06T10:27:53Z,,0,,,,,,
2026-04-06T11:09:54Z,1965,,8.9,74.3,6.51,3.1,96.5,5.78
2026-04-06T11:27:53Z,,0,,,,,,
2026-04-06T12:27:53Z,,0,,,,,,
2026-04-06T13:10:01Z,1575,,10.7,61.9,6.08,3.8,94.2,5.91
2026-04-06T13:27:53Z,,0,,,,,,
2026-04-06T14:27:53Z,,0,,,,,,
2026-04-06T15:09:29Z,1245,,8.6,66.1,5.68,3.7,94.8,5.91
2026-04-06T15:27:53Z,,0,,,,,,
2026-04-06T16:27:53Z,,0,,,,,,
2026-04-06T17:08:59Z,1185,,5.9,76.5,5.52,2.6,97.9,5.67
2026-04-06T17:27:53Z,,0,,,,,,
2026-04-06T18:27:53Z,,0,,,,,,
2026-04-06T19:08:20Z,1335,,5.3,82.1,5.69,2.3,99.2,5.63
2026-04-06T19:27:53Z,,0,,,,,,
2026-04-06T20:27:53Z,,0,,,,,,
2026-04-06T21:08:47Z,1380,,5,83.9,5.7,2.1,99.3,5.56
2026-04-06T21:27:53Z,,0,,,,,,
2026-04-06T22:27:53Z,,0,,,,,,
2026-04-06T23:08:47Z,1365,,5.2,84.5,5.82,,,
2026-04-06T23:27:53Z,,0,,,,,,
2026-04-07T00:27:52Z,,0,,,,,,
2026-04-07T01:08:07Z,1365,,4.6,85.9,5.69,2,100,5.56
2026-04-07T01:27:53Z,,0,,,,,,
2026-04-07T02:27:53Z,,0,,,,,,
2026-04-07T03:08:06Z,1425,,4.6,86.3,5.71,1.8,100,5.49
2026-04-07T03:27:53Z,,0,,,,,,
2026-04-07T04:27:53Z,,0,,,,,,
2026-04-07T05:08:47Z,1560,,5,88.1,5.99,2.3,100,5.67
2026-04-07T05:27:53Z,,0,,,,,,
2026-04-07T06:27:53Z,,0,,,,,,
2026-04-07T07:08:07Z,1815,,7.1,78.3,6.11,3.9,90,5.69
2026-04-07T07:27:53Z,,0,,,,,,
2026-04-07T08:27:52Z,,0,,,,,,
2026-04-07T09:07:58Z,1845,,9.7,64.4,5.94,4.7,84,5.6
2026-04-07T09:27:53Z,,0,,,,,,
2026-04-07T10:27:53Z,,0,,,,,,
2026-04-07T11:08:42Z,1545,,8.6,68.3,5.87,4.5,88.4,5.81
2026-04-07T11:27:53Z,,0,,,,,,
2026-04-07T12:27:54Z,,0,,,,,,
2026-04-07T13:07:49Z,1590,,9.6,65.6,6.01,5.4,85.3,5.95
2026-04-07T13:27:53Z,,0,,,,,,
2026-04-07T14:27:53Z,,0,,,,,,
2026-04-07T15:07:08Z,1635,,11.5,59.8,6.17,7,78.7,6.1
2026-04-07T15:27:53Z,,0,,,,,,
2026-04-07T16:27:53Z,,0,,,,,,
2026-04-07T17:07:07Z,1440,,9.5,57.9,5.27,6.5,72.2,5.41
2026-04-07T17:27:53Z,,0,,,,,,
2026-04-07T18:27:53Z,,0,,,,,,
2026-04-07T19:07:16Z,1335,,6.2,66.2,4.87,4.6,76.3,5.05
2026-04-07T19:27:53Z,,0,,,,,,
2026-04-07T20:27:53Z,,0,,,,,,
2026-04-07T21:07:41Z,1200,,4.3,70.5,4.57,2.9,79.9,4.72
2026-04-07T21:27:53Z,,0,,,,,,
2026-04-07T22:27:53Z,,0,,,,,,
2026-04-07T23:07:14Z,1245,,2.9,67.7,4.0,1.9,72.8,4.02
2026-04-07T23:27:53Z,,0,,,,,,
2026-04-08T00:27:53Z,,0,,,,,,
2026-04-08T01:07:51Z,1230,,2.3,66.4,3.77,1.1,70.8,3.7
2026-04-08T01:27:53Z,,0,,,,,,
2026-04-08T02:27:53Z,,0,,,,,,
2026-04-08T03:08:23Z,1080,,1.5,68.4,3.68,0.1,75,3.66
2026-04-08T03:27:53Z,,0,,,,,,
2026-04-08T04:27:53Z,,0,,,,,,
2026-04-08T05:08:33Z,1395,,2.2,69.1,3.89,0.2,73.6,3.62
2026-04-08T05:27:53Z,,0,,,,,,
2026-04-08T06:27:53Z,,0,,,,,,
2026-04-08T07:09:22Z,2265,,8.6,50,4.3,4.2,57,3.67
2026-04-08T07:27:53Z,,0,,,,,,
2026-04-08T08:27:53Z,,0,,,,,,
2026-04-08T09:10:06Z,2625,,14.1,32.2,3.91,6.6,44.1,3.33
2026-04-08T09:27:54Z,,0,,,,,,
2026-04-08T10:27:53Z,,0,,,,,,
2026-04-08T11:10:03Z,2610,,15,27.4,3.51,4.6,45,2.98
2026-04-08T11:27:53Z,,0,,,,,,
2026-04-08T12:27:53Z,,0,,,,,,
2026-04-08T13:09:10Z,2280,,15.8,22.2,2.99,5.3,37.5,2.6
2026-04-08T13:27:53Z,,0,,,,,,
2026-04-08T14:27:53Z,,0,,,,,,
2026-04-08T15:09:45Z,1860,,14.1,20.7,2.51,4.9,35.2,2.38
2026-04-08T15:27:53Z,,0,,,,,,
2026-04-08T16:27:54Z,,0,,,,,,
2026-04-08T17:10:22Z,615,,7.8,24,1.96,3.5,37.6,2.31
2026-04-08T17:27:53Z,,0,,,,,,
2026-04-08T18:27:53Z,,0,,,,,,
2026-04-08T19:09:39Z,510,,1.9,31.5,1.74,1.1,44.7,2.34
2026-04-08T19:27:53Z,,0,,,,,,
2026-04-08T20:27:53Z,,0,,,,,,
2026-04-08T21:09:01Z,450,,-1.5,38,1.66,-1.1,53.6,2.41
2026-04-08T21:27:54Z,,0,,,,,,
2026-04-08T22:27:53Z,,0,,,,,,
2026-04-08T23:08:14Z,435,,-2.5,47.3,1.93,-1.9,58,2.47
2026-04-08T23:27:53Z,,0,,,,,,
2026-04-09T00:27:54Z,,0,,,,,,
2026-04-09T01:07:41Z,435,,-3.4,53.7,2.05,-3.1,65.2,2.55
2026-04-09T01:27:53Z,,0,,,,,,
2026-04-09T02:27:53Z,,0,,,,,,
2026-04-09T03:07:28Z,435,,-4.2,61.7,2.23,-4,71.8,2.63
2026-04-09T03:27:53Z,,0,,,,,,
2026-04-09T04:27:53Z,,0,,,,,,
2026-04-09T05:07:51Z,1005,,-1.8,71.1,3.04,-1.4,67.1,2.95
2026-04-09T05:27:54Z,,0,,,,,,
2026-04-09T06:27:53Z,,0,,,,,,
2026-04-09T07:07:26Z,2805,,9.9,40.7,3.8,4.1,46.3,2.96
2026-04-09T07:27:54Z,,0,,,,,,
2026-04-09T08:27:53Z,,0,,,,,,
2026-04-09T09:07:34Z,2850,,15.8,26.2,3.53,7.2,36.5,2.86
2026-04-09T09:27:53Z,,0,,,,,,
2026-04-09T10:27:53Z,,0,,,,,,
2026-04-09T11:08:27Z,2985,,18.3,21,3.28,5,37.2,2.53
2026-04-09T11:27:53Z,,0,,,,,,
2026-04-09T12:27:53Z,,0,,,,,,
2026-04-09T13:09:08Z,3000,,19.5,17.4,2.92,6.2,31,2.28
2026-04-09T13:27:53Z,,0,,,,,,
2026-04-09T14:27:53Z,,0,,,,,,
2026-04-09T15:09:36Z,1740,,16.4,21.5,3.0,5,43,2.92
2026-04-09T15:27:53Z,,0,,,,,,
2026-04-09T16:27:53Z,,0,,,,,,
2026-04-09T17:10:09Z,570,,9.8,26,2.41,3.2,47.5,2.86
2026-04-09T17:27:53Z,,0,,,,,,
2026-04-09T18:27:53Z,,0,,,,,,
2026-04-09T19:09:16Z,495,,0.7,35.4,1.8,-0.4,60.1,2.84
2026-04-09T19:27:53Z,,0,,,,,,
2026-04-09T20:27:53Z,,0,,,,,,
2026-04-09T21:09:06Z,435,,-3,48.2,1.9,-2.7,69.3,2.78
2026-04-09T21:27:53Z,,0,,,,,,
2026-04-09T22:27:52Z,,0,,,,,,
2026-04-09T23:09:20Z,420,,-4.3,57,2.04,-4.2,75.2,2.72
2026-04-09T23:27:53Z,,0,,,,,,
2026-04-10T00:27:53Z,,0,,,,,,
2026-04-10T01:09:00Z,435,,-4.5,62.9,2.22,-4.4,76.4,2.72
2026-04-10T01:27:53Z,,0,,,,,,
2026-04-10T02:27:53Z,,0,,,,,,
2026-04-10T03:08:35Z,435,,-4.9,62.4,2.14,-4.5,74.8,2.64
2026-04-10T03:27:53Z,,0,,,,,,
2026-04-10T04:27:53Z,,0,,,,,,
2026-04-10T05:09:08Z,1200,,-1.5,72.5,3.17,-0.2,62.8,3.0
2026-04-10T05:27:53Z,,0,,,,,,
2026-04-10T06:27:53Z,,0,,,,,,
2026-04-10T07:08:42Z,3150,,12.7,40.9,4.55,8,39.5,3.27
2026-04-10T07:27:53Z,,0,,,,,,
2026-04-10T08:27:53Z,,0,,,,,,
2026-04-10T09:08:46Z,3150,,18.8,22,3.54,9.5,28.6,2.6
2026-04-10T09:27:53Z,,0,,,,,,
2026-04-10T10:27:53Z,,0,,,,,,
2026-04-10T11:08:28Z,3180,,20.2,17.3,3.02,7.5,25.2,2.02
2026-04-10T11:27:53Z,,0,,,,,,
2026-04-10T12:27:53Z,,0,,,,,,
2026-04-10T13:07:52Z,3195,,21.3,15.8,2.94,7.4,26.3,2.09
2026-04-10T13:27:53Z,,0,,,,,,
2026-04-10T14:27:52Z,,0,,,,,,
2026-04-10T15:07:57Z,2745,,19.6,12,2.03,7.5,21.1,1.69
2026-04-10T15:27:53Z,,0,,,,,,
2026-04-10T16:27:53Z,,0,,,,,,
2026-04-10T17:08:36Z,465,,12.6,18.2,2.01,6.4,33.4,2.49
2026-04-10T17:27:53Z,,0,,,,,,
2026-04-10T18:27:53Z,,0,,,,,,
2026-04-10T19:08:37Z,435,,1.1,24,1.26,1.5,44.4,2.39
2026-04-10T19:27:53Z,,0,,,,,,
2026-04-10T20:27:53Z,,0,,,,,,
2026-04-10T21:09:10Z,435,,-1.5,30.6,1.34,0.1,46.4,2.27
2026-04-10T21:27:53Z,,0,,,,,,
2026-04-10T22:27:53Z,,0,,,,,,
2026-04-10T23:09:51Z,435,,-3.2,39.7,1.54,-2.3,55,2.27
2026-04-10T23:27:53Z,,0,,,,,,
2026-04-11T00:27:53Z,,0,,,,,,
2026-04-11T01:09:20Z,435,,-3.1,40.5,1.58,-1.9,49.5,2.1
2026-04-11T01:27:53Z,,0,,,,,,
2026-04-11T02:27:53Z,,0,,,,,,
2026-04-11T03:09:21Z,435,,-3.7,43,1.61,-2.3,49.4,2.04
2026-04-11T03:27:53Z,,0,,,,,,
2026-04-11T04:27:53Z,,0,,,,,,
2026-04-11T05:09:27Z,1485,,0.4,51.3,2.56,1.4,45,2.4
2026-04-11T05:27:53Z,,0,,,,,,
2026-04-11T06:27:53Z,,0,,,,,,
2026-04-11T07:09:26Z,2625,,14.8,29,3.67,9.5,34.2,3.11
2026-04-11T07:27:53Z,,0,,,,,,
2026-04-11T08:27:53Z,,0,,,,,,
2026-04-11T09:09:19Z,2715,,21.7,18.3,3.49,12.4,26.7,2.92
2026-04-11T09:27:53Z,,0,,,,,,
2026-04-11T10:27:53Z,,0,,,,,,
2026-04-11T11:09:36Z,3180,,23.1,16.4,3.39,9.6,27.7,2.54
2026-04-11T11:27:53Z,,0,,,,,,
2026-04-11T12:27:53Z,,0,,,,,,
2026-04-11T13:10:04Z,3000,,22.5,13.2,2.64,9.2,22.7,2.03
2026-04-11T13:27:53Z,,0,,,,,,
2026-04-11T14:27:53Z,,0,,,,,,
2026-04-11T15:09:59Z,2550,,19.7,13.3,2.26,8.2,23.5,1.97
2026-04-11T15:27:53Z,,0,,,,,,
2026-04-11T16:27:53Z,,0,,,,,,
2026-04-11T17:09:08Z,720,,13.8,16.4,1.95,7.1,29.6,2.31
2026-04-11T17:27:52Z,,0,,,,,,
2026-04-11T18:27:53Z,,0,,,,,,
2026-04-11T19:09:03Z,495,,2.9,23.9,1.41,1.9,41.1,2.27
2026-04-11T19:27:53Z,,0,,,,,,
2026-04-11T20:27:58Z,,0,,,,,,
2026-04-11T21:09:51Z,435,,-1.1,32,1.44,-0.7,49.3,2.28
2026-04-11T21:27:53Z,,0,,,,,,
2026-04-11T22:27:53Z,,0,,,,,,
2026-04-11T23:10:09Z,435,,-2.7,40.8,1.64,-2,53.7,2.27
2026-04-11T23:27:54Z,,0,,,,,,
2026-04-12T00:27:53Z,,0,,,,,,
2026-04-12T01:09:40Z,450,,-2.2,43.5,1.81,-0.4,48.7,2.3
2026-04-12T01:27:53Z,,0,,,,,,
2026-04-12T02:27:53Z,,0,,,,,,
2026-04-12T03:09:34Z,435,,-1.7,43.7,1.88,-0.2,48.2,2.31
2026-04-12T03:27:53Z,,0,,,,,,
2026-04-12T04:27:53Z,,0,,,,,,
2026-04-12T05:09:33Z,1800,,2.4,51.8,2.96,2.8,45.9,2.69
2026-04-12T05:27:53Z,,0,,,,,,
2026-04-12T06:27:53Z,,0,,,,,,
2026-04-12T07:10:21Z,2085,,16.1,30.3,4.15,11.2,37.2,3.77
2026-04-12T07:27:53Z,,0,,,,,,
2026-04-12T08:27:53Z,,0,,,,,,
2026-04-12T09:10:16Z,2025,,24.7,22,4.98,13.3,39.5,4.56
2026-04-12T09:27:53Z,,0,,,,,,
2026-04-12T10:27:53Z,,0,,,,,,
2026-04-12T11:10:33Z,2025,,23.8,22.3,4.8,9.7,47.8,4.41
2026-04-12T11:27:53Z,,0,,,,,,
2026-04-12T12:27:53Z,,0,,,,,,
2026-04-12T13:09:56Z,1875,,23.7,22,4.71,9.7,48.3,4.45
2026-04-12T13:27:53Z,,0,,,,,,
2026-04-12T14:27:53Z,,0,,,,,,
2026-04-12T15:09:11Z,1470,,20.6,22.9,4.1,9.1,47.6,4.22
2026-04-12T15:27:53Z,,0,,,,,,
2026-04-12T16:27:53Z,,0,,,,,,
2026-04-12T17:08:54Z,570,,14.3,27.2,3.34,8.1,48.5,4.03
2026-04-12T17:27:53Z,,0,,,,,,
2026-04-12T18:27:52Z,,0,,,,,,
2026-04-12T19:09:24Z,450,,4.6,38.7,2.56,4.2,58.4,3.76
2026-04-12T19:27:53Z,,0,,,,,,
2026-04-12T20:27:53Z,,0,,,,,,
2026-04-12T21:08:49Z,450,,0,52.9,2.57,1,67.1,3.49
2026-04-12T21:27:53Z,,0,,,,,,
2026-04-12T22:27:53Z,,0,,,,,,
2026-04-12T23:08:27Z,435,,-1.6,60.7,2.63,-1,74,3.35
2026-04-12T23:27:53Z,,0,,,,,,
2026-04-13T00:27:53Z,,0,,,,,,
2026-04-13T01:09:07Z,450,,-2.1,65.3,2.74,-2.1,77.7,3.26
2026-04-13T01:27:53Z,,0,,,,,,
2026-04-13T02:27:53Z,,0,,,,,,
2026-04-13T03:09:32Z,435,,-2.1,67.4,2.82,-2.5,80.6,3.28
2026-04-13T03:27:53Z,,0,,,,,,
2026-04-13T04:27:52Z,,0,,,,,,
2026-04-13T05:09:49Z,1485,,1.7,82,4.47,2.8,73.9,4.34
2026-04-13T05:27:53Z,,0,,,,,,
2026-04-13T06:27:53Z,,0,,,,,,
2026-04-13T07:09:27Z,2325,,17.3,41.5,6.11,14,43.5,5.24
2026-04-13T07:27:53Z,,0,,,,,,
2026-04-13T08:27:53Z,,0,,,,,,
2026-04-13T09:10:06Z,2265,,25.1,23,5.33,13.6,39.8,4.68
2026-04-13T09:27:53Z,,0,,,,,,
2026-04-13T10:27:53Z,,0,,,,,,
2026-04-13T11:09:59Z,2265,,25.6,23.3,5.55,11.8,46,4.84
2026-04-13T11:27:54Z,,0,,,,,,
2026-04-13T12:27:53Z,,0,,,,,,
2026-04-13T13:10:42Z,1140,,18.1,29.6,4.57,10.5,51.3,4.97
2026-04-13T13:27:52Z,,0,,,,,,
2026-04-13T14:27:53Z,,0,,,,,,
2026-04-13T15:10:45Z,840,,18.3,26.8,4.19,10,52,4.88
2026-04-13T15:27:53Z,,0,,,,,,
2026-04-13T16:27:53Z,,0,,,,,,
2026-04-13T17:10:55Z,525,,13.4,34.7,4.03,8.6,57.4,4.93
2026-04-13T17:27:53Z,,0,,,,,,
2026-04-13T18:27:53Z,,0,,,,,,
2026-04-13T19:11:25Z,450,,4.9,47.6,3.21,4.9,66.9,4.52
2026-04-13T19:27:53Z,,0,,,,,,
2026-04-13T20:27:53Z,,0,,,,,,
2026-04-13T21:11:31Z,435,,0.8,61.3,3.14,1.4,75.3,4.02
2026-04-13T21:27:53Z,,0,,,,,,
2026-04-13T22:27:53Z,,0,,,,,,
2026-04-13T23:11:45Z,450,,-0.6,65.6,3.05,-0.2,80.4,3.85
2026-04-13T23:27:53Z,,0,,,,,,
2026-04-14T00:27:53Z,,0,,,,,,
2026-04-14T01:12:22Z,435,,-1.9,70.5,3.0,-1.2,84.2,3.76
2026-04-14T01:27:53Z,,0,,,,,,
2026-04-14T02:27:53Z,,0,,,,,,
2026-04-14T03:11:49Z,435,,-1.9,75.3,3.2,-2.1,86.8,3.64
2026-04-14T03:27:53Z,,0,,,,,,
2026-04-14T04:27:53Z,,0,,,,,,
2026-04-14T05:12:10Z,1485,,2.3,87.5,4.96,3,82,4.88
2026-04-14T05:27:53Z,,0,,,,,,
2026-04-14T06:27:53Z,,0,,,,,,
2026-04-14T07:12:04Z,2640,,16.7,52.7,7.49,13.8,53.5,6.37
2026-04-14T07:27:53Z,,0,,,,,,
2026-04-14T08:27:53Z,,0,,,,,,
2026-04-14T09:11:24Z,2655,,25.9,26.5,6.42,16.9,38.4,5.52
2026-04-14T09:27:53Z,,0,,,,,,
2026-04-14T10:27:53Z,,0,,,,,,
2026-04-14T11:10:35Z,1935,,23.9,24.8,5.37,13.3,43.4,5.01
2026-04-14T11:27:53Z,,0,,,,,,
2026-04-14T12:27:53Z,,0,,,,,,
2026-04-14T13:09:45Z,1935,,24,23.6,5.14,12,44.7,4.76
2026-04-14T13:27:53Z,,0,,,,,,
2026-04-14T14:27:53Z,,0,,,,,,
2026-04-14T15:09:07Z,1785,,24.6,22.1,4.98,11.6,46.1,4.79
2026-04-14T15:27:53Z,,0,,,,,,
2026-04-14T16:27:53Z,,0,,,,,,
2026-04-14T17:09:12Z,810,,17.1,27.5,4.0,10.5,48,4.65
2026-04-14T17:27:53Z,,0,,,,,,
2026-04-14T18:27:53Z,,0,,,,,,
2026-04-14T19:09:41Z,510,,6.8,42.3,3.23,5.7,60,4.27
2026-04-14T19:27:53Z,,0,,,,,,
2026-04-14T20:27:53Z,,0,,,,,,
2026-04-14T21:09:33Z,435,,1.9,54.6,3.02,2.4,68.7,3.92
2026-04-14T21:27:53Z,,0,,,,,,
2026-04-14T22:27:53Z,,0,,,,,,
2026-04-14T23:09:19Z,435,,-0.4,62.7,2.96,0.4,73.9,3.68
2026-04-14T23:27:53Z,,0,,,,,,
2026-04-15T00:27:53Z,,0,,,,,,
2026-04-15T01:09:46Z,435,,-1.7,65.5,2.82,-1.3,76.9,3.41
2026-04-15T01:27:53Z,,0,,,,,,
2026-04-15T02:27:53Z,,0,,,,,,
2026-04-15T03:09:07Z,435,,-1.5,72.6,3.17,-1.4,80.9,3.56
2026-04-15T03:27:53Z,,0,,,,,,
2026-04-15T04:27:53Z,,0,,,,,,
2026-04-15T05:09:03Z,1380,,2.3,76.4,4.33,1.1,79.1,4.14
2026-04-15T05:27:53Z,,0,,,,,,
2026-04-15T06:27:53Z,,0,,,,,,
2026-04-15T07:08:52Z,1920,,7.9,60.3,4.95,5.1,67.1,4.59
2026-04-15T07:27:53Z,,0,,,,,,
2026-04-15T08:27:53Z,,0,,,,,,
2026-04-15T09:08:29Z,3210,,23.2,27.6,5.74,16.2,30.9,4.26
2026-04-15T09:27:53Z,,0,,,,,,
2026-04-15T10:27:53Z,,0,,,,,,
2026-04-15T11:07:45Z,2760,,28.9,15.5,4.43,15.7,27.8,3.72
2026-04-15T11:27:54Z,,0,,,,,,
2026-04-15T12:27:53Z,,0,,,,,,
2026-04-15T13:08:05Z,2280,,26.9,16.1,4.12,13,31.7,3.59
2026-04-15T13:27:53Z,,0,,,,,,
2026-04-15T14:27:53Z,,0,,,,,,
2026-04-15T15:07:44Z,1170,,23,19.8,4.07,11.2,43.4,4.4
2026-04-15T15:27:53Z,,0,,,,,,
2026-04-15T16:27:53Z,,0,,,,,,
2026-04-15T17:07:58Z,525,,16.1,27.1,3.71,9.8,50.9,4.72
2026-04-15T17:27:53Z,,0,,,,,,
2026-04-15T18:27:53Z,,0,,,,,,
2026-04-15T19:07:27Z,435,,6.6,38.5,2.91,6.4,58.9,4.39
2026-04-15T19:27:53Z,,0,,,,,,
2026-04-15T20:27:53Z,,0,,,,,,
2026-04-15T21:08:02Z,435,,2.7,54.5,3.18,3.3,69.1,4.19
2026-04-15T21:27:53Z,,0,,,,,,
2026-04-15T22:27:53Z,,0,,,,,,
2026-04-15T23:08:04Z,435,,1.9,62.2,3.43,1.9,74.1,4.09
2026-04-15T23:27:53Z,,0,,,,,,
2026-04-16T00:27:53Z,,0,,,,,,
2026-04-16T01:07:30Z,435,,1,67.6,3.51,0.9,79.2,4.09
2026-04-16T01:27:53Z,,0,,,,,,
2026-04-16T02:27:53Z,,0,,,,,,
2026-04-16T03:06:47Z,1290,,3,76.6,4.56,2,80.8,4.49
2026-04-16T03:27:53Z,,0,,,,,,
2026-04-16T04:27:53Z,,0,,,,,,
2026-04-16T05:06:21Z,1680,,6.1,71.9,5.25,3.6,80.4,4.98
2026-04-16T05:27:53Z,,0,,,,,,
2026-04-16T06:27:53Z,,0,,,,,,
2026-04-16T07:06:57Z,1680,,9,61.7,5.44,5.1,77.8,5.32
2026-04-16T07:27:53Z,,0,,,,,,
2026-04-16T08:27:53Z,,0,,,,,,
2026-04-16T09:06:58Z,1560,,9.3,65.2,5.86,6,80.7,5.86
2026-04-16T09:27:53Z,,0,,,,,,
2026-04-16T10:27:53Z,,0,,,,,,
2026-04-16T11:07:33Z,1815,,13.8,54.1,6.44,8.7,70.6,6.1
2026-04-16T11:27:53Z,,0,,,,,,
2026-04-16T12:27:53Z,,0,,,,,,
2026-04-16T13:07:07Z,1620,,18.4,40.7,6.4,11.5,61,6.3
2026-04-16T13:27:53Z,,0,,,,,,
2026-04-16T14:27:53Z,,0,,,,,,
2026-04-16T15:06:25Z,930,,14.4,45.9,5.67,10.6,65.1,6.35
2026-04-16T15:27:53Z,,0,,,,,,
2026-04-16T16:27:54Z,,0,,,,,,
2026-04-16T17:05:58Z,1305,,11.2,64.1,6.49,8.7,78.4,6.78
2026-04-16T17:27:54Z,,0,,,,,,
2026-04-16T18:27:53Z,,0,,,,,,
2026-04-16T19:06:58Z,1350,,10,62.5,5.87,8.6,71,6.1
2026-04-16T19:27:53Z,,0,,,,,,
2026-04-16T20:27:53Z,,0,,,,,,
2026-04-16T21:07:02Z,1410,,9.7,65.2,6.01,8.2,73.1,6.12
2026-04-16T21:27:53Z,,0,,,,,,
2026-04-16T22:27:53Z,,0,,,,,,
2026-04-16T23:07:28Z,1575,,9.6,67.1,6.14,8,74.3,6.14
2026-04-16T23:27:53Z,,0,,,,,,
2026-04-17T00:27:53Z,,0,,,,,,
2026-04-17T01:08:10Z,1695,,9.2,73.9,6.6,7.1,82.7,6.45
2026-04-17T01:27:53Z,,0,,,,,,
2026-04-17T02:27:53Z,,0,,,,,,
2026-04-17T03:08:03Z,1620,,8.3,72.6,6.12,6.5,80.6,6.04
2026-04-17T03:27:53Z,,0,,,,,,
2026-04-17T04:27:53Z,,0,,,,,,
2026-04-17T05:08:04Z,1785,,9.8,63.4,5.88,8.9,64.6,5.66
2026-04-17T05:27:53Z,,0,,,,,,
2026-04-17T06:27:53Z,,0,,,,,,
2026-04-17T07:07:43Z,1950,,18.9,36.6,5.93,14.9,42.9,5.47
2026-04-17T07:27:53Z,,0,,,,,,
2026-04-17T08:27:54Z,,0,,,,,,
2026-04-17T09:08:14Z,2070,,25.6,22.1,5.26,17.4,32.4,4.8
2026-04-17T09:27:53Z,,0,,,,,,
2026-04-17T10:27:53Z,,0,,,,,,
2026-04-17T11:07:41Z,2040,,27.2,17.5,4.56,14.5,33.5,4.16
2026-04-17T11:27:54Z,,0,,,,,,
2026-04-17T12:27:53Z,,0,,,,,,
2026-04-17T13:06:54Z,1695,,25.1,17.7,4.1,13.6,34,4.0
2026-04-17T13:27:53Z,,0,,,,,,
2026-04-17T14:27:53Z,,0,,,,,,
2026-04-17T15:06:36Z,1155,,22.6,19.1,3.84,13.4,35.7,4.15
2026-04-17T15:27:53Z,,0,,,,,,
2026-04-17T16:27:53Z,,0,,,,,,
2026-04-17T17:06:22Z,510,,16.8,24.3,3.47,12,40.7,4.34
2026-04-17T17:27:53Z,,0,,,,,,
2026-04-17T18:27:53Z,,0,,,,,,
2026-04-17T19:06:02Z,450,,8.7,34.3,2.97,8.6,50,4.3
2026-04-17T19:27:53Z,,0,,,,,,
2026-04-17T20:27:53Z,,0,,,,,,
2026-04-17T21:06:28Z,450,,5.9,44.2,3.19,6.6,54.6,4.12
2026-04-17T21:27:53Z,,0,,,,,,
2026-04-17T22:27:52Z,,0,,,,,,
2026-04-17T23:06:20Z,690,,4.7,51.2,3.41,5.4,58,4.05
2026-04-17T23:27:53Z,,0,,,,,,
2026-04-18T00:27:53Z,,0,,,,,,
2026-04-18T01:05:57Z,690,,4,53.1,3.38,4.1,62.3,3.99
2026-04-18T01:27:53Z,,0,,,,,,
2026-04-18T02:27:53Z,,0,,,,,,
2026-04-18T03:05:47Z,600,,1.9,58.9,3.25,1.4,69.7,3.72
2026-04-18T03:27:53Z,,0,,,,,,
2026-04-18T04:27:53Z,,0,,,,,,
2026-04-18T05:06:28Z,1965,,6,69.7,5.06,7.2,59.5,4.67
2026-04-18T05:27:53Z,,0,,,,,,
2026-04-18T06:27:52Z,,0,,,,,,
2026-04-18T07:07:23Z,1485,,21,30.5,5.59,17.6,38.1,5.71
2026-04-18T07:27:53Z,,0,,,,,,
2026-04-18T08:27:53Z,,0,,,,,,
2026-04-18T09:06:37Z,2775,,28.2,18.5,5.09,15.8,32,4.31
2026-04-18T09:27:53Z,,0,,,,,,
2026-04-18T10:27:53Z,,0,,,,,,
2026-04-18T11:07:12Z,1995,,25.2,20.6,4.8,12.1,41.5,4.45
2026-04-18T11:27:53Z,,0,,,,,,
2026-04-18T12:27:53Z,,0,,,,,,
2026-04-18T13:07:42Z,2085,,25,20.4,4.7,10.2,44.9,4.27
2026-04-18T13:27:53Z,,0,,,,,,
2026-04-18T14:27:53Z,,0,,,,,,
2026-04-18T15:07:00Z,1530,,22.4,21.3,4.23,9.5,47.1,4.29
2026-04-18T15:27:53Z,,0,,,,,,
2026-04-18T16:27:53Z,,0,,,,,,
2026-04-18T17:07:28Z,525,,13.9,29.5,3.54,7.7,54.1,4.39
2026-04-18T17:27:53Z,,0,,,,,,
2026-04-18T18:27:53Z,,0,,,,,,
2026-04-18T19:07:47Z,450,,7.2,37.5,2.94,5.6,58.2,4.11
2026-04-18T19:27:53Z,,0,,,,,,
2026-04-18T20:27:53Z,,0,,,,,,
2026-04-18T21:08:26Z,615,,6.8,44.6,3.41,5.1,59.7,4.08
2026-04-18T21:27:53Z,,0,,,,,,
2026-04-18T22:27:52Z,,0,,,,,,
2026-04-18T23:08:25Z,615,,6.3,42.1,3.12,3.9,58.7,3.71
2026-04-18T23:27:53Z,,0,,,,,,
2026-04-19T00:27:53Z,,0,,,,,,
2026-04-19T01:08:14Z,495,,1.9,49.1,2.71,1.1,64.9,3.39
2026-04-19T01:27:53Z,,0,,,,,,
2026-04-19T02:27:53Z,,0,,,,,,
2026-04-19T03:08:19Z,435,,-1.2,61.1,2.73,-1.2,71.7,3.2
2026-04-19T03:27:53Z,,0,,,,,,
2026-04-19T04:27:53Z,,0,,,,,,
2026-04-19T05:27:53Z,,0,,,,,,
2026-04-19T06:27:53Z,,0,,,,,,
2026-04-19T07:07:32Z,2640,,16.1,33.2,4.55,9.5,42.4,3.86
2026-04-19T07:27:53Z,,0,,,,,,
2026-04-19T08:27:53Z,,0,,,,,,
2026-04-19T09:08:29Z,2130,,20.4,22.1,3.91,10.2,36.9,3.51
2026-04-19T09:27:53Z,,0,,,,,,
2026-04-19T10:27:52Z,,0,,,,,,
2026-04-19T11:08:34Z,2775,,25.2,19.6,4.56,8,46.1,3.81
2026-04-19T11:27:53Z,,0,,,,,,
2026-04-19T12:27:53Z,,0,,,,,,
2026-04-19T13:08:56Z,2175,,24.3,18.8,4.16,7.6,46,3.71
2026-04-19T13:27:53Z,,0,,,,,,
2026-04-19T14:27:53Z,,0,,,,,,
2026-04-19T15:09:38Z,1365,,21.3,19.2,3.58,7.4,47,3.74
2026-04-19T15:27:53Z,,0,,,,,,
2026-04-19T16:27:53Z,,0,,,,,,
2026-04-19T17:09:02Z,615,,14.2,25.2,3.08,6.6,48.8,3.68
2026-04-19T17:27:53Z,,0,,,,,,
2026-04-19T18:27:53Z,,0,,,,,,
2026-04-19T19:09:05Z,495,,4,35.8,2.28,3.2,54.9,3.31
2026-04-19T19:27:53Z,,0,,,,,,
2026-04-19T20:27:53Z,,0,,,,,,
2026-04-19T21:09:16Z,435,,1.5,41.2,2.21,2.3,52.1,2.96
2026-04-19T21:27:53Z,,0,,,,,,
2026-04-19T22:27:53Z,,0,,,,,,
2026-04-19T23:09:39Z,435,,0,48.1,2.33,1,54.5,2.83
2026-04-19T23:27:53Z,,0,,,,,,
2026-04-20T00:27:53Z,,0,,,,,,
2026-04-20T01:09:22Z,420,,-0.9,50.8,2.31,-0.6,58.5,2.72
2026-04-20T01:27:53Z,,0,,,,,,
2026-04-20T02:27:53Z,,0,,,,,,
2026-04-20T03:09:33Z,480,,-1,54.4,2.46,-1.2,60.5,2.7
2026-04-20T03:27:53Z,,0,,,,,,
2026-04-20T04:27:53Z,,0,,,,,,
2026-04-20T05:08:44Z,2190,,4.7,56.6,3.77,4.4,50.4,3.29
2026-04-20T05:27:53Z,,0,,,,,,
2026-04-20T06:27:53Z,,0,,,,,,
2026-04-20T07:09:25Z,1740,,18,23.6,3.62,13.9,28.9,3.46
2026-04-20T07:27:54Z,,0,,,,,,
2026-04-20T08:27:53Z,,0,,,,,,
2026-04-20T09:09:49Z,1500,,24,15.8,3.44,14.3,28.6,3.51
2026-04-20T09:27:53Z,,0,,,,,,
2026-04-20T10:27:53Z,,0,,,,,,
2026-04-20T11:09:43Z,2595,,26.2,14.5,3.57,10.9,30.5,3.03
2026-04-20T11:27:53Z,,0,,,,,,
2026-04-20T12:27:53Z,,0,,,,,,
2026-04-20T13:09:58Z,1845,,24.6,14.2,3.2,11.2,30.1,3.05
2026-04-20T13:27:53Z,,0,,,,,,
2026-04-20T14:27:53Z,,0,,,,,,
2026-04-20T15:09:18Z,1080,,21.6,14.9,2.83,11.5,30.2,3.12
2026-04-20T15:27:53Z,,0,,,,,,
2026-04-20T16:27:53Z,,0,,,,,,
2026-04-20T17:09:14Z,525,,15.8,17.8,2.4,10.6,32.1,3.13
2026-04-20T17:27:53Z,,0,,,,,,
2026-04-20T18:27:53Z,,0,,,,,,
2026-04-20T19:09:29Z,450,,7.1,24.5,1.91,7.1,39.5,3.08
2026-04-20T19:27:53Z,,0,,,,,,
2026-04-20T20:27:53Z,,0,,,,,,
2026-04-20T21:10:04Z,450,,2.7,34.2,1.99,3.5,47.3,2.91
2026-04-20T21:27:53Z,,0,,,,,,
2026-04-20T22:27:53Z,,0,,,,,,
2026-04-20T23:10:33Z,435,,0.3,39.6,1.96,1.1,52,2.72
2026-04-20T23:27:53Z,,0,,,,,,
2026-04-21T00:27:53Z,,0,,,,,,
2026-04-21T01:09:51Z,420,,-0.9,49.1,2.24,0.3,55.1,2.73
2026-04-21T01:27:53Z,,0,,,,,,
2026-04-21T02:27:54Z,,0,,,,,,
2026-04-21T03:09:37Z,555,,0.4,49,2.44,0.5,55.2,2.77
2026-04-21T03:27:53Z,,0,,,,,,
2026-04-21T04:27:54Z,,0,,,,,,
2026-04-21T05:09:06Z,2160,,7.3,48.2,3.81,7.5,42.1,3.37
2026-04-21T05:27:53Z,,0,,,,,,
2026-04-21T06:27:54Z,,0,,,,,,
2026-04-21T07:09:22Z,1455,,20.4,22,3.89,17.4,26.9,3.99
2026-04-21T07:27:54Z,,0,,,,,,
2026-04-21T08:27:53Z,,0,,,,,,
2026-04-21T09:10:03Z,1680,,26.6,13.5,3.4,18.2,21.3,3.31
2026-04-21T09:27:53Z,,0,,,,,,
2026-04-21T10:27:53Z,,0,,,,,,
2026-04-21T11:10:53Z,1890,,26.7,14.3,3.62,13.5,29.1,3.4
2026-04-21T11:27:53Z,,0,,,,,,
2026-04-21T12:27:53Z,,0,,,,,,
2026-04-21T13:10:08Z,1605,,26.1,14.8,3.62,13.1,31.4,3.58
2026-04-21T13:27:53Z,,0,,,,,,
2026-04-21T14:27:53Z,,0,,,,,,
2026-04-21T15:10:28Z,1080,,22.9,15.8,3.23,13.8,29.7,3.54
2026-04-21T15:27:53Z,,0,,,,,,
2026-04-21T16:27:53Z,,0,,,,,,
2026-04-21T17:09:49Z,525,,17.6,18.6,2.79,13.2,31.1,3.57
2026-04-21T17:27:53Z,,0,,,,,,
2026-04-21T18:27:53Z,,0,,,,,,
2026-04-21T19:09:17Z,450,,7.5,26.1,2.09,8.1,40.7,3.39
2026-04-21T19:27:53Z,,0,,,,,,
2026-04-21T20:27:53Z,,0,,,,,,
2026-04-21T21:09:55Z,435,,3.3,43.2,2.62,4.2,52,3.35
2026-04-21T21:27:53Z,,0,,,,,,
2026-04-21T22:27:53Z,,0,,,,,,
2026-04-21T23:09:13Z,1125,,6.5,50.1,3.76,5.6,57.3,4.05
2026-04-21T23:27:53Z,,0,,,,,,
2026-04-22T00:27:52Z,,0,,,,,,
2026-04-22T01:09:28Z,1365,,6.5,53.4,4.0,4.9,60.6,4.09
2026-04-22T01:27:53Z,,0,,,,,,
2026-04-22T02:27:53Z,,0,,,,,,
2026-04-22T03:09:39Z,1500,,5.6,56.7,4.01,3.8,63,3.95
2026-04-22T03:27:53Z,,0,,,,,,
2026-04-22T04:27:52Z,,0,,,,,,
2026-04-22T05:08:57Z,1845,,9.2,52.7,4.7,8.2,53.2,4.45
2026-04-22T05:27:52Z,,0,,,,,,
2026-04-22T06:27:52Z,,0,,,,,,
2026-04-22T07:09:09Z,1545,,14.1,36.6,4.44,10.9,44.8,4.45
2026-04-22T07:27:53Z,,0,,,,,,
2026-04-22T08:27:53Z,,0,,,,,,
2026-04-22T09:09:18Z,1575,,13.5,40.1,4.69,9.7,50.9,4.69
2026-04-22T09:27:52Z,,0,,,,,,
2026-04-22T10:27:52Z,,0,,,,,,
2026-04-22T11:09:25Z,1395,,13.7,38.6,4.57,9.5,51.7,4.7
2026-04-22T11:27:52Z,,0,,,,,,
2026-04-22T12:27:53Z,,0,,,,,,
2026-04-22T13:08:58Z,1740,,15.9,37,5.01,9.7,52.9,4.88
2026-04-22T13:27:53Z,,0,,,,,,
2026-04-22T14:27:53Z,,0,,,,,,
2026-04-22T15:08:44Z,1260,,14.6,37.1,4.64,10.4,50.9,4.9
2026-04-22T15:27:53Z,,0,,,,,,
2026-04-22T16:27:53Z,,0,,,,,,
2026-04-22T17:08:35Z,1350,,13.2,40.5,4.65,9.6,52.5,4.81
2026-04-22T17:27:55Z,,0,,,,,,
2026-04-22T18:27:53Z,,0,,,,,,
2026-04-22T19:09:22Z,1350,,10.2,50,4.76,8,59.4,4.91
2026-04-22T19:27:53Z,,0,,,,,,
2026-04-22T20:27:54Z,,0,,,,,,
2026-04-22T21:08:52Z,1335,,8.5,39.1,3.34,7,45,3.49
2026-04-22T21:27:53Z,,0,,,,,,
2026-04-22T22:27:54Z,,0,,,,,,
2026-04-22T23:09:31Z,1080,,4.7,39.6,2.64,3,46.7,2.78
2026-04-22T23:27:54Z,,0,,,,,,
2026-04-23T00:27:53Z,,0,,,,,,
2026-04-23T01:09:12Z,1005,,2.2,44.9,2.53,0.9,50.6,2.61
2026-04-23T01:27:55Z,,0,,,,,,
2026-04-23T02:27:54Z,,0,,,,,,
2026-04-23T03:08:51Z,1020,,1.5,47.9,2.57,-0.3,54.3,2.58
2026-04-23T03:27:53Z,,0,,,,,,
2026-04-23T04:27:54Z,,0,,,,,,
2026-04-23T05:08:16Z,1815,,5.2,42.5,2.93,3.6,43.3,2.68
2026-04-23T05:27:54Z,,0,,,,,,
2026-04-23T06:27:54Z,,0,,,,,,
2026-04-23T07:07:51Z,1695,,10.1,31.5,2.98,6.9,37.5,2.89
2026-04-23T07:27:54Z,,0,,,,,,
2026-04-23T08:27:54Z,,0,,,,,,
2026-04-23T09:07:15Z,1860,,15.2,23.1,3.0,8,34.1,2.82
2026-04-23T09:27:54Z,,0,,,,,,
2026-04-23T10:27:53Z,,0,,,,,,
2026-04-23T11:07:10Z,1770,,15.5,21.9,2.89,7.8,34.2,2.79
2026-04-23T11:27:53Z,,0,,,,,,
2026-04-23T12:27:54Z,,0,,,,,,
2026-04-23T13:06:56Z,1710,,17.7,18.8,2.84,7.2,34.9,2.74
2026-04-23T13:27:53Z,,0,,,,,,
2026-04-23T14:27:54Z,,0,,,,,,
2026-04-23T15:07:12Z,1230,,15.6,21.9,2.91,8.2,36.9,3.09
2026-04-23T15:27:54Z,,0,,,,,,
2026-04-23T16:27:53Z,,0,,,,,,
2026-04-23T17:07:24Z,855,,12.2,25.6,2.76,7.9,38.5,3.16
2026-04-23T17:27:53Z,,0,,,,,,
2026-04-23T18:27:54Z,,0,,,,,,
2026-04-23T19:06:46Z,450,,6.9,32.6,2.51,5.1,47,3.22
2026-04-23T19:27:54Z,,0,,,,,,
2026-04-23T20:27:54Z,,0,,,,,,
2026-04-23T21:06:08Z,450,,3,43.8,2.61,2.4,55.5,3.17
2026-04-23T21:27:54Z,,0,,,,,,
2026-04-23T22:27:53Z,,0,,,,,,
2026-04-23T23:05:35Z,750,,2.6,51.8,3.0,1.2,62.4,3.29
2026-04-23T23:27:54Z,,0,,,,,,
2026-04-24T00:27:54Z,,0,,,,,,
2026-04-24T01:05:56Z,885,,2.9,54.6,3.23,0.8,66.5,3.41
2026-04-24T01:27:54Z,,0,,,,,,
2026-04-24T02:27:53Z,,0,,,,,,
2026-04-24T03:06:47Z,1155,,2.4,62.5,3.57,0.1,71.2,3.48
2026-04-24T03:27:54Z,,0,,,,,,
2026-04-24T04:27:53Z,,0,,,,,,
2026-04-24T05:06:51Z,1815,,6.1,62.9,4.6,3.4,69.5,4.25
2026-04-24T05:27:54Z,,0,,,,,,
2026-04-24T06:27:54Z,,0,,,,,,
2026-04-24T07:07:00Z,1950,,15.2,36.5,4.74,11.7,42.1,4.4
2026-04-24T07:27:53Z,,0,,,,,,
2026-04-24T08:27:53Z,,0,,,,,,
2026-04-24T09:06:47Z,1485,,21.3,21.2,3.95,14.7,32.1,4.04
2026-04-24T09:27:54Z,,0,,,,,,
2026-04-24T10:27:53Z,,0,,,,,,
2026-04-24T11:06:39Z,1650,,20,21,3.63,10.9,36.2,3.6
2026-04-24T11:27:53Z,,0,,,,,,
2026-04-24T12:27:54Z,,0,,,,,,
2026-04-24T13:06:03Z,1830,,19.8,19.2,3.28,10.4,32.4,3.12
2026-04-24T13:27:54Z,,0,,,,,,
2026-04-24T14:27:53Z,,0,,,,,,
2026-04-24T15:06:27Z,1260,,17.2,19.5,2.85,10,32.1,3.02
2026-04-24T15:27:54Z,,0,,,,,,
2026-04-24T16:27:53Z,,0,,,,,,
2026-04-24T17:06:57Z,990,,13.1,24.9,2.84,8.6,36.6,3.14
2026-04-24T17:27:54Z,,0,,,,,,
2026-04-24T18:27:53Z,,0,,,,,,
2026-04-24T19:06:15Z,510,,7.6,31.8,2.56,5.5,44.3,3.11
2026-04-24T19:27:53Z,,0,,,,,,
2026-04-24T20:27:54Z,,0,,,,,,
2026-04-24T21:06:43Z,510,,2,41.5,2.31,1.8,53.8,2.95
2026-04-24T21:27:53Z,,0,,,,,,
2026-04-24T22:27:53Z,,0,,,,,,
2026-04-24T23:07:20Z,855,,3.8,47.5,2.98,2.4,57.5,3.28
2026-04-24T23:27:53Z,,0,,,,,,
2026-04-25T00:27:53Z,,0,,,,,,
2026-04-25T01:07:30Z,930,,5.4,47.9,3.34,3.2,60.5,3.65
2026-04-25T01:27:54Z,,0,,,,,,
2026-04-25T02:27:53Z,,0,,,,,,
2026-04-25T03:08:11Z,1050,,6.5,49.2,3.69,4.1,62.6,4.01
2026-04-25T03:27:54Z,,0,,,,,,
2026-04-25T04:27:54Z,,0,,,,,,
2026-04-25T05:07:58Z,855,,7.3,58.8,4.65,4.5,80.3,5.28
2026-04-25T05:27:53Z,,0,,,,,,
2026-04-25T06:27:54Z,,0,,,,,,
2026-04-25T07:07:33Z,1095,,10,54.9,5.16,6,77.4,5.62
2026-04-25T07:27:54Z,,0,,,,,,
2026-04-25T08:27:53Z,,0,,,,,,
2026-04-25T09:07:31Z,2640,,19.2,38.8,6.4,10.6,55.8,5.44
2026-04-25T09:27:54Z,,0,,,,,,
2026-04-25T10:27:54Z,,0,,,,,,
2026-04-25T11:08:21Z,960,,12.4,45.4,4.96,8.6,64.7,5.56
2026-04-25T11:27:53Z,,0,,,,,,
2026-04-25T12:27:54Z,,0,,,,,,
2026-04-25T13:07:37Z,1455,,15.9,41.4,5.6,8,69.3,5.73
2026-04-25T13:27:54Z,,0,,,,,,
2026-04-25T14:27:53Z,,0,,,,,,
2026-04-25T15:27:53Z,,0,,,,,,
2026-04-25T16:27:54Z,,0,,,,,,
2026-04-25T17:08:27Z,1170,,9,43.4,3.83,4.4,62.7,4.1
2026-04-25T17:27:53Z,,0,,,,,,
2026-04-25T18:27:55Z,,0,,,,,,
2026-04-25T19:08:20Z,1140,,4.2,71.4,4.6,0.9,89.3,4.61
2026-04-25T19:27:53Z,,0,,,,,,
2026-04-25T20:27:54Z,,0,,,,,,
2026-04-25T21:07:25Z,1215,,2.8,75.8,4.45,0,88.3,4.28
2026-04-25T21:27:53Z,,0,,,,,,
2026-04-25T22:27:54Z,,0,,,,,,
2026-04-25T23:07:21Z,1230,,2.1,81,4.53,-0.7,91.8,4.24
2026-04-25T23:27:53Z,,0,,,,,,
2026-04-26T00:27:54Z,,0,,,,,,
2026-04-26T01:07:17Z,1290,,1.8,72.2,3.96,-0.6,79.6,3.7
2026-04-26T01:27:54Z,,0,,,,,,
2026-04-26T02:27:53Z,,0,,,,,,
2026-04-26T03:07:47Z,1170,,1.7,63.2,3.44,-0.8,71.9,3.3
2026-04-26T03:27:53Z,,0,,,,,,
2026-04-26T04:27:53Z,,0,,,,,,
2026-04-26T05:07:25Z,1260,,3,53.9,3.21,0.4,61.8,3.08
2026-04-26T05:27:54Z,,0,,,,,,
2026-04-26T06:27:54Z,,0,,,,,,
2026-04-26T07:06:38Z,1770,,6,41.2,2.99,3.6,45.1,2.79
2026-04-26T07:27:54Z,,0,,,,,,
2026-04-26T08:27:55Z,,0,,,,,,
2026-04-26T09:06:12Z,1800,,10.5,24.9,2.41,5.2,33.8,2.33
2026-04-26T09:27:54Z,,0,,,,,,
2026-04-26T10:27:54Z,,0,,,,,,
2026-04-26T11:06:28Z,1380,,9.7,24.3,2.24,5.1,34,2.33
2026-04-26T11:27:54Z,,0,,,,,,
2026-04-26T12:27:53Z,,0,,,,,,
2026-04-26T13:06:54Z,1665,,11.4,21.7,2.23,5.7,30.9,2.2
2026-04-26T13:27:53Z,,0,,,,,,
2026-04-26T14:27:53Z,,0,,,,,,
2026-04-26T15:06:24Z,1515,,10.5,22.3,2.16,5.8,30.6,2.19
2026-04-26T15:27:54Z,,0,,,,,,
2026-04-26T16:27:53Z,,0,,,,,,
2026-04-26T17:06:33Z,1080,,9.3,23.9,2.15,5.2,34,2.34
2026-04-26T17:27:53Z,,0,,,,,,
2026-04-26T18:27:53Z,,0,,,,,,
2026-04-26T19:06:12Z,765,,5.1,33.1,2.26,2.8,44,2.58
2026-04-26T19:27:54Z,,0,,,,,,
2026-04-26T20:27:54Z,,0,,,,,,
2026-04-26T21:05:29Z,750,,2.9,41,2.42,1,51.3,2.66
2026-04-26T21:27:53Z,,0,,,,,,
2026-04-26T22:27:54Z,,0,,,,,,
2026-04-26T23:05:28Z,870,,2,48.5,2.7,0,57.4,2.78
2026-04-26T23:27:53Z,,0,,,,,,
2026-04-27T00:27:54Z,,0,,,,,,
2026-04-27T01:04:59Z,1110,,2.6,49.8,2.88,0.3,57.8,2.86
2026-04-27T01:27:53Z,,0,,,,,,
2026-04-27T02:27:53Z,,0,,,,,,
2026-04-27T03:04:49Z,975,,1.6,55,2.98,-0.7,64.6,2.98
2026-04-27T03:27:54Z,,0,,,,,,
2026-04-27T04:27:53Z,,0,,,,,,
2026-04-27T05:04:31Z,1815,,5.4,47.9,3.34,3.8,49.5,3.11
2026-04-27T05:27:53Z,,0,,,,,,
2026-04-27T06:27:54Z,,0,,,,,,
2026-04-27T07:04:57Z,1845,,11,34.7,3.47,8.9,37.4,3.28
2026-04-27T07:27:54Z,,0,,,,,,
2026-04-27T08:27:55Z,,0,,,,,,
2026-04-27T09:05:21Z,1515,,13.6,22,2.59,9.1,29.7,2.63
2026-04-27T09:27:55Z,,0,,,,,,
2026-04-27T10:27:54Z,,0,,,,,,
2026-04-27T11:04:54Z,1785,,15.7,21.6,2.89,8.6,32.5,2.79
2026-04-27T11:27:54Z,,0,,,,,,
2026-04-27T12:27:54Z,,0,,,,,,
2026-04-27T13:04:52Z,1875,,15.4,21.6,2.84,7.6,32.9,2.65
2026-04-27T13:27:54Z,,0,,,,,,
2026-04-27T14:27:53Z,,0,,,,,,
2026-04-27T15:04:32Z,1290,,12.5,25.7,2.82,6.3,40.3,2.98
2026-04-27T15:27:54Z,,0,,,,,,
2026-04-27T16:27:54Z,,0,,,,,,
2026-04-27T17:04:21Z,1080,,9.7,36.3,3.35,4.2,55.9,3.6
2026-04-27T17:27:54Z,,0,,,,,,
2026-04-27T18:27:54Z,,0,,,,,,
2026-04-27T19:03:52Z,945,,5.3,47.7,3.31,2.6,61.7,3.57
2026-04-27T19:27:54Z,,0,,,,,,
2026-04-27T20:27:53Z,,0,,,,,,
2026-04-27T21:04:13Z,1050,,3,50.2,2.99,1.2,57.7,3.04
2026-04-27T21:27:54Z,,0,,,,,,
2026-04-27T22:27:54Z,,0,,,,,,
2026-04-27T23:04:41Z,1050,,2.5,52.9,3.04,0.4,61,3.04
2026-04-27T23:27:53Z,,0,,,,,,
2026-04-28T00:27:54Z,,0,,,,,,
2026-04-28T01:04:05Z,1035,,1.8,53.4,2.93,-0.2,60.9,2.91
2026-04-28T01:27:53Z,,0,,,,,,
2026-04-28T02:27:53Z,,0,,,,,,
2026-04-28T03:04:45Z,1050,,1.5,56.8,3.05,-0.4,64,3.02
2026-04-28T03:27:53Z,,0,,,,,,
2026-04-28T04:27:53Z,,0,,,,,,
2026-04-28T05:04:54Z,1905,,5.6,51.3,3.63,3.9,52.4,3.31
2026-04-28T05:27:54Z,,0,,,,,,
2026-04-28T06:27:54Z,,0,,,,,,
2026-04-28T07:04:49Z,1785,,10.6,33.5,3.27,7.7,38.7,3.14
2026-04-28T07:27:54Z,,0,,,,,,
2026-04-28T08:27:54Z,,0,,,,,,
2026-04-28T09:04:22Z,1860,,12.5,26.1,2.87,6.9,35.2,2.71
2026-04-28T09:27:53Z,,0,,,,,,
2026-04-28T10:27:53Z,,0,,,,,,
2026-04-28T11:04:44Z,1515,,11.5,26.5,2.74,5.5,39.3,2.76
2026-04-28T11:27:53Z,,0,,,,,,
2026-04-28T12:27:53Z,,0,,,,,,
2026-04-28T13:05:21Z,1365,,11.1,26.9,2.71,5.7,39.3,2.8
2026-04-28T13:27:54Z,,0,,,,,,
2026-04-28T14:27:54Z,,0,,,,,,
2026-04-28T15:05:48Z,1290,,11.2,26.7,2.71,5.5,40.4,2.84
2026-04-28T15:27:54Z,,0,,,,,,
2026-04-28T16:27:54Z,,0,,,,,,
2026-04-28T17:05:57Z,1110,,8.3,30.8,2.6,4.8,41.9,2.81
2026-04-28T17:27:54Z,,0,,,,,,
2026-04-28T18:27:53Z,,0,,,,,,
2026-04-28T19:05:23Z,885,,5.3,35.6,2.47,2.9,46.2,2.73
2026-04-28T19:27:54Z,,0,,,,,,
2026-04-28T20:27:53Z,,0,,,,,,
2026-04-28T21:04:42Z,885,,2.5,44.3,2.55,0.6,53.1,2.68
2026-04-28T21:27:54Z,,0,,,,,,
2026-04-28T22:27:54Z,,0,,,,,,
2026-04-28T23:05:18Z,1245,,3.9,45.7,2.89,1.5,53.3,2.86
2026-04-28T23:27:54Z,,0,,,,,,
2026-04-29T00:27:53Z,,0,,,,,,
2026-04-29T01:05:50Z,1245,,4.3,45,2.92,1.5,53.9,2.9
2026-04-29T01:27:53Z,,0,,,,,,
2026-04-29T02:27:53Z,,0,,,,,,
2026-04-29T03:05:03Z,1245,,4,46.9,2.98,1.1,55.8,2.92
2026-04-29T03:27:54Z,,0,,,,,,
2026-04-29T04:27:54Z,,0,,,,,,
2026-04-29T05:05:52Z,1650,,5.9,43.7,3.15,2.9,50.2,2.97
2026-04-29T05:27:54Z,,0,,,,,,
2026-04-29T06:27:54Z,,0,,,,,,
2026-04-29T07:05:46Z,1875,,10.6,29.7,2.9,6.5,36.2,2.71
2026-04-29T07:27:53Z,,0,,,,,,
2026-04-29T08:27:53Z,,0,,,,,,
2026-04-29T09:06:07Z,1830,,18.7,19.6,3.14,11.3,29.3,2.99
2026-04-29T09:27:54Z,,0,,,,,,
2026-04-29T10:27:54Z,,0,,,,,,
2026-04-29T11:05:20Z,2070,,19.4,17.7,2.95,7.6,33.2,2.67
2026-04-29T11:27:53Z,,0,,,,,,
2026-04-29T12:27:54Z,,0,,,,,,
2026-04-29T13:05:08Z,1680,,19.2,16.5,2.72,7.6,32.9,2.65
2026-04-29T13:27:54Z,,0,,,,,,
2026-04-29T14:27:54Z,,0,,,,,,
2026-04-29T15:04:53Z,1545,,18.7,16.1,2.58,8.6,30.4,2.61
2026-04-29T15:27:54Z,,0,,,,,,
2026-04-29T16:27:54Z,,0,,,,,,
2026-04-29T17:04:35Z,510,,13.6,18.8,2.21,8.3,32.2,2.71
2026-04-29T17:27:54Z,,0,,,,,,
2026-04-29T18:27:54Z,,0,,,,,,
2026-04-29T19:04:50Z,450,,7.2,25.8,2.03,5.1,39.5,2.7
2026-04-29T19:27:54Z,,0,,,,,,
2026-04-29T20:27:53Z,,0,,,,,,
2026-04-29T21:04:12Z,450,,3.6,32.1,1.99,2,45.9,2.55
2026-04-29T21:27:54Z,,0,,,,,,
2026-04-29T22:27:53Z,,0,,,,,,
2026-04-29T23:04:30Z,450,,1,39,2.03,-0.1,52.7,2.54
2026-04-29T23:27:53Z,,0,,,,,,
2026-04-30T00:27:53Z,,0,,,,,,
2026-04-30T01:04:54Z,660,,2.3,44.1,2.5,0.3,56.3,2.79
2026-04-30T01:27:54Z,,0,,,,,,
2026-04-30T02:27:53Z,,0,,,,,,
2026-04-30T03:04:50Z,765,,4.4,43.6,2.85,1.4,59,3.15
2026-04-30T03:27:53Z,,0,,,,,,
2026-04-30T04:27:53Z,,0,,,,,,
2026-04-30T05:04:58Z,1050,,6.9,45.8,3.53,3.1,62.6,3.75
2026-04-30T05:27:53Z,,0,,,,,,
2026-04-30T06:27:54Z,,0,,,,,,
2026-04-30T07:05:28Z,1665,,13.7,44.5,5.27,7.6,63.9,5.15
2026-04-30T07:27:53Z,,0,,,,,,
2026-04-30T08:27:54Z,,0,,,,,,
2026-04-30T09:06:18Z,2265,,17.8,48,7.28,12.1,59.6,6.39
2026-04-30T09:27:54Z,,0,,,,,,
2026-04-30T10:27:54Z,,0,,,,,,
2026-04-30T11:06:55Z,1425,,23.3,29.9,6.25,15.2,49.9,6.47
2026-04-30T11:27:54Z,,0,,,,,,
2026-04-30T12:27:54Z,,0,,,,,,
2026-04-30T13:07:15Z,1695,,25.2,29.3,6.82,15.6,50.1,6.66
2026-04-30T13:27:54Z,,0,,,,,,
2026-04-30T14:27:53Z,,0,,,,,,
2026-04-30T15:07:16Z,1110,,20.5,33.8,6.01,15.7,48.9,6.54
2026-04-30T15:27:54Z,,0,,,,,,
2026-04-30T16:27:54Z,,0,,,,,,
2026-04-30T17:06:58Z,1050,,19.1,36.8,6.03,14.9,52.8,6.73
2026-04-30T17:27:54Z,,0,,,,,,
2026-04-30T18:27:55Z,,0,,,,,,
2026-04-30T19:06:26Z,1005,,14.5,48,5.97,12.3,60.9,6.61
2026-04-30T19:27:54Z,,0,,,,,,
2026-04-30T20:27:54Z,,0,,,,,,
2026-04-30T21:06:12Z,1305,,12.6,54.2,5.99,10.8,63.8,6.3
2026-04-30T21:27:54Z,,0,,,,,,
2026-04-30T22:27:54Z,,0,,,,,,
2026-04-30T23:06:45Z,1500,,10,63.7,5.98,8.6,70.8,6.08
2026-04-30T23:27:53Z,,0,,,,,,
2026-05-01T00:27:54Z,,0,,,,,,
2026-05-01T01:07:20Z,1665,,8.2,69.4,5.81,6.7,74.9,5.69
2026-05-01T01:27:54Z,,0,,,,,,
2026-05-01T02:27:54Z,,0,,,,,,
2026-05-01T03:06:23Z,1830,,6.5,76.2,5.71,5.1,79,5.4
2026-05-01T03:27:53Z,,0,,,,,,
2026-05-01T04:27:54Z,,0,,,,,,
2026-05-01T05:05:39Z,2100,,12.8,68.6,7.68,13,61.5,6.97
2026-05-01T05:27:54Z,,0,,,,,,
2026-05-01T06:27:54Z,,0,,,,,,
2026-05-01T07:05:07Z,1575,,24.1,35.1,7.68,22.3,39.1,7.72
2026-05-01T07:27:54Z,,0,,,,,,
2026-05-01T08:27:54Z,,0,,,,,,
2026-05-01T09:05:25Z,1515,,28.2,23.6,6.49,22.6,32.9,6.61
2026-05-01T09:27:54Z,,0,,,,,,
2026-05-01T10:27:54Z,,0,,,,,,
2026-05-01T11:05:38Z,2025,,31.2,20.1,6.51,19.9,35.1,6.03
2026-05-01T11:27:54Z,,0,,,,,,
2026-05-01T12:27:54Z,,0,,,,,,
2026-05-01T13:05:01Z,1680,,31.6,17.4,5.76,19.4,34,5.67
2026-05-01T13:27:53Z,,0,,,,,,
2026-05-01T14:27:53Z,,0,,,,,,
2026-05-01T15:05:23Z,1410,,29.7,16.2,4.84,20.1,29,5.04
2026-05-01T15:27:54Z,,0,,,,,,
2026-05-01T16:27:54Z,,0,,,,,,
2026-05-01T17:06:02Z,750,,24.1,24,5.25,18.5,39.4,6.23
2026-05-01T17:27:54Z,,0,,,,,,
2026-05-01T18:27:54Z,,0,,,,,,
2026-05-01T19:06:47Z,525,,15.3,29.2,3.81,14.2,41.9,5.11
2026-05-01T19:27:54Z,,0,,,,,,
2026-05-01T20:27:54Z,,0,,,,,,
2026-05-01T21:06:57Z,450,,10.2,39.3,3.74,10,55.4,5.2
2026-05-01T21:27:54Z,,0,,,,,,
2026-05-01T22:27:54Z,,0,,,,,,
2026-05-01T23:07:13Z,450,,6,52,3.77,6.4,64.9,4.84
2026-05-01T23:27:54Z,,0,,,,,,
2026-05-02T00:27:53Z,,0,,,,,,
2026-05-02T01:08:04Z,450,,2.6,63.2,3.66,3.8,72.7,4.56
2026-05-02T01:27:54Z,,0,,,,,,
2026-05-02T02:27:53Z,,0,,,,,,
2026-05-02T03:07:58Z,555,,2.1,68.9,3.86,2.5,78.2,4.5
2026-05-02T03:27:54Z,,0,,,,,,
2026-05-02T04:27:54Z,,0,,,,,,
2026-05-02T05:07:13Z,2595,,10.6,77.1,7.52,11.1,63.5,6.39
2026-05-02T05:27:54Z,,0,,,,,,
2026-05-02T06:27:54Z,,0,,,,,,
2026-05-02T07:07:37Z,1635,,25.1,32.3,7.48,21.5,39.1,7.37
2026-05-02T07:27:54Z,,0,,,,,,
2026-05-02T08:27:54Z,,0,,,,,,
2026-05-02T09:07:33Z,1875,,35.1,19.5,7.76,25.4,31.3,7.37
2026-05-02T09:27:54Z,,0,,,,,,
2026-05-02T10:27:54Z,,0,,,,,,
2026-05-02T11:07:04Z,2085,,34.9,18,7.09,20.8,35.7,6.46
2026-05-02T11:27:54Z,,0,,,,,,
2026-05-02T12:27:55Z,,0,,,,,,
2026-05-02T13:07:40Z,1905,,32.8,17.5,6.17,18.9,35.7,5.78
2026-05-02T13:27:54Z,,0,,,,,,
2026-05-02T14:27:53Z,,0,,,,,,
2026-05-02T15:08:13Z,1575,,28.7,18.6,5.26,17.9,35,5.34
2026-05-02T15:27:54Z,,0,,,,,,
2026-05-02T16:27:54Z,,0,,,,,,
2026-05-02T17:08:20Z,690,,22.5,22.4,4.47,16.9,37.3,5.36
2026-05-02T17:27:55Z,,0,,,,,,
2026-05-02T18:27:54Z,,0,,,,,,
2026-05-02T19:07:25Z,510,,14.5,32.1,3.99,13.1,49.6,5.66
2026-05-02T19:27:54Z,,0,,,,,,
2026-05-02T20:27:54Z,,0,,,,,,
2026-05-02T21:07:18Z,450,,9.8,45.6,4.23,9,62.3,5.49
2026-05-02T21:27:53Z,,0,,,,,,
2026-05-02T22:27:54Z,,0,,,,,,
2026-05-02T23:07:11Z,435,,7.7,55.5,4.5,6.8,72.1,5.51
2026-05-02T23:27:53Z,,0,,,,,,
2026-05-03T00:27:54Z,,0,,,,,,
2026-05-03T01:06:53Z,735,,6.5,62.4,4.68,5.7,77.3,5.5
2026-05-03T01:27:54Z,,0,,,,,,
2026-05-03T02:27:54Z,,0,,,,,,
2026-05-03T03:07:27Z,855,,5.9,65,4.69,4.5,80.5,5.29
2026-05-03T03:27:53Z,,0,,,,,,
2026-05-03T04:27:54Z,,0,,,,,,
2026-05-03T05:07:53Z,1815,,11.3,66.7,6.8,9.4,71.4,6.46
2026-05-03T05:27:53Z,,0,,,,,,
2026-05-03T06:27:55Z,,0,,,,,,
2026-05-03T07:08:13Z,1335,,13.9,55.4,6.64,11.2,68.4,6.93
2026-05-03T07:27:54Z,,0,,,,,,
2026-05-03T08:27:54Z,,0,,,,,,
2026-05-03T09:08:18Z,1680,,19,45.4,7.4,13.9,60.3,7.23
2026-05-03T09:27:54Z,,0,,,,,,
2026-05-03T10:27:54Z,,0,,,,,,
2026-05-03T11:07:32Z,1320,,24.4,30.8,6.86,16.7,50.6,7.19
2026-05-03T11:27:54Z,,0,,,,,,
2026-05-03T12:27:54Z,,0,,,,,,
2026-05-03T13:08:18Z,1410,,27,26.1,6.72,16.9,48.2,6.93
2026-05-03T13:27:54Z,,0,,,,,,
2026-05-03T14:27:54Z,,0,,,,,,
2026-05-03T15:08:32Z,990,,23,29.5,6.06,16.8,47.3,6.76
2026-05-03T15:27:54Z,,0,,,,,,
2026-05-03T16:27:54Z,,0,,,,,,
2026-05-03T17:07:50Z,810,,18.3,36.3,5.67,15.1,50.9,6.56
2026-05-03T17:27:54Z,,0,,,,,,
2026-05-03T18:27:54Z,,0,,,,,,
2026-05-03T19:07:29Z,915,,14.9,45.8,5.83,13.1,57.5,6.56
2026-05-03T19:27:54Z,,0,,,,,,
2026-05-03T20:27:54Z,,0,,,,,,
2026-05-03T21:07:57Z,1170,,13.3,53.8,6.21,11.7,63.8,6.67
2026-05-03T21:27:54Z,,0,,,,,,
2026-05-03T22:27:54Z,,0,,,,,,
2026-05-03T23:07:18Z,1380,,12.6,50.3,5.56,10.7,58.6,5.75
2026-05-03T23:27:54Z,,0,,,,,,
2026-05-04T00:27:54Z,,0,,,,,,
2026-05-04T01:06:43Z,1260,,11.4,44.2,4.54,9.1,53.8,4.77
2026-05-04T01:27:54Z,,0,,,,,,
2026-05-04T02:27:53Z,,0,,,,,,
2026-05-04T03:06:59Z,1095,,8.7,46.9,4.06,7.2,56,4.4
2026-05-04T03:27:53Z,,0,,,,,,
2026-05-04T04:27:53Z,,0,,,,,,
2026-05-04T05:07:14Z,2010,,14.2,44.5,5.43,12.5,45.2,4.97
2026-05-04T05:27:53Z,,0,,,,,,
2026-05-04T06:27:53Z,,0,,,,,,
2026-05-04T07:06:41Z,1770,,23,27.4,5.63,16.6,38.5,5.44
2026-05-04T07:27:54Z,,0,,,,,,
2026-05-04T08:27:54Z,,0,,,,,,
2026-05-04T09:06:22Z,645,,18.2,31.4,4.88,13.7,49.4,5.85
2026-05-04T09:27:55Z,,0,,,,,,
2026-05-04T10:27:55Z,,0,,,,,,
2026-05-04T11:07:00Z,900,,14.5,49.2,6.12,10.7,70.1,6.88
2026-05-04T11:27:54Z,,0,,,,,,
2026-05-04T12:27:54Z,,0,,,,,,
2026-05-04T13:07:33Z,1815,,17.3,54.4,8.01,11.3,75.6,7.71
2026-05-04T13:27:54Z,,0,,,,,,
2026-05-04T14:27:54Z,,0,,,,,,
2026-05-04T15:08:15Z,1470,,20.7,40.1,7.22,11.5,72,7.43
2026-05-04T15:27:54Z,,0,,,,,,
2026-05-04T16:27:54Z,,0,,,,,,
2026-05-04T17:08:03Z,1140,,16.5,49.1,6.89,10.8,75.3,7.44
2026-05-04T17:27:54Z,,0,,,,,,
2026-05-04T18:27:54Z,,0,,,,,,
2026-05-04T19:08:12Z,885,,12.2,57.4,6.19,9.1,79.5,7.05
2026-05-04T19:27:54Z,,0,,,,,,
2026-05-04T20:27:54Z,,0,,,,,,
2026-05-04T21:08:00Z,765,,9.9,61.3,5.72,7.3,84.1,6.64
2026-05-04T21:27:54Z,,0,,,,,,
2026-05-04T22:27:54Z,,0,,,,,,
2026-05-04T23:08:30Z,1065,,9.6,67.1,6.14,6.4,90.4,6.74
2026-05-04T23:27:53Z,,0,,,,,,
2026-05-05T00:27:54Z,,0,,,,,,
2026-05-05T01:09:17Z,1245,,8.9,70,6.13,5.7,90.4,6.43
2026-05-05T01:27:54Z,,0,,,,,,
2026-05-05T02:27:54Z,,0,,,,,,
2026-05-05T03:09:58Z,1545,,8,75.4,6.23,4.8,93.4,6.26
2026-05-05T03:27:54Z,,0,,,,,,
2026-05-05T04:27:54Z,,0,,,,,,
2026-05-05T05:09:48Z,2130,,11.5,70.3,7.26,8.3,77.4,6.52
2026-05-05T05:27:54Z,,0,,,,,,
2026-05-05T06:27:54Z,,0,,,,,,
2026-05-05T07:10:02Z,2370,,21.6,37.5,7.11,15.7,45.6,6.1
2026-05-05T07:27:54Z,,0,,,,,,
2026-05-05T08:27:54Z,,0,,,,,,
2026-05-05T09:09:14Z,1335,,22.1,28.2,5.5,16.4,41.4,5.78
2026-05-05T09:27:54Z,,0,,,,,,
2026-05-05T10:27:54Z,,0,,,,,,
2026-05-05T11:08:56Z,1695,,20.8,24.1,4.36,12.4,39,4.26
2026-05-05T11:27:54Z,,0,,,,,,
2026-05-05T12:27:55Z,,0,,,,,,
2026-05-05T13:08:21Z,1515,,21.3,20.7,3.86,11.4,38.3,3.93
2026-05-05T13:27:55Z,,0,,,,,,
2026-05-05T14:27:54Z,,0,,,,,,
2026-05-05T15:07:43Z,1695,,21.4,19,3.56,10.5,36.2,3.51
2026-05-05T15:27:54Z,,0,,,,,,
2026-05-05T16:27:54Z,,0,,,,,,
2026-05-05T17:07:30Z,765,,14.6,23.4,2.93,8.3,40.8,3.44
2026-05-05T17:27:54Z,,0,,,,,,
2026-05-05T18:27:54Z,,0,,,,,,
2026-05-05T19:07:48Z,450,,8,31.9,2.64,5.3,47.7,3.31
2026-05-05T19:27:54Z,,0,,,,,,
2026-05-05T20:27:54Z,,0,,,,,,
2026-05-05T21:07:46Z,450,,3.2,40.6,2.45,2.1,57.2,3.2
2026-05-05T21:27:54Z,,0,,,,,,
2026-05-05T22:27:53Z,,0,,,,,,
2026-05-05T23:08:06Z,435,,1.1,50.2,2.63,-0.2,66.5,3.18
2026-05-05T23:27:54Z,,0,,,,,,
2026-05-06T00:27:53Z,,0,,,,,,
2026-05-06T01:08:26Z,435,,-0.2,56.5,2.7,-1.8,72.7,3.11
2026-05-06T01:27:54Z,,0,,,,,,
2026-05-06T02:27:53Z,,0,,,,,,
2026-05-06T03:08:14Z,435,,-1.4,63.7,2.8,-2.1,77.9,3.26
2026-05-06T03:27:53Z,,0,,,,,,
2026-05-06T04:27:54Z,,0,,,,,,
2026-05-06T05:08:17Z,2610,,7,70.9,5.49,7.9,56.5,4.64
2026-05-06T05:27:54Z,,0,,,,,,
2026-05-06T06:27:54Z,,0,,,,,,
2026-05-06T07:07:23Z,1455,,17.3,29.1,4.29,14.7,34.7,4.37
2026-05-06T07:27:54Z,,0,,,,,,
2026-05-06T08:27:54Z,,0,,,,,,
2026-05-06T09:08:10Z,1410,,18.8,22.5,3.62,13.5,31.9,3.73
2026-05-06T09:27:54Z,,0,,,,,,
2026-05-06T10:27:54Z,,0,,,,,,
2026-05-06T11:08:41Z,2805,,27.8,13.9,3.74,12.8,27.9,3.12
2026-05-06T11:27:55Z,,0,,,,,,
2026-05-06T12:27:54Z,,0,,,,,,
2026-05-06T13:08:35Z,2235,,26.4,15.9,3.96,11.7,33.6,3.51
2026-05-06T13:27:55Z,,0,,,,,,
2026-05-06T14:27:54Z,,0,,,,,,
2026-05-06T15:09:14Z,825,,17.8,19.8,3.0,10.2,36.6,3.48
2026-05-06T15:27:54Z,,0,,,,,,
2026-05-06T16:27:54Z,,0,,,,,,
2026-05-06T17:09:20Z,705,,15.3,23,3.0,9.2,40.1,3.58
2026-05-06T17:27:54Z,,0,,,,,,
2026-05-06T18:27:54Z,,0,,,,,,
2026-05-06T19:09:36Z,465,,8.2,31.7,2.65,6.1,50.1,3.66
2026-05-06T19:27:54Z,,0,,,,,,
2026-05-06T20:27:54Z,,0,,,,,,
2026-05-06T21:10:13Z,450,,1.3,45.4,2.41,2.1,60.2,3.37
2026-05-06T21:27:54Z,,0,,,,,,
2026-05-06T22:27:54Z,,0,,,,,,
2026-05-06T23:10:47Z,555,,1.2,48.1,2.53,1.6,54.1,2.93
2026-05-06T23:27:54Z,,0,,,,,,
2026-05-07T00:27:53Z,,0,,,,,,
2026-05-07T01:11:27Z,495,,-0.7,48.2,2.23,0,55.1,2.67
2026-05-07T01:27:54Z,,0,,,,,,
2026-05-07T02:27:54Z,,0,,,,,,
2026-05-07T03:12:07Z,885,,-1,58.3,2.64,0.4,55.2,2.75
2026-05-07T03:27:54Z,,0,,,,,,
2026-05-07T04:27:54Z,,0,,,,,,
2026-05-07T05:12:14Z,2760,,8.8,47.9,4.17,7,43.8,3.39
2026-05-07T05:27:54Z,,0,,,,,,
2026-05-07T06:27:54Z,,0,,,,,,
2026-05-07T07:11:24Z,1575,,22.9,21.1,4.31,18.5,27.2,4.3
2026-05-07T07:27:54Z,,0,,,,,,
2026-05-07T08:27:55Z,,0,,,,,,
2026-05-07T09:11:08Z,2310,,32.7,12.6,4.42,19.9,22.6,3.88
2026-05-07T09:27:55Z,,0,,,,,,
2026-05-07T10:27:54Z,,0,,,,,,
2026-05-07T11:11:51Z,3000,,32.8,11.5,4.06,13.9,26.1,3.13
2026-05-07T11:27:54Z,,0,,,,,,
2026-05-07T12:27:54Z,,0,,,,,,
2026-05-07T13:12:42Z,2040,,27.2,11.7,3.05,12,26.3,2.8
2026-05-07T13:27:54Z,,0,,,,,,
2026-05-07T14:27:54Z,,0,,,,,,
2026-05-07T15:13:26Z,1575,,23.7,12.4,2.65,11.1,26.4,2.66
2026-05-07T15:27:55Z,,0,,,,,,
2026-05-07T16:27:54Z,,0,,,,,,
2026-05-07T17:13:33Z,870,,17.4,16.1,2.39,10,29.2,2.74
2026-05-07T17:27:54Z,,0,,,,,,
2026-05-07T18:27:54Z,,0,,,,,,
2026-05-07T19:13:09Z,450,,9.3,22.5,2.02,6.8,36.6,2.8
2026-05-07T19:27:54Z,,0,,,,,,
2026-05-07T20:27:54Z,,0,,,,,,
2026-05-07T21:13:47Z,435,,5.3,32.9,2.28,5.1,41.7,2.85
2026-05-07T21:27:54Z,,0,,,,,,
2026-05-07T22:27:53Z,,0,,,,,,
2026-05-07T23:13:16Z,690,,4.8,38.9,2.61,4.1,48,3.07
2026-05-07T23:27:54Z,,0,,,,,,
2026-05-08T00:27:53Z,,0,,,,,,
2026-05-08T01:12:52Z,750,,3.7,43.9,2.74,2.7,52.8,3.08
2026-05-08T01:27:54Z,,0,,,,,,
2026-05-08T02:27:54Z,,0,,,,,,
2026-05-08T03:13:20Z,1065,,2.5,54.5,3.13,2.5,57,3.28
2026-05-08T03:27:54Z,,0,,,,,,
2026-05-08T04:27:54Z,,0,,,,,,
2026-05-08T05:13:45Z,1845,,11.2,41.8,4.24,9.5,43.9,3.99
2026-05-08T05:27:54Z,,0,,,,,,
2026-05-08T06:27:54Z,,0,,,,,,
2026-05-08T07:13:13Z,1725,,19.6,23.2,3.92,14.8,30.2,3.82
2026-05-08T07:27:55Z,,0,,,,,,
2026-05-08T08:27:54Z,,0,,,,,,
2026-05-08T09:13:33Z,2055,,26.2,15.7,3.87,15.9,26,3.52
2026-05-08T09:27:54Z,,0,,,,,,
2026-05-08T10:27:54Z,,0,,,,,,
2026-05-08T11:13:47Z,2010,,26.8,12.2,3.11,13,25.3,2.87
2026-05-08T11:27:54Z,,0,,,,,,
2026-05-08T12:27:54Z,,0,,,,,,
2026-05-08T13:13:01Z,1635,,27.1,10.4,2.69,13.2,23,2.64
2026-05-08T13:27:54Z,,0,,,,,,
2026-05-08T14:27:54Z,,0,,,,,,
2026-05-08T15:12:22Z,1575,,27.1,11.4,2.95,13.4,25.5,2.96
2026-05-08T15:27:54Z,,0,,,,,,
2026-05-08T16:27:54Z,,0,,,,,,
2026-05-08T17:12:59Z,630,,20.4,14.8,2.62,11.8,29.9,3.15
2026-05-08T17:27:54Z,,0,,,,,,
2026-05-08T18:27:54Z,,0,,,,,,
2026-05-08T19:12:50Z,510,,10.6,23.1,2.25,8.2,39.1,3.27
2026-05-08T19:27:54Z,,0,,,,,,
2026-05-08T20:27:54Z,,0,,,,,,
2026-05-08T21:12:22Z,435,,3.1,35.1,2.1,3.9,49.1,3.1
2026-05-08T21:27:54Z,,0,,,,,,
2026-05-08T22:27:54Z,,0,,,,,,
2026-05-08T23:12:45Z,435,,0.4,45,2.24,1.4,57.5,3.07
2026-05-08T23:27:54Z,,0,,,,,,
2026-05-09T00:27:53Z,,0,,,,,,
2026-05-09T01:13:07Z,435,,-1.1,53.8,2.42,-0.4,64.6,3.05
2026-05-09T01:27:54Z,,0,,,,,,
2026-05-09T02:27:53Z,,0,,,,,,
2026-05-09T03:13:58Z,555,,-0.2,61.6,2.95,0.1,67.4,3.29
2026-05-09T03:27:54Z,,0,,,,,,
2026-05-09T04:27:54Z,,0,,,,,,
2026-05-09T05:13:59Z,2760,,9.8,58,5.38,9,50.1,4.42
2026-05-09T05:27:54Z,,0,,,,,,
2026-05-09T06:27:54Z,,0,,,,,,
2026-05-09T07:14:20Z,2100,,20.8,21.8,3.95,13.2,31.1,3.57
2026-05-09T07:27:55Z,,0,,,,,,
2026-05-09T08:27:54Z,,0,,,,,,
2026-05-09T09:15:02Z,2685,,27.2,14.5,3.78,14.1,26.3,3.19
2026-05-09T09:27:54Z,,0,,,,,,
2026-05-09T10:27:54Z,,0,,,,,,
2026-05-09T11:15:09Z,2625,,27.8,12.4,3.34,12.8,25.8,2.89
2026-05-09T11:27:55Z,,0,,,,,,
2026-05-09T12:27:53Z,,0,,,,,,
2026-05-09T13:15:16Z,1980,,26.8,11.7,2.98,12.1,25.9,2.78
2026-05-09T13:27:54Z,,0,,,,,,
2026-05-09T14:27:54Z,,0,,,,,,
2026-05-09T15:15:48Z,1560,,24.7,13.8,3.12,12,29.2,3.11
2026-05-09T15:27:54Z,,0,,,,,,
2026-05-09T16:27:54Z,,0,,,,,,
2026-05-09T17:16:22Z,915,,18.9,16.7,2.7,11.2,30.4,3.08
2026-05-09T17:27:55Z,,0,,,,,,
2026-05-09T18:27:54Z,,0,,,,,,
2026-05-09T19:15:37Z,510,,12.1,20.1,2.15,9.4,32.9,2.97
2026-05-09T19:27:54Z,,0,,,,,,
2026-05-09T20:27:54Z,,0,,,,,,
2026-05-09T21:15:28Z,450,,6.1,25,1.83,6.9,36.2,2.79
2026-05-09T21:27:54Z,,0,,,,,,
2026-05-09T22:27:54Z,,0,,,,,,
2026-05-09T23:16:03Z,420,,1.2,36.9,1.94,3,46,2.74
2026-05-09T23:27:53Z,,0,,,,,,
2026-05-10T00:27:54Z,,0,,,,,,
2026-05-10T01:15:49Z,435,,-0.3,46.5,2.21,1.5,53.7,2.89
2026-05-10T01:27:53Z,,0,,,,,,
2026-05-10T02:27:54Z,,0,,,,,,
2026-05-10T03:15:04Z,495,,-0.1,58.1,2.8,1.6,60.1,3.25
2026-05-10T03:27:54Z,,0,,,,,,
2026-05-10T04:27:54Z,,0,,,,,,
2026-05-10T05:15:52Z,2790,,12.1,57,6.11,10.6,51.5,5.02
2026-05-10T05:27:53Z,,0,,,,,,
2026-05-10T06:27:54Z,,0,,,,,,
2026-05-10T07:15:52Z,2040,,25.2,22.9,5.33,18,31.9,4.9
2026-05-10T07:27:54Z,,0,,,,,,
2026-05-10T08:27:53Z,,0,,,,,,
2026-05-10T09:15:54Z,2145,,31.6,16,5.29,16.2,34.5,4.76
2026-05-10T09:27:55Z,,0,,,,,,
2026-05-10T10:27:54Z,,0,,,,,,
2026-05-10T11:15:04Z,2130,,31,14.6,4.68,13.8,35.4,4.22
2026-05-10T11:27:54Z,,0,,,,,,
2026-05-10T12:27:55Z,,0,,,,,,
2026-05-10T13:15:49Z,1485,,26.2,17.1,4.21,13,38.5,4.36
2026-05-10T13:27:54Z,,0,,,,,,
2026-05-10T14:27:54Z,,0,,,,,,
2026-05-10T15:16:22Z,780,,21,22,4.03,12.2,43.7,4.71
2026-05-10T15:27:54Z,,0,,,,,,
2026-05-10T16:27:54Z,,0,,,,,,
2026-05-10T17:17:06Z,525,,15.8,27.4,3.69,11.1,48.6,4.89
2026-05-10T17:27:55Z,,0,,,,,,
2026-05-10T18:27:54Z,,0,,,,,,
2026-05-10T19:17:28Z,465,,12.7,34.9,3.88,9.9,55.9,5.22
2026-05-10T19:27:55Z,,0,,,,,,
2026-05-10T20:27:54Z,,0,,,,,,
2026-05-10T21:17:23Z,465,,10.9,44.1,4.38,9.3,62.2,5.59
2026-05-10T21:27:54Z,,0,,,,,,
2026-05-10T22:27:54Z,,0,,,,,,
2026-05-10T23:17:43Z,615,,10.2,49.2,4.68,8.6,65.1,5.59
2026-05-10T23:27:54Z,,0,,,,,,
2026-05-11T00:27:54Z,,0,,,,,,
2026-05-11T01:17:50Z,795,,9.7,52,4.79,8.3,65.9,5.55
2026-05-11T01:27:53Z,,0,,,,,,
2026-05-11T02:27:54Z,,0,,,,,,
2026-05-11T03:17:52Z,795,,6.7,61.5,4.67,6.7,71.1,5.4
2026-05-11T03:27:54Z,,0,,,,,,
2026-05-11T04:27:54Z,,0,,,,,,
2026-05-11T05:17:59Z,1920,,15.5,46.5,6.14,11.6,55.3,5.75
2026-05-11T05:27:54Z,,0,,,,,,
2026-05-11T06:27:54Z,,0,,,,,,
2026-05-11T07:17:50Z,1410,,17.8,36.3,5.51,10.9,57.3,5.7
2026-05-11T07:27:54Z,,0,,,,,,
2026-05-11T08:27:54Z,,0,,,,,,
2026-05-11T09:17:33Z,2355,,29.2,20.1,5.84,15,39.4,5.05
2026-05-11T09:27:54Z,,0,,,,,,
2026-05-11T10:27:55Z,,0,,,,,,
2026-05-11T11:17:34Z,1230,,23.8,24.5,5.27,14.3,46.4,5.7
2026-05-11T11:27:54Z,,0,,,,,,
2026-05-11T12:27:55Z,,0,,,,,,
2026-05-11T13:17:17Z,1605,,23.9,25.7,5.56,13.6,47,5.53
2026-05-11T13:27:54Z,,0,,,,,,
2026-05-11T14:27:54Z,,0,,,,,,
2026-05-11T15:17:04Z,510,,19.7,29.4,4.99,12,57.1,6.08
2026-05-11T15:27:54Z,,0,,,,,,
2026-05-11T16:27:54Z,,0,,,,,,
2026-05-11T17:17:38Z,525,,16,35.1,4.78,11.7,57.1,5.97
2026-05-11T17:27:54Z,,0,,,,,,
2026-05-11T18:27:54Z,,0,,,,,,
2026-05-11T19:16:51Z,465,,13.1,42.6,4.86,10.7,61.9,6.08
2026-05-11T19:27:54Z,,0,,,,,,
2026-05-11T20:27:54Z,,0,,,,,,
2026-05-11T21:16:08Z,510,,11.5,50.1,5.17,10.1,66.4,6.28
2026-05-11T21:27:54Z,,0,,,,,,
2026-05-11T22:27:54Z,,0,,,,,,
2026-05-11T23:15:26Z,465,,9.2,58.7,5.24,9.8,69.9,6.48
2026-05-11T23:27:54Z,,0,,,,,,
2026-05-12T00:27:55Z,,0,,,,,,
2026-05-12T01:16:03Z,810,,9.4,60.7,5.49,9.6,68.9,6.31
2026-05-12T01:27:55Z,,0,,,,,,
2026-05-12T02:27:54Z,,0,,,,,,
2026-05-12T03:15:23Z,1050,,9.5,63.6,5.79,9.2,70.5,6.29
2026-05-12T03:27:54Z,,0,,,,,,
2026-05-12T04:27:54Z,,0,,,,,,
2026-05-12T05:16:04Z,1590,,13.6,53.8,6.33,9.8,68.2,6.33
2026-05-12T05:27:54Z,,0,,,,,,
2026-05-12T06:27:54Z,,0,,,,,,
2026-05-12T07:15:57Z,1425,,17.5,42.4,6.32,11,64.8,6.48
2026-05-12T07:27:55Z,,0,,,,,,
2026-05-12T08:27:54Z,,0,,,,,,
2026-05-12T09:15:25Z,1245,,17.7,42,6.33,11.4,65.3,6.7
2026-05-12T09:27:55Z,,0,,,,,,
2026-05-12T10:27:55Z,,0,,,,,,
2026-05-12T11:14:44Z,1110,,14.9,55.9,7.12,10.7,79.2,7.78
2026-05-12T11:27:54Z,,0,,,,,,
2026-05-12T12:27:54Z,,0,,,,,,
2026-05-12T13:14:07Z,1590,,18.8,47.1,7.58,13.2,65.7,7.54
2026-05-12T13:27:54Z,,0,,,,,,
2026-05-12T14:27:54Z,,0,,,,,,
2026-05-12T15:14:11Z,1620,,19.8,45.1,7.7,14.2,62.7,7.65
2026-05-12T15:27:54Z,,0,,,,,,
2026-05-12T16:27:54Z,,0,,,,,,
2026-05-12T17:13:53Z,1290,,17.6,48.2,7.23,14.1,63,7.64
2026-05-12T17:27:54Z,,0,,,,,,
2026-05-12T18:27:54Z,,0,,,,,,
2026-05-12T19:14:39Z,1230,,14.7,56.3,7.09,12.8,67.2,7.52
2026-05-12T19:27:54Z,,0,,,,,,
2026-05-12T20:27:54Z,,0,,,,,,
2026-05-12T21:15:20Z,1365,,13,63.8,7.23,11.7,71.6,7.49
2026-05-12T21:27:55Z,,0,,,,,,
2026-05-12T22:27:54Z,,0,,,,,,
2026-05-12T23:15:32Z,1545,,11.9,70.4,7.45,11.1,74.2,7.47
2026-05-12T23:27:54Z,,0,,,,,,
2026-05-13T00:27:54Z,,0,,,,,,
2026-05-13T01:16:04Z,1755,,12.3,70.1,7.61,10.9,73.8,7.34
2026-05-13T01:27:55Z,,0,,,,,,
2026-05-13T02:27:55Z,,0,,,,,,
2026-05-13T03:15:27Z,1830,,12.3,69.4,7.53,10,76.7,7.2
2026-05-13T03:27:54Z,,0,,,,,,
2026-05-13T04:27:54Z,,0,,,,,,
2026-05-13T05:14:39Z,2115,,15.1,66.7,8.6,11.2,76.9,7.79
2026-05-13T05:27:54Z,,0,,,,,,
2026-05-13T06:27:55Z,,0,,,,,,
2026-05-13T07:13:52Z,1740,,18,58.2,8.94,12.6,78.2,8.65
2026-05-13T07:27:54Z,,0,,,,,,
2026-05-13T08:27:54Z,,0,,,,,,
2026-05-13T09:14:07Z,1815,,20.7,53.7,9.67,14.3,75.2,9.24
2026-05-13T09:27:55Z,,0,,,,,,
2026-05-13T10:27:54Z,,0,,,,,,
2026-05-13T11:14:57Z,2085,,32.5,28.8,10.0,17.2,62.2,9.11
2026-05-13T11:27:54Z,,0,,,,,,
2026-05-13T12:27:55Z,,0,,,,,,
2026-05-13T13:15:18Z,1260,,25.9,34,8.23,16.2,63.9,8.81
2026-05-13T13:27:54Z,,0,,,,,,
2026-05-13T14:27:54Z,,0,,,,,,
2026-05-13T15:15:33Z,750,,19.8,44.9,7.67,14.6,72,9.01
2026-05-13T15:27:54Z,,0,,,,,,
2026-05-13T16:27:55Z,,0,,,,,,
2026-05-13T17:14:50Z,525,,16.6,54.4,7.68,13.4,80.6,9.37
2026-05-13T17:27:54Z,,0,,,,,,
2026-05-13T18:27:54Z,,0,,,,,,
2026-05-13T19:14:51Z,780,,14.4,68.5,8.46,12.7,88.6,9.86
2026-05-13T19:27:54Z,,0,,,,,,
2026-05-13T20:27:54Z,,0,,,,,,
2026-05-13T21:14:34Z,1035,,13.8,69.9,8.32,10.8,93,9.19
2026-05-13T21:27:54Z,,0,,,,,,
2026-05-13T22:27:54Z,,0,,,,,,
2026-05-13T23:15:09Z,1185,,11,70,7.0,7.2,95.1,7.46
2026-05-13T23:27:54Z,,0,,,,,,
2026-05-14T00:27:54Z,,0,,,,,,
2026-05-14T01:15:07Z,1260,,9.6,73,6.69,6.2,96,7.06
2026-05-14T01:27:55Z,,0,,,,,,
2026-05-14T02:27:54Z,,0,,,,,,
2026-05-14T03:14:34Z,1410,,9.2,77.2,6.89,6.3,95.4,7.06
2026-05-14T03:27:54Z,,0,,,,,,
2026-05-14T04:27:54Z,,0,,,,,,
2026-05-14T05:14:36Z,1800,,10.5,74.1,7.18,7,89,6.9
2026-05-14T05:27:54Z,,0,,,,,,
2026-05-14T06:27:54Z,,0,,,,,,
2026-05-14T07:14:07Z,1725,,12.2,64.1,6.91,7.3,85.3,6.74
2026-05-14T07:27:54Z,,0,,,,,,
2026-05-14T08:27:54Z,,0,,,,,,
2026-05-14T09:14:52Z,2310,,18.4,45.8,7.2,10.6,64.2,6.26
2026-05-14T09:27:54Z,,0,,,,,,
2026-05-14T10:27:55Z,,0,,,,,,
2026-05-14T11:14:55Z,1875,,23.6,31.9,6.79,11.4,62.2,6.38
2026-05-14T11:27:54Z,,0,,,,,,
2026-05-14T12:27:54Z,,0,,,,,,
2026-05-14T13:15:21Z,2280,,26.6,28.6,7.2,12.1,59.1,6.34
2026-05-14T13:27:54Z,,0,,,,,,
2026-05-14T14:27:54Z,,0,,,,,,
2026-05-14T15:14:37Z,1980,,26.3,27.3,6.76,11.6,60.8,6.32
2026-05-14T15:27:54Z,,0,,,,,,
2026-05-14T16:27:54Z,,0,,,,,,
2026-05-14T17:14:01Z,1245,,20.8,32.9,5.96,10.3,66.4,6.36
2026-05-14T17:27:54Z,,0,,,,,,
2026-05-14T18:27:55Z,,0,,,,,,
2026-05-14T19:14:46Z,630,,12.4,47,5.13,8.9,70.6,6.18
2026-05-14T19:27:54Z,,0,,,,,,
2026-05-14T20:27:54Z,,0,,,,,,
2026-05-14T21:15:17Z,510,,8.2,58.1,4.86,7.6,76,6.12
2026-05-14T21:27:54Z,,0,,,,,,
2026-05-14T22:27:54Z,,0,,,,,,
2026-05-14T23:14:51Z,450,,6,66,4.79,6.3,80.3,5.94
2026-05-14T23:27:53Z,,0,,,,,,
2026-05-15T00:27:54Z,,0,,,,,,
2026-05-15T01:15:32Z,450,,5.8,71.7,5.14,6.5,83.9,6.29
2026-05-15T01:27:54Z,,0,,,,,,
2026-05-15T02:27:54Z,,0,,,,,,
2026-05-15T03:15:33Z,930,,6.4,76.9,5.73,6.9,83.4,6.42
2026-05-15T03:27:54Z,,0,,,,,,
2026-05-15T04:27:54Z,,0,,,,,,
2026-05-15T05:16:21Z,2715,,15,68.1,8.73,12.7,65.2,7.25
2026-05-15T05:27:55Z,,0,,,,,,
2026-05-15T06:27:55Z,,0,,,,,,
2026-05-15T07:15:50Z,2010,,23.5,36.2,7.66,15.5,53.7,7.1
2026-05-15T07:27:54Z,,0,,,,,,
2026-05-15T08:27:54Z,,0,,,,,,
2026-05-15T09:16:19Z,2670,,28.2,24.9,6.85,15.7,43.5,5.82
2026-05-15T09:27:54Z,,0,,,,,,
2026-05-15T10:27:55Z,,0,,,,,,
2026-05-15T11:16:17Z,2100,,28.8,21.4,6.08,14.9,43.3,5.52
2026-05-15T11:27:54Z,,0,,,,,,
2026-05-15T12:27:54Z,,0,,,,,,
2026-05-15T13:17:05Z,1845,,29,21.1,6.07,15.4,44.2,5.8
2026-05-15T13:27:54Z,,0,,,,,,
2026-05-15T14:27:54Z,,0,,,,,,
2026-05-15T15:17:19Z,1200,,27,21.8,5.61,16.9,42.6,6.12
2026-05-15T15:27:54Z,,0,,,,,,
2026-05-15T16:27:55Z,,0,,,,,,
2026-05-15T17:17:20Z,525,,20.8,28,5.07,15.8,46.8,6.3
2026-05-15T17:27:54Z,,0,,,,,,
2026-05-15T18:27:54Z,,0,,,,,,
2026-05-15T19:17:45Z,525,,14.1,38.7,4.69,12.2,57,6.15
2026-05-15T19:27:54Z,,0,,,,,,
2026-05-15T20:27:54Z,,0,,,,,,
2026-05-15T21:18:33Z,450,,9.2,53.9,4.81,9.2,66.7,5.95
2026-05-15T21:27:54Z,,0,,,,,,
2026-05-15T22:27:54Z,,0,,,,,,
2026-05-15T23:18:06Z,870,,9.1,60.7,5.38,8.9,69.9,6.12
2026-05-15T23:27:54Z,,0,,,,,,
2026-05-16T00:27:53Z,,0,,,,,,
2026-05-16T01:17:43Z,1155,,10.1,61.7,5.83,8.9,71.7,6.28
2026-05-16T01:27:54Z,,0,,,,,,
2026-05-16T02:27:55Z,,0,,,,,,
2026-05-16T03:16:55Z,1605,,10.4,67.2,6.47,8.5,75.1,6.41
2026-05-16T03:27:54Z,,0,,,,,,
2026-05-16T04:27:54Z,,0,,,,,,
2026-05-16T05:16:19Z,1830,,12.5,66.2,7.28,9.8,75.1,6.97
2026-05-16T05:27:55Z,,0,,,,,,
2026-05-16T06:27:54Z,,0,,,,,,
2026-05-16T07:15:45Z,1455,,14.9,58.8,7.49,11.4,74.8,7.67
2026-05-16T07:27:55Z,,0,,,,,,
2026-05-16T08:27:55Z,,0,,,,,,
2026-05-16T09:16:21Z,1335,,19.7,43,7.3,14.8,60.2,7.62
2026-05-16T09:27:55Z,,0,,,,,,
2026-05-16T10:27:54Z,,0,,,,,,
2026-05-16T11:15:52Z,3240,,31.9,26.9,9.04,17.5,45.4,6.77
2026-05-16T11:27:55Z,,0,,,,,,
2026-05-16T12:27:54Z,,0,,,,,,
2026-05-16T13:16:36Z,1935,,30.1,22,6.71,17.1,43.3,6.3
2026-05-16T13:27:54Z,,0,,,,,,
2026-05-16T14:27:54Z,,0,,,,,,
2026-05-16T15:16:28Z,1545,,29.5,16.9,4.99,17.6,33.6,5.04
2026-05-16T15:27:54Z,,0,,,,,,
2026-05-16T16:27:54Z,,0,,,,,,
2026-05-16T17:16:18Z,885,,23.8,23.6,5.08,15.8,43.3,5.83
2026-05-16T17:27:54Z,,0,,,,,,
2026-05-16T18:27:54Z,,0,,,,,,
2026-05-16T19:17:07Z,525,,15.2,34.5,4.48,11.8,56.1,5.9
2026-05-16T19:27:54Z,,0,,,,,,
2026-05-16T20:27:54Z,,0,,,,,,
2026-05-16T21:17:34Z,465,,10.7,47.6,4.67,10.1,63.6,6.01
2026-05-16T21:27:54Z,,0,,,,,,
2026-05-16T22:27:54Z,,0,,,,,,
2026-05-16T23:17:04Z,465,,9.9,53.2,4.97,9,74.8,6.59
2026-05-16T23:27:54Z,,0,,,,,,
2026-05-17T00:27:54Z,,0,,,,,,
2026-05-17T01:16:18Z,555,,8,62.3,5.15,7.1,79.7,6.22
2026-05-17T01:27:55Z,,0,,,,,,
2026-05-17T02:27:54Z,,0,,,,,,
2026-05-17T03:15:49Z,885,,8.3,68.5,5.77,7.4,82.4,6.55
2026-05-17T03:27:54Z,,0,,,,,,
2026-05-17T04:27:54Z,,0,,,,,,
2026-05-17T05:16:34Z,1515,,13.2,63.8,7.32,10.7,74.8,7.34
2026-05-17T05:27:54Z,,0,,,,,,
2026-05-17T06:27:55Z,,0,,,,,,
2026-05-17T07:16:27Z,2790,,25,38.2,8.8,17.4,49.6,7.35
2026-05-17T07:27:54Z,,0,,,,,,
2026-05-17T08:27:54Z,,0,,,,,,
2026-05-17T09:17:07Z,1890,,30.4,25,7.75,17.6,48.8,7.32
2026-05-17T09:27:54Z,,0,,,,,,
2026-05-17T10:27:54Z,,0,,,,,,
2026-05-17T11:17:28Z,2205,,31.8,19.1,6.39,15.8,42.4,5.71
2026-05-17T11:27:54Z,,0,,,,,,
2026-05-17T12:27:54Z,,0,,,,,,
2026-05-17T13:16:44Z,2010,,31.7,17.5,5.82,14.6,43.2,5.4
2026-05-17T13:27:55Z,,0,,,,,,
2026-05-17T14:27:54Z,,0,,,,,,
2026-05-17T15:17:21Z,1335,,27.4,19.2,5.05,14.4,43.1,5.33
2026-05-17T15:27:54Z,,0,,,,,,
2026-05-17T16:27:54Z,,0,,,,,,
2026-05-17T17:16:34Z,825,,21.8,24,4.6,13.2,46.7,5.36
2026-05-17T17:27:54Z,,0,,,,,,
2026-05-17T18:27:54Z,,0,,,,,,
2026-05-17T19:16:13Z,510,,12.8,37.3,4.18,10.3,56.5,5.41
2026-05-17T19:27:54Z,,0,,,,,,
2026-05-17T20:27:54Z,,0,,,,,,
2026-05-17T21:15:38Z,450,,6.5,50.7,3.8,6.6,67.1,5.07
2026-05-17T21:27:54Z,,0,,,,,,
2026-05-17T22:27:54Z,,0,,,,,,
2026-05-17T23:15:38Z,990,,4.6,68.4,4.53,4.3,76.9,4.99
2026-05-17T23:27:54Z,,0,,,,,,
2026-05-18T00:27:54Z,,0,,,,,,
2026-05-18T01:15:39Z,720,,3.2,69.5,4.19,2.6,82.3,4.77
2026-05-18T01:27:54Z,,0,,,,,,
2026-05-18T02:27:54Z,,0,,,,,,
2026-05-18T03:16:17Z,945,,3.7,79.3,4.94,4.4,83.5,5.45
2026-05-18T03:27:54Z,,0,,,,,,
2026-05-18T04:27:55Z,,0,,,,,,
2026-05-18T05:16:41Z,2310,,12.2,76.8,8.28,12.3,65.9,7.15
2026-05-18T05:27:53Z,,0,,,,,,
2026-05-18T06:27:54Z,,0,,,,,,
2026-05-18T07:17:29Z,1965,,25.8,31.5,7.59,19.5,42,7.05
2026-05-18T07:27:55Z,,0,,,,,,
2026-05-18T08:27:54Z,,0,,,,,,
2026-05-18T09:16:56Z,2235,,35.8,17.7,7.31,22.7,32.1,6.49
2026-05-18T09:27:53Z,,0,,,,,,
2026-05-18T10:27:55Z,,0,,,,,,
2026-05-18T11:17:16Z,2100,,37.7,13.6,6.19,19.8,33.1,5.65
2026-05-18T11:27:55Z,,0,,,,,,
2026-05-18T12:27:54Z,,0,,,,,,
2026-05-18T13:17:25Z,1845,,35.4,14.2,5.74,20.1,31.5,5.47
2026-05-18T13:27:54Z,,0,,,,,,
2026-05-18T14:27:55Z,,0,,,,,,
2026-05-18T15:16:57Z,540,,27.1,16.9,4.38,19.6,32,5.4
2026-05-18T15:27:54Z,,0,,,,,,
2026-05-18T16:27:55Z,,0,,,,,,
2026-05-18T17:17:14Z,540,,22.2,23.7,4.65,18.1,38.6,5.96
2026-05-18T17:27:54Z,,0,,,,,,
2026-05-18T18:27:54Z,,0,,,,,,
2026-05-18T19:16:28Z,525,,17.8,31.7,4.81,16.2,43,5.93
2026-05-18T19:27:54Z,,0,,,,,,
2026-05-18T20:27:54Z,,0,,,,,,
2026-05-18T21:16:49Z,525,,15.7,39.2,5.24,14.7,51.6,6.49
2026-05-18T21:27:54Z,,0,,,,,,
2026-05-18T22:27:55Z,,0,,,,,,
2026-05-18T23:16:43Z,1140,,13.4,60,6.97,12.1,70.2,7.53
2026-05-18T23:27:54Z,,0,,,,,,
2026-05-19T00:27:55Z,,0,,,,,,
2026-05-19T01:17:15Z,1545,,12.8,67.5,7.56,11.2,74.5,7.55
2026-05-19T01:27:54Z,,0,,,,,,
2026-05-19T02:27:54Z,,0,,,,,,
2026-05-19T03:16:59Z,1710,,12.6,74.3,8.22,10.6,82.2,8.02
2026-05-19T03:27:54Z,,0,,,,,,
2026-05-19T04:27:54Z,,0,,,,,,
2026-05-19T05:17:26Z,1605,,14.5,74,9.2,12.2,84.5,9.11
2026-05-19T05:27:55Z,,0,,,,,,
2026-05-19T06:27:54Z,,0,,,,,,
2026-05-19T07:18:16Z,1545,,17.5,68.1,10.15,14.7,80.7,10.16
2026-05-19T07:27:54Z,,0,,,,,,
2026-05-19T08:27:54Z,,0,,,,,,
2026-05-19T09:17:16Z,1695,,20.2,61.7,10.79,16.1,77.3,10.59
2026-05-19T09:27:54Z,,0,,,,,,
2026-05-19T10:27:54Z,,0,,,,,,
2026-05-19T11:16:48Z,1710,,28.5,41.3,11.55,18.9,69.8,11.3
2026-05-19T11:27:54Z,,0,,,,,,
2026-05-19T12:27:54Z,,0,,,,,,
2026-05-19T13:16:44Z,2295,,38.1,26.9,12.5,21.4,58.5,10.97
2026-05-19T13:27:54Z,,0,,,,,,
2026-05-19T14:27:54Z,,0,,,,,,
2026-05-19T15:17:03Z,1200,,31.7,30.9,10.28,22.3,55.9,11.04
2026-05-19T15:27:54Z,,0,,,,,,
2026-05-19T16:27:54Z,,0,,,,,,
2026-05-19T17:16:40Z,1095,,25.3,42.9,10.05,20.8,61,11.04
2026-05-19T17:27:54Z,,0,,,,,,
2026-05-19T18:27:54Z,,0,,,,,,
2026-05-19T19:16:15Z,1050,,20.5,53.8,9.57,18.5,67,10.6
2026-05-19T19:27:55Z,,0,,,,,,
2026-05-19T20:27:54Z,,0,,,,,,
2026-05-19T21:16:48Z,1050,,16.1,67,9.18,15.6,76,10.1
2026-05-19T21:27:54Z,,0,,,,,,
2026-05-19T22:27:54Z,,0,,,,,,
2026-05-19T23:15:59Z,1125,,14.4,74.7,9.23,13.6,84.8,9.98
2026-05-19T23:27:54Z,,0,,,,,,
2026-05-20T00:27:54Z,,0,,,,,,
2026-05-20T01:16:29Z,1395,,13.7,76.4,9.04,12,87.1,9.28
2026-05-20T01:27:54Z,,0,,,,,,
2026-05-20T02:27:54Z,,0,,,,,,
2026-05-20T03:17:06Z,1650,,13.5,75.6,8.84,11.1,86.6,8.72
2026-05-20T03:27:54Z,,0,,,,,,
2026-05-20T04:27:55Z,,0,,,,,,
2026-05-20T05:16:35Z,1800,,15.2,72.2,9.37,11.1,89.5,9.01
2026-05-20T05:27:54Z,,0,,,,,,
2026-05-20T06:27:54Z,,0,,,,,,
2026-05-20T07:16:16Z,1905,,19.3,59.5,9.87,12.8,82.7,9.26
2026-05-20T07:27:54Z,,0,,,,,,
2026-05-20T08:27:54Z,,0,,,,,,
2026-05-20T09:16:17Z,1770,,26.7,41.4,10.48,17,70.1,10.14
2026-05-20T09:27:54Z,,0,,,,,,
2026-05-20T10:27:54Z,,0,,,,,,
2026-05-20T11:16:32Z,1350,,25.3,40.6,9.51,17.2,67.8,9.93
2026-05-20T11:27:54Z,,0,,,,,,
2026-05-20T12:27:54Z,,0,,,,,,
2026-05-20T13:16:50Z,1275,,21.8,47.6,9.13,16.6,68.6,9.69
2026-05-20T13:27:55Z,,0,,,,,,
2026-05-20T14:27:54Z,,0,,,,,,
2026-05-20T15:16:00Z,1560,,22.2,48.1,9.44,16.5,67.4,9.46
2026-05-20T15:27:54Z,,0,,,,,,
2026-05-20T16:27:55Z,,0,,,,,,
2026-05-20T17:16:33Z,1575,,23.6,43.3,9.21,15.8,68.7,9.24
2026-05-20T17:27:55Z,,0,,,,,,
2026-05-20T18:27:54Z,,0,,,,,,
2026-05-20T19:15:36Z,1140,,17,55.8,8.07,13.5,74.7,8.73
2026-05-20T19:27:54Z,,0,,,,,,
2026-05-20T20:27:54Z,,0,,,,,,
2026-05-20T21:15:30Z,1260,,12.1,70.7,7.58,10.5,82.3,7.98
2026-05-20T21:27:54Z,,0,,,,,,
2026-05-20T22:27:54Z,,0,,,,,,
2026-05-20T23:15:35Z,1755,,10.8,80.8,7.98,9.1,87.3,7.74
2026-05-20T23:27:54Z,,0,,,,,,
2026-05-21T00:27:54Z,,0,,,,,,
2026-05-21T01:15:58Z,1815,,11.4,81.8,8.39,9.5,88,8.01
2026-05-21T01:27:55Z,,0,,,,,,
2026-05-21T02:27:55Z,,0,,,,,,
2026-05-21T03:15:47Z,1860,,11.6,83.7,8.7,9.8,88.4,8.2
2026-05-21T03:27:54Z,,0,,,,,,
2026-05-21T04:27:54Z,,0,,,,,,
2026-05-21T05:16:21Z,1860,,14.9,75,9.55,12.6,81.4,9.0
2026-05-21T05:27:55Z,,0,,,,,,
2026-05-21T06:27:54Z,,0,,,,,,
2026-05-21T07:16:09Z,1815,,24.5,46.4,10.39,17.3,67.5,9.94
2026-05-21T07:27:54Z,,0,,,,,,
2026-05-21T08:27:55Z,,0,,,,,,
2026-05-21T09:15:14Z,1380,,26.8,37,9.42,17.8,65,9.86
2026-05-21T09:27:54Z,,0,,,,,,
2026-05-21T10:27:54Z,,0,,,,,,
2026-05-21T11:16:04Z,1605,,23.8,47.9,10.31,17.8,67.7,10.27
2026-05-21T11:27:55Z,,0,,,,,,
2026-05-21T12:27:54Z,,0,,,,,,
2026-05-21T13:16:22Z,1080,,19.2,54.2,8.93,14.8,77.2,9.78
2026-05-21T13:27:54Z,,0,,,,,,
2026-05-21T14:27:54Z,,0,,,,,,
2026-05-21T15:16:45Z,2325,,25.3,50.8,11.9,15.8,76.6,10.31
2026-05-21T15:27:55Z,,0,,,,,,
2026-05-21T16:27:54Z,,0,,,,,,
2026-05-21T17:17:27Z,1335,,23.2,42.8,8.9,15.3,71.3,9.31
2026-05-21T17:27:54Z,,0,,,,,,
2026-05-21T18:27:55Z,,0,,,,,,
2026-05-21T19:16:34Z,1065,,16.6,53.6,7.57,13.1,73.1,8.34
2026-05-21T19:27:55Z,,0,,,,,,
2026-05-21T20:27:54Z,,0,,,,,,
2026-05-21T21:16:20Z,1200,,11.1,72.3,7.28,9.7,84.4,7.78
2026-05-21T21:27:54Z,,0,,,,,,
2026-05-21T22:27:54Z,,0,,,,,,
2026-05-21T23:16:12Z,1515,,10.2,79.3,7.54,8.6,88.3,7.59
2026-05-21T23:27:54Z,,0,,,,,,
2026-05-22T00:27:54Z,,0,,,,,,
2026-05-22T01:17:10Z,1695,,10,81.6,7.67,8.3,88.8,7.48
2026-05-22T01:27:54Z,,0,,,,,,
2026-05-22T02:27:54Z,,0,,,,,,
2026-05-22T03:16:33Z,1845,,10.8,82.1,8.11,8.9,87.9,7.7
2026-05-22T03:27:54Z,,0,,,,,,
2026-05-22T04:27:55Z,,0,,,,,,
2026-05-22T05:16:40Z,2160,,14.6,78.5,9.82,13.5,75.2,8.79
2026-05-22T05:27:54Z,,0,,,,,,
2026-05-22T06:27:55Z,,0,,,,,,
2026-05-22T07:16:59Z,1290,,22.3,44.4,8.77,17.4,62.7,9.29
2026-05-22T07:27:55Z,,0,,,,,,
2026-05-22T08:27:54Z,,0,,,,,,
2026-05-22T09:17:31Z,1515,,20.1,53.3,9.26,16.6,66.6,9.4
2026-05-22T09:27:54Z,,0,,,,,,
2026-05-22T10:27:54Z,,0,,,,,,
2026-05-22T11:17:32Z,1440,,26.5,36.9,9.24,18.7,59.6,9.54
2026-05-22T11:27:54Z,,0,,,,,,
2026-05-22T12:27:54Z,,0,,,,,,
2026-05-22T13:16:38Z,1650,,18,66.9,10.27,14.8,79.9,10.12
2026-05-22T13:27:55Z,,0,,,,,,
2026-05-22T14:27:54Z,,0,,,,,,
2026-05-22T15:16:46Z,1560,,19.7,62.7,10.64,14.9,84.1,10.71
2026-05-22T15:27:55Z,,0,,,,,,
2026-05-22T16:27:54Z,,0,,,,,,
2026-05-22T17:17:03Z,1455,,20.3,59.9,10.53,15.4,82,10.77
2026-05-22T17:27:55Z,,0,,,,,,
2026-05-22T18:27:55Z,,0,,,,,,
2026-05-22T19:16:15Z,1515,,15.6,74.1,9.85,13,87.9,9.96
2026-05-22T19:27:54Z,,0,,,,,,
2026-05-22T20:27:54Z,,0,,,,,,
2026-05-22T21:16:11Z,1455,,12.7,80.8,8.99,11.2,91.1,9.23
2026-05-22T21:27:55Z,,0,,,,,,
2026-05-22T22:27:55Z,,0,,,,,,
2026-05-22T23:16:35Z,1635,,11.2,83.5,8.46,9.5,91.8,8.35
2026-05-22T23:27:55Z,,0,,,,,,
2026-05-23T00:27:55Z,,0,,,,,,
2026-05-23T01:16:01Z,1785,,10.5,85.5,8.29,8.6,93,7.99
2026-05-23T01:27:55Z,,1e-05,,,,,,
2026-05-23T02:27:55Z,,2e-05,,,,,,
2026-05-23T03:15:43Z,1740,,11.4,89,9.13,10.7,90.8,8.92
2026-05-23T03:27:54Z,,8e-05,,,,,,
2026-05-23T04:27:54Z,,0.00013,,,,,,
2026-05-23T05:15:38Z,2010,,17.2,78.7,11.52,17.5,71.4,10.64
2026-05-23T05:27:55Z,,0,,,,,,
2026-05-23T06:27:54Z,,0,,,,,,
2026-05-23T07:15:00Z,1290,,28.1,39.6,10.84,26.7,45.3,11.47
2026-05-23T07:27:54Z,,0,,,,,,
2026-05-23T08:27:55Z,,0,,,,,,
2026-05-23T09:14:35Z,2025,,36.3,25.4,10.76,28.9,34.7,9.92
2026-05-23T09:27:54Z,,0,,,,,,
2026-05-23T10:27:55Z,,0,,,,,,
2026-05-23T11:14:25Z,1665,,34,21.9,8.23,25.1,35.1,8.13
2026-05-23T11:27:55Z,,0,,,,,,
2026-05-23T12:27:54Z,,0,,,,,,
2026-05-23T13:13:53Z,1590,,34.4,20.9,8.02,24.7,35.6,8.06
2026-05-23T13:27:55Z,,0,,,,,,
2026-05-23T14:27:54Z,,0,,,,,,
2026-05-23T15:14:29Z,1530,,32.4,22.5,7.77,23.8,36.8,7.92
2026-05-23T15:27:55Z,,0,,,,,,
2026-05-23T16:27:54Z,,0,,,,,,
2026-05-23T17:14:35Z,840,,27.2,28,7.29,20.6,47.4,8.48
2026-05-23T17:27:54Z,,0,,,,,,
2026-05-23T18:27:55Z,,0,,,,,,
2026-05-23T19:14:46Z,525,,18.8,42.1,6.78,16.2,61.9,8.53
2026-05-23T19:27:54Z,,0,,,,,,
2026-05-23T20:27:54Z,,0,,,,,,
2026-05-23T21:15:28Z,525,,14.9,53.6,6.83,12.4,78.3,8.55
2026-05-23T21:27:55Z,,0,,,,,,
2026-05-23T22:27:54Z,,0,,,,,,
2026-05-23T23:14:49Z,675,,13.5,61.7,7.21,11.6,82.6,8.58
2026-05-23T23:27:54Z,,0,,,,,,
2026-05-24T00:27:54Z,,0,,,,,,
2026-05-24T01:15:26Z,525,,12.3,65.6,7.12,11.2,86.2,8.73
2026-05-24T01:27:54Z,,0,,,,,,
2026-05-24T02:27:54Z,,0,,,,,,
2026-05-24T03:16:06Z,915,,12.2,73.6,7.94,11,89.1,8.92
2026-05-24T03:27:54Z,,0,,,,,,
2026-05-24T04:27:54Z,,0,,,,,,
2026-05-24T05:16:09Z,1800,,18,68,10.44,17,69.6,10.07
2026-05-24T05:27:54Z,,0,,,,,,
2026-05-24T06:27:54Z,,0,,,,,,
2026-05-24T07:15:39Z,1380,,24.2,38.1,8.39,21.1,47.4,8.73
2026-05-24T07:27:55Z,,0,,,,,,
2026-05-24T08:27:55Z,,0,,,,,,
2026-05-24T09:15:46Z,1545,,26,33.8,8.23,20.7,46.1,8.3
2026-05-24T09:27:54Z,,0,,,,,,
2026-05-24T10:27:54Z,,0,,,,,,
2026-05-24T11:16:05Z,1545,,26.5,31.6,7.91,19.8,46.9,8.01
2026-05-24T11:27:54Z,,0,,,,,,
2026-05-24T12:27:55Z,,0,,,,,,
2026-05-24T13:16:02Z,1575,,25.3,30.6,7.17,18.7,44.9,7.19
2026-05-24T13:27:54Z,,0,,,,,,
2026-05-24T14:27:54Z,,0,,,,,,
2026-05-24T15:16:07Z,1410,,25,29,6.68,18.1,44.9,6.94
2026-05-24T15:27:54Z,,0,,,,,,
2026-05-24T16:27:54Z,,0,,,,,,
2026-05-24T17:15:41Z,1200,,20.5,35.9,6.39,16.9,47.4,6.82
2026-05-24T17:27:55Z,,0,,,,,,
2026-05-24T18:27:54Z,,0,,,,,,
2026-05-24T19:14:57Z,1140,,17,43.3,6.26,15.1,52.8,6.81
2026-05-24T19:27:55Z,,0,,,,,,
2026-05-24T20:27:54Z,,0,,,,,,
2026-05-24T21:15:31Z,1275,,14.3,52.4,6.44,13.2,59.2,6.79
2026-05-24T21:27:54Z,,0,,,,,,
2026-05-24T22:27:54Z,,0,,,,,,
2026-05-24T23:14:41Z,1365,,12.9,58,6.53,11.9,63.8,6.75
2026-05-24T23:27:54Z,,0,,,,,,
2026-05-25T00:27:54Z,,0,,,,,,
2026-05-25T01:13:56Z,1635,,13.1,62.4,7.12,12,66,7.03
2026-05-25T01:27:54Z,,0,,,,,,
2026-05-25T02:27:55Z,,0,,,,,,
2026-05-25T03:14:39Z,1680,,13.7,59.7,7.07,12.3,63.9,6.94
2026-05-25T03:27:55Z,,0,,,,,,
2026-05-25T04:27:55Z,,0,,,,,,
2026-05-25T05:14:00Z,1830,,14.6,52.7,6.59,12.2,58.2,6.28
2026-05-25T05:27:55Z,,0,,,,,,
2026-05-25T06:27:54Z,,0,,,,,,
2026-05-25T07:14:44Z,1770,,20.2,35.1,6.14,17.8,39.2,5.95
2026-05-25T07:27:54Z,,0,,,,,,
2026-05-25T08:27:54Z,,0,,,,,,
2026-05-25T09:15:22Z,1680,,24.8,23.8,5.42,20.1,30.8,5.35
2026-05-25T09:27:55Z,,0,,,,,,
2026-05-25T10:27:55Z,,0,,,,,,
2026-05-25T11:15:33Z,1815,,25.2,20.8,4.84,16.9,32.1,4.62
2026-05-25T11:27:54Z,,0,,,,,,
2026-05-25T12:27:55Z,,0,,,,,,
2026-05-25T13:16:23Z,1575,,24.8,20.6,4.69,16.5,33.6,4.72
2026-05-25T13:27:54Z,,0,,,,,,
2026-05-25T14:27:55Z,,0,,,,,,
2026-05-25T15:16:05Z,1365,,20.5,24.8,4.41,15.2,35.4,4.59
2026-05-25T15:27:54Z,,0,,,,,,
2026-05-25T16:27:54Z,,0,,,,,,
2026-05-25T17:16:31Z,1230,,18.5,27.6,4.37,13.9,38.8,4.65
2026-05-25T17:27:54Z,,0,,,,,,
2026-05-25T18:27:55Z,,0,,,,,,
2026-05-25T19:17:00Z,1110,,14,35.9,4.33,11.6,45.4,4.72
2026-05-25T19:27:54Z,,0,,,,,,
2026-05-25T20:27:54Z,,0,,,,,,
2026-05-25T21:16:22Z,1260,,11.1,45.4,4.57,9.7,52.6,4.85
2026-05-25T21:27:54Z,,0,,,,,,
2026-05-25T22:27:54Z,,0,,,,,,
2026-05-25T23:15:37Z,1485,,9.7,53.4,4.92,8.2,59.8,5.01
2026-05-25T23:27:53Z,,0,,,,,,
2026-05-26T00:27:55Z,,0,,,,,,
2026-05-26T01:15:23Z,1665,,8.9,60.3,5.28,7.3,65.6,5.18
2026-05-26T01:27:54Z,,0,,,,,,
2026-05-26T02:27:54Z,,0,,,,,,
2026-05-26T03:15:50Z,1830,,10,62.6,5.88,9.3,62.6,5.62
2026-05-26T03:27:54Z,,0,,,,,,
2026-05-26T04:27:54Z,,0,,,,,,
2026-05-26T05:15:52Z,1875,,16.3,46.4,6.43,15.9,44.6,6.04
2026-05-26T05:27:55Z,,0,,,,,,
2026-05-26T06:27:55Z,,0,,,,,,
2026-05-26T07:15:15Z,1575,,23.2,27.9,5.8,20.6,32.6,5.83
2026-05-26T07:27:55Z,,0,,,,,,
2026-05-26T08:27:54Z,,0,,,,,,
2026-05-26T09:15:55Z,1605,,27.1,20.9,5.41,21.2,29.3,5.43
2026-05-26T09:27:55Z,,0,,,,,,
2026-05-26T10:27:55Z,,0,,,,,,
2026-05-26T11:16:31Z,1440,,27.3,20.4,5.34,19.1,33.6,5.51
2026-05-26T11:27:54Z,,0,,,,,,
2026-05-26T12:27:54Z,,0,,,,,,
2026-05-26T13:16:15Z,1545,,26.8,20.6,5.25,17.9,34.5,5.27
2026-05-26T13:27:55Z,,0,,,,,,
2026-05-26T14:27:54Z,,0,,,,,,
2026-05-26T15:17:09Z,1230,,20.2,29,5.07,16,39.6,5.39
2026-05-26T15:27:54Z,,0,,,,,,
2026-05-26T16:27:55Z,,0,,,,,,
2026-05-26T17:17:07Z,1230,,19.2,31.1,5.13,14.7,43.3,5.45
2026-05-26T17:27:55Z,,0,,,,,,
2026-05-26T18:27:54Z,,0,,,,,,
2026-05-26T19:16:30Z,1110,,14.6,37.8,4.73,12.3,47.7,5.18
2026-05-26T19:27:54Z,,0,,,,,,
2026-05-26T20:27:54Z,,0,,,,,,
2026-05-26T21:16:09Z,1440,,11.7,50.2,5.25,10.2,56.5,5.38
2026-05-26T21:27:55Z,,0,,,,,,
2026-05-26T22:27:54Z,,0,,,,,,
2026-05-26T23:15:40Z,1560,,10.2,55.9,5.32,8.4,62.2,5.28
2026-05-26T23:27:54Z,,0,,,,,,
2026-05-27T00:27:55Z,,0,,,,,,
2026-05-27T01:15:15Z,1815,,8.6,67.6,5.81,6.8,72.7,5.56
2026-05-27T01:27:55Z,,0,,,,,,
2026-05-27T02:27:55Z,,0,,,,,,
2026-05-27T03:14:55Z,1830,,9.8,69.9,6.48,7.4,77.3,6.15
2026-05-27T03:27:54Z,,0,,,,,,
2026-05-27T04:27:54Z,,0,,,,,,
2026-05-27T05:15:13Z,1815,,12.2,64.8,6.99,9.5,73.2,6.66
2026-05-27T05:27:54Z,,0,,,,,,
2026-05-27T06:27:54Z,,0,,,,,,
2026-05-27T07:15:39Z,1890,,17.4,48,7.11,13.7,56,6.63
2026-05-27T07:27:54Z,,0,,,,,,
2026-05-27T08:27:54Z,,0,,,,,,
2026-05-27T09:16:15Z,1440,,20.6,33.4,5.98,15.5,46.6,6.16
2026-05-27T09:27:55Z,,0,,,,,,
2026-05-27T10:27:54Z,,0,,,,,,
2026-05-27T11:15:52Z,1260,,14.6,52.6,6.58,10.1,73.9,6.99
2026-05-27T11:27:55Z,,0,,,,,,
2026-05-27T12:27:54Z,,0,,,,,,
2026-05-27T13:15:13Z,1485,,14.2,57.6,7.03,10.2,74.9,7.13
2026-05-27T13:27:54Z,,0,,,,,,
2026-05-27T14:27:55Z,,0,,,,,,
2026-05-27T15:15:39Z,1665,,19.8,39.3,6.71,11.8,62.5,6.58
2026-05-27T15:27:54Z,,0,,,,,,
2026-05-27T16:27:55Z,,0,,,,,,
2026-05-27T17:15:54Z,1230,,16.8,42.1,6.02,12.2,59.9,6.46
2026-05-27T17:27:55Z,,0,,,,,,
2026-05-27T18:27:54Z,,0,,,,,,
2026-05-27T19:15:34Z,1185,,12.9,37.9,4.27,10.7,46.7,4.59
2026-05-27T19:27:54Z,,0,,,,,,
2026-05-27T20:27:54Z,,0,,,,,,
2026-05-27T21:14:45Z,1350,,9.8,47.8,4.43,8.4,54.5,4.62
2026-05-27T21:27:55Z,,0,,,,,,
2026-05-27T22:27:54Z,,0,,,,,,
2026-05-27T23:14:53Z,1530,,9.3,59.1,5.31,7.8,65.6,5.35
2026-05-27T23:27:55Z,,0,,,,,,
2026-05-28T00:27:55Z,,0,,,,,,
2026-05-28T01:15:04Z,1605,,9.8,65.4,6.07,8,72.7,6.01
2026-05-28T01:27:54Z,,0,,,,,,
2026-05-28T02:27:54Z,,0,,,,,,
2026-05-28T03:15:41Z,1725,,9.3,66.3,5.96,7.8,71.1,5.8
2026-05-28T03:27:54Z,,0,,,,,,
2026-05-28T04:27:54Z,,0,,,,,,
2026-05-28T05:16:34Z,1935,,14,49.5,5.97,13,49.2,5.58
2026-05-28T05:27:55Z,,0,,,,,,
2026-05-28T06:27:54Z,,0,,,,,,
2026-05-28T07:15:48Z,1500,,17.1,32.6,4.74,13.2,42,4.82
2026-05-28T07:27:54Z,,0,,,,,,
2026-05-28T08:27:55Z,,0,,,,,,
2026-05-28T09:15:35Z,1845,,21.5,25.7,4.85,16,33.7,4.59
2026-05-28T09:27:55Z,,0,,,,,,
2026-05-28T10:27:54Z,,0,,,,,,
2026-05-28T11:16:22Z,1470,,21.2,23.4,4.34,15,34.6,4.43
2026-05-28T11:27:55Z,,0,,,,,,
2026-05-28T12:27:55Z,,0,,,,,,
2026-05-28T13:16:37Z,1470,,19.8,25.5,4.35,14.6,35.5,4.44
2026-05-28T13:27:55Z,,0,,,,,,
2026-05-28T14:27:54Z,,0,,,,,,
2026-05-28T15:16:10Z,1305,,17.5,27.2,4.05,13.5,36.3,4.24
2026-05-28T15:27:55Z,,0,,,,,,
2026-05-28T16:27:54Z,,0,,,,,,
2026-05-28T17:16:00Z,1380,,16.7,29.2,4.15,13.2,37.3,4.28
2026-05-28T17:27:55Z,,0,,,,,,
2026-05-28T18:27:54Z,,0,,,,,,
2026-05-28T19:16:41Z,1170,,14.3,32.1,3.94,12.1,39.6,4.24
2026-05-28T19:27:55Z,,0,,,,,,
2026-05-28T20:27:55Z,,0,,,,,,
2026-05-28T21:16:16Z,1260,,12,45,4.79,10.3,53,5.07
2026-05-28T21:27:54Z,,0,,,,,,
2026-05-28T22:27:55Z,,0,,,,,,
2026-05-28T23:16:15Z,1515,,10,52.6,4.94,8.5,58.4,4.99
2026-05-28T23:27:54Z,,0,,,,,,
2026-05-29T00:27:54Z,,0,,,,,,
2026-05-29T01:16:23Z,1665,,8.7,59.1,5.11,7,64.4,4.99
2026-05-29T01:27:54Z,,0,,,,,,
2026-05-29T02:27:54Z,,0,,,,,,
2026-05-29T03:16:29Z,1815,,9,64.7,5.7,8.1,65.3,5.43
2026-05-29T03:27:55Z,,0,,,,,,
2026-05-29T04:27:54Z,,0,,,,,,
2026-05-29T05:16:50Z,1830,,15.7,46.8,6.26,15.5,44.8,5.92
2026-05-29T05:27:54Z,,0,,,,,,
2026-05-29T06:27:54Z,,0,,,,,,
2026-05-29T07:17:21Z,1560,,21.2,27.9,5.17,18,33.8,5.19
2026-05-29T07:27:55Z,,0,,,,,,
2026-05-29T08:27:55Z,,0,,,,,,
2026-05-29T09:16:33Z,1785,,23.6,22.8,4.85,18.2,30.1,4.68
2026-05-29T09:27:54Z,,0,,,,,,
2026-05-29T10:27:55Z,,0,,,,,,
2026-05-29T11:16:28Z,1830,,26.2,20.4,5.02,16.9,33.6,4.83
2026-05-29T11:27:55Z,,0,,,,,,
2026-05-29T12:27:55Z,,0,,,,,,
2026-05-29T13:16:29Z,1725,,26.6,19.6,4.94,16.9,33.7,4.85
2026-05-29T13:27:55Z,,0,,,,,,
2026-05-29T14:27:54Z,,0,,,,,,
2026-05-29T15:16:16Z,975,,21,24.2,4.43,16.4,35.4,4.94
2026-05-29T15:27:54Z,,0,,,,,,
2026-05-29T16:27:54Z,,0,,,,,,
2026-05-29T17:16:28Z,975,,19.6,28.7,4.84,15.4,41.2,5.41
2026-05-29T17:27:55Z,,0,,,,,,
2026-05-29T18:27:55Z,,0,,,,,,
2026-05-29T19:16:09Z,810,,14.2,40.8,4.98,10.6,59.4,5.8
2026-05-29T19:27:55Z,,0,,,,,,
2026-05-29T20:27:54Z,,0,,,,,,
2026-05-29T21:16:46Z,930,,11,51.8,5.18,9.5,64.2,5.84
2026-05-29T21:27:54Z,,0,,,,,,
2026-05-29T22:27:54Z,,0,,,,,,
2026-05-29T23:16:38Z,1050,,9.1,56.9,5.05,8.1,66.3,5.52
2026-05-29T23:27:54Z,,0,,,,,,
2026-05-30T00:27:54Z,,0,,,,,,
2026-05-30T01:16:17Z,1500,,7.9,63.2,5.19,7.5,65.4,5.23
2026-05-30T01:27:54Z,,0,,,,,,
2026-05-30T02:27:54Z,,0,,,,,,
2026-05-30T03:15:26Z,1785,,9.6,62.7,5.74,10.2,58.3,5.55
2026-05-30T03:27:54Z,,0,,,,,,
2026-05-30T04:27:54Z,,0,,,,,,
2026-05-30T05:15:39Z,1815,,18.9,42.4,6.87,17.7,43.7,6.59
2026-05-30T05:27:55Z,,0,,,,,,
2026-05-30T06:27:55Z,,0,,,,,,
2026-05-30T07:16:18Z,1455,,30.1,22.1,6.74,24.7,30.7,6.95
2026-05-30T07:27:55Z,,0,,,,,,
2026-05-30T08:27:54Z,,0,,,,,,
2026-05-30T09:15:45Z,2055,,36.4,15.6,6.64,24.6,27,6.08
2026-05-30T09:27:55Z,,0,,,,,,
2026-05-30T10:27:54Z,,0,,,,,,
2026-05-30T11:15:11Z,2265,,36.2,14.2,5.99,20.8,29.3,5.3
2026-05-30T11:27:55Z,,0,,,,,,
2026-05-30T12:27:54Z,,0,,,,,,
2026-05-30T13:15:12Z,1905,,35.2,12.9,5.16,20.7,27,4.86
2026-05-30T13:27:55Z,,0,,,,,,
2026-05-30T14:27:55Z,,0,,,,,,
2026-05-30T15:14:52Z,1815,,34.5,12.8,4.94,21.1,25.7,4.73
2026-05-30T15:27:54Z,,0,,,,,,
2026-05-30T16:27:54Z,,0,,,,,,
2026-05-30T17:14:21Z,1125,,29.4,16.1,4.73,20.6,29,5.19
2026-05-30T17:27:55Z,,0,,,,,,
2026-05-30T18:27:55Z,,0,,,,,,
2026-05-30T19:14:01Z,525,,20.8,23.6,4.27,15.9,41.3,5.59
2026-05-30T19:27:55Z,,0,,,,,,
2026-05-30T20:27:54Z,,0,,,,,,
2026-05-30T21:13:53Z,465,,12.4,41.9,4.58,12,60.8,6.48
2026-05-30T21:27:55Z,,0,,,,,,
2026-05-30T22:27:54Z,,0,,,,,,
2026-05-30T23:13:05Z,465,,8.2,58.1,4.86,9.3,67.8,6.09
2026-05-30T23:27:54Z,,0,,,,,,
2026-05-31T00:27:54Z,,0,,,,,,
2026-05-31T01:12:24Z,615,,6.8,68.4,5.23,8.3,74.7,6.3
2026-05-31T01:27:55Z,,0,,,,,,
2026-05-31T02:27:54Z,,0,,,,,,
2026-05-31T03:12:39Z,990,,11,68,6.8,10.1,80.2,7.58
2026-05-31T03:27:54Z,,0,,,,,,
2026-05-31T04:27:55Z,,0,,,,,,
2026-05-31T05:13:04Z,1260,,14.6,61.4,7.68,10.7,82.4,8.09
2026-05-31T05:27:54Z,,0,,,,,,
2026-05-31T06:27:54Z,,0,,,,,,
2026-05-31T07:13:09Z,1740,,16.9,57.4,8.25,11,80.1,8.01
2026-05-31T07:27:54Z,,0,,,,,,
2026-05-31T08:27:55Z,,0,,,,,,
2026-05-31T09:12:26Z,1440,,20.2,44.8,7.83,11.9,76,8.05
2026-05-31T09:27:55Z,,0,,,,,,
2026-05-31T10:27:55Z,,0,,,,,,
2026-05-31T11:11:40Z,1875,,25.1,36.7,8.5,13.6,67.9,7.99
2026-05-31T11:27:54Z,,0,,,,,,
2026-05-31T12:27:55Z,,0,,,,,,
2026-05-31T13:11:05Z,1380,,25.4,30.3,7.14,14.5,59.8,7.43
2026-05-31T13:27:54Z,,0,,,,,,
2026-05-31T14:27:54Z,,0,,,,,,
2026-05-31T15:11:23Z,1605,,26.9,28.3,7.25,13.9,60.6,7.26
2026-05-31T15:27:54Z,,0,,,,,,
2026-05-31T16:27:55Z,,0,,,,,,
2026-05-31T17:11:45Z,1410,,23.5,31.1,6.58,12.6,61.3,6.78
2026-05-31T17:27:55Z,,0,,,,,,
2026-05-31T18:27:54Z,,0,,,,,,
2026-05-31T19:11:29Z,870,,16,41.7,5.68,11.1,64.6,6.5
2026-05-31T19:27:55Z,,0,,,,,,
2026-05-31T20:27:55Z,,0,,,,,,
2026-05-31T21:10:57Z,765,,8.9,57.9,5.07,7.6,73.1,5.89
2026-05-31T21:27:54Z,,0,,,,,,
2026-05-31T22:27:55Z,,0,,,,,,
2026-05-31T23:11:08Z,855,,6.6,67.2,5.07,6,79.9,5.8
2026-05-31T23:27:55Z,,0,,,,,,
2026-06-01T00:27:54Z,,0,,,,,,
2026-06-01T01:11:45Z,960,,6.8,71.7,5.48,6.1,83.5,6.1
2026-06-01T01:27:55Z,,0,,,,,,
2026-06-01T02:27:54Z,,0,,,,,,
2026-06-01T03:11:13Z,1995,,10.9,79.2,7.88,9.7,78.5,7.23
2026-06-01T03:27:55Z,,0,,,,,,
2026-06-01T04:27:55Z,,0,,,,,,
2026-06-01T05:11:30Z,1875,,18.2,56.5,8.78,13.7,69.5,8.23
2026-06-01T05:27:54Z,,0,,,,,,
2026-06-01T06:27:53Z,,0,,,,,,
2026-06-01T07:11:57Z,2190,,29.8,31.2,9.37,17.6,55.5,8.32
2026-06-01T07:27:57Z,,0,,,,,,
2026-06-01T08:27:55Z,,0,,,,,,
2026-06-01T09:12:30Z,2880,,32.2,24.3,8.3,17.6,45.7,6.85
2026-06-01T09:27:55Z,,0,,,,,,
2026-06-01T10:27:55Z,,0,,,,,,
2026-06-01T11:11:45Z,1920,,32.6,20.3,7.09,17,45.9,6.64
2026-06-01T11:27:54Z,,0,,,,,,
2026-06-01T12:27:55Z,,0,,,,,,
2026-06-01T13:11:43Z,2265,,34.8,18.8,7.37,16.6,45.9,6.48
2026-06-01T13:27:55Z,,0,,,,,,
2026-06-01T14:27:55Z,,0,,,,,,
2026-06-01T15:11:17Z,1890,,32.7,19.7,6.91,14.9,50.9,6.48
2026-06-01T15:27:55Z,,0,,,,,,
2026-06-01T16:27:54Z,,0,,,,,,
2026-06-01T17:10:19Z,1245,,26.9,23.9,6.12,14.2,53.7,6.55
2026-06-01T17:27:54Z,,0,,,,,,
2026-06-01T18:27:54Z,,0,,,,,,
2026-06-01T19:10:24Z,525,,17.6,35.6,5.34,12.5,59.2,6.51
2026-06-01T19:27:55Z,,0,,,,,,
2026-06-01T20:27:54Z,,0,,,,,,
2026-06-01T21:10:52Z,510,,9.4,52.9,4.78,8.8,69.6,6.06
2026-06-01T21:27:54Z,,0,,,,,,
2026-06-01T22:27:55Z,,0,,,,,,
2026-06-01T23:10:17Z,1020,,9.1,65.4,5.8,8.1,76.7,6.38
2026-06-01T23:27:54Z,,0,,,,,,
2026-06-02T00:27:54Z,,0,,,,,,
2026-06-02T01:11:01Z,1245,,9.8,67.1,6.22,8,79.7,6.59
2026-06-02T01:27:55Z,,0,,,,,,
2026-06-02T02:27:54Z,,0,,,,,,
2026-06-02T03:10:13Z,1635,,11.7,72.5,7.58,9.8,80.4,7.46
2026-06-02T03:27:55Z,,0,,,,,,
2026-06-02T04:27:54Z,,0,,,,,,
2026-06-02T05:10:24Z,1455,,18.5,54,8.54,15.6,65.4,8.69
2026-06-02T05:27:54Z,,0,,,,,,
2026-06-02T06:27:55Z,,0,,,,,,
2026-06-02T07:09:36Z,1560,,23.5,41.8,8.84,17.8,58.8,8.92
2026-06-02T07:27:54Z,,0,,,,,,
2026-06-02T08:27:54Z,,0,,,,,,
2026-06-02T09:10:13Z,2130,,35.5,25.5,10.37,23.2,44.9,9.34
2026-06-02T09:27:55Z,,0,,,,,,
2026-06-02T10:27:55Z,,0,,,,,,
2026-06-02T11:10:04Z,2730,,38,20.2,9.34,21.2,42.7,7.91
2026-06-02T11:27:54Z,,0,,,,,,
2026-06-02T12:27:55Z,,0,,,,,,
2026-06-02T13:10:20Z,2070,,37.9,19.2,8.83,20.5,45.7,8.13
2026-06-02T13:27:54Z,,0,,,,,,
2026-06-02T14:27:55Z,,0,,,,,,
2026-06-02T15:10:21Z,1230,,30,23.4,7.1,19.3,46.2,7.66
2026-06-02T15:27:55Z,,0,,,,,,
2026-06-02T16:27:55Z,,0,,,,,,
2026-06-02T17:09:56Z,780,,25.9,28.5,6.9,18.4,51.6,8.11
2026-06-02T17:27:54Z,,0,,,,,,
2026-06-02T18:27:54Z,,0,,,,,,
2026-06-02T19:10:13Z,570,,19.2,39.9,6.58,16.5,57.2,8.03
2026-06-02T19:27:54Z,,0,,,,,,
2026-06-02T20:27:54Z,,0,,,,,,
2026-06-02T21:10:30Z,630,,14.8,51,6.46,13.9,64.4,7.72
2026-06-02T21:27:54Z,,0,,,,,,
2026-06-02T22:27:55Z,,0,,,,,,
2026-06-02T23:10:17Z,615,,10.2,61.7,5.87,10.7,72.2,7.09
2026-06-02T23:27:54Z,,0,,,,,,
2026-06-03T00:27:54Z,,0,,,,,,
2026-06-03T01:10:48Z,765,,7.1,72.5,5.65,8.3,78.1,6.58
2026-06-03T01:27:54Z,,0,,,,,,
2026-06-03T02:27:54Z,,0,,,,,,
2026-06-03T03:10:01Z,1350,,9.6,81.1,7.43,10.9,78,7.76
2026-06-03T03:27:54Z,,0,,,,,,
2026-06-03T04:27:54Z,,0,,,,,,
2026-06-03T05:10:40Z,2205,,22.1,56.5,11.03,21.7,51.4,9.8
2026-06-03T05:27:54Z,,0,,,,,,
2026-06-03T06:27:55Z,,0,,,,,,
2026-06-03T07:10:00Z,1425,,34.3,25.3,9.66,28.2,36.5,10.04
2026-06-03T07:27:54Z,,0,,,,,,
2026-06-03T08:27:55Z,,0,,,,,,
2026-06-03T09:10:47Z,2760,,42.9,16.7,9.88,25.3,35.8,8.38
2026-06-03T09:27:54Z,,0,,,,,,
2026-06-03T10:27:54Z,,0,,,,,,
2026-06-03T11:10:04Z,2130,,38.2,17.7,8.27,22.3,38.1,7.52
2026-06-03T11:27:55Z,,0,,,,,,
2026-06-03T12:27:54Z,,0,,,,,,
2026-06-03T13:10:43Z,2310,,39.3,15.7,7.76,21,37.4,6.85
2026-06-03T13:27:54Z,,0,,,,,,
2026-06-03T14:27:54Z,,0,,,,,,
2026-06-03T15:10:59Z,1635,,35.8,19,7.85,20.8,42.8,7.75
2026-06-03T15:27:54Z,,0,,,,,,
2026-06-03T16:27:55Z,,0,,,,,,
2026-06-03T17:11:05Z,1260,,30,24.4,7.41,19.1,48,7.87
2026-06-03T17:27:55Z,,0,,,,,,
2026-06-03T18:27:55Z,,0,,,,,,
2026-06-03T19:10:42Z,780,,21.9,35.5,6.85,17,55.6,8.04
2026-06-03T19:27:54Z,,0,,,,,,
2026-06-03T20:27:54Z,,0,,,,,,
2026-06-03T21:11:19Z,630,,14,53.2,6.41,13.5,65.6,7.67
2026-06-03T21:27:55Z,,0,,,,,,
2026-06-03T22:27:54Z,,0,,,,,,
2026-06-03T23:12:08Z,765,,10.7,66.4,6.52,11.4,74.2,7.61
2026-06-03T23:27:54Z,,0,,,,,,
2026-06-04T00:27:55Z,,0,,,,,,
2026-06-04T01:12:49Z,930,,9.8,72.5,6.72,10.3,79.1,7.57
2026-06-04T01:27:54Z,,0,,,,,,
2026-06-04T02:27:54Z,,0,,,,,,
2026-06-04T03:12:35Z,1545,,12.4,81,8.85,12.7,79.3,8.82
2026-06-04T03:27:54Z,,0,,,,,,
2026-06-04T04:27:54Z,,0,,,,,,
2026-06-04T05:12:20Z,2145,,23.1,61.2,12.65,21,61.7,11.3
2026-06-04T05:27:55Z,,0,,,,,,
2026-06-04T06:27:55Z,,0,,,,,,
2026-06-04T07:12:30Z,2055,,32.4,33.8,11.67,24,49,10.66
2026-06-04T07:27:55Z,,0,,,,,,
2026-06-04T08:27:54Z,,0,,,,,,
2026-06-04T09:13:07Z,2070,,39.1,20.9,10.22,24.5,41.7,9.33
2026-06-04T09:27:55Z,,0,,,,,,
2026-06-04T10:27:54Z,,0,,,,,,
2026-06-04T11:12:49Z,2715,,42.5,17.3,10.03,23.9,39.7,8.59
2026-06-04T11:27:54Z,,0,,,,,,
2026-06-04T12:27:55Z,,0,,,,,,
2026-06-04T13:13:14Z,1725,,39.5,20,9.98,22.9,47.7,9.75
2026-06-04T13:27:54Z,,0,,,,,,
2026-06-04T14:27:54Z,,0,,,,,,
2026-06-04T15:13:08Z,1290,,36.2,22.3,9.4,21.7,52.3,9.98
2026-06-04T15:27:55Z,,0,,,,,,
2026-06-04T16:27:54Z,,0,,,,,,
2026-06-04T17:12:42Z,930,,30.1,26.9,8.21,20.6,52.2,9.34
2026-06-04T17:27:55Z,,0,,,,,,
2026-06-04T18:27:54Z,,0,,,,,,
2026-06-04T19:13:16Z,525,,21.5,39,7.35,18.1,60.3,9.31
2026-06-04T19:27:55Z,,0,,,,,,
2026-06-04T20:27:54Z,,0,,,,,,
2026-06-04T21:12:45Z,510,,15,55.4,7.1,15.2,68.6,8.9
2026-06-04T21:27:54Z,,0,,,,,,
2026-06-04T22:27:54Z,,0,,,,,,
2026-06-04T23:13:08Z,510,,11.4,67.3,6.91,12.7,75.4,8.39
2026-06-04T23:27:54Z,,0,,,,,,
2026-06-05T00:27:54Z,,0,,,,,,
2026-06-05T01:13:17Z,735,,11,75.2,7.52,12.5,80.2,8.81
2026-06-05T01:27:54Z,,0,,,,,,
2026-06-05T02:27:55Z,,0,,,,,,
2026-06-05T03:13:15Z,1125,,13.6,74.3,8.74,14,78,9.4
2026-06-05T03:27:53Z,,0,,,,,,
2026-06-05T04:27:54Z,,0,,,,,,
2026-06-05T05:13:42Z,1995,,25.1,45.8,10.61,20.7,54.4,9.79
2026-06-05T05:27:54Z,,0,,,,,,
2026-06-05T06:27:55Z,,0,,,,,,
2026-06-05T07:13:35Z,1260,,24.6,40.7,9.16,18.4,62.1,9.76
2026-06-05T07:27:55Z,,0,,,,,,
2026-06-05T08:27:54Z,,0,,,,,,
2026-06-05T09:13:00Z,1305,,20.7,57.4,10.33,16.7,76.9,10.92
2026-06-05T09:27:55Z,,0,,,,,,
2026-06-05T10:27:54Z,,0,,,,,,
2026-06-05T11:13:44Z,1290,,19.9,61,10.48,17.4,74.4,11.02
2026-06-05T11:27:54Z,,0,,,,,,
2026-06-05T12:27:55Z,,0,,,,,,
2026-06-05T13:13:50Z,1440,,24.3,48.1,10.65,18.1,70.7,10.92
2026-06-05T13:27:55Z,,0,,,,,,
2026-06-05T14:27:54Z,,0,,,,,,
2026-06-05T15:13:28Z,1365,,20.2,62.9,11.0,17.1,78.8,11.47
2026-06-05T15:27:55Z,,0,,,,,,
2026-06-05T16:27:55Z,,0,,,,,,
2026-06-05T17:12:50Z,1695,,22,61.8,11.99,18.1,76.7,11.85
2026-06-05T17:27:56Z,,0,,,,,,
2026-06-05T18:27:55Z,,0,,,,,,
2026-06-05T19:12:48Z,1335,,19.6,65.6,11.07,16.6,81.5,11.51
2026-06-05T19:27:54Z,,0,,,,,,
2026-06-05T20:27:54Z,,0,,,,,,
2026-06-05T21:12:32Z,1455,,16.4,78.5,10.95,15.3,85.3,11.13
2026-06-05T21:27:55Z,,0,,,,,,
2026-06-05T22:27:54Z,,0,,,,,,
2026-06-05T23:13:07Z,1485,,15.8,80.3,10.8,14.8,86.6,10.97
2026-06-05T23:27:55Z,,0,,,,,,
2026-06-06T00:27:54Z,,0,,,,,,
2026-06-06T01:13:09Z,1605,,15.5,84.6,11.18,14.5,89.2,11.09
2026-06-06T01:27:55Z,,0,,,,,,
2026-06-06T02:27:54Z,,0,,,,,,
2026-06-06T03:12:30Z,1725,,16.4,87.1,12.15,14.5,94.7,11.77
2026-06-06T03:27:54Z,,4e-05,,,,,,
2026-06-06T04:27:55Z,,9e-05,,,,,,
2026-06-06T05:11:37Z,1845,,18,85.8,13.17,15.3,96.3,12.57
2026-06-06T05:27:54Z,,0.00011,,,,,,
2026-06-06T06:27:54Z,,0.00013,,,,,,
2026-06-06T07:11:47Z,1545,,18.7,80.8,12.93,15.5,97.3,12.86
2026-06-06T07:27:55Z,,0,,,,,,
2026-06-06T08:27:54Z,,0,,,,,,
2026-06-06T09:11:26Z,1845,,21.4,75.9,14.23,16.6,95.6,13.5
2026-06-06T09:27:54Z,,0,,,,,,
2026-06-06T10:27:54Z,,0,,,,,,
2026-06-06T11:12:01Z,2175,,25.3,65.8,15.41,17.5,91.9,13.7
2026-06-06T11:27:55Z,,0,,,,,,
2026-06-06T12:27:55Z,,0,,,,,,
2026-06-06T13:11:15Z,1215,,23.9,59,12.77,17.1,94.3,13.72
2026-06-06T13:27:55Z,,0,,,,,,
2026-06-06T14:27:55Z,,0,,,,,,
2026-06-06T15:11:43Z,1395,,18.5,69.6,11.01,14.2,93.2,11.38
2026-06-06T15:27:54Z,,0,,,,,,
2026-06-06T16:27:55Z,,0,,,,,,
2026-06-06T17:11:43Z,1350,,16.7,72.6,10.31,13.4,92.5,10.75
2026-06-06T17:27:55Z,,0,,,,,,
2026-06-06T18:27:54Z,,0,,,,,,
2026-06-06T19:11:06Z,1365,,15.8,75.2,10.12,13.1,92.2,10.52
2026-06-06T19:27:55Z,,0,,,,,,
2026-06-06T20:27:54Z,,0,,,,,,
2026-06-06T21:11:40Z,1515,,13.5,84.6,9.89,11.6,95.9,9.96
2026-06-06T21:27:54Z,,0,,,,,,
2026-06-06T22:27:54Z,,0,,,,,,
2026-06-06T23:12:03Z,1530,,12.8,85.2,9.54,10.8,96.6,9.54
2026-06-06T23:27:55Z,,0,,,,,,
2026-06-07T00:27:54Z,,1e-05,,,,,,
2026-06-07T01:11:56Z,1605,,13.2,87.6,10.05,11.3,97.4,9.93
2026-06-07T01:27:55Z,,5e-05,,,,,,
2026-06-07T02:27:54Z,,0.0001,,,,,,
2026-06-07T03:11:37Z,1815,,13.4,86.7,10.07,11,96.1,9.62
2026-06-07T03:27:54Z,,0.00013,,,,,,
2026-06-07T04:27:54Z,,0.00017,,,,,,
2026-06-07T05:11:58Z,1860,,17.6,74.1,11.11,13,92,10.43
2026-06-07T05:27:55Z,,0,,,,,,
2026-06-07T06:27:55Z,,0,,,,,,
2026-06-07T07:12:44Z,1860,,19.7,65.6,11.14,13.3,90.2,10.42
2026-06-07T07:27:55Z,,0,,,,,,
2026-06-07T08:27:55Z,,0,,,,,,
2026-06-07T09:13:10Z,2280,,33.1,36,12.9,20.6,63.3,11.33
2026-06-07T09:27:54Z,,0,,,,,,
2026-06-07T10:27:55Z,,0,,,,,,
2026-06-07T11:12:31Z,2265,,37.9,25.9,11.92,19.4,63.3,10.56
2026-06-07T11:27:55Z,,0,,,,,,
2026-06-07T12:27:54Z,,0,,,,,,
2026-06-07T13:13:09Z,1740,,35.3,26.1,10.5,18.5,64.2,10.15
2026-06-07T13:27:55Z,,0,,,,,,
2026-06-07T14:27:55Z,,0,,,,,,
2026-06-07T15:13:01Z,1575,,32.9,29.6,10.5,17.8,69.3,10.51
2026-06-07T15:27:54Z,,0,,,,,,
2026-06-07T16:27:55Z,,0,,,,,,
2026-06-07T17:12:26Z,1260,,27,30.3,7.8,17.5,55.8,8.32
2026-06-07T17:27:55Z,,0,,,,,,
2026-06-07T18:27:55Z,,0,,,,,,
2026-06-07T19:12:36Z,720,,19.4,40.7,6.79,15.7,60.8,8.13
2026-06-07T19:27:54Z,,0,,,,,,
2026-06-07T20:27:55Z,,0,,,,,,
2026-06-07T21:11:53Z,510,,11.8,58.6,6.17,11.4,76.1,7.81
2026-06-07T21:27:54Z,,0,,,,,,
2026-06-07T22:27:54Z,,0,,,,,,
2026-06-07T23:11:40Z,615,,7.9,75.1,6.17,8.8,85.1,7.41
2026-06-07T23:27:54Z,,0,,,,,,
2026-06-08T00:27:55Z,,0,,,,,,
2026-06-08T01:11:30Z,690,,7,76.4,5.92,7.4,87.7,6.97
2026-06-08T01:27:54Z,,0,,,,,,
2026-06-08T02:27:54Z,,0,,,,,,
2026-06-08T03:11:50Z,1290,,9.6,85.4,7.82,10.3,85.8,8.21
2026-06-08T03:27:55Z,,1e-05,,,,,,
2026-06-08T04:27:55Z,,2e-05,,,,,,
2026-06-08T05:11:15Z,2130,,21,61.4,11.25,19.9,59.1,10.15
2026-06-08T05:27:54Z,,0,,,,,,
2026-06-08T06:27:55Z,,0,,,,,,
2026-06-08T07:11:52Z,1395,,31.4,29.9,9.79,24.9,44.5,10.19
2026-06-08T07:27:54Z,,0,,,,,,
2026-06-08T08:27:55Z,,0,,,,,,
2026-06-08T09:12:07Z,2070,,41.6,19.2,10.65,26.6,38.6,9.72
2026-06-08T09:27:54Z,,0,,,,,,
2026-06-08T10:27:54Z,,0,,,,,,
2026-06-08T11:12:40Z,2370,,40.5,17.7,9.29,23.2,38.7,8.05
2026-06-08T11:27:54Z,,0,,,,,,
2026-06-08T12:27:55Z,,0,,,,,,
2026-06-08T13:12:27Z,2055,,38.5,17.5,8.3,21.7,40.1,7.65
2026-06-08T13:27:54Z,,0,,,,,,
2026-06-08T14:27:55Z,,0,,,,,,
2026-06-08T15:12:21Z,1395,,32,22,7.44,20.9,42.5,7.74
2026-06-08T15:27:54Z,,0,,,,,,
2026-06-08T16:27:55Z,,0,,,,,,
2026-06-08T17:12:05Z,795,,26.1,27.6,6.76,19.5,47.2,7.92
2026-06-08T17:27:55Z,,0,,,,,,
2026-06-08T18:27:55Z,,0,,,,,,
2026-06-08T19:12:50Z,525,,20,38.6,6.67,17.2,56.5,8.27
2026-06-08T19:27:55Z,,0,,,,,,
2026-06-08T20:27:54Z,,0,,,,,,
2026-06-08T21:12:52Z,675,,15.8,51.9,6.98,14.8,65.6,8.31
2026-06-08T21:27:54Z,,0,,,,,,
2026-06-08T22:27:54Z,,0,,,,,,
2026-06-08T23:12:42Z,795,,14.3,59.2,7.27,13.7,71,8.4
2026-06-08T23:27:54Z,,0,,,,,,
2026-06-09T00:27:55Z,,0,,,,,,
2026-06-09T01:12:06Z,975,,14.3,66.5,8.17,14.1,75.2,9.12
2026-06-09T01:27:55Z,,0,,,,,,
2026-06-09T02:27:55Z,,0,,,,,,
2026-06-09T03:11:49Z,1455,,15.8,70.2,9.45,14.7,76.2,9.59
2026-06-09T03:27:54Z,,0,,,,,,
2026-06-09T04:27:54Z,,0,,,,,,
2026-06-09T05:11:13Z,1680,,19.2,62.9,10.37,16.5,72.7,10.2
2026-06-09T05:27:54Z,,0,,,,,,
2026-06-09T06:27:56Z,,0,,,,,,
2026-06-09T07:27:55Z,,0,,,,,,
2026-06-09T08:27:55Z,,0,,,,,,
2026-06-09T09:10:59Z,1560,,22.7,53.6,10.83,18.5,69,10.91
2026-06-09T09:27:55Z,,0,,,,,,
2026-06-09T10:27:54Z,,0,,,,,,
2026-06-09T11:10:48Z,1515,,20.3,62.2,10.94,16.8,78.1,11.16
2026-06-09T11:27:55Z,,0,,,,,,
2026-06-09T12:27:55Z,,0,,,,,,
2026-06-09T13:11:25Z,1560,,18.2,74.7,11.61,16,85.4,11.63
2026-06-09T13:27:54Z,,0,,,,,,
2026-06-09T14:27:55Z,,0,,,,,,
2026-06-09T15:11:27Z,1830,,18.8,76.3,12.28,15.9,86.7,11.74
2026-06-09T15:27:54Z,,0,,,,,,
2026-06-09T16:27:54Z,,0,,,,,,
2026-06-09T17:11:27Z,1620,,18.6,76.3,12.14,16.3,87.2,12.09
2026-06-09T17:27:55Z,,0,,,,,,
2026-06-09T18:27:55Z,,0,,,,,,
2026-06-09T19:10:37Z,1605,,17.9,79.1,12.07,15.9,88.5,11.98
2026-06-09T19:27:54Z,,0,,,,,,
2026-06-09T20:27:55Z,,0,,,,,,
2026-06-09T21:10:03Z,1680,,16.5,84,11.79,15,90.5,11.6
2026-06-09T21:27:54Z,,0,,,,,,
2026-06-09T22:27:54Z,,0,,,,,,
2026-06-09T23:09:43Z,1680,,16.1,83.5,11.44,14.3,91.9,11.29
2026-06-09T23:27:54Z,,0,,,,,,
2026-06-10T00:27:55Z,,0,,,,,,
2026-06-10T01:09:42Z,1680,,14.5,86.8,10.79,13,93.3,10.58
2026-06-10T01:27:54Z,,4e-05,,,,,,
2026-06-10T02:27:54Z,,7e-05,,,,,,
2026-06-10T03:08:59Z,1950,,15.4,87,11.43,12.9,94.1,10.6
2026-06-10T03:27:54Z,,0.00011,,,,,,
2026-06-10T04:27:55Z,,0.00016,,,,,,
2026-06-10T05:08:20Z,1710,,15.3,82.8,10.81,12.5,95.4,10.48
2026-06-10T05:27:54Z,,0,,,,,,
2026-06-10T06:27:55Z,,0,,,,,,
2026-06-10T07:08:51Z,1815,,18.4,77.8,12.23,15.1,90.8,11.71
2026-06-10T07:27:55Z,,0,,,,,,
2026-06-10T08:27:55Z,,0,,,,,,
2026-06-10T09:08:11Z,1800,,26.6,44.2,11.13,18.1,69,10.66
2026-06-10T09:27:55Z,,0,,,,,,
2026-06-10T10:27:56Z,,0,,,,,,
2026-06-10T11:07:29Z,2205,,33.8,28.5,10.6,18.8,58.2,9.37
2026-06-10T11:27:55Z,,0,,,,,,
2026-06-10T12:27:54Z,,0,,,,,,
2026-06-10T13:06:55Z,1905,,32.8,26.1,9.21,17.3,59.1,8.7
2026-06-10T13:27:55Z,,0,,,,,,
2026-06-10T14:27:54Z,,0,,,,,,
2026-06-10T15:07:39Z,1590,,30.8,24.5,7.77,16.9,54,7.76
2026-06-10T15:27:55Z,,0,,,,,,
2026-06-10T16:27:55Z,,0,,,,,,
2026-06-10T17:07:25Z,1020,,25.2,29.3,6.82,16,55.8,7.6
2026-06-10T17:27:55Z,,0,,,,,,
2026-06-10T18:27:56Z,,0,,,,,,
2026-06-10T19:07:15Z,525,,17.6,42.2,6.33,14.1,63.5,7.7
2026-06-10T19:27:54Z,,0,,,,,,
2026-06-10T20:27:54Z,,0,,,,,,
2026-06-10T21:06:55Z,525,,11.9,59.3,6.28,11.5,76.1,7.86
2026-06-10T21:27:54Z,,0,,,,,,
2026-06-10T22:27:54Z,,0,,,,,,
2026-06-10T23:06:24Z,855,,10.7,74.6,7.32,10.6,85.7,8.36
2026-06-10T23:27:54Z,,0,,,,,,
2026-06-11T00:27:53Z,,0,,,,,,
2026-06-11T01:06:06Z,1065,,11,80,8.0,10.7,89.8,8.82
2026-06-11T01:27:54Z,,0,,,,,,
2026-06-11T02:27:55Z,,0,,,,,,
2026-06-11T03:06:39Z,1350,,12.6,82.4,9.11,11.9,89.3,9.45
2026-06-11T03:27:55Z,,0,,,,,,
2026-06-11T04:27:55Z,,0,,,,,,
2026-06-11T05:06:56Z,1905,,19.2,71.2,11.74,18.8,68.2,10.98
2026-06-11T05:27:54Z,,0,,,,,,
2026-06-11T06:27:54Z,,0,,,,,,
2026-06-11T07:07:27Z,2850,,33.2,30.5,10.99,22.8,45,9.14
2026-06-11T07:27:55Z,,0,,,,,,
2026-06-11T08:27:55Z,,0,,,,,,
2026-06-11T09:07:17Z,1920,,35,21.8,8.63,22.3,41.1,8.12
2026-06-11T09:27:55Z,,0,,,,,,
2026-06-11T10:27:55Z,,0,,,,,,
2026-06-11T11:07:17Z,1680,,33.5,22.2,8.13,18.8,49.9,8.03
2026-06-11T11:27:54Z,,0,,,,,,
2026-06-11T12:27:55Z,,0,,,,,,
2026-06-11T13:06:53Z,1095,,25.4,28.3,6.66,16.5,52.1,7.31
2026-06-11T13:27:55Z,,0,,,,,,
2026-06-11T14:27:55Z,,0,,,,,,
2026-06-11T15:07:01Z,525,,19.9,39.2,6.73,14.4,66.3,8.19
2026-06-11T15:27:54Z,,0,,,,,,
2026-06-11T16:27:54Z,,0,,,,,,
2026-06-11T17:07:41Z,870,,15,53.9,6.91,12.5,71.4,7.85
2026-06-11T17:27:54Z,,0,,,,,,
2026-06-11T18:27:54Z,,0,,,,,,
2026-06-11T19:07:21Z,1350,,13.1,70.3,8.02,10.3,86.9,8.32
2026-06-11T19:27:54Z,,0,,,,,,
2026-06-11T20:27:54Z,,0,,,,,,
2026-06-11T21:07:58Z,1260,,12.7,79.3,8.82,10,99,9.3
2026-06-11T21:27:54Z,,0,,,,,,
2026-06-11T22:27:54Z,,0,,,,,,
2026-06-11T23:07:31Z,1350,,13,82.5,9.35,10.5,100,9.7
2026-06-11T23:27:54Z,,0,,,,,,
2026-06-12T00:27:55Z,,0,,,,,,
2026-06-12T01:08:15Z,1440,,13.5,84.7,9.9,11.1,100,10.07
2026-06-12T01:27:55Z,,0,,,,,,
2026-06-12T02:27:55Z,,0,,,,,,
2026-06-12T03:08:12Z,1575,,14.8,86.3,10.93,12.3,100,10.85
2026-06-12T03:27:55Z,,3e-05,,,,,,
2026-06-12T04:27:55Z,,6e-05,,,,,,
2026-06-12T05:08:28Z,1410,,15.6,78.9,10.49,12.2,99.4,10.72
2026-06-12T05:27:55Z,,0,,,,,,
2026-06-12T06:27:55Z,,0,,,,,,
2026-06-12T07:08:15Z,1770,,17.8,72.6,11.02,12.7,95.9,10.67
2026-06-12T07:27:54Z,,0,,,,,,
2026-06-12T08:27:54Z,,0,,,,,,
2026-06-12T09:08:13Z,1455,,20.9,56.8,10.34,14.3,85.9,10.55
2026-06-12T09:27:54Z,,0,,,,,,
2026-06-12T10:27:55Z,,0,,,,,,
2026-06-12T11:08:02Z,1290,,24.9,40.7,9.32,15.5,74.4,9.83
2026-06-12T11:27:55Z,,0,,,,,,
2026-06-12T12:27:55Z,,0,,,,,,
2026-06-12T13:07:13Z,1845,,26,41.1,10.01,16.7,67.2,9.55
2026-06-12T13:27:54Z,,0,,,,,,
2026-06-12T14:27:55Z,,0,,,,,,
2026-06-12T15:07:49Z,1080,,25,38.1,8.77,17.2,65.9,9.65
2026-06-12T15:27:54Z,,0,,,,,,
2026-06-12T16:27:54Z,,0,,,,,,
2026-06-12T17:07:23Z,750,,20.9,44.9,8.18,16.5,68.3,9.59
2026-06-12T17:27:55Z,,0,,,,,,
2026-06-12T18:27:55Z,,0,,,,,,
2026-06-12T19:07:39Z,630,,18,51,7.83,14.6,75.4,9.43
2026-06-12T19:27:55Z,,0,,,,,,
2026-06-12T20:27:54Z,,0,,,,,,
2026-06-12T21:08:21Z,750,,13.2,66.4,7.62,12.1,83.5,8.95
2026-06-12T21:27:54Z,,0,,,,,,
2026-06-12T22:27:54Z,,0,,,,,,
2026-06-12T23:08:50Z,1020,,11.6,76.2,7.92,10.7,88.1,8.65
2026-06-12T23:27:54Z,,0,,,,,,
2026-06-13T00:27:54Z,,0,,,,,,
2026-06-13T01:08:50Z,1380,,11.6,79.9,8.3,10.1,90.4,8.55
2026-06-13T01:27:54Z,,0,,,,,,
2026-06-13T02:27:54Z,,0,,,,,,
2026-06-13T03:09:04Z,1950,,12.1,87.4,9.37,10.1,92.1,8.71
2026-06-13T03:27:54Z,,4e-05,,,,,,
2026-06-13T04:27:55Z,,8e-05,,,,,,
2026-06-13T05:09:54Z,1800,,17.7,69.7,10.51,14.7,79.5,10.01
2026-06-13T05:27:55Z,,0,,,,,,
2026-06-13T06:27:54Z,,0,,,,,,
2026-06-13T07:09:59Z,1335,,20.8,51.9,9.4,15.3,74.9,9.78
2026-06-13T07:27:55Z,,0,,,,,,
2026-06-13T08:27:55Z,,0,,,,,,
2026-06-13T09:09:46Z,1275,,21.7,50.6,9.65,16,74.7,10.17
2026-06-13T09:27:54Z,,0,,,,,,
2026-06-13T10:27:55Z,,0,,,,,,
2026-06-13T11:10:13Z,1590,,17,67.2,9.72,13.3,83.9,9.69
2026-06-13T11:27:55Z,,0,,,,,,
2026-06-13T12:27:54Z,,0,,,,,,
2026-06-13T13:09:34Z,1500,,16.1,66.9,9.17,12.1,86.9,9.32
2026-06-13T13:27:54Z,,0,,,,,,
2026-06-13T14:27:55Z,,0,,,,,,
2026-06-13T15:09:26Z,1620,,14.1,76.6,9.29,11.1,91.4,9.2
2026-06-13T15:27:54Z,,0,,,,,,
2026-06-13T16:27:55Z,,0,,,,,,
2026-06-13T17:09:47Z,1650,,13,80.7,9.15,10.8,91.7,9.06
2026-06-13T17:27:54Z,,0,,,,,,
2026-06-13T18:27:54Z,,0,,,,,,
2026-06-13T19:09:38Z,1725,,12.1,85.5,9.17,9.9,95.2,8.89
2026-06-13T19:27:54Z,,1e-05,,,,,,
2026-06-13T20:27:54Z,,2e-05,,,,,,
2026-06-13T21:09:46Z,1755,,11.8,87.8,9.24,9.7,97.1,8.95
2026-06-13T21:27:54Z,,7e-05,,,,,,
2026-06-13T22:27:54Z,,0.00011,,,,,,
2026-06-13T23:09:41Z,1830,,11.8,88.1,9.27,9.5,97,8.83
2026-06-13T23:27:54Z,,0.00016,,,,,,
2026-06-14T00:27:55Z,,0.0002,,,,,,
2026-06-14T01:08:57Z,1770,,11.9,87.2,9.23,9.5,97.8,8.9
2026-06-14T01:27:55Z,,0.00024,,,,,,
2026-06-14T02:27:55Z,,0.00028,,,,,,
2026-06-14T03:09:21Z,1830,,11.8,87.2,9.17,9.2,97.9,8.74
2026-06-14T03:27:54Z,,0.00032,,,,,,
2026-06-14T04:27:54Z,,0.00035,,,,,,
2026-06-14T05:08:54Z,1860,,12.9,83,9.35,10,93.4,8.77
2026-06-14T05:27:55Z,,2e-05,,,,,,
2026-06-14T06:27:55Z,,0,,,,,,
2026-06-14T07:08:26Z,2220,,15.6,72.6,9.65,11.2,84.2,8.53
2026-06-14T07:27:54Z,,0,,,,,,
2026-06-14T08:27:54Z,,0,,,,,,
2026-06-14T09:09:10Z,2280,,21.9,49.9,9.63,13.3,72.7,8.4
2026-06-14T09:27:55Z,,0,,,,,,
2026-06-14T10:27:54Z,,0,,,,,,
2026-06-14T11:09:49Z,2280,,29.1,32.7,9.45,14.5,66.6,8.28
2026-06-14T11:27:55Z,,0,,,,,,
2026-06-14T12:27:55Z,,0,,,,,,
2026-06-14T13:10:06Z,885,,20.9,42.5,7.74,12.7,79.9,8.89
2026-06-14T13:27:55Z,,0,,,,,,
2026-06-14T14:27:54Z,,0,,,,,,
2026-06-14T15:09:52Z,1005,,16.9,62.3,8.96,12.7,89.6,9.97
2026-06-14T15:27:54Z,,0,,,,,,
2026-06-14T16:27:54Z,,0,,,,,,
2026-06-14T17:10:18Z,1410,,17.8,64.5,9.79,13.2,88,10.1
2026-06-14T17:27:55Z,,0,,,,,,
2026-06-14T18:27:54Z,,0,,,,,,
2026-06-14T19:10:26Z,1170,,15.7,68.9,9.21,12.7,89.7,9.98
2026-06-14T19:27:54Z,,0,,,,,,
2026-06-14T20:27:54Z,,0,,,,,,
2026-06-14T21:10:00Z,930,,11.6,80.4,8.35,11.1,93.4,9.4
2026-06-14T21:27:55Z,,0,,,,,,
2026-06-14T22:27:54Z,,0,,,,,,
2026-06-14T23:09:52Z,1065,,10.9,85.6,8.51,10.5,96.3,9.34
2026-06-14T23:27:54Z,,1e-05,,,,,,
2026-06-15T00:27:55Z,,2e-05,,,,,,
2026-06-15T01:09:25Z,1350,,10.8,90.1,8.9,10.1,98,9.26
2026-06-15T01:27:55Z,,9e-05,,,,,,
2026-06-15T02:27:55Z,,0.00016,,,,,,
2026-06-15T03:09:14Z,1980,,13.3,91.8,10.6,10.8,98.8,9.76
2026-06-15T03:27:55Z,,0.00026,,,,,,
2026-06-15T04:27:55Z,,0.00036,,,,,,
2026-06-15T05:08:45Z,2010,,14.9,89.3,11.38,12.1,97.4,10.44
2026-06-15T05:27:55Z,,0.00043,,,,,,
2026-06-15T06:27:54Z,,0.0005,,,,,,
2026-06-15T07:09:08Z,1740,,19.6,67.1,11.32,13.9,91,10.9
2026-06-15T07:27:55Z,,0.00017,,,,,,
2026-06-15T08:27:55Z,,0,,,,,,
2026-06-15T09:09:23Z,1860,,16.4,86.7,12.1,13.8,96.1,11.45
2026-06-15T09:27:55Z,,4e-05,,,,,,
2026-06-15T10:27:55Z,,8e-05,,,,,,
2026-06-15T11:08:55Z,1935,,19.8,71.1,12.14,14.9,88.5,11.27
2026-06-15T11:27:54Z,,0,,,,,,
2026-06-15T12:27:54Z,,0,,,,,,
2026-06-15T13:08:23Z,2130,,26.1,51.2,12.54,16.1,82.3,11.28
2026-06-15T13:27:55Z,,0,,,,,,
2026-06-15T14:27:54Z,,0,,,,,,
2026-06-15T15:07:37Z,1725,,24.4,50.5,11.24,15.2,84.3,10.94
2026-06-15T15:27:54Z,,0,,,,,,
2026-06-15T16:27:55Z,,0,,,,,,
2026-06-15T17:08:27Z,1695,,23.6,50,10.64,14.5,83.6,10.39
2026-06-15T17:27:54Z,,0,,,,,,
2026-06-15T18:27:55Z,,0,,,,,,
2026-06-15T19:07:33Z,1305,,19.3,57.2,9.49,13.3,86.7,10.01
2026-06-15T19:27:53Z,,0,,,,,,
2026-06-15T20:27:54Z,,0,,,,,,
2026-06-15T21:07:40Z,870,,11.9,73.4,7.77,10.4,92.1,8.87
2026-06-15T21:27:54Z,,0,,,,,,
2026-06-15T22:27:54Z,,0,,,,,,
2026-06-15T23:07:51Z,930,,8.8,82.9,7.21,8.4,95,8.06
2026-06-15T23:27:54Z,,0,,,,,,
2026-06-16T00:27:54Z,,0,,,,,,
2026-06-16T01:07:56Z,1170,,8.8,85.9,7.47,8,97,8.02
2026-06-16T01:27:55Z,,2e-05,,,,,,
2026-06-16T02:27:55Z,,3e-05,,,,,,
2026-06-16T03:08:43Z,1545,,9.9,91.4,8.53,9.2,95.4,8.52
2026-06-16T03:27:54Z,,0.00011,,,,,,
2026-06-16T04:27:55Z,,0.00018,,,,,,
2026-06-16T05:07:57Z,2145,,15.2,90.7,11.77,14.6,84.8,10.61
2026-06-16T05:27:54Z,,0.00028,,,,,,
2026-06-16T06:27:55Z,,0.00037,,,,,,
2026-06-16T07:07:37Z,1605,,26.8,49.1,12.5,21.9,64.6,12.47
2026-06-16T07:27:54Z,,4e-05,,,,,,
2026-06-16T08:27:55Z,,0,,,,,,
2026-06-16T09:08:02Z,2040,,39.5,23,11.48,25.3,45.2,10.58
2026-06-16T09:27:54Z,,0,,,,,,
2026-06-16T10:27:55Z,,0,,,,,,
2026-06-16T11:07:46Z,1845,,39.4,20.5,10.18,21.6,51.4,9.75
2026-06-16T11:27:54Z,,0,,,,,,
2026-06-16T12:27:55Z,,0,,,,,,
2026-06-16T13:08:20Z,1695,,34.9,25.1,9.89,20.6,54.4,9.73
2026-06-16T13:27:55Z,,0,,,,,,
2026-06-16T14:27:54Z,,0,,,,,,
2026-06-16T15:09:05Z,1380,,35.6,21.8,8.91,22.1,47.6,9.29
2026-06-16T15:27:54Z,,0,,,,,,
2026-06-16T16:27:54Z,,0,,,,,,
2026-06-16T17:09:39Z,585,,27.1,31.8,8.23,20,57.7,9.97
2026-06-16T17:27:54Z,,0,,,,,,
2026-06-16T18:27:54Z,,0,,,,,,
2026-06-16T19:09:39Z,525,,20.3,45.9,8.07,17.6,67,10.05
2026-06-16T19:27:54Z,,0,,,,,,
2026-06-16T20:27:54Z,,0,,,,,,
2026-06-16T21:09:42Z,975,,16.8,58.1,8.3,15.5,70.6,9.33
2026-06-16T21:27:54Z,,0,,,,,,
2026-06-16T22:27:54Z,,0,,,,,,
2026-06-16T23:09:03Z,1395,,15.6,73.8,9.81,14.2,82.8,10.11
2026-06-16T23:27:55Z,,0,,,,,,
2026-06-17T00:27:55Z,,0,,,,,,
2026-06-17T01:09:32Z,1605,,15.1,74.8,9.65,13.4,82.7,9.61
2026-06-17T01:27:54Z,,0,,,,,,
2026-06-17T02:27:55Z,,0,,,,,,
2026-06-17T03:09:52Z,1605,,14.3,73.2,8.99,12.2,82.7,8.92
2026-06-17T03:27:54Z,,0,,,,,,
2026-06-17T04:27:54Z,,0,,,,,,
2026-06-17T05:09:22Z,1635,,14.1,78.1,9.47,12.4,86.2,9.41
2026-06-17T05:27:54Z,,0,,,,,,
2026-06-17T06:27:55Z,,0,,,,,,
2026-06-17T07:10:26Z,1605,,14.8,79.6,10.08,12.7,89.6,9.97
2026-06-17T07:27:54Z,,0,,,,,,
2026-06-17T08:27:55Z,,0,,,,,,
2026-06-17T09:10:45Z,1740,,15.3,85.3,11.13,13.3,93.5,10.8
2026-06-17T09:27:55Z,,1e-05,,,,,,
2026-06-17T10:27:55Z,,2e-05,,,,,,
2026-06-17T11:10:02Z,1740,,16.3,85.4,11.84,14.3,94,11.54
2026-06-17T11:27:54Z,,3e-05,,,,,,
2026-06-17T12:27:54Z,,4e-05,,,,,,
2026-06-17T13:10:24Z,1785,,17,85.8,12.41,14.8,94.7,11.99
2026-06-17T13:27:54Z,,6e-05,,,,,,
2026-06-17T14:27:55Z,,8e-05,,,,,,
2026-06-17T15:10:27Z,1815,,16.6,85.8,12.12,14.6,92.7,11.6
2026-06-17T15:27:54Z,,0.0001,,,,,,
2026-06-17T16:27:55Z,,0.00012,,,,,,
2026-06-17T17:10:54Z,1695,,16.4,80,11.16,15,84.9,10.88
2026-06-17T17:27:55Z,,0,,,,,,
2026-06-17T18:27:54Z,,0,,,,,,
2026-06-17T19:10:35Z,1605,,16,70.3,9.57,14.9,74.6,9.5
2026-06-17T19:27:55Z,,0,,,,,,
2026-06-17T20:27:54Z,,0,,,,,,
2026-06-17T21:09:41Z,1485,,14.6,74.1,9.27,13.2,82.2,9.43
2026-06-17T21:27:54Z,,0,,,,,,
2026-06-17T22:27:54Z,,0,,,,,,
2026-06-17T23:09:41Z,1575,,13.1,77.5,8.84,12.1,82.3,8.82
2026-06-17T23:27:55Z,,0,,,,,,
2026-06-18T00:27:54Z,,0,,,,,,
2026-06-18T01:10:01Z,1680,,11.9,79.7,8.44,10.6,85,8.29
2026-06-18T01:27:54Z,,0,,,,,,
2026-06-18T02:27:54Z,,0,,,,,,
2026-06-18T03:09:37Z,1830,,13,82.4,9.34,13,78.4,8.89
2026-06-18T03:27:54Z,,0,,,,,,
2026-06-18T04:27:55Z,,0,,,,,,
2026-06-18T05:09:37Z,1620,,19.2,61,10.06,19,60.8,9.91
2026-06-18T05:27:55Z,,0,,,,,,
2026-06-18T06:27:54Z,,0,,,,,,
2026-06-18T07:10:22Z,1485,,29.1,38.1,11.01,26.6,44.9,11.31
2026-06-18T07:27:54Z,,0,,,,,,
2026-06-18T08:27:54Z,,0,,,,,,
2026-06-18T09:09:35Z,1620,,34.1,26,9.82,25.6,41.2,9.81
2026-06-18T09:27:54Z,,0,,,,,,
2026-06-18T10:27:55Z,,0,,,,,,
2026-06-18T11:09:05Z,1980,,36.7,22.3,9.65,24,41.1,8.94
2026-06-18T11:27:54Z,,0,,,,,,
2026-06-18T12:27:55Z,,0,,,,,,
2026-06-18T13:08:15Z,1170,,33.8,22.3,8.29,22.5,45,8.99
2026-06-18T13:27:54Z,,0,,,,,,
2026-06-18T14:27:54Z,,0,,,,,,
2026-06-18T15:09:15Z,1305,,36.1,22.3,9.35,21.8,51.9,9.96
2026-06-18T15:27:55Z,,0,,,,,,
2026-06-18T16:27:55Z,,0,,,,,,
2026-06-18T17:09:10Z,795,,26,33.3,8.11,19.8,55.2,9.43
2026-06-18T17:27:56Z,,0,,,,,,
2026-06-18T18:27:55Z,,0,,,,,,
2026-06-18T19:08:26Z,525,,20.2,41.4,7.24,17.5,60.2,8.97
2026-06-18T19:27:55Z,,0,,,,,,
2026-06-18T20:27:54Z,,0,,,,,,
2026-06-18T21:08:28Z,825,,16.8,52.6,7.52,15.6,65.2,8.67
2026-06-18T21:27:54Z,,0,,,,,,
2026-06-18T22:27:54Z,,0,,,,,,
2026-06-18T23:08:26Z,1095,,15.8,62.1,8.36,14.6,72.6,9.08
2026-06-18T23:27:54Z,,0,,,,,,
2026-06-19T00:27:54Z,,0,,,,,,
2026-06-19T01:08:51Z,1395,,14.9,71.7,9.13,13.9,78.8,9.44
2026-06-19T01:27:55Z,,0,,,,,,
2026-06-19T02:27:54Z,,0,,,,,,
2026-06-19T03:09:11Z,1635,,15.5,77.4,10.23,14.7,80.4,10.12
2026-06-19T03:27:55Z,,0,,,,,,
2026-06-19T04:27:55Z,,0,,,,,,
2026-06-19T05:09:38Z,1785,,23.1,47.5,9.82,22,48.9,9.49
2026-06-19T05:27:55Z,,0,,,,,,
2026-06-19T06:27:56Z,,0,,,,,,
2026-06-19T07:08:54Z,1200,,32.5,26.5,9.2,27.2,38,9.89
2026-06-19T07:27:54Z,,0,,,,,,
2026-06-19T08:27:55Z,,0,,,,,,
2026-06-19T09:09:22Z,2100,,43.1,16.9,10.09,30,30.5,9.26
2026-06-19T09:27:54Z,,0,,,,,,
2026-06-19T10:27:54Z,,0,,,,,,
2026-06-19T11:09:09Z,1890,,40.5,18.2,9.55,24.8,39.9,9.08
2026-06-19T11:27:55Z,,0,,,,,,
2026-06-19T12:27:55Z,,0,,,,,,
2026-06-19T13:09:30Z,1785,,38,19.3,8.93,23.2,41.5,8.63
2026-06-19T13:27:56Z,,0,,,,,,
2026-06-19T14:27:55Z,,0,,,,,,
2026-06-19T15:08:59Z,1200,,32.9,24,8.51,21.8,47.7,9.15
2026-06-19T15:27:55Z,,0,,,,,,
2026-06-19T16:27:55Z,,0,,,,,,
2026-06-19T17:09:02Z,1065,,30.5,27.2,8.48,21.7,49.2,9.38
2026-06-19T17:27:55Z,,0,,,,,,
2026-06-19T18:27:55Z,,0,,,,,,
2026-06-19T19:08:37Z,705,,23,40.3,8.28,19.9,57.6,9.89
2026-06-19T19:27:54Z,,0,,,,,,
2026-06-19T20:27:54Z,,0,,,,,,
2026-06-19T21:09:02Z,885,,16.6,55.7,7.87,16.5,63.7,8.94
2026-06-19T21:27:55Z,,0,,,,,,
2026-06-19T22:27:54Z,,0,,,,,,
2026-06-19T23:08:53Z,1005,,13.1,65.8,7.51,13,73.4,8.32
2026-06-19T23:27:55Z,,0,,,,,,
2026-06-20T00:27:55Z,,0,,,,,,
2026-06-20T01:09:33Z,1575,,12.7,72.3,8.05,12,75.1,8.0
2026-06-20T01:27:55Z,,0,,,,,,
2026-06-20T02:27:54Z,,0,,,,,,
2026-06-20T03:09:22Z,1725,,14,76.4,9.21,13.2,78.4,9.0
2026-06-20T03:27:55Z,,0,,,,,,
2026-06-20T04:27:54Z,,0,,,,,,
2026-06-20T05:10:00Z,1560,,22.8,52.7,10.71,19.6,63.8,10.77
2026-06-20T05:27:55Z,,0,,,,,,
2026-06-20T06:27:55Z,,0,,,,,,
2026-06-20T07:09:32Z,1575,,28.1,41.6,11.38,21.6,60,11.38
2026-06-20T07:27:55Z,,0,,,,,,
2026-06-20T08:27:54Z,,0,,,,,,
2026-06-20T09:09:51Z,2025,,35.7,29.4,12.08,24.5,49.5,11.08
2026-06-20T09:27:55Z,,0,,,,,,
2026-06-20T10:27:55Z,,0,,,,,,
2026-06-20T11:09:44Z,1635,,38.4,26.3,12.41,24.5,55.1,12.33
2026-06-20T11:27:55Z,,0,,,,,,
2026-06-20T12:27:55Z,,0,,,,,,
2026-06-20T13:09:27Z,1275,,38.7,26.1,12.51,22.7,65.6,13.25
2026-06-20T13:27:54Z,,0,,,,,,
2026-06-20T14:27:55Z,,0,,,,,,
2026-06-20T15:09:17Z,1275,,38,27.7,12.81,22.8,67.6,13.74
2026-06-20T15:27:55Z,,0,,,,,,
2026-06-20T16:27:54Z,,0,,,,,,
2026-06-20T17:09:25Z,900,,31,36,11.53,22.5,66.7,13.32
2026-06-20T17:27:54Z,,0,,,,,,
2026-06-20T18:27:54Z,,0,,,,,,
2026-06-20T19:10:02Z,750,,22.9,48,9.81,20.3,65.9,11.59
2026-06-20T19:27:54Z,,0,,,,,,
2026-06-20T20:27:54Z,,0,,,,,,
2026-06-20T21:10:40Z,765,,19,61.6,10.04,18.3,75.7,11.83
2026-06-20T21:27:54Z,,0,,,,,,
2026-06-20T22:27:54Z,,0,,,,,,
2026-06-20T23:11:03Z,975,,18.7,68.4,10.95,18.4,78.6,12.36
2026-06-20T23:27:54Z,,0,,,,,,
2026-06-21T00:27:55Z,,0,,,,,,
2026-06-21T01:10:16Z,1170,,17.8,75.5,11.46,17,85.4,12.35
2026-06-21T01:27:55Z,,0,,,,,,
2026-06-21T02:27:55Z,,0,,,,,,
2026-06-21T03:09:33Z,1395,,17.8,80.2,12.17,17.7,82.9,12.5
2026-06-21T03:27:54Z,,0,,,,,,
2026-06-21T04:27:55Z,,0,,,,,,
2026-06-21T05:09:13Z,1860,,24.1,69.2,15.14,23.3,68.4,14.3
2026-06-21T05:27:54Z,,0,,,,,,
2026-06-21T06:27:54Z,,0,,,,,,
2026-06-21T07:09:33Z,1635,,35.1,40.2,16.01,30.7,50.5,15.92
2026-06-21T07:27:54Z,,0,,,,,,
2026-06-21T08:27:54Z,,0,,,,,,
2026-06-21T09:09:52Z,1635,,40.4,28.4,14.83,32,43.8,14.81
2026-06-21T09:27:54Z,,0,,,,,,
2026-06-21T10:27:55Z,,0,,,,,,
2026-06-21T11:10:43Z,1530,,39.6,26.1,13.09,29.4,45.6,13.4
2026-06-21T11:27:55Z,,0,,,,,,
2026-06-21T12:27:54Z,,0,,,,,,
2026-06-21T13:11:09Z,2025,,43.3,20.8,12.54,26.8,45.6,11.61
2026-06-21T13:27:54Z,,0,,,,,,
2026-06-21T14:27:55Z,,0,,,,,,
2026-06-21T15:11:53Z,1185,,36.8,23.6,10.26,26.5,44.5,11.14
2026-06-21T15:27:55Z,,0,,,,,,
2026-06-21T16:27:55Z,,0,,,,,,
2026-06-21T17:11:18Z,1140,,32.9,26.9,9.54,25.8,43.2,10.4
2026-06-21T17:27:54Z,,0,,,,,,
2026-06-21T18:27:55Z,,0,,,,,,
2026-06-21T19:10:46Z,1095,,25.5,36.3,8.6,22.6,47.4,9.52
2026-06-21T19:27:54Z,,0,,,,,,
2026-06-21T20:27:54Z,,0,,,,,,
2026-06-21T21:10:28Z,1080,,19,48.6,7.92,18.2,55.9,8.69
2026-06-21T21:27:54Z,,0,,,,,,
2026-06-21T22:27:54Z,,0,,,,,,
2026-06-21T23:10:45Z,1320,,16.3,55.1,7.64,15.6,59.8,7.95
2026-06-21T23:27:54Z,,0,,,,,,
2026-06-22T00:27:54Z,,0,,,,,,
2026-06-22T01:10:08Z,1515,,14.3,61.5,7.55,13.5,65.1,7.61
2026-06-22T01:27:55Z,,0,,,,,,
2026-06-22T02:27:54Z,,0,,,,,,
2026-06-22T03:10:30Z,1635,,15.1,65.2,8.41,15.6,62.3,8.28
2026-06-22T03:27:54Z,,0,,,,,,
2026-06-22T04:27:54Z,,0,,,,,,
2026-06-22T05:10:59Z,1815,,21.4,48.5,9.09,20.2,49.9,8.72
2026-06-22T05:27:54Z,,0,,,,,,
2026-06-22T06:27:55Z,,0,,,,,,
2026-06-22T07:10:51Z,1545,,31.3,29.8,9.7,25.7,41.2,9.87
2026-06-22T07:27:55Z,,0,,,,,,
2026-06-22T08:27:54Z,,0,,,,,,
2026-06-22T09:10:30Z,1590,,38,19.4,8.97,26.6,35.6,8.97
2026-06-22T09:27:55Z,,0,,,,,,
2026-06-22T10:27:55Z,,0,,,,,,
2026-06-22T11:10:39Z,1860,,38.2,17.6,8.22,23.8,36.6,7.87
2026-06-22T11:27:55Z,,0,,,,,,
2026-06-22T12:27:55Z,,0,,,,,,
2026-06-22T13:10:41Z,1800,,37.3,16.3,7.27,22.5,35.3,7.05
2026-06-22T13:27:54Z,,0,,,,,,
2026-06-22T14:27:55Z,,0,,,,,,
2026-06-22T15:11:12Z,1260,,31,20,6.41,21.6,36,6.83
2026-06-22T15:27:54Z,,0,,,,,,
2026-06-22T16:27:54Z,,0,,,,,,
2026-06-22T17:11:50Z,1200,,26.4,21.2,5.28,20,33,5.7
2026-06-22T17:27:55Z,,0,,,,,,
2026-06-22T18:27:55Z,,0,,,,,,
2026-06-22T19:11:01Z,840,,19.2,28.9,4.76,16.7,38.8,5.51
2026-06-22T19:27:54Z,,0,,,,,,
2026-06-22T20:27:55Z,,0,,,,,,
2026-06-22T21:11:42Z,975,,15.3,39.4,5.14,14.1,47.4,5.75
2026-06-22T21:27:55Z,,0,,,,,,
2026-06-22T22:27:55Z,,0,,,,,,
2026-06-22T23:11:17Z,1125,,12,49.8,5.31,11.1,56.7,5.71
2026-06-22T23:27:55Z,,0,,,,,,
2026-06-23T00:27:54Z,,0,,,,,,
2026-06-23T01:11:19Z,1425,,10.5,60.6,5.88,9.5,65.6,5.97
2026-06-23T01:27:54Z,,0,,,,,,
2026-06-23T02:27:54Z,,0,,,,,,
2026-06-23T03:11:01Z,1710,,11.4,68.1,6.99,11.7,65,6.8
2026-06-23T03:27:54Z,,0,,,,,,
2026-06-23T04:27:54Z,,0,,,,,,
2026-06-23T05:10:21Z,1770,,18.9,47.3,7.66,19,45.6,7.43
2026-06-23T05:27:55Z,,0,,,,,,
2026-06-23T06:27:55Z,,0,,,,,,
2026-06-23T07:10:05Z,1320,,24.7,27.5,6.23,21.9,33.8,6.52
2026-06-23T07:27:55Z,,0,,,,,,
2026-06-23T08:27:55Z,,0,,,,,,
2026-06-23T09:10:03Z,1710,,31.8,20.2,6.76,23.8,30.9,6.65
2026-06-23T09:27:54Z,,0,,,,,,
2026-06-23T10:27:53Z,,0,,,,,,
2026-06-23T11:09:45Z,1770,,33.1,18.1,6.49,20.5,35.4,6.3
2026-06-23T11:27:53Z,,0,,,,,,
2026-06-23T12:27:54Z,,0,,,,,,
2026-06-23T13:09:28Z,1770,,33.4,17.8,6.48,19.7,37.2,6.32
2026-06-23T13:27:53Z,,0,,,,,,
2026-06-23T14:27:53Z,,0,,,,,,
2026-06-23T15:09:48Z,1395,,25.1,27.3,6.32,19.5,39.1,6.56
2026-06-23T15:27:53Z,,0,,,,,,
2026-06-23T16:27:54Z,,0,,,,,,
2026-06-23T17:10:32Z,1050,,21.9,31.7,6.12,18.3,43.5,6.8
2026-06-23T17:27:54Z,,0,,,,,,
2026-06-23T18:27:53Z,,0,,,,,,
2026-06-23T19:10:52Z,840,,17.8,38.1,5.78,16,49,6.67
2026-06-23T19:27:53Z,,0,,,,,,
2026-06-23T20:27:54Z,,0,,,,,,
2026-06-23T21:11:04Z,1065,,15.2,46.8,6.07,14,55,6.63
2026-06-23T21:27:53Z,,0,,,,,,
2026-06-23T22:27:53Z,,0,,,,,,
2026-06-23T23:10:56Z,1290,,14.3,54.6,6.71,13,62.1,7.04
2026-06-23T23:27:53Z,,0,,,,,,
2026-06-24T00:27:53Z,,0,,,,,,
2026-06-24T01:11:06Z,1545,,13.8,61.6,7.34,12.7,66.2,7.37
2026-06-24T01:27:53Z,,0,,,,,,
2026-06-24T02:27:53Z,,0,,,,,,
2026-06-24T03:11:44Z,1800,,13.9,71.6,8.58,12.5,75.2,8.26
2026-06-24T03:27:53Z,,0,,,,,,
2026-06-24T04:27:53Z,,0,,,,,,
2026-06-24T05:11:02Z,1770,,15.3,78.5,10.25,13.4,85.5,9.93
2026-06-24T05:27:53Z,,0,,,,,,
2026-06-24T06:27:53Z,,0,,,,,,
2026-06-24T07:10:50Z,1830,,16.5,79.1,11.1,14,88.1,10.62
2026-06-24T07:27:53Z,,0,,,,,,
2026-06-24T08:27:54Z,,0,,,,,,
2026-06-24T09:10:10Z,2070,,17.4,80.1,11.87,14.2,88.3,10.78
2026-06-24T09:27:53Z,,0,,,,,,
2026-06-24T10:27:53Z,,0,,,,,,
2026-06-24T11:10:22Z,2205,,26.8,49.8,12.68,16.5,79.8,11.2
2026-06-24T11:27:53Z,,0,,,,,,
2026-06-24T12:27:53Z,,0,,,,,,
2026-06-24T13:10:00Z,1515,,30.7,29.7,9.36,17.2,65,9.52
2026-06-24T13:27:54Z,,0,,,,,,
2026-06-24T14:27:54Z,,0,,,,,,
2026-06-24T15:10:25Z,1065,,27.3,32.8,8.59,18.5,60,9.49
2026-06-24T15:27:53Z,,0,,,,,,
2026-06-24T16:27:53Z,,0,,,,,,
2026-06-24T17:11:03Z,1290,,28.4,31.4,8.73,18.8,57.1,9.19
2026-06-24T17:27:53Z,,0,,,,,,
2026-06-24T18:27:53Z,,0,,,,,,
2026-06-24T19:10:31Z,1050,,20.5,45.4,8.08,16.7,63.2,8.98
2026-06-24T19:27:53Z,,0,,,,,,
2026-06-24T20:27:53Z,,0,,,,,,
2026-06-24T21:09:46Z,1095,,13.6,65.7,7.73,12.3,77.4,8.4
2026-06-24T21:27:53Z,,0,,,,,,
2026-06-24T22:27:53Z,,0,,,,,,
2026-06-24T23:10:14Z,1575,,12.3,75.1,8.15,10.8,82.4,8.14
2026-06-24T23:27:53Z,,0,,,,,,
2026-06-25T00:27:53Z,,0,,,,,,
2026-06-25T01:10:17Z,1650,,11.8,75.1,7.9,10.4,80.7,7.78
2026-06-25T01:27:53Z,,0,,,,,,
2026-06-25T02:27:53Z,,0,,,,,,
2026-06-25T03:09:41Z,1620,,12.3,77.6,8.42,12.7,75,8.35
2026-06-25T03:27:54Z,,0,,,,,,
2026-06-25T04:27:53Z,,0,,,,,,
2026-06-25T05:09:42Z,1965,,19.9,58,9.96,19,56.9,9.27
2026-06-25T05:27:54Z,,0,,,,,,
2026-06-25T06:27:53Z,,0,,,,,,
2026-06-25T07:09:44Z,1605,,26.6,35.6,8.97,22.1,45.6,8.9
2026-06-25T07:27:53Z,,0,,,,,,
2026-06-25T08:27:54Z,,0,,,,,,
2026-06-25T09:10:19Z,1425,,34.1,23.1,8.73,26,37,9.01
2026-06-25T09:27:54Z,,0,,,,,,
2026-06-25T10:27:53Z,,0,,,,,,
2026-06-25T11:10:34Z,1650,,38.6,17.7,8.44,24.4,37.7,8.39
2026-06-25T11:27:53Z,,0,,,,,,
2026-06-25T12:27:53Z,,0,,,,,,
2026-06-25T13:10:17Z,1170,,32.6,20.6,7.19,22.8,38.3,7.78
2026-06-25T13:27:53Z,,0,,,,,,
2026-06-25T14:27:53Z,,0,,,,,,
2026-06-25T15:10:40Z,840,,30.4,23.9,7.41,21.9,45,8.68
2026-06-25T15:27:53Z,,0,,,,,,
2026-06-25T16:27:54Z,,0,,,,,,
2026-06-25T17:10:25Z,540,,21.7,39.1,7.46,18.6,61.8,9.83
2026-06-25T17:27:53Z,,0,,,,,,
2026-06-25T18:27:53Z,,0,,,,,,
2026-06-25T19:10:48Z,780,,17.2,61.3,8.97,15.7,78,10.43
2026-06-25T19:27:53Z,,0,,,,,,
2026-06-25T20:27:53Z,,0,,,,,,
2026-06-25T21:10:36Z,1005,,15.4,70.5,9.26,14.2,84.3,10.29
2026-06-25T21:27:53Z,,0,,,,,,
2026-06-25T22:27:53Z,,0,,,,,,
2026-06-25T23:10:26Z,1455,,14.3,80.3,9.86,13.2,87.9,10.09
2026-06-25T23:27:53Z,,0,,,,,,
2026-06-26T00:27:53Z,,0,,,,,,
2026-06-26T01:10:44Z,1695,,13,83.4,9.45,11.6,89.5,9.3
2026-06-26T01:27:53Z,,0,,,,,,
2026-06-26T02:27:53Z,,0,,,,,,
2026-06-26T03:09:56Z,1770,,13.4,88.4,10.27,13,87.4,9.91
2026-06-26T03:27:53Z,,6e-05,,,,,,
2026-06-26T04:27:53Z,,0.00011,,,,,,
2026-06-26T05:10:31Z,1950,,18.3,75.1,11.74,18.3,69.6,10.88
2026-06-26T05:27:54Z,,0,,,,,,
2026-06-26T06:27:53Z,,0,,,,,,
2026-06-26T07:09:40Z,1320,,28.1,39.9,10.92,25.6,48.1,11.46
2026-06-26T07:27:53Z,,0,,,,,,
2026-06-26T08:27:54Z,,0,,,,,,
2026-06-26T09:10:17Z,1455,,33.3,27.9,10.11,26,42.4,10.33
2026-06-26T09:27:55Z,,0,,,,,,
2026-06-26T10:27:53Z,,0,,,,,,
2026-06-26T11:09:38Z,2025,,37.2,23.1,10.25,24,43.4,9.44
2026-06-26T11:27:53Z,,0,,,,,,
2026-06-26T12:27:53Z,,0,,,,,,
2026-06-26T13:09:00Z,1335,,32,25.7,8.69,23.3,43.4,9.07
2026-06-26T13:27:53Z,,0,,,,,,
2026-06-26T14:27:53Z,,0,,,,,,
2026-06-26T15:09:37Z,1095,,25.9,35.6,8.62,22.1,48.4,9.45
2026-06-26T15:27:53Z,,0,,,,,,
2026-06-26T16:27:53Z,,0,,,,,,
2026-06-26T17:08:58Z,1065,,19.5,52.2,8.76,17.8,63.7,9.67
2026-06-26T17:27:53Z,,0,,,,,,
2026-06-26T18:27:54Z,,0,,,,,,
2026-06-26T19:09:07Z,1260,,17.4,61.7,9.14,16.1,70.3,9.63
2026-06-26T19:27:53Z,,0,,,,,,
2026-06-26T20:27:53Z,,0,,,,,,
2026-06-26T21:10:02Z,1425,,15.8,70.5,9.49,14.6,77.7,9.72
2026-06-26T21:27:53Z,,0,,,,,,
2026-06-26T22:27:53Z,,0,,,,,,
2026-06-26T23:09:18Z,1515,,14.8,75.5,9.56,13.4,83,9.64
2026-06-26T23:27:53Z,,0,,,,,,
2026-06-27T00:27:53Z,,0,,,,,,
2026-06-27T01:08:56Z,1680,,14.7,81.2,10.22,13.6,85,10.0
2026-06-27T01:27:53Z,,0,,,,,,
2026-06-27T02:27:53Z,,0,,,,,,
2026-06-27T03:08:11Z,1770,,15.1,86.5,11.15,14.8,84.9,10.75
2026-06-27T03:27:53Z,,3e-05,,,,,,
2026-06-27T04:27:53Z,,7e-05,,,,,,
2026-06-27T05:07:41Z,1965,,19.8,76,12.98,18.2,77.4,12.03
2026-06-27T05:27:53Z,,0,,,,,,
2026-06-27T06:27:54Z,,0,,,,,,
2026-06-27T07:07:01Z,1695,,23.4,56.9,11.97,19,71.7,11.68
2026-06-27T07:27:54Z,,0,,,,,,
2026-06-27T08:27:54Z,,0,,,,,,
2026-06-27T09:07:32Z,1590,,34.3,32.5,12.41,25.6,52.6,12.53
2026-06-27T09:27:53Z,,0,,,,,,
2026-06-27T10:27:53Z,,0,,,,,,
2026-06-27T11:07:07Z,1860,,38.8,23.4,11.27,24.6,48.4,10.9
2026-06-27T11:27:54Z,,0,,,,,,
2026-06-27T12:27:54Z,,0,,,,,,
2026-06-27T13:06:49Z,1695,,38.3,21.6,10.14,24.4,45,10.02
2026-06-27T13:27:53Z,,0,,,,,,
2026-06-27T14:27:54Z,,0,,,,,,
2026-06-27T15:06:54Z,1305,,32.6,26.6,9.28,24.6,43.8,9.86
2026-06-27T15:27:53Z,,0,,,,,,
2026-06-27T16:27:54Z,,0,,,,,,
2026-06-27T17:07:07Z,1200,,31.1,27.9,8.99,24.4,43.5,9.68
2026-06-27T17:27:54Z,,0,,,,,,
2026-06-27T18:27:53Z,,0,,,,,,
2026-06-27T19:06:23Z,1125,,25.5,38.5,9.12,22.2,50.7,9.95
2026-06-27T19:27:53Z,,0,,,,,,
2026-06-27T20:27:53Z,,0,,,,,,
2026-06-27T21:06:29Z,915,,17.6,55.1,8.26,17.4,63.1,9.35
2026-06-27T21:27:53Z,,0,,,,,,
2026-06-27T22:27:53Z,,0,,,,,,
2026-06-27T23:07:11Z,1095,,13.9,67.9,8.14,14.6,71.1,8.89
2026-06-27T23:27:53Z,,0,,,,,,
2026-06-28T00:27:53Z,,0,,,,,,
2026-06-28T01:07:26Z,1395,,12.5,76.3,8.39,12.7,77.4,8.61
2026-06-28T01:27:53Z,,0,,,,,,
2026-06-28T02:27:53Z,,0,,,,,,
2026-06-28T03:07:32Z,1830,,14.6,84.1,10.52,15.1,77.6,10.01
2026-06-28T03:27:53Z,,0,,,,,,
2026-06-28T04:27:53Z,,0,,,,,,
2026-06-28T05:27:53Z,,0,,,,,,
2026-06-28T06:27:54Z,,0,,,,,,
2026-06-28T07:07:55Z,1485,,30.5,36.5,11.38,24.3,52.8,11.69
2026-06-28T07:27:53Z,,0,,,,,,
2026-06-28T08:27:53Z,,0,,,,,,
2026-06-28T09:08:43Z,2040,,33.8,32.4,12.05,24.2,50.6,11.14
2026-06-28T09:27:53Z,,0,,,,,,
2026-06-28T10:27:53Z,,0,,,,,,
2026-06-28T11:09:08Z,1785,,34.2,32.6,12.38,25,51.7,11.9
2026-06-28T11:27:53Z,,0,,,,,,
2026-06-28T12:27:53Z,,0,,,,,,
2026-06-28T13:09:52Z,1065,,25.8,50.8,12.23,22.3,68.4,13.51
2026-06-28T13:27:53Z,,0,,,,,,
2026-06-28T14:27:53Z,,0,,,,,,
2026-06-28T15:09:08Z,930,,22.4,61.5,12.21,20.1,79.8,13.87
2026-06-28T15:27:53Z,,0,,,,,,
2026-06-28T16:27:53Z,,0,,,,,,
2026-06-28T17:09:02Z,1080,,20.5,69.6,12.38,20.1,78.3,13.61
2026-06-28T17:27:53Z,,0,,,,,,
2026-06-28T18:27:54Z,,0,,,,,,
2026-06-28T19:08:32Z,1260,,19.3,77.5,12.85,18.1,87.7,13.55
2026-06-28T19:27:53Z,,0,,,,,,
2026-06-28T20:27:53Z,,0,,,,,,
2026-06-28T21:08:43Z,1395,,18.2,83.1,12.91,17.3,90.5,13.33
2026-06-28T21:27:53Z,,0,,,,,,
2026-06-28T22:27:53Z,,0,,,,,,
2026-06-28T23:09:00Z,1455,,17.1,88.4,12.86,16.6,93.1,13.15
2026-06-28T23:27:54Z,,7e-05,,,,,,
2026-06-29T00:27:53Z,,0.00013,,,,,,
2026-06-29T01:09:07Z,1620,,16.5,91.5,12.84,15.8,94.4,12.7
2026-06-29T01:27:53Z,,0.00024,,,,,,
2026-06-29T02:27:53Z,,0.00035,,,,,,
2026-06-29T03:08:42Z,1875,,17.8,92.9,14.1,16.7,93.5,13.28
2026-06-29T03:27:53Z,,0.0005,,,,,,
2026-06-29T04:27:53Z,,0.00064,,,,,,
2026-06-29T05:07:44Z,2025,,19.3,87.1,14.44,17.9,87,13.28
2026-06-29T05:27:53Z,,0.00069,,,,,,
2026-06-29T06:27:54Z,,0.00074,,,,,,
2026-06-29T07:08:00Z,1620,,32.3,42.9,14.74,26.9,57.2,14.65
2026-06-29T07:27:54Z,,0.00041,,,,,,
2026-06-29T08:27:53Z,,8e-05,,,,,,
2026-06-29T09:08:01Z,1740,,41.3,27.3,14.91,30.3,46.9,14.47
2026-06-29T09:27:53Z,,0,,,,,,
2026-06-29T10:27:53Z,,0,,,,,,
2026-06-29T11:07:19Z,2265,,47.3,20.4,14.93,28.3,47.9,13.25
2026-06-29T11:27:53Z,,0,,,,,,
2026-06-29T12:27:53Z,,0,,,,,,
2026-06-29T13:06:36Z,1890,,44.9,22.7,14.8,25.8,58.3,14.04
2026-06-29T13:27:53Z,,0,,,,,,
2026-06-29T14:27:54Z,,0,,,,,,
2026-06-29T15:06:40Z,1545,,40,27.2,13.92,25.8,59.1,14.23
2026-06-29T15:27:54Z,,0,,,,,,
2026-06-29T16:27:53Z,,0,,,,,,
2026-06-29T17:07:13Z,975,,30.4,37.9,11.76,23.9,61.6,13.33
2026-06-29T17:27:53Z,,0,,,,,,
2026-06-29T18:27:53Z,,0,,,,,,
2026-06-29T19:06:57Z,930,,24.8,41.9,9.54,21.9,56.4,10.88
2026-06-29T19:27:53Z,,0,,,,,,
2026-06-29T20:27:53Z,,0,,,,,,
2026-06-29T21:06:53Z,915,,19.3,55.9,9.27,19,64.5,10.51
2026-06-29T21:27:53Z,,0,,,,,,
2026-06-29T22:27:53Z,,0,,,,,,
2026-06-29T23:07:27Z,1065,,17.1,70.6,10.27,17.3,76.4,11.25
2026-06-29T23:27:53Z,,0,,,,,,
2026-06-30T00:27:53Z,,0,,,,,,
2026-06-30T01:07:07Z,1170,,17.6,77.3,11.59,17.1,85.8,12.48
2026-06-30T01:27:54Z,,0,,,,,,
2026-06-30T02:27:54Z,,0,,,,,,
2026-06-30T03:06:59Z,1455,,18.9,83,13.44,18.4,86.9,13.66
2026-06-30T03:27:53Z,,0,,,,,,
2026-06-30T04:27:53Z,,0,,,,,,
2026-06-30T05:06:37Z,1635,,26.2,60.2,14.83,26.1,60,14.69
2026-06-30T05:27:53Z,,0,,,,,,
2026-06-30T06:27:53Z,,0,,,,,,
2026-06-30T07:07:12Z,1455,,34.5,36.2,13.97,30.6,46,14.42
2026-06-30T07:27:53Z,,0,,,,,,
2026-06-30T08:27:53Z,,0,,,,,,
2026-06-30T09:07:36Z,1725,,38,30.6,14.15,29.8,45.9,13.78
2026-06-30T09:27:53Z,,0,,,,,,
2026-06-30T10:27:53Z,,0,,,,,,
2026-06-30T11:07:50Z,1695,,38,27,12.49,26.9,48.4,12.39
2026-06-30T11:27:53Z,,0,,,,,,
2026-06-30T12:27:53Z,,0,,,,,,
2026-06-30T13:07:44Z,1635,,37.8,24.6,11.26,25.5,47.6,11.27
2026-06-30T13:27:53Z,,0,,,,,,
2026-06-30T14:27:53Z,,0,,,,,,
2026-06-30T15:08:30Z,1665,,34.7,25.2,9.83,25.4,41.6,9.8
2026-06-30T15:27:54Z,,0,,,,,,
2026-06-30T16:27:54Z,,0,,,,,,
2026-06-30T17:08:22Z,1200,,31.1,27,8.7,24.9,41.2,9.43
2026-06-30T17:27:53Z,,0,,,,,,
2026-06-30T18:27:53Z,,0,,,,,,
2026-06-30T19:09:09Z,945,,25,37.1,8.54,22.2,49.5,9.72
2026-06-30T19:27:53Z,,0,,,,,,
2026-06-30T20:27:53Z,,0,,,,,,
2026-06-30T21:09:44Z,1050,,18.2,54.3,8.44,17.8,60.7,9.21
2026-06-30T21:27:52Z,,0,,,,,,
2026-06-30T22:27:53Z,,0,,,,,,
2026-06-30T23:09:15Z,1425,,17.1,62.3,9.07,16.6,66,9.32
2026-06-30T23:27:53Z,,0,,,,,,
2026-07-01T00:27:53Z,,0,,,,,,
2026-07-01T01:08:31Z,1545,,17,63.9,9.24,16.2,67.5,9.3
2026-07-01T01:27:53Z,,0,,,,,,
2026-07-01T02:27:54Z,,0,,,,,,
2026-07-01T03:07:45Z,1770,,17.2,66.9,9.79,16.1,69.1,9.47
2026-07-01T03:27:53Z,,0,,,,,,
2026-07-01T04:27:53Z,,0,,,,,,
2026-07-01T05:07:11Z,2130,,23.8,53.7,11.55,20.9,57.3,10.43
2026-07-01T05:27:54Z,,0,,,,,,
2026-07-01T06:27:53Z,,0,,,,,,
2026-07-01T07:06:24Z,2055,,33.1,32.1,11.5,25.4,44.5,10.48
2026-07-01T07:27:53Z,,0,,,,,,
2026-07-01T08:27:54Z,,0,,,,,,
2026-07-01T09:05:46Z,2415,,42.2,21.2,12.11,27,40.3,10.38
2026-07-01T09:27:53Z,,0,,,,,,
2026-07-01T10:27:54Z,,0,,,,,,
2026-07-01T11:05:18Z,2340,,42.4,18.8,10.85,25,41.2,9.49
2026-07-01T11:27:53Z,,0,,,,,,
2026-07-01T12:27:53Z,,0,,,,,,
2026-07-01T13:04:44Z,1905,,39.2,19.9,9.78,23.7,43,9.2
2026-07-01T13:27:54Z,,0,,,,,,
2026-07-01T14:27:53Z,,0,,,,,,
2026-07-01T15:05:08Z,1845,,37,21.6,9.49,23,44,9.04
2026-07-01T15:27:54Z,,0,,,,,,
2026-07-01T16:27:53Z,,0,,,,,,
2026-07-01T17:05:36Z,1260,,31.3,26.2,8.53,21.8,47.3,9.07
2026-07-01T17:27:53Z,,0,,,,,,
2026-07-01T18:27:54Z,,0,,,,,,
2026-07-01T19:05:29Z,960,,23.7,36.9,7.89,20.3,50.7,8.92
2026-07-01T19:27:54Z,,0,,,,,,
2026-07-01T20:27:53Z,,0,,,,,,
2026-07-01T21:05:17Z,990,,19.8,47.8,8.16,18.7,56.8,9.09
2026-07-01T21:27:54Z,,0,,,,,,
2026-07-01T22:27:53Z,,0,,,,,,
2026-07-01T23:05:54Z,915,,18.5,52.5,8.3,17.9,62.1,9.48
2026-07-01T23:27:54Z,,0,,,,,,
2026-07-02T00:27:53Z,,0,,,,,,
2026-07-02T01:05:09Z,975,,16.6,66.7,9.42,15.3,80,10.44
2026-07-02T01:27:53Z,,0,,,,,,
2026-07-02T02:27:53Z,,0,,,,,,
2026-07-02T03:05:12Z,1425,,16.5,74.9,10.51,15.2,83,10.77
2026-07-02T03:27:53Z,,0,,,,,,
2026-07-02T04:27:53Z,,0,,,,,,
2026-07-02T05:05:36Z,1575,,17.8,74.7,11.33,16,82.9,11.29
2026-07-02T05:27:53Z,,0,,,,,,
2026-07-02T06:27:54Z,,0,,,,,,
2026-07-02T07:04:59Z,1875,,21.4,62.7,11.75,17.2,75.5,11.05
2026-07-02T07:27:53Z,,0,,,,,,
2026-07-02T08:27:53Z,,0,,,,,,
2026-07-02T09:05:31Z,1770,,26.6,45.4,11.43,19,68.1,11.09
2026-07-02T09:27:54Z,,0,,,,,,
2026-07-02T10:27:53Z,,0,,,,,,
2026-07-02T11:04:44Z,1995,,34.3,30.8,11.76,21.1,58.9,10.85
2026-07-02T11:27:53Z,,0,,,,,,
2026-07-02T12:27:54Z,,0,,,,,,
2026-07-02T13:04:59Z,1260,,36.3,23.7,10.04,21.4,57.2,10.72
2026-07-02T13:27:53Z,,0,,,,,,
2026-07-02T14:27:54Z,,0,,,,,,
2026-07-02T15:04:51Z,720,,21.9,49.4,9.53,16.2,82.3,11.34
2026-07-02T15:27:54Z,,0,,,,,,
2026-07-02T16:27:53Z,,0,,,,,,
2026-07-02T17:04:15Z,1080,,20.8,60.4,10.93,16.5,85.6,12.02
2026-07-02T17:27:53Z,,0,,,,,,
2026-07-02T18:27:54Z,,0,,,,,,
2026-07-02T19:03:48Z,1080,,17.7,70.6,10.65,15.6,88.2,11.72
2026-07-02T19:27:54Z,,0,,,,,,
2026-07-02T20:27:53Z,,0,,,,,,
2026-07-02T21:03:04Z,1065,,14.5,80.4,10.0,13.9,91.2,10.93
2026-07-02T21:27:54Z,,0,,,,,,
2026-07-02T22:27:53Z,,0,,,,,,
2026-07-02T23:03:12Z,990,,13,83.6,9.48,13,92.9,10.53
2026-07-02T23:27:53Z,,0,,,,,,
2026-07-03T00:27:53Z,,0,,,,,,
2026-07-03T01:03:39Z,1350,,13.2,87.9,10.09,12.8,94.1,10.54
2026-07-03T01:27:53Z,,5e-05,,,,,,
2026-07-03T02:27:53Z,,0.0001,,,,,,
2026-07-03T03:02:53Z,2070,,16.5,93,13.05,14.6,95,11.88
2026-07-03T03:27:52Z,,0.00024,,,,,,
2026-07-03T04:27:54Z,,0.00038,,,,,,
2026-07-03T05:02:52Z,1800,,18,87,13.36,16,93.3,12.71
2026-07-03T05:27:54Z,,0.00042,,,,,,
2026-07-03T06:27:53Z,,0.00047,,,,,,
2026-07-03T07:02:40Z,1890,,17.1,84.9,12.35,14.5,93.1,11.57
2026-07-03T07:27:53Z,,0.00014,,,,,,
2026-07-03T08:27:53Z,,0,,,,,,
2026-07-03T09:02:03Z,1875,,20.2,77.4,13.53,16.1,93.5,12.81
2026-07-03T09:27:53Z,,0,,,,,,
2026-07-03T10:27:53Z,,0,,,,,,
2026-07-03T11:01:26Z,1875,,21.7,70.1,13.37,16.8,88.2,12.61
2026-07-03T11:27:53Z,,0,,,,,,
2026-07-03T12:27:54Z,,0,,,,,,
2026-07-03T13:01:38Z,1665,,25.8,53.1,12.79,17.3,85.5,12.59
2026-07-03T13:27:53Z,,0,,,,,,
2026-07-03T14:27:53Z,,0,,,,,,
2026-07-03T15:01:08Z,1695,,24.9,56.5,12.94,17.7,83.3,12.56
2026-07-03T15:27:53Z,,0,,,,,,
2026-07-03T16:27:53Z,,0,,,,,,
2026-07-03T17:01:51Z,1290,,23.1,57.5,11.89,17.2,85.4,12.5
2026-07-03T17:27:53Z,,0,,,,,,
2026-07-03T18:27:53Z,,0,,,,,,
2026-07-03T19:02:31Z,1170,,19.9,64.5,11.08,16.2,86.7,11.95
2026-07-03T19:27:53Z,,0,,,,,,
2026-07-03T20:27:53Z,,0,,,,,,
2026-07-03T21:02:56Z,1275,,15.9,80.2,10.86,14.7,91.2,11.48
2026-07-03T21:27:54Z,,0,,,,,,
2026-07-03T22:27:53Z,,0,,,,,,
2026-07-03T23:02:20Z,1455,,14.6,87,10.88,13.7,93.9,11.11
2026-07-03T23:27:53Z,,4e-05,,,,,,
2026-07-04T00:27:53Z,,8e-05,,,,,,
2026-07-04T01:03:02Z,1485,,13.9,90.4,10.83,13.2,95.9,11.01
2026-07-04T01:27:54Z,,0.00016,,,,,,
2026-07-04T02:27:53Z,,0.00024,,,,,,
2026-07-04T03:03:38Z,1860,,15.3,91.9,12.0,13.3,97,11.2
2026-07-04T03:27:53Z,,0.00036,,,,,,
2026-07-04T04:27:53Z,,0.00047,,,,,,
2026-07-04T05:03:09Z,2145,,18.1,88.8,13.72,14.9,95.9,12.22
2026-07-04T05:27:53Z,,0.00054,,,,,,
2026-07-04T06:27:53Z,,0.00062,,,,,,
2026-07-04T07:03:09Z,1860,,29,48.6,13.97,21.9,68.9,13.29
2026-07-04T07:27:53Z,,0.00028,,,,,,
2026-07-04T08:27:54Z,,0,,,,,,
2026-07-04T09:03:53Z,1455,,21,66.8,12.24,17,86,12.44
2026-07-04T09:27:53Z,,0,,,,,,
2026-07-04T10:27:54Z,,0,,,,,,
2026-07-04T11:03:56Z,1695,,20.7,70.9,12.76,16.7,88.1,12.52
2026-07-04T11:27:53Z,,0,,,,,,
2026-07-04T12:27:53Z,,0,,,,,,
2026-07-04T13:03:31Z,1785,,23.2,65.6,13.64,17.9,86.2,13.16
2026-07-04T13:27:54Z,,0,,,,,,
2026-07-04T14:27:53Z,,0,,,,,,
2026-07-04T15:03:54Z,1530,,30.9,36.4,11.6,18.4,75.4,11.86
2026-07-04T15:27:53Z,,0,,,,,,
2026-07-04T16:27:53Z,,0,,,,,,
2026-07-04T17:03:05Z,1050,,20.1,58.2,10.11,16.1,81.6,11.18
2026-07-04T17:27:53Z,,0,,,,,,
2026-07-04T18:27:53Z,,0,,,,,,
2026-07-04T19:02:41Z,1365,,18.6,71.7,11.41,16,86.6,11.79
2026-07-04T19:27:53Z,,0,,,,,,
2026-07-04T20:27:53Z,,0,,,,,,
2026-07-04T21:03:18Z,1335,,15.6,80.2,10.66,14.2,91.1,11.12
2026-07-04T21:27:53Z,,0,,,,,,
2026-07-04T22:27:53Z,,0,,,,,,
2026-07-04T23:02:55Z,1665,,14.8,88.6,11.22,13.5,93.9,10.98
2026-07-04T23:27:53Z,,6e-05,,,,,,
2026-07-05T00:27:53Z,,0.00012,,,,,,
2026-07-05T01:03:11Z,1770,,15,90.2,11.56,13.6,95.1,11.19
2026-07-05T01:27:53Z,,0.00021,,,,,,
2026-07-05T02:27:52Z,,0.00029,,,,,,
2026-07-05T03:02:59Z,1830,,15,91.9,11.78,13.6,95.7,11.26
2026-07-05T03:27:54Z,,0.0004,,,,,,
2026-07-05T04:27:53Z,,0.00051,,,,,,
2026-07-05T05:02:11Z,1860,,15.8,90.3,12.15,13.9,95.9,11.49
2026-07-05T05:27:53Z,,0.0006,,,,,,
2026-07-05T06:27:54Z,,0.00069,,,,,,
2026-07-05T07:01:44Z,2010,,16.3,92.5,12.83,13.9,97.9,11.73
2026-07-05T07:27:53Z,,0.00082,,,,,,
2026-07-05T08:27:54Z,,0.00095,,,,,,
2026-07-05T09:01:10Z,2025,,19.3,82.5,13.68,15.3,95.7,12.49
2026-07-05T09:27:53Z,,0.00062,,,,,,
2026-07-05T10:27:54Z,,0.00028,,,,,,
2026-07-05T11:01:56Z,1710,,21.4,70.3,13.18,16.1,93.7,12.84
2026-07-05T11:27:53Z,,0,,,,,,
2026-07-05T12:27:53Z,,0,,,,,,
2026-07-05T13:02:33Z,1635,,19.6,78.2,13.2,16.3,94.1,13.05
2026-07-05T13:27:53Z,,0,,,,,,
2026-07-05T14:27:54Z,,0,,,,,,
2026-07-05T15:01:56Z,1590,,18.3,79.4,12.41,15.4,93.7,12.31
2026-07-05T15:27:54Z,,0,,,,,,
2026-07-05T16:27:53Z,,0,,,,,,
2026-07-05T17:01:18Z,1695,,19.1,76.6,12.55,15.4,92.8,12.19
2026-07-05T17:27:54Z,,0,,,,,,
2026-07-05T18:27:53Z,,0,,,,,,
2026-07-05T19:00:45Z,1530,,17.2,80.6,11.8,14.7,95.3,11.99
2026-07-05T19:27:53Z,,0,,,,,,
2026-07-05T20:27:53Z,,0,,,,,,
2026-07-05T21:01:08Z,1620,,15.8,88.8,11.95,14.1,97.3,11.8
2026-07-05T21:27:53Z,,7e-05,,,,,,
2026-07-05T22:27:53Z,,0.00013,,,,,,
2026-07-05T23:00:20Z,1680,,15.1,90.6,11.68,13.6,97.7,11.49
2026-07-05T23:27:53Z,,0.00022,,,,,,
2026-07-06T00:27:53Z,,0.00032,,,,,,
2026-07-06T01:00:55Z,1680,,14.4,91.5,11.31,12.9,98.2,11.06
2026-07-06T01:27:53Z,,0.00042,,,,,,
2026-07-06T02:27:53Z,,0.00052,,,,,,
2026-07-06T03:01:37Z,1830,,14.6,93.3,11.67,12.9,98.8,11.13
2026-07-06T03:27:53Z,,0.00065,,,,,,
2026-07-06T04:27:53Z,,0.00079,,,,,,
2026-07-06T05:27:53Z,,0.00092,,,,,,
2026-07-06T06:27:53Z,,0.00106,,,,,,
2026-07-06T07:00:41Z,1815,,19.4,76.9,12.83,15.5,92.4,12.21
2026-07-06T07:27:53Z,,0.00073,,,,,,
2026-07-06T08:27:53Z,,0.00039,,,,,,
2026-07-06T09:00:47Z,1410,,20.5,64.5,11.47,16.3,85.6,11.87
2026-07-06T09:27:53Z,,6e-05,,,,,,
2026-07-06T10:27:53Z,,0,,,,,,
2026-07-06T11:00:06Z,1590,,23.8,51.3,11.04,16.8,77.2,11.03
2026-07-06T11:27:53Z,,0,,,,,,
2026-07-06T12:27:54Z,,0,,,,,,
2026-07-06T12:59:13Z,1425,,19.6,54.3,9.16,14.4,76.4,9.44
2026-07-06T13:27:53Z,,0,,,,,,
2026-07-06T14:27:53Z,,0,,,,,,
2026-07-06T14:58:23Z,1590,,19.6,50.8,8.57,14,70.8,8.54
2026-07-06T15:27:53Z,,0,,,,,,
2026-07-06T16:27:54Z,,0,,,,,,
2026-07-06T16:58:48Z,1245,,17.6,50.8,7.62,12.4,74.5,8.14
2026-07-06T17:27:54Z,,0,,,,,,
2026-07-06T18:27:53Z,,0,,,,,,
2026-07-06T18:58:30Z,1125,,13.4,59.4,6.9,10.6,76.8,7.49
2026-07-06T19:27:53Z,,0,,,,,,
2026-07-06T20:27:53Z,,0,,,,,,
2026-07-06T20:58:24Z,1260,,10.2,70.2,6.68,9.1,79.7,7.07
2026-07-06T21:27:53Z,,0,,,,,,
2026-07-06T22:27:53Z,,0,,,,,,
2026-07-06T22:57:40Z,1395,,10.3,77.3,7.4,8.5,89.5,7.64
2026-07-06T23:27:53Z,,0,,,,,,
2026-07-07T00:27:54Z,,0,,,,,,
2026-07-07T00:57:03Z,1575,,10.2,80.9,7.7,8.2,92.2,7.72
2026-07-07T01:27:53Z,,0,,,,,,
2026-07-07T02:27:53Z,,0,,,,,,
2026-07-07T02:57:47Z,1605,,10.7,85.1,8.36,8.7,95.6,8.27
2026-07-07T03:27:53Z,,0,,,,,,
2026-07-07T04:27:53Z,,0,,,,,,
2026-07-07T04:57:41Z,1710,,12.2,86.7,9.35,9.8,98.3,9.12
2026-07-07T05:27:53Z,,4e-05,,,,,,
2026-07-07T06:27:54Z,,7e-05,,,,,,
2026-07-07T06:58:17Z,1650,,15,80.5,10.32,12.1,95.5,10.24
2026-07-07T07:27:55Z,,0,,,,,,
2026-07-07T08:27:53Z,,0,,,,,,
2026-07-07T08:58:54Z,1770,,16.4,82.3,11.48,13.7,93.3,11.04
2026-07-07T09:27:53Z,,0,,,,,,
2026-07-07T10:27:53Z,,0,,,,,,
2026-07-07T10:58:48Z,1545,,16.6,75.1,10.6,13.6,91,10.71
2026-07-07T11:27:53Z,,0,,,,,,
2026-07-07T12:27:54Z,,0,,,,,,
2026-07-07T12:59:18Z,1695,,20.2,65.9,11.52,15.1,86.9,11.21
2026-07-07T13:27:54Z,,0,,,,,,
2026-07-07T14:27:53Z,,0,,,,,,
2026-07-07T14:59:51Z,1440,,22.5,51.5,10.29,15.3,81.1,10.59
2026-07-07T15:27:54Z,,0,,,,,,
2026-07-07T16:27:54Z,,0,,,,,,
2026-07-07T16:59:39Z,1335,,18.6,63.2,10.06,14,87.6,10.56
2026-07-07T17:27:54Z,,0,,,,,,
2026-07-07T18:27:53Z,,0,,,,,,
2026-07-07T19:00:29Z,1530,,15.6,77.3,10.28,13,91.8,10.41
2026-07-07T19:27:53Z,,0,,,,,,
2026-07-07T20:27:53Z,,0,,,,,,
2026-07-07T21:00:24Z,1260,,12.2,84.1,9.07,11.1,95.3,9.6
2026-07-07T21:27:53Z,,0,,,,,,
2026-07-07T22:27:53Z,,0,,,,,,
2026-07-07T22:59:37Z,1230,,10.1,88.8,8.39,9.5,97.5,8.87
2026-07-07T23:27:53Z,,5e-05,,,,,,
2026-07-08T00:27:53Z,,0.0001,,,,,,
2026-07-08T00:59:31Z,1650,,10.3,91.7,8.78,9,98.2,8.66
2026-07-08T01:27:53Z,,0.00018,,,,,,
2026-07-08T02:27:53Z,,0.00027,,,,,,
2026-07-08T03:00:04Z,1845,,11.7,93.1,9.73,9.8,99.2,9.2
2026-07-08T03:27:53Z,,0.00038,,,,,,
2026-07-08T04:27:54Z,,0.00049,,,,,,
2026-07-08T05:00:41Z,2130,,13.6,94.1,11.07,11.1,98.9,9.96
2026-07-08T05:27:53Z,,0.00064,,,,,,
2026-07-08T06:27:53Z,,0.00078,,,,,,
2026-07-08T07:00:55Z,2610,,17.6,84.6,12.68,13.1,94.8,10.81
2026-07-08T07:27:54Z,,0.00045,,,,,,
2026-07-08T08:27:53Z,,0.00012,,,,,,
2026-07-08T09:00:20Z,1770,,26.5,44.8,11.22,17,75.1,10.86
2026-07-08T09:27:53Z,,0,,,,,,
2026-07-08T10:27:53Z,,0,,,,,,
2026-07-08T11:00:01Z,2025,,31.7,34.2,11.38,19.1,64.3,10.54
2026-07-08T11:27:53Z,,0,,,,,,
2026-07-08T12:27:54Z,,0,,,,,,
2026-07-08T12:59:19Z,1275,,33.3,26,9.42,19.7,59.2,10.05
2026-07-08T13:27:53Z,,0,,,,,,
2026-07-08T14:27:53Z,,0,,,,,,
2026-07-08T14:58:56Z,930,,24.9,41.2,9.43,17.9,70,10.68
2026-07-08T15:27:53Z,,0,,,,,,
2026-07-08T16:27:54Z,,0,,,,,,
2026-07-08T16:58:06Z,990,,19.6,56,9.45,16.1,77.2,10.58
2026-07-08T17:27:53Z,,0,,,,,,
2026-07-08T18:27:53Z,,0,,,,,,
2026-07-08T18:58:14Z,1260,,17,68.8,9.95,15.2,81.2,10.54
2026-07-08T19:27:53Z,,0,,,,,,
2026-07-08T20:27:53Z,,0,,,,,,
2026-07-08T20:58:14Z,1425,,15.9,74.8,10.13,14.9,81.7,10.41
2026-07-08T21:27:53Z,,0,,,,,,
2026-07-08T22:27:53Z,,0,,,,,,
2026-07-08T22:57:51Z,1485,,15.6,75.3,10.01,14.5,81.7,10.16
2026-07-08T23:27:53Z,,0,,,,,,
2026-07-09T00:27:53Z,,0,,,,,,
2026-07-09T00:58:19Z,1545,,15.2,76.8,9.96,14.2,81.7,9.97
2026-07-09T01:27:54Z,,0,,,,,,
2026-07-09T02:27:54Z,,0,,,,,,
2026-07-09T02:58:53Z,1575,,15.4,74.3,9.76,14.2,79.6,9.72
2026-07-09T03:27:53Z,,0,,,,,,
2026-07-09T04:27:53Z,,0,,,,,,
2026-07-09T04:59:36Z,1680,,15.2,77.6,10.07,14.1,81.6,9.9
2026-07-09T05:27:54Z,,0,,,,,,
2026-07-09T06:27:53Z,,0,,,,,,
2026-07-09T07:00:13Z,1815,,16.8,77.3,11.05,14.7,84.4,10.62
2026-07-09T07:27:53Z,,0,,,,,,
2026-07-09T08:27:53Z,,0,,,,,,
2026-07-09T09:00:50Z,1755,,18.8,72.7,11.7,15.1,87.8,11.32
2026-07-09T09:27:54Z,,0,,,,,,
2026-07-09T10:27:53Z,,0,,,,,,
2026-07-09T11:01:00Z,1695,,17.3,78.1,11.5,14.1,93.2,11.31
2026-07-09T11:27:54Z,,0,,,,,,
2026-07-09T12:27:53Z,,0,,,,,,
2026-07-09T13:00:57Z,1845,,19,79.1,12.89,15.3,93.2,12.17
2026-07-09T13:27:53Z,,0,,,,,,
2026-07-09T14:27:53Z,,0,,,,,,
2026-07-09T15:00:28Z,1680,,26.9,48.4,12.39,16.9,84.7,12.18
2026-07-09T15:27:55Z,,0,,,,,,
2026-07-09T16:27:54Z,,0,,,,,,
2026-07-09T17:00:15Z,1260,,23.1,55.1,11.39,17.3,82.8,12.19
2026-07-09T17:27:53Z,,0,,,,,,
2026-07-09T18:27:53Z,,0,,,,,,
2026-07-09T18:59:40Z,1200,,18.8,70.8,11.4,16.1,88.5,12.13
2026-07-09T19:27:53Z,,0,,,,,,
2026-07-09T20:27:53Z,,0,,,,,,
2026-07-09T20:58:39Z,1245,,14.9,82.7,10.54,14,93.8,11.31
2026-07-09T21:27:53Z,,0,,,,,,
2026-07-09T22:27:53Z,,0,,,,,,
2026-07-09T22:58:28Z,1680,,14.5,90.5,11.25,13.1,96.7,11.03
2026-07-09T23:27:53Z,,9e-05,,,,,,
2026-07-10T00:27:53Z,,0.00017,,,,,,
2026-07-10T00:59:10Z,1785,,15,92.3,11.83,13.3,98.2,11.34
2026-07-10T01:27:53Z,,0.00029,,,,,,
2026-07-10T02:27:53Z,,0.00041,,,,,,
2026-07-10T02:59:54Z,1875,,15.8,93.6,12.59,13.9,98.6,11.82
2026-07-10T03:27:54Z,,0.00056,,,,,,
2026-07-10T04:27:53Z,,0.00071,,,,,,
2026-07-10T05:00:39Z,1875,,18.1,84.7,13.08,15.6,92.5,12.3
2026-07-10T05:27:53Z,,0.00037,,,,,,
2026-07-10T06:27:54Z,,4e-05,,,,,,
2026-07-10T06:59:50Z,2205,,29.7,50.7,15.14,23.2,64.8,13.47
2026-07-10T07:27:53Z,,0,,,,,,
2026-07-10T08:27:53Z,,0,,,,,,
2026-07-10T09:00:11Z,2415,,37.2,29.6,13.14,24.7,49.8,11.27
2026-07-10T09:27:53Z,,0,,,,,,
2026-07-10T10:27:54Z,,0,,,,,,
2026-07-10T10:59:35Z,2940,,41.6,21.9,12.14,22.3,49.4,9.75
2026-07-10T11:27:54Z,,0,,,,,,
2026-07-10T12:27:53Z,,0,,,,,,
2026-07-10T13:00:03Z,1590,,32.6,27.8,9.7,20.3,55.6,9.78
2026-07-10T13:27:53Z,,0,,,,,,
2026-07-10T14:27:53Z,,0,,,,,,
2026-07-10T15:00:45Z,2280,,38.1,22.9,10.64,19.7,55.2,9.37
2026-07-10T15:27:52Z,,0,,,,,,
2026-07-10T16:27:53Z,,0,,,,,,
2026-07-10T17:01:30Z,1590,,33,27,9.63,20.3,55,9.67
2026-07-10T17:27:53Z,,0,,,,,,
2026-07-10T18:27:53Z,,0,,,,,,
2026-07-10T19:01:17Z,1020,,22.4,45,8.94,17.6,66.7,10.0
2026-07-10T19:27:54Z,,0,,,,,,
2026-07-10T20:27:53Z,,0,,,,,,
2026-07-10T21:01:50Z,870,,14.9,64.2,8.18,13.7,79.4,9.4
2026-07-10T21:27:53Z,,0,,,,,,
2026-07-10T22:27:53Z,,0,,,,,,
2026-07-10T23:02:47Z,1275,,14.5,74.6,9.27,13.8,82.3,9.8
2026-07-10T23:27:53Z,,0,,,,,,
2026-07-11T00:27:53Z,,0,,,,,,
2026-07-11T01:02:43Z,1500,,15.4,73.2,9.61,14.4,78.9,9.75
2026-07-11T01:27:53Z,,0,,,,,,
2026-07-11T02:27:53Z,,0,,,,,,
2026-07-11T03:02:21Z,1515,,16.4,70.3,9.81,15.1,76.8,9.9
2026-07-11T03:27:53Z,,0,,,,,,
2026-07-11T04:27:54Z,,0,,,,,,
2026-07-11T05:01:42Z,1680,,19.9,65.4,11.23,17.4,74.2,10.99
2026-07-11T05:27:53Z,,0,,,,,,
2026-07-11T06:27:53Z,,0,,,,,,
2026-07-11T07:00:53Z,1575,,21.6,59,11.19,18.7,70.5,11.28
2026-07-11T07:27:54Z,,0,,,,,,
2026-07-11T08:27:53Z,,0,,,,,,
2026-07-11T09:27:53Z,,0,,,,,,
2026-07-11T10:27:54Z,,0,,,,,,
2026-07-11T11:01:26Z,2070,,39.5,30.2,15.07,24.6,61.4,13.82
2026-07-11T11:27:54Z,,0,,,,,,
2026-07-11T12:27:53Z,,0,,,,,,
2026-07-11T13:01:13Z,1770,,42.6,24.3,14.16,24.9,60.4,13.83
2026-07-11T13:27:53Z,,0,,,,,,
2026-07-11T14:27:54Z,,0,,,,,,
2026-07-11T15:00:36Z,1350,,39.8,27.3,13.83,26.4,58.6,14.59
2026-07-11T15:27:53Z,,0,,,,,,
2026-07-11T16:27:53Z,,0,,,,,,
2026-07-11T17:01:19Z,885,,33.6,35.7,13.14,26.7,60,15.19
2026-07-11T17:27:53Z,,0,,,,,,
2026-07-11T18:27:53Z,,0,,,,,,
2026-07-11T19:01:05Z,540,,22.8,58.2,11.83,18.5,95.2,15.06
2026-07-11T19:27:53Z,,0,,,,,,
2026-07-11T20:27:54Z,,0,,,,,,
2026-07-11T21:01:23Z,795,,19.2,74.2,12.23,17.2,97.4,14.26
2026-07-11T21:27:53Z,,0,,,,,,
2026-07-11T22:27:53Z,,0,,,,,,
2026-07-11T23:00:41Z,840,,17.3,82.2,12.11,16.6,98.5,13.91
2026-07-11T23:27:54Z,,0,,,,,,
2026-07-12T00:27:54Z,,0,,,,,,
2026-07-12T01:00:52Z,1005,,16.6,86.9,12.27,16.2,98.6,13.59
2026-07-12T01:27:54Z,,4e-05,,,,,,
2026-07-12T02:27:53Z,,8e-05,,,,,,
2026-07-12T03:01:16Z,1365,,17.4,88.8,13.16,16.3,98.1,13.6
2026-07-12T03:27:54Z,,0.00015,,,,,,
2026-07-12T04:27:53Z,,0.00023,,,,,,
2026-07-12T05:01:38Z,1560,,20.8,85.3,15.44,19.1,93.9,15.39
2026-07-12T05:27:53Z,,0.00024,,,,,,
2026-07-12T06:27:53Z,,0.00025,,,,,,
2026-07-12T07:01:33Z,1575,,22.9,79.9,16.33,20.3,93.1,16.37
2026-07-12T07:27:54Z,,0,,,,,,
2026-07-12T08:27:53Z,,0,,,,,,
2026-07-12T09:02:15Z,1620,,31,56.3,18.04,23.9,83.1,17.98
2026-07-12T09:27:54Z,,0,,,,,,
2026-07-12T10:27:53Z,,0,,,,,,
2026-07-12T11:02:15Z,1290,,39.1,33.8,16.53,27.6,66.1,17.59
2026-07-12T11:27:54Z,,0,,,,,,
2026-07-12T12:27:54Z,,0,,,,,,
2026-07-12T13:02:58Z,1530,,42.4,29.3,16.9,26.8,67.4,17.16
2026-07-12T13:27:53Z,,0,,,,,,
2026-07-12T14:27:53Z,,0,,,,,,
2026-07-12T15:03:06Z,1440,,35.2,33,13.21,24.4,61.5,13.69
2026-07-12T15:27:53Z,,0,,,,,,
2026-07-12T16:27:53Z,,0,,,,,,
2026-07-12T17:02:52Z,1230,,25.5,62.1,14.71,21.1,85.7,15.79
2026-07-12T17:27:53Z,,0,,,,,,
2026-07-12T18:27:53Z,,0,,,,,,
2026-07-12T19:02:09Z,1350,,22.1,76,14.83,20.4,88.4,15.64
2026-07-12T19:27:53Z,,0,,,,,,
2026-07-12T20:27:53Z,,0,,,,,,
2026-07-12T21:02:30Z,1470,,20.5,81.8,14.55,19.6,88,14.85
2026-07-12T21:27:54Z,,0,,,,,,
2026-07-12T22:27:53Z,,0,,,,,,
2026-07-12T23:02:44Z,1575,,20.1,84.2,14.63,19.1,89.3,14.63
2026-07-12T23:27:53Z,,0,,,,,,
2026-07-13T00:27:53Z,,0,,,,,,
2026-07-13T01:03:20Z,1620,,18.7,85,13.6,17.7,89.7,13.53
2026-07-13T01:27:54Z,,0,,,,,,
2026-07-13T02:27:53Z,,0,,,,,,
2026-07-13T03:03:58Z,1710,,17.6,88.1,13.21,16.8,90.1,12.88
2026-07-13T03:27:53Z,,6e-05,,,,,,
2026-07-13T04:27:53Z,,0.00012,,,,,,
2026-07-13T05:03:57Z,1755,,17.8,84.7,12.85,16.4,89.2,12.45
2026-07-13T05:27:54Z,,0,,,,,,
2026-07-13T06:27:53Z,,0,,,,,,
2026-07-13T07:03:58Z,1755,,20.5,69.9,12.44,16.4,86.7,12.1
2026-07-13T07:27:53Z,,0,,,,,,
2026-07-13T08:27:53Z,,0,,,,,,
2026-07-13T09:03:40Z,1920,,24.4,62.6,13.93,18.9,80.7,13.07
2026-07-13T09:27:53Z,,0,,,,,,
2026-07-13T10:27:55Z,,0,,,,,,
2026-07-13T11:03:06Z,1365,,27.2,48.1,12.52,20.5,73.5,13.08
2026-07-13T11:27:54Z,,0,,,,,,
2026-07-13T12:27:53Z,,0,,,,,,
2026-07-13T13:03:33Z,1275,,25.4,52.8,12.43,19.8,76.8,13.12
2026-07-13T13:27:54Z,,0,,,,,,
2026-07-13T14:27:53Z,,0,,,,,,
2026-07-13T15:02:56Z,1485,,23.8,58.9,12.67,19.3,77.7,12.88
2026-07-13T15:27:53Z,,0,,,,,,
2026-07-13T16:27:53Z,,0,,,,,,
2026-07-13T17:02:19Z,1365,,22.2,61.8,12.13,18.8,78.4,12.62
2026-07-13T17:27:53Z,,0,,,,,,
2026-07-13T18:27:54Z,,0,,,,,,
2026-07-13T19:01:34Z,1365,,20,69.6,12.03,18,81.5,12.51
2026-07-13T19:27:53Z,,0,,,,,,
2026-07-13T20:27:53Z,,0,,,,,,
2026-07-13T21:01:27Z,1470,,18.8,73.2,11.79,17.5,80.7,12.03
2026-07-13T21:27:53Z,,0,,,,,,
2026-07-13T22:27:53Z,,0,,,,,,
2026-07-13T23:00:44Z,1500,,18.1,73.8,11.4,16.9,80.5,11.57
2026-07-13T23:27:53Z,,0,,,,,,
2026-07-14T00:27:54Z,,0,,,,,,
2026-07-14T01:00:11Z,1485,,15.7,78.3,10.47,14.8,83.9,10.62
2026-07-14T01:27:53Z,,0,,,,,,
2026-07-14T02:27:54Z,,0,,,,,,
2026-07-14T02:59:52Z,1650,,14.7,85.8,10.8,14.7,84.8,10.67
2026-07-14T03:27:54Z,,2e-05,,,,,,
2026-07-14T04:27:53Z,,4e-05,,,,,,
2026-07-14T04:59:39Z,1890,,21.2,67.3,12.47,20,67.7,11.7
2026-07-14T05:27:53Z,,0,,,,,,
2026-07-14T06:27:53Z,,0,,,,,,
2026-07-14T06:59:14Z,1290,,27.7,41.5,11.11,21.3,63.1,11.76
2026-07-14T07:27:53Z,,0,,,,,,
2026-07-14T08:27:53Z,,0,,,,,,
2026-07-14T09:00:00Z,1395,,32.7,32.1,11.26,22.5,59,11.78
2026-07-14T09:27:53Z,,0,,,,,,
2026-07-14T10:27:54Z,,0,,,,,,
2026-07-14T11:00:18Z,2205,,40,25.2,12.9,22.6,58,11.65
2026-07-14T11:27:54Z,,0,,,,,,
2026-07-14T12:27:53Z,,0,,,,,,
2026-07-14T13:00:47Z,1980,,40.4,22.6,11.8,21.3,59.3,11.05
2026-07-14T13:27:53Z,,0,,,,,,
2026-07-14T14:27:54Z,,0,,,,,,
2026-07-14T15:01:10Z,1575,,38.2,22.5,10.51,22.1,54.6,10.66
2026-07-14T15:27:53Z,,0,,,,,,
2026-07-14T16:27:53Z,,0,,,,,,
2026-07-14T17:02:02Z,1005,,31.9,27.9,9.38,22.3,53.1,10.48
2026-07-14T17:27:53Z,,0,,,,,,
2026-07-14T18:27:54Z,,0,,,,,,
2026-07-14T19:01:28Z,795,,23.6,44.4,9.44,19.6,65.8,11.11
2026-07-14T19:27:53Z,,0,,,,,,
2026-07-14T20:27:53Z,,0,,,,,,
2026-07-14T21:01:06Z,585,,16.3,64.8,8.99,16.1,79.5,10.89
2026-07-14T21:27:54Z,,0,,,,,,
2026-07-14T22:27:53Z,,0,,,,,,
2026-07-14T23:01:47Z,750,,12.9,75.5,8.51,13.7,84.6,10.01
2026-07-14T23:27:53Z,,0,,,,,,
2026-07-15T00:27:53Z,,0,,,,,,
2026-07-15T01:01:09Z,870,,12.3,79.1,8.59,12.9,86.6,9.76
2026-07-15T01:27:53Z,,0,,,,,,
2026-07-15T02:27:54Z,,0,,,,,,
2026-07-15T03:01:11Z,1650,,14.4,86.8,10.73,14.6,85,10.63
2026-07-15T03:27:53Z,,4e-05,,,,,,
2026-07-15T04:27:54Z,,7e-05,,,,,,
2026-07-15T05:01:10Z,1665,,20.8,69,12.49,21.7,64.4,12.28
2026-07-15T05:27:54Z,,0,,,,,,
2026-07-15T06:27:54Z,,0,,,,,,
2026-07-15T07:01:11Z,1095,,30.6,40.1,12.57,27.8,51.1,13.75
2026-07-15T07:27:53Z,,0,,,,,,
2026-07-15T08:27:54Z,,0,,,,,,
2026-07-15T09:01:22Z,1140,,33.6,31.8,11.7,26.3,51.5,12.75
2026-07-15T09:27:53Z,,0,,,,,,
2026-07-15T10:27:53Z,,0,,,,,,
2026-07-15T11:00:36Z,1620,,36.9,24.7,10.8,25.3,46.2,10.82
2026-07-15T11:27:53Z,,0,,,,,,
2026-07-15T12:27:53Z,,0,,,,,,
2026-07-15T12:59:56Z,1530,,38.2,23,10.75,25.5,46.2,10.94
2026-07-15T13:27:54Z,,0,,,,,,
2026-07-15T14:27:53Z,,0,,,,,,
2026-07-15T14:59:17Z,1275,,34.7,26.4,10.29,25.6,46.2,11.0
2026-07-15T15:27:53Z,,0,,,,,,
2026-07-15T16:27:53Z,,0,,,,,,
2026-07-15T16:59:42Z,960,,31.5,32.2,10.6,25.4,50.8,11.96
2026-07-15T17:27:53Z,,0,,,,,,
2026-07-15T18:27:53Z,,0,,,,,,
2026-07-15T18:59:31Z,1020,,25.5,44.7,10.59,23,57.3,11.78
2026-07-15T19:27:53Z,,0,,,,,,
2026-07-15T20:27:53Z,,0,,,,,,
2026-07-15T20:59:00Z,1140,,20.3,56.2,9.88,19.4,63.9,10.66
2026-07-15T21:27:53Z,,0,,,,,,
2026-07-15T22:27:54Z,,0,,,,,,
2026-07-15T22:59:53Z,1380,,17.7,66.1,9.97,17.4,69.7,10.33
2026-07-15T23:27:53Z,,0,,,,,,
2026-07-16T00:27:53Z,,0,,,,,,
2026-07-16T00:58:58Z,1455,,16.3,68.3,9.47,16.1,70.4,9.65
2026-07-16T01:27:53Z,,0,,,,,,
2026-07-16T02:27:53Z,,0,,,,,,
2026-07-16T02:59:39Z,1620,,16.1,70.1,9.6,16.3,68.9,9.56
2026-07-16T03:27:53Z,,0,,,,,,
2026-07-16T04:27:53Z,,0,,,,,,
2026-07-16T04:59:09Z,1785,,23,57.7,11.86,22.5,57.5,11.48
2026-07-16T05:27:53Z,,0,,,,,,
2026-07-16T06:27:53Z,,0,,,,,,
2026-07-16T06:59:47Z,2070,,34.7,33.3,12.98,27.2,45.6,11.87
2026-07-16T07:27:53Z,,0,,,,,,
2026-07-16T08:27:53Z,,0,,,,,,
2026-07-16T09:00:10Z,1395,,35.2,28.4,11.37,25.4,50.3,11.85
2026-07-16T09:27:53Z,,0,,,,,,
2026-07-16T10:27:53Z,,0,,,,,,
2026-07-16T10:59:54Z,2880,,43.8,23.3,14.4,23.4,56.2,11.82
2026-07-16T11:27:53Z,,0,,,,,,
2026-07-16T12:27:54Z,,0,,,,,,
2026-07-16T12:59:13Z,1830,,39.1,23.4,11.44,21.8,57.5,11.03
2026-07-16T13:27:54Z,,0,,,,,,
2026-07-16T14:27:53Z,,0,,,,,,
2026-07-16T14:58:28Z,1950,,38,23.8,11.01,20.9,56.5,10.29
2026-07-16T15:27:53Z,,0,,,,,,
2026-07-16T16:27:53Z,,0,,,,,,
2026-07-16T16:59:03Z,1170,,29.9,29.6,8.94,20,56.2,9.71
2026-07-16T17:27:53Z,,0,,,,,,
2026-07-16T18:27:54Z,,0,,,,,,
2026-07-16T18:58:17Z,795,,22.7,40.5,8.18,18.4,61.1,9.61
2026-07-16T19:27:53Z,,0,,,,,,
2026-07-16T20:27:54Z,,0,,,,,,
2026-07-16T20:58:40Z,720,,15.5,59.8,7.9,14.7,74.6,9.39
2026-07-16T21:27:54Z,,0,,,,,,
2026-07-16T22:27:53Z,,0,,,,,,
2026-07-16T22:58:25Z,780,,12.3,70.7,7.67,12.6,80.3,8.88
2026-07-16T23:27:54Z,,0,,,,,,
2026-07-17T00:27:54Z,,0,,,,,,
2026-07-17T00:58:01Z,900,,10.7,78.2,7.68,11.3,84.8,8.65
2026-07-17T01:27:53Z,,0,,,,,,
2026-07-17T02:27:53Z,,0,,,,,,
2026-07-17T02:57:26Z,1065,,11.8,87.2,9.17,13.1,88.4,10.08
2026-07-17T03:27:53Z,,4e-05,,,,,,
2026-07-17T04:27:54Z,,7e-05,,,,,,
2026-07-17T04:56:46Z,2940,,19.9,83,14.26,20.9,62.3,11.34
2026-07-17T05:27:53Z,,0,,,,,,
2026-07-17T06:27:54Z,,0,,,,,,
2026-07-17T06:57:24Z,1620,,30.9,35.6,11.34,26.3,45.6,11.29
2026-07-17T07:27:53Z,,0,,,,,,
2026-07-17T08:27:53Z,,0,,,,,,
2026-07-17T08:57:58Z,2115,,39.7,24,12.1,27,42.7,10.99
2026-07-17T09:27:54Z,,0,,,,,,
2026-07-17T10:27:53Z,,0,,,,,,
2026-07-17T10:58:37Z,1920,,41.5,22.7,12.52,25.2,50.7,11.81
2026-07-17T11:27:53Z,,0,,,,,,
2026-07-17T12:27:53Z,,0,,,,,,
2026-07-17T12:59:15Z,1890,,41.9,21.4,12.04,23.4,54.8,11.52
2026-07-17T13:27:54Z,,0,,,,,,
2026-07-17T14:27:54Z,,0,,,,,,
2026-07-17T14:59:41Z,1575,,38.6,24.5,11.68,23.5,56.1,11.86
2026-07-17T15:27:54Z,,0,,,,,,
2026-07-17T16:27:53Z,,0,,,,,,
2026-07-17T16:58:55Z,1275,,34.3,29.7,11.34,22.6,60.6,12.17
2026-07-17T17:27:53Z,,0,,,,,,
2026-07-17T18:27:53Z,,0,,,,,,
2026-07-17T18:59:08Z,900,,25.6,41.7,9.93,20.8,62.8,11.37
2026-07-17T19:27:53Z,,0,,,,,,
2026-07-17T20:27:54Z,,0,,,,,,
2026-07-17T20:59:29Z,885,,18.2,60.8,9.45,17.7,72.2,10.89
2026-07-17T21:27:54Z,,0,,,,,,
2026-07-17T22:27:53Z,,0,,,,,,
2026-07-17T22:59:05Z,915,,15.4,73.3,9.63,16,79.7,10.85
2026-07-17T23:27:54Z,,0,,,,,,
2026-07-18T00:27:54Z,,0,,,,,,
2026-07-18T00:59:23Z,1065,,14.8,83.7,10.6,15.7,86.9,11.62
2026-07-18T01:27:53Z,,0,,,,,,
2026-07-18T02:27:54Z,,0,,,,,,
2026-07-18T02:59:00Z,1335,,17.2,89.1,13.04,17.9,89.6,13.68
2026-07-18T03:27:53Z,,8e-05,,,,,,
2026-07-18T04:27:53Z,,0.00015,,,,,,
2026-07-18T04:58:53Z,1860,,20.4,81.6,14.43,19.8,80.8,13.8
2026-07-18T05:27:54Z,,0,,,,,,
2026-07-18T06:27:54Z,,0,,,,,,
2026-07-18T06:59:36Z,2085,,28.7,52.9,14.96,23.4,64.7,13.61
2026-07-18T07:27:53Z,,0,,,,,,
2026-07-18T08:27:53Z,,0,,,,,,
2026-07-18T08:59:05Z,1890,,35.3,36.2,14.56,25.1,59.6,13.8
2026-07-18T09:27:54Z,,0,,,,,,
2026-07-18T10:27:53Z,,0,,,,,,
2026-07-18T10:59:46Z,1830,,39.9,27.1,13.8,24.7,58.8,13.31
2026-07-18T11:27:54Z,,0,,,,,,
2026-07-18T12:27:53Z,,0,,,,,,
2026-07-18T12:59:26Z,1365,,36,28.8,12.02,25.8,52,12.52
2026-07-18T13:27:54Z,,0,,,,,,
2026-07-18T14:27:53Z,,0,,,,,,
2026-07-18T14:59:03Z,1380,,33.9,31.5,11.78,25.4,52.1,12.27
2026-07-18T15:27:53Z,,0,,,,,,
2026-07-18T16:27:53Z,,0,,,,,,
2026-07-18T16:59:51Z,600,,26.4,40.6,10.11,23.5,57.7,12.2
2026-07-18T17:27:54Z,,0,,,,,,
2026-07-18T18:27:54Z,,0,,,,,,
2026-07-18T18:59:49Z,885,,20.9,67.1,12.22,20.2,79.5,13.9
2026-07-18T19:27:53Z,,0,,,,,,
2026-07-18T20:27:53Z,,0,,,,,,
2026-07-18T21:00:35Z,945,,20.1,77.1,13.4,18.7,93.7,15.0
2026-07-18T21:27:53Z,,0,,,,,,
2026-07-18T22:27:54Z,,0,,,,,,
2026-07-18T23:00:00Z,1215,,19.8,83.2,14.21,18.5,96.1,15.2
2026-07-18T23:27:53Z,,0,,,,,,
2026-07-19T00:27:53Z,,0,,,,,,
2026-07-19T00:59:30Z,1410,,18.7,81.7,13.08,17,93.2,13.48
2026-07-19T01:27:53Z,,0,,,,,,
2026-07-19T02:27:54Z,,0,,,,,,
2026-07-19T02:59:25Z,1605,,18.4,86.8,13.65,16.8,95.5,13.65
2026-07-19T03:27:53Z,,4e-05,,,,,,
2026-07-19T04:27:53Z,,9e-05,,,,,,
2026-07-19T05:00:14Z,1620,,17.4,81.9,12.13,15.2,92.6,12.01
2026-07-19T05:27:54Z,,0,,,,,,
2026-07-19T06:27:53Z,,0,,,,,,
2026-07-19T07:00:14Z,1740,,16.8,82.6,11.8,14.7,91.6,11.53
2026-07-19T07:27:54Z,,0,,,,,,
2026-07-19T08:27:54Z,,0,,,,,,
2026-07-19T08:59:57Z,1605,,22.5,58,11.58,17.4,77.7,11.51
2026-07-19T09:27:54Z,,0,,,,,,
2026-07-19T10:27:54Z,,0,,,,,,
2026-07-19T10:59:47Z,1410,,25.8,46.6,11.22,19.6,69.1,11.66
2026-07-19T11:27:54Z,,0,,,,,,
2026-07-19T12:27:54Z,,0,,,,,,
2026-07-19T12:59:16Z,1545,,23.8,51.5,11.08,18,72.4,11.12
2026-07-19T13:27:53Z,,0,,,,,,
2026-07-19T14:27:54Z,,0,,,,,,
2026-07-19T14:59:42Z,1530,,22.3,51.4,10.15,16.7,72.3,10.27
2026-07-19T15:27:53Z,,0,,,,,,
2026-07-19T16:27:53Z,,0,,,,,,
2026-07-19T16:59:23Z,1500,,21.6,52.4,9.94,15.9,74.7,10.11
2026-07-19T17:27:53Z,,0,,,,,,
2026-07-19T18:27:53Z,,0,,,,,,
2026-07-19T19:00:04Z,1245,,17.9,59.8,9.13,15,76,9.74
2026-07-19T19:27:53Z,,0,,,,,,
2026-07-19T20:27:54Z,,0,,,,,,
2026-07-19T21:00:47Z,1365,,16.1,68.7,9.41,14.4,78.4,9.69
2026-07-19T21:27:53Z,,0,,,,,,
2026-07-19T22:27:53Z,,0,,,,,,
2026-07-19T23:00:46Z,1530,,15.4,70.3,9.23,13.9,77.9,9.33
2026-07-19T23:27:53Z,,0,,,,,,
2026-07-20T00:27:54Z,,0,,,,,,
2026-07-20T01:00:52Z,1530,,14.6,70.7,8.84,13.2,78.3,8.99
2026-07-20T01:27:53Z,,0,,,,,,
2026-07-20T02:27:53Z,,0,,,,,,
2026-07-20T03:01:00Z,1650,,14.8,72.1,9.13,13.1,78.8,8.99
2026-07-20T03:27:54Z,,0,,,,,,
2026-07-20T04:27:53Z,,0,,,,,,
2026-07-20T05:01:40Z,1845,,17.3,65.4,9.63,14.1,75.3,9.13
2026-07-20T05:27:54Z,,0,,,,,,
2026-07-20T06:27:53Z,,0,,,,,,
2026-07-20T07:00:55Z,1605,,21.3,50.2,9.36,15.9,68.7,9.3
2026-07-20T07:27:53Z,,0,,,,,,
2026-07-20T08:27:53Z,,0,,,,,,
2026-07-20T09:01:11Z,1650,,31.2,30.8,9.97,20.5,55.3,9.84
2026-07-20T09:27:56Z,,0,,,,,,
2026-07-20T10:27:54Z,,0,,,,,,
2026-07-20T11:01:53Z,2955,,38,21.9,10.13,20.3,46.3,8.14
2026-07-20T11:27:54Z,,0,,,,,,
2026-07-20T12:27:54Z,,0,,,,,,
2026-07-20T13:01:43Z,1860,,33.8,21.1,7.85,19.7,44.2,7.5
2026-07-20T13:27:54Z,,0,,,,,,
2026-07-20T14:27:54Z,,0,,,,,,
2026-07-20T15:02:03Z,1230,,29.4,24.6,7.23,19.2,47.2,7.78
2026-07-20T15:27:54Z,,0,,,,,,
2026-07-20T16:27:54Z,,0,,,,,,
2026-07-20T17:02:01Z,825,,23.9,30.3,6.56,17.7,50.4,7.6
2026-07-20T17:27:53Z,,0,,,,,,
2026-07-20T18:27:53Z,,0,,,,,,
2026-07-20T19:02:14Z,585,,18.3,41.6,6.5,15.6,59.3,7.88
2026-07-20T19:27:53Z,,0,,,,,,
2026-07-20T20:27:54Z,,0,,,,,,
2026-07-20T21:01:54Z,885,,14.4,56.6,6.99,13.6,68,8.0
2026-07-20T21:27:53Z,,0,,,,,,
2026-07-20T22:27:53Z,,0,,,,,,
2026-07-20T23:01:57Z,1200,,12.3,64.5,7.0,11.6,72.3,7.51
2026-07-20T23:27:54Z,,0,,,,,,
2026-07-21T00:27:53Z,,0,,,,,,
2026-07-21T01:02:00Z,1380,,11.4,69.9,7.17,10.6,75.8,7.4
2026-07-21T01:27:54Z,,0,,,,,,
2026-07-21T02:27:54Z,,0,,,,,,
2026-07-21T03:02:40Z,1755,,11.3,75.9,7.74,10.1,79,7.47
2026-07-21T03:27:53Z,,0,,,,,,
2026-07-21T04:27:53Z,,0,,,,,,
2026-07-21T05:02:11Z,1770,,13.5,65.7,7.68,10.8,74.6,7.37
2026-07-21T05:27:54Z,,0,,,,,,
2026-07-21T06:27:53Z,,0,,,,,,
2026-07-21T07:02:46Z,1815,,16.8,55.1,7.87,11.9,71.3,7.55
2026-07-21T07:27:53Z,,0,,,,,,
2026-07-21T08:27:53Z,,0,,,,,,
2026-07-21T09:02:32Z,1635,,18.5,49.3,7.8,12.7,69.8,7.77
2026-07-21T09:27:54Z,,0,,,,,,
2026-07-21T10:27:54Z,,0,,,,,,
2026-07-21T11:02:55Z,1560,,18.9,46.3,7.5,13.1,66.6,7.6
2026-07-21T11:27:54Z,,0,,,,,,
2026-07-21T12:27:53Z,,0,,,,,,
2026-07-21T13:03:35Z,1395,,16.4,58.9,8.22,12.2,78.5,8.47
2026-07-21T13:27:56Z,,0,,,,,,
2026-07-21T14:27:54Z,,0,,,,,,
2026-07-21T15:03:30Z,1500,,16.9,60.2,8.66,12.7,78.7,8.76
2026-07-21T15:27:54Z,,0,,,,,,
2026-07-21T16:27:54Z,,0,,,,,,
2026-07-21T17:04:02Z,1560,,14.6,67.3,8.42,11.5,82.2,8.49
2026-07-21T17:27:53Z,,0,,,,,,
2026-07-21T18:27:53Z,,0,,,,,,
2026-07-21T19:03:26Z,1605,,13.2,74.9,8.6,10.9,85.8,8.53
2026-07-21T19:27:54Z,,0,,,,,,
2026-07-21T20:27:53Z,,0,,,,,,
2026-07-21T21:04:05Z,1680,,12.3,80.3,8.72,10.4,88.7,8.55
2026-07-21T21:27:53Z,,0,,,,,,
2026-07-21T22:27:53Z,,0,,,,,,
2026-07-21T23:03:46Z,1770,,12.1,84.3,9.04,10.3,91.3,8.74
2026-07-21T23:27:53Z,,0,,,,,,
2026-07-22T00:27:53Z,,0,,,,,,
2026-07-22T01:04:13Z,1830,,12,84.9,9.04,10.2,91,8.66
2026-07-22T01:27:53Z,,0,,,,,,
2026-07-22T02:27:53Z,,0,,,,,,
2026-07-22T03:04:21Z,1890,,12.2,86.8,9.36,10.2,91.8,8.73
2026-07-22T03:27:53Z,,3e-05,,,,,,
2026-07-22T04:27:53Z,,6e-05,,,,,,
2026-07-22T05:03:41Z,1920,,13.4,84.6,9.83,11.1,91.2,9.18
2026-07-22T05:27:54Z,,0,,,,,,
2026-07-22T06:27:54Z,,0,,,,,,
2026-07-22T07:03:13Z,1935,,16.4,75,10.46,12.9,86.7,9.77
2026-07-22T07:27:53Z,,0,,,,,,
2026-07-22T08:27:53Z,,0,,,,,,
2026-07-22T09:02:59Z,2040,,26.6,43.1,10.85,17.9,65.1,9.94
2026-07-22T09:27:55Z,,0,,,,,,
2026-07-22T10:27:54Z,,0,,,,,,
2026-07-22T11:02:20Z,1920,,31.4,29.2,9.56,19.6,53.3,9.0
2026-07-22T11:27:54Z,,0,,,,,,
2026-07-22T12:27:54Z,,0,,,,,,
2026-07-22T13:03:01Z,1590,,30.9,24.1,7.68,18.9,47.7,7.73
2026-07-22T13:27:54Z,,0,,,,,,
2026-07-22T14:27:53Z,,0,,,,,,
2026-07-22T15:03:10Z,1395,,32.4,21.1,7.29,18.7,47.4,7.59
2026-07-22T15:27:53Z,,0,,,,,,
2026-07-22T16:27:54Z,,0,,,,,,
2026-07-22T17:03:48Z,735,,23.9,31.4,6.79,17.4,54.7,8.1
2026-07-22T17:27:54Z,,0,,,,,,
2026-07-22T18:27:53Z,,0,,,,,,
2026-07-22T19:03:52Z,720,,18.1,47.3,7.31,15.5,65.2,8.61
2026-07-22T19:27:54Z,,0,,,,,,
2026-07-22T20:27:53Z,,0,,,,,,
2026-07-22T21:04:00Z,915,,14.9,59.8,7.62,13.7,72.8,8.62
2026-07-22T21:27:53Z,,0,,,,,,
2026-07-22T22:27:54Z,,0,,,,,,
2026-07-22T23:04:05Z,1200,,14.5,69.4,8.63,13.2,80,9.18
2026-07-22T23:27:53Z,,0,,,,,,
2026-07-23T00:27:53Z,,0,,,,,,
2026-07-23T01:04:38Z,1485,,14,75,9.04,12.8,82.1,9.19
2026-07-23T01:27:54Z,,0,,,,,,
2026-07-23T02:27:53Z,,0,,,,,,
2026-07-23T03:04:25Z,1740,,13.5,80.7,9.44,11.9,86.6,9.17
2026-07-23T03:27:53Z,,0,,,,,,
2026-07-23T04:27:54Z,,0,,,,,,
2026-07-23T05:05:20Z,1800,,14.7,80.9,10.18,12.6,88.8,9.82
2026-07-23T05:27:53Z,,0,,,,,,
2026-07-23T06:27:53Z,,0,,,,,,
2026-07-23T07:04:40Z,1725,,18.7,72.2,11.56,15.7,84.4,11.29
2026-07-23T07:27:53Z,,0,,,,,,
2026-07-23T08:27:54Z,,0,,,,,,
2026-07-23T09:04:18Z,1635,,26.6,45.1,11.36,18.5,71,11.23
2026-07-23T09:27:54Z,,0,,,,,,
2026-07-23T10:27:53Z,,0,,,,,,
2026-07-23T11:04:51Z,1995,,33,32.3,11.52,20.9,58.4,10.63
2026-07-23T11:27:54Z,,0,,,,,,
2026-07-23T12:27:55Z,,0,,,,,,
2026-07-23T13:04:15Z,1725,,21.6,59.7,11.32,16.7,77.2,10.97
2026-07-23T13:27:54Z,,0,,,,,,
2026-07-23T14:27:54Z,,0,,,,,,
2026-07-23T15:03:22Z,1815,,23.3,55.5,11.6,16.7,78.2,11.11
2026-07-23T15:27:55Z,,0,,,,,,
2026-07-23T16:27:53Z,,0,,,,,,
2026-07-23T17:04:05Z,1725,,22.6,58.2,11.69,16.5,80.9,11.36
2026-07-23T17:27:54Z,,0,,,,,,
2026-07-23T18:27:53Z,,0,,,,,,
2026-07-23T19:04:11Z,1395,,18.5,66.5,10.52,14.7,86.4,10.87
2026-07-23T19:27:54Z,,0,,,,,,
2026-07-23T20:27:53Z,,0,,,,,,
2026-07-23T21:04:43Z,1320,,13.8,79.1,9.42,12.4,90.1,9.84
2026-07-23T21:27:53Z,,0,,,,,,
2026-07-23T22:27:53Z,,0,,,,,,
2026-07-23T23:04:18Z,1230,,11.2,83.2,8.43,10.6,91.9,8.97
2026-07-23T23:27:53Z,,0,,,,,,
2026-07-24T00:27:54Z,,0,,,,,,
2026-07-24T01:04:08Z,1260,,9.6,86.5,7.92,9.2,94.1,8.4
2026-07-24T01:27:53Z,,2e-05,,,,,,
2026-07-24T02:27:54Z,,5e-05,,,,,,
2026-07-24T03:03:57Z,1485,,9.9,89.8,8.38,9.2,94.9,8.47
2026-07-24T03:27:54Z,,0.00011,,,,,,
2026-07-24T04:27:53Z,,0.00017,,,,,,
2026-07-24T05:03:52Z,2685,,17.4,94.9,14.06,17,82,11.86
2026-07-24T05:27:54Z,,0.00036,,,,,,
2026-07-24T06:27:54Z,,0.00055,,,,,,
2026-07-24T07:03:37Z,1530,,28.3,46.6,12.89,26,54.1,13.18
2026-07-24T07:27:53Z,,0.00022,,,,,,
2026-07-24T08:27:53Z,,0,,,,,,
2026-07-24T09:03:40Z,1785,,37,27.1,11.91,26.9,45,11.52
2026-07-24T09:27:54Z,,0,,,,,,
2026-07-24T10:27:53Z,,0,,,,,,
2026-07-24T11:03:32Z,1875,,32.2,28.8,9.84,21.2,50.8,9.41
2026-07-24T11:27:55Z,,0,,,,,,
2026-07-24T12:27:53Z,,0,,,,,,
2026-07-24T13:03:04Z,1890,,33.7,28.4,10.51,20.5,56.7,10.09
2026-07-24T13:27:53Z,,0,,,,,,
2026-07-24T14:27:53Z,,0,,,,,,
2026-07-24T15:02:17Z,1785,,33.1,26.1,9.35,19.3,55,9.12
2026-07-24T15:27:53Z,,0,,,,,,
2026-07-24T16:27:53Z,,0,,,,,,
2026-07-24T17:01:34Z,1200,,26,36.4,8.87,18.2,61.6,9.57
2026-07-24T17:27:53Z,,0,,,,,,
2026-07-24T18:27:53Z,,0,,,,,,
2026-07-24T19:27:53Z,,0,,,,,,
2026-07-24T20:27:53Z,,0,,,,,,
2026-07-24T21:01:25Z,750,,12.4,67.4,7.36,12.6,78.2,8.65
2026-07-24T21:27:53Z,,0,,,,,,
2026-07-24T22:27:53Z,,0,,,,,,
2026-07-24T23:01:54Z,855,,11.8,78.3,8.24,13.1,83,9.47
2026-07-24T23:27:53Z,,0,,,,,,
2026-07-25T00:27:54Z,,0,,,,,,
2026-07-25T01:01:13Z,1140,,13.1,78.3,8.93,14.1,79.2,9.61
2026-07-25T01:27:53Z,,0,,,,,,
2026-07-25T02:27:53Z,,0,,,,,,
2026-07-25T03:00:39Z,1455,,14.1,81.4,9.87,14.3,81.9,10.06
2026-07-25T03:27:53Z,,0,,,,,,
2026-07-25T04:27:54Z,,0,,,,,,
2026-07-25T04:59:49Z,1815,,17.6,73.2,10.97,16.5,74.3,10.43
2026-07-25T05:27:54Z,,0,,,,,,
2026-07-25T06:27:54Z,,0,,,,,,
2026-07-25T06:59:08Z,1800,,23.9,50.6,10.95,18.1,68.2,10.53
2026-07-25T07:27:52Z,,0,,,,,,
2026-07-25T08:27:53Z,,0,,,,,,
2026-07-25T08:59:16Z,1455,,20.8,58.7,10.63,16.3,78.4,10.87
2026-07-25T09:27:53Z,,0,,,,,,
2026-07-25T10:27:54Z,,0,,,,,,
2026-07-25T10:59:27Z,1155,,21.1,60.3,11.11,17,83.3,12.05
2026-07-25T11:27:53Z,,0,,,,,,
2026-07-25T12:27:54Z,,0,,,,,,
2026-07-25T13:00:11Z,1800,,22.8,57.7,11.72,18.7,70.9,11.35
2026-07-25T13:27:53Z,,0,,,,,,
2026-07-25T14:27:53Z,,0,,,,,,
2026-07-25T14:59:44Z,1215,,21.1,64.2,11.83,17.2,86.3,12.63
2026-07-25T15:27:53Z,,0,,,,,,
2026-07-25T16:27:53Z,,0,,,,,,
2026-07-25T16:59:57Z,1275,,18.8,72.3,11.64,16.5,87,12.21
2026-07-25T17:27:53Z,,0,,,,,,
2026-07-25T18:27:53Z,,0,,,,,,
2026-07-25T18:59:17Z,1365,,17.4,79.6,11.79,15.9,90.6,12.26
2026-07-25T19:27:53Z,,0,,,,,,
2026-07-25T20:27:54Z,,0,,,,,,
2026-07-25T20:58:42Z,1455,,16.6,83,11.72,15.7,89.3,11.94
2026-07-25T21:27:53Z,,0,,,,,,
2026-07-25T22:27:53Z,,0,,,,,,
2026-07-25T22:58:27Z,1590,,16.5,80.6,11.31,15.6,85.2,11.33
2026-07-25T23:27:53Z,,0,,,,,,
2026-07-26T00:27:54Z,,0,,,,,,
2026-07-26T00:57:45Z,1605,,16.2,78.5,10.82,15.3,82.1,10.72
2026-07-26T01:27:53Z,,0,,,,,,
2026-07-26T02:27:53Z,,0,,,,,,
2026-07-26T02:58:10Z,1545,,16.2,80.8,11.14,15.3,85.7,11.19
2026-07-26T03:27:53Z,,0,,,,,,
2026-07-26T04:27:54Z,,0,,,,,,
2026-07-26T04:58:38Z,1695,,17.3,80.1,11.8,15.6,86.8,11.54
2026-07-26T05:27:53Z,,0,,,,,,
2026-07-26T06:27:54Z,,0,,,,,,
2026-07-26T06:58:54Z,1470,,19.1,72,11.8,16.1,87.7,12.02
2026-07-26T07:27:54Z,,0,,,,,,
2026-07-26T08:27:53Z,,0,,,,,,
2026-07-26T08:59:02Z,1665,,18.9,79.3,12.84,16.5,89.8,12.6
2026-07-26T09:27:54Z,,0,,,,,,
2026-07-26T10:27:53Z,,0,,,,,,
2026-07-26T10:58:56Z,1710,,23,62.5,12.85,18.3,80.1,12.52
2026-07-26T11:27:53Z,,0,,,,,,
2026-07-26T12:27:53Z,,0,,,,,,
2026-07-26T12:58:57Z,1755,,21.2,71.9,13.32,18.1,83.6,12.91
2026-07-26T13:27:54Z,,0,,,,,,
2026-07-26T14:27:53Z,,0,,,,,,
2026-07-26T14:58:43Z,1605,,20.2,74.2,12.97,18.2,83.3,12.94
2026-07-26T15:27:53Z,,0,,,,,,
2026-07-26T16:27:53Z,,0,,,,,,
2026-07-26T16:58:28Z,1530,,18.4,77.5,12.19,17.8,81.5,12.37
2026-07-26T17:27:53Z,,0,,,,,,
2026-07-26T18:27:53Z,,0,,,,,,
2026-07-26T18:58:21Z,1560,,18.1,82.5,12.74,17.3,86.6,12.75
2026-07-26T19:27:54Z,,0,,,,,,
2026-07-26T20:27:53Z,,0,,,,,,
2026-07-26T20:57:33Z,1650,,17.4,87.3,12.93,16.8,89.1,12.73
2026-07-26T21:27:53Z,,5e-05,,,,,,
2026-07-26T22:27:53Z,,0.0001,,,,,,
2026-07-26T22:56:52Z,1515,,15.9,88.8,12.02,15.5,92.2,12.18
2026-07-26T23:27:54Z,,0.00017,,,,,,
2026-07-27T00:27:53Z,,0.00023,,,,,,
2026-07-27T00:56:29Z,1710,,15.3,92.2,12.04,14.6,94.2,11.78
2026-07-27T01:27:54Z,,0.00035,,,,,,
2026-07-27T02:27:54Z,,0.00047,,,,,,
2026-07-27T02:56:26Z,1785,,15.4,93.8,12.32,14.5,95.5,11.87
2026-07-27T03:27:53Z,,0.00062,,,,,,
2026-07-27T04:27:53Z,,0.00077,,,,,,
2026-07-27T04:56:47Z,2025,,17.1,96.6,14.06,15.4,97.7,12.83
2026-07-27T05:27:53Z,,0.00102,,,,,,
2026-07-27T06:27:53Z,,0.00126,,,,,,
2026-07-27T06:56:57Z,2025,,18.7,92.5,14.81,16.5,97,13.62
2026-07-27T07:27:54Z,,0.0014,,,,,,
2026-07-27T08:27:54Z,,0.00154,,,,,,
2026-07-27T08:56:34Z,1875,,21.5,76.6,14.44,17.4,92.1,13.64
2026-07-27T09:27:53Z,,0.00121,,,,,,
2026-07-27T10:27:54Z,,0.00088,,,,,,
2026-07-27T10:56:28Z,1920,,24.8,61.4,13.98,18.6,82.3,13.09
2026-07-27T11:27:54Z,,0.00054,,,,,,
2026-07-27T12:27:54Z,,0.00021,,,,,,
2026-07-27T12:55:36Z,2100,,28.9,49.3,14.09,19.7,75.1,12.75
2026-07-27T13:27:54Z,,0,,,,,,
2026-07-27T14:27:54Z,,0,,,,,,
2026-07-27T14:55:24Z,1890,,29.7,44.3,13.23,19.9,73.4,12.61
2026-07-27T15:27:54Z,,0,,,,,,
2026-07-27T16:27:54Z,,0,,,,,,
2026-07-27T16:54:52Z,1260,,26.8,47.8,12.17,18.8,80.1,12.9
2026-07-27T17:27:54Z,,0,,,,,,
2026-07-27T18:27:53Z,,0,,,,,,
2026-07-27T18:54:36Z,1140,,19.7,72.3,12.27,16.6,93.8,13.25
2026-07-27T19:27:53Z,,0,,,,,,
2026-07-27T20:27:53Z,,0,,,,,,
2026-07-27T20:53:45Z,1215,,18,82.5,12.67,16,99.2,13.51
2026-07-27T21:27:53Z,,0,,,,,,
2026-07-27T22:27:53Z,,0,,,,,,
2026-07-27T22:54:07Z,1305,,17.1,86,12.51,15.5,99.7,13.17
2026-07-27T23:27:53Z,,3e-05,,,,,,
2026-07-28T00:27:53Z,,5e-05,,,,,,
2026-07-28T00:54:31Z,1500,,16.3,87.5,12.13,14.4,99.5,12.29
2026-07-28T01:27:53Z,,0.0001,,,,,,
2026-07-28T02:27:53Z,,0.00015,,,,,,
2026-07-28T02:53:46Z,1575,,15.5,87.4,11.55,13.5,99,11.57
2026-07-28T03:27:53Z,,0.0002,,,,,,
2026-07-28T04:27:53Z,,0.00025,,,,,,
2026-07-28T04:53:11Z,1755,,16.3,87.1,12.08,14,97.5,11.76
2026-07-28T05:27:54Z,,0.00029,,,,,,
2026-07-28T06:27:54Z,,0.00033,,,,,,
2026-07-28T06:53:33Z,1800,,23.3,63,13.17,18.4,80.6,12.67
2026-07-28T07:27:53Z,,0,,,,,,
2026-07-28T08:27:54Z,,0,,,,,,
2026-07-28T08:52:38Z,1815,,31.4,37.5,12.28,22.8,58.4,11.87
2026-07-28T09:27:53Z,,0,,,,,,
2026-07-28T10:27:54Z,,0,,,,,,
2026-07-28T11:27:53Z,,0,,,,,,
2026-07-28T12:27:53Z,,0,,,,,,
2026-07-28T12:51:07Z,1485,,26.4,43.3,10.78,18.1,71.3,11.01
2026-07-28T13:27:57Z,,0,,,,,,
2026-07-28T14:27:53Z,,0,,,,,,
2026-07-28T14:51:25Z,1065,,22.2,48.7,9.56,17.7,70.1,10.57
2026-07-28T15:27:53Z,,0,,,,,,
2026-07-28T16:27:53Z,,0,,,,,,
2026-07-28T16:51:31Z,1050,,20.6,54.1,9.68,17,74.2,10.73
2026-07-28T17:27:53Z,,0,,,,,,
2026-07-28T18:27:53Z,,0,,,,,,
2026-07-28T18:51:49Z,1005,,17,64.8,9.37,15.3,79.9,10.43
2026-07-28T19:27:53Z,,0,,,,,,
2026-07-28T20:27:53Z,,0,,,,,,
2026-07-28T20:51:02Z,1140,,13.7,78.4,9.28,13.2,86.9,9.97
2026-07-28T21:27:54Z,,0,,,,,,
2026-07-28T22:27:53Z,,0,,,,,,
2026-07-28T22:51:55Z,1530,,12.7,85.8,9.55,11.7,91.8,9.6
2026-07-28T23:27:54Z,,2e-05,,,,,,
2026-07-29T00:27:53Z,,3e-05,,,,,,
2026-07-29T00:52:16Z,1695,,13,88.8,10.07,11.7,93.7,9.8
2026-07-29T01:27:54Z,,9e-05,,,,,,
2026-07-29T02:27:53Z,,0.00015,,,,,,
2026-07-29T02:52:55Z,1650,,12.8,89.2,9.99,11.7,94.1,9.84
2026-07-29T03:27:53Z,,0.00022,,,,,,
2026-07-29T04:27:53Z,,0.00028,,,,,,
2026-07-29T04:52:32Z,1845,,16.6,91.4,12.91,18.1,79.4,12.26
2026-07-29T05:27:53Z,,0.00039,,,,,,
2026-07-29T06:27:54Z,,0.0005,,,,,,
2026-07-29T06:52:49Z,1590,,28.5,46.7,13.06,26.7,51.4,13.02
2026-07-29T07:27:53Z,,0.00017,,,,,,
2026-07-29T08:27:54Z,,0,,,,,,
2026-07-29T08:53:28Z,1500,,37.2,27.4,12.16,29.4,42.5,12.49
2026-07-29T09:27:54Z,,0,,,,,,
2026-07-29T10:27:54Z,,0,,,,,,
2026-07-29T10:53:06Z,1905,,38.1,22.8,10.6,25.8,41.1,9.9
2026-07-29T11:27:53Z,,0,,,,,,
2026-07-29T12:27:53Z,,0,,,,,,
2026-07-29T12:53:00Z,1305,,34.3,22.9,8.74,23.4,44,9.25
2026-07-29T13:27:53Z,,0,,,,,,
2026-07-29T14:27:54Z,,0,,,,,,
2026-07-29T14:53:34Z,1230,,32.7,25.3,8.88,22.8,46.6,9.47
2026-07-29T15:27:54Z,,0,,,,,,
2026-07-29T16:27:53Z,,0,,,,,,
2026-07-29T16:54:22Z,975,,29.8,30.9,9.28,22.2,53.5,10.5
2026-07-29T17:27:53Z,,0,,,,,,
2026-07-29T18:27:53Z,,0,,,,,,
2026-07-29T18:53:38Z,705,,22.1,46,8.98,20.1,62.4,10.84
2026-07-29T19:27:53Z,,0,,,,,,
2026-07-29T20:27:53Z,,0,,,,,,
2026-07-29T20:54:03Z,795,,16.2,61.9,8.53,16.2,71.8,9.9
2026-07-29T21:27:53Z,,0,,,,,,
2026-07-29T22:27:53Z,,0,,,,,,
2026-07-29T22:54:17Z,1065,,14.1,73.9,8.96,13.9,81.9,9.81
2026-07-29T23:27:53Z,,0,,,,,,
2026-07-30T00:27:53Z,,0,,,,,,
2026-07-30T00:54:36Z,1260,,13.3,79.6,9.19,12.7,87.8,9.77
2026-07-30T01:27:53Z,,0,,,,,,
2026-07-30T02:27:53Z,,0,,,,,,
2026-07-30T02:54:23Z,1845,,14.2,88.7,10.83,12.7,92.3,10.27
2026-07-30T03:27:53Z,,6e-05,,,,,,
2026-07-30T04:27:53Z,,0.00012,,,,,,
2026-07-30T04:53:51Z,2025,,16.8,87.9,12.56,14.6,92.3,11.55
2026-07-30T05:27:54Z,,0.00018,,,,,,
2026-07-30T06:27:53Z,,0.00024,,,,,,
2026-07-30T06:53:04Z,1980,,25.7,55.4,13.27,21.8,63.9,12.26
2026-07-30T07:27:53Z,,0,,,,,,
2026-07-30T08:27:53Z,,0,,,,,,
2026-07-30T08:52:34Z,1620,,31.2,40,12.95,22.5,65,12.98
2026-07-30T09:27:54Z,,0,,,,,,
2026-07-30T10:27:53Z,,0,,,,,,
2026-07-30T10:52:32Z,1590,,32.4,38,13.12,22.2,67.4,13.23
2026-07-30T11:27:53Z,,0,,,,,,
2026-07-30T12:27:53Z,,0,,,,,,
2026-07-30T12:52:45Z,1890,,38.3,30.4,14.28,22.2,69.1,13.57
2026-07-30T13:27:53Z,,0,,,,,,
2026-07-30T14:27:53Z,,0,,,,,,
2026-07-30T14:53:21Z,1470,,35.9,31,12.87,22.4,67,13.31
2026-07-30T15:27:53Z,,0,,,,,,
2026-07-30T16:27:53Z,,0,,,,,,
2026-07-30T16:53:11Z,1170,,29,44.3,12.73,21.4,73.9,13.85
2026-07-30T17:27:53Z,,0,,,,,,
2026-07-30T18:27:53Z,,0,,,,,,
2026-07-30T18:53:33Z,960,,22.1,60.7,11.85,18.8,82.7,13.32
2026-07-30T19:27:53Z,,0,,,,,,
2026-07-30T20:27:54Z,,0,,,,,,
2026-07-30T20:53:37Z,1020,,18,75.9,11.65,17.2,88.2,12.91
2026-07-30T21:27:54Z,,0,,,,,,
2026-07-30T22:27:53Z,,0,,,,,,
2026-07-30T22:53:47Z,1005,,15.8,82,11.03,16.1,90,12.33
2026-07-30T23:27:53Z,,0,,,,,,
2026-07-31T00:27:54Z,,0,,,,,,
2026-07-31T00:53:52Z,1065,,14.8,88.5,11.21,15.4,93,12.21
2026-07-31T01:27:53Z,,6e-05,,,,,,
2026-07-31T02:27:53Z,,0.00012,,,,,,
2026-07-31T02:53:04Z,1170,,15.8,91.5,12.31,16.5,94,13.19
2026-07-31T03:27:53Z,,0.00023,,,,,,
2026-07-31T04:27:53Z,,0.00034,,,,,,
2026-07-31T04:53:21Z,2025,,19.7,90.2,15.31,20.4,79.1,13.99
2026-07-31T05:27:53Z,,0.00044,,,,,,
2026-07-31T06:27:53Z,,0.00054,,,,,,
2026-07-31T06:52:57Z,1995,,28.5,56.3,15.75,24.5,65,14.55
2026-07-31T07:27:53Z,,0.00021,,,,,,
2026-07-31T08:27:53Z,,0,,,,,,
2026-07-31T08:52:42Z,1860,,36.4,36.1,15.38,26.3,59.5,14.74
2026-07-31T09:27:54Z,,0,,,,,,
2026-07-31T10:27:54Z,,0,,,,,,
2026-07-31T10:52:19Z,1710,,35.9,36.6,15.19,26,61.4,14.95
2026-07-31T11:27:54Z,,0,,,,,,
2026-07-31T12:27:54Z,,0,,,,,,
2026-07-31T12:52:40Z,945,,29.8,43.9,13.18,24.6,67.1,15.11
2026-07-31T13:27:53Z,,0,,,,,,
2026-07-31T14:27:53Z,,0,,,,,,
2026-07-31T14:52:37Z,1065,,24.9,61,13.97,20.6,86.2,15.43
2026-07-31T15:27:54Z,,0,,,,,,
2026-07-31T16:27:53Z,,0,,,,,,
2026-07-31T16:52:30Z,1200,,21.6,75.4,14.3,19.4,91.2,15.21
2026-07-31T17:27:53Z,,0,,,,,,
2026-07-31T18:27:53Z,,0,,,,,,
2026-07-31T18:52:55Z,1410,,20.3,82.2,14.45,18.6,93.8,14.92
2026-07-31T19:27:54Z,,0,,,,,,
2026-07-31T20:27:53Z,,0,,,,,,
2026-07-31T20:52:47Z,1335,,17.8,87.1,13.22,17,95.7,13.84
2026-07-31T21:27:53Z,,5e-05,,,,,,
2026-07-31T22:27:53Z,,9e-05,,,,,,
2026-07-31T22:52:53Z,1245,,15.8,88.5,11.91,15.4,96.4,12.66
2026-07-31T23:27:53Z,,0.00016,,,,,,
2026-08-01T00:27:54Z,,0.00022,,,,,,
2026-08-01T00:52:23Z,1680,,15.6,93.3,12.4,14.5,97.6,12.13
2026-08-01T01:27:53Z,,0.00036,,,,,,
2026-08-01T02:27:53Z,,0.0005,,,,,,
2026-08-01T02:52:28Z,1845,,15.7,92.6,12.38,14.1,97.5,11.83
2026-08-01T03:27:54Z,,0.00063,,,,,,
2026-08-01T04:27:53Z,,0.00076,,,,,,
2026-08-01T04:53:23Z,2175,,17.4,95.8,14.19,15.4,96.7,12.7
2026-08-01T05:27:53Z,,0.00098,,,,,,
2026-08-01T06:27:53Z,,0.0012,,,,,,
2026-08-01T06:52:33Z,1980,,26.9,60.1,15.39,23.1,69.4,14.35
2026-08-01T07:27:54Z,,0.00087,,,,,,
2026-08-01T08:27:54Z,,0.00053,,,,,,
2026-08-01T08:52:20Z,1755,,34.9,33.2,13.08,26,52.2,12.71
2026-08-01T09:27:54Z,,0.0002,,,,,,
2026-08-01T10:27:53Z,,0,,,,,,
2026-08-01T10:52:22Z,2160,,36.1,27,11.32,23.6,47.9,10.19
2026-08-01T11:27:53Z,,0,,,,,,
2026-08-01T12:27:53Z,,0,,,,,,
2026-08-01T12:53:13Z,1695,,35.4,25.6,10.35,22.4,51.3,10.19
2026-08-01T13:27:54Z,,0,,,,,,
2026-08-01T14:27:53Z,,0,,,,,,
2026-08-01T14:53:50Z,1470,,32.6,28.8,10.05,21,56.3,10.31
2026-08-01T15:27:53Z,,0,,,,,,
2026-08-01T16:27:53Z,,0,,,,,,
2026-08-01T16:54:14Z,900,,24.3,41.5,9.19,18.7,66,10.56
2026-08-01T17:27:54Z,,0,,,,,,
2026-08-01T18:27:53Z,,0,,,,,,
2026-08-01T18:54:16Z,765,,18.8,51,8.21,16.3,69.5,9.64
2026-08-01T19:27:54Z,,0,,,,,,
2026-08-01T20:27:54Z,,0,,,,,,
2026-08-01T20:53:35Z,945,,15.4,64.5,8.47,14.5,76.3,9.49
2026-08-01T21:27:54Z,,0,,,,,,
2026-08-01T22:27:54Z,,0,,,,,,
2026-08-01T22:53:33Z,1230,,14.5,74.2,9.22,13.7,82.8,9.8
2026-08-01T23:27:53Z,,0,,,,,,
2026-08-02T00:27:53Z,,0,,,,,,
2026-08-02T00:52:56Z,1395,,13.8,80.5,9.59,13,87.4,9.91
2026-08-02T01:27:54Z,,0,,,,,,
2026-08-02T02:27:54Z,,0,,,,,,
2026-08-02T02:52:14Z,1485,,13.3,84.4,9.75,12.6,89.7,9.92
2026-08-02T03:27:53Z,,0,,,,,,
2026-08-02T04:27:54Z,,0,,,,,,
2026-08-02T04:51:48Z,1875,,16,91.9,12.52,16.5,83.9,11.78
2026-08-02T05:27:54Z,,0.00012,,,,,,
2026-08-02T06:27:53Z,,0.00023,,,,,,
2026-08-02T06:51:54Z,1830,,27.7,49.9,13.36,24,58.8,12.79
2026-08-02T07:27:53Z,,0,,,,,,
2026-08-02T08:27:54Z,,0,,,,,,
2026-08-02T08:51:50Z,1395,,35.1,24.6,9.79,26.5,40.8,10.22
2026-08-02T09:27:53Z,,0,,,,,,
2026-08-02T10:27:53Z,,0,,,,,,
2026-08-02T10:52:28Z,2805,,38.1,21.7,10.09,23.3,40,8.36
2026-08-02T11:27:54Z,,0,,,,,,
2026-08-02T12:27:54Z,,0,,,,,,
2026-08-02T12:52:48Z,1755,,35.1,22.5,8.96,21.6,45.7,8.67
2026-08-02T13:27:54Z,,0,,,,,,
2026-08-02T14:27:54Z,,0,,,,,,
2026-08-02T14:53:28Z,780,,29,26.1,7.5,19.1,54.1,8.87
2026-08-02T15:27:54Z,,0,,,,,,
2026-08-02T16:27:53Z,,0,,,,,,
2026-08-02T16:53:51Z,525,,22.4,38.2,7.59,17.4,64,9.48
2026-08-02T17:27:53Z,,0,,,,,,
2026-08-02T18:27:53Z,,0,,,,,,
2026-08-02T18:53:40Z,540,,17.5,49.5,7.38,15.5,71.2,9.41
2026-08-02T19:27:54Z,,0,,,,,,
2026-08-02T20:27:53Z,,0,,,,,,
2026-08-02T20:53:04Z,690,,13.7,67.7,8.01,13.8,80,9.53
2026-08-02T21:27:53Z,,0,,,,,,
2026-08-02T22:27:53Z,,0,,,,,,
2026-08-02T22:53:28Z,840,,12.7,75.1,8.36,13,84.6,9.59
2026-08-02T23:27:54Z,,0,,,,,,
2026-08-03T00:27:53Z,,0,,,,,,
2026-08-03T00:53:54Z,1005,,12.1,81.3,8.72,12.3,88.7,9.63
2026-08-03T01:27:53Z,,0,,,,,,
2026-08-03T02:27:53Z,,0,,,,,,
2026-08-03T02:53:51Z,1260,,13,85.3,9.67,12.8,90.9,10.18
2026-08-03T03:27:53Z,,1e-05,,,,,,
2026-08-03T04:27:54Z,,1e-05,,,,,,
2026-08-03T04:53:46Z,1770,,17.1,85.4,12.43,18,77.8,11.95
2026-08-03T05:27:54Z,,3e-05,,,,,,
2026-08-03T06:27:55Z,,4e-05,,,,,,
2026-08-03T06:53:41Z,1740,,27.2,43.1,11.22,24.8,47.9,10.91
2026-08-03T07:27:54Z,,0,,,,,,
2026-08-03T08:27:54Z,,0,,,,,,
2026-08-03T08:53:48Z,1575,,30.2,30.5,9.36,22,48.7,9.45
2026-08-03T09:27:55Z,,0,,,,,,
2026-08-03T10:27:55Z,,0,,,,,,
2026-08-03T10:53:03Z,1965,,32.4,29.1,10.05,20.8,51.7,9.36
2026-08-03T11:27:53Z,,0,,,,,,
2026-08-03T12:27:53Z,,0,,,,,,
2026-08-03T12:52:36Z,1560,,30.4,28.4,8.81,20,51.7,8.93
2026-08-03T13:27:54Z,,0,,,,,,
2026-08-03T14:27:54Z,,0,,,,,,
2026-08-03T14:53:00Z,1710,,29.5,29.6,8.74,19.3,51.8,8.59
2026-08-03T15:27:53Z,,0,,,,,,
2026-08-03T16:27:53Z,,0,,,,,,
2026-08-03T16:53:30Z,1155,,24.7,35.4,8.01,18.2,56.2,8.73
2026-08-03T17:27:54Z,,0,,,,,,
2026-08-03T18:27:53Z,,0,,,,,,
2026-08-03T18:54:00Z,690,,18,46.9,7.2,15.8,63.8,8.58
2026-08-03T19:27:53Z,,0,,,,,,
2026-08-03T20:27:53Z,,0,,,,,,
2026-08-03T20:54:38Z,765,,13.2,62.3,7.15,13,73,8.28
2026-08-03T21:27:54Z,,0,,,,,,
2026-08-03T22:27:54Z,,0,,,,,,
2026-08-03T22:54:29Z,780,,10.4,71.8,6.92,10.8,81.6,8.06
2026-08-03T23:27:54Z,,0,,,,,,
2026-08-04T00:27:53Z,,0,,,,,,
2026-08-04T00:55:21Z,765,,8.3,80.6,6.79,9.3,88.1,7.92
2026-08-04T01:27:53Z,,0,,,,,,
2026-08-04T02:27:53Z,,0,,,,,,
2026-08-04T02:55:23Z,990,,7.7,85.4,6.92,8.6,89.2,7.66
2026-08-04T03:27:53Z,,1e-05,,,,,,
2026-08-04T04:27:53Z,,1e-05,,,,,,
2026-08-04T04:54:47Z,2250,,14.8,92.2,11.67,13.3,88.7,10.24
2026-08-04T05:27:53Z,,0.00013,,,,,,
2026-08-04T06:27:54Z,,0.00024,,,,,,
2026-08-04T06:55:24Z,2340,,21.1,79.3,14.61,18.7,78.5,12.56
2026-08-04T07:27:53Z,,0,,,,,,
2026-08-04T08:27:53Z,,0,,,,,,
2026-08-04T08:55:45Z,1710,,28.9,44.7,12.78,21.3,66.7,12.43
2026-08-04T09:27:54Z,,0,,,,,,
2026-08-04T10:27:54Z,,0,,,,,,
2026-08-04T10:56:07Z,1545,,30.6,37.3,11.7,21,64.8,11.87
2026-08-04T11:27:53Z,,0,,,,,,
2026-08-04T12:27:55Z,,0,,,,,,
2026-08-04T12:55:40Z,1695,,23.2,60,12.47,18.6,76.6,12.19
2026-08-04T13:27:54Z,,0,,,,,,
2026-08-04T14:27:54Z,,0,,,,,,
2026-08-04T14:55:21Z,2085,,30.7,36.5,11.51,20.3,59.4,10.44
2026-08-04T15:27:53Z,,0,,,,,,
2026-08-04T16:27:54Z,,0,,,,,,
2026-08-04T16:55:32Z,1215,,26.8,37.6,9.57,19.6,60.9,10.28
2026-08-04T17:27:53Z,,0,,,,,,
2026-08-04T18:27:53Z,,0,,,,,,
2026-08-04T18:55:44Z,975,,19.5,55.2,9.26,17.1,71.3,10.38
2026-08-04T19:27:54Z,,0,,,,,,
2026-08-04T20:27:53Z,,0,,,,,,
2026-08-04T20:54:57Z,975,,14,72,8.68,13.7,81.8,9.68
2026-08-04T21:27:54Z,,0,,,,,,
2026-08-04T22:27:53Z,,0,,,,,,
2026-08-04T22:54:23Z,975,,11.1,80,8.06,11.6,86.4,8.98
2026-08-04T23:27:53Z,,0,,,,,,
2026-08-05T00:27:53Z,,0,,,,,,
2026-08-05T00:53:55Z,1065,,9.8,85,7.88,10.2,90.5,8.61
2026-08-05T01:27:54Z,,0,,,,,,
2026-08-05T02:27:53Z,,0,,,,,,
2026-08-05T02:53:54Z,1290,,9.3,87.1,7.83,9.3,91.7,8.24
2026-08-05T03:27:53Z,,3e-05,,,,,,
2026-08-05T04:27:54Z,,6e-05,,,,,,
2026-08-05T04:53:58Z,2325,,14.5,94.6,11.76,12.4,93.5,10.21
2026-08-05T05:27:54Z,,0.00022,,,,,,
2026-08-05T06:27:53Z,,0.00039,,,,,,
2026-08-05T06:54:12Z,2310,,22.7,70.6,14.26,18.1,80.2,12.39
2026-08-05T07:27:54Z,,5e-05,,,,,,
2026-08-05T08:27:54Z,,0,,,,,,
2026-08-05T08:54:44Z,1605,,25.8,52.8,12.72,19.8,73.6,12.57
2026-08-05T09:27:54Z,,0,,,,,,
2026-08-05T10:27:54Z,,0,,,,,,
2026-08-05T10:53:58Z,2190,,38,26,12.02,22.8,53.2,10.81
2026-08-05T11:27:53Z,,0,,,,,,
2026-08-05T12:27:54Z,,0,,,,,,
2026-08-05T12:53:31Z,1635,,33.3,28.4,10.29,21.5,54.3,10.24
2026-08-05T13:27:54Z,,0,,,,,,
2026-08-05T14:27:53Z,,0,,,,,,
2026-08-05T14:54:22Z,1560,,33.3,28.6,10.36,20.6,58.7,10.5
2026-08-05T15:27:54Z,,0,,,,,,
2026-08-05T16:27:54Z,,0,,,,,,
2026-08-05T16:54:45Z,960,,25.6,41.8,9.95,19.1,68.6,11.24
2026-08-05T17:27:53Z,,0,,,,,,
2026-08-05T18:27:54Z,,0,,,,,,
2026-08-05T18:54:16Z,810,,20.4,55.9,9.89,18,74.7,11.47
2026-08-05T19:27:54Z,,0,,,,,,
2026-08-05T20:27:54Z,,0,,,,,,
2026-08-05T20:54:42Z,885,,18.2,67,10.41,17.3,80.8,11.9
2026-08-05T21:27:54Z,,0,,,,,,
2026-08-05T22:27:53Z,,0,,,,,,
2026-08-05T22:55:24Z,1140,,18,72.5,11.13,17.2,81.8,11.97
2026-08-05T23:27:54Z,,0,,,,,,
2026-08-06T00:27:54Z,,0,,,,,,
2026-08-06T00:55:07Z,1365,,17.7,78.3,11.81,17,84.6,12.24
2026-08-06T01:27:54Z,,0,,,,,,
2026-08-06T02:27:53Z,,0,,,,,,
2026-08-06T02:54:38Z,1530,,17.8,83.5,12.67,17.1,87.7,12.76
2026-08-06T03:27:53Z,,0,,,,,,
2026-08-06T04:27:53Z,,0,,,,,,
2026-08-06T04:54:49Z,1845,,21.1,79.8,14.7,20.5,79.3,14.11
2026-08-06T05:27:54Z,,0,,,,,,
2026-08-06T06:27:53Z,,0,,,,,,
2026-08-06T06:54:30Z,1650,,29.8,51.4,15.43,25.7,63.9,15.3
2026-08-06T07:27:53Z,,0,,,,,,
2026-08-06T08:27:53Z,,0,,,,,,
2026-08-06T08:54:32Z,1515,,32.3,40.8,14.01,23.4,68,14.3
2026-08-06T09:27:54Z,,0,,,,,,
2026-08-06T10:27:53Z,,0,,,,,,
2026-08-06T10:54:28Z,2055,,31.1,48.3,15.56,22.8,70.4,14.31
2026-08-06T11:27:54Z,,0,,,,,,
2026-08-06T12:27:54Z,,0,,,,,,
2026-08-06T12:54:24Z,1755,,35.1,33,13.14,23.2,61.3,12.74
2026-08-06T13:27:54Z,,0,,,,,,
2026-08-06T14:27:54Z,,0,,,,,,
2026-08-06T14:54:45Z,1560,,32.5,32.4,11.25,21.7,59.5,11.35
2026-08-06T15:27:54Z,,0,,,,,,
2026-08-06T16:27:54Z,,0,,,,,,
2026-08-06T16:55:08Z,855,,23.8,49.1,10.56,19.5,73.2,12.28
2026-08-06T17:27:54Z,,0,,,,,,
2026-08-06T18:27:54Z,,0,,,,,,
2026-08-06T18:55:20Z,720,,18.8,64.4,10.37,17.4,83,12.3
2026-08-06T19:27:54Z,,0,,,,,,
2026-08-06T20:27:53Z,,0,,,,,,
2026-08-06T20:56:03Z,900,,16.4,78.3,10.92,16.2,89.5,12.34
2026-08-06T21:27:54Z,,0,,,,,,
2026-08-06T22:27:53Z,,0,,,,,,
2026-08-06T22:55:40Z,1110,,16,82.7,11.26,16.2,88.7,12.23
2026-08-06T23:27:53Z,,0,,,,,,
2026-08-07T00:27:53Z,,0,,,,,,
2026-08-07T00:54:51Z,1260,,16.4,84.5,11.79,16.2,90.3,12.45
2026-08-07T01:27:53Z,,0,,,,,,
2026-08-07T02:27:53Z,,0,,,,,,
2026-08-07T02:54:32Z,1425,,15.2,88,11.42,15,91.1,11.68
2026-08-07T03:27:54Z,,5e-05,,,,,,
2026-08-07T04:27:54Z,,0.00011,,,,,,
2026-08-07T04:54:20Z,2025,,18.2,87.5,13.6,18.7,78.5,12.56
2026-08-07T05:27:54Z,,0.00016,,,,,,
2026-08-07T06:27:54Z,,0.00022,,,,,,
2026-08-07T06:54:12Z,2190,,26.7,52.3,13.24,22.7,58.4,11.8
2026-08-07T07:27:54Z,,0,,,,,,
2026-08-07T08:27:53Z,,0,,,,,,
2026-08-07T08:54:05Z,1905,,32.1,35.6,12.1,24.3,51.3,11.35
2026-08-07T09:27:54Z,,0,,,,,,
2026-08-07T10:27:53Z,,0,,,,,,
2026-08-07T10:54:02Z,1485,,30.7,34.7,10.94,22.4,56.5,11.22
2026-08-07T11:27:53Z,,0,,,,,,
2026-08-07T12:27:54Z,,0,,,,,,
2026-08-07T12:54:47Z,1395,,30.3,31.8,9.81,21.1,55.4,10.21
2026-08-07T13:27:53Z,,0,,,,,,
2026-08-07T14:27:54Z,,0,,,,,,
2026-08-07T15:27:53Z,,0,,,,,,
2026-08-07T16:27:53Z,,0,,,,,,
2026-08-07T16:54:05Z,1185,,22.2,45.5,8.93,18.8,59.9,9.64
2026-08-07T17:27:53Z,,0,,,,,,
2026-08-07T18:27:53Z,,0,,,,,,
2026-08-07T18:53:56Z,1080,,17.2,55.4,8.11,15.7,66.5,8.89
2026-08-07T19:27:54Z,,0,,,,,,
2026-08-07T20:27:53Z,,0,,,,,,
2026-08-07T20:53:35Z,1320,,13.5,65.1,7.61,12.7,71.1,7.91
2026-08-07T21:27:53Z,,0,,,,,,
2026-08-07T22:27:54Z,,0,,,,,,
2026-08-07T22:53:47Z,1605,,11.6,73.7,7.66,10.7,77.6,7.62
2026-08-07T23:27:53Z,,0,,,,,,
2026-08-08T00:27:53Z,,0,,,,,,
2026-08-08T00:54:03Z,1665,,10.4,77.9,7.51,9.3,81.9,7.36
2026-08-08T01:27:54Z,,0,,,,,,
2026-08-08T02:27:53Z,,0,,,,,,
2026-08-08T02:53:11Z,1725,,9.6,82,7.51,8.4,86.3,7.32
2026-08-08T03:27:53Z,,0,,,,,,
2026-08-08T04:27:53Z,,0,,,,,,
2026-08-08T04:54:00Z,1980,,14.4,85.6,10.58,15.1,75.5,9.74
2026-08-08T05:27:54Z,,1e-05,,,,,,
2026-08-08T06:27:53Z,,3e-05,,,,,,
2026-08-08T06:54:10Z,1695,,23.1,48.7,10.07,20.2,56.3,9.84
2026-08-08T07:27:53Z,,0,,,,,,
2026-08-08T08:27:53Z,,0,,,,,,
2026-08-08T08:54:23Z,1635,,26,36.7,8.94,22.1,45,8.78
2026-08-08T09:27:54Z,,0,,,,,,
2026-08-08T10:27:53Z,,0,,,,,,
2026-08-08T10:55:13Z,1425,,29.1,28,8.09,20.9,46,8.38
2026-08-08T11:27:54Z,,0,,,,,,
2026-08-08T12:27:54Z,,0,,,,,,
2026-08-08T12:54:54Z,1455,,29.1,24.5,7.08,19.6,43.3,7.31
2026-08-08T13:27:53Z,,0,,,,,,
2026-08-08T14:27:53Z,,0,,,,,,
2026-08-08T14:55:01Z,1305,,27,27.5,7.08,19.2,45.1,7.43
2026-08-08T15:27:53Z,,0,,,,,,
2026-08-08T16:27:54Z,,0,,,,,,
2026-08-08T16:55:38Z,1095,,24.5,31.3,7.01,18.6,48.3,7.69
2026-08-08T17:27:54Z,,0,,,,,,
2026-08-08T18:27:53Z,,0,,,,,,
2026-08-08T18:55:13Z,750,,17.3,43.8,6.45,15.7,56.4,7.54
2026-08-08T19:27:53Z,,0,,,,,,
2026-08-08T20:27:54Z,,0,,,,,,
2026-08-08T20:54:48Z,735,,12.9,58.7,6.61,13.1,67.7,7.72
2026-08-08T21:27:54Z,,0,,,,,,
2026-08-08T22:27:53Z,,0,,,,,,
2026-08-08T22:54:21Z,870,,10.7,72.4,7.11,11.3,79,8.06
2026-08-08T23:27:54Z,,0,,,,,,
2026-08-09T00:27:53Z,,0,,,,,,
2026-08-09T00:54:02Z,1125,,12.6,83.2,9.2,12.8,88.7,9.93
2026-08-09T01:27:54Z,,0,,,,,,
2026-08-09T02:27:53Z,,0,,,,,,
2026-08-09T02:54:27Z,1320,,13.1,85.9,9.8,13,90.9,10.3
2026-08-09T03:27:53Z,,2e-05,,,,,,
2026-08-09T04:27:53Z,,4e-05,,,,,,
2026-08-09T04:54:55Z,1770,,16.9,87.6,12.59,17.9,79.7,12.16
2026-08-09T05:27:54Z,,9e-05,,,,,,
2026-08-09T06:27:53Z,,0.00015,,,,,,
2026-08-09T06:55:26Z,2055,,26.7,49.5,12.54,23.6,53.6,11.4
2026-08-09T07:27:54Z,,0,,,,,,
2026-08-09T08:27:54Z,,0,,,,,,
2026-08-09T08:54:47Z,1755,,33.6,30.7,11.3,23.6,51.7,11.0
2026-08-09T09:27:54Z,,0,,,,,,
2026-08-09T10:27:54Z,,0,,,,,,
2026-08-09T10:55:10Z,1725,,33.2,31.2,11.24,21.8,57,10.94
2026-08-09T11:27:53Z,,0,,,,,,
2026-08-09T12:27:54Z,,0,,,,,,
2026-08-09T12:54:27Z,1515,,30,35.9,10.9,20.1,63.7,11.07
2026-08-09T13:27:54Z,,0,,,,,,
2026-08-09T14:27:54Z,,0,,,,,,
2026-08-09T14:54:48Z,1260,,30.7,33.8,10.66,19.3,68.4,11.34
2026-08-09T15:27:54Z,,0,,,,,,
2026-08-09T16:27:53Z,,0,,,,,,
2026-08-09T16:55:04Z,960,,24.9,42.5,9.73,18.1,70.9,10.95
2026-08-09T17:27:54Z,,0,,,,,,
2026-08-09T18:27:54Z,,0,,,,,,
2026-08-09T18:54:40Z,540,,18,58.2,8.94,16.3,80.7,11.19
2026-08-09T19:27:53Z,,0,,,,,,
2026-08-09T20:27:54Z,,0,,,,,,
2026-08-09T20:55:01Z,870,,15.3,73.9,9.65,15.3,84.4,11.02
2026-08-09T21:27:54Z,,0,,,,,,
2026-08-09T22:27:54Z,,0,,,,,,
2026-08-09T22:54:48Z,1065,,14.7,78.3,9.85,14.8,85.1,10.78
2026-08-09T23:27:53Z,,0,,,,,,
2026-08-10T00:27:53Z,,0,,,,,,
2026-08-10T00:54:14Z,1320,,14,82,9.89,14,86.1,10.38
2026-08-10T01:27:54Z,,0,,,,,,
2026-08-10T02:27:54Z,,0,,,,,,
2026-08-10T02:53:31Z,1485,,13.5,88.4,10.34,13.2,91.2,10.47
2026-08-10T03:27:53Z,,6e-05,,,,,,
2026-08-10T04:27:54Z,,0.00011,,,,,,
2026-08-10T04:53:09Z,1860,,16.6,89.7,12.67,16.2,86.5,11.92
2026-08-10T05:27:53Z,,0.00019,,,,,,
2026-08-10T06:27:57Z,,0.00028,,,,,,
2026-08-10T06:53:21Z,2055,,25.2,55.8,12.99,21,64.9,11.89
2026-08-10T07:27:53Z,,0,,,,,,
2026-08-10T08:27:54Z,,0,,,,,,
2026-08-10T08:53:00Z,1590,,28.5,42.3,11.83,21.1,64.9,11.96
2026-08-10T09:27:54Z,,0,,,,,,
2026-08-10T10:27:54Z,,0,,,,,,
2026-08-10T10:52:57Z,1530,,30.8,35.4,11.22,21.8,59.7,11.45
2026-08-10T11:27:54Z,,0,,,,,,
2026-08-10T12:27:54Z,,0,,,,,,
2026-08-10T12:53:33Z,990,,20.7,57.2,10.3,18.9,71.3,11.55
2026-08-10T13:27:53Z,,0,,,,,,
2026-08-10T14:27:54Z,,0,,,,,,
2026-08-10T14:53:52Z,1020,,18.3,74.6,11.66,16.6,91.5,12.92
2026-08-10T15:27:54Z,,0,,,,,,
2026-08-10T16:27:54Z,,0,,,,,,
2026-08-10T16:53:21Z,1305,,17.2,80.3,11.75,15.3,94.4,12.32
2026-08-10T17:27:53Z,,0,,,,,,
2026-08-10T18:27:53Z,,0,,,,,,
2026-08-10T18:53:10Z,1365,,16.6,83.6,11.81,15,95,12.18
2026-08-10T19:27:53Z,,0,,,,,,
2026-08-10T20:27:54Z,,0,,,,,,
2026-08-10T20:53:49Z,1500,,16.1,87.7,12.02,14.7,96.3,12.12
2026-08-10T21:27:54Z,,5e-05,,,,,,
2026-08-10T22:27:53Z,,0.00011,,,,,,
2026-08-10T22:53:30Z,1620,,16.2,89.3,12.31,14.9,96.3,12.27
2026-08-10T23:27:54Z,,0.00018,,,,,,
2026-08-11T00:27:54Z,,0.00026,,,,,,
2026-08-11T00:53:44Z,1560,,15.4,89.7,11.78,14.3,96,11.79
2026-08-11T01:27:53Z,,0.00033,,,,,,
2026-08-11T02:27:53Z,,0.00041,,,,,,
2026-08-11T02:53:14Z,1545,,13.6,91.1,10.72,12.7,96.9,10.78
2026-08-11T03:27:54Z,,0.0005,,,,,,
2026-08-11T04:27:54Z,,0.0006,,,,,,
2026-08-11T04:52:48Z,1785,,14.7,90.7,11.41,13.6,93.6,11.01
2026-08-11T05:27:53Z,,0.00069,,,,,,
2026-08-11T06:27:54Z,,0.00078,,,,,,
2026-08-11T06:52:57Z,1875,,19.8,76.4,13.05,18.4,78.5,12.34
2026-08-11T07:27:54Z,,0.00044,,,,,,
2026-08-11T08:27:54Z,,0.00011,,,,,,
2026-08-11T08:52:37Z,1065,,27,38.6,9.94,23.3,52.4,10.96
2026-08-11T09:27:54Z,,0,,,,,,
2026-08-11T10:27:54Z,,0,,,,,,
2026-08-11T10:52:54Z,735,,21,48.4,8.86,17.2,71.7,10.5
2026-08-11T11:27:54Z,,0,,,,,,
2026-08-11T12:27:54Z,,0,,,,,,
2026-08-11T12:52:15Z,1365,,18.4,60.8,9.56,14.8,78.4,9.93
2026-08-11T13:27:53Z,,0,,,,,,
2026-08-11T14:27:54Z,,0,,,,,,
2026-08-11T14:51:22Z,1470,,17.1,65.5,9.53,13.9,81.2,9.73
2026-08-11T15:27:54Z,,0,,,,,,
2026-08-11T16:27:54Z,,0,,,,,,
2026-08-11T16:51:18Z,1560,,17.9,61.7,9.42,14.5,75.5,9.39
2026-08-11T17:27:54Z,,0,,,,,,
2026-08-11T18:27:54Z,,0,,,,,,
2026-08-11T18:51:25Z,1515,,13.8,71.9,8.56,11.8,82.7,8.7
2026-08-11T19:27:54Z,,0,,,,,,
2026-08-11T20:27:54Z,,0,,,,,,
2026-08-11T20:51:06Z,1635,,12.3,78.8,8.55,10.7,86.3,8.47
2026-08-11T21:27:53Z,,0,,,,,,
2026-08-11T22:27:54Z,,0,,,,,,
2026-08-11T22:51:10Z,1665,,10.5,80.8,7.83,8.9,87.4,7.65
2026-08-11T23:27:53Z,,0,,,,,,
2026-08-12T00:27:54Z,,0,,,,,,
2026-08-12T00:50:35Z,1830,,9.7,84.3,7.77,8,90,7.44
2026-08-12T01:27:55Z,,0,,,,,,
2026-08-12T02:27:54Z,,0,,,,,,
2026-08-12T02:51:19Z,1815,,9.8,86.9,8.06,8.2,92.1,7.71
2026-08-12T03:27:54Z,,3e-05,,,,,,
2026-08-12T04:27:54Z,,6e-05,,,,,,
2026-08-12T04:52:00Z,1845,,12.6,87,9.62,12.5,82.3,9.04
2026-08-12T05:27:53Z,,9e-05,,,,,,
2026-08-12T06:27:54Z,,0.00013,,,,,,
2026-08-12T06:52:07Z,1785,,19.3,57.5,9.53,17.9,59.9,9.14
2026-08-12T07:27:54Z,,0,,,,,,
2026-08-12T08:27:54Z,,0,,,,,,
2026-08-12T08:52:42Z,1635,,24,42.2,9.18,20.5,51.2,9.11
2026-08-12T09:27:54Z,,0,,,,,,
2026-08-12T10:27:54Z,,0,,,,,,
2026-08-12T10:52:59Z,1755,,24.7,41.2,9.33,18.5,56.9,9.0
2026-08-12T11:27:54Z,,0,,,,,,
2026-08-12T12:27:54Z,,0,,,,,,
2026-08-12T12:52:37Z,1530,,25.2,34.5,8.03,17.7,54,8.14
2026-08-12T13:27:53Z,,0,,,,,,
2026-08-12T14:27:53Z,,0,,,,,,
2026-08-12T14:53:07Z,1380,,23,35.3,7.26,16.8,52.9,7.56
2026-08-12T15:27:54Z,,0,,,,,,
2026-08-12T16:27:53Z,,0,,,,,,
2026-08-12T16:52:54Z,1380,,20.2,42,7.34,15.9,56.6,7.66
2026-08-12T17:27:54Z,,0,,,,,,
2026-08-12T18:27:53Z,,0,,,,,,
2026-08-12T18:52:56Z,1260,,15.4,57.4,7.54,13.6,67.4,7.93
2026-08-12T19:27:54Z,,0,,,,,,
2026-08-12T20:27:54Z,,0,,,,,,
2026-08-12T20:52:57Z,1455,,12.5,68.4,7.52,11.4,74.5,7.64
2026-08-12T21:27:54Z,,0,,,,,,
2026-08-12T22:27:54Z,,0,,,,,,
2026-08-12T22:52:15Z,1575,,11.2,75,7.6,10.1,80.7,7.63
2026-08-12T23:27:54Z,,0,,,,,,
2026-08-13T00:27:54Z,,0,,,,,,
2026-08-13T00:51:21Z,1725,,10.1,80.1,7.57,8.7,84.9,7.34
2026-08-13T01:27:53Z,,0,,,,,,
2026-08-13T02:27:53Z,,0,,,,,,
2026-08-13T02:51:06Z,1785,,9.2,83.7,7.47,7.7,88.4,7.17
2026-08-13T03:27:54Z,,0,,,,,,
2026-08-13T04:27:54Z,,0,,,,,,
2026-08-13T04:50:33Z,1950,,12.5,87.2,9.58,12.4,81.1,8.86
2026-08-13T05:27:54Z,,4e-05,,,,,,
2026-08-13T06:27:54Z,,8e-05,,,,,,
2026-08-13T06:50:28Z,1770,,22.3,52,10.27,21.1,53.8,9.91
2026-08-13T07:27:54Z,,0,,,,,,
2026-08-13T08:27:55Z,,0,,,,,,
2026-08-13T08:49:53Z,1650,,30.7,30.4,9.58,23.5,44.8,9.48
2026-08-13T09:27:54Z,,0,,,,,,
2026-08-13T10:27:54Z,,0,,,,,,
2026-08-13T10:50:40Z,1425,,31.8,25.8,8.63,21.8,46.5,8.92
2026-08-13T11:27:53Z,,0,,,,,,
2026-08-13T12:27:54Z,,0,,,,,,
2026-08-13T12:51:25Z,1830,,29.5,29.6,8.74,21,46.1,8.44
2026-08-13T13:27:54Z,,0,,,,,,
2026-08-13T14:27:54Z,,0,,,,,,
2026-08-13T14:51:11Z,1095,,26,31.4,7.65,20,48.8,8.43
2026-08-13T15:27:54Z,,0,,,,,,
2026-08-13T16:27:54Z,,0,,,,,,
2026-08-13T16:50:44Z,900,,21.4,40.9,7.67,18.1,56.8,8.77
2026-08-13T17:27:54Z,,0,,,,,,
2026-08-13T18:27:54Z,,0,,,,,,
2026-08-13T18:50:46Z,750,,16.2,54.4,7.5,14.9,69,8.79
2026-08-13T19:27:54Z,,0,,,,,,
2026-08-13T20:27:54Z,,0,,,,,,
2026-08-13T20:51:19Z,825,,11.2,69.9,7.08,11.6,77.9,8.09
2026-08-13T21:27:53Z,,0,,,,,,
2026-08-13T22:27:53Z,,0,,,,,,
2026-08-13T22:50:37Z,1065,,9.7,77.4,7.13,10,82.8,7.78
2026-08-13T23:27:53Z,,0,,,,,,
2026-08-14T00:27:53Z,,0,,,,,,
2026-08-14T00:50:47Z,1800,,10.9,84.5,8.4,10,85.7,8.05
2026-08-14T01:27:54Z,,0,,,,,,
2026-08-14T02:27:53Z,,0,,,,,,
2026-08-14T02:51:07Z,1965,,12.1,85.8,9.2,10.7,87,8.54
2026-08-14T03:27:53Z,,2e-05,,,,,,
2026-08-14T04:27:54Z,,3e-05,,,,,,
2026-08-14T04:51:16Z,2190,,14.6,85.4,10.68,13.1,83.4,9.51
2026-08-14T05:27:54Z,,4e-05,,,,,,
2026-08-14T06:27:54Z,,5e-05,,,,,,
2026-08-14T06:51:18Z,2205,,22.2,61,11.98,17.3,71.8,10.57
2026-08-14T07:27:54Z,,0,,,,,,
2026-08-14T08:27:54Z,,0,,,,,,
2026-08-14T08:51:38Z,1800,,25.5,48.4,11.46,18.6,69.3,11.03
2026-08-14T09:27:54Z,,0,,,,,,
2026-08-14T10:27:54Z,,0,,,,,,
2026-08-14T10:51:29Z,2100,,30.6,38.5,12.07,19.8,63.9,10.91
2026-08-14T11:27:53Z,,0,,,,,,
2026-08-14T12:27:54Z,,0,,,,,,
2026-08-14T12:52:02Z,1905,,32.9,26.8,9.5,19.4,54,9.01
2026-08-14T13:27:54Z,,0,,,,,,
2026-08-14T14:27:54Z,,0,,,,,,
2026-08-14T14:51:51Z,1590,,30.5,33.6,10.48,19,64.4,10.49
2026-08-14T15:27:53Z,,0,,,,,,
2026-08-14T16:27:54Z,,0,,,,,,
2026-08-14T16:51:33Z,1005,,22.5,48.1,9.61,17.9,70,10.68
2026-08-14T17:27:53Z,,0,,,,,,
2026-08-14T18:27:53Z,,0,,,,,,
2026-08-14T18:51:42Z,945,,18.7,65.1,10.42,16.9,81.7,11.75
2026-08-14T19:27:54Z,,0,,,,,,
2026-08-14T20:27:54Z,,0,,,,,,
2026-08-14T20:51:05Z,1140,,16.9,72.6,10.44,15.8,83.7,11.26
2026-08-14T21:27:53Z,,0,,,,,,
2026-08-14T22:27:53Z,,0,,,,,,
2026-08-14T22:50:59Z,1365,,16.1,79.2,10.85,15.1,87.4,11.27
2026-08-14T23:27:54Z,,0,,,,,,
2026-08-15T00:27:54Z,,0,,,,,,
2026-08-15T00:51:39Z,1560,,15.6,84.1,11.18,14.7,88.8,11.18
2026-08-15T01:27:53Z,,0,,,,,,
2026-08-15T02:27:54Z,,0,,,,,,
2026-08-15T03:27:54Z,,0,,,,,,
2026-08-15T04:27:53Z,,0,,,,,,
2026-08-15T04:51:39Z,1710,,16.6,91.5,12.92,15.7,94.8,12.68
2026-08-15T05:27:54Z,,0.00011,,,,,,
2026-08-15T06:27:54Z,,0.00022,,,,,,
2026-08-15T06:51:11Z,1935,,20.5,79.7,14.18,17.9,86.4,13.19
2026-08-15T07:27:54Z,,0,,,,,,
2026-08-15T08:27:54Z,,0,,,,,,
2026-08-15T08:51:12Z,1740,,31.7,44.5,14.8,23.8,66.6,14.33
2026-08-15T09:27:54Z,,0,,,,,,
2026-08-15T10:27:53Z,,0,,,,,,
2026-08-15T10:51:29Z,2040,,37.4,33.2,14.89,24.6,60.7,13.66
2026-08-15T11:27:53Z,,0,,,,,,
2026-08-15T12:27:54Z,,0,,,,,,
2026-08-15T12:52:09Z,1530,,35.4,32.6,13.18,23.3,64.5,13.49
2026-08-15T13:27:54Z,,0,,,,,,
2026-08-15T14:27:54Z,,0,,,,,,
2026-08-15T14:52:47Z,1470,,32.5,36.7,12.74,22.3,66.7,13.17
2026-08-15T15:27:54Z,,0,,,,,,
2026-08-15T16:27:54Z,,0,,,,,,
2026-08-15T16:53:10Z,1095,,26.8,39,9.93,20.7,61,10.98
2026-08-15T17:27:53Z,,0,,,,,,
2026-08-15T18:27:53Z,,0,,,,,,
2026-08-15T18:53:18Z,855,,18.7,61.9,9.91,17.8,75.6,11.47
2026-08-15T19:27:53Z,,0,,,,,,
2026-08-15T20:27:54Z,,0,,,,,,
2026-08-15T20:52:59Z,1035,,17.1,74.6,10.86,17.1,82.5,12.0
2026-08-15T21:27:53Z,,0,,,,,,
2026-08-15T22:27:54Z,,0,,,,,,
2026-08-15T22:52:37Z,1395,,17.4,76.2,11.29,17.2,79.5,11.64
2026-08-15T23:27:54Z,,0,,,,,,
2026-08-16T00:27:54Z,,0,,,,,,
2026-08-16T00:53:17Z,1515,,16.7,82.3,11.69,15.9,87.1,11.79
2026-08-16T01:27:53Z,,0,,,,,,
2026-08-16T02:27:53Z,,0,,,,,,
2026-08-16T02:52:51Z,1605,,16.4,87.5,12.21,15.5,92.3,12.2
2026-08-16T03:27:53Z,,5e-05,,,,,,
2026-08-16T04:27:54Z,,0.0001,,,,,,
2026-08-16T04:52:36Z,1590,,17.4,89.4,13.24,16.5,94,13.19
2026-08-16T05:27:54Z,,0.00018,,,,,,
2026-08-16T06:27:53Z,,0.00026,,,,,,
2026-08-16T06:52:18Z,1905,,20.2,82.5,14.42,18.7,84.5,13.52
2026-08-16T07:27:53Z,,0,,,,,,
2026-08-16T08:27:54Z,,0,,,,,,
2026-08-16T08:51:55Z,1995,,28,53.7,14.61,21.8,70.4,13.51
2026-08-16T09:27:54Z,,0,,,,,,
2026-08-16T10:27:54Z,,0,,,,,,
2026-08-16T10:51:11Z,1980,,29.6,42.5,12.62,20.5,65.4,11.64
2026-08-16T11:27:53Z,,0,,,,,,
2026-08-16T12:27:54Z,,0,,,,,,
2026-08-16T12:51:38Z,1560,,30.3,37.6,11.6,18.8,72.7,11.7
2026-08-16T13:27:53Z,,0,,,,,,
2026-08-16T14:27:54Z,,0,,,,,,
2026-08-16T14:51:35Z,1020,,24.1,49.4,10.81,17.6,80.3,12.04
2026-08-16T15:27:53Z,,0,,,,,,
2026-08-16T16:27:54Z,,0,,,,,,
2026-08-16T16:52:31Z,1050,,21,56.3,10.31,16.6,80.8,11.41
2026-08-16T17:27:54Z,,0,,,,,,
2026-08-16T18:27:53Z,,0,,,,,,
2026-08-16T18:52:27Z,1110,,17.4,70,10.37,15.3,86.3,11.27
2026-08-16T19:27:54Z,,0,,,,,,
2026-08-16T20:27:54Z,,0,,,,,,
2026-08-16T20:51:40Z,1335,,16.2,78.3,10.79,14.4,91.2,11.27
2026-08-16T21:27:54Z,,0,,,,,,
2026-08-16T22:27:53Z,,0,,,,,,
2026-08-16T22:51:59Z,1590,,16,84.9,11.56,14.4,94,11.61
2026-08-16T23:27:53Z,,0,,,,,,
2026-08-17T00:27:53Z,,0,,,,,,
2026-08-17T00:51:23Z,1620,,15.4,88.1,11.57,14.1,94.7,11.49
2026-08-17T01:27:53Z,,6e-05,,,,,,
2026-08-17T02:27:54Z,,0.00011,,,,,,
2026-08-17T02:51:21Z,1650,,15,89.8,11.51,13.8,95.1,11.33
2026-08-17T03:27:54Z,,0.00019,,,,,,
2026-08-17T04:27:54Z,,0.00027,,,,,,
2026-08-17T04:50:47Z,1845,,15.9,91.1,12.33,14.7,93.3,11.74
2026-08-17T05:27:54Z,,0.00037,,,,,,
2026-08-17T06:27:54Z,,0.00047,,,,,,
2026-08-17T06:50:00Z,1935,,19.1,77.8,12.75,17,81.9,11.85
2026-08-17T07:27:54Z,,0.00014,,,,,,
2026-08-17T08:27:54Z,,0,,,,,,
2026-08-17T08:49:30Z,1485,,25.6,48.6,11.57,21.8,61.6,11.82
2026-08-17T09:27:54Z,,0,,,,,,
2026-08-17T10:27:54Z,,0,,,,,,
2026-08-17T10:50:19Z,1680,,26.6,46,11.58,21,62,11.36
2026-08-17T11:27:54Z,,0,,,,,,
2026-08-17T12:27:53Z,,0,,,,,,
2026-08-17T12:50:54Z,1050,,27.9,36.3,9.82,20.5,61.4,10.92
2026-08-17T13:27:54Z,,0,,,,,,
2026-08-17T14:27:53Z,,0,,,,,,
2026-08-17T14:51:41Z,1230,,26.6,41.4,10.43,19.8,65.4,11.17
2026-08-17T15:27:54Z,,0,,,,,,
2026-08-17T16:27:54Z,,0,,,,,,
2026-08-17T16:51:19Z,1080,,20.3,56.2,9.88,18.4,69.1,10.86
2026-08-17T17:27:54Z,,0,,,,,,
2026-08-17T18:27:54Z,,0,,,,,,
2026-08-17T18:51:25Z,1230,,16.5,66,9.26,15.3,75.4,9.84
2026-08-17T19:27:53Z,,0,,,,,,
2026-08-17T20:27:54Z,,0,,,,,,
2026-08-17T20:51:36Z,1485,,13.8,76.6,9.12,13,81.6,9.25
2026-08-17T21:27:54Z,,0,,,,,,
2026-08-17T22:27:53Z,,0,,,,,,
2026-08-17T22:51:19Z,1755,,12.5,83.4,9.17,11.3,86.9,8.86
2026-08-17T23:27:53Z,,0,,,,,,
2026-08-18T00:27:54Z,,0,,,,,,
2026-08-18T00:51:25Z,1815,,11.1,85.9,8.65,9.7,90,8.29
2026-08-18T01:27:54Z,,2e-05,,,,,,
2026-08-18T02:27:53Z,,4e-05,,,,,,
2026-08-18T02:51:59Z,1755,,10,86.8,8.15,8.5,92.2,7.87
2026-08-18T03:27:54Z,,6e-05,,,,,,
2026-08-18T04:27:54Z,,9e-05,,,,,,
2026-08-18T04:52:25Z,2220,,13.2,94.4,10.83,11.8,91.5,9.63
2026-08-18T05:27:54Z,,0.00024,,,,,,
2026-08-18T06:27:54Z,,0.00039,,,,,,
2026-08-18T06:51:35Z,1995,,18.4,79.4,12.48,18.4,73.6,11.57
2026-08-18T07:27:53Z,,6e-05,,,,,,
2026-08-18T08:27:54Z,,0,,,,,,
2026-08-18T08:51:12Z,1365,,30.2,33.8,10.37,23.7,50.9,10.89
2026-08-18T09:27:54Z,,0,,,,,,
2026-08-18T10:27:54Z,,0,,,,,,
2026-08-18T10:51:24Z,1110,,29.8,29.8,8.95,21.5,52.7,9.94
2026-08-18T11:27:54Z,,0,,,,,,
2026-08-18T12:27:54Z,,0,,,,,,
2026-08-18T12:50:41Z,1710,,31.4,29.5,9.66,20.4,53.2,9.41
2026-08-18T13:27:54Z,,0,,,,,,
2026-08-18T14:27:54Z,,0,,,,,,
2026-08-18T14:50:11Z,990,,25.3,35.1,8.22,19.1,56.3,9.23
2026-08-18T15:27:54Z,,0,,,,,,
2026-08-18T16:27:54Z,,0,,,,,,
2026-08-18T16:50:34Z,1455,,22.3,46.6,9.2,16.6,66.6,9.4
2026-08-18T17:27:54Z,,0,,,,,,
2026-08-18T18:27:53Z,,0,,,,,,
2026-08-18T18:50:44Z,1200,,14.4,66.2,8.18,12.9,78.4,8.83
2026-08-18T19:27:54Z,,0,,,,,,
2026-08-18T20:27:54Z,,0,,,,,,
2026-08-18T20:51:19Z,1620,,12.2,79.7,8.6,11.5,82.9,8.56
2026-08-18T21:27:53Z,,0,,,,,,
2026-08-18T22:27:53Z,,0,,,,,,
2026-08-18T22:51:10Z,1605,,11.4,82.5,8.46,10.6,86.7,8.46
2026-08-18T23:27:53Z,,0,,,,,,
2026-08-19T00:27:53Z,,0,,,,,,
2026-08-19T00:51:48Z,1815,,11.4,86.3,8.85,10.2,88.9,8.46
2026-08-19T01:27:54Z,,2e-05,,,,,,
2026-08-19T02:27:54Z,,5e-05,,,,,,
2026-08-19T02:51:38Z,1800,,10.8,87.1,8.61,9.4,91.2,8.25
2026-08-19T03:27:53Z,,8e-05,,,,,,
2026-08-19T04:27:53Z,,0.00012,,,,,,
2026-08-19T04:52:13Z,1950,,12.2,91.3,9.85,10.8,92.3,9.12
2026-08-19T05:27:54Z,,0.0002,,,,,,
2026-08-19T06:27:54Z,,0.00029,,,,,,
2026-08-19T06:51:45Z,2310,,17.6,80,11.99,17.7,69.2,10.44
2026-08-19T07:27:54Z,,0,,,,,,
2026-08-19T08:27:54Z,,0,,,,,,
2026-08-19T08:52:24Z,1515,,26.7,41.7,10.56,23.7,50.3,10.76
2026-08-19T09:27:54Z,,0,,,,,,
2026-08-19T10:27:53Z,,0,,,,,,
2026-08-19T10:53:13Z,1710,,29,33.6,9.66,21.1,51.2,9.43
2026-08-19T11:27:54Z,,0,,,,,,
2026-08-19T12:27:54Z,,0,,,,,,
2026-08-19T12:53:58Z,1545,,28,30.3,8.25,19.5,50,8.39
2026-08-19T13:27:54Z,,0,,,,,,
2026-08-19T14:27:54Z,,0,,,,,,
2026-08-19T14:53:10Z,1365,,30.7,23.7,7.47,19.3,47.1,7.81
2026-08-19T15:27:54Z,,0,,,,,,
2026-08-19T16:27:54Z,,0,,,,,,
2026-08-19T16:52:52Z,960,,22.7,35.7,7.21,17.7,53.9,8.13
2026-08-19T17:27:54Z,,0,,,,,,
2026-08-19T18:27:54Z,,0,,,,,,
2026-08-19T18:53:34Z,750,,15,52.5,6.73,13.7,66.9,7.92
2026-08-19T19:27:54Z,,0,,,,,,
2026-08-19T20:27:54Z,,0,,,,,,
2026-08-19T20:52:55Z,1035,,11.1,65.7,6.62,10.9,73.7,7.33
2026-08-19T21:27:54Z,,0,,,,,,
2026-08-19T22:27:54Z,,0,,,,,,
2026-08-19T22:53:07Z,1020,,8.6,74.1,6.37,8.7,81.6,7.06
2026-08-19T23:27:54Z,,0,,,,,,
2026-08-20T00:27:54Z,,0,,,,,,
2026-08-20T00:53:05Z,1050,,6.6,80.6,6.08,7,85.6,6.63
2026-08-20T01:27:54Z,,0,,,,,,
2026-08-20T02:27:54Z,,0,,,,,,
2026-08-20T02:53:43Z,1230,,6.2,85.5,6.29,6.5,89.3,6.7
2026-08-20T03:27:53Z,,0,,,,,,
2026-08-20T04:27:54Z,,0,,,,,,
2026-08-20T04:53:11Z,2265,,12.5,92.2,10.13,11,88.3,8.84
2026-08-20T05:27:53Z,,0.0001,,,,,,
2026-08-20T06:27:53Z,,0.00021,,,,,,
2026-08-20T06:54:03Z,2850,,20.9,72.1,13.13,17.3,73.1,10.77
2026-08-20T07:27:54Z,,0,,,,,,
2026-08-20T08:27:54Z,,0,,,,,,
2026-08-20T08:53:27Z,2130,,26.4,43.2,10.76,18.2,62.5,9.71
2026-08-20T09:27:54Z,,0,,,,,,
2026-08-20T10:27:54Z,,0,,,,,,
2026-08-20T10:53:02Z,1245,,20.5,57.1,10.16,15,84.6,10.84
2026-08-20T11:27:54Z,,0,,,,,,
2026-08-20T12:27:54Z,,0,,,,,,
2026-08-20T12:53:01Z,1110,,18.1,68.2,10.53,14.4,93.1,11.5
2026-08-20T13:27:54Z,,0,,,,,,
2026-08-20T14:27:54Z,,0,,,,,,
2026-08-20T14:53:47Z,1275,,18.3,72.5,11.33,14.7,94.8,11.93
2026-08-20T15:27:54Z,,0,,,,,,
2026-08-20T16:27:54Z,,0,,,,,,
2026-08-20T16:54:12Z,1290,,17,80.4,11.63,14.9,95.7,12.19
2026-08-20T17:27:54Z,,0,,,,,,
2026-08-20T18:27:54Z,,0,,,,,,
2026-08-20T18:53:49Z,1500,,15.8,84.4,11.36,13.9,96.4,11.55
2026-08-20T19:27:54Z,,0,,,,,,
2026-08-20T20:27:54Z,,0,,,,,,
2026-08-20T20:53:59Z,1515,,15.3,85.9,11.21,13.4,97.6,11.34
2026-08-20T21:27:53Z,,2e-05,,,,,,
2026-08-20T22:27:53Z,,4e-05,,,,,,
2026-08-20T22:53:18Z,1650,,14.9,88,11.21,13,97.3,11.03
2026-08-20T23:27:54Z,,0.0001,,,,,,
2026-08-21T00:27:54Z,,0.00015,,,,,,
2026-08-21T00:52:38Z,1680,,13.1,88.1,10.05,11.3,97,9.89
2026-08-21T01:27:54Z,,0.0002,,,,,,
2026-08-21T02:27:54Z,,0.00025,,,,,,
2026-08-21T02:52:05Z,1620,,12.2,88,9.49,10.6,96.2,9.39
2026-08-21T03:27:54Z,,0.0003,,,,,,
2026-08-21T04:27:53Z,,0.00035,,,,,,
2026-08-21T04:51:22Z,1800,,12.2,90.5,9.76,10.5,96.6,9.37
2026-08-21T05:27:53Z,,0.00042,,,,,,
2026-08-21T06:27:54Z,,0.0005,,,,,,
2026-08-21T06:50:58Z,1995,,20.3,72.8,12.8,19.7,69.1,11.73
2026-08-21T07:27:54Z,,0.00017,,,,,,
2026-08-21T08:27:54Z,,0,,,,,,
2026-08-21T08:51:10Z,1650,,31.5,35.7,11.75,25.3,49.6,11.62
2026-08-21T09:27:54Z,,0,,,,,,
2026-08-21T10:27:54Z,,0,,,,,,
2026-08-21T10:50:51Z,2085,,34.3,29.6,11.3,21.2,55.3,10.25
2026-08-21T11:27:54Z,,0,,,,,,
2026-08-21T12:27:54Z,,0,,,,,,
2026-08-21T12:51:37Z,810,,26.4,36.1,8.99,19,64.2,10.46
2026-08-21T13:27:54Z,,0,,,,,,
2026-08-21T14:27:54Z,,0,,,,,,
2026-08-21T14:51:46Z,1380,,23.8,48.6,10.46,18.9,67.3,10.9
2026-08-21T15:27:54Z,,0,,,,,,
2026-08-21T16:27:54Z,,0,,,,,,
2026-08-21T16:50:57Z,1065,,20.6,55.5,9.93,16.5,77.8,10.92
2026-08-21T17:27:53Z,,0,,,,,,
2026-08-21T18:27:54Z,,0,,,,,,
2026-08-21T18:51:36Z,1080,,17,69.3,10.02,15.2,84.5,10.96
2026-08-21T19:27:55Z,,0,,,,,,
2026-08-21T20:27:54Z,,0,,,,,,
2026-08-21T20:51:23Z,1200,,14.9,79.5,10.13,13.9,90.7,10.87
2026-08-21T21:27:54Z,,0,,,,,,
2026-08-21T22:27:53Z,,0,,,,,,
2026-08-21T22:52:02Z,1110,,12.9,83.1,9.36,12.6,92,10.17
2026-08-21T23:27:53Z,,0,,,,,,
2026-08-22T00:27:54Z,,0,,,,,,
2026-08-22T00:52:47Z,1605,,13.8,88.2,10.5,12.7,93.5,10.4
2026-08-22T01:27:54Z,,5e-05,,,,,,
2026-08-22T02:27:53Z,,0.00011,,,,,,
2026-08-22T02:53:07Z,1290,,12.1,86.9,9.32,11.6,94.4,9.81
2026-08-22T03:27:53Z,,0.00014,,,,,,
2026-08-22T04:27:53Z,,0.00017,,,,,,
2026-08-22T04:53:22Z,2280,,15.3,94.7,12.36,12.9,96,10.82
2026-08-22T05:27:54Z,,0.00035,,,,,,
2026-08-22T06:27:54Z,,0.00052,,,,,,
2026-08-22T06:53:32Z,2205,,19.3,82.2,13.63,15.6,90.9,12.08
2026-08-22T07:27:54Z,,0.00019,,,,,,
2026-08-22T08:27:54Z,,0,,,,,,
2026-08-22T08:53:14Z,1830,,28.2,46.3,12.74,19.5,72.3,12.13
2026-08-22T09:27:54Z,,0,,,,,,
2026-08-22T10:27:53Z,,0,,,,,,
2026-08-22T10:52:37Z,1545,,27,44.8,11.54,17.8,76.9,11.67
2026-08-22T11:27:54Z,,0,,,,,,
2026-08-22T12:27:54Z,,0,,,,,,
2026-08-22T12:52:37Z,1380,,23.3,53.6,11.21,17.2,79.8,11.68
2026-08-22T13:27:54Z,,0,,,,,,
2026-08-22T14:27:54Z,,0,,,,,,
2026-08-22T14:51:52Z,1215,,18.9,65.4,10.59,16.2,82.6,11.39
2026-08-22T15:27:54Z,,0,,,,,,
2026-08-22T16:27:54Z,,0,,,,,,
2026-08-22T16:52:37Z,1455,,16.4,81.4,11.36,14.5,93.3,11.6
2026-08-22T17:27:54Z,,0,,,,,,
2026-08-22T18:27:53Z,,0,,,,,,
2026-08-22T18:53:33Z,1605,,15.4,84.6,11.11,13.9,92.1,11.04
2026-08-22T19:27:53Z,,0,,,,,,
2026-08-22T20:27:54Z,,0,,,,,,
2026-08-22T20:53:11Z,1650,,15.3,90.8,11.85,13.8,97.9,11.66
2026-08-22T21:27:53Z,,9e-05,,,,,,
2026-08-22T22:27:53Z,,0.00019,,,,,,
2026-08-22T22:53:08Z,1770,,15.4,93.3,12.25,13.7,100,11.84
2026-08-22T23:27:53Z,,0.00033,,,,,,
2026-08-23T00:27:53Z,,0.00047,,,,,,
2026-08-23T00:53:20Z,1845,,15.2,94.4,12.25,13.4,100,11.62
2026-08-23T01:27:54Z,,0.00063,,,,,,
2026-08-23T02:27:54Z,,0.0008,,,,,,
2026-08-23T02:52:30Z,1830,,15,94.6,12.13,13.2,100,11.48
2026-08-23T03:27:53Z,,0.00096,,,,,,
2026-08-23T04:27:53Z,,0.00113,,,,,,
2026-08-23T04:52:01Z,1860,,15.1,95.1,12.26,13.2,100,11.48
2026-08-23T05:27:53Z,,0.00131,,,,,,
2026-08-23T06:27:54Z,,0.00149,,,,,,
2026-08-23T06:51:44Z,1890,,15.2,94.7,12.29,13.2,100,11.48
2026-08-23T07:27:54Z,,0.00166,,,,,,
2026-08-23T08:27:53Z,,0.00184,,,,,,
2026-08-23T08:52:15Z,1770,,16,90.4,12.31,13.7,100,11.84
2026-08-23T09:27:53Z,,0.00193,,,,,,
2026-08-23T10:27:53Z,,0.00202,,,,,,
2026-08-23T10:52:36Z,1725,,16.7,86.3,12.26,13.7,100,11.84
2026-08-23T11:27:53Z,,0.00205,,,,,,
2026-08-23T12:27:54Z,,0.00208,,,,,,
2026-08-23T12:52:33Z,1560,,16.9,79.7,11.46,13.5,97.5,11.4
2026-08-23T13:27:53Z,,0.00175,,,,,,
2026-08-23T14:27:54Z,,0.00141,,,,,,
2026-08-23T14:53:07Z,1605,,16.1,80.5,11.03,13.7,92.5,10.95
2026-08-23T15:27:54Z,,0.00108,,,,,,
2026-08-23T16:27:54Z,,0.00075,,,,,,
2026-08-23T16:52:20Z,1545,,16,74.4,10.13,14.1,84,10.19
2026-08-23T17:27:54Z,,0.00041,,,,,,
2026-08-23T18:27:54Z,,8e-05,,,,,,
2026-08-23T18:52:00Z,1500,,15.2,79.1,10.26,13.8,88.3,10.52
2026-08-23T19:27:55Z,,8e-05,,,,,,
2026-08-23T20:27:54Z,,8e-05,,,,,,
2026-08-23T20:52:10Z,1560,,14.7,82.4,10.37,13.5,89.3,10.44
2026-08-23T21:27:53Z,,8e-05,,,,,,
2026-08-23T22:27:54Z,,8e-05,,,,,,
2026-08-23T22:51:56Z,1545,,14.1,85.2,10.34,12.9,92.3,10.4
2026-08-23T23:27:53Z,,8e-05,,,,,,
2026-08-24T00:27:53Z,,9e-05,,,,,,
2026-08-24T00:52:44Z,1590,,12.9,90,10.14,11.7,96.7,10.11
2026-08-24T01:27:53Z,,0.00016,,,,,,
2026-08-24T02:27:54Z,,0.00024,,,,,,
2026-08-24T02:52:43Z,1695,,12.9,92.5,10.42,11.6,98.4,10.22
2026-08-24T03:27:54Z,,0.00035,,,,,,
2026-08-24T04:27:54Z,,0.00046,,,,,,
2026-08-24T04:52:49Z,1740,,12.9,93.5,10.53,11.7,97.7,10.21
2026-08-24T05:27:53Z,,0.00058,,,,,,
2026-08-24T06:27:53Z,,0.00071,,,,,,
2026-08-24T06:53:07Z,1920,,17.4,80,11.85,15.3,84.4,11.02
2026-08-24T07:27:54Z,,0.00038,,,,,,
2026-08-24T08:27:54Z,,5e-05,,,,,,
2026-08-24T08:52:54Z,1740,,19.2,63.6,10.48,15.8,75.4,10.15
2026-08-24T09:27:53Z,,0,,,,,,
2026-08-24T10:27:53Z,,0,,,,,,
2026-08-24T10:52:27Z,1695,,22.6,53.2,10.69,17.3,70.5,10.38
2026-08-24T11:27:54Z,,0,,,,,,
2026-08-24T12:27:53Z,,0,,,,,,
2026-08-24T12:52:22Z,1635,,26.1,43.9,10.75,17.5,71.2,10.61
2026-08-24T13:27:54Z,,0,,,,,,
2026-08-24T14:27:54Z,,0,,,,,,
2026-08-24T14:51:37Z,1440,,20,65.7,11.35,14.8,92.2,11.67
2026-08-24T15:27:54Z,,0,,,,,,
2026-08-24T16:27:53Z,,0,,,,,,
2026-08-24T16:51:51Z,1320,,18.3,67.7,10.58,14.4,89.7,11.08
2026-08-24T17:27:54Z,,0,,,,,,
2026-08-24T18:27:55Z,,0,,,,,,
2026-08-24T18:51:38Z,1230,,14.6,78.9,9.87,12.9,93.5,10.53
2026-08-24T19:27:54Z,,0,,,,,,
2026-08-24T20:27:53Z,,0,,,,,,
2026-08-24T20:51:20Z,1380,,12.8,85.4,9.56,11.5,95,9.81
2026-08-24T21:27:53Z,,1e-05,,,,,,
2026-08-24T22:27:54Z,,2e-05,,,,,,
2026-08-24T22:50:58Z,1455,,11.9,87.5,9.26,10.6,96.4,9.41
2026-08-24T23:27:54Z,,6e-05,,,,,,
2026-08-25T00:27:53Z,,0.0001,,,,,,
2026-08-25T00:50:32Z,1485,,10.9,89.2,8.87,9.7,97.5,8.99
2026-08-25T01:27:54Z,,0.00016,,,,,,
2026-08-25T02:27:54Z,,0.00021,,,,,,
2026-08-25T02:50:11Z,1635,,10.4,91.3,8.8,9,98.8,8.71
2026-08-25T03:27:54Z,,0.00029,,,,,,
2026-08-25T04:27:54Z,,0.00037,,,,,,
2026-08-25T04:49:57Z,1860,,11.8,94,9.89,10.2,98.2,9.34
2026-08-25T05:27:54Z,,0.0005,,,,,,
2026-08-25T06:27:54Z,,0.00063,,,,,,
2026-08-25T06:50:30Z,1980,,18.2,70.8,11.0,16.4,72.4,10.1
2026-08-25T07:27:54Z,,0.0003,,,,,,
2026-08-25T08:27:54Z,,0,,,,,,
2026-08-25T08:49:54Z,1665,,26.7,36.8,9.32,18.5,58.2,9.21
2026-08-25T09:27:55Z,,0,,,,,,
2026-08-25T10:27:54Z,,0,,,,,,
2026-08-25T10:49:45Z,1590,,29,29.6,8.51,17.1,58.7,8.54
2026-08-25T11:27:53Z,,0,,,,,,
2026-08-25T12:27:54Z,,0,,,,,,
2026-08-25T12:50:28Z,1095,,27,28.4,7.31,17.6,53.7,8.05
2026-08-25T13:27:54Z,,0,,,,,,
2026-08-25T14:27:54Z,,0,,,,,,
2026-08-25T14:50:25Z,915,,27.5,29.3,7.76,18.2,57.1,8.87
2026-08-25T15:27:54Z,,0,,,,,,
2026-08-25T16:27:54Z,,0,,,,,,
2026-08-25T16:49:47Z,765,,22.2,40,7.85,17.4,62.7,9.29
2026-08-25T17:27:54Z,,0,,,,,,
2026-08-25T18:27:53Z,,0,,,,,,
2026-08-25T18:50:22Z,525,,13.6,60.8,7.15,12.7,79.7,8.87
2026-08-25T19:27:53Z,,0,,,,,,
2026-08-25T20:27:54Z,,0,,,,,,
2026-08-25T20:50:42Z,975,,11,75.3,7.53,10.9,84.5,8.4
2026-08-25T21:27:53Z,,0,,,,,,
2026-08-25T22:27:54Z,,0,,,,,,
2026-08-25T22:50:43Z,900,,10.5,76.7,7.44,10.3,88.3,8.45
2026-08-25T23:27:53Z,,0,,,,,,
2026-08-26T00:27:54Z,,0,,,,,,
2026-08-26T00:51:06Z,1350,,10.4,86.2,8.3,9.9,92.1,8.6
2026-08-26T01:27:54Z,,2e-05,,,,,,
2026-08-26T02:27:54Z,,4e-05,,,,,,
2026-08-26T02:51:00Z,1485,,11.2,88.4,8.96,10.4,94.3,9.09
2026-08-26T03:27:53Z,,9e-05,,,,,,
2026-08-26T04:27:54Z,,0.00014,,,,,,
2026-08-26T04:51:37Z,1860,,13.3,90.7,10.47,11.8,93.5,9.84
2026-08-26T05:27:55Z,,0.00022,,,,,,
2026-08-26T06:27:54Z,,0.00031,,,,,,
2026-08-26T07:27:53Z,,0.00039,,,,,,
2026-08-26T08:27:54Z,,0.00048,,,,,,
2026-08-26T08:51:07Z,1455,,33.2,36,12.97,26.2,54.4,13.4
2026-08-26T09:27:54Z,,0.00014,,,,,,
2026-08-26T10:27:54Z,,0,,,,,,
2026-08-26T10:50:27Z,1125,,32.3,32,10.99,22.4,60.5,12.01
2026-08-26T11:27:54Z,,0,,,,,,
2026-08-26T12:27:53Z,,0,,,,,,
2026-08-26T12:49:50Z,1065,,28.5,35.8,10.01,20.3,63.3,11.13
2026-08-26T13:27:54Z,,0,,,,,,
2026-08-26T14:27:54Z,,0,,,,,,
2026-08-26T14:50:05Z,945,,27.2,38.3,9.97,19.8,65.3,11.15
2026-08-26T15:27:54Z,,0,,,,,,
2026-08-26T16:27:54Z,,0,,,,,,
2026-08-26T16:50:09Z,1305,,24,49.5,10.77,18.4,71.9,11.31
2026-08-26T17:27:54Z,,0,,,,,,
2026-08-26T18:27:54Z,,0,,,,,,
2026-08-26T18:49:52Z,1035,,15.8,70.4,9.47,14.8,82.2,10.41
2026-08-26T19:27:54Z,,0,,,,,,
2026-08-26T20:27:53Z,,0,,,,,,
2026-08-26T20:50:23Z,1065,,12.1,80.6,8.64,12.2,87.4,9.43
2026-08-26T21:27:54Z,,0,,,,,,
2026-08-26T22:27:53Z,,0,,,,,,
2026-08-26T22:49:53Z,1125,,10.3,85.1,8.15,10.5,90.5,8.77
2026-08-26T23:27:54Z,,0,,,,,,
2026-08-27T00:27:54Z,,0,,,,,,
2026-08-27T00:49:40Z,1215,,9.3,87.1,7.83,9.3,92.7,8.33
2026-08-27T01:27:54Z,,3e-05,,,,,,
2026-08-27T02:27:54Z,,6e-05,,,,,,
2026-08-27T02:50:21Z,1350,,8.9,88.5,7.75,8.4,94.2,7.99
2026-08-27T03:27:54Z,,0.00011,,,,,,
2026-08-27T04:27:53Z,,0.00015,,,,,,
2026-08-27T04:50:12Z,1725,,11.4,94.3,9.68,11.5,91,9.4
2026-08-27T05:27:54Z,,0.00028,,,,,,
2026-08-27T06:27:54Z,,0.00042,,,,,,
2026-08-27T06:50:55Z,2790,,21.6,80,15.17,22.4,62.5,12.41
2026-08-27T07:27:55Z,,8e-05,,,,,,
2026-08-27T08:27:54Z,,0,,,,,,
2026-08-27T08:50:33Z,1605,,32.8,32.6,11.5,27.1,44.8,11.6
2026-08-27T09:27:54Z,,0,,,,,,
2026-08-27T10:27:54Z,,0,,,,,,
2026-08-27T10:51:12Z,2025,,33.6,29.3,10.78,23,48.1,9.89
2026-08-27T11:27:54Z,,0,,,,,,
2026-08-27T12:27:54Z,,0,,,,,,
2026-08-27T12:51:00Z,1620,,32.9,25.5,9.04,20.8,49.4,8.94
2026-08-27T13:27:55Z,,0,,,,,,
2026-08-27T14:27:54Z,,0,,,,,,
2026-08-27T14:51:03Z,1290,,30.5,28.5,8.89,20.6,52.5,9.39
2026-08-27T15:27:54Z,,0,,,,,,
2026-08-27T16:27:53Z,,0,,,,,,
2026-08-27T16:51:23Z,1020,,24.6,40,9.0,19.5,59.9,10.05
2026-08-27T17:27:54Z,,0,,,,,,
2026-08-27T18:27:54Z,,0,,,,,,
2026-08-27T18:51:57Z,750,,16.7,60,8.52,15.8,74.6,10.04
2026-08-27T19:27:54Z,,0,,,,,,
2026-08-27T20:27:54Z,,0,,,,,,
2026-08-27T20:52:37Z,840,,12.2,74.8,8.07,12.9,82.2,9.26
2026-08-27T21:27:53Z,,0,,,,,,
2026-08-27T22:27:53Z,,0,,,,,,
2026-08-27T22:52:30Z,1065,,11.5,79.2,8.18,11.8,85.8,9.03
2026-08-27T23:27:54Z,,0,,,,,,
2026-08-28T00:27:54Z,,0,,,,,,
2026-08-28T00:53:02Z,1155,,10.1,84.1,7.95,10.3,88.7,8.49
2026-08-28T01:27:54Z,,0,,,,,,
2026-08-28T02:27:54Z,,0,,,,,,
2026-08-28T02:53:30Z,1305,,9.6,86.2,7.89,9.6,90.3,8.27
2026-08-28T03:27:54Z,,2e-05,,,,,,
2026-08-28T04:27:54Z,,4e-05,,,,,,
2026-08-28T04:54:15Z,2145,,12.6,93.4,10.33,11.1,91.5,9.21
2026-08-28T05:27:54Z,,0.00016,,,,,,
2026-08-28T06:27:54Z,,0.00029,,,,,,
2026-08-28T06:54:00Z,2640,,19,81.1,13.21,16.4,80.8,11.27
2026-08-28T07:27:53Z,,0,,,,,,
2026-08-28T08:27:54Z,,0,,,,,,
2026-08-28T08:53:33Z,1800,,27.2,48.5,12.63,21.2,65.4,12.12
2026-08-28T09:27:53Z,,0,,,,,,
2026-08-28T10:27:54Z,,0,,,,,,
2026-08-28T10:53:36Z,1785,,32.2,35.7,12.2,21,64.1,11.74
2026-08-28T11:27:54Z,,0,,,,,,
2026-08-28T12:27:55Z,,0,,,,,,
2026-08-28T12:53:54Z,1575,,31.7,33.1,11.01,20.5,62.2,11.07
2026-08-28T13:27:53Z,,0,,,,,,
2026-08-28T14:27:55Z,,0,,,,,,
2026-08-28T14:53:09Z,1230,,26.9,41.3,10.58,19.3,68.5,11.36
2026-08-28T15:27:53Z,,0,,,,,,
2026-08-28T16:27:54Z,,0,,,,,,
2026-08-28T16:53:04Z,945,,22.2,51.2,10.05,17.8,74.6,11.32
2026-08-28T17:27:54Z,,0,,,,,,
2026-08-28T18:27:54Z,,0,,,,,,
2026-08-28T18:53:46Z,825,,17.4,69,10.22,16.2,86.2,11.88
2026-08-28T19:27:54Z,,0,,,,,,
2026-08-28T20:27:55Z,,0,,,,,,
2026-08-28T20:54:06Z,960,,15.8,76.7,10.32,15.5,87.6,11.57
2026-08-28T21:27:53Z,,0,,,,,,
2026-08-28T22:27:53Z,,0,,,,,,
2026-08-28T22:54:56Z,1065,,15.3,82.6,10.78,15.1,90.9,11.72
2026-08-28T23:27:53Z,,0,,,,,,
2026-08-29T00:27:54Z,,0,,,,,,
2026-08-29T00:54:58Z,1065,,14.4,85.1,10.52,14.5,93.2,11.59
2026-08-29T01:27:54Z,,0,,,,,,
2026-08-29T02:27:54Z,,1e-05,,,,,,
2026-08-29T02:54:39Z,1080,,13.9,86.8,10.4,13.8,95.2,11.34
2026-08-29T03:27:53Z,,4e-05,,,,,,
2026-08-29T04:27:53Z,,8e-05,,,,,,
2026-08-29T04:55:09Z,1620,,14.9,91.2,11.62,14.3,93.9,11.53
2026-08-29T05:27:54Z,,0.00018,,,,,,
2026-08-29T06:27:54Z,,0.00027,,,,,,
2026-08-29T06:55:14Z,2685,,19.2,81.3,13.4,17.8,74.6,11.32
2026-08-29T07:27:53Z,,0,,,,,,
2026-08-29T08:27:54Z,,0,,,,,,
2026-08-29T08:55:14Z,1965,,23.2,56.2,11.68,18.5,68.8,10.88
2026-08-29T09:27:54Z,,0,,,,,,
2026-08-29T10:27:54Z,,0,,,,,,
2026-08-29T10:55:51Z,1545,,25.7,46.3,11.09,18.8,69.8,11.24
2026-08-29T11:27:54Z,,0,,,,,,
2026-08-29T12:27:54Z,,0,,,,,,
2026-08-29T12:56:11Z,1635,,26.1,46.4,11.36,19,68.8,11.21
2026-08-29T13:27:54Z,,0,,,,,,
2026-08-29T14:27:54Z,,0,,,,,,
2026-08-29T14:57:00Z,1275,,24.4,48.5,10.8,18.5,72.2,11.42
2026-08-29T15:27:54Z,,0,,,,,,
2026-08-29T16:27:54Z,,0,,,,,,
2026-08-29T16:56:53Z,1185,,19.9,60.6,10.41,17.8,74.4,11.29
2026-08-29T17:27:53Z,,0,,,,,,
2026-08-29T18:27:53Z,,0,,,,,,
2026-08-29T18:56:51Z,1200,,18.1,66.1,10.21,17.4,73.3,10.86
2026-08-29T19:27:53Z,,0,,,,,,
2026-08-29T20:27:54Z,,0,,,,,,
2026-08-29T20:57:32Z,1365,,17.5,71.4,10.64,17,76.8,11.11
2026-08-29T21:27:54Z,,0,,,,,,
2026-08-29T22:27:54Z,,0,,,,,,
2026-08-29T22:57:03Z,1395,,16.9,76.8,11.04,16.6,80.3,11.34
2026-08-29T23:27:54Z,,0,,,,,,
2026-08-30T00:27:54Z,,0,,,,,,
2026-08-30T00:56:12Z,1500,,16.3,84,11.65,15,92.4,11.84
2026-08-30T01:27:54Z,,0,,,,,,
2026-08-30T02:27:53Z,,0,,,,,,
2026-08-30T02:56:23Z,1515,,16.4,88.8,12.39,15.1,97.2,12.53
2026-08-30T03:27:54Z,,7e-05,,,,,,
2026-08-30T04:27:54Z,,0.00014,,,,,,
2026-08-30T04:55:52Z,1680,,16.6,90.5,12.78,15.2,96.9,12.57
2026-08-30T05:27:54Z,,0.00023,,,,,,
2026-08-30T06:27:54Z,,0.00033,,,,,,
2026-08-30T06:56:36Z,1725,,17.3,89.2,13.14,15.5,96.7,12.78
2026-08-30T07:27:53Z,,0.0004,,,,,,
2026-08-30T08:27:54Z,,0.00048,,,,,,
2026-08-30T08:56:34Z,1815,,19,83.5,13.6,16.4,94,13.11
2026-08-30T09:27:54Z,,0.00015,,,,,,
2026-08-30T10:27:54Z,,0,,,,,,
2026-08-30T10:57:13Z,2070,,24.7,65.6,14.85,18.4,86.1,13.54
2026-08-30T11:27:54Z,,0,,,,,,
2026-08-30T12:27:54Z,,0,,,,,,
2026-08-30T12:57:51Z,1635,,24.8,58.2,13.25,18.7,81.6,13.06
2026-08-30T13:27:54Z,,0,,,,,,
2026-08-30T14:27:54Z,,0,,,,,,
2026-08-30T14:57:52Z,1605,,26.6,52.2,13.15,18.8,81,13.04
2026-08-30T15:27:54Z,,0,,,,,,
2026-08-30T16:27:54Z,,0,,,,,,
2026-08-30T16:57:25Z,1185,,21.1,63,11.61,17.2,85.6,12.53
2026-08-30T17:27:54Z,,0,,,,,,
2026-08-30T18:27:54Z,,0,,,,,,
2026-08-30T18:56:39Z,1230,,16.5,80.5,11.3,15.4,91.5,12.02
2026-08-30T19:27:54Z,,0,,,,,,
2026-08-30T20:27:54Z,,0,,,,,,
2026-08-30T20:57:00Z,1425,,16.1,87.7,12.02,15.2,94.8,12.3
2026-08-30T21:27:54Z,,5e-05,,,,,,
2026-08-30T22:27:53Z,,0.00011,,,,,,
2026-08-30T22:56:22Z,1530,,16.6,92.1,13.01,15.7,97.9,13.09
2026-08-30T23:27:54Z,,0.00023,,,,,,
2026-08-31T00:27:54Z,,0.00035,,,,,,
2026-08-31T00:55:54Z,1650,,16.7,93,13.21,15.7,97.5,13.04
2026-08-31T01:27:54Z,,0.00049,,,,,,
2026-08-31T02:27:54Z,,0.00063,,,,,,
2026-08-31T02:56:35Z,1680,,16.9,93.2,13.4,15.8,97.8,13.16
2026-08-31T03:27:54Z,,0.00078,,,,,,
2026-08-31T04:27:54Z,,0.00093,,,,,,
2026-08-31T04:56:04Z,1725,,17,93.8,13.57,15.7,99.2,13.27
2026-08-31T05:27:54Z,,0.00109,,,,,,
2026-08-31T06:27:54Z,,0.00125,,,,,,
2026-08-31T06:56:13Z,1710,,17.2,93.9,13.75,15.8,100,13.46
2026-08-31T07:27:54Z,,0.00142,,,,,,
2026-08-31T08:27:53Z,,0.00158,,,,,,
2026-08-31T08:56:31Z,1845,,17.7,94.4,14.24,16,100,13.62
2026-08-31T09:27:53Z,,0.00176,,,,,,
2026-08-31T10:27:55Z,,0.00195,,,,,,
2026-08-31T10:57:21Z,1815,,19.8,90.2,15.4,17.4,100,14.81
2026-08-31T11:27:55Z,,0.00205,,,,,,
2026-08-31T12:27:55Z,,0.00215,,,,,,
2026-08-31T12:57:45Z,1635,,23.5,68.7,14.53,17.8,95.6,14.51
2026-08-31T13:27:54Z,,0.00182,,,,,,
2026-08-31T14:27:54Z,,0.00148,,,,,,
2026-08-31T14:56:55Z,1410,,21.7,72.3,13.79,17.5,95.3,14.2
2026-08-31T15:27:54Z,,0.00115,,,,,,
2026-08-31T16:27:53Z,,0.00082,,,,,,
2026-08-31T16:56:08Z,1395,,19.4,78.7,13.13,16.6,95.7,13.51
2026-08-31T17:27:54Z,,0.00048,,,,,,
2026-08-31T18:27:54Z,,0.00015,,,,,,
2026-08-31T18:56:02Z,1425,,17.3,86.4,12.72,15.7,97.8,13.08
2026-08-31T19:27:53Z,,0.00018,,,,,,
2026-08-31T20:27:54Z,,0.00022,,,,,,
2026-08-31T20:56:33Z,1515,,16.5,88.3,12.39,15.1,96.8,12.48
2026-08-31T21:27:54Z,,0.00028,,,,,,
2026-08-31T22:27:53Z,,0.00034,,,,,,
2026-08-31T22:55:47Z,1560,,15.9,89.9,12.17,14.7,97.2,12.23
2026-08-31T23:27:55Z,,0.00042,,,,,,
2026-09-01T00:27:53Z,,0.00051,,,,,,
2026-09-01T00:55:59Z,1530,,15,90.8,11.64,13.9,98.7,11.83
2026-09-01T01:27:54Z,,0.0006,,,,,,
2026-09-01T02:27:54Z,,0.00069,,,,,,
2026-09-01T02:55:22Z,1710,,14.6,96.2,12.03,13.6,100,11.76
2026-09-01T03:27:55Z,,0.0009,,,,,,
2026-09-01T04:27:54Z,,0.00111,,,,,,
2026-09-01T04:54:51Z,1860,,15.8,96.5,12.98,14.4,100,12.36
2026-09-01T05:27:54Z,,0.00134,,,,,,
2026-09-01T06:27:54Z,,0.00157,,,,,,
2026-09-01T06:54:26Z,2265,,19.2,91.1,15.02,16.8,92.4,13.21
2026-09-01T07:27:54Z,,0.00168,,,,,,
2026-09-01T08:27:55Z,,0.0018,,,,,,
2026-09-01T08:53:42Z,1875,,24,65.2,14.19,19,81.6,13.29
2026-09-01T09:27:54Z,,0.00146,,,,,,
2026-09-01T10:27:54Z,,0.00113,,,,,,
2026-09-01T10:54:15Z,1800,,24.8,56,12.75,18.8,76.2,12.27
2026-09-01T11:27:54Z,,0.0008,,,,,,
2026-09-01T12:27:54Z,,0.00046,,,,,,
2026-09-01T12:54:26Z,1740,,27.2,50.9,13.25,19.3,77.4,12.83
2026-09-01T13:27:54Z,,0.00013,,,,,,
2026-09-01T14:27:54Z,,0,,,,,,
2026-09-01T14:55:14Z,1245,,26.2,48,11.82,18.7,79.3,12.69
2026-09-01T15:27:54Z,,0,,,,,,
2026-09-01T16:27:54Z,,0,,,,,,
2026-09-01T16:55:05Z,1155,,21.7,62.9,12.0,17.9,85.2,13.0
2026-09-01T17:27:53Z,,0,,,,,,
2026-09-01T18:27:53Z,,0,,,,,,
2026-09-01T18:54:53Z,915,,15.3,80,10.44,14.9,92.6,11.8
2026-09-01T19:27:54Z,,0,,,,,,
2026-09-01T20:27:54Z,,0,,,,,,
2026-09-01T20:54:59Z,1005,,13.2,87.1,10.0,13.2,96.2,11.04
2026-09-01T21:27:54Z,,4e-05,,,,,,
2026-09-01T22:27:53Z,,8e-05,,,,,,
2026-09-01T22:54:46Z,1425,,12.9,90.7,10.22,12.2,97.6,10.53
2026-09-01T23:27:54Z,,0.00016,,,,,,
2026-09-02T00:27:54Z,,0.00024,,,,,,
2026-09-02T00:54:24Z,1395,,11.6,91.3,9.49,11,98.6,9.87
2026-09-02T01:27:54Z,,0.00033,,,,,,
2026-09-02T02:27:53Z,,0.00041,,,,,,
2026-09-02T02:54:41Z,1770,,12.2,93.8,10.12,10.8,99.5,9.83
2026-09-02T03:27:54Z,,0.00054,,,,,,
2026-09-02T04:27:54Z,,0.00067,,,,,,
2026-09-02T04:54:56Z,1890,,13.4,95,11.04,11.5,100,10.33
2026-09-02T05:27:54Z,,0.00083,,,,,,
2026-09-02T06:27:54Z,,0.001,,,,,,
2026-09-02T06:55:23Z,2100,,13.9,91.9,11.01,11.5,96.5,9.96
2026-09-02T07:27:54Z,,0.0011,,,,,,
2026-09-02T08:27:54Z,,0.00121,,,,,,
2026-09-02T08:54:56Z,1770,,22.9,56.3,11.51,18.3,70.8,11.07
2026-09-02T09:27:55Z,,0.00088,,,,,,
2026-09-02T10:27:54Z,,0.00054,,,,,,
2026-09-02T10:54:25Z,1650,,27.2,38.5,10.02,17.9,64.8,9.89
2026-09-02T11:27:54Z,,0.00021,,,,,,
2026-09-02T12:27:54Z,,0,,,,,,
2026-09-02T12:53:55Z,1455,,29.5,33.7,9.96,18.6,64.1,10.2
2026-09-02T13:27:54Z,,0,,,,,,
2026-09-02T14:27:54Z,,0,,,,,,
2026-09-02T14:53:34Z,1065,,27.1,36.7,9.5,18.7,65.9,10.55
2026-09-02T15:27:55Z,,0,,,,,,
2026-09-02T16:27:54Z,,0,,,,,,
2026-09-02T16:52:50Z,690,,21.9,47.5,9.17,17.6,73.4,11.0
2026-09-02T17:27:54Z,,0,,,,,,
2026-09-02T18:27:54Z,,0,,,,,,
2026-09-02T18:53:02Z,525,,15.3,70.7,9.23,14.7,89.6,11.28
2026-09-02T19:27:54Z,,0,,,,,,
2026-09-02T20:27:54Z,,0,,,,,,
2026-09-02T20:53:47Z,885,,13.7,78.2,9.26,13.4,91,10.57
2026-09-02T21:27:53Z,,0,,,,,,
2026-09-02T22:27:54Z,,0,,,,,,
2026-09-02T22:53:07Z,885,,11.6,81.9,8.51,11.6,93.8,9.75
2026-09-02T23:27:54Z,,0,,,,,,
2026-09-03T00:27:54Z,,0,,,,,,
2026-09-03T00:52:27Z,945,,10.9,88.2,8.77,11.3,97,9.89
2026-09-03T01:27:54Z,,5e-05,,,,,,
2026-09-03T02:27:54Z,,9e-05,,,,,,
2026-09-03T02:52:35Z,1320,,13.3,94.7,10.94,13.3,99.5,11.49
2026-09-03T03:27:53Z,,0.00025,,,,,,
2026-09-03T04:27:54Z,,0.0004,,,,,,
2026-09-03T04:51:47Z,1545,,14.2,90.7,11.07,13.6,94.4,11.11
2026-09-03T05:27:53Z,,0.00049,,,,,,
2026-09-03T06:27:54Z,,0.00058,,,,,,
2026-09-03T06:52:34Z,2280,,16.7,90.8,12.9,16.8,79.1,11.3
2026-09-03T07:27:54Z,,0.00068,,,,,,
2026-09-03T08:27:54Z,,0.00078,,,,,,
2026-09-03T08:52:29Z,1575,,23.3,47.9,10.02,19.6,59.7,10.08
2026-09-03T09:27:56Z,,0.00045,,,,,,
2026-09-03T10:27:54Z,,0.00011,,,,,,
2026-09-03T10:52:19Z,1560,,26.9,34.9,8.94,18.4,57.5,9.04
2026-09-03T11:27:53Z,,0,,,,,,
2026-09-03T12:27:54Z,,0,,,,,,
2026-09-03T12:53:04Z,1860,,27.3,34.8,9.11,17.6,57.2,8.58
2026-09-03T13:27:55Z,,0,,,,,,
2026-09-03T14:27:54Z,,0,,,,,,
2026-09-03T14:52:26Z,1290,,25.5,36.4,8.62,16.5,64.5,9.05
2026-09-03T15:27:54Z,,0,,,,,,
2026-09-03T16:27:54Z,,0,,,,,,
2026-09-03T16:52:52Z,720,,18.2,48.2,7.49,14.5,71.4,8.88
2026-09-03T17:27:54Z,,0,,,,,,
2026-09-03T18:27:54Z,,0,,,,,,
2026-09-03T18:52:22Z,630,,12.1,62.7,6.72,11.6,77.9,8.09
2026-09-03T19:27:54Z,,0,,,,,,
2026-09-03T20:27:54Z,,0,,,,,,
2026-09-03T20:52:41Z,510,,8.1,72.5,6.03,9,84.2,7.42
2026-09-03T21:27:53Z,,0,,,,,,
2026-09-03T22:27:54Z,,0,,,,,,
2026-09-03T22:53:22Z,465,,4.8,82.9,5.56,7,89.2,6.91
2026-09-03T23:27:54Z,,0,,,,,,
2026-09-04T00:27:53Z,,0,,,,,,
2026-09-04T00:54:00Z,465,,4.2,86.2,5.56,6.3,92,6.81
2026-09-04T01:27:53Z,,0,,,,,,
2026-09-04T02:27:54Z,,0,,,,,,
2026-09-04T02:54:21Z,510,,4.8,89.9,6.03,6.9,95,7.31
2026-09-04T03:27:53Z,,3e-05,,,,,,
2026-09-04T04:27:54Z,,6e-05,,,,,,
2026-09-04T04:54:09Z,1185,,7.2,94.3,7.4,7.9,96.2,7.9
2026-09-04T05:27:53Z,,0.00016,,,,,,
2026-09-04T06:27:53Z,,0.00025,,,,,,
2026-09-04T06:54:35Z,2010,,14,94.1,11.35,13.1,91.8,10.47
2026-09-04T07:27:54Z,,0.0004,,,,,,
2026-09-04T08:27:54Z,,0.00055,,,,,,
2026-09-04T08:54:13Z,1875,,21.2,64.7,11.99,18.6,70.5,11.22
2026-09-04T09:27:53Z,,0.00022,,,,,,
2026-09-04T10:27:54Z,,0,,,,,,
2026-09-04T10:54:51Z,2430,,31,31.8,10.19,17.5,58.6,8.73
2026-09-04T11:27:54Z,,0,,,,,,
2026-09-04T12:27:54Z,,0,,,,,,
2026-09-04T12:54:33Z,885,,23.1,38,7.86,16.4,64.6,9.01
2026-09-04T13:27:54Z,,0,,,,,,
2026-09-04T14:27:54Z,,0,,,,,,
2026-09-04T14:55:05Z,1050,,26.4,35.7,8.89,15.2,75.8,9.83
2026-09-04T15:27:55Z,,0,,,,,,
2026-09-04T16:27:54Z,,0,,,,,,
2026-09-04T16:54:51Z,915,,18.3,53.6,8.38,14.1,78.1,9.47
2026-09-04T17:27:53Z,,0,,,,,,
2026-09-04T18:27:54Z,,0,,,,,,
2026-09-04T18:54:52Z,705,,12,69.6,7.41,11.4,85.3,8.75
2026-09-04T19:27:54Z,,0,,,,,,
2026-09-04T20:27:53Z,,0,,,,,,
2026-09-04T20:54:43Z,975,,9.7,80.4,7.41,9.7,89.4,8.24
2026-09-04T21:27:54Z,,0,,,,,,
2026-09-04T22:27:53Z,,0,,,,,,
2026-09-04T22:54:57Z,960,,8.6,82,7.04,8.6,92,7.9
2026-09-04T23:27:54Z,,0,,,,,,
2026-09-05T00:27:54Z,,0,,,,,,
2026-09-05T00:54:39Z,930,,6.7,84,6.38,6.9,93.3,7.18
2026-09-05T01:27:54Z,,0,,,,,,
2026-09-05T02:27:54Z,,0,,,,,,
2026-09-05T02:54:02Z,1260,,6.3,85.7,6.34,5.6,94.8,6.7
2026-09-05T03:27:54Z,,0,,,,,,
2026-09-05T04:27:54Z,,0,,,,,,
2026-09-05T04:54:48Z,1635,,7.2,90,7.06,6.2,94.8,6.97
2026-09-05T05:27:54Z,,5e-05,,,,,,
2026-09-05T06:27:54Z,,0.0001,,,,,,
2026-09-05T06:54:59Z,2805,,15.5,90.8,12.0,13.8,81.9,9.75
2026-09-05T07:27:54Z,,0.00019,,,,,,
2026-09-05T08:27:53Z,,0.00029,,,,,,
2026-09-05T08:54:33Z,1470,,19.1,61.8,10.13,16.2,75.4,10.39
2026-09-05T09:27:54Z,,0,,,,,,
2026-09-05T10:27:54Z,,0,,,,,,
2026-09-05T10:53:58Z,1065,,25.6,38.9,9.26,16.7,72.5,10.3
2026-09-05T11:27:54Z,,0,,,,,,
2026-09-05T12:27:54Z,,0,,,,,,
2026-09-05T12:54:52Z,1395,,21.1,52.9,9.75,15.6,75.4,10.02
2026-09-05T13:27:54Z,,0,,,,,,
2026-09-05T14:27:54Z,,0,,,,,,
2026-09-05T14:55:09Z,1155,,22.8,40.1,8.15,15.9,65.8,8.91
2026-09-05T15:27:53Z,,0,,,,,,
2026-09-05T16:27:53Z,,0,,,,,,
2026-09-05T16:54:59Z,945,,17.7,53.8,8.11,14.3,74.1,9.1
2026-09-05T17:27:53Z,,0,,,,,,
2026-09-05T18:27:54Z,,0,,,,,,
2026-09-05T18:54:47Z,1065,,14.1,67.3,8.16,12.6,81,8.96
2026-09-05T19:27:54Z,,0,,,,,,
2026-09-05T20:27:54Z,,0,,,,,,
2026-09-05T20:54:12Z,1395,,11.8,79.3,8.34,10.5,88.6,8.59
2026-09-05T21:27:54Z,,0,,,,,,
2026-09-05T22:27:53Z,,0,,,,,,
2026-09-05T22:54:40Z,1545,,10.4,84,8.09,8.9,92.6,8.11
2026-09-05T23:27:54Z,,0,,,,,,
2026-09-06T00:27:54Z,,0,,,,,,
2026-09-06T00:54:09Z,1785,,9.8,87.5,8.12,7.9,94.7,7.78
2026-09-06T01:27:54Z,,4e-05,,,,,,
2026-09-06T02:27:53Z,,7e-05,,,,,,
2026-09-06T02:54:33Z,1830,,9.9,88,8.21,7.9,95.2,7.82
2026-09-06T03:27:54Z,,0.00011,,,,,,
2026-09-06T04:27:53Z,,0.00015,,,,,,
2026-09-06T04:54:56Z,1845,,10.5,87.1,8.44,8.7,92.3,7.98
2026-09-06T05:27:53Z,,0.00019,,,,,,
2026-09-06T06:27:53Z,,0.00022,,,,,,
2026-09-06T06:55:03Z,2100,,14.5,70,8.7,13.4,67.7,7.87
2026-09-06T07:27:54Z,,0,,,,,,
2026-09-06T08:27:53Z,,0,,,,,,
2026-09-06T08:55:39Z,1680,,19.3,43,7.13,16.2,50.7,6.99
2026-09-06T09:27:54Z,,0,,,,,,
2026-09-06T10:27:53Z,,0,,,,,,
2026-09-06T10:55:06Z,1650,,20.9,36.8,6.7,14.3,53.7,6.59
2026-09-06T11:27:54Z,,0,,,,,,
2026-09-06T12:27:54Z,,0,,,,,,
2026-09-06T12:55:19Z,1665,,21.4,34.5,6.47,14.3,51.9,6.37
2026-09-06T13:27:53Z,,0,,,,,,
2026-09-06T14:27:54Z,,0,,,,,,
2026-09-06T14:54:43Z,1170,,20.4,32.1,5.68,14.5,49.3,6.13
2026-09-06T15:27:53Z,,0,,,,,,
2026-09-06T16:27:53Z,,0,,,,,,
2026-09-06T16:54:49Z,810,,15.8,40.4,5.44,12.8,56.4,6.31
2026-09-06T17:27:53Z,,0,,,,,,
2026-09-06T18:27:53Z,,0,,,,,,
2026-09-06T18:54:19Z,765,,9.7,56.1,5.17,8.7,69.7,6.03
2026-09-06T19:27:53Z,,0,,,,,,
2026-09-06T20:27:54Z,,0,,,,,,
2026-09-06T20:54:43Z,1215,,8.1,71.4,5.94,7.4,79.4,6.31
2026-09-06T21:27:54Z,,0,,,,,,
2026-09-06T22:27:53Z,,0,,,,,,
2026-09-06T22:53:54Z,1500,,6.8,74.4,5.69,5.5,82.2,5.77
2026-09-06T23:27:54Z,,0,,,,,,
2026-09-07T00:27:53Z,,0,,,,,,
2026-09-07T00:54:26Z,1620,,6.2,77.9,5.73,4.4,86,5.62
2026-09-07T01:27:54Z,,0,,,,,,
2026-09-07T02:27:53Z,,0,,,,,,
2026-09-07T02:53:50Z,1620,,5.6,79.6,5.63,3.5,88.5,5.44
2026-09-07T03:27:54Z,,0,,,,,,
2026-09-07T04:27:54Z,,0,,,,,,
2026-09-07T04:53:18Z,1695,,5.4,84.2,5.88,4.6,86.4,5.72
2026-09-07T05:27:54Z,,0,,,,,,
2026-09-07T06:27:55Z,,0,,,,,,
2026-09-07T06:53:13Z,2295,,15.1,65.6,8.46,14.5,59.1,7.35
2026-09-07T07:27:54Z,,0,,,,,,
2026-09-07T08:27:54Z,,0,,,,,,
2026-09-07T08:53:27Z,1995,,21.7,40.2,7.67,15.6,53.4,7.1
2026-09-07T09:27:53Z,,0,,,,,,
2026-09-07T10:27:54Z,,0,,,,,,
2026-09-07T10:54:09Z,1890,,25.1,32,7.41,15.2,53.8,6.98
2026-09-07T11:27:53Z,,0,,,,,,
2026-09-07T12:27:54Z,,0,,,,,,
2026-09-07T12:54:41Z,1635,,25.7,35,8.38,14.9,65,8.28
2026-09-07T13:27:54Z,,0,,,,,,
2026-09-07T14:27:54Z,,0,,,,,,
2026-09-07T14:54:08Z,960,,23.4,41.4,8.71,15.5,74,9.78
2026-09-07T15:27:53Z,,0,,,,,,
2026-09-07T16:27:54Z,,0,,,,,,
2026-09-07T16:54:47Z,810,,17.9,59.1,9.02,14.8,82.7,10.47
2026-09-07T17:27:54Z,,0,,,,,,
2026-09-07T18:27:54Z,,0,,,,,,
2026-09-07T18:54:23Z,810,,15.8,69,9.28,14.4,86.9,10.74
2026-09-07T19:27:53Z,,0,,,,,,
2026-09-07T20:27:53Z,,0,,,,,,
2026-09-07T20:54:45Z,885,,15.2,74.5,9.67,13.8,93.2,11.1
2026-09-07T21:27:53Z,,0,,,,,,
2026-09-07T22:27:53Z,,0,,,,,,
2026-09-07T22:54:45Z,1110,,15,80.8,10.36,13.9,93.9,11.25
2026-09-07T23:27:53Z,,0,,,,,,
2026-09-08T00:27:54Z,,0,,,,,,
2026-09-08T00:55:31Z,1365,,15.1,86.5,11.15,14.1,95.1,11.54
2026-09-08T01:27:55Z,,3e-05,,,,,,
2026-09-08T02:27:53Z,,7e-05,,,,,,
2026-09-08T02:54:52Z,1485,,15.3,87,11.36,14.3,94.2,11.57
2026-09-08T03:27:53Z,,0.00011,,,,,,
2026-09-08T04:27:54Z,,0.00015,,,,,,
2026-09-08T04:55:13Z,1530,,15.5,88.8,11.73,14.3,96.6,11.86
2026-09-08T05:27:54Z,,0.00021,,,,,,
2026-09-08T06:27:53Z,,0.00028,,,,,,
2026-09-08T06:55:13Z,1575,,16,88,11.98,14.4,97.5,12.05
2026-09-08T07:27:54Z,,0.00034,,,,,,
2026-09-08T08:27:54Z,,0.00039,,,,,,
2026-09-08T08:54:27Z,1650,,16.3,88.7,12.3,14.5,97.6,12.13
2026-09-08T09:27:54Z,,0.00046,,,,,,
2026-09-08T10:27:53Z,,0.00053,,,,,,
2026-09-08T10:54:57Z,1620,,16.8,87.5,12.51,14.9,97.7,12.45
2026-09-08T11:27:53Z,,0.00058,,,,,,
2026-09-08T12:27:53Z,,0.00063,,,,,,
2026-09-08T12:54:40Z,1665,,17.1,82.5,12.0,15.4,90.1,11.83
2026-09-08T13:27:54Z,,0.0003,,,,,,
2026-09-08T14:27:53Z,,0,,,,,,
2026-09-08T14:53:58Z,1680,,17.5,78.8,11.74,15.6,86.7,11.53
2026-09-08T15:27:53Z,,0,,,,,,
2026-09-08T16:27:54Z,,0,,,,,,
2026-09-08T16:53:14Z,1545,,15.9,85.4,11.56,15,91.1,11.68
2026-09-08T17:27:53Z,,1e-05,,,,,,
2026-09-08T18:27:53Z,,2e-05,,,,,,
2026-09-08T18:53:53Z,1515,,15.8,87.6,11.79,15.1,92.2,11.89
2026-09-08T19:27:53Z,,7e-05,,,,,,
2026-09-08T20:27:54Z,,0.00012,,,,,,
2026-09-08T20:53:22Z,1590,,16.1,92.3,12.65,15,98.6,12.64
2026-09-08T21:27:54Z,,0.00025,,,,,,
2026-09-08T22:27:53Z,,0.00037,,,,,,
2026-09-08T22:53:37Z,1605,,15.8,92.1,12.39,14.7,97.5,12.27
2026-09-08T23:27:53Z,,0.00049,,,,,,
2026-09-09T00:27:53Z,,0.00061,,,,,,
2026-09-09T00:53:08Z,1710,,15.5,94.7,12.51,14.5,98.6,12.26
2026-09-09T01:27:53Z,,0.00078,,,,,,
2026-09-09T02:27:54Z,,0.00096,,,,,,
2026-09-09T02:52:31Z,1710,,15.8,95.4,12.84,14.7,99.5,12.52
2026-09-09T03:27:54Z,,0.00115,,,,,,
2026-09-09T04:27:54Z,,0.00135,,,,,,
2026-09-09T04:52:10Z,1710,,16,95.3,12.98,14.9,99.3,12.65
2026-09-09T05:27:54Z,,0.00154,,,,,,
2026-09-09T06:27:54Z,,0.00173,,,,,,
2026-09-09T06:51:25Z,1830,,17.1,93.3,13.58,15.9,95.5,12.93
2026-09-09T07:27:54Z,,0.00188,,,,,,
2026-09-09T08:27:54Z,,0.00203,,,,,,
2026-09-09T08:51:21Z,2115,,20.3,80.8,14.21,17,88.5,12.8
2026-09-09T09:27:54Z,,0.0017,,,,,,
2026-09-09T10:27:54Z,,0.00137,,,,,,
2026-09-09T10:51:52Z,1590,,20.5,68.8,12.24,16.6,86,12.14
2026-09-09T11:27:54Z,,0.00103,,,,,,
2026-09-09T12:27:54Z,,0.0007,,,,,,
2026-09-09T12:52:14Z,1590,,17.8,82.8,12.56,15.2,96.2,12.48
2026-09-09T13:27:54Z,,0.00037,,,,,,
2026-09-09T14:27:54Z,,3e-05,,,,,,
2026-09-09T14:52:19Z,1650,,16.9,87.5,12.58,14.9,97.4,12.41
2026-09-09T15:27:54Z,,9e-05,,,,,,
2026-09-09T16:27:54Z,,0.00014,,,,,,
2026-09-09T16:51:39Z,1620,,16.3,89.9,12.47,14.6,97.8,12.23
2026-09-09T17:27:54Z,,0.00022,,,,,,
2026-09-09T18:27:53Z,,0.00031,,,,,,
2026-09-09T18:51:30Z,1680,,15.8,92.7,12.47,14.2,99.4,12.13
2026-09-09T19:27:54Z,,0.00044,,,,,,
2026-09-09T20:27:54Z,,0.00057,,,,,,
2026-09-09T20:51:37Z,1680,,15.5,93.1,12.3,14,99.2,11.96
2026-09-09T21:27:53Z,,0.0007,,,,,,
2026-09-09T22:27:54Z,,0.00084,,,,,,
2026-09-09T22:51:03Z,1680,,14.7,93.7,11.79,13.4,99.5,11.56
2026-09-09T23:27:53Z,,0.00098,,,,,,
2026-09-10T00:27:53Z,,0.00113,,,,,,
2026-09-10T00:51:08Z,1740,,14.4,95.6,11.81,13,100,11.34
2026-09-10T01:27:54Z,,0.00132,,,,,,
2026-09-10T02:27:53Z,,0.0015,,,,,,
2026-09-10T02:51:55Z,1545,,13.9,93.7,11.23,12.8,100,11.2
2026-09-10T03:27:54Z,,0.00164,,,,,,
2026-09-10T04:27:54Z,,0.00178,,,,,,
2026-09-10T04:52:31Z,1860,,14.3,97.3,11.95,12.9,100,11.27
2026-09-10T05:27:54Z,,0.00202,,,,,,
2026-09-10T06:27:53Z,,0.00226,,,,,,
2026-09-10T06:51:59Z,2145,,15.7,97.1,12.99,14.6,93.3,11.67
2026-09-10T07:27:53Z,,0.00251,,,,,,
2026-09-10T08:27:54Z,,0.00276,,,,,,
2026-09-10T08:52:36Z,1980,,20.9,71.3,12.98,16.8,84.5,12.08
2026-09-10T09:27:54Z,,0.00243,,,,,,
2026-09-10T10:27:55Z,,0.00209,,,,,,
2026-09-10T10:53:21Z,2370,,27.2,46.6,12.13,18.5,66,10.44
2026-09-10T11:27:54Z,,0.00176,,,,,,
2026-09-10T12:27:53Z,,0.00143,,,,,,
2026-09-10T12:52:55Z,1575,,23.5,53.2,11.25,17.4,76.2,11.29
2026-09-10T13:27:54Z,,0.00109,,,,,,
2026-09-10T14:27:54Z,,0.00076,,,,,,
2026-09-10T14:53:19Z,1260,,21.2,56.4,10.45,16.6,78.7,11.11
2026-09-10T15:27:54Z,,0.00076,,,,,,
2026-09-10T16:27:54Z,,0.00076,,,,,,
2026-09-10T16:53:41Z,1185,,16.7,70.9,10.07,14.4,87.9,10.86
2026-09-10T17:27:53Z,,0.00076,,,,,,
2026-09-10T18:27:53Z,,0.00076,,,,,,
2026-09-10T18:53:45Z,1455,,14.1,81.4,9.87,12.2,93.1,10.04
2026-09-10T19:27:54Z,,0.00076,,,,,,
2026-09-10T20:27:54Z,,0.00076,,,,,,
2026-09-10T20:54:34Z,1620,,13.4,86.9,10.1,11.7,96.1,10.05
2026-09-10T21:27:54Z,,0.0008,,,,,,
2026-09-10T22:27:54Z,,0.00083,,,,,,
2026-09-10T22:54:23Z,1605,,12.5,88.4,9.72,10.8,97.5,9.63
2026-09-10T23:27:53Z,,0.00088,,,,,,
2026-09-11T00:27:53Z,,0.00094,,,,,,
2026-09-11T00:54:13Z,1605,,11.1,89.8,9.04,9.7,97.8,9.01
2026-09-11T01:27:54Z,,0.001,,,,,,
2026-09-11T02:27:53Z,,0.00106,,,,,,
2026-09-11T02:53:31Z,1605,,9.8,89.8,8.33,8.2,98.6,8.26
2026-09-11T03:27:53Z,,0.00112,,,,,,
2026-09-11T04:27:54Z,,0.00118,,,,,,
2026-09-11T04:53:42Z,1725,,9.4,90.7,8.2,7.8,97.5,7.96
2026-09-11T05:27:54Z,,0.00125,,,,,,
2026-09-11T06:27:54Z,,0.00131,,,,,,
2026-09-11T06:53:27Z,2220,,13.9,89.3,10.7,13.1,83.4,9.51
2026-09-11T07:27:54Z,,0.00138,,,,,,
2026-09-11T08:27:54Z,,0.00145,,,,,,
2026-09-11T08:52:44Z,1785,,19,53.8,8.76,16.5,59.7,8.38
2026-09-11T09:27:54Z,,0.00112,,,,,,
2026-09-11T10:27:54Z,,0.00078,,,,,,
2026-09-11T10:52:44Z,1695,,20.6,42.4,7.59,15.6,55.6,7.39
2026-09-11T11:27:54Z,,0.00045,,,,,,
2026-09-11T12:27:54Z,,0.00012,,,,,,
2026-09-11T12:52:55Z,1665,,22.5,37.7,7.53,15.7,55.2,7.38
2026-09-11T13:27:54Z,,0,,,,,,
2026-09-11T14:27:54Z,,0,,,,,,
2026-09-11T14:52:24Z,1335,,22.3,40.1,7.92,15.8,61.4,8.26
2026-09-11T15:27:54Z,,0,,,,,,
2026-09-11T16:27:53Z,,0,,,,,,
2026-09-11T16:52:18Z,915,,16.2,51.2,7.06,13.4,68.8,7.99
2026-09-11T17:27:54Z,,0,,,,,,
2026-09-11T18:27:54Z,,0,,,,,,
2026-09-11T18:52:23Z,1035,,10.9,68.8,6.84,10,80.1,7.52
2026-09-11T19:27:53Z,,0,,,,,,
2026-09-11T20:27:53Z,,0,,,,,,
2026-09-11T20:52:52Z,1350,,9.2,76.7,6.85,8.1,85.1,7.08
2026-09-11T21:27:53Z,,0,,,,,,
2026-09-11T22:27:53Z,,0,,,,,,
2026-09-11T22:52:54Z,1530,,7.7,80.9,6.56,6.2,89.7,6.6
2026-09-11T23:27:54Z,,0,,,,,,
2026-09-12T00:27:54Z,,0,,,,,,
2026-09-12T00:52:48Z,1395,,5.9,82.2,5.93,4.4,92.8,6.06
2026-09-12T01:27:53Z,,0,,,,,,
2026-09-12T02:27:54Z,,0,,,,,,
2026-09-12T02:52:04Z,1260,,4.6,84.1,5.57,3.3,94.7,5.75
2026-09-12T03:27:53Z,,0,,,,,,
2026-09-12T04:27:54Z,,0,,,,,,
2026-09-12T04:51:31Z,1290,,4.6,89.6,5.93,4.4,94.9,6.2
2026-09-12T05:27:53Z,,2e-05,,,,,,
2026-09-12T06:27:54Z,,4e-05,,,,,,
2026-09-12T06:51:48Z,2820,,15.7,92.9,12.42,15.3,76.9,10.04
2026-09-12T07:27:54Z,,0.00017,,,,,,
2026-09-12T08:27:54Z,,0.00031,,,,,,
2026-09-12T08:52:29Z,1725,,21,55.6,10.18,17,68.2,9.86
2026-09-12T09:27:54Z,,0,,,,,,
2026-09-12T10:27:53Z,,0,,,,,,
2026-09-12T10:53:10Z,1800,,24.3,44.3,9.8,17.1,64.5,9.39
2026-09-12T11:27:54Z,,0,,,,,,
2026-09-12T12:27:53Z,,0,,,,,,
2026-09-12T12:54:02Z,1275,,21.9,52.6,10.15,16.6,76.3,10.77
2026-09-12T13:27:54Z,,0,,,,,,
2026-09-12T14:27:54Z,,0,,,,,,
2026-09-12T14:53:13Z,960,,19.8,57.4,9.8,15.3,84.3,11.0
2026-09-12T15:27:53Z,,0,,,,,,
2026-09-12T16:27:53Z,,0,,,,,,
2026-09-12T16:52:34Z,1140,,16.2,75.1,10.35,14.1,91.8,11.14
2026-09-12T17:27:54Z,,0,,,,,,
2026-09-12T18:27:54Z,,0,,,,,,
2026-09-12T18:52:48Z,1335,,14.9,82.7,10.54,13.5,94,10.99
2026-09-12T19:27:53Z,,0,,,,,,
2026-09-12T20:27:53Z,,0,,,,,,
2026-09-12T20:52:41Z,1545,,14.5,86.7,10.78,13.1,94.9,10.82
2026-09-12T21:27:54Z,,3e-05,,,,,,
2026-09-12T22:27:53Z,,7e-05,,,,,,
2026-09-12T22:52:26Z,1650,,14.3,89.2,10.95,12.9,95.9,10.8
2026-09-12T23:27:53Z,,0.00014,,,,,,
2026-09-13T00:27:53Z,,0.00021,,,,,,
2026-09-13T00:52:02Z,1710,,14.3,91.2,11.2,12.9,97.2,10.95
2026-09-13T01:27:54Z,,0.0003,,,,,,
2026-09-13T02:27:54Z,,0.0004,,,,,,
2026-09-13T02:51:28Z,1710,,14.2,93.1,11.36,12.9,98.1,11.05
2026-09-13T03:27:53Z,,0.00053,,,,,,
2026-09-13T04:27:54Z,,0.00066,,,,,,
2026-09-13T04:51:25Z,1770,,14.9,94.4,12.03,13.6,98.7,11.61
2026-09-13T05:27:54Z,,0.00082,,,,,,
2026-09-13T06:27:54Z,,0.00098,,,,,,
2026-09-13T06:51:32Z,1875,,15.9,94.4,12.78,14.3,98.5,12.1
2026-09-13T07:27:54Z,,0.00115,,,,,,
2026-09-13T08:27:54Z,,0.00132,,,,,,
2026-09-13T08:50:43Z,1875,,18.2,80.5,12.51,15.4,90.3,11.86
2026-09-13T09:27:54Z,,0.00098,,,,,,
2026-09-13T10:27:54Z,,0.00065,,,,,,
2026-09-13T10:49:55Z,1920,,21.4,62.3,11.68,15.9,80.5,10.9
2026-09-13T11:27:54Z,,0.00032,,,,,,
2026-09-13T12:27:53Z,,0,,,,,,
2026-09-13T12:50:34Z,1335,,18.3,71.1,11.11,15.4,88.4,11.61
2026-09-13T13:27:54Z,,0,,,,,,
2026-09-13T14:27:54Z,,0,,,,,,
2026-09-13T14:50:37Z,1500,,17.4,75.8,11.23,15.2,87.7,11.38
2026-09-13T15:27:54Z,,0,,,,,,
2026-09-13T16:27:54Z,,0,,,,,,
2026-09-13T16:50:15Z,1500,,16.1,79.5,10.89,14.2,91.1,11.12
2026-09-13T17:27:53Z,,0,,,,,,
2026-09-13T18:27:54Z,,0,,,,,,
2026-09-13T18:50:28Z,1455,,12.4,87.4,9.55,11.5,94.9,9.8
2026-09-13T19:27:54Z,,4e-05,,,,,,
2026-09-13T20:27:54Z,,8e-05,,,,,,
2026-09-13T20:49:59Z,1635,,11.4,91.6,9.4,10.2,97.7,9.29
2026-09-13T21:27:53Z,,0.00017,,,,,,
2026-09-13T22:27:54Z,,0.00026,,,,,,
2026-09-13T22:50:23Z,1635,,10.4,89.7,8.64,9,97.5,8.59
2026-09-13T23:27:54Z,,0.00032,,,,,,
2026-09-14T00:27:54Z,,0.00038,,,,,,
2026-09-14T00:49:43Z,1605,,9,90.2,7.95,7.5,98.1,7.85
2026-09-14T01:27:54Z,,0.00044,,,,,,
2026-09-14T02:27:54Z,,0.0005,,,,,,
2026-09-14T02:49:18Z,1560,,8,89.6,7.41,6.4,98.7,7.35
2026-09-14T03:27:53Z,,0.00054,,,,,,
2026-09-14T04:27:54Z,,0.00059,,,,,,
2026-09-14T04:49:44Z,1575,,7.5,92,7.36,6.5,98.4,7.38
2026-09-14T05:27:54Z,,0.00066,,,,,,
2026-09-14T06:27:54Z,,0.00073,,,,,,
2026-09-14T06:49:53Z,2310,,14.3,89.5,10.99,12.9,84.5,9.52
2026-09-14T07:27:53Z,,0.00081,,,,,,
2026-09-14T08:27:54Z,,0.00088,,,,,,
2026-09-14T08:50:38Z,1695,,22,52.6,10.21,19.6,59,9.96
2026-09-14T09:27:54Z,,0.00055,,,,,,
2026-09-14T10:27:54Z,,0.00021,,,,,,
2026-09-14T10:50:05Z,1695,,23.4,38.2,8.03,15.1,60.7,7.83
2026-09-14T11:27:54Z,,0,,,,,,
2026-09-14T12:27:57Z,,0,,,,,,
2026-09-14T12:50:02Z,1740,,24.1,35.1,7.68,14.9,58.1,7.4
2026-09-14T13:27:54Z,,0,,,,,,
2026-09-14T14:27:54Z,,0,,,,,,
2026-09-14T14:49:45Z,1185,,22.9,35.4,7.23,14.9,60.9,7.76
2026-09-14T15:27:54Z,,0,,,,,,
2026-09-14T16:27:54Z,,0,,,,,,
2026-09-14T16:50:22Z,885,,15.5,53,7.0,12.2,74.1,7.99
2026-09-14T17:27:54Z,,0,,,,,,
2026-09-14T18:27:53Z,,0,,,,,,
2026-09-14T18:50:39Z,705,,8.4,70.7,6.0,8.2,85,7.12
2026-09-14T19:27:54Z,,0,,,,,,
2026-09-14T20:27:54Z,,0,,,,,,
2026-09-14T20:51:27Z,735,,5.5,77.4,5.44,5.9,88.8,6.4
2026-09-14T21:27:53Z,,0,,,,,,
2026-09-14T22:27:54Z,,0,,,,,,
2026-09-14T22:51:03Z,855,,4.2,81.9,5.28,4.3,92,5.97
2026-09-14T23:27:54Z,,0,,,,,,
2026-09-15T00:27:54Z,,0,,,,,,
2026-09-15T00:50:44Z,900,,3.2,85.1,5.13,3.2,93.8,5.65
2026-09-15T01:27:54Z,,0,,,,,,
2026-09-15T02:27:54Z,,0,,,,,,
2026-09-15T02:50:08Z,990,,2.9,86.9,5.13,2.5,95.4,5.49
2026-09-15T03:27:54Z,,0,,,,,,
2026-09-15T04:27:53Z,,0,,,,,,
2026-09-15T04:50:53Z,1500,,4.6,90.9,6.02,3.5,96.5,5.94
2026-09-15T05:27:54Z,,4e-05,,,,,,
2026-09-15T06:27:54Z,,8e-05,,,,,,
2026-09-15T06:51:07Z,2595,,10.3,93.7,8.97,7.4,96.2,7.65
2026-09-15T07:27:54Z,,0.00019,,,,,,
2026-09-15T08:27:54Z,,0.0003,,,,,,
2026-09-15T08:50:29Z,2100,,20.3,59.7,10.5,15.9,70.1,9.49
2026-09-15T09:27:54Z,,0,,,,,,
2026-09-15T10:27:54Z,,0,,,,,,
2026-09-15T10:50:17Z,1800,,24.6,41,9.23,16.7,62.4,8.86
2026-09-15T11:27:55Z,,0,,,,,,
2026-09-15T12:27:54Z,,0,,,,,,
2026-09-15T12:51:01Z,1845,,25.5,38.4,9.09,15.4,65.6,8.62
2026-09-15T13:27:54Z,,0,,,,,,
2026-09-15T14:27:55Z,,0,,,,,,
2026-09-15T14:50:47Z,1320,,22.5,39.1,7.81,14,68.1,8.21
2026-09-15T15:27:53Z,,0,,,,,,
2026-09-15T16:27:53Z,,0,,,,,,
2026-09-15T16:51:00Z,885,,14.5,59.1,7.35,12.1,78.3,8.39
2026-09-15T17:27:54Z,,0,,,,,,
2026-09-15T18:27:54Z,,0,,,,,,
2026-09-15T18:51:40Z,1065,,12,71.5,7.62,10.9,83.9,8.34
2026-09-15T19:27:54Z,,0,,,,,,
2026-09-15T20:27:54Z,,0,,,,,,
2026-09-15T20:52:01Z,1230,,11.7,78,8.16,10.9,87.2,8.67
2026-09-15T21:27:54Z,,0,,,,,,
2026-09-15T22:27:53Z,,0,,,,,,
2026-09-15T22:51:53Z,1410,,11.7,81.9,8.56,11,87.8,8.79
2026-09-15T23:27:53Z,,0,,,,,,
2026-09-16T00:27:54Z,,0,,,,,,
2026-09-16T00:51:32Z,1425,,13.1,84.1,9.59,12.4,90.2,9.85
2026-09-16T01:27:53Z,,0,,,,,,
2026-09-16T02:27:54Z,,0,,,,,,
2026-09-16T02:51:02Z,1425,,13.6,85.8,10.09,12.8,92.2,10.32
2026-09-16T03:27:53Z,,2e-05,,,,,,
2026-09-16T04:27:54Z,,4e-05,,,,,,
2026-09-16T04:50:12Z,1455,,13.9,86.9,10.41,12.9,94,10.59
2026-09-16T05:27:53Z,,7e-05,,,,,,
2026-09-16T06:27:55Z,,0.00011,,,,,,
2026-09-16T06:50:51Z,1755,,15.9,83.1,11.25,13.9,91.7,10.99
2026-09-16T07:27:55Z,,0,,,,,,
2026-09-16T08:27:53Z,,0,,,,,,
2026-09-16T08:50:38Z,1470,,16.4,78.3,10.92,13.9,92.9,11.13
2026-09-16T09:27:54Z,,0,,,,,,
2026-09-16T10:27:54Z,,0,,,,,,
2026-09-16T10:50:03Z,1530,,15.7,85.7,11.46,13.6,98.4,11.58
2026-09-16T11:27:54Z,,2e-05,,,,,,
2026-09-16T12:27:54Z,,4e-05,,,,,,
2026-09-16T12:50:57Z,1590,,17.2,79.6,11.65,14.7,92.3,11.62
2026-09-16T13:27:54Z,,0,,,,,,
2026-09-16T14:27:54Z,,0,,,,,,
2026-09-16T14:50:12Z,1560,,16.1,85.3,11.69,14.7,93.9,11.82
2026-09-16T15:27:54Z,,1e-05,,,,,,
2026-09-16T16:27:54Z,,2e-05,,,,,,
2026-09-16T16:49:44Z,1530,,15.3,88.7,11.58,13.9,97.6,11.7
2026-09-16T17:27:54Z,,8e-05,,,,,,
2026-09-16T18:27:54Z,,0.00015,,,,,,
2026-09-16T18:49:00Z,1620,,15.4,92.3,12.12,14,100,12.06
2026-09-16T19:27:54Z,,0.00027,,,,,,
2026-09-16T20:27:54Z,,0.00039,,,,,,
2026-09-16T20:49:12Z,1590,,14.2,88.3,10.78,12.6,97.6,10.79
2026-09-16T21:27:53Z,,0.00044,,,,,,
2026-09-16T22:27:54Z,,0.0005,,,,,,
2026-09-16T22:49:48Z,1515,,12.9,91.2,10.27,11.8,99.5,10.47
2026-09-16T23:27:54Z,,0.00059,,,,,,
2026-09-17T00:27:54Z,,0.00068,,,,,,
2026-09-17T00:49:56Z,1650,,13.1,94.4,10.77,12,100,10.65
2026-09-17T01:27:54Z,,0.00083,,,,,,
2026-09-17T02:27:53Z,,0.00097,,,,,,
2026-09-17T02:49:35Z,1785,,13.8,95.5,11.37,12.5,100,10.99
2026-09-17T03:27:53Z,,0.00115,,,,,,
2026-09-17T04:27:54Z,,0.00133,,,,,,
2026-09-17T04:49:19Z,1620,,13.8,94.4,11.24,12.8,100,11.2
2026-09-17T05:27:54Z,,0.00149,,,,,,
2026-09-17T06:27:54Z,,0.00164,,,,,,
2026-09-17T06:49:47Z,2190,,16,94.8,12.91,14.4,93.1,11.5
2026-09-17T07:27:53Z,,0.00182,,,,,,
2026-09-17T08:27:54Z,,0.002,,,,,,
2026-09-17T08:50:32Z,2130,,21.7,65.7,12.53,16.5,80.7,11.33
2026-09-17T09:27:54Z,,0.00167,,,,,,
2026-09-17T10:27:54Z,,0.00134,,,,,,
2026-09-17T10:50:32Z,1410,,18.7,68.4,10.95,15.5,85.8,11.34
2026-09-17T11:27:53Z,,0.001,,,,,,
2026-09-17T12:27:54Z,,0.00067,,,,,,
2026-09-17T12:50:49Z,2040,,20.6,65.2,11.67,15.1,83.3,10.74
2026-09-17T13:27:54Z,,0.00034,,,,,,
2026-09-17T14:27:54Z,,0.00034,,,,,,
2026-09-17T14:50:53Z,1545,,22.9,51.5,10.53,15.2,82.4,10.69
2026-09-17T15:27:54Z,,0.00034,,,,,,
2026-09-17T16:27:54Z,,0.00034,,,,,,
2026-09-17T16:50:18Z,1110,,15.7,68.1,9.11,13.2,86.4,9.92
2026-09-17T17:27:53Z,,0.00034,,,,,,
2026-09-17T18:27:54Z,,0.00034,,,,,,
2026-09-17T18:50:25Z,1230,,12.3,81.8,8.88,11.3,92.9,9.47
2026-09-17T19:27:54Z,,0.00034,,,,,,
2026-09-17T20:27:54Z,,0.00034,,,,,,
2026-09-17T20:50:57Z,1425,,11.3,88.5,9.02,10.3,96.3,9.22
2026-09-17T21:27:54Z,,0.00039,,,,,,
2026-09-17T22:27:53Z,,0.00044,,,,,,
2026-09-17T22:51:31Z,1740,,12,91.7,9.77,10.5,98,9.5
2026-09-17T23:27:54Z,,0.00053,,,,,,
2026-09-18T00:27:54Z,,0.00062,,,,,,
2026-09-18T00:51:54Z,1740,,12.9,92.7,10.44,11.4,98.9,10.15
2026-09-18T01:27:54Z,,0.00073,,,,,,
2026-09-18T02:27:54Z,,0.00085,,,,,,
2026-09-18T02:51:52Z,1650,,12.7,92.3,10.27,11.5,98.2,10.14
2026-09-18T03:27:54Z,,0.00095,,,,,,
2026-09-18T04:27:54Z,,0.00106,,,,,,
2026-09-18T04:51:24Z,1650,,11.4,91,9.34,10.6,95.1,9.28
2026-09-18T05:27:54Z,,0.00114,,,,,,
2026-09-18T06:27:53Z,,0.00122,,,,,,
2026-09-18T06:50:54Z,2010,,13.9,90.9,10.89,12.3,92,9.99
2026-09-18T07:27:54Z,,0.00131,,,,,,
2026-09-18T08:27:54Z,,0.0014,,,,,,
2026-09-18T08:51:51Z,1710,,15.3,87.6,11.43,13.4,95.6,11.11
2026-09-18T09:27:54Z,,0.00145,,,,,,
2026-09-18T10:27:54Z,,0.0015,,,,,,
2026-09-18T10:50:42Z,1590,,15.2,89,11.55,13.5,97.9,11.45
2026-09-18T11:27:54Z,,0.00156,,,,,,
2026-09-18T12:27:54Z,,0.00163,,,,,,
2026-09-18T12:50:58Z,1905,,16.6,90.1,12.72,14.8,94,11.9
2026-09-18T13:27:54Z,,0.00172,,,,,,
2026-09-18T14:27:54Z,,0.00181,,,,,,
2026-09-18T14:51:18Z,1680,,18.7,71,11.36,14.8,87.6,11.09
2026-09-18T15:27:53Z,,0.00148,,,,,,
2026-09-18T16:27:54Z,,0.00114,,,,,,
2026-09-18T16:51:30Z,1530,,15.7,82.2,10.99,13.5,95.2,11.13
2026-09-18T17:27:53Z,,0.00081,,,,,,
2026-09-18T18:27:54Z,,0.00048,,,,,,
2026-09-18T18:51:52Z,1455,,13,89.1,10.1,11.8,98.4,10.35
2026-09-18T19:27:53Z,,0.00054,,,,,,
2026-09-18T20:27:53Z,,0.0006,,,,,,
2026-09-18T20:52:26Z,1425,,12.1,91,9.75,11.3,98.3,10.02
2026-09-18T21:27:54Z,,0.00068,,,,,,
2026-09-18T22:27:54Z,,0.00077,,,,,,
2026-09-18T22:52:57Z,1425,,11.5,94.4,9.75,11,100,10.01
2026-09-18T23:27:54Z,,0.0009,,,,,,
2026-09-19T00:27:55Z,,0.00104,,,,,,
2026-09-19T00:52:23Z,1830,,13,94,10.66,11.6,97.9,10.17
2026-09-19T01:27:54Z,,0.00118,,,,,,
2026-09-19T02:27:54Z,,0.00132,,,,,,
2026-09-19T02:52:13Z,1650,,11.8,93.5,9.84,10.4,100,9.63
2026-09-19T03:27:55Z,,0.00144,,,,,,
2026-09-19T04:27:54Z,,0.00156,,,,,,
2026-09-19T04:51:34Z,1605,,11.6,96.2,10.0,10.8,100,9.88
2026-09-19T05:27:54Z,,0.00173,,,,,,
2026-09-19T06:27:53Z,,0.00191,,,,,,
2026-09-19T06:51:36Z,2160,,15,93.7,12.01,12.8,95.6,10.7
2026-09-19T07:27:54Z,,0.00206,,,,,,
2026-09-19T08:27:54Z,,0.0022,,,,,,
2026-09-19T08:51:28Z,2070,,19.1,66.3,10.87,14.6,79.6,9.96
2026-09-19T09:27:54Z,,0.00187,,,,,,
2026-09-19T10:27:54Z,,0.00154,,,,,,
2026-09-19T10:51:15Z,1695,,20.5,58.4,10.39,15.3,78.1,10.19
2026-09-19T11:27:54Z,,0.0012,,,,,,
2026-09-19T12:27:54Z,,0.00087,,,,,,
2026-09-19T12:51:28Z,1560,,18.3,69.6,10.88,14.9,85.7,10.92
2026-09-19T13:27:54Z,,0.00054,,,,,,
2026-09-19T14:27:54Z,,0.00054,,,,,,
2026-09-19T14:51:57Z,1365,,16.8,74.6,10.66,14.3,90.1,11.07
2026-09-19T15:27:54Z,,0.00054,,,,,,
2026-09-19T16:27:54Z,,0.00054,,,,,,
2026-09-19T16:52:41Z,1425,,15.2,82.8,10.74,14,91.7,11.06
2026-09-19T17:27:54Z,,0.00054,,,,,,
2026-09-19T18:27:54Z,,0.00054,,,,,,
2026-09-19T18:51:56Z,1470,,15,85.8,11.0,14.1,92.2,11.19
2026-09-19T19:27:54Z,,0.00056,,,,,,
2026-09-19T20:27:54Z,,0.00058,,,,,,
2026-09-19T20:52:19Z,1530,,15.1,88.9,11.46,14.2,94.4,11.52
2026-09-19T21:27:53Z,,0.00064,,,,,,
2026-09-19T22:27:54Z,,0.00071,,,,,,
2026-09-19T22:52:41Z,1560,,15.3,91.1,11.89,14.1,97.8,11.86
2026-09-19T23:27:54Z,,0.00081,,,,,,
2026-09-20T00:27:54Z,,0.00091,,,,,,
2026-09-20T00:51:49Z,1560,,15.5,92.1,12.17,14.3,99,12.16
2026-09-20T01:27:53Z,,0.00102,,,,,,
2026-09-20T02:27:54Z,,0.00114,,,,,,
2026-09-20T02:52:38Z,1620,,14.6,87.6,10.96,13.6,92.2,10.85
2026-09-20T03:27:54Z,,0.00119,,,,,,
2026-09-20T04:27:54Z,,0.00124,,,,,,
2026-09-20T04:53:05Z,1590,,13,87.4,9.91,12,92.3,9.83
2026-09-20T05:27:54Z,,0.00128,,,,,,
2026-09-20T06:27:54Z,,0.00132,,,,,,
2026-09-20T06:52:31Z,1935,,14.4,87.6,10.82,13.1,88.4,10.08
2026-09-20T07:27:54Z,,0.00137,,,,,,
2026-09-20T08:27:54Z,,0.00142,,,,,,
2026-09-20T08:52:11Z,2145,,20.6,59.4,10.63,16.6,67.5,9.53
2026-09-20T09:27:54Z,,0.00108,,,,,,
2026-09-20T10:27:54Z,,0.00075,,,,,,
2026-09-20T10:52:13Z,2025,,21.8,50.4,9.67,16.2,64.7,8.92
2026-09-20T11:27:54Z,,0.00042,,,,,,
2026-09-20T12:27:54Z,,8e-05,,,,,,
2026-09-20T12:52:05Z,1875,,22,48.7,9.45,15.4,67.4,8.85
2026-09-20T13:27:54Z,,0,,,,,,
2026-09-20T14:27:54Z,,0,,,,,,
2026-09-20T14:52:04Z,1200,,18.6,50.4,8.02,13.9,72.3,8.66
2026-09-20T15:27:54Z,,0,,,,,,
2026-09-20T16:27:54Z,,0,,,,,,
2026-09-20T16:51:50Z,1080,,14.5,63,7.83,12.3,79.1,8.59
2026-09-20T17:27:54Z,,0,,,,,,
2026-09-20T18:27:54Z,,0,,,,,,
2026-09-20T18:51:10Z,1200,,11.8,77,8.1,11,86.9,8.7
2026-09-20T19:27:54Z,,0,,,,,,
2026-09-20T20:27:53Z,,0,,,,,,
2026-09-20T20:51:31Z,1170,,9.5,84.9,7.73,9.5,91.7,8.34
2026-09-20T21:27:54Z,,0,,,,,,
2026-09-20T22:27:53Z,,0,,,,,,
2026-09-20T22:51:28Z,1365,,10,87.6,8.23,9.4,94.5,8.54
2026-09-20T23:27:54Z,,4e-05,,,,,,
2026-09-21T00:27:54Z,,7e-05,,,,,,
2026-09-21T00:51:45Z,1230,,8.9,87.3,7.65,8.4,95.7,8.12
2026-09-21T01:27:54Z,,0.00011,,,,,,
2026-09-21T02:27:54Z,,0.00014,,,,,,
2026-09-21T02:51:03Z,1215,,7.8,89,7.26,7.5,97.1,7.77
2026-09-21T03:27:54Z,,0.00018,,,,,,
2026-09-21T04:27:54Z,,0.00022,,,,,,
2026-09-21T04:51:23Z,1545,,8.6,91.8,7.89,7.6,98.1,7.9
2026-09-21T05:27:54Z,,0.0003,,,,,,
2026-09-21T06:27:54Z,,0.00037,,,,,,
2026-09-21T06:50:58Z,2310,,13,96,10.88,10.6,96.8,9.44
2026-09-21T07:27:55Z,,0.00056,,,,,,
2026-09-21T08:27:54Z,,0.00075,,,,,,
2026-09-21T09:27:53Z,,0.00093,,,,,,
2026-09-21T10:27:54Z,,0.00112,,,,,,
2026-09-21T10:50:31Z,1785,,20.8,54.6,9.88,15.3,72.7,9.49
2026-09-21T11:27:54Z,,0.00079,,,,,,
2026-09-21T12:27:54Z,,0.00045,,,,,,
2026-09-21T12:50:42Z,1875,,21.4,54.7,10.25,14.8,75.9,9.61
2026-09-21T13:27:54Z,,0.00012,,,,,,
2026-09-21T14:27:54Z,,0,,,,,,
2026-09-21T14:50:55Z,2235,,16.8,80.2,11.46,13.7,86,10.18
2026-09-21T15:27:53Z,,0,,,,,,
2026-09-21T16:27:53Z,,0,,,,,,
2026-09-21T16:50:23Z,1320,,12.8,78.5,8.79,11.2,90.7,9.19
2026-09-21T17:27:54Z,,0,,,,,,
2026-09-21T18:27:54Z,,0,,,,,,
2026-09-21T18:50:37Z,1140,,8.6,84.3,7.24,8.2,93.8,7.85
2026-09-21T19:27:54Z,,0,,,,,,
2026-09-21T20:27:54Z,,0,,,,,,
2026-09-21T20:50:58Z,1350,,8.8,90.8,7.9,8.3,97.1,8.18
2026-09-21T21:27:53Z,,6e-05,,,,,,
2026-09-21T22:27:54Z,,0.00013,,,,,,
2026-09-21T22:51:28Z,1515,,8.5,91.5,7.81,7.7,98.3,7.97
2026-09-21T23:27:54Z,,0.0002,,,,,,
2026-09-22T00:27:54Z,,0.00027,,,,,,
2026-09-22T00:51:28Z,1575,,8.7,92.3,7.98,7.6,99.3,8.0
2026-09-22T01:27:53Z,,0.00035,,,,,,
2026-09-22T02:27:54Z,,0.00043,,,,,,
2026-09-22T02:50:40Z,1545,,7.7,91.7,7.43,6.5,99.7,7.48
2026-09-22T03:27:54Z,,0.0005,,,,,,
2026-09-22T04:27:54Z,,0.00057,,,,,,
2026-09-22T04:50:48Z,1605,,7.7,92.9,7.53,6.5,99.6,7.47
2026-09-22T05:27:54Z,,0.00065,,,,,,
2026-09-22T06:27:55Z,,0.00074,,,,,,
2026-09-22T06:50:06Z,2625,,12.6,93.6,10.35,10.4,91.4,8.81
2026-09-22T07:27:54Z,,0.00086,,,,,,
2026-09-22T08:27:54Z,,0.00099,,,,,,
2026-09-22T08:50:48Z,2025,,18.5,61.6,9.74,15.3,68.9,8.99
2026-09-22T09:27:54Z,,0.00066,,,,,,
2026-09-22T10:27:54Z,,0.00032,,,,,,
2026-09-22T10:50:21Z,1815,,19.2,50.1,8.26,13,69.5,7.88
2026-09-22T11:27:54Z,,0,,,,,,
2026-09-22T12:27:54Z,,0,,,,,,
2026-09-22T12:49:43Z,1995,,21.6,42.9,8.14,13.2,65.2,7.48
2026-09-22T13:27:54Z,,0,,,,,,
2026-09-22T14:27:54Z,,0,,,,,,
2026-09-22T14:49:53Z,1185,,20.5,38.6,6.87,12.9,65.8,7.41
2026-09-22T15:27:54Z,,0,,,,,,
2026-09-22T16:27:54Z,,0,,,,,,
2026-09-22T16:50:28Z,750,,12.7,53.9,6.0,10.6,72.6,7.08
2026-09-22T17:27:53Z,,0,,,,,,
2026-09-22T18:27:54Z,,0,,,,,,
2026-09-22T18:50:00Z,795,,8.1,69.6,5.79,7.8,82.1,6.7
2026-09-22T19:27:53Z,,0,,,,,,
2026-09-22T20:27:53Z,,0,,,,,,
2026-09-22T20:49:26Z,990,,6.3,78.4,5.8,6.2,87.3,6.42
2026-09-22T21:27:54Z,,0,,,,,,
2026-09-22T22:27:54Z,,0,,,,,,
2026-09-22T22:48:52Z,1440,,6.5,84.3,6.32,6,89.1,6.47
2026-09-22T23:27:54Z,,0,,,,,,
2026-09-23T00:27:54Z,,0,,,,,,
2026-09-23T00:48:43Z,1605,,6.8,85.7,6.55,5.8,91,6.52
2026-09-23T01:27:53Z,,1e-05,,,,,,
2026-09-23T02:27:54Z,,1e-05,,,,,,
2026-09-23T02:48:21Z,1605,,7.3,85.8,6.78,6.3,90.7,6.71
2026-09-23T03:27:54Z,,3e-05,,,,,,
2026-09-23T04:27:54Z,,4e-05,,,,,,
2026-09-23T04:48:39Z,1725,,7.4,88.3,7.02,6,93.6,6.79
2026-09-23T05:27:54Z,,7e-05,,,,,,
2026-09-23T06:27:54Z,,0.00011,,,,,,
2026-09-23T06:49:27Z,1980,,9.5,88.3,8.04,8.1,89.8,7.47
2026-09-23T07:27:54Z,,0.00015,,,,,,
2026-09-23T08:27:54Z,,0.0002,,,,,,
2026-09-23T08:49:32Z,1890,,11.4,81.5,8.36,9.5,85.7,7.8
2026-09-23T09:27:54Z,,0,,,,,,
2026-09-23T10:27:55Z,,0,,,,,,
2026-09-23T10:49:22Z,1860,,12.4,83.7,9.14,9.6,94.1,8.62
2026-09-23T11:27:54Z,,0,,,,,,
2026-09-23T12:27:54Z,,0,,,,,,
2026-09-23T12:50:05Z,1800,,12.7,84.9,9.45,10,96.2,9.04
2026-09-23T13:27:55Z,,0,,,,,,
2026-09-23T14:27:54Z,,0,,,,,,
2026-09-23T14:50:12Z,1770,,12.6,86.4,9.55,10.1,97.3,9.2
2026-09-23T15:27:54Z,,3e-05,,,,,,
2026-09-23T16:27:53Z,,5e-05,,,,,,
2026-09-23T16:50:58Z,1725,,12.2,88.8,9.58,10,98.2,9.22
2026-09-23T17:27:54Z,,0.00011,,,,,,
2026-09-23T18:27:54Z,,0.00017,,,,,,
2026-09-23T18:51:24Z,1725,,12.2,91.1,9.83,10.1,99.4,9.4
2026-09-23T19:27:54Z,,0.00025,,,,,,
2026-09-23T20:27:54Z,,0.00034,,,,,,
2026-09-23T20:51:45Z,1740,,12.2,91.8,9.9,10.3,99.8,9.55
2026-09-23T21:27:54Z,,0.00043,,,,,,
2026-09-23T22:27:54Z,,0.00053,,,,,,
2026-09-23T22:52:07Z,1545,,11.1,90.7,9.13,9.7,99.9,9.21
2026-09-23T23:27:54Z,,0.0006,,,,,,
2026-09-24T00:27:54Z,,0.00068,,,,,,
2026-09-24T00:51:49Z,1755,,11.3,93.6,9.54,9.7,100,9.22
2026-09-24T01:27:54Z,,0.00079,,,,,,
2026-09-24T02:27:54Z,,0.00091,,,,,,
2026-09-24T02:52:15Z,1800,,11.2,93.6,9.48,9.5,100,9.1
2026-09-24T03:27:54Z,,0.00103,,,,,,
2026-09-24T04:27:54Z,,0.00115,,,,,,
2026-09-24T04:53:03Z,1830,,11.1,94.1,9.48,9.4,100,9.04
2026-09-24T05:27:54Z,,0.00128,,,,,,
2026-09-24T06:27:54Z,,0.0014,,,,,,
2026-09-24T06:53:08Z,2085,,12.9,94.9,10.69,10.5,99.9,9.69
2026-09-24T07:27:54Z,,0.00156,,,,,,
2026-09-24T08:27:54Z,,0.00172,,,,,,
2026-09-24T08:53:50Z,2160,,15.6,86.7,11.53,12.6,93.6,10.35
2026-09-24T09:27:54Z,,0.00176,,,,,,
2026-09-24T10:27:53Z,,0.00179,,,,,,
2026-09-24T10:53:11Z,1725,,19.3,63,10.45,13.8,85.3,10.16
2026-09-24T11:27:54Z,,0.00146,,,,,,
2026-09-24T12:27:54Z,,0.00112,,,,,,
2026-09-24T12:52:29Z,1425,,14.8,76.2,9.65,12.2,92.2,9.95
2026-09-24T13:27:54Z,,0.00079,,,,,,
2026-09-24T14:27:54Z,,0.00046,,,,,,
2026-09-24T14:52:14Z,1545,,12.7,84.5,9.4,10.9,94.8,9.43
2026-09-24T15:27:54Z,,0.00013,,,,,,
2026-09-24T16:27:54Z,,0.00013,,,,,,
2026-09-24T16:51:39Z,1680,,12,85.8,9.14,10.5,91.9,8.91
2026-09-24T17:27:54Z,,0.00014,,,,,,
2026-09-24T18:27:54Z,,0.00016,,,,,,
2026-09-24T18:52:06Z,1740,,11.9,91.9,9.73,10,100,9.39
2026-09-24T19:27:54Z,,0.00025,,,,,,
2026-09-24T20:27:53Z,,0.00035,,,,,,
2026-09-24T20:51:39Z,1845,,12.2,94.2,10.16,10.3,100,9.57
2026-09-24T21:27:53Z,,0.00049,,,,,,
2026-09-24T22:27:54Z,,0.00062,,,,,,
2026-09-24T22:51:12Z,1890,,12.8,95,10.64,11,100,10.01
2026-09-24T23:27:53Z,,0.00078,,,,,,
2026-09-25T00:27:54Z,,0.00094,,,,,,
2026-09-25T00:50:28Z,1905,,13.2,95.7,10.98,11.4,100,10.26
2026-09-25T01:27:54Z,,0.00112,,,,,,
2026-09-25T02:27:54Z,,0.0013,,,,,,
2026-09-25T02:50:56Z,1905,,13.1,94.8,10.81,11.2,100,10.13
2026-09-25T03:27:54Z,,0.00146,,,,,,
2026-09-25T04:27:53Z,,0.00162,,,,,,
2026-09-25T04:51:33Z,1995,,12.9,95.1,10.71,10.9,100,9.94
2026-09-25T05:27:54Z,,0.00178,,,,,,
2026-09-25T06:27:54Z,,0.00194,,,,,,
2026-09-25T06:51:48Z,2130,,13.5,95.2,11.13,11,100,10.01
2026-09-25T07:27:54Z,,0.00211,,,,,,
2026-09-25T08:27:54Z,,0.00228,,,,,,
2026-09-25T08:52:18Z,2025,,13.6,94.2,11.08,11.3,100,10.2
2026-09-25T09:27:54Z,,0.00243,,,,,,
2026-09-25T10:27:54Z,,0.00258,,,,,,
2026-09-25T10:52:29Z,1935,,13.8,92.7,11.04,11.5,100,10.33
2026-09-25T11:27:54Z,,0.00269,,,,,,
2026-09-25T12:27:54Z,,0.00281,,,,,,
2026-09-25T12:52:51Z,1980,,13.8,92.3,10.99,11.3,100,10.2
2026-09-25T13:27:53Z,,0.00292,,,,,,
2026-09-25T14:27:54Z,,0.00304,,,,,,
2026-09-25T14:53:35Z,1800,,13.3,91.4,10.56,11.2,100,10.13
2026-09-25T15:27:53Z,,0.00313,,,,,,
2026-09-25T16:27:54Z,,0.00323,,,,,,
2026-09-25T16:53:05Z,1710,,13,92.5,10.49,11.2,100,10.13
2026-09-25T17:27:54Z,,0.00334,,,,,,
2026-09-25T18:27:54Z,,0.00345,,,,,,
2026-09-25T18:53:42Z,1800,,12.9,93.3,10.51,10.9,100,9.94
2026-09-25T19:27:54Z,,0.00357,,,,,,
2026-09-25T20:27:54Z,,0.00369,,,,,,
2026-09-25T20:53:07Z,1860,,12.7,94.1,10.47,10.7,100,9.82
2026-09-25T21:27:53Z,,0.00383,,,,,,
2026-09-25T22:27:54Z,,0.00397,,,,,,
2026-09-25T22:53:43Z,1860,,12.7,94.3,10.49,10.8,100,9.88
2026-09-25T23:27:54Z,,0.00411,,,,,,
2026-09-26T00:27:54Z,,0.00426,,,,,,
2026-09-26T01:27:54Z,,0.0044,,,,,,
2026-09-26T02:27:54Z,,0.00454,,,,,,
2026-09-26T02:53:52Z,1860,,13.1,95.8,10.93,11.5,100,10.33
2026-09-26T03:27:53Z,,0.00473,,,,,,
2026-09-26T04:27:54Z,,0.00491,,,,,,
2026-09-26T04:53:51Z,1920,,13.4,96.4,11.2,11.7,100,10.46
2026-09-26T05:27:54Z,,0.00511,,,,,,
2026-09-26T06:27:54Z,,0.00531,,,,,,
2026-09-26T06:54:20Z,2010,,14.4,95.9,11.85,12.3,100,10.85
2026-09-26T07:27:54Z,,0.00551,,,,,,
2026-09-26T08:27:54Z,,0.0057,,,,,,
2026-09-26T08:54:59Z,1995,,15.5,91.5,12.09,12.8,100,11.2
2026-09-26T09:27:54Z,,0.00581,,,,,,
2026-09-26T10:27:55Z,,0.00592,,,,,,
2026-09-26T10:54:13Z,1680,,15.9,85,11.51,13,98.5,11.17
2026-09-26T11:27:54Z,,0.00592,,,,,,
2026-09-26T12:27:54Z,,0.00592,,,,,,
2026-09-26T12:54:44Z,1590,,15.3,87.6,11.43,13,100,11.34
2026-09-26T13:27:54Z,,0.00597,,,,,,
2026-09-26T14:27:54Z,,0.00602,,,,,,
2026-09-26T14:53:57Z,1650,,14.5,90.8,11.29,12.7,100,11.13
2026-09-26T15:27:54Z,,0.00611,,,,,,
2026-09-26T16:27:54Z,,0.0062,,,,,,
2026-09-26T16:53:18Z,1740,,14.3,94.4,11.59,12.7,100,11.13
2026-09-26T17:27:54Z,,0.00635,,,,,,
2026-09-26T18:27:53Z,,0.00651,,,,,,
2026-09-26T18:53:15Z,1755,,14.1,93.8,11.38,12.4,100,10.92
2026-09-26T19:27:54Z,,0.00665,,,,,,
2026-09-26T20:27:54Z,,0.0068,,,,,,
2026-09-26T20:53:21Z,1800,,13.8,94,11.2,12,100,10.65
2026-09-26T21:27:54Z,,0.00694,,,,,,
2026-09-26T22:27:54Z,,0.00709,,,,,,
2026-09-26T22:53:26Z,1800,,13,92.6,10.5,11,100,10.01
2026-09-26T23:27:53Z,,0.0072,,,,,,
2026-09-27T00:27:54Z,,0.00731,,,,,,
2026-09-27T00:53:50Z,1740,,11.7,91.3,9.55,9.8,100,9.27
2026-09-27T01:27:54Z,,0.0074,,,,,,
2026-09-27T02:27:54Z,,0.00748,,,,,,
2026-09-27T02:53:47Z,1665,,9.3,90.6,8.14,7.4,100,7.95
2026-09-27T03:27:54Z,,0.00755,,,,,,
2026-09-27T04:27:54Z,,0.00761,,,,,,
2026-09-27T04:54:12Z,1800,,8.5,93,7.94,6.5,100,7.5
2026-09-27T05:27:53Z,,0.0077,,,,,,
2026-09-27T06:27:54Z,,0.00779,,,,,,
2026-09-27T06:54:52Z,1725,,12.8,95.2,10.66,11.7,98.5,10.3
2026-09-27T07:27:54Z,,0.00795,,,,,,
2026-09-27T08:27:54Z,,0.00812,,,,,,
2026-09-27T08:54:59Z,1725,,17,72.8,10.53,15.7,76,10.16
2026-09-27T09:27:54Z,,0.00778,,,,,,
2026-09-27T10:27:54Z,,0.00745,,,,,,
2026-09-27T10:55:41Z,1605,,16.7,67.1,9.53,14.2,77.5,9.46
2026-09-27T11:27:54Z,,0.00712,,,,,,
2026-09-27T12:27:54Z,,0.00678,,,,,,
2026-09-27T12:56:06Z,1755,,20.3,52.6,9.25,14,73.6,8.87
2026-09-27T13:27:54Z,,0.00645,,,,,,
2026-09-27T14:27:53Z,,0.00612,,,,,,
2026-09-27T14:55:45Z,915,,19.6,48.6,8.2,13.5,79.4,9.28
2026-09-27T15:27:54Z,,0.00612,,,,,,
2026-09-27T16:27:54Z,,0.00612,,,,,,
2026-09-27T16:56:23Z,510,,11.6,67.9,7.05,10.2,90.9,8.65
2026-09-27T17:27:54Z,,0.00612,,,,,,
2026-09-27T18:27:54Z,,0.00612,,,,,,
2026-09-27T18:57:13Z,630,,7.5,82.4,6.59,8,95.8,7.92
2026-09-27T19:27:54Z,,0.00612,,,,,,
2026-09-27T20:27:54Z,,0.00612,,,,,,
2026-09-27T20:57:04Z,765,,6.3,86.5,6.4,6.4,99.6,7.42
2026-09-27T21:27:54Z,,0.00613,,,,,,
2026-09-27T22:27:53Z,,0.00614,,,,,,
2026-09-27T22:56:58Z,1530,,9,90.3,7.96,7.5,100,8.0
2026-09-27T23:27:53Z,,0.0062,,,,,,
2026-09-28T00:27:54Z,,0.00626,,,,,,
2026-09-28T00:56:10Z,1515,,9.3,88,7.91,7.5,100,8.0
2026-09-28T01:27:53Z,,0.0063,,,,,,
2026-09-28T02:27:54Z,,0.00634,,,,,,
2026-09-28T02:55:54Z,1410,,7.7,88.3,7.16,6.2,100,7.35
2026-09-28T03:27:54Z,,0.00637,,,,,,
2026-09-28T04:27:55Z,,0.00641,,,,,,
2026-09-28T04:56:24Z,1635,,7.5,91.3,7.31,5.8,100,7.16
2026-09-28T05:27:54Z,,0.00647,,,,,,
2026-09-28T06:27:53Z,,0.00653,,,,,,
2026-09-28T06:57:07Z,2070,,13.1,98.5,11.24,11.8,97,10.21
2026-09-28T07:27:54Z,,0.0068,,,,,,
2026-09-28T08:27:54Z,,0.00707,,,,,,
2026-09-28T08:57:53Z,1995,,17.9,75.9,11.58,15.3,82.2,10.73
2026-09-28T09:27:53Z,,0.00674,,,,,,
2026-09-28T10:27:54Z,,0.0064,,,,,,
2026-09-28T10:58:05Z,1935,,19.1,67.4,11.05,14.2,84.5,10.31
2026-09-28T11:27:53Z,,0.00607,,,,,,
2026-09-28T12:27:55Z,,0.00574,,,,,,
2026-09-28T12:58:29Z,1725,,20.3,60.4,10.62,14.1,84.9,10.3
2026-09-28T13:27:55Z,,0.0054,,,,,,
2026-09-28T14:27:53Z,,0.00507,,,,,,
2026-09-28T14:58:35Z,1440,,17.8,62.9,9.54,13.6,83.6,9.83
2026-09-28T15:27:54Z,,0.00507,,,,,,
2026-09-28T16:27:54Z,,0.00507,,,,,,
2026-09-28T16:58:46Z,1005,,12.5,77.4,8.51,11.7,90.9,9.5
2026-09-28T17:27:54Z,,0.00507,,,,,,
2026-09-28T18:27:55Z,,0.00507,,,,,,
2026-09-28T18:58:32Z,675,,9.1,84.9,7.53,9.8,97,9.0
2026-09-28T19:27:54Z,,0.00507,,,,,,
2026-09-28T20:27:54Z,,0.00507,,,,,,
2026-09-28T20:58:45Z,510,,7,88.9,6.89,8.4,99,8.4
2026-09-28T21:27:54Z,,0.00511,,,,,,
2026-09-28T22:27:54Z,,0.00515,,,,,,
2026-09-28T22:58:10Z,885,,8.5,95.4,8.14,9.7,99.3,9.15
2026-09-28T23:27:54Z,,0.00528,,,,,,
2026-09-29T00:27:54Z,,0.00541,,,,,,
2026-09-29T00:57:42Z,1350,,11.1,94.7,9.54,10.9,99.5,9.89
2026-09-29T01:27:54Z,,0.00554,,,,,,
2026-09-29T02:27:55Z,,0.00568,,,,,,
2026-09-29T02:57:29Z,1515,,11.8,93.7,9.86,11.1,98.9,9.96
2026-09-29T03:27:54Z,,0.00581,,,,,,
2026-09-29T04:27:53Z,,0.00593,,,,,,
2026-09-29T04:58:08Z,1620,,12.6,94,10.39,11.7,99,10.35
2026-09-29T05:27:54Z,,0.00607,,,,,,
2026-09-29T06:27:54Z,,0.0062,,,,,,
2026-09-29T06:57:45Z,1830,,13.9,94.8,11.36,12.3,99.5,10.8
2026-09-29T07:27:54Z,,0.00637,,,,,,
2026-09-29T08:27:54Z,,0.00653,,,,,,
2026-09-29T08:57:06Z,1950,,16,91.4,12.45,14,95.8,11.55
2026-09-29T09:27:55Z,,0.00664,,,,,,
2026-09-29T10:27:54Z,,0.00674,,,,,,
2026-09-29T10:56:39Z,1680,,17.6,80,11.99,14.6,93.1,11.65
2026-09-29T11:27:54Z,,0.00641,,,,,,
2026-09-29T12:27:54Z,,0.00608,,,,,,
2026-09-29T12:56:12Z,1590,,19.5,71,11.91,15.3,90.9,11.87
2026-09-29T13:27:53Z,,0.00574,,,,,,
2026-09-29T14:27:54Z,,0.00541,,,,,,
2026-09-29T14:56:47Z,1455,,17,79.5,11.5,14.6,94.5,11.82
2026-09-29T15:27:54Z,,0.00508,,,,,,
2026-09-29T16:27:53Z,,0.00474,,,,,,
2026-09-29T16:56:04Z,1380,,15,85.9,11.01,13.6,97,11.41
2026-09-29T17:27:54Z,,0.00476,,,,,,
2026-09-29T18:27:53Z,,0.00479,,,,,,
2026-09-29T18:55:16Z,1440,,13.2,90,10.33,11.9,99.4,10.52
2026-09-29T19:27:53Z,,0.00486,,,,,,
2026-09-29T20:27:54Z,,0.00494,,,,,,
2026-09-29T20:55:57Z,1455,,11.9,92.1,9.75,11,100,10.01
2026-09-29T21:27:54Z,,0.00503,,,,,,
2026-09-29T22:27:54Z,,0.00513,,,,,,
2026-09-29T22:55:04Z,1545,,11.3,94.1,9.59,10.4,100,9.63
2026-09-29T23:27:54Z,,0.00526,,,,,,
2026-09-30T00:27:54Z,,0.00539,,,,,,
2026-09-30T00:54:47Z,1500,,9.7,92.6,8.53,8.7,100,8.65
2026-09-30T01:27:54Z,,0.00548,,,,,,
2026-09-30T02:27:54Z,,0.00557,,,,,,
2026-09-30T02:54:53Z,1470,,8,91.8,7.59,7,100,7.75
2026-09-30T03:27:53Z,,0.00564,,,,,,
2026-09-30T04:27:54Z,,0.00571,,,,,,
2026-09-30T04:54:18Z,1560,,7.5,92.9,7.43,6.3,100,7.4
2026-09-30T05:27:53Z,,0.00579,,,,,,
2026-09-30T06:27:54Z,,0.00588,,,,,,
2026-09-30T06:54:11Z,2115,,12.6,97.9,10.83,11.5,94.5,9.76
2026-09-30T07:27:53Z,,0.00611,,,,,,
2026-09-30T08:27:54Z,,0.00635,,,,,,
2026-09-30T08:54:36Z,1875,,16.4,80.2,11.19,15.4,80,10.51
2026-09-30T09:27:54Z,,0.00602,,,,,,
2026-09-30T10:27:54Z,,0.00569,,,,,,
2026-09-30T10:53:45Z,2040,,17.1,70.7,10.29,14,77.5,9.34
2026-09-30T11:27:54Z,,0.00535,,,,,,
2026-09-30T12:27:54Z,,0.00502,,,,,,
2026-09-30T12:53:31Z,2670,,21.8,52,9.98,14,69.8,8.42
2026-09-30T13:27:54Z,,0.00469,,,,,,
2026-09-30T14:27:54Z,,0.00469,,,,,,
2026-09-30T14:53:17Z,1590,,20.2,50.8,8.88,13.7,74.5,8.82
2026-09-30T15:27:54Z,,0.00469,,,,,,
2026-09-30T16:27:54Z,,0.00469,,,,,,
2026-09-30T16:53:23Z,960,,11.7,71.1,7.43,10.3,87.1,8.34
2026-09-30T17:27:54Z,,0.00469,,,,,,
2026-09-30T18:27:54Z,,0.00469,,,,,,
2026-09-30T18:53:22Z,840,,7.2,80.8,6.34,7.3,93,7.35
2026-09-30T19:27:54Z,,0.00469,,,,,,
2026-09-30T20:27:54Z,,0.00469,,,,,,
2026-09-30T20:53:09Z,615,,4.5,84.2,5.54,5.3,95.8,6.64
2026-09-30T21:27:54Z,,0.00469,,,,,,
2026-09-30T22:27:54Z,,0.00469,,,,,,
2026-09-30T22:53:03Z,495,,2.2,88,4.96,4,98.3,6.25
2026-09-30T23:27:54Z,,0.00469,,,,,,
2026-10-01T00:27:54Z,,0.00469,,,,,,
2026-10-01T01:27:54Z,,0.00469,,,,,,
2026-10-01T02:27:54Z,,0.00469,,,,,,
2026-10-01T02:53:57Z,495,,1.8,91.8,5.04,3.2,100,6.03
2026-10-01T03:27:54Z,,0.00469,,,,,,
2026-10-01T04:27:54Z,,0.00469,,,,,,
2026-10-01T04:53:35Z,615,,2.2,90,5.07,3.1,100,5.99
2026-10-01T05:27:53Z,,0.00469,,,,,,
2026-10-01T06:27:54Z,,0.00469,,,,,,
2026-10-01T06:54:20Z,1905,,7.9,98.5,8.09,6.6,100,7.55
2026-10-01T07:27:54Z,,0.00488,,,,,,
2026-10-01T08:27:54Z,,0.00507,,,,,,
2026-10-01T08:54:45Z,2295,,16.4,88.1,12.29,15.8,79.5,10.7
2026-10-01T09:27:54Z,,0.00513,,,,,,
2026-10-01T10:27:54Z,,0.00519,,,,,,
2026-10-01T10:54:43Z,2160,,17.5,72.5,10.81,15.2,74.3,9.64
2026-10-01T11:27:54Z,,0.00485,,,,,,
2026-10-01T12:27:54Z,,0.00452,,,,,,
2026-10-01T12:54:09Z,2160,,21,58.6,10.73,14.5,77.1,9.59
2026-10-01T13:27:54Z,,0.00419,,,,,,
2026-10-01T14:27:54Z,,0.00385,,,,,,
2026-10-01T14:53:38Z,1530,,19.8,58.3,9.96,14.1,83.1,10.08
2026-10-01T15:27:54Z,,0.00352,,,,,,
2026-10-01T16:27:54Z,,0.00319,,,,,,
2026-10-01T16:53:26Z,1215,,13.7,78.1,9.24,12.1,92.2,9.88
2026-10-01T17:27:53Z,,0.00319,,,,,,
2026-10-01T18:27:53Z,,0.00319,,,,,,
2026-10-01T18:53:13Z,1365,,11.2,90.3,9.15,10.5,97.4,9.44
2026-10-01T19:27:54Z,,0.00326,,,,,,
2026-10-01T20:27:54Z,,0.00333,,,,,,
2026-10-01T20:53:53Z,1620,,12.4,89.2,9.74,10.7,98.4,9.66
2026-10-01T21:27:53Z,,0.00339,,,,,,
2026-10-01T22:27:54Z,,0.00345,,,,,,
2026-10-01T22:53:21Z,1650,,12.6,89.3,9.88,10.8,98.6,9.74
2026-10-01T23:27:53Z,,0.00351,,,,,,
2026-10-02T00:27:54Z,,0.00358,,,,,,
2026-10-02T00:52:40Z,1635,,12.2,90.5,9.76,10.5,99,9.6
2026-10-02T01:27:54Z,,0.00365,,,,,,
2026-10-02T02:27:54Z,,0.00373,,,,,,
2026-10-02T02:52:58Z,1725,,12.1,91.6,9.82,10.3,99.5,9.53
2026-10-02T03:27:54Z,,0.00382,,,,,,
2026-10-02T04:27:54Z,,0.00391,,,,,,
2026-10-02T04:53:14Z,1815,,12.1,92.3,9.89,10.1,100,9.45
2026-10-02T05:27:54Z,,0.00402,,,,,,
2026-10-02T06:27:54Z,,0.00412,,,,,,
2026-10-02T06:52:59Z,1890,,13.3,90.1,10.41,10.8,98.6,9.74
2026-10-02T07:27:54Z,,0.00419,,,,,,
2026-10-02T08:27:54Z,,0.00427,,,,,,
2026-10-02T08:52:39Z,1935,,16.7,74,10.51,12.4,90,9.83
2026-10-02T09:27:54Z,,0.00394,,,,,,
2026-10-02T10:27:54Z,,0.0036,,,,,,
2026-10-02T10:52:22Z,1680,,18.2,64.6,10.04,13.6,83,9.76
2026-10-02T11:27:54Z,,0.00327,,,,,,
2026-10-02T12:27:53Z,,0.00294,,,,,,
2026-10-02T12:53:12Z,1560,,19.2,61.3,10.11,14,84.8,10.22
2026-10-02T13:27:55Z,,0.0026,,,,,,
2026-10-02T14:27:54Z,,0.0026,,,,,,
2026-10-02T14:52:31Z,1410,,16.5,71,9.97,12.9,91.8,10.34
2026-10-02T15:27:54Z,,0.0026,,,,,,
2026-10-02T16:27:54Z,,0.0026,,,,,,
2026-10-02T16:52:26Z,1395,,14.3,79.3,9.74,12.1,93.8,10.06
2026-10-02T17:27:54Z,,0.0026,,,,,,
2026-10-02T18:27:54Z,,0.0026,,,,,,
2026-10-02T18:52:30Z,1515,,13.6,82.9,9.75,11.6,94.9,9.86
2026-10-02T19:27:54Z,,0.0026,,,,,,
2026-10-02T20:27:53Z,,0.0026,,,,,,
2026-10-02T20:52:10Z,1575,,13,84.7,9.6,10.9,96.3,9.58
2026-10-02T21:27:54Z,,0.0026,,,,,,
2026-10-02T22:27:54Z,,0.0026,,,,,,
2026-10-02T22:52:36Z,1605,,12.8,88.3,9.89,10.8,99.5,9.83
2026-10-02T23:27:54Z,,0.00266,,,,,,
2026-10-03T00:27:54Z,,0.00271,,,,,,
2026-10-03T00:51:49Z,1605,,12.8,89.1,9.98,11.2,98.3,9.96
2026-10-03T01:27:54Z,,0.00277,,,,,,
2026-10-03T02:27:54Z,,0.00283,,,,,,
2026-10-03T02:52:06Z,1560,,12.1,88.6,9.5,10.6,97.3,9.49
2026-10-03T03:27:54Z,,0.00288,,,,,,
2026-10-03T04:27:54Z,,0.00294,,,,,,
2026-10-03T04:52:01Z,1740,,12.2,89,9.6,10.3,97.5,9.33
2026-10-03T05:27:54Z,,0.003,,,,,,
2026-10-03T06:27:54Z,,0.00306,,,,,,
2026-10-03T06:52:15Z,1830,,12.8,86.9,9.73,10.1,97.9,9.25
2026-10-03T07:27:54Z,,0.00309,,,,,,
2026-10-03T08:27:54Z,,0.00313,,,,,,
2026-10-03T08:51:41Z,1860,,14.3,80.9,9.94,10.6,96.2,9.39
2026-10-03T09:27:54Z,,0.00279,,,,,,
2026-10-03T10:27:54Z,,0.00246,,,,,,
2026-10-03T10:51:26Z,1830,,15.9,76.1,10.3,11.4,96,9.85
2026-10-03T11:27:54Z,,0.00213,,,,,,
