timestamp,rpm,indoor_temp_c,indoor_rh_pct,indoor_abs_humidity_g_m3,outdoor_temp_c,outdoor_rh_pct,outdoor_abs_humidity_g_m3
2025-05-13T17:16:58,1110,,,,,,
2025-05-13T18:16:32,1095,,,,,,
2025-05-13T19:16:54,1095,,,,,,
2025-05-13T20:16:59,1095,,,,,,
2025-05-13T21:28:04,3315,,,,10.5,63.5,6.2
2025-05-13T23:28:21,3315,,,,10.2,67.5,6.4
2025-05-14T01:28:43,3330,,,,9.3,73.7,6.6
2025-05-14T03:29:12,3300,,,,8.4,76.4,6.5
2025-05-14T05:29:53,3315,,,,8.8,71.2,6.2
2025-05-14T07:30:44,3300,,,,8.9,60.3,5.3
2025-05-14T09:30:48,3330,,,,11,39.3,3.9
2025-05-14T13:31:20,3345,,,,9.3,52.7,4.7
2025-05-14T15:31:37,3300,,,,7,66.1,5.1
2025-05-14T17:32:10,3345,,,,6.1,71.7,5.2
2025-05-14T19:32:08,3300,,,,5.1,80.4,5.5
2025-05-14T21:31:46,3300,,,,4.7,82.7,5.5
2025-05-14T23:32:22,3300,,,,4.5,85.6,5.6
2025-05-15T01:31:45,3315,,,,5.1,87.2,6
2025-05-15T03:32:29,3285,,,,6.6,89.2,6.7
2025-05-15T05:32:52,3330,,,,8.6,82.1,7.1
2025-05-15T07:33:08,3315,,,,10,75.4,7.1
2025-05-15T09:33:21,3300,,,,10.9,69.8,6.9
2025-05-15T11:32:54,3315,,,,11.6,65.6,6.8
2025-05-15T13:33:20,3360,,,,13.3,57.2,6.6
2025-05-15T15:32:26,3330,,,,12.9,57,6.4
2025-05-15T17:32:05,3345,,,,11.6,61.8,6.4
2025-05-15T19:31:56,3300,,,,10.2,69.9,6.6
2025-05-15T21:31:43,3285,,,,9.2,74.4,6.6
2025-05-15T23:31:47,3300,,,,8.4,79.9,6.8
2025-05-16T01:32:25,3285,,,,7.1,84.8,6.6
2025-05-16T03:32:24,3285,,,,9.2,81.6,7.3
2025-05-16T05:32:49,3300,,,,14.2,64.2,7.8
2025-05-16T07:32:10,3330,,,,19.6,43.4,7.3
2025-05-16T09:31:28,3375,,,,20.3,39.9,7
2025-05-16T11:31:33,3375,,,,18.1,43.3,6.7
2025-05-16T13:31:14,3360,,,,18.6,41.5,6.6
2025-05-16T15:30:57,3375,,,,18.3,40.4,6.3
2025-05-16T17:31:08,3345,,,,17.8,40.8,6.2
2025-05-16T19:30:34,3375,,,,12.8,63.9,7.2
2025-05-16T21:29:42,3330,,,,10.4,73.3,7.1
2025-05-16T23:30:26,3330,,,,8.9,82,7.2
2025-05-17T01:29:58,3315,,,,8.2,86.4,7.2
2025-05-17T03:30:06,3300,,,,7.9,87.2,7.2
2025-05-17T05:29:44,3300,,,,8.4,88.5,7.5
2025-05-17T07:29:17,3300,,,,13.1,72.9,8.3
2025-05-17T12:08:50,3375,,,,16.4,53.2,7.4
2025-05-17T14:09:13,3375,,,,14.3,57.6,7.1
2025-05-17T16:09:45,3390,,,,12.6,60,6.6
2025-05-17T18:09:47,3375,,,,12.4,66.1,7.2
2025-05-17T20:09:04,3315,,,,10.4,72.8,7
2025-05-17T22:08:37,3300,,,,8.3,79.4,6.7
2025-05-18T00:09:07,3300,,,,7.7,85.5,6.9
2025-05-18T02:08:24,3285,,,,7.5,89.5,7.2
2025-05-18T04:08:47,3285,,,,9.2,86.2,7.7
2025-05-18T06:08:08,3315,,,,11.6,79.4,8.2
2025-05-18T08:08:51,3315,,,,14.5,62.4,7.8
2025-05-18T10:08:38,3360,,,,17.1,53.2,7.7
2025-05-18T12:09:21,3360,,,,18.5,45.9,7.3
2025-05-18T14:09:02,3375,,,,18.7,42.2,6.8
2025-05-18T16:08:33,3405,,,,18.7,42.3,6.8
2025-05-18T18:08:46,3375,,,,18.3,46.5,7.3
2025-05-18T20:07:56,3345,,,,16.7,51.1,7.3
2025-05-18T22:08:32,3330,,,,14.3,56.1,6.9
2025-05-19T00:08:18,3345,,,,12.3,64,6.9
2025-05-19T02:08:35,3300,,,,11.1,66.3,6.7
2025-05-19T04:08:54,3315,,,,14.5,57.8,7.2
2025-05-19T06:08:55,3315,,,,20.2,44.4,7.8
2025-05-19T08:09:29,3375,,,,23.6,32.9,7
2025-05-19T10:09:24,3390,,,,22.5,33,6.6
2025-05-19T12:08:30,3405,,,,18,38.6,5.9
2025-05-19T14:07:55,3375,,,,17.1,40.8,5.9
2025-05-19T16:08:43,3345,,,,17,43.8,6.3
2025-05-19T18:08:33,3345,,,,16.7,46.6,6.6
2025-05-19T20:09:17,3360,,,,12.5,58.5,6.4
2025-05-19T22:09:39,3345,,,,10.2,56.2,5.3
2025-05-20T02:10:15,3315,,,,7.2,63.6,5
2025-05-20T04:09:48,3300,,,,13.3,55.1,6.4
2025-05-20T06:10:22,3330,,,,19.3,42.2,7
2025-05-20T08:10:25,3345,,,,22.1,36,7
2025-05-20T10:11:03,3360,,,,21.6,31.1,5.9
2025-05-20T12:10:20,525,,,,18.6,40,6.4
2025-05-20T14:09:54,540,,,,17.4,34.9,5.2
2025-05-20T16:10:10,525,,,,16.3,30.9,4.3
2025-05-20T18:09:35,525,,,,14,37.5,4.5
2025-05-20T20:09:11,510,,,,10.8,42.7,4.2
2025-05-20T22:08:57,465,,,,7.8,47.9,3.9
2025-05-21T00:08:14,450,,,,5.8,55.4,4
2025-05-21T02:09:02,435,,,,4.7,59.6,4
2025-05-21T04:09:25,450,,,,10.7,48.4,4.8
2025-05-21T06:09:25,450,,,,18.6,33.8,5.4
2025-05-21T08:09:30,465,,,,20.1,29.4,5.1
2025-05-21T10:08:57,525,,,,15.2,35.4,4.6
2025-05-21T14:08:22,525,,,,15.8,34.9,4.7
2025-05-21T16:07:53,465,,,,13.8,40.5,4.8
2025-05-21T18:08:26,465,,,,10.8,54.3,5.4
2025-05-21T20:07:48,465,,,,9.1,68,6
2025-05-21T22:07:03,465,,,,9.8,54.4,5
2025-05-22T00:06:57,465,,,,10.8,49.3,4.9
2025-05-22T02:07:03,465,,,,10.2,58.8,5.6
2025-05-22T04:06:33,465,,,,11.1,58.2,5.9
2025-05-22T06:07:09,465,,,,13.8,58.6,7
2025-05-22T08:07:53,465,,,,12.6,65.4,7.2
2025-05-22T10:07:31,525,,,,15.7,52.7,7
2025-05-22T12:07:03,525,,,,15.2,55.4,7.2
2025-05-22T14:06:27,525,,,,15,58.9,7.5
2025-05-22T16:07:11,525,,,,15.5,53.7,7.1
2025-05-22T18:07:11,525,,,,14.6,57.9,7.2
2025-05-22T20:06:32,465,,,,12.2,68.2,7.4
2025-05-22T22:05:46,450,,,,10.9,76,7.6
2025-05-23T00:05:38,450,,,,11.4,82.1,8.4
2025-05-23T02:05:19,450,,,,11.8,85.5,9
2025-05-23T04:04:45,450,,,,11.7,93,9.7
2025-05-23T06:05:39,450,,,,10.9,95.6,9.5
2025-05-23T08:04:57,450,,,,10.6,94.7,9.2
2025-05-23T10:04:20,450,,,,10.7,92.3,9.1
2025-05-23T12:04:26,450,,,,10.6,89.3,8.7
2025-05-23T14:04:27,450,,,,11.9,72.4,7.7
2025-05-23T16:04:03,465,,,,11.8,65,6.8
2025-05-23T18:04:37,450,,,,10.7,70.8,7
2025-05-23T20:04:11,450,,,,9,77.7,6.8
2025-05-23T22:04:31,450,,,,6.4,85.7,6.4
2025-05-24T00:04:34,450,,,,5.2,89.4,6.2
2025-05-24T02:04:02,450,,,,5.1,92.6,6.3
2025-05-24T04:04:12,450,,,,7.5,91.1,7.3
2025-05-24T06:04:38,450,,,,11.7,60.9,6.4
2025-05-24T08:04:22,465,,,,12.3,55.9,6.1
2025-05-24T10:04:35,525,,,,14.9,37.6,4.8
2025-05-24T12:04:58,510,,,,13.1,43.5,5
2025-05-24T14:04:36,450,,,,12.9,44.5,5
2025-05-24T16:05:21,465,,,,12.3,48.5,5.3
2025-05-24T18:05:25,465,,,,10.4,70.5,6.8
2025-05-24T20:04:27,450,,,,9.2,76.2,6.8
2025-05-24T22:04:21,450,,,,8.3,82.2,6.9
2025-05-25T00:03:49,450,,,,7.8,85.8,7
2025-05-25T02:03:53,450,,,,7.2,89.3,7
2025-05-25T04:04:14,450,,,,7.4,89.6,7.1
2025-05-25T06:03:57,465,,,,9.1,87.5,7.8
2025-05-25T08:03:08,465,,,,14.8,57,7.2
2025-05-25T10:03:52,510,,,,17.7,40.1,6
2025-05-25T12:04:07,525,,,,15.7,41.4,5.5
2025-05-25T14:04:48,540,,,,15.3,41.5,5.4
2025-05-25T16:04:23,465,,,,14.8,45.3,5.7
2025-05-25T18:03:55,480,,,,12.5,59.5,6.5
2025-05-25T20:04:25,450,,,,10.5,67.7,6.6
2025-05-25T22:05:13,465,,,,8.7,81.1,7
2025-05-26T00:04:54,450,,,,7,83.8,6.5
2025-05-26T02:05:36,450,,,,6.4,88.1,6.6
2025-05-26T04:05:21,465,,,,12.9,77.6,8.7
2025-05-26T06:06:10,450,,,,17.1,57.5,8.4
2025-05-26T08:05:26,510,,,,18.8,49.5,8
2025-05-26T10:05:42,510,,,,17.8,41.9,6.4
2025-05-26T12:06:08,510,,,,15.1,59,7.6
2025-05-26T14:06:38,525,,,,14.8,61.2,7.7
2025-05-26T16:05:58,525,,,,14.1,63,7.6
2025-05-26T18:05:12,480,,,,12.6,75.5,8.3
2025-05-26T20:04:33,465,,,,10.9,86.9,8.6
2025-05-26T22:05:14,465,,,,10.1,91.3,8.6
2025-05-27T00:05:53,465,,,,10.4,94.8,9.1
2025-05-27T02:06:40,465,,,,10,94.3,8.9
2025-05-27T04:06:30,465,,,,12.3,86.9,9.4
2025-05-27T06:06:29,480,,,,17,60.9,8.8
2025-05-27T08:07:20,525,,,,20.5,46.8,8.3
2025-05-27T10:07:10,540,,,,19.5,42.7,7.2
2025-05-27T12:06:19,525,,,,18.3,39.7,6.2
2025-05-27T14:05:36,525,,,,17.5,39.9,5.9
2025-05-27T16:05:29,525,,,,17.2,41.1,6
2025-05-27T18:05:26,510,,,,16.2,45.5,6.3
2025-05-27T20:05:05,465,,,,12.1,67.9,7.3
2025-05-27T22:05:05,465,,,,10.2,76.4,7.3
2025-05-28T00:05:30,465,,,,8,80.8,6.7
2025-05-28T02:05:50,465,,,,9.3,81.4,7.3
2025-05-28T04:05:58,465,,,,12.1,70.4,7.5
2025-05-28T06:05:58,465,,,,14.2,62,7.6
2025-05-28T08:05:49,525,,,,19.3,47.3,7.8
2025-05-28T10:05:49,525,,,,18.4,46.1,7.2
2025-05-28T12:06:26,540,,,,18.6,45.5,7.2
2025-05-28T14:05:47,540,,,,17.5,50.2,7.5
2025-05-28T16:05:45,3375,,,,17.5,51.4,7.7
2025-05-28T18:05:17,3390,,,,16.5,58.6,8.2
2025-05-28T20:05:20,3375,,,,14.6,66.4,8.3
2025-05-28T22:05:57,3375,,,,13.4,73.5,8.5
2025-05-29T00:05:58,3375,,,,12.1,78.5,8.4
2025-05-29T02:06:19,3360,,,,11.6,82.2,8.5
2025-05-29T04:06:10,3360,,,,12.8,84.6,9.5
2025-05-29T06:06:05,3345,,,,16.7,74.6,10.6
2025-05-29T08:05:35,3375,,,,17.6,70.3,10.5
2025-05-29T10:05:51,3405,,,,20.3,58.1,10.2
2025-05-29T12:06:34,3435,,,,20,60.7,10.5
2025-05-29T14:06:35,3405,,,,19.3,66.9,11.1
2025-05-29T16:06:11,3435,,,,18,71.7,11
2025-05-29T18:05:36,3420,,,,16.4,79.8,11.1
2025-05-29T20:05:30,3390,,,,14.3,85.2,10.5
2025-05-29T22:04:59,3405,,,,13.7,91,10.8
2025-05-30T00:05:15,3360,,,,13.8,91.9,10.9
2025-05-30T02:05:19,3375,,,,13.2,92.1,10.6
2025-05-30T04:05:34,3360,,,,13.5,89.2,10.4
2025-05-30T06:05:37,3345,,,,15.8,77.6,10.4
2025-05-30T08:05:45,3390,,,,20.7,57,10.3
2025-05-30T10:06:33,3420,,,,20.8,52.9,9.6
2025-05-30T12:06:54,3375,,,,19.3,54.4,9
2025-05-30T14:07:04,3405,,,,19,39.7,6.5
2025-05-30T16:07:13,3405,,,,17.8,44.1,6.7
2025-05-30T18:06:31,3360,,,,14.4,56.5,7
2025-05-30T20:05:53,3345,,,,11,91.7,9.2
2025-05-30T22:05:09,3330,,,,10.9,100,9.9
2025-05-31T00:05:31,3330,,,,11.4,99.5,10.2
2025-05-31T02:05:23,3345,,,,11,96.8,9.7
2025-05-31T04:05:54,3375,,,,10.5,98,9.5
2025-05-31T06:05:39,3375,,,,11.5,93.1,9.6
2025-05-31T08:06:23,3375,,,,15.9,67.6,9.2
2025-05-31T10:06:03,3405,,,,17.6,53.2,8
2025-05-31T12:06:01,3375,,,,17.1,50.1,7.3
2025-05-31T14:06:37,3390,,,,16.2,49.1,6.8
2025-05-31T16:06:54,3360,,,,14.2,49.6,6.1
2025-05-31T18:06:24,3345,,,,12.8,52.9,5.9
2025-05-31T20:05:46,3390,,,,9.8,61.9,5.7
2025-05-31T22:06:03,3315,,,,8.2,70.7,5.9
2025-06-01T00:06:30,3345,,,,7.5,78.7,6.3
2025-06-01T02:07:17,3360,,,,6.8,86,6.6
2025-06-01T04:07:05,3360,,,,12.6,68.4,7.6
2025-06-01T06:06:40,3375,,,,18.9,40,6.5
2025-06-01T08:06:59,3390,,,,21.8,31.3,6
2025-06-01T10:07:45,3375,,,,20.9,30.8,5.6
2025-06-01T12:07:26,3420,,,,19.3,31.5,5.2
2025-06-01T14:08:15,3390,,,,19.2,29.2,4.8
2025-06-01T16:08:38,3420,,,,19,33.1,5.4
2025-06-01T18:09:16,3405,,,,16.9,38.3,5.5
2025-06-01T20:09:58,3405,,,,13.4,50.3,5.8
2025-06-01T22:09:59,3375,,,,9.7,58.9,5.4
2025-06-02T00:09:55,3330,,,,8.1,68.1,5.7
2025-06-02T02:09:06,3315,,,,9.2,78.8,7
2025-06-02T04:09:39,3345,,,,13.6,60.5,7.1
2025-06-02T06:09:57,3330,,,,15.3,56.3,7.3
2025-06-02T08:10:52,3315,,,,15.5,60.6,8
2025-06-02T10:10:41,3345,,,,12.7,90.9,10.1
2025-06-02T12:09:54,3375,,,,12.5,98.7,10.8
2025-06-02T14:10:27,3390,,,,12.7,100,11.1
2025-06-02T16:10:46,3360,,,,13.7,92.2,10.9
2025-06-02T18:10:28,3360,,,,12.2,94,10.1
2025-06-02T20:11:00,3345,,,,10.2,96.9,9.2
2025-06-02T22:10:50,3330,,,,9.5,96.7,8.8
2025-06-03T00:11:36,3360,,,,9,99.4,8.8
2025-06-03T02:12:25,3360,,,,9.1,99.5,8.8
2025-06-03T04:11:55,3330,,,,10.7,100,9.8
2025-06-03T06:12:11,3330,,,,17.2,73,10.7
2025-06-03T08:11:55,3345,,,,22.7,41.6,8.4
2025-06-03T10:11:27,3390,,,,21.7,44.8,8.5
2025-06-03T12:10:46,3360,,,,19.8,50.9,8.7
2025-06-03T14:11:38,3390,,,,18.3,51.5,8
2025-06-03T16:12:07,3390,,,,17.2,57.6,8.4
2025-06-03T18:12:00,3390,,,,15.2,67.1,8.7
2025-06-03T20:12:10,3375,,,,11.5,83.5,8.6
2025-06-03T22:11:47,3345,,,,9.6,89.8,8.2
2025-06-04T00:12:28,3345,,,,8.2,91.8,7.7
2025-06-04T02:12:45,3345,,,,7.2,94.6,7.4
2025-06-04T04:12:50,3345,,,,13.1,77.6,8.9
2025-06-04T06:12:05,3330,,,,18.2,54.2,8.4
2025-06-04T08:12:53,3330,,,,23,42,8.6
2025-06-04T10:12:56,3390,,,,19.9,44.5,7.6
2025-06-04T12:12:33,3390,,,,18.7,43.7,7
2025-06-04T14:13:18,3390,,,,18.4,46.8,7.4
2025-06-04T16:12:50,3375,,,,17.6,51.2,7.7
2025-06-04T18:12:16,3405,,,,16.8,59.4,8.5
2025-06-04T20:12:39,3360,,,,13.6,73.2,8.6
2025-06-04T22:12:33,3360,,,,13.7,71.5,8.5
2025-06-05T00:11:50,3345,,,,14.8,62.6,7.9
2025-06-05T02:11:59,3375,,,,14.5,66.9,8.3
2025-06-05T04:12:13,3315,,,,14.1,71.3,8.6
2025-06-05T06:12:23,3330,,,,12.7,87.7,9.8
2025-06-05T08:12:20,3330,,,,12.6,95.5,10.6
2025-06-05T10:12:31,3390,,,,13.7,99.1,11.7
2025-06-05T12:13:12,3390,,,,15.3,97.3,12.7
2025-06-05T14:12:50,3375,,,,17.6,78.9,11.8
2025-06-05T16:12:30,3405,,,,17.8,75.2,11.4
2025-06-05T18:13:11,3375,,,,15.9,60.2,8.1
2025-06-05T20:13:10,3360,,,,12.3,69,7.5
2025-06-05T22:12:40,3345,,,,9.7,81.5,7.5
2025-06-06T00:13:28,3330,,,,8,91,7.5
2025-06-06T02:13:47,3360,,,,7.9,93.7,7.7
2025-06-06T04:13:40,3285,,,,10.9,91,9
2025-06-06T06:13:10,3345,,,,16.1,71.2,9.8
2025-06-06T08:13:18,3360,,,,18.1,54.4,8.4
2025-06-06T10:12:49,3390,,,,17.6,53.3,8
2025-06-06T12:12:29,3405,,,,16.6,62.3,8.8
2025-06-06T14:12:47,3375,,,,17.1,58.9,8.6
2025-06-06T16:12:12,3405,,,,16.4,63.4,8.8
2025-06-06T18:11:27,3435,,,,15.4,70.5,9.3
2025-06-06T20:12:09,3360,,,,13.8,80.4,9.6
2025-06-06T22:11:24,3390,,,,12.9,87.3,9.8
2025-06-07T00:10:42,3360,,,,13.5,94.7,11.1
2025-06-07T02:10:32,3390,,,,13.4,98.1,11.4
2025-06-07T04:10:01,3360,,,,13.4,93.2,10.8
2025-06-07T06:09:42,3375,,,,14.7,82.2,10.3
2025-06-07T08:09:39,3390,,,,15.2,72.3,9.4
2025-06-07T10:08:58,3360,,,,16.4,61,8.5
2025-06-07T12:09:48,3375,,,,16.9,52,7.5
2025-06-07T14:09:01,3405,,,,16.8,47.5,6.8
2025-06-07T16:08:57,3375,,,,15.4,56,7.4
2025-06-07T18:09:02,3360,,,,14.1,64,7.8
2025-06-07T20:09:27,3375,,,,12.4,74.1,8.1
2025-06-07T22:09:37,3375,,,,11.6,78.8,8.2
2025-06-08T00:09:44,3375,,,,10.9,84.6,8.4
2025-06-08T02:09:13,3345,,,,10.1,89.1,8.4
2025-06-08T04:08:26,3360,,,,12.6,87.2,9.6
2025-06-08T06:09:14,3375,,,,18.1,61.1,9.4
2025-06-08T08:09:35,3405,,,,21.8,39.8,7.6
2025-06-08T10:09:17,3360,,,,21.8,37.6,7.2
2025-06-08T12:09:34,3420,,,,19.9,40,6.9
2025-06-08T14:09:46,3435,,,,19.3,41.2,6.8
2025-06-08T16:09:30,3405,,,,18.1,47.1,7.3
2025-06-08T18:10:28,3405,,,,16.8,51.3,7.3
2025-06-08T20:09:36,3390,,,,13.6,63.2,7.4
2025-06-08T22:10:20,3390,,,,10.1,74.3,7
2025-06-09T00:10:01,3360,,,,8.2,82,6.9
2025-06-09T02:09:52,3375,,,,7.7,85.4,6.9
2025-06-09T04:10:32,3345,,,,10.8,81.6,8.1
2025-06-09T06:10:11,3345,,,,15.3,65,8.5
2025-06-09T08:10:32,3390,,,,17.1,58.5,8.5
2025-06-09T10:11:01,3390,,,,17.4,52.7,7.8
2025-06-09T12:10:53,3390,,,,14,79.5,9.6
2025-06-09T14:10:10,3360,,,,12,92.7,9.9
2025-06-09T16:10:05,3360,,,,12.4,95,10.4
2025-06-09T18:09:34,3360,,,,12.3,95.7,10.4
2025-06-09T20:09:57,3360,,,,11.9,97.1,10.3
2025-06-09T22:09:59,3450,,,,11.5,97.1,10
2025-06-10T00:10:35,3390,,,,10.5,95.3,9.2
2025-06-10T02:10:47,3345,,,,9.8,95.3,8.8
2025-06-10T04:10:17,3405,,,,11.4,93,9.5
2025-06-10T06:10:32,3375,,,,13.1,85.8,9.8
2025-06-10T08:09:46,3375,,,,19.8,55.4,9.5
2025-06-10T10:09:27,3360,,,,20.8,48.5,8.8
2025-06-10T12:10:03,3375,,,,19.9,44,7.6
2025-06-10T14:09:03,3375,,,,17.9,50.9,7.8
2025-06-10T14:09:03,3375,,,,17.9,50.9,7.8
2025-06-10T16:09:36,3390,,,,16.7,64.7,9.2
2025-06-10T18:10:29,3375,,,,14,76.6,9.2
2025-06-10T20:10:00,3375,,,,11.9,86.8,9.2
2025-06-10T22:09:39,3330,,,,10.4,92.1,8.9
2025-06-11T00:09:46,3315,,,,9.4,93.1,8.4
2025-06-11T02:10:45,3360,,,,9.1,92.6,8.2
2025-06-11T04:10:17,3330,,,,11.1,95.8,9.6
2025-06-11T06:10:37,3315,,,,12.3,93.2,10.1
2025-06-11T08:09:52,3330,,,,12.1,94.3,10.1
2025-06-11T10:09:06,3375,,,,11.6,97.7,10.2
2025-06-11T12:09:54,3390,,,,12.5,97.4,10.7
2025-06-11T14:09:51,3345,,,,12.6,98.3,10.9
2025-06-11T16:09:15,3345,,,,12.2,100,10.8
2025-06-11T18:09:09,3345,,,,11.6,100,10.4
2025-06-11T20:08:57,3345,,,,11.5,100,10.3
2025-06-11T22:08:11,3360,,,,11.1,100,10.1
2025-06-12T00:08:11,3405,,,,10.9,100,9.9
2025-06-12T02:07:23,3330,,,,11.3,100,10.2
2025-06-12T06:07:02,3390,,,,12.1,100,10.7
2025-06-12T08:06:46,3330,,,,12.2,100,10.8
2025-06-12T10:07:10,3360,,,,13.7,100,11.8
2025-06-12T12:06:52,3390,,,,14.8,93.7,11.9
2025-06-12T14:06:27,3390,,,,15.7,83.2,11.1
2025-06-12T16:06:44,3360,,,,16.4,80.4,11.2
2025-06-12T18:06:09,3375,,,,15.5,84.4,11.2
2025-06-12T20:05:47,3360,,,,14,93.5,11.3
2025-06-12T22:06:16,3375,,,,13,97.9,11.1
2025-06-13T00:06:55,3360,,,,11.9,97.6,10.3
2025-06-13T02:06:56,3345,,,,11.1,92.6,9.3
2025-06-13T04:06:55,3360,,,,13.6,77.5,9.1
2025-06-13T06:07:28,3375,,,,18.6,58.4,9.3
2025-06-13T08:07:28,3360,,,,21.7,44.1,8.4
2025-06-13T10:06:54,3405,,,,20.5,41,7.3
2025-06-13T12:06:41,3390,,,,19,39.7,6.5
2025-06-13T14:06:07,3390,,,,19.1,40.8,6.7
2025-06-13T16:06:08,3420,,,,19.2,42.5,7
2025-06-13T18:06:23,3420,,,,18.6,44.5,7.1
2025-06-13T20:07:12,3360,,,,14.8,59.1,7.5
2025-06-13T22:07:44,3345,,,,11.2,71.9,7.3
2025-06-14T00:06:50,3315,,,,8.9,79.3,6.9
2025-06-14T02:07:26,3330,,,,7.7,86.1,7
2025-06-14T04:06:58,3330,,,,15.9,67.2,9.1
2025-06-14T06:06:12,3330,,,,24.3,38.7,8.6
2025-06-14T08:05:49,3390,,,,27.7,30.6,8.2
2025-06-14T10:05:42,3390,,,,26.3,31.1,7.7
2025-06-14T12:06:23,3360,,,,23.5,35.4,7.5
2025-06-14T14:06:08,3420,,,,23.2,36.1,7.5
2025-06-14T16:05:24,3420,,,,23.3,38.3,8
2025-06-14T18:05:26,3510,,,,22.6,43.1,8.7
2025-06-14T20:05:55,3405,,,,18.7,55,8.8
2025-06-14T22:06:11,3375,,,,15.4,59.7,7.8
2025-06-15T00:05:42,3390,,,,13,67,7.6
2025-06-15T02:05:20,3375,,,,11.2,73.2,7.4
2025-06-15T04:04:41,3390,,,,17,57.7,8.3
2025-06-15T06:04:31,3360,,,,23.2,40.4,8.4
2025-06-15T08:04:44,3420,,,,29.3,33.6,9.8
2025-06-15T10:05:32,3390,,,,28.7,36.1,10.2
2025-06-15T12:06:10,3450,,,,27.1,34.7,9
2025-06-15T14:05:22,3435,,,,27,35.2,9.1
2025-06-15T16:05:57,3450,,,,26,38.1,9.3
2025-06-15T18:06:43,3420,,,,23.3,45.9,9.6
2025-06-15T20:06:03,3405,,,,19.4,54.4,9.1
2025-06-15T22:06:19,3360,,,,16.1,63.8,8.7
2025-06-16T00:05:48,3375,,,,14,70,8.4
2025-06-16T02:06:33,3360,,,,13.3,70,8.1
2025-06-16T04:06:45,3330,,,,14.3,70.3,8.6
2025-06-16T06:07:08,3375,,,,16.8,66.6,9.5
2025-06-16T08:07:54,3390,,,,24.3,43.9,9.7
2025-06-16T10:07:36,3375,,,,26.6,37.5,9.4
2025-06-16T12:07:00,3405,,,,23.9,42.5,9.2
2025-06-16T14:07:09,3450,,,,23.9,42.6,9.2
2025-06-16T16:06:45,3390,,,,21.6,61.7,11.7
2025-06-16T18:06:21,3405,,,,19.1,60.7,9.9
2025-06-16T20:07:02,3390,,,,17.4,70.5,10.4
2025-06-16T22:06:05,3390,,,,16.5,79.4,11.1
2025-06-17T00:06:44,3345,,,,15.4,87.5,11.5
2025-06-17T02:07:26,3390,,,,15.1,90.2,11.6
2025-06-17T04:08:08,3390,,,,15.5,92,12.2
2025-06-17T06:08:35,3435,,,,17.1,91.4,13.3
2025-06-17T08:08:33,3405,,,,17.5,91.7,13.7
2025-06-17T10:08:47,3405,,,,16.3,90.7,12.6
2025-06-17T12:09:11,3405,,,,17,79.5,11.5
2025-06-17T14:09:47,3405,,,,17.9,69.4,10.6
2025-06-17T16:10:36,3390,,,,19,61.2,10
2025-06-17T18:11:13,3420,,,,17.5,58.2,8.7
2025-06-17T20:10:29,3375,,,,14.4,69.9,8.6
2025-06-17T22:10:54,3360,,,,13.4,74.6,8.7
2025-06-18T00:10:44,3360,,,,13.1,78.5,9
2025-06-18T02:11:34,3345,,,,13.4,87.7,10.2
2025-06-18T06:10:15,3360,,,,17.5,83.9,12.5
2025-06-18T08:09:34,3405,,,,22.7,59.1,11.9
2025-06-18T10:09:25,3390,,,,17.3,83.7,12.3
2025-06-18T12:10:06,3420,,,,18.6,81.8,13
2025-06-18T14:10:40,3420,,,,15.9,88.6,12
2025-06-18T16:11:19,1080,20.3,59.3,10.4,15.8,85.4,11.5
2025-06-18T18:11:06,945,18.7,58.5,9.4,14.8,83.6,10.6
2025-06-18T20:10:56,915,16.6,58.7,8.3,13.7,80.3,9.5
2025-06-18T22:10:30,750,14.5,60.8,7.6,12.6,80.6,8.9
2025-06-19T00:10:44,840,12.9,65,7.3,11.3,82.6,8.4
2025-06-19T02:11:13,765,11.5,69.3,7.2,10.3,87.3,8.4
2025-06-19T04:11:46,915,10.9,77.9,7.7,11,87.4,8.7
2025-06-19T06:11:26,1215,11.7,84.6,8.8,12.8,84.6,9.5
2025-06-19T08:11:56,1410,14.4,77.9,9.6,15.1,76.9,9.9
2025-06-19T10:12:46,1410,17.4,64.7,9.6,16.5,71,10
2025-06-19T12:13:25,1350,18,67.8,10.4,15.3,83.2,10.9
2025-06-19T14:13:57,1110,18,66.4,10.2,15.1,86.2,11.1
2025-06-19T16:14:17,1110,17.4,67.3,10,14.2,89.7,10.9
2025-06-19T18:14:41,1080,16.3,69.2,9.6,13.8,88.3,10.5
2025-06-19T20:14:12,1110,14.6,77.2,9.7,13.1,92.4,10.5
2025-06-19T22:14:18,1170,13.5,81.2,9.5,12.4,93.3,10.2
2025-06-20T00:14:58,1170,12.8,80.7,9,12.3,89.2,9.7
2025-06-20T02:15:40,1200,12.4,81.6,8.9,12.2,88.3,9.5
2025-06-20T04:15:06,1260,12.7,81.7,9.1,13,84.8,9.6
2025-06-20T06:15:05,1605,14.4,74.2,9.2,15.5,68.9,9.1
2025-06-20T08:15:48,1740,17.9,56.3,8.6,19.4,50.2,8.4
2025-06-20T10:15:17,2085,22,36.6,7.1,19.2,39.8,6.6
2025-06-20T12:15:29,1890,25.1,30.1,7,18.8,41.1,6.6
2025-06-20T14:15:30,1440,26.3,28,6.9,19.6,42.4,7.2
2025-06-20T16:14:52,1275,25.8,33.1,8,19.2,52,8.6
2025-06-20T18:14:34,945,21.8,39.5,7.6,16.9,60.1,8.6
2025-06-20T20:14:28,540,18.4,45,7.1,15.1,66.7,8.6
2025-06-20T22:13:42,480,15.3,46.2,6,11.9,75.7,8
2025-06-21T00:13:31,480,12.6,52.4,5.8,10.2,82.8,7.9
2025-06-21T02:13:48,495,10.6,57.5,5.6,9.5,88.4,8
2025-06-21T04:13:52,495,9.9,79.6,7.4,15.3,74.2,9.7
2025-06-21T06:14:04,1605,11.8,88.2,9.3,14.7,73.7,9.3
2025-06-21T08:14:46,1545,14.9,71.3,9.1,14.2,75.4,9.2
2025-06-21T10:14:04,915,15.1,67.3,8.7,11.9,94,10
2025-06-21T12:13:37,900,14.8,75.2,9.5,13.4,92.6,10.8
2025-06-21T14:13:02,1710,16.5,67.4,9.5,12.2,86.1,9.3
2025-06-21T16:12:36,1545,17,64.8,9.4,13.6,80.2,9.4
2025-06-21T18:12:47,1065,16.4,58.2,8.1,12.3,82.6,9
2025-06-21T20:13:32,870,14.5,60.9,7.6,10.5,89.8,8.7
2025-06-21T22:13:15,900,12.8,75.1,8.4,10.7,96.8,9.5
2025-06-22T00:13:28,1065,11.9,79.8,8.4,10.5,95.8,9.3
2025-06-22T02:13:34,1065,11,78.7,7.9,10.1,92,8.7
2025-06-22T04:13:30,1200,11.2,83.2,8.4,11.6,86.8,9
2025-06-22T06:13:19,1575,13.3,79.2,9.1,17.3,62.5,9.2
2025-06-22T08:13:31,1905,18.4,54.4,8.6,20.1,46.4,8.1
2025-06-22T10:13:47,1635,21.3,42.2,7.9,18.3,49.9,7.8
2025-06-22T12:14:19,1665,23.1,37.2,7.7,18.3,48.6,7.6
2025-06-22T14:13:43,1740,23.8,35.6,7.7,18.4,47.6,7.5
2025-06-22T16:13:27,1335,23.2,31.4,6.5,18.5,43.6,6.9
2025-06-22T18:13:22,1695,21.8,40.5,7.8,17.2,52.3,7.7
2025-06-22T20:13:07,1185,18.9,45.3,7.3,14.4,64.2,7.9
2025-06-22T22:12:47,540,15.2,47.1,6.1,11.1,73.4,7.4
2025-06-23T00:12:09,495,11.8,47.7,5,8.5,83.3,7.1
2025-06-23T02:11:47,495,8.8,53.7,4.7,7.5,86.2,6.9
2025-06-23T04:11:23,495,8.1,82.5,6.9,13.2,79.2,9.1
2025-06-23T06:10:52,2955,11,93.2,9.3,18.1,49.3,7.6
2025-06-23T08:10:12,1560,16.7,52.3,7.4,16,54.9,7.5
2025-06-23T10:09:38,1575,17.7,54.7,8.3,16.4,59.4,8.3
2025-06-23T12:10:03,1665,19.1,47.9,7.8,16.4,55.9,7.8
2025-06-23T14:09:15,1650,19.5,47.6,8,17.3,53.8,7.9
2025-06-23T16:08:41,750,18.3,51.9,8.1,14.6,76.5,9.6
2025-06-23T18:08:00,495,16.3,57.1,7.9,13.6,85.1,10
2025-06-23T20:07:08,495,14.7,59,7.4,12.5,95.5,10.5
2025-06-23T22:06:31,480,13.6,62.3,7.3,12.4,98.6,10.8
2025-06-24T00:07:12,495,13.1,69.4,7.9,12.4,99.8,10.9
2025-06-24T02:07:46,480,12.8,72.1,8.1,12.6,98.5,10.9
2025-06-24T04:07:39,495,13.1,80.5,9.2,13.4,96.3,11.2
2025-06-24T06:07:56,810,13.8,83.6,10,13.8,96.6,11.5
2025-06-24T08:07:21,1185,14.8,84.9,10.8,13.7,97.3,11.5
2025-06-24T10:06:55,1005,14.8,77.6,9.8,12.8,98.5,11
2025-06-24T12:07:05,975,14.5,77.4,9.6,12.9,96.1,10.8
2025-06-24T14:06:57,1440,14.8,77.5,9.8,13,88.5,10
2025-06-24T16:06:41,1050,14.9,74.9,9.5,12.6,96.1,10.6
2025-06-24T18:05:55,915,14.5,76.3,9.5,12.3,99.2,10.8
2025-06-24T20:06:19,885,13.9,76.1,9.1,11.9,99,10.5
2025-06-24T22:07:00,855,13.2,78.7,9,11.7,100,10.5
2025-06-25T00:07:47,780,12.8,80.6,9,11.8,100,10.5
2025-06-25T02:07:45,885,12.7,86.8,9.7,12.6,100,11.1
2025-06-25T04:07:46,1035,13.1,92.6,10.6,13.4,100,11.6
2025-06-25T06:08:13,1305,13.9,91.2,10.9,13.5,98.3,11.5
2025-06-25T08:08:00,1380,14.8,86.9,11,14.2,93.4,11.4
2025-06-25T10:07:11,1485,16,81.4,11.1,15.4,85.9,11.3
2025-06-25T12:07:12,1650,18.1,74.4,11.5,17.2,78,11.4
2025-06-25T14:06:27,1395,20.4,61.9,10.9,16.9,78.8,11.3
2025-06-25T16:07:05,1245,20,61.6,10.6,14.8,89.6,11.3
2025-06-25T18:07:54,1080,18.4,60.7,9.5,14.7,83.3,10.5
2025-06-25T20:08:00,975,16,64.3,8.8,12.7,88.7,9.9
2025-06-25T22:07:56,1005,13.9,66.7,8,12.4,81.9,8.9
2025-06-26T00:07:11,1005,12.5,67,7.4,10.8,82.7,8.2
2025-06-26T02:07:59,900,10.6,71.3,7,9,90,7.9
2025-06-26T04:07:09,1110,10,78.6,7.4,10.5,82.6,8
2025-06-26T06:07:49,1335,11.9,76.7,8.1,13.4,73.4,8.5
2025-06-26T08:07:28,1785,16.1,66.5,9.1,17.6,58.9,8.8
2025-06-26T10:06:43,1920,20.8,50.1,9.1,18.3,54.9,8.6
2025-06-26T12:07:24,1665,23.8,39.2,8.4,15.5,62.9,8.3
2025-06-26T14:07:45,1425,25.2,36.7,8.5,16.2,63.9,8.8
2025-06-26T16:07:57,1230,24.5,37.1,8.3,17.2,61,8.9
2025-06-26T18:07:11,1230,22.3,42.8,8.5,14.9,71.2,9.1
2025-06-26T20:07:32,660,17.9,48,7.3,12.7,78.5,8.7
2025-06-26T22:06:54,480,14.3,47.9,5.9,9.9,85.9,8
2025-06-27T00:06:36,480,11.1,51.1,5.1,8.4,90.4,7.7
2025-06-27T02:07:06,480,8.6,57.2,4.9,8.1,93.9,7.8
2025-06-27T04:07:12,495,8.3,91.4,7.7,13.4,97.4,11.3
2025-06-27T06:07:42,1875,12,100,10.7,20.1,58.4,10.1
2025-06-27T08:07:02,2820,18.4,65.9,10.4,20.7,48.3,8.7
2025-06-27T10:06:16,1770,22.6,45.3,9.1,18.6,55.5,8.8
2025-06-27T12:06:24,1290,22.1,46.4,9.1,18,62.4,9.6
2025-06-27T14:05:52,1290,21.8,47.6,9.1,17.7,63.6,9.6
2025-06-27T16:05:28,960,20.3,50.8,8.9,16.8,70,10
2025-06-27T18:05:17,750,18.6,59.8,9.5,15.7,83.9,11.2
2025-06-27T20:04:29,720,17.1,64.1,9.3,14.7,88.4,11.1
2025-06-27T22:04:57,720,15.8,69.9,9.4,13.6,94.3,11.1
2025-06-28T00:05:37,915,14.8,75.4,9.5,12.9,96.6,10.9
2025-06-28T02:06:05,975,14,78,9.4,12.4,96.2,10.5
2025-06-28T04:05:39,975,13.6,81.2,9.6,12.6,96.7,10.7
2025-06-28T06:06:19,1275,14,85.1,10.3,13.3,94.2,10.9
2025-06-28T08:06:24,1410,15,86.9,11.1,14.3,93.3,11.5
2025-06-28T10:05:35,1605,16.6,83.6,11.8,15.5,88.9,11.7
2025-06-28T12:06:04,1755,21.2,62.9,11.7,18.1,73.5,11.4
2025-06-28T14:05:55,2175,23.5,48.5,10.3,19,57.1,9.3
2025-06-28T16:06:02,1440,24.1,45,9.8,18.1,66.2,10.2
2025-06-28T18:06:04,795,21.1,49.9,9.2,16.2,78,10.8
2025-06-28T20:06:03,495,18.2,55.1,8.6,14.4,84.5,10.4
2025-06-28T22:05:13,495,15.8,60.9,8.2,13.2,92.8,10.7
2025-06-29T00:05:14,495,14.5,72.2,9,13.3,100,11.5
2025-06-29T02:05:26,495,14.1,78,9.5,13.5,100,11.7
2025-06-29T04:05:21,540,14.3,81.6,10,14.1,100,12.1
2025-06-29T06:05:51,720,14.9,85.5,10.9,15.2,100,13
2025-06-29T08:06:34,975,16.1,89.3,12.2,17.2,93.7,13.7
2025-06-29T10:05:51,1455,19.8,63.9,10.9,16.3,80.6,11.2
2025-06-29T12:06:32,1455,23.2,45,9.4,18.7,59.8,9.6
2025-06-29T14:07:00,1200,23.4,34.8,7.3,18.5,50.2,7.9
2025-06-29T16:07:31,1095,21,36.4,6.7,17.5,49.3,7.3
2025-06-29T18:07:09,1110,19.1,41.6,6.8,16.3,53.1,7.4
2025-06-29T20:06:34,750,16.1,47.7,6.5,14.3,62.8,7.7
2025-06-29T22:06:16,540,13.4,54.7,6.4,12.9,69.1,7.8
2025-06-30T00:06:57,540,11.7,63.8,6.7,11.9,77.1,8.2
2025-06-30T02:06:17,720,10.6,71.5,7,11.4,80.7,8.3
2025-06-30T04:05:39,1065,10.9,83,8.3,14.5,73.1,9.1
2025-06-30T06:05:08,1515,13.9,74.2,8.9,19.2,54.4,9
2025-06-30T08:04:38,1560,18.4,54.5,8.6,19.1,52.6,8.6
2025-06-30T10:04:11,1425,20.4,48,8.5,18.9,54.1,8.8
2025-06-30T12:04:28,1545,23.6,43,9.1,20,53.4,9.2
2025-06-30T14:04:12,1200,24,37.7,8.2,19.8,51.9,8.9
2025-06-30T16:04:59,1260,21.9,43,8.3,18.9,54.6,8.8
2025-06-30T18:05:41,1185,20.5,49.3,8.8,17.7,63.1,9.5
2025-06-30T20:05:58,930,17.9,55.8,8.5,15.7,72.7,9.7
2025-06-30T22:06:07,780,15.2,63.3,8.2,14.1,79.1,9.6
2025-07-01T00:06:16,825,13.4,69.2,8,13.2,81.3,9.3
2025-07-01T02:06:20,840,12.1,76,8.1,12.4,86.2,9.4
2025-07-01T04:06:04,1245,12.7,85,9.5,17.2,68.4,10
2025-07-01T06:05:47,1620,15.6,75.3,10,21.8,52,10
2025-07-01T08:05:54,1770,20.8,54.7,9.9,25,42,9.7
2025-07-01T10:06:21,1605,25.8,37.3,9,24.8,39.8,9.1
2025-07-01T12:05:53,1680,28.6,33.2,9.3,24,42.7,9.3
2025-07-01T14:06:37,1545,29.8,30,9,24,42.2,9.2
2025-07-01T16:07:07,1215,28.3,32.8,9.1,23.6,45.8,9.7
2025-07-01T18:06:24,1050,24.9,37.5,8.6,21.7,49.8,9.5
2025-07-01T20:06:20,795,21.2,41.6,7.7,19,55.4,9
2025-07-01T22:05:29,510,18,45.1,6.9,15.8,65.1,8.8
2025-07-02T00:06:25,495,15.3,48.8,6.4,14.2,68,8.3
2025-07-02T02:05:47,495,13.2,52.8,6.1,12.4,75.7,8.3
2025-07-02T04:05:55,825,12.6,80,8.8,19.9,59.3,10.2
2025-07-02T06:05:22,2085,15.8,81.7,11,27.1,38.8,10
2025-07-02T08:04:55,2280,23.1,53.6,11.1,29.1,34.1,9.9
2025-07-02T10:05:14,2040,29.7,35,10.5,26.9,37.9,9.7
2025-07-02T12:04:47,1770,33.3,35.9,13,26.3,51.2,12.7
2025-07-02T16:05:10,1215,31.3,34.7,11.3,26.1,49.8,12.2
2025-07-02T18:04:28,1245,28.1,38.9,10.6,23.5,53.7,11.4
2025-07-02T20:04:52,960,24.3,44.4,9.8,20.9,61,11.1
2025-07-02T22:04:18,495,20.9,49.5,9,18.1,72.2,11.2
2025-07-03T00:04:00,510,18.3,53.8,8.4,16.9,78.3,11.3
2025-07-03T02:04:55,510,16.8,61.1,8.7,16.4,81.2,11.3
2025-07-03T04:05:33,720,16.4,70.4,9.8,16.7,81.9,11.6
2025-07-03T06:04:53,1425,17.5,80.2,12,21.1,66.9,12.3
2025-07-03T08:05:27,1590,21.6,59.1,11.2,19.6,66.4,11.2
2025-07-03T10:05:57,1935,25.8,46.6,11.2,21.7,55.2,10.5
2025-07-03T12:06:20,1380,26.4,40.7,10.1,21.6,55.8,10.6
2025-07-03T14:06:37,1035,25.2,48.3,11.2,21.3,67.5,12.6
2025-07-03T14:06:37,1035,25.2,48.3,11.2,21.3,67.5,12.6
2025-07-03T16:06:58,1095,23.3,54.1,11.3,19.7,73.5,12.5
2025-07-03T18:07:42,1200,21.6,56.5,10.7,18,74.9,11.5
2025-07-03T20:07:22,990,18.8,54.5,8.8,15,76.5,9.8
2025-07-03T22:06:45,555,16.3,59.8,8.3,13.9,84.4,10.1
2025-07-04T00:07:17,495,14.8,63.2,8,11.9,94.2,10
2025-07-04T02:06:42,780,13.5,69.3,8.1,11.5,91,9.4
2025-07-04T04:06:46,975,12.9,72.5,8.2,13.2,79.5,9.1
2025-07-04T06:07:17,1515,14,71.9,8.7,18.9,53.9,8.7
2025-07-04T08:07:12,1905,18.1,54.9,8.5,21.4,43.1,8.1
2025-07-04T10:06:49,2205,22.5,42.7,8.5,21.1,41.6,7.7
2025-07-04T12:06:23,1965,25.8,31.7,7.6,18.8,44.6,7.2
2025-07-04T14:05:39,1530,25.9,27.9,6.8,17.8,45.1,6.8
2025-07-04T16:06:08,1305,24.2,28.1,6.2,17.1,45,6.5
2025-07-04T18:06:15,1245,21.5,31.1,5.9,15.7,46.9,6.3
2025-07-04T20:05:43,675,17.7,34.9,5.3,12.9,55.9,6.3
2025-07-04T22:05:13,495,14.2,37.3,4.6,9.7,71,6.5
2025-07-05T00:04:45,495,10.6,39.3,3.8,8.1,79.4,6.6
2025-07-05T02:03:57,480,8.4,50.5,4.3,8.4,85.3,7.2
2025-07-05T04:03:25,495,8.7,69.9,6,10.7,87.9,8.6
2025-07-05T06:03:01,1680,11.9,90.7,9.6,17.1,65.4,9.5
2025-07-05T08:02:47,1890,19.1,63.9,10.5,17.2,67.9,9.9
2025-07-05T10:03:30,1965,24.1,49.4,10.8,19.8,59.2,10.1
2025-07-05T12:03:02,1635,28.3,37.1,10.3,17.9,67.1,10.2
2025-07-05T14:02:15,1410,27.9,33.1,9,17.3,63.1,9.3
2025-07-05T16:03:15,570,24.3,38.9,8.6,15.4,79.5,10.4
2025-07-05T18:03:46,510,20.8,44.9,8.1,13.3,93.1,10.8
2025-07-05T20:04:35,510,17.5,50.6,7.5,12.5,96.8,10.6
2025-07-05T22:04:00,480,15.3,49.9,6.5,12.1,100,10.7
2025-07-06T00:04:00,495,14.2,53.4,6.5,12.2,100,10.8
2025-07-06T02:04:22,495,13.6,65.9,7.8,12.5,100,11
2025-07-06T04:03:52,495,13.7,74.3,8.8,13.2,100,11.5
2025-07-06T06:03:02,750,14.5,83.4,10.4,14.3,99.2,12.2
2025-07-06T08:02:46,1320,16.3,85.6,11.9,14.7,99.3,12.5
2025-07-06T10:02:47,1110,17.5,80.4,12,15.4,99.6,13.1
2025-07-06T12:03:13,1080,18.2,77.8,12.1,15.8,98.6,13.3
2025-07-06T14:03:09,1215,18.1,81.1,12.5,15.7,100,13.4
2025-07-06T16:02:59,1050,18,77.6,11.9,15.5,99.8,13.2
2025-07-06T18:02:06,960,17.6,75.2,11.3,15,99.5,12.8
2025-07-06T20:01:30,885,16.8,74,10.6,14.1,99.9,12.1
2025-07-06T22:01:37,780,15.8,75.8,10.2,13.8,100,11.9
2025-07-07T00:00:50,750,15,79.6,10.2,13.9,100,12
2025-07-07T02:01:06,735,14.7,84,10.6,14.5,100,12.4
2025-07-07T04:00:28,825,14.8,87.2,11,15,99.7,12.8
2025-07-07T06:00:55,1155,15.4,90.1,11.8,15.3,98.3,12.8
2025-07-07T08:00:27,1350,16.3,88.4,12.3,16,94.7,12.9
2025-07-07T10:00:44,1365,17.4,87.1,12.9,16.7,95.6,13.6
2025-07-07T12:00:36,1920,19.1,86.4,14.2,19.1,82,13.4
2025-07-07T13:59:55,2460,23.4,65.8,13.8,20.8,65.8,11.9
2025-07-07T15:59:41,1275,23.6,56.9,12.1,18.3,82.3,12.9
2025-07-07T17:59:11,960,21.3,62.2,11.6,16.5,93.2,13.1
2025-07-07T19:59:07,615,19.2,65.7,10.8,15.8,97.2,13.1
2025-07-07T21:58:56,720,17.7,72.5,10.9,15.3,98.9,12.9
2025-07-07T23:59:40,825,16.6,78.7,11.1,15.1,100,12.9
2025-07-08T01:59:49,1080,16,86.4,11.8,15.1,100,12.9
2025-07-08T04:00:13,1320,15.8,91,12.2,15,100,12.8
2025-07-08T06:00:37,1410,15.9,92.8,12.6,15.2,100,13
2025-07-08T08:01:28,1455,16.6,94.3,13.3,16,100,13.6
2025-07-08T10:01:57,1350,17.6,86.1,12.9,15.9,100,13.5
2025-07-08T12:02:17,1260,19.3,73.6,12.2,16.1,95.1,13
2025-07-08T14:02:12,1095,19.6,63.6,10.7,15.8,87.9,11.8
2025-07-08T16:01:56,915,20.2,60.3,10.5,17.1,82.4,12
2025-07-08T18:01:49,795,20.8,61.1,11.1,16.5,92.5,13
2025-07-08T20:01:08,510,18.6,57.6,9.2,13.2,98.4,11.3
2025-07-08T22:01:12,495,15.5,55.1,7.3,11,100,10
2025-07-09T00:00:40,480,12.8,58.1,6.5,9.6,100,9.2
2025-07-09T02:00:11,480,10.6,67.1,6.5,10.1,100,9.5
2025-07-09T04:00:35,480,10.2,90.5,8.6,14.3,87.2,10.7
2025-07-09T06:00:29,1545,12.1,87.4,9.4,18.5,59.6,9.4
2025-07-09T07:59:48,1950,17.1,70.9,10.3,23.3,46.1,9.6
2025-07-09T10:00:21,2985,23.1,51.8,10.7,23.2,41.7,8.7
2025-07-09T12:00:16,2250,27.7,32,8.6,20.4,43.4,7.7
2025-07-09T14:01:02,1530,27.7,30.3,8.1,20.5,46.2,8.2
2025-07-09T16:01:22,1170,26.2,34.6,8.5,20.1,53.5,9.3
2025-07-09T18:02:02,1380,24.2,43.1,9.5,18.7,62.2,10
2025-07-09T20:01:49,900,20.9,42.4,7.7,16.6,62.9,8.9
2025-07-10T00:00:51,495,14.3,55,6.8,12.5,81.5,9
2025-07-10T02:01:41,495,12.3,59.5,6.5,11.2,86.7,8.8
2025-07-10T04:01:59,555,11.4,76.8,7.9,13.3,82.9,9.6
2025-07-10T06:01:20,1410,13.3,86,9.9,17.8,67.4,10.2
2025-07-10T08:01:26,1980,18.1,72,11.1,22.4,52.1,10.3
2025-07-10T10:00:57,1665,22.9,50.2,10.3,21.1,54.9,10.1
2025-07-10T12:00:10,2025,25.2,44.2,10.3,20.5,53.7,9.6
2025-07-10T13:59:45,1365,25.1,39.6,9.2,19.5,57,9.6
2025-07-10T15:59:05,1125,23.4,43.5,9.1,19.2,60.7,10
2025-07-10T17:59:45,885,20.8,50,9.1,17.1,71.9,10.5
2025-07-10T19:59:09,825,18.2,60.6,9.4,15.1,84.9,10.9
2025-07-10T21:58:39,750,16.3,65.9,9.1,14.7,85.4,10.7
2025-07-10T23:59:11,975,15.2,71.7,9.3,14.8,82.4,10.4
2025-07-11T01:59:33,1035,14.5,74.9,9.3,14.8,81.3,10.3
2025-07-11T03:59:35,1245,14.7,78.7,9.9,16.1,76.6,10.5
2025-07-11T05:58:51,1245,15.6,76.6,10.2,15.9,80.6,10.9
2025-07-11T07:59:33,1260,16.3,78.3,10.9,16.4,82.6,11.5
2025-07-11T10:00:32,1290,17.2,78.2,11.4,16.9,84.1,12.1
2025-07-11T12:00:07,1380,18.8,76.2,12.3,18.3,81.4,12.7
2025-07-11T14:00:10,1725,21.4,71.2,13.3,20.2,75.1,13.1
2025-07-11T15:59:28,1410,24,60,13.1,21.1,73.8,13.6
2025-07-11T17:59:24,1095,22.7,60.9,12.3,20,77.9,13.5
2025-07-11T20:00:04,990,20.4,67.8,12,18.8,83.6,13.5
2025-07-11T22:00:38,960,18.7,76.1,12.2,18.8,85.7,13.8
2025-07-12T00:01:21,1110,18,81.7,12.5,18.1,88,13.6
2025-07-12T02:01:00,1185,17.5,85,12.7,17.6,90.5,13.6
2025-07-12T04:00:14,1215,17.2,88,12.9,18.1,89.7,13.9
2025-07-12T05:59:55,1365,18.3,93.4,14.6,21.5,80.9,15.3
2025-07-12T08:00:25,2190,23,87.3,17.9,29.1,56.2,16.2
2025-07-12T10:00:20,1980,29.2,60.3,17.5,29.3,56.4,16.5
2025-07-12T12:00:26,1995,33.8,45.9,17.1,26.7,63.3,16
2025-07-12T14:00:37,1500,33.5,42.9,15.7,24.1,73.8,16.2
2025-07-12T16:00:44,1395,32.6,46.1,16.1,26.1,68.6,16.8
2025-07-12T18:00:27,1035,29.4,50.3,14.8,24.2,74.7,16.4
2025-07-12T20:00:18,825,25.9,55.6,13.5,21.2,84.7,15.7
2025-07-12T21:59:46,510,22.6,58.6,11.8,18.8,89.4,14.4
2025-07-13T00:00:04,495,20,62.7,10.8,17.9,88.4,13.5
2025-07-13T02:00:07,705,18.6,74.9,11.9,17.6,94.6,14.2
2025-07-13T03:59:48,1065,18.5,89.2,14.1,19.9,91,15.6
2025-07-13T05:59:56,1350,20.2,95.3,16.7,23.7,81.3,17.4
2025-07-13T07:59:49,2130,25.2,82.7,19.3,29.1,60.4,17.5
2025-07-13T10:00:14,1905,30.5,54.6,17,28.2,58.8,16.2
2025-07-13T11:59:32,1920,34.8,45.2,17.7,27.2,64.3,16.7
2025-07-13T13:59:27,1665,34.4,39.8,15.3,25.2,65.5,15.3
2025-07-13T15:59:15,1320,33.2,39.2,14.1,25.4,63.6,15
2025-07-13T17:59:42,1560,30.7,48.4,15.3,25.3,66.4,15.5
2025-07-13T20:00:26,930,26.6,53.7,13.5,22.7,76.2,15.4
2025-07-13T22:00:45,750,23.6,59.6,12.7,20.7,83.4,15
2025-07-14T00:00:26,555,21.1,63.1,11.6,19.3,85.5,14.2
2025-07-14T02:00:36,510,19.2,66.5,11,17.9,89.2,13.6
2025-07-14T04:00:03,930,18.4,86.9,13.7,21.9,80.5,15.5
2025-07-14T06:00:45,1830,20.4,90.8,16.1,26.8,60.8,15.5
2025-07-14T08:01:10,2190,26,70.7,17.2,31.3,48.1,15.7
2025-07-14T10:00:52,2145,32.5,46.3,16.1,30.7,46.6,14.7
2025-07-14T12:01:12,2100,36.7,36.6,15.8,27.9,54.4,14.7
2025-07-14T14:01:29,1830,37.2,31.9,14.2,26.6,54.4,13.7
2025-07-14T16:01:57,1335,34,34,12.8,24.1,62.3,13.6
2025-07-14T18:01:20,975,29.1,44.1,12.7,22.3,73.1,14.4
2025-07-14T20:01:43,690,25.7,51.3,12.3,20.4,83.2,14.7
2025-07-14T22:01:17,510,22.5,55.5,11.1,19,88.6,14.4
2025-07-15T00:01:47,510,19.9,60.3,10.4,17.9,92.1,14.1
2025-07-15T02:01:45,510,18.1,76.4,11.8,17.9,96.4,14.7
2025-07-15T04:02:15,930,18.2,92.1,14.3,21.3,86.7,16.2
2025-07-15T06:01:39,1470,20.4,96,17,29.2,59.8,17.4
2025-07-15T08:01:08,3255,26,70,17,32.5,37,12.8
2025-07-15T10:00:31,2070,33.3,42.3,15.3,30.1,46.6,14.2
2025-07-15T11:59:46,2250,34.7,36.8,14.3,27.9,47.6,12.9
2025-07-15T13:59:03,1935,36.5,30.8,13.2,27.6,46.9,12.5
2025-07-15T15:58:49,1215,35,35.3,14,25,65.3,15
2025-07-15T17:58:21,975,29.5,44.5,13.1,22,76.9,14.9
2025-07-15T19:57:38,495,25,53.4,12.3,19,98.9,16.1
2025-07-15T21:58:33,495,21.6,52.3,9.9,17.5,100,14.9
2025-07-15T23:59:12,495,18.7,57.3,9.2,17.2,100,14.6
2025-07-16T01:59:09,495,16.8,71.6,10.2,16.7,100,14.2
2025-07-16T03:58:46,495,16.6,96.1,13.6,20.2,100,17.5
2025-07-16T05:59:25,510,19.1,99.3,16.3,26.7,81.1,20.5
2025-07-16T08:00:07,3405,23.3,90.4,18.9,31.4,39,12.8
2025-07-16T10:00:22,2295,31.3,39.1,12.7,29.6,37.9,11.3
2025-07-16T11:59:39,2310,33.9,32.1,12,27.2,41.1,10.7
2025-07-16T13:59:09,2025,35.4,24.8,10,27.2,36,9.4
2025-07-16T15:59:03,1455,33.3,26,9.4,27,38,9.8
2025-07-16T17:58:48,1800,30.1,33,10.1,25.4,41.4,9.7
2025-07-16T19:59:38,1080,25.2,40.5,9.4,19.9,60.5,10.4
2025-07-16T21:58:57,495,20.2,44.7,7.8,16.3,69.5,9.6
2025-07-16T23:59:00,495,16.6,49.8,7,15,78.3,10
2025-07-17T01:59:33,495,14.4,58.4,7.2,14.5,83.2,10.3
2025-07-17T04:00:15,885,14.2,80.4,9.8,19.4,67.1,11.2
2025-07-17T06:00:29,1395,17.1,85.1,12.4,29.2,44.6,13
2025-07-17T08:00:29,1740,24.5,62.3,13.9,35,34.5,13.7
2025-07-17T10:01:18,2115,32.1,41,13.9,33.1,35.6,12.8
2025-07-17T12:01:58,2160,37,30.7,13.5,29.5,41.5,12.3
2025-07-17T14:02:38,1905,36.9,27.9,12.2,28.6,41.6,11.7
2025-07-17T16:02:29,1455,34.2,29.2,11.1,27.2,44,11.5
2025-07-17T18:03:04,1380,30.6,36.6,11.5,25.2,51.7,12
2025-07-17T20:03:26,720,26.1,37,9.1,22.5,53.8,10.7
2025-07-17T22:03:22,495,22.6,43.3,8.7,20.4,64.2,11.4
2025-07-18T00:04:02,510,19.6,48.4,8.2,18,72.9,11.2
2025-07-18T02:04:26,495,17.1,54.3,7.9,16.4,74.6,10.4
2025-07-18T04:05:04,855,16,70.1,9.5,20.4,62.5,11.1
2025-07-18T06:04:10,1920,18,71,10.9,26,42.3,10.3
2025-07-18T08:03:57,2490,23.7,48.4,10.4,27,34.2,8.8
2025-07-18T10:03:08,2160,29.3,32.4,9.5,26.4,34.5,8.6
2025-07-18T12:02:46,2295,32.3,28.7,9.9,24,40.2,8.7
2025-07-18T14:02:13,1920,33.8,25,9.3,23.9,40.9,8.8
2025-07-18T16:02:28,1560,32.1,25.6,8.7,23.6,41.7,8.9
2025-07-18T18:02:32,1710,29.3,31.1,9.1,22.9,44,9
2025-07-18T20:01:50,1125,25,37.5,8.6,18.7,59,9.4
2025-07-18T22:02:27,675,20.4,44.2,7.8,16,69.3,9.4
2025-07-19T00:02:32,495,17.9,50.6,7.7,15.8,72,9.7
2025-07-19T04:02:54,810,15.9,75.5,10.2,18.7,74.2,11.9
2025-07-19T06:03:12,1605,18.7,85.8,13.7,25.5,58.1,13.8
2025-07-19T08:03:40,2835,24.9,63.6,14.6,28,45,12.2
2025-07-19T10:03:25,2115,30.9,34.6,11,26.7,40,10.1
2025-07-19T12:03:08,2775,34,28.3,10.6,24.9,39.6,9.1
2025-07-19T14:03:18,2115,36.1,23.3,9.8,24.3,40.7,9
2025-07-19T16:03:46,1560,34.4,24.1,9.3,24.1,42.9,9.4
2025-07-19T18:03:30,1440,31.3,31,10.1,23.4,49.7,10.5
2025-07-19T20:03:01,780,26.2,36.2,8.9,19.2,63.2,10.4
2025-07-19T22:03:42,495,22.1,38.5,7.5,16.5,73.8,10.4
2025-07-20T00:03:20,495,18.4,46.4,7.3,14.7,81.5,10.3
2025-07-20T02:02:42,495,16.3,53.6,7.4,14.3,84.7,10.4
2025-07-20T04:02:02,615,15.7,72.9,9.7,18.8,72.8,11.7
2025-07-20T06:02:02,1395,18.3,78.2,12.2,27.2,48.7,12.7
2025-07-20T08:02:18,2475,24.9,53.8,12.3,29.6,35.6,10.6
2025-07-20T10:03:02,2310,32.7,33,11.6,29.1,35.7,10.3
2025-07-20T12:03:46,2505,38.2,24.7,11.5,26.5,39.7,9.9
2025-07-20T14:03:19,1905,39.2,20.7,10.2,25.7,40.6,9.7
2025-07-20T16:02:40,1665,37.1,23.5,10.4,25.8,43.1,10.4
2025-07-20T18:03:26,1320,34.6,26.8,10.4,25.5,46.7,11.1
2025-07-20T20:03:45,1020,30.1,31.1,9.5,22.1,54.6,10.7
2025-07-20T22:03:39,720,25.4,38.1,9,19.3,64,10.6
2025-07-21T00:03:17,495,21.8,45.9,8.8,17.2,75.2,11
2025-07-21T02:03:39,555,20,53.1,9.2,17.3,75.8,11.2
2025-07-21T04:04:25,915,19.3,63.2,10.5,19.9,69.7,12
2025-07-21T06:04:31,1200,20.8,66.6,12.1,24.4,58.3,13
2025-07-21T08:04:43,1980,26.2,58.9,14.5,28.6,48.2,13.6
2025-07-21T10:04:32,1815,31.6,41.8,13.8,26.9,52.4,13.4
2025-07-21T12:03:49,1305,32.2,43.6,14.9,23.3,75.7,15.8
2025-07-21T14:04:24,1200,29,50.9,14.6,22.8,77.5,15.7
2025-07-21T16:04:29,1110,27.9,55.3,15,21.8,86.2,16.5
2025-07-21T18:04:20,1200,26.2,61.6,15.2,22.3,82.6,16.3
2025-07-21T20:05:07,1035,24,62.7,13.6,20.6,85.2,15.2
2025-07-21T22:05:09,870,21.4,64.2,12,18.9,85.6,13.9
2025-07-22T00:05:02,930,19.5,70.4,11.8,18.6,83.8,13.3
2025-07-22T02:04:28,885,18.7,76.6,12.3,18.5,89,14.1
2025-07-22T04:05:16,975,18.5,83,13.1,18,95.6,14.7
2025-07-22T06:04:54,1245,18.8,90.5,14.6,19.2,94.6,15.6
2025-07-22T08:05:14,1875,21.2,89.3,16.5,21.8,82.7,15.9
2025-07-22T10:05:00,1875,26,69.6,17,25.8,67,16.1
2025-07-22T12:05:32,2355,29.8,49.6,14.9,26.6,51.7,13
2025-07-22T14:05:39,1455,30.6,38.2,12,26.8,48.4,12.3
2025-07-22T16:05:32,1320,29.6,41.4,12.3,26.9,51.2,13.1
2025-07-22T18:05:45,975,26.6,51.5,13,23,71.1,14.6
2025-07-22T20:05:29,825,23.8,58.2,12.5,21.3,78.3,14.6
2025-07-22T22:05:59,885,21.2,67.5,12.5,19.9,83.6,14.4
2025-07-23T00:05:40,855,19.4,73.7,12.3,18.8,88.2,14.2
2025-07-23T02:05:36,930,18,78.8,12.1,17.9,89.8,13.7
2025-07-23T04:04:46,1035,17.5,89.7,13.4,20.4,84.5,14.9
2025-07-23T06:05:35,1890,19.9,93.1,16,26.5,60.9,15.3
2025-07-23T08:05:28,1935,26,68.9,16.8,32.4,45.8,15.8
2025-07-23T10:05:02,1890,29.8,46.4,13.9,28.3,48.1,13.3
2025-07-23T12:04:26,1920,29.8,48.9,14.7,26.5,55.6,13.9
2025-07-23T14:04:55,1935,31.8,38.3,12.8,25.9,50,12.1
2025-07-23T16:04:43,1380,30.4,37.5,11.6,25.7,50.8,12.2
2025-07-23T18:04:52,1440,27.6,45.2,12,24.8,54.6,12.4
2025-07-23T20:05:01,1020,24.1,52.9,11.6,20.7,71.3,12.8
2025-07-23T22:05:55,720,20.4,60.7,10.7,18.3,82,12.8
2025-07-24T00:06:34,495,17.8,64.6,9.8,17.2,88.1,12.9
2025-07-24T02:06:54,495,16,73.2,10,17,93.1,13.5
2025-07-24T04:07:19,750,16.3,92.5,12.8,21.2,81.6,15.1
2025-07-24T06:07:23,1770,19.2,98,16.2,29.4,53.8,15.8
2025-07-24T08:07:35,2985,25.8,66.4,16,33,35.7,12.7
2025-07-24T10:06:52,2250,33.1,33.7,12.1,31,33.9,10.9
2025-07-24T12:06:47,2280,36.7,30.3,13.1,28.2,42.4,11.7
2025-07-24T14:07:06,2055,36.8,27,11.7,28.1,40,10.9
2025-07-24T16:06:53,1785,33.9,27,10.1,27.8,36.5,9.8
2025-07-24T18:07:22,1410,30.5,38.7,12.1,25.8,52.3,12.6
2025-07-24T20:07:20,885,25.4,45.9,10.8,20.9,68.7,12.5
2025-07-24T22:06:34,495,20.8,50.8,9.2,17.9,78.5,12
2025-07-25T00:06:23,495,17.3,54.5,8,16.2,84.2,11.6
2025-07-25T02:06:45,495,15,61.3,7.9,15.4,86.4,11.3
2025-07-25T04:05:55,495,14.4,86.9,10.7,19.9,80.2,13.8
2025-07-25T06:06:10,1935,17.9,99.8,15.2,29.7,48.2,14.4
2025-07-25T08:06:46,2445,25.9,66,16,35.4,34.3,13.9
2025-07-25T10:06:24,2310,33.7,36.7,13.6,32.9,34.1,12.1
2025-07-25T12:05:43,2100,37.2,28,12.4,29.5,39,11.5
2025-07-25T14:06:04,1935,37.7,25.7,11.7,28.8,39,11.1
2025-07-25T16:06:52,1560,35.6,26.9,11,28.1,41,11.2
2025-07-25T18:06:20,1455,31.5,34.8,11.5,26.3,48,11.9
2025-07-25T20:05:33,735,26.4,41.7,10.4,22,63.3,12.3
2025-07-25T22:05:13,510,22.5,46.2,9.2,18.9,74.6,12.1
2025-07-26T00:04:43,510,19.3,49.2,8.2,17.5,79.8,11.9
2025-07-26T02:04:04,495,16.8,55.2,7.9,16.3,84.9,11.8
2025-07-26T04:03:35,510,16.2,80.4,11.1,20.9,75,13.7
2025-07-26T06:02:52,1380,19.3,93.7,15.5,28.6,57.8,16.3
2025-07-26T08:02:11,2475,26.1,68.7,16.8,32.1,42.5,14.4
2025-07-26T10:02:42,2025,33.2,40.9,14.7,29.5,46.7,13.8
2025-07-26T12:02:08,2040,37,32.9,14.5,27.5,51.3,13.6
2025-07-26T14:01:28,1635,37.9,29.5,13.6,26.8,53.6,13.6
2025-07-26T16:01:09,1485,36.8,32.1,14,25.8,59.7,14.4
2025-07-26T18:00:47,1110,33.2,37.6,13.5,24.5,66.4,14.9
2025-07-26T20:00:40,630,29.1,42.2,12.2,21.6,77.7,14.7
2025-07-26T22:00:34,510,25.5,44.1,10.4,19.7,82.8,14.1
2025-07-27T00:00:41,510,22,47.4,9.2,18,87.7,13.5
2025-07-27T02:00:35,495,19.4,51.6,8.6,17,89.5,12.9
2025-07-27T04:00:18,510,18.4,77.6,12.2,20.7,85.1,15.3
2025-07-27T06:01:02,1575,21,89.5,16.4,29,57.2,16.4
2025-07-27T08:00:36,2535,27.5,64.5,17.1,29.7,48.7,14.5
2025-07-27T10:01:26,1815,33.8,42.6,15.8,28.5,54.7,15.3
2025-07-27T12:02:08,2160,38.1,30,13.9,26.9,49.6,12.7
2025-07-27T14:01:25,1995,39.9,24.8,12.6,26.3,47.8,11.8
2025-07-27T16:01:30,1140,37.8,27.6,12.6,25.4,59.1,13.9
2025-07-27T18:02:07,780,34.3,34.1,13,24.2,70.2,15.4
2025-07-27T20:01:45,525,30.5,37.8,11.8,22.7,79.6,16.1
2025-07-27T22:01:05,525,26.6,39.6,10,21.1,85,15.7
2025-07-28T00:01:13,510,23.8,44.5,9.6,19.3,88.8,14.7
2025-07-28T02:00:31,510,21,50.4,9.2,18.4,91.8,14.4
2025-07-28T04:00:45,495,19.7,71.4,12.1,20.1,90.3,15.7
2025-07-28T06:00:53,1470,21.5,86.1,16.2,25.3,71.1,16.6
2025-07-28T08:01:17,2010,26.4,71.2,17.7,27,64,16.5
2025-07-28T10:00:31,2025,32.3,47.3,16.2,26.7,59.4,15
2025-07-28T12:00:19,1965,36.6,36.7,15.8,26.5,59.6,14.9
2025-07-28T14:00:45,1560,38.2,31.3,14.6,25.4,63.3,14.9
2025-07-28T16:00:46,1290,36.7,31.3,13.5,25.2,62.4,14.5
2025-07-28T18:01:33,840,33.5,35.8,13.1,24.4,68.5,15.2
2025-07-28T20:02:13,510,29.9,40.9,12.3,22.9,76.6,15.7
2025-07-28T22:02:00,510,27.1,44.8,11.6,22.3,81.9,16.2
2025-07-29T00:02:48,510,26,46.6,11.3,22.3,81.6,16.1
2025-07-29T02:02:32,510,25,52.8,12.2,21.7,89.7,17.1
2025-07-29T04:03:15,510,24.3,60.7,13.4,21.5,91.5,17.3
2025-07-29T06:04:03,780,24.3,65.6,14.5,22.3,86.9,17.2
2025-07-29T08:03:50,1485,25.4,71.4,16.8,24.2,78.2,17.2
2025-07-29T10:04:07,1245,27.7,60.1,16.1,22.9,84.1,17.2
2025-07-29T12:04:06,615,26.6,58.5,14.7,22.7,88.5,17.9
2025-07-29T14:04:51,1080,26.5,60.3,15.1,24.1,76.2,16.7
2025-07-29T16:04:54,1170,26.4,59.6,14.8,24.1,73.6,16.1
2025-07-29T18:05:05,1095,25.9,58.7,14.2,23.1,75.7,15.6
2025-07-29T20:05:11,915,24.5,60.8,13.6,22.4,78.5,15.6
2025-07-29T22:06:01,735,22.9,64.3,13.1,21.5,83.3,15.7
2025-07-30T00:05:57,735,22.2,68.1,13.4,20.4,89.9,15.9
2025-07-30T02:06:33,765,21.2,71.6,13.3,19.7,92.5,15.7
2025-07-30T04:05:58,1065,21,79.5,14.6,21.1,87.8,16.2
2025-07-30T06:05:15,1575,22.8,83.1,16.9,25,74.1,17.1
2025-07-30T08:05:51,1785,25.9,70.2,17,25.1,71.2,16.5
2025-07-30T10:05:47,2835,31,57.9,18.6,28.7,55.5,15.7
2025-07-30T12:05:08,1890,35.8,38,15.7,27.3,57.3,15
2025-07-30T14:05:24,1800,38.1,31.6,14.7,27.8,53,14.3
2025-07-30T16:05:38,1365,37.1,29,12.8,27.6,50.7,13.5
2025-07-30T18:05:32,1110,34.2,32.9,12.5,26.3,55.7,13.8
2025-07-30T20:06:13,570,30.7,38.2,12,24.2,66.6,14.7
2025-07-30T22:06:12,570,26.9,44.2,11.3,21.9,74.3,14.3
2025-07-31T00:06:33,510,24.8,49.8,11.3,21,77.1,14.1
2025-07-31T02:06:41,510,23.1,57.3,11.8,20.5,84.2,15
2025-07-31T04:06:52,795,22.4,73.6,14.6,23.1,82.7,17.1
2025-07-31T06:07:40,1215,24.3,76.4,16.9,27.7,67.9,18.2
2025-07-31T08:07:45,2850,28.8,67.2,19.1,30.9,50.4,16.1
2025-07-31T10:07:45,2370,35.7,38.7,15.9,29.7,46.8,14
2025-07-31T12:08:09,1500,39.2,31,15.2,27.5,59.2,15.7
2025-07-31T14:07:36,1260,37.4,32.6,14.6,25.1,67.9,15.7
2025-07-31T16:06:52,1260,35.1,36.1,14.4,25,67.3,15.5
2025-07-31T18:07:41,1080,32.7,40.8,14.3,24.3,71.8,15.9
2025-07-31T20:07:32,510,29.6,43.7,13,22.9,79.3,16.2
2025-07-31T22:07:56,510,26.3,47.6,11.8,20.7,86.1,15.5
2025-08-01T00:07:26,510,24.1,54.8,12,19.5,89.7,15.1
2025-08-01T02:07:25,510,22.1,56.7,11.1,18.8,92.7,14.9
2025-08-01T04:07:42,615,21.1,69.3,12.8,20.1,88.3,15.3
2025-08-01T06:07:29,1395,22.4,73.8,14.7,22.5,76.5,15.3
2025-08-01T08:07:15,1665,25.2,63.9,14.9,23.5,69.7,14.7
2025-08-01T10:07:34,2445,29.9,52.8,15.9,25.8,57.1,13.8
2025-08-01T12:07:12,1335,32.7,39.7,13.9,24.4,66.3,14.8
2025-08-01T14:07:26,1545,32.9,38.5,13.7,23.9,63.8,13.8
2025-08-01T16:07:06,960,32.1,38.5,13.1,22.8,72.9,14.8
2025-08-01T18:06:50,525,29.5,42.3,12.5,21.1,85.5,15.8
2025-08-01T20:07:37,540,26.6,45.4,11.4,20.3,89.5,15.7
2025-08-01T22:08:04,540,25.1,52.3,12.1,19.4,90.3,15.1
2025-08-02T02:08:04,525,21.9,56.7,10.9,17.2,95.1,13.9
2025-08-02T04:08:23,525,19.9,62.8,10.8,16,97.3,13.3
2025-08-02T06:08:02,945,19,79.3,12.9,18.8,90.7,14.6
2025-08-02T08:08:05,1620,21.3,80.4,15,23.4,71.1,15
2025-08-02T10:07:28,2790,25.6,56.6,13.5,25.6,47.5,11.3
2025-08-02T12:07:22,2040,28.8,40.1,11.4,23.4,49.8,10.5
2025-08-02T14:07:12,1725,28.8,37,10.5,22.5,51.9,10.4
2025-08-02T16:07:58,1050,26.5,40.7,10.2,22.6,56.5,11.4
2025-08-02T18:07:39,1215,24.3,48.7,10.8,21.2,62.4,11.6
2025-08-02T20:08:06,585,21,57.2,10.5,18.9,78,12.6
2025-08-02T22:08:39,525,18.1,58.1,9,16.3,86.3,12
2025-08-03T00:09:25,465,15.5,62.5,8.3,15,90.6,11.6
2025-08-03T02:10:21,465,13.5,68.1,8,14.3,93.8,11.5
2025-08-03T04:10:13,465,12.5,89.4,9.8,17.7,89.4,13.5
2025-08-03T06:10:28,1005,15.2,99.6,12.9,24.9,62.9,14.4
2025-08-03T08:11:05,3450,21.5,96.2,18.1,27,48.4,12.5
2025-08-03T10:10:21,1860,29.4,43.5,12.8,26.2,49.7,12.2
2025-08-03T12:10:47,1845,31.5,40.1,13.2,25.3,54.2,12.7
2025-08-03T14:10:58,1470,31.9,38.8,13,24.4,60,13.4
2025-08-03T16:11:43,945,28.8,41.8,11.9,23.6,63.7,13.5
2025-08-03T18:10:55,525,25.4,49.9,11.8,22.2,73.2,14.4
2025-08-03T20:11:42,525,22,53.3,10.3,20.7,82.4,14.8
2025-08-03T22:10:57,525,20.1,60.8,10.6,20.2,86.4,15.1
2025-08-04T00:10:23,540,18.8,64.2,10.3,19.5,88.7,14.9
2025-08-04T02:10:49,525,17.4,68.6,10.2,19.1,90.3,14.8
2025-08-04T04:10:37,540,17.2,83.8,12.3,21.3,87.3,16.3
2025-08-04T06:10:22,1785,19.6,92.9,15.7,25.9,62.9,15.2
2025-08-04T08:11:00,2355,25.2,70,16.3,27.2,55,14.3
2025-08-04T10:10:11,1935,30.3,50.3,15.5,27.9,54.3,14.7
2025-08-04T12:10:27,1935,33.1,43,15.4,27.2,55.9,14.6
2025-08-04T14:10:54,1365,33.1,38.6,13.8,26.1,59.5,14.6
2025-08-04T16:10:20,540,26.4,47.3,11.8,19.1,89.6,14.7
2025-08-04T18:09:34,525,22.8,60.3,12.3,19,92.6,15.1
2025-08-04T20:08:55,525,20.6,62.7,11.2,18.1,94,14.5
2025-08-04T22:09:23,525,18.9,65.4,10.6,17.9,92.1,14.1
2025-08-05T00:09:04,465,17.3,67.8,10,17.2,100,14.6
2025-08-05T02:09:53,480,16.8,77.4,11.1,17.9,99.4,15.2
2025-08-05T04:09:02,600,16.9,84.4,12.1,18,95.3,14.6
2025-08-05T06:09:54,1380,18.1,90,13.9,19.1,88.4,14.5
2025-08-05T08:09:11,1845,21,76.8,14.1,21.1,73.2,13.5
2025-08-05T10:08:30,1620,23,61,12.5,20.6,69.7,12.5
2025-08-05T12:08:32,1515,23.1,60.7,12.5,21.1,69.8,12.9
2025-08-05T14:08:10,1035,22.4,60.5,12,19.3,80.4,13.3
2025-08-05T16:08:36,840,20.7,70.6,12.7,17.6,97.3,14.6
2025-08-05T18:07:50,930,19.7,75.5,12.8,17.8,95.5,14.5
2025-08-05T20:07:13,735,18.3,73.7,11.5,16.8,95.2,13.6
2025-08-05T22:07:08,735,16.7,73.3,10.4,15.4,92.7,12.2
2025-08-06T00:06:18,525,14.8,73.9,9.4,14.4,97.4,12
2025-08-06T02:07:00,480,14,84.7,10.2,15.8,94.7,12.7
2025-08-06T04:07:37,1380,14.4,94.1,11.6,16.7,85.2,12.1
2025-08-06T06:07:10,2295,16,84,11.4,20.2,58.1,10.2
2025-08-06T08:06:58,2265,19,72.6,11.8,19.3,63.3,10.5
2025-08-06T10:06:08,2220,21.8,57.4,11,20.2,56.6,9.9
2025-08-06T12:05:50,2160,22.6,51.2,10.3,19.6,55.4,9.4
2025-08-06T14:05:38,1845,22.9,45.6,9.3,18.9,55.2,8.9
2025-08-06T16:04:58,1305,21.6,45.7,8.7,18.1,59.2,9.1
2025-08-06T18:04:15,795,18.9,52.6,8.5,16.3,70.9,9.8
2025-08-06T20:04:19,480,16.5,59.4,8.3,15.2,83,10.8
2025-08-06T22:04:54,465,15.1,64.1,8.3,13.2,91.2,10.5
2025-08-07T00:04:00,465,14.2,66.1,8.1,12.9,94,10.6
2025-08-07T02:03:57,465,12.8,65.9,7.4,11.8,95.9,10.1
2025-08-07T04:04:39,465,11.4,75.6,7.8,14,93.8,11.3
2025-08-07T06:04:39,795,12.7,94.1,10.5,21.1,66.2,12.2
2025-08-07T08:04:36,3375,17.7,94.1,14.2,24.5,46.8,10.5
2025-08-07T10:04:55,1650,23.5,51.8,11,22.9,53.2,10.9
2025-08-07T12:05:03,1665,24.3,50.3,11.1,21.8,57.3,11
2025-08-07T14:05:03,1725,25.7,46.9,11.2,21.1,59.5,11
2025-08-07T16:04:17,1215,24.8,46.5,10.6,19.6,67.3,11.4
2025-08-07T18:04:46,945,21.6,51.3,9.7,17.6,73.3,11
2025-08-07T20:04:34,525,18.2,54,8.4,15.3,81.2,10.6
2025-08-07T22:04:01,465,15.5,55.6,7.3,13,87.6,9.9
2025-08-08T00:04:48,465,12.9,60.3,6.8,12,90.9,9.7
2025-08-08T02:04:12,465,11.1,66.4,6.7,11.7,93.8,9.8
2025-08-08T04:04:07,465,10.2,78.5,7.5,13.7,95.6,11.3
2025-08-08T06:04:17,525,12.7,100,11.1,18.3,86.4,13.5
2025-08-08T08:04:32,1905,16.1,100,13.7,18.9,80,13
2025-08-08T10:04:35,2025,20.8,68.2,12.3,19.9,66.4,11.4
2025-08-08T12:03:54,2070,21.8,70.2,13.5,17.6,82.6,12.4
2025-08-08T14:03:30,1245,26.2,46.2,11.4,18,79.3,12.2
2025-08-08T16:04:04,1185,21.7,57.8,11,16.2,85.9,11.8
2025-08-08T18:04:11,1065,20.2,62.8,11,15.3,93.2,12.2
2025-08-08T20:04:52,465,17.3,59.9,8.8,13.2,95.3,10.9
2025-08-08T22:04:34,480,14.6,60.9,7.6,11.8,97.2,10.2
2025-08-09T00:03:50,465,12.6,67.4,7.5,11.8,98.8,10.4
2025-08-09T02:03:28,465,11,71.2,7.1,10.8,99.6,9.8
2025-08-09T04:02:42,465,9.7,79.4,7.3,12.1,99.2,10.6
2025-08-09T06:03:21,465,11.2,100,10.1,19.3,86.3,14.3
2025-08-09T08:03:35,2145,17.8,100,15.2,24,63.4,13.8
2025-08-09T10:03:45,2880,23.5,74.4,15.7,24,59.9,13
2025-08-09T12:03:01,1665,26.4,48.5,12.1,23.1,57.6,11.9
2025-08-09T14:02:57,1485,26.4,49,12.2,21.6,66.2,12.6
2025-08-09T16:02:14,1290,25.4,49.3,11.6,20.9,67.7,12.3
2025-08-09T18:01:48,1155,22.1,48.9,9.5,18.5,65.5,10.4
2025-08-09T20:01:47,465,18.5,55.8,8.8,15.4,83.2,10.9
2025-08-09T22:01:23,465,15.7,56.4,7.5,13.2,90.4,10.4
2025-08-10T00:01:45,465,13.7,62.4,7.4,12.4,92.4,10.1
2025-08-10T02:02:09,465,11.7,65.3,6.8,11.3,94.6,9.6
2025-08-10T04:01:40,465,10.3,74.4,7.1,12.5,96.7,10.6
2025-08-10T06:02:03,465,11.2,95,9.6,17.2,92.1,13.5
2025-08-10T08:01:48,1605,15.7,100,13.4,21.1,72.9,13.4
2025-08-10T10:01:38,2865,22.5,67.5,13.5,23.5,53.4,11.3
2025-08-10T12:01:45,1350,23.3,59.6,12.5,19.8,76.8,13.1
2025-08-10T14:01:25,1515,23.3,54.9,11.5,18.9,71.5,11.6
2025-08-10T16:01:58,1410,23.2,55.8,11.6,19.1,73.7,12.1
2025-08-10T18:02:02,1170,21.4,56.6,10.6,17.9,75.5,11.5
2025-08-10T20:02:29,840,18.2,59.2,9.2,15.4,81.1,10.7
2025-08-11T00:03:40,465,13.5,69.9,8.2,12.4,92.7,10.1
2025-08-11T02:02:46,465,12.3,74.3,8.1,11.7,96.7,10.1
2025-08-11T04:03:26,465,11.8,85.3,9,13.2,95.6,11
2025-08-11T06:02:39,1005,13.2,97.2,11.2,20.2,71.1,12.4
2025-08-11T08:02:38,2430,18.3,92.6,14.5,25.2,53.7,12.5
2025-08-11T10:02:46,2175,24.7,50.2,11.4,24,47.2,10.3
2025-08-11T12:02:30,1620,27.8,35,9.4,21.7,49,9.3
2025-08-11T14:02:23,1635,29.2,30.6,8.9,21.7,46.6,8.9
2025-08-11T16:02:21,990,26.5,31.8,8,21,48.9,9
2025-08-11T18:02:07,780,22.8,38.4,7.8,18.5,58.1,9.2
2025-08-11T20:02:31,525,19,41.7,6.8,14.9,69.9,8.9
2025-08-11T22:02:45,465,15.6,46.2,6.1,12.8,77.7,8.7
2025-08-12T00:02:06,465,13.3,51.7,6,11.8,84.3,8.9
2025-08-12T02:02:31,465,11.5,55.8,5.8,10.6,88.5,8.6
2025-08-12T04:03:04,465,10.5,63.9,6.2,11.2,89.6,9.1
2025-08-12T06:03:15,510,11.4,83.4,8.6,13.4,90.1,10.5
2025-08-12T08:02:56,1275,13.9,92.2,11,16.1,85.2,11.7
2025-08-12T10:02:25,3045,21.2,72.9,13.5,21.9,56.7,10.9
2025-08-12T12:03:16,480,18.5,56.1,8.9,12.5,99.4,10.9
2025-08-12T14:02:44,765,14.4,91.7,11.3,15.7,99.3,13.3
2025-08-12T16:02:30,1230,17.7,83.4,12.6,16.4,95.8,13.4
2025-08-12T18:03:11,840,19,68.1,11.1,15.1,99.3,12.8
2025-08-12T20:03:40,525,16.8,61.4,8.8,12.9,100,11.3
2025-08-12T22:04:12,465,14.6,66,8.3,12.2,100,10.8
2025-08-13T00:04:34,465,13,68.1,7.7,10.9,100,9.9
2025-08-13T02:04:42,465,11.6,70.7,7.3,10,100,9.4
2025-08-13T04:04:20,465,10.8,80.2,7.9,12,100,10.7
2025-08-13T06:04:03,465,11.6,96,10,19.3,78.7,13.1
2025-08-13T08:03:27,2085,15.4,100,13.1,25.4,51,12
2025-08-13T10:03:36,2190,22.6,53.3,10.7,23.1,46.6,9.6
2025-08-13T12:03:46,1980,26.4,38.2,9.5,22.1,45.8,8.9
2025-08-13T14:03:38,1590,27.7,30.9,8.3,21.5,44.6,8.4
2025-08-13T16:04:04,1080,26,33.5,8.2,20.8,49.5,9
2025-08-13T18:04:26,840,22.7,43.2,8.7,18.5,63.9,10.1
2025-08-13T20:04:56,525,18.9,45.5,7.4,15.1,74.5,9.6
2025-08-13T22:04:24,525,15.8,48.5,6.5,12.9,84.5,9.5
2025-08-14T00:04:44,465,13.3,52.1,6,11.5,89.6,9.3
2025-08-14T02:04:05,465,11.3,57,5.8,10.6,92.2,9
2025-08-14T04:03:25,465,9.7,67.5,6.2,11.8,92,9.7
2025-08-14T06:03:55,465,10.4,95.9,9.2,16,92.1,12.5
2025-08-14T08:03:38,1410,15.5,100,13.2,25.8,57.1,13.8
2025-08-14T10:03:28,3015,22.6,79,15.9,25,55.2,12.7
2025-08-14T12:03:40,1620,28.2,48.7,13.4,22.5,67.1,13.4
2025-08-14T14:04:34,1410,28,44.7,12.2,22.3,63.8,12.6
2025-08-14T16:03:48,1395,26,41.7,10.2,21.9,54.8,10.6
2025-08-14T18:04:06,1110,23.2,50.2,10.4,19.9,66.6,11.4
2025-08-14T20:04:45,465,19.7,54.3,9.2,16.7,80.9,11.5
2025-08-14T22:05:04,480,16.9,55.2,7.9,14.8,88.1,11.2
2025-08-15T00:04:33,465,14.6,60.3,7.5,13.7,91.3,10.8
2025-08-15T02:03:58,465,12.8,65.7,7.4,13.4,94.6,11
2025-08-15T04:03:44,465,12.3,80.4,8.7,15.8,95.4,12.8
2025-08-15T06:03:03,1260,13.9,98.8,11.8,19.8,73.2,12.5
2025-08-15T08:03:27,2775,18.6,86.6,13.8,22.6,57.8,11.6
2025-08-15T10:03:34,1980,23.5,64.2,13.6,23.2,61.1,12.7
2025-08-15T12:03:18,1650,26.4,53.8,13.4,23.6,62.6,13.3
2025-08-15T14:04:00,1500,27.7,47.8,12.8,24,60.4,13.1
2025-08-15T16:04:34,1170,25.8,49.2,11.8,22.7,63,12.7
2025-08-15T18:04:41,945,22.7,57.8,11.7,20.2,75.9,13.3
2025-08-15T20:05:10,525,20,64.7,11.2,17.3,92.4,13.6
2025-08-15T22:05:35,525,18.6,75.5,12,17.7,98,14.8
2025-08-16T00:05:05,645,18,79,12.1,17.3,98.4,14.5
2025-08-16T02:05:03,1200,17.1,71.5,10.4,14,92.4,11.1
2025-08-16T04:05:20,960,15.1,71.9,9.3,12.4,95.4,10.4
2025-08-16T06:04:59,1230,14.4,80.4,9.9,14.9,83.5,10.6
2025-08-16T10:04:08,1935,18.7,56.3,9,18.3,54.2,8.5
2025-08-16T12:04:50,2130,21.3,48.5,9,18,53.6,8.2
2025-08-16T14:04:02,1305,21.4,45.2,8.5,14.3,73,9
2025-08-16T16:04:52,810,18.1,49.2,7.6,13.2,77.4,8.9
2025-08-16T18:04:50,525,15.8,54,7.3,12.5,83.7,9.2
2025-08-16T20:04:21,465,14.1,59.8,7.3,11.7,91.4,9.6
2025-08-16T22:03:32,465,13.1,68.1,7.8,11.3,94.7,9.7
2025-08-17T00:03:24,855,12.2,77.1,8.3,10.8,96.6,9.5
2025-08-17T02:03:21,990,11.7,82.2,8.6,10.7,97.3,9.6
2025-08-17T04:03:56,1065,11.3,85.1,8.7,10.7,97.3,9.6
2025-08-17T06:04:32,1290,12.1,88.1,9.4,11.8,94.1,9.9
2025-08-17T08:04:15,1575,15.8,73.7,9.9,16.3,72.5,10.1
2025-08-17T10:04:20,1995,20.8,54.7,9.9,18.8,57.2,9.2
2025-08-17T12:03:48,1590,23,44.8,9.2,18.5,58.8,9.3
2025-08-17T14:02:58,1245,23.3,41.8,8.7,18.9,57.8,9.4
2025-08-17T16:02:26,1065,21.5,43.7,8.2,18.8,56.1,9
2025-08-17T18:01:48,840,19.3,51.4,8.5,16.6,69.7,9.8
2025-08-17T20:02:20,990,16.5,68.6,9.6,14.8,84.6,10.7
2025-08-17T22:01:44,1065,15.3,74.1,9.7,14.2,87.1,10.6
2025-08-18T00:02:05,1095,14.6,75.6,9.5,13.7,86.8,10.3
2025-08-18T02:02:03,1155,14.1,78.4,9.5,13.4,87.9,10.2
2025-08-18T04:01:47,1230,13.8,79.1,9.4,13.4,86.3,10
2025-08-18T06:02:06,1395,14.5,80,9.9,14.3,84,10.3
2025-08-18T08:02:45,1410,16.1,75.6,10.4,16.9,74.6,10.7
2025-08-18T10:03:17,2250,22.3,47.7,9.4,20.9,45.8,8.3
2025-08-18T12:02:20,1785,26.5,34.8,8.7,19.8,49.2,8.4
2025-08-18T14:02:19,1350,27.7,29.6,7.9,19.9,48.3,8.3
2025-08-18T16:01:56,1050,25.9,35,8.5,20.3,53.5,9.4
2025-08-18T18:01:21,840,22.2,43.2,8.5,17.4,66.8,9.9
2025-08-18T20:01:42,525,18.6,47.1,7.5,15,74.8,9.6
2025-08-18T22:01:15,465,15.9,53,7.2,14,82.5,9.9
2025-08-19T00:01:04,465,14.1,56.5,6.9,12.4,86.6,9.5
2025-08-19T02:01:54,465,12.4,59.4,6.5,11,92,9.2
2025-08-19T04:01:14,510,11.1,66.4,6.7,12.1,92.8,9.9
2025-08-19T06:01:46,1065,12.4,93.6,10.2,17.7,74.6,11.3
2025-08-19T08:01:47,2205,17.1,81.6,11.9,22.4,53.7,10.7
2025-08-19T10:01:37,1815,22.4,50.3,10,20.7,53.5,9.6
2025-08-19T12:01:40,1725,25.1,39.9,9.2,20.3,51.6,9.1
2025-08-19T14:00:59,1305,23.8,35.3,7.6,19.1,49,8
2025-08-19T16:00:10,1110,22.4,37,7.3,18.2,51.3,8
2025-08-19T17:59:58,735,19.4,40.7,6.8,15,63,8.1
2025-08-19T20:00:06,525,16.3,48,6.7,13.2,72.8,8.4
2025-08-19T22:00:49,630,14.1,57.1,6.9,12,78.3,8.3
2025-08-20T00:00:13,870,12.6,63.2,7,10.6,82.5,8
2025-08-20T02:00:31,630,10.8,65.7,6.5,8.8,89.4,7.8
2025-08-20T04:00:02,630,9.4,74.7,6.8,9.1,90.9,8.1
2025-08-20T06:00:46,1050,9.9,87.7,8.2,15.8,66.9,9
2025-08-20T08:00:26,2130,14.8,73.6,9.3,19.5,50.1,8.4
2025-08-20T09:59:32,1800,19.1,46.3,7.6,16.9,50.8,7.3
2025-08-20T12:00:19,1770,23.1,30.8,6.4,15.2,47.7,6.2
2025-08-20T14:00:09,1350,23.4,28.8,6.1,15.3,49,6.4
2025-08-20T15:59:04,1005,21.5,31.3,5.9,15.5,50,6.6
2025-08-20T17:58:56,690,18.4,36.6,5.8,12.9,60.8,6.8
2025-08-20T19:59:07,510,14.8,39.3,5,9.5,74.7,6.8
2025-08-20T21:59:25,465,11.8,44.7,4.7,8,82.9,6.9
2025-08-20T23:59:20,465,9.6,51.3,4.7,7.8,88.7,7.2
2025-08-21T01:58:31,450,8.5,55.1,4.7,7,89.6,6.9
2025-08-21T03:58:23,465,6.9,59.3,4.6,6.9,90.6,7
2025-08-21T05:57:50,465,7.5,85.6,6.9,15.2,70.1,9.1
2025-08-21T07:57:41,2865,11.8,97.5,10.3,16.5,60.3,8.5
2025-08-21T09:58:26,1935,18,53.7,8.2,16.8,54.5,7.8
2025-08-21T11:58:47,2220,20.6,49.5,8.9,16.6,56.1,7.9
2025-08-21T13:58:01,1065,19.9,46.2,7.9,14.1,72.2,8.8
2025-08-21T15:57:24,1065,18.9,44.5,7.2,13.7,67,7.9
2025-08-21T17:57:52,465,16.1,48.6,6.7,11.6,79.3,8.2
2025-08-21T19:57:04,465,13.3,50.5,5.8,10.4,87.7,8.4
2025-08-21T21:56:25,465,11.7,54.6,5.7,10,90,8.5
2025-08-21T23:55:50,465,9.9,55.3,5.2,7.9,92.4,7.6
2025-08-22T01:55:07,465,7.4,58,4.6,6.1,93.6,6.8
2025-08-22T03:55:27,450,5.7,64.6,4.6,5.7,96.4,6.9
2025-08-22T05:56:14,450,6.1,89.9,6.6,10.2,92.1,8.8
2025-08-22T07:55:29,1920,10.6,99.1,9.7,17.2,61.9,9.1
2025-08-22T09:54:45,2970,17,66.6,9.6,17.2,53.6,7.8
2025-08-22T11:54:13,1770,21.7,43,8.2,17,54.8,7.9
2025-08-22T13:54:45,1560,21.6,41.5,7.9,15.4,61,8
2025-08-22T15:55:21,1380,22.1,39.2,7.7,15.2,61.5,8
2025-08-22T17:56:04,735,18.1,44.9,6.9,12.3,75.7,8.2
2025-08-22T19:55:51,525,14.5,47.3,5.9,9.9,84.4,7.9
2025-08-22T21:55:54,450,11.6,48,5,7.9,89.3,7.3
2025-08-22T23:56:35,450,8.5,51.1,4.4,6.2,91.9,6.8
2025-08-23T01:56:45,450,6.1,58,4.2,5.8,94,6.7
2025-08-23T03:57:26,450,5.1,70,4.8,6.7,95.9,7.3
2025-08-23T05:56:45,450,6.1,90.1,6.6,11.6,86.2,9
2025-08-23T07:56:49,1785,10.6,99,9.7,19.8,54.5,9.3
2025-08-23T09:57:39,3150,18.1,62.2,9.6,18.8,46.6,7.5
2025-08-23T11:57:20,1485,24.5,32.9,7.4,16.9,52.3,7.5
2025-08-23T13:57:23,1275,23.7,33.2,7.1,17.3,51.4,7.6
2025-08-23T15:56:59,1215,23,33.6,6.9,17.1,50.9,7.4
2025-08-23T17:56:47,930,20.2,39.8,7,14.4,63.6,7.9
2025-08-23T19:56:32,465,16.1,41.8,5.7,10.6,76.9,7.5
2025-08-23T21:56:32,465,13.1,46.6,5.3,9.4,83.6,7.6
2025-08-23T23:56:53,465,11,54,5.4,8.4,89.3,7.6
2025-08-24T01:56:51,450,9.4,56.7,5.1,7.1,92.5,7.2
2025-08-24T03:56:20,450,8,59.1,4.9,7,93.3,7.2
2025-08-24T05:56:07,465,8.5,86,7.3,14.5,73.7,9.2
2025-08-24T07:55:34,2385,12,96,10.2,19.9,51.9,8.9
2025-08-24T11:55:14,1440,19.4,48,8,17,56.8,8.2
2025-08-24T13:55:48,1710,21.6,43.2,8.2,17.2,54.8,8
2025-08-24T15:56:12,900,19.4,45.2,7.5,11.8,81.7,8.6
2025-08-24T17:56:40,690,15.4,56.6,7.4,10.2,93,8.8
2025-08-24T19:56:01,735,13,63.6,7.2,9.4,94.5,8.5
2025-08-24T21:55:12,720,11.7,71.9,7.5,9.4,97.7,8.8
2025-08-24T23:55:53,930,11.1,80.1,8.1,9.7,99,9.1
2025-08-25T01:56:21,1050,10.9,84,8.4,9.7,99.3,9.2
2025-08-25T03:56:39,1155,10.7,86.2,8.5,9.6,100,9.2
2025-08-25T05:56:31,1290,11,90.5,9.1,10.5,98.7,9.6
2025-08-25T07:55:52,1860,14.5,84.2,10.5,14.5,80,9.9
2025-08-25T09:55:44,1800,18.6,56.7,9,15.9,64.3,8.7
2025-08-25T11:55:00,1680,19.9,52.6,9,15.7,67,9
2025-08-25T13:55:25,1230,19.7,48,8.1,15.5,65.9,8.7
2025-08-25T15:55:02,1125,18,47.5,7.3,14.4,64.7,8
2025-08-25T17:55:21,795,15.6,55.6,7.4,12.5,78.1,8.6
2025-08-25T19:56:02,750,12.9,62.2,7,10.6,84.6,8.3
2025-08-25T21:55:24,720,11,67.6,6.8,9.3,89.1,8
2025-08-25T23:56:11,690,9.5,73.4,6.7,8.3,94.5,8
2025-08-26T01:55:50,855,8.7,81.2,7,8.2,96.8,8.1
2025-08-26T03:55:51,960,8.8,86.1,7.5,8.9,96.1,8.4
2025-08-26T05:55:42,960,10,92.8,8.7,12.9,86.5,9.7
2025-08-26T07:56:13,2250,14.3,82.7,10.2,17.4,61.1,9.1
2025-08-26T09:56:05,2280,18,60.5,9.3,17.9,53.9,8.2
2025-08-26T11:56:34,1740,20.9,46.5,8.5,17.7,54.4,8.2
2025-08-26T13:56:46,1650,24.6,35.6,8,17.8,52.4,8
2025-08-26T15:57:34,870,21.2,40.3,7.5,15.6,64.6,8.6
2025-08-26T17:57:48,585,18.1,46.3,7.2,13.3,74.8,8.6
2025-08-26T19:58:06,525,15,47.3,6.1,11.1,80,8.1
2025-08-26T21:57:35,465,12.2,53.8,5.8,10.1,85,8
2025-08-26T23:57:09,450,10.3,56.8,5.4,8.4,89.1,7.6
2025-08-27T01:57:03,450,9,66.4,5.9,8.6,95.2,8.2
2025-08-27T03:57:03,465,8.4,74.1,6.3,8.5,98.1,8.4
2025-08-27T05:56:37,915,9.2,91.6,8.2,9.9,99.2,9.3
2025-08-27T09:57:14,2055,18.9,55.6,9,17.8,54.9,8.3
2025-08-27T11:57:57,1605,21.7,43.7,8.3,17.3,56.5,8.3
2025-08-27T13:57:28,1275,22.1,41.8,8.2,17,59.6,8.6
2025-08-27T15:57:14,1065,21.3,40.9,7.6,17,58.1,8.4
2025-08-27T17:57:44,765,18.6,45.2,7.2,14.3,68.6,8.4
2025-08-27T19:56:54,510,15.4,47,6.2,11.2,79.7,8.1
2025-08-27T21:56:43,450,12.5,49.6,5.5,9.3,83.8,7.5
2025-08-27T23:56:19,450,9.9,53,4.9,7.7,90.7,7.4
2025-08-28T01:56:27,465,7.6,56.6,4.6,6.5,93.9,7
2025-08-28T03:56:33,450,5.6,61.3,4.3,6,94.7,6.9
2025-08-28T05:57:00,450,5.5,85.2,6,14.1,81.8,9.9
2025-08-28T07:57:24,1860,10.9,100,9.9,19.8,55.4,9.5
2025-08-28T09:56:42,2955,18.3,70.2,11,18.5,56.6,9
2025-08-28T11:56:11,1785,24.6,47.4,10.7,17.7,68,10.3
2025-08-28T13:56:40,1200,24.4,46.7,10.4,17.3,75.7,11.1
2025-08-28T15:57:30,840,22.1,49.9,9.7,16.9,78.5,11.3
2025-08-28T17:58:03,525,19.6,52.9,8.9,15.3,87,11.4
2025-08-28T19:58:21,525,17.1,54.1,7.9,14.1,91.6,11.1
2025-08-28T21:58:08,465,14.9,57.4,7.3,13.3,94,10.9
2025-08-28T23:57:53,465,13.4,62.1,7.2,12.9,96,10.8
2025-08-29T01:57:10,465,12,66.9,7.1,12.6,98.3,10.9
2025-08-29T03:57:43,465,11.3,72.8,7.4,12.9,100,11.3
2025-08-29T05:57:47,510,11.9,81.1,8.6,14.1,100,12.1
2025-08-29T07:57:00,465,13.4,81.1,9.4,15.4,95.1,12.5
2025-08-29T09:56:30,1035,14.4,83.1,10.3,13.2,99,11.4
2025-08-29T11:55:55,1065,14.6,85.8,10.7,13.8,100,11.9
2025-08-29T13:55:23,1155,14.9,86.6,11,13.8,100,11.9
2025-08-29T15:54:55,1140,14.9,87.2,11.1,14,100,12.1
2025-08-29T17:55:25,1125,14.8,88.8,11.2,14.2,100,12.2
2025-08-29T19:56:05,1200,14.8,90.9,11.5,14.4,100,12.4
2025-08-29T21:56:35,1335,14.8,91.2,11.5,14,100,12.1
2025-08-29T23:56:28,1335,14.8,92,11.6,14.2,100,12.2
2025-08-30T01:56:59,1290,14.9,93.8,11.9,14.8,100,12.7
2025-08-30T03:57:34,1305,15.2,94.9,12.3,15.2,100,13
2025-08-30T05:57:45,1410,15.6,95.8,12.7,15.5,100,13.2
2025-08-30T07:58:09,1590,16.4,98.2,13.7,16.1,100,13.7
2025-08-30T09:58:03,1800,17.8,97.6,14.8,16.9,100,14.4
2025-08-30T11:57:22,1785,19.1,92.1,15.1,17.2,100,14.6
2025-08-30T13:57:54,1515,19.3,84.1,13.9,16.7,100,14.2
2025-08-30T15:57:23,1440,18.7,84.8,13.6,16.4,100,14
2025-08-30T17:57:01,1410,18.1,84.9,13.1,15.9,100,13.5
2025-08-30T19:57:04,1395,17.2,84.9,12.4,15.1,100,12.9
2025-08-30T21:56:21,1365,16.4,87.1,12.2,14.8,100,12.7
2025-08-30T23:56:03,1380,16,89.8,12.2,14.9,100,12.7
2025-08-31T01:55:27,1440,15.7,91,12.2,14.7,100,12.6
2025-08-31T03:55:48,1425,15.5,91.3,12.1,14.4,100,12.4
2025-08-31T05:55:53,1470,15.4,93,12.2,14.6,100,12.5
2025-08-31T07:55:54,1545,16,95.5,13,15.4,100,13.1
2025-08-31T09:56:21,1575,17.1,95.5,13.9,16.5,100,14
2025-08-31T11:57:03,1605,18.8,90.2,14.5,17.7,97,14.6
2025-08-31T13:56:37,1305,19.1,80.3,13.2,16.4,100,14
2025-08-31T15:56:56,1215,18.5,81.1,12.8,16.2,100,13.8
2025-08-31T17:56:20,1170,17.7,80.5,12.1,15.4,100,13.1
2025-08-31T19:56:09,1140,16.8,82.6,11.8,15,100,12.8
2025-08-31T21:55:48,1230,16.1,86.8,11.9,14.8,100,12.7
2025-08-31T23:55:55,1230,15.4,85.1,11.2,13.9,100,12
2025-09-01T01:56:08,1155,14.4,85.2,10.5,13.1,100,11.4
2025-09-01T03:55:25,1275,13.9,91.6,11,13.4,100,11.6
2025-09-01T05:55:42,1425,14.3,94.5,11.6,13.9,100,12
2025-09-01T07:55:16,1500,15.2,93.4,12.1,14.5,99.2,12.3
2025-09-01T09:55:29,1515,16.6,86.5,12.2,15,97.4,12.5
2025-09-01T11:55:16,1410,17.7,79.6,12,15.9,92.3,12.5
2025-09-01T13:55:14,1365,18.5,74,11.7,16,89.9,12.2
2025-09-01T15:55:31,1200,18.5,73.3,11.6,16,91.6,12.5
2025-09-01T17:55:52,930,17.2,68.9,10.1,13.7,96.9,11.5
2025-09-01T19:55:33,450,14.7,66.4,8.4,11.4,99.8,10.2
2025-09-01T21:56:22,465,12.3,67.1,7.3,9.8,100,9.3
2025-09-01T23:56:02,465,10.2,71.6,6.8,9.1,100,8.9
2025-09-02T01:55:10,450,9.3,82.8,7.4,10.7,100,9.8
2025-09-02T03:56:00,465,9.9,90,8.4,11.7,100,10.5
2025-09-02T05:55:36,465,10.8,93.4,9.2,13.1,100,11.4
2025-09-02T07:56:22,690,12.4,97.1,10.6,14.7,100,12.6
2025-09-02T09:56:50,2055,15.2,100,13,16.7,83.6,11.9
2025-09-02T11:57:18,2115,17.6,87.1,13.1,16.7,83.8,11.9
2025-09-02T13:56:53,1605,18.4,75.4,11.9,16.9,82.1,11.8
2025-09-02T15:56:13,1380,18.2,75,11.7,16.2,88.7,12.2
2025-09-02T17:56:40,1005,17.2,75.4,11,15.4,93.9,12.3
2025-09-02T19:56:10,795,16.1,76.9,10.5,14.8,97.5,12.3
2025-09-02T21:55:41,510,14.8,76.4,9.7,13.9,99.7,11.9
2025-09-02T23:55:01,465,13.9,80.3,9.6,14.3,100,12.3
2025-09-03T01:54:29,465,13.8,84.9,10.1,14.4,100,12.4
2025-09-03T03:54:42,705,13.9,86.3,10.3,14.2,100,12.2
2025-09-03T05:55:29,1065,14.2,92.1,11.2,16.1,90.1,12.3
2025-09-03T07:54:50,2115,16.1,98,13.4,18.4,77.4,12.2
2025-09-03T09:55:28,2025,18.7,81.9,13.1,17.5,81.1,12.1
2025-09-03T11:55:27,1845,19.5,79.5,13.3,18,82.6,12.7
2025-09-03T13:54:45,1500,20.1,73.5,12.8,18.3,83.1,13
2025-09-03T15:55:17,960,19.3,75.3,12.5,17.2,95.8,14
2025-09-03T17:55:32,930,18.2,81.2,12.6,16.8,100,14.3
2025-09-03T19:55:48,930,17.5,81.9,12.2,16.2,100,13.8
2025-09-03T21:56:41,930,16.7,81.7,11.6,15.4,100,13.1
2025-09-03T23:56:50,930,15.7,82.5,11,14.6,100,12.5
2025-09-04T01:56:39,1005,15.2,86.1,11.2,14.5,100,12.4
2025-09-04T03:56:34,1140,14.9,88.4,11.3,14.3,100,12.3
2025-09-04T05:56:26,1230,15,92.3,11.8,14.9,100,12.7
2025-09-04T07:57:04,1695,16.5,93.5,13.1,16.3,93.2,12.9
2025-09-04T09:56:43,2370,20.9,89.3,16.3,20.3,80.7,14.2
2025-09-04T11:57:31,2115,26,59.7,14.5,19.2,80.7,13.3
2025-09-04T13:56:58,1545,26.6,50.8,12.8,18.8,80.4,12.9
2025-09-04T15:57:09,1110,24.6,50.5,11.4,17.5,83.2,12.4
2025-09-04T17:56:34,525,20.4,54.6,9.7,15.1,91.5,11.8
2025-09-04T19:55:53,525,17.2,57.1,8.4,13.5,96.2,11.2
2025-09-04T21:55:39,465,14.4,60.2,7.4,12,98,10.4
2025-09-04T23:55:06,465,12.5,67.1,7.4,12.1,100,10.7
2025-09-05T01:55:24,465,12.1,75,8,12.7,100,11.1
2025-09-05T03:55:37,465,12.4,81,8.8,12.9,100,11.3
2025-09-05T05:56:04,690,13.2,89.7,10.3,14.3,100,12.3
2025-09-05T07:56:22,1275,15.5,99.5,13.1,16.3,100,13.9
2025-09-05T09:55:35,2160,19,98.8,16.1,18.6,91.3,14.5
2025-09-05T11:55:52,2385,24,72.9,15.9,19.9,80.8,13.9
2025-09-05T13:55:28,1545,26.3,53.6,13.3,20.2,77.3,13.5
2025-09-05T15:56:13,1155,25,54.1,12.5,19.8,79.4,13.6
2025-09-05T17:56:41,600,21.5,58.2,11,17,91.7,13.3
2025-09-05T19:56:15,525,18.4,61.4,9.7,14.8,98.5,12.5
2025-09-05T21:55:53,465,16.6,65.7,9.3,13.6,99.7,11.7
2025-09-05T23:55:30,525,15.1,69.8,9,13.3,100,11.5
2025-09-06T01:55:11,525,14.5,78.4,9.7,14,100,12.1
2025-09-06T03:54:32,810,14.6,84.2,10.5,14.2,100,12.2
2025-09-06T05:54:09,960,15.3,92.2,12,15.8,100,13.5
2025-09-06T07:54:20,1305,16.9,97.8,14.1,17.4,100,14.8
2025-09-06T09:54:58,1605,19.3,97.5,16.2,19.2,98.2,16.2
2025-09-06T11:55:16,2010,22.3,89,17.6,20.9,89.5,16.3
2025-09-06T13:55:34,1755,25.2,69.5,16.2,21.5,83.3,15.7
2025-09-06T15:56:21,1140,24.2,67,14.7,20.6,89.6,16
2025-09-06T17:56:39,810,21.9,70.9,13.7,19.5,94.6,15.9
2025-09-06T19:55:54,585,20.1,72.9,12.7,18.4,97.7,15.4
2025-09-06T21:55:11,525,18.4,74.6,11.7,17.5,100,14.9
2025-09-06T23:55:30,525,17.1,77.7,11.3,17.1,100,14.6
2025-09-07T01:55:00,525,16.3,81.2,11.3,17,100,14.5
2025-09-07T03:54:12,525,15.9,84.8,11.5,16.9,100,14.4
2025-09-07T05:54:37,840,16.3,92.8,12.9,17.5,100,14.9
2025-09-07T07:54:40,1080,18.1,99.5,15.4,19.9,98.2,16.9
2025-09-07T09:54:34,1875,20.4,96.9,17.1,19.8,94.9,16.2
2025-09-07T11:54:13,1545,21.6,84,15.9,19.7,94.4,16
2025-09-07T13:53:25,1410,22.1,79.3,15.5,19.9,93.6,16.1
2025-09-07T15:53:27,1200,21.6,78.4,14.9,19.5,95.5,16
2025-09-07T17:52:43,975,20.5,75.9,13.5,18.2,97.9,15.2
2025-09-07T19:53:28,735,18.3,75,11.7,16.4,99.9,13.9
2025-09-07T21:52:53,585,16.4,77.3,10.8,15.2,100,13
2025-09-07T23:53:39,570,14.8,80.7,10.2,14.3,100,12.3
2025-09-08T01:53:07,885,14.2,90.8,11.1,14.8,100,12.7
2025-09-08T03:53:45,1185,14.6,96.2,12,15.2,100,13
2025-09-08T05:53:08,1395,15.6,100,13.3,16.1,100,13.7
2025-09-08T07:53:48,1740,17.8,100,15.2,17.4,100,14.8
2025-09-08T09:53:51,1890,20.3,97.7,17.2,19.1,99.7,16.3
2025-09-08T11:53:49,2535,24.8,89.1,20.3,21.8,89.4,17.2
2025-09-08T13:53:48,1665,26.7,60.1,15.2,22,77.7,15.1
2025-09-08T15:54:09,1275,25.3,56.6,13.3,21,77.4,14.2
2025-09-08T17:53:49,870,21.7,60.1,11.5,18.2,85.6,13.3
2025-09-08T19:53:36,525,18.7,63.8,10.2,16.8,90,12.9
2025-09-08T21:54:08,510,16.5,66.6,9.3,15.2,94.8,12.3
2025-09-08T23:54:58,465,14.4,70.5,8.7,13.9,98,11.7
2025-09-09T01:54:47,450,12.7,74.7,8.3,12.9,99.5,11.2
2025-09-09T03:55:00,465,11.2,78.7,8,12.5,100,11
2025-09-09T05:54:46,465,10.7,89.5,8.8,18.1,91.2,14.1
2025-09-09T07:54:03,525,14,95.3,11.5,22.9,70.2,14.3
2025-09-09T09:53:53,3405,20.1,100,17.4,22.1,61,11.9
2025-09-09T11:54:24,1950,26.4,49.2,12.3,21.3,61.9,11.5
2025-09-09T13:55:08,1860,26.1,48.1,11.8,20.6,63.1,11.3
2025-09-09T15:55:49,1140,24,48.4,10.5,19.7,67.3,11.4
2025-09-09T17:56:06,525,20.6,53.9,9.6,17.5,79.2,11.8
2025-09-09T19:55:41,525,17.5,58.5,8.7,16.3,87.9,12.2
2025-09-09T21:56:19,525,15.4,64,8.4,15.3,93.2,12.2
2025-09-09T23:56:52,450,14,69.5,8.4,15.1,95.2,12.3
2025-09-10T01:57:28,510,13.4,74.4,8.6,15,96.8,12.4
2025-09-10T03:57:57,525,13.6,79.5,9.4,15.1,97.4,12.6
2025-09-10T05:57:20,525,14.3,86.4,10.6,17.4,94,13.9
2025-09-10T07:57:21,1230,16.5,94.3,13.2,20.1,81.2,14.1
2025-09-10T09:57:43,2025,19.9,81.5,14,20.2,73.9,12.9
2025-09-10T11:57:18,2505,22.8,65.9,13.4,21.5,60.8,11.5
2025-09-10T13:57:39,1620,24.4,54.3,12.1,21.1,65.5,12.1
2025-09-10T15:57:02,1155,23.1,55,11.4,20.1,71.1,12.4
2025-09-10T17:57:09,585,20.4,59.1,10.5,18.3,81.1,12.7
2025-09-10T19:57:24,525,17.9,61.8,9.4,17,86.9,12.6
2025-09-10T21:57:00,510,16.3,67.6,9.4,16.7,90.9,12.9
2025-09-10T23:57:38,525,15.7,74.2,9.9,18.1,83.8,12.9
2025-09-11T01:57:46,510,15.7,77.6,10.4,17.3,87.6,12.9
2025-09-11T03:58:11,510,15.4,79.4,10.4,16.5,93.6,13.1
2025-09-11T05:58:41,510,15.5,83.7,11.1,18.5,85.2,13.5
2025-09-11T07:59:18,1470,16.8,90.5,12.9,20.7,74,13.3
2025-09-11T09:59:19,2880,21.2,82.9,15.4,21,69.4,12.7
2025-09-11T11:59:42,2055,24.7,59.5,13.5,20.8,68.9,12.5
2025-09-11T14:00:13,1620,23.7,56.7,12.1,20.4,68.5,12.1
2025-09-11T16:00:16,1050,21.9,53.3,10.3,19.1,69.8,11.4
2025-09-11T18:00:52,840,19.4,58.2,9.7,19,68.7,11.2
2025-09-11T20:01:17,945,17.9,62.6,9.6,18.2,69.3,10.8
2025-09-11T22:01:43,810,16.8,65.7,9.4,17.2,74.5,10.9
2025-09-12T00:01:53,930,16,67.3,9.2,16.8,72.6,10.4
2025-09-12T02:01:10,960,15.5,70.1,9.3,16.2,74.9,10.3
2025-09-12T04:00:19,1065,15.1,71.8,9.3,15.9,75.2,10.2
2025-09-12T06:00:25,1230,15.2,73.6,9.5,16,75.1,10.2
2025-09-12T08:01:00,1335,15.8,73.3,9.9,16.2,75,10.3
2025-09-12T10:00:42,1065,16.6,72.1,10.2,15.8,83.4,11.2
2025-09-12T12:00:42,870,16.3,77.5,10.7,14.6,99,12.4
2025-09-12T14:01:20,1065,15.9,81.7,11.1,14.2,100,12.2
2025-09-12T16:01:39,1065,15.5,84.2,11.1,14.2,100,12.2
2025-09-12T18:01:07,1020,15.3,87.5,11.4,14.9,100,12.7
2025-09-12T20:01:11,1125,15.4,89.8,11.8,15,100,12.8
2025-09-12T22:00:22,1125,15.3,89.2,11.6,14.8,100,12.7
2025-09-13T00:01:04,1170,15.3,89.9,11.7,14.8,100,12.7
2025-09-13T02:00:21,1170,15.3,90.7,11.8,14.9,100,12.7
2025-09-13T04:01:16,1125,15.2,90.7,11.8,14.9,100,12.7
2025-09-13T06:00:48,1170,15.3,94.2,12.3,15.6,100,13.3
2025-09-13T08:01:10,1620,16.5,94,13.2,16.6,92.6,13.1
2025-09-13T10:01:15,2220,19.4,83.9,14,17.8,83.2,12.6
2025-09-13T12:02:00,1410,19.5,75.6,12.7,17.4,88.2,13.1
2025-09-13T14:02:35,1965,20,73.6,12.7,16.9,82.8,11.9
2025-09-13T16:01:48,1335,19.5,66.1,11.1,16.5,83.7,11.7
2025-09-13T18:01:35,795,17.1,65.6,9.5,13.9,93,11.1
2025-09-13T20:01:36,465,15,69.1,8.9,12.9,97.8,11
2025-09-13T22:01:21,465,13.3,70.1,8.1,11.7,99.8,10.4
2025-09-14T00:01:29,465,11.9,74.1,7.8,11.6,100,10.4
2025-09-14T02:00:56,465,11.1,78.9,7.9,11.8,100,10.5
2025-09-14T04:00:47,465,10.9,83.9,8.3,13.4,100,11.6
2025-09-14T06:00:25,465,11.6,90.3,9.4,14.3,100,12.3
2025-09-14T08:00:25,795,12.9,96.2,10.8,14.8,100,12.7
2025-09-14T09:59:53,1230,14.2,96.2,11.7,14.6,100,12.5
2025-09-14T11:59:22,1665,15.3,98.8,12.9,14.9,100,12.7
2025-09-14T13:59:55,1635,15.9,95.2,12.9,15.1,100,12.9
2025-09-14T15:59:57,1575,16.2,91.5,12.6,14.8,100,12.7
2025-09-14T18:00:46,1365,15.7,88.6,11.8,14.5,100,12.4
2025-09-14T20:01:31,1200,15.3,89.5,11.7,14.7,100,12.6
2025-09-14T22:01:51,930,14.8,89.1,11.3,15.3,97.5,12.7
2025-09-15T00:02:27,930,14.5,91.4,11.4,15.4,97.7,12.8
2025-09-15T02:03:04,1110,14.6,91.9,11.5,15.5,95,12.6
2025-09-15T04:03:42,1470,14.5,88.1,11,15.4,85.7,11.3
2025-09-15T06:04:00,1230,14.3,88.6,10.9,13.6,98.8,11.6
2025-09-15T08:03:43,1395,14.1,89.1,10.8,12.8,100,11.2
2025-09-15T10:03:19,1530,13.9,91.9,11,12.7,100,11.1
2025-09-15T12:02:57,1500,14,94.1,11.3,13.3,100,11.5
2025-09-15T14:03:19,1500,14.6,96.9,12.1,14.4,100,12.4
2025-09-15T16:03:18,1455,15.1,95.3,12.3,14.7,100,12.6
2025-09-15T18:03:32,1365,14.5,88.1,11,13.3,100,11.5
2025-09-15T20:04:13,990,13.7,91.4,10.8,14.1,100,12.1
2025-09-15T22:04:30,1110,13.5,95.5,11.2,14.2,100,12.2
2025-09-16T00:03:52,1230,13.7,96.9,11.5,14.2,100,12.2
2025-09-16T02:04:22,1275,14.1,97,11.8,14.4,100,12.4
2025-09-16T04:03:39,1560,14.2,96.7,11.8,13.7,100,11.8
2025-09-16T06:03:06,1605,14.3,96.9,11.9,13.8,100,11.9
2025-09-16T08:02:23,1605,14.3,96.6,11.9,13.7,100,11.8
2025-09-16T10:02:01,1590,15.2,100,13,15.1,100,12.9
2025-09-16T12:01:27,2505,17.5,96,14.3,15.9,89.8,12.2
2025-09-16T14:00:45,1620,18.7,76.5,12.2,16.2,88.1,12.1
2025-09-16T16:00:29,1380,17,72.5,10.5,13.8,91.9,10.9
2025-09-16T18:00:54,765,15.1,71.6,9.2,12.4,99.2,10.8
2025-09-16T20:00:56,795,13.7,80.7,9.6,14.1,91.8,11.1
2025-09-16T22:01:20,825,13.1,85.9,9.8,13.8,95.2,11.3
2025-09-17T00:01:24,1005,13.1,90.7,10.3,13.9,96.2,11.5
2025-09-17T02:02:10,1140,13.4,92.2,10.7,13.4,100,11.6
2025-09-17T04:01:48,1260,13.3,89.7,10.4,12.5,100,11
2025-09-17T06:01:41,1155,13.2,91.7,10.5,13.1,100,11.4
2025-09-17T08:01:06,1395,14.1,98.5,11.9,14.9,97.4,12.4
2025-09-17T10:01:06,1665,16.1,93.5,12.8,15.3,97.1,12.7
2025-09-17T12:01:14,2085,17.3,87.4,12.9,15.8,87.6,11.8
2025-09-17T14:00:54,1395,17.5,79.5,11.8,15.4,93.1,12.2
2025-09-17T16:00:28,1140,16.7,76.8,10.9,14.2,97.5,11.9
2025-09-17T17:59:55,810,15.2,75.4,9.8,13.1,100,11.4
2025-09-17T19:59:26,735,13.9,77.4,9.3,12.5,100,11
2025-09-17T21:59:21,735,12.9,81.7,9.2,12.4,100,10.9
2025-09-17T23:59:24,855,12.1,82.7,8.9,11.3,100,10.2
2025-09-18T01:59:52,885,11.3,84.4,8.6,10.7,100,9.8
2025-09-18T03:59:42,780,10.4,85.9,8.3,10.4,100,9.6
2025-09-18T06:00:30,525,10.3,95.3,9.1,12.8,100,11.2
2025-09-18T08:00:17,1110,12.3,100,10.9,15.1,92,11.9
2025-09-18T10:00:35,2160,15.5,100,13.2,17.3,80.9,11.9
2025-09-18T12:01:13,1905,17.7,86.6,13.1,15.5,93.6,12.4
2025-09-18T14:01:10,1890,18.9,76.9,12.5,16.3,85.1,11.8
2025-09-18T16:00:34,1275,17.7,72.2,10.9,15,90.7,11.6
2025-09-18T18:00:57,855,15.7,70.1,9.4,12.7,96.5,10.7
2025-09-18T20:01:00,570,14.1,73.6,8.9,12.3,98.5,10.7
2025-09-18T22:01:19,525,13.1,77.4,8.8,12.3,100,10.9
2025-09-19T00:01:18,735,12.4,79,8.6,11.3,100,10.2
2025-09-19T02:01:47,735,11.7,82.7,8.6,11.3,100,10.2
2025-09-19T04:01:55,825,11.4,85.9,8.8,11.3,100,10.2
2025-09-19T06:02:05,1065,11.7,94.6,9.9,12.5,100,11
2025-09-19T08:02:16,1500,13.5,99.3,11.6,13.7,100,11.8
2025-09-19T10:01:59,1800,15.3,98.2,12.8,15,96.7,12.4
2025-09-19T12:01:53,2520,19.7,77.8,13.2,16.1,81.7,11.2
2025-09-19T14:01:28,1605,21,57.6,10.6,15.8,77.9,10.5
2025-09-19T16:00:52,1140,18.9,60,9.7,14.6,85.1,10.6
2025-09-19T18:00:19,735,16.3,61.4,8.5,12.6,91.4,10.1
2025-09-19T19:59:47,510,14,62,7.5,10.8,97.6,9.6
2025-09-19T21:59:04,450,12.1,65.5,7,10,100,9.4
2025-09-19T23:58:24,465,10.7,69.7,6.8,9.5,100,9.1
2025-09-20T01:59:12,450,9.8,76.1,7.1,11.1,100,10.1
2025-09-20T03:58:54,465,10.3,92.6,8.9,14.2,100,12.2
2025-09-20T05:59:17,585,12.2,100,10.8,15.2,100,13
2025-09-20T07:59:33,765,13.9,98,11.7,16.1,100,13.7
2025-09-20T09:59:19,1080,15.6,98,13,16.8,100,14.3
2025-09-20T11:59:24,1470,16.9,95.7,13.8,16.9,97.5,14
2025-09-20T13:59:13,1800,18.1,93.4,14.4,17.7,92.1,13.9
2025-09-20T15:59:45,1380,18.3,79.4,12.4,16.6,92.1,13
2025-09-20T17:59:52,975,16.9,81.7,11.7,15.8,98.5,13.3
2025-09-20T19:59:04,945,16.1,84.1,11.5,15.4,100,13.1
2025-09-20T21:59:51,945,15.5,88.3,11.7,15.6,100,13.3
2025-09-20T23:59:04,1065,15.4,91.8,12.1,15.7,100,13.4
2025-09-21T01:59:31,1155,15.5,92.9,12.3,15.6,100,13.3
2025-09-21T03:59:30,1275,15.5,94.1,12.4,15.4,100,13.1
2025-09-21T06:00:03,1275,15.6,95.6,12.7,15.8,100,13.5
2025-09-21T08:00:06,1605,17.1,100,14.6,19.3,87.5,14.5
2025-09-21T10:00:12,2775,20.2,94.5,16.5,20.9,77.1,14
2025-09-21T12:00:02,2355,23.1,72.1,14.9,19.9,76.4,13.1
2025-09-21T14:00:06,1605,22.4,68,13.5,19.1,81.9,13.4
2025-09-21T16:00:21,1110,20.1,68.7,11.9,18.3,84,13.1
2025-09-21T18:00:30,840,18.3,78.6,12.3,17.6,94.6,14.2
2025-09-21T20:00:55,840,17.4,85,12.6,17.8,96.5,14.6
2025-09-21T22:00:26,1095,17,84.4,12.2,16.2,96.7,13.3
2025-09-22T00:00:25,975,16,82.4,11.2,15.2,97.1,12.6
2025-09-22T01:59:39,1230,15.1,85.1,11,14.9,92,11.7
2025-09-22T03:59:53,2055,14.3,82.5,10.1,13.5,80,9.4
2025-09-22T06:00:33,1335,13,79.4,9,12.3,87.3,9.5
2025-09-22T08:00:29,1800,13.1,82.7,9.4,14.4,73.7,9.1
2025-09-22T10:01:09,2805,14.4,76.4,9.4,15,61.7,7.9
2025-09-22T12:01:18,1935,16.2,56.7,7.8,14.3,59.6,7.3
2025-09-22T14:01:41,1920,15.9,58.6,7.9,14,61.8,7.5
2025-09-22T16:02:17,1200,14.8,55.8,7.1,12.2,70.5,7.6
2025-09-22T18:02:01,570,12.3,57.9,6.3,10.1,80.1,7.6
2025-09-22T20:01:41,525,10.2,59.8,5.7,8.5,87.1,7.4
2025-09-22T22:01:44,465,8.5,62.8,5.4,7.3,90.4,7.1
2025-09-23T00:01:31,450,7.2,68.5,5.4,7.2,88.8,7
2025-09-23T02:01:20,450,6.5,72.3,5.4,6.8,91,7
2025-09-23T04:01:48,450,5.9,74.7,5.4,6.1,95.3,7
2025-09-23T06:02:21,450,5.8,86.7,6.2,9,89.1,7.9
2025-09-23T08:03:07,1065,7.4,91,7.2,10.7,81.1,8
2025-09-23T10:03:27,1470,11,84.4,8.4,11.4,84.1,8.6
2025-09-23T12:03:30,1470,12.8,71.7,8,9.4,90.2,8.2
2025-09-23T14:03:46,1185,11.8,64.9,6.8,9.4,81.3,7.4
2025-09-23T16:04:30,1215,11.3,60.9,6.2,8.8,76.1,6.6
2025-09-23T18:04:52,810,9.1,56.8,5,6,80.7,5.9
2025-09-23T20:04:51,450,7.1,59.9,4.7,4.7,85.9,5.7
2025-09-23T22:04:41,450,5.6,63.1,4.5,3.9,91.4,5.8
2025-09-24T00:05:18,450,4.8,71.4,4.8,4.6,90.3,6
2025-09-24T02:04:46,450,4.3,74.6,4.8,4.1,92.6,5.9
2025-09-24T04:04:50,450,3.7,77,4.8,3.6,94.2,5.8
2025-09-24T06:05:07,570,3.7,88.5,5.5,7.1,85.4,6.7
2025-09-24T08:05:40,1710,7,90.2,7,12.3,63.2,6.9
2025-09-24T10:04:51,3135,12.6,63.9,7.1,11.4,53.4,5.5
2025-09-24T12:04:50,1920,17.1,37.2,5.4,11,50.9,5.1
2025-09-24T14:05:22,1755,17,33.8,4.9,11,47.3,4.7
2025-09-24T16:04:54,720,14.2,35.7,4.4,9.5,56.5,5.1
2025-09-24T18:05:42,510,10.5,38.3,3.7,5.3,74.9,5.2
2025-09-24T20:05:58,450,7.4,41.9,3.3,3.7,83.7,5.2
2025-09-24T22:06:16,435,5.5,54.2,3.8,4.8,88.6,5.9
2025-09-25T00:05:53,435,4.4,58.9,3.8,3.9,92.5,5.8
2025-09-25T02:06:17,450,3.6,59.9,3.7,1.9,94.4,5.2
2025-09-25T04:06:38,450,3.3,61.3,3.7,2.4,96.3,5.5
2025-09-25T06:06:48,450,3.3,67.2,4.1,7.5,93.6,7.5
2025-09-25T08:06:18,450,4.7,85.7,5.7,15.6,69.7,9.3
2025-09-25T10:06:02,2100,10.4,100,9.6,15,68.5,8.8
2025-09-25T12:05:21,1620,15,68,8.7,14.9,67.4,8.6
2025-09-25T14:06:10,1215,15.6,57.7,7.7,14.3,66.6,8.2
2025-09-25T16:06:11,1095,14.9,59.3,7.6,13.2,72.2,8.3
2025-09-25T18:06:01,510,12.8,56,6.3,9,86.1,7.6
2025-09-25T20:06:33,495,10.3,59.1,5.7,7.7,89.1,7.2
2025-09-25T22:06:54,450,8.6,63,5.4,6.4,92.3,6.9
2025-09-26T00:06:19,450,6.9,64.1,4.9,5,95.2,6.5
2025-09-26T02:06:42,450,5.5,69,4.8,5,97.5,6.6
2025-09-26T04:05:58,435,4.5,71.7,4.7,4.1,98.4,6.3
2025-09-26T06:06:05,450,4.1,84.7,5.4,9.3,95.7,8.6
2025-09-26T08:05:35,675,7.9,100,8.2,14.7,77.2,9.7
2025-09-26T10:05:48,2490,12.9,100,11.3,14.5,76.8,9.5
2025-09-26T12:05:04,2205,17.5,67.4,10,14.6,72,9
2025-09-26T14:05:29,1260,17.6,54.6,8.2,14.1,71.6,8.7
2025-09-26T16:04:56,900,15.6,57.2,7.6,12.6,78.7,8.7
2025-09-26T18:04:11,510,13.4,58.1,6.8,10.2,86.9,8.3
2025-09-26T20:04:58,510,11.2,59.6,6,8.5,91,7.8
2025-09-26T22:04:53,450,9.6,66.4,6.1,8,93.2,7.7
2025-09-27T00:04:31,465,8.6,75,6.4,8.1,96.2,8
2025-09-27T02:04:49,450,7.8,77.1,6.3,7.6,98.4,7.9
2025-09-27T04:05:18,450,7.1,80.4,6.3,7.1,99.8,7.8
2025-09-27T06:05:27,510,6.9,89.5,6.9,8.5,98.5,8.4
2025-09-27T08:04:52,1230,9.5,100,9.1,14.3,79.1,9.7
2025-09-27T10:04:40,2790,15.5,79.6,10.5,14.6,70.8,8.9
2025-09-27T12:04:31,1650,19.9,50.4,8.7,14.8,67.4,8.5
2025-09-27T14:05:03,1605,20,50.2,8.7,15.3,66.9,8.7
2025-09-27T16:05:41,930,18.1,48.5,7.5,13.5,72.6,8.5
2025-09-27T18:05:43,465,14.5,54.6,6.8,11.2,84.7,8.6
2025-09-27T20:05:26,495,12.1,59.8,6.4,10.3,87.8,8.4
2025-09-27T22:06:06,450,10.2,66,6.3,8.6,92.3,7.9
2025-09-28T00:06:39,450,8.6,67.6,5.8,7.1,94.8,7.4
2025-09-28T02:06:48,450,7.1,70.9,5.5,6.3,97.7,7.2
2025-09-28T04:06:01,450,6,75.7,5.5,5.9,99.2,7.2
2025-09-28T06:05:28,450,5.7,86.6,6.2,8.6,96.3,8.3
2025-09-28T08:05:42,465,7.3,92.7,7.3,15.7,74.2,9.9
2025-09-28T10:05:41,2730,10.9,94.1,9.4,14.1,65.5,7.9
2025-09-28T12:05:27,2340,16.3,64.2,8.9,13.7,65.9,7.8
2025-09-28T14:04:32,1635,17,51.7,7.5,12.5,67.5,7.4
2025-09-28T16:04:20,915,14.7,50,6.3,10.8,72.2,7.1
2025-09-28T18:04:38,450,11.4,52.1,5.3,7.9,83,6.8
2025-09-28T20:04:10,465,8.8,55.8,4.9,6.9,88.2,6.8
2025-09-28T22:04:33,450,6.9,62.8,4.8,6.4,91.6,6.8
2025-09-29T00:03:46,450,5.7,67,4.8,5.4,93.4,6.5
2025-09-29T02:03:50,450,4.6,68.4,4.5,4.3,95.5,6.2
2025-09-29T04:04:06,450,3.9,72.3,4.6,4.7,97.3,6.5
2025-09-29T06:04:34,435,3.6,75.9,4.7,6.9,94,7.2
2025-09-29T08:04:44,450,4.3,80.3,5.2,10.3,70.5,6.7
2025-09-29T10:05:17,3030,7.8,96,7.8,9.8,67.1,6.2
2025-09-29T12:06:11,2895,14.1,61.5,7.5,10.3,63.9,6.1
2025-09-29T14:05:36,1755,14.3,50.7,6.2,9.3,67.3,6
2025-09-29T16:06:10,960,12.6,50.1,5.5,8.2,74.5,6.2
2025-09-29T18:05:20,450,9.7,51.6,4.8,6.4,82,6.1
2025-09-29T20:04:47,450,7.4,54.4,4.3,5.2,86.9,6
2025-09-29T22:04:30,435,5.9,59,4.3,4.3,90.6,5.9
2025-09-30T00:04:50,450,4.7,61.9,4.1,3.6,93.2,5.8
2025-09-30T02:05:12,435,3.8,64.5,4,2.4,94.6,5.4
2025-09-30T04:05:29,435,3.4,66.2,4,2.1,96,5.4
2025-09-30T06:06:16,450,3.2,68.4,4.1,3,96.6,5.7
2025-09-30T08:05:33,450,3.7,80.9,5,9.8,81.4,7.5
2025-09-30T10:05:11,2985,7.4,98.5,7.8,10.7,63.8,6.3
2025-09-30T12:05:15,2160,13.2,57.1,6.6,10.5,60.9,5.9
2025-09-30T14:04:30,1755,13.3,48.8,5.6,9.5,60.1,5.5
2025-09-30T16:04:41,1155,12,48.2,5.1,7.7,69.2,5.6
2025-09-30T18:05:32,450,8.4,49.2,4.2,4,82.8,5.3
2025-09-30T20:05:10,450,6.4,54.5,4.1,5.6,81,5.7
2025-09-30T22:04:39,450,5.9,62.2,4.5,6.4,78.4,5.8
2025-10-01T00:04:04,450,6,66.1,4.8,6.4,80.4,6
2025-10-01T02:04:34,495,6.2,68.1,5,6.3,82.4,6.1
2025-10-01T04:04:56,630,6.3,69.8,5.2,6.1,84.1,6.1
2025-10-01T06:04:34,780,6.5,72.5,5.4,6.3,85.2,6.3
2025-10-01T08:04:24,975,7.3,78.4,6.2,7.7,85.2,6.9
2025-10-01T10:03:59,3045,10.5,87,8.4,11.5,64.9,6.7
2025-10-01T12:03:40,2715,17,51.1,7.4,11.7,60.5,6.3
2025-10-01T14:04:00,1500,17.3,42.4,6.2,11.3,62.5,6.4
2025-10-01T16:03:31,795,14.6,45.8,5.7,10.2,70,6.7
2025-10-01T18:03:28,510,12,47,5,7.5,78.7,6.3
2025-10-01T20:03:05,450,8.9,47.6,4.2,5.1,86.5,5.9
2025-10-01T22:02:40,450,6.3,51,3.8,3.8,90.7,5.7
2025-10-02T00:01:45,450,4.8,56.1,3.8,3.2,92.9,5.6
2025-10-02T02:01:28,435,4,60.7,3.9,3.8,94.7,5.9
2025-10-02T04:00:51,435,3.7,69.5,4.3,5.3,93.5,6.5
2025-10-02T06:00:06,450,4,77.4,4.9,5.8,92.9,6.7
2025-10-02T07:59:50,450,4.8,83,5.6,6.7,93.8,7.1
2025-10-02T09:59:56,945,6.5,91.7,6.9,8.3,91.7,7.7
2025-10-02T12:00:30,1605,9.2,90.1,8,10.1,84.8,8
2025-10-02T14:00:44,1965,11,72.7,7.3,10.5,70.1,6.8
2025-10-02T16:00:32,1260,11,64.2,6.4,9.4,76.1,6.9
2025-10-02T18:01:16,1020,10.1,64.4,6.1,8.5,79.1,6.8
2025-10-02T20:00:31,915,8.7,62.6,5.4,5.9,86,6.2
2025-10-02T21:59:58,435,6.4,63.3,4.7,4.1,90.9,5.8
2025-10-02T23:59:18,435,4.8,65.5,4.4,3.5,92.6,5.7
2025-10-03T01:59:55,450,3.8,68.5,4.3,2.6,94,5.4
2025-10-03T03:59:48,495,3.5,74.7,4.6,3.5,89.2,5.5
2025-10-03T06:00:29,765,3.4,77.8,4.8,3.6,87.9,5.4
2025-10-03T07:59:57,1110,3.9,86.5,5.5,6.5,79.2,5.9
2025-10-03T09:59:12,1500,5.7,86.6,6.2,7.7,77.1,6.3
2025-10-03T11:59:45,1710,8.1,77.4,6.4,9,71.8,6.3
2025-10-03T14:00:09,1350,9.5,69.2,6.3,9.2,74,6.6
2025-10-03T16:00:07,1185,9.6,66.3,6.1,8.4,77.4,6.6
2025-10-03T17:59:42,915,9,67.4,5.9,7.7,82.8,6.7
2025-10-03T19:59:05,750,7.8,67.3,5.5,6.7,84.7,6.4
2025-10-03T21:58:39,720,7.3,72.6,5.7,7.1,86.9,6.8
2025-10-03T23:58:13,915,7.3,74.8,5.9,6.3,89.8,6.6
2025-10-04T01:57:37,720,6.2,73.8,5.4,5.2,93,6.4
2025-10-04T03:58:19,570,5.2,73.8,5.1,4.1,95.5,6.1
2025-10-04T05:57:58,510,4.2,76.9,5,6.4,94.7,7.1
2025-10-04T07:57:52,435,4.9,93.2,6.3,9,88.3,7.8
2025-10-04T09:57:28,1935,8.1,97.9,8.1,9.8,82.4,7.6
2025-10-04T11:56:47,1845,10.7,84.1,8.3,9.5,86.4,7.9
2025-10-04T13:56:42,1410,10.8,75.2,7.4,9.1,86.9,7.7
2025-10-04T15:56:47,1290,10.1,70.9,6.7,8.4,83.6,7.1
2025-10-04T17:57:19,1275,9.2,68.4,6.1,7.7,79.5,6.4
2025-10-04T21:56:44,555,8.9,79.4,7,9.6,91.7,8.4
2025-10-04T23:56:42,630,9.4,81.5,7.4,9.7,96.1,8.9
2025-10-05T01:57:34,960,9.8,81.2,7.5,9.9,90.3,8.4
2025-10-05T03:57:24,1050,9.9,80.6,7.5,10.1,87.3,8.3
2025-10-05T05:57:49,1155,10,82.1,7.7,10.4,86.4,8.3
2025-10-05T07:57:34,1455,10.6,84.9,8.3,10.9,85.6,8.5
2025-10-05T09:57:24,1560,12,80.6,8.6,11,87.1,8.7
2025-10-05T11:58:07,1245,12.1,79.9,8.6,10.3,94.9,9.1
2025-10-05T13:58:58,1185,11.9,76.4,8.1,10.2,92.1,8.8
2025-10-05T15:59:39,930,11.4,78.5,8.1,9.5,100,9.1
2025-10-05T18:00:00,945,11,82.1,8.2,9.7,100,9.2
2025-10-05T19:59:35,1050,10.7,83.1,8.2,9.3,100,9
2025-10-05T22:00:04,1125,10.6,85.1,8.3,9.4,100,9
2025-10-05T23:59:27,1200,10.6,87.3,8.5,9.6,100,9.2
2025-10-06T01:59:25,1065,10.6,87.7,8.6,10,100,9.4
2025-10-06T03:58:51,1110,10.7,89.6,8.8,10.3,100,9.6
2025-10-06T05:58:10,1290,10.9,89.6,8.9,9.9,100,9.3
2025-10-06T07:58:44,1335,11.1,90.5,9.1,10.2,100,9.5
2025-10-06T09:58:36,1455,11.7,92.1,9.6,10.7,100,9.8
2025-10-06T11:59:23,1515,12.4,93.4,10.2,11.5,100,10.3
2025-10-06T14:00:05,1590,13.2,92.2,10.6,12,100,10.7
2025-10-06T15:59:31,1455,13.4,88.4,10.3,11.8,100,10.5
2025-10-06T17:59:12,1290,12.9,84.4,9.5,11.1,100,10.1
2025-10-06T19:59:09,1275,12.4,87.9,9.6,11.3,100,10.2
2025-10-06T21:59:34,1260,12.1,88.5,9.5,11.1,100,10.1
2025-10-07T00:00:06,1260,11.8,89.2,9.4,11,100,10
2025-10-07T02:00:54,1215,11.5,89.8,9.3,11,100,10
2025-10-07T04:01:07,1230,11.4,93.2,9.6,11.4,100,10.3
2025-10-07T06:00:59,1290,11.6,95.5,9.9,11.7,100,10.5
2025-10-07T08:01:16,1560,12.4,98.8,10.8,12.4,100,10.9
2025-10-07T10:01:58,1860,14.5,97.3,12.1,13.6,98.6,11.6
2025-10-07T12:02:42,2325,16,91.9,12.5,13.8,92.2,11
2025-10-07T14:02:39,1500,16.3,76.1,10.6,13.4,92.8,10.8
2025-10-07T16:02:16,990,15.1,76,9.8,12.5,100,11
2025-10-07T18:02:05,795,13.9,77.4,9.3,12.1,100,10.7
2025-10-07T20:02:24,945,12.9,81.5,9.2,12.4,94.6,10.3
2025-10-07T22:01:50,930,12.4,85.4,9.3,12,99.3,10.6
2025-10-08T00:01:35,990,12,87,9.3,11.8,98.7,10.4
2025-10-08T02:02:21,1065,11.9,88.2,9.3,11.6,98.4,10.2
2025-10-08T04:01:42,1125,11.6,87.3,9.1,11.6,95.1,9.9
2025-10-08T06:01:35,1200,11.7,90.9,9.5,11.9,96.2,10.2
2025-10-08T08:00:56,1425,12.4,91.4,10,12.2,94.7,10.2
2025-10-08T11:59:59,1290,12.8,89.7,10,11.9,100,10.6
2025-10-08T13:59:49,1365,12.8,90.4,10.1,11.8,100,10.5
2025-10-08T16:00:03,1350,12.6,91,10.1,11.8,100,10.5
2025-10-08T17:59:32,1365,12.4,91.5,10,11.6,100,10.4
2025-10-08T19:59:26,1380,12.2,90.6,9.8,11.1,100,10.1
2025-10-08T21:58:49,1395,12,91.4,9.7,11.2,100,10.1
2025-10-08T23:59:10,1380,12,93.2,9.9,11.5,100,10.3
2025-10-09T01:59:20,1380,12.1,94.5,10.1,11.8,100,10.5
2025-10-09T03:59:15,1425,12.2,94.5,10.2,11.8,100,10.5
2025-10-09T05:59:20,1425,12.3,95.5,10.4,12,100,10.7
2025-10-09T07:59:23,1455,12.8,97.8,11,12.8,100,11.2
2025-10-09T09:59:31,1800,13.8,97.4,11.6,13.4,96.8,11.2
2025-10-09T11:59:45,2745,15.8,91,12.2,13.6,88.1,10.4
2025-10-09T13:59:02,1635,16.5,74,10.4,13,90.7,10.3
2025-10-09T15:58:22,1050,14.8,72.6,9.2,11.5,98.3,10.1
2025-10-09T17:59:08,720,12.8,73.1,8.2,10.5,100,9.7
2025-10-09T19:59:31,510,11.3,75.8,7.7,10,100,9.4
2025-10-09T21:59:50,510,10.2,82.8,7.9,10.4,100,9.6
2025-10-09T23:59:19,780,10.1,90.5,8.6,11,100,10
2025-10-10T01:59:44,1050,10.6,91.6,8.9,10.7,100,9.8
2025-10-10T04:00:12,1230,10.7,88.1,8.7,9.8,100,9.3
2025-10-10T06:00:50,1215,10.5,88.3,8.6,9.6,100,9.2
2025-10-10T08:00:19,1515,10.9,91.6,9.1,9.9,98.7,9.2
2025-10-10T09:59:58,2295,13.1,81.6,9.3,10.2,86.6,8.2
2025-10-10T12:00:09,2085,15.9,61.9,8.4,10.8,77.7,7.7
2025-10-10T14:00:33,1635,15.6,53.6,7.1,10.9,71.2,7.1
2025-10-10T16:00:44,930,13.1,52.6,6,8,82.3,6.8
2025-10-10T18:00:25,510,10,52.5,4.9,5.2,90.9,6.3
2025-10-10T20:00:25,465,7.5,54.6,4.4,4.3,94.4,6.1
2025-10-10T21:59:39,450,5.9,60.6,4.4,5.3,96.2,6.7
2025-10-11T00:00:05,450,5.7,75.5,5.4,8.5,92.9,7.9
2025-10-11T01:59:33,450,6.5,80.1,6,9.7,97,8.9
2025-10-11T04:00:27,450,7.5,80.7,6.5,9,99.6,8.8
2025-10-11T06:01:10,1050,7.9,85.3,7,9.8,83.6,7.8
2025-10-11T08:00:35,1785,10.6,72.5,7.1,12.2,63.5,6.8
2025-10-11T10:01:03,1680,12.7,56.9,6.3,11.6,60.1,6.2
2025-10-11T12:00:43,2040,13.9,53,6.4,11.2,57.7,5.8
2025-10-11T14:00:11,1350,14,47,5.7,10.2,62.4,5.9
2025-10-11T16:00:45,795,11.2,53.7,5.4,9.1,72,6.4
2025-10-11T18:00:57,510,9.2,56.6,5.1,7.4,78,6.2
2025-10-11T20:01:18,450,7.5,57.4,4.6,5.8,84.3,6
2025-10-11T22:00:36,450,6.1,60.3,4.4,5.1,89.8,6.1
2025-10-12T00:00:12,450,5.1,64.6,4.4,5,91.9,6.2
2025-10-12T02:00:04,450,4.7,68.6,4.6,5.2,92.3,6.4
2025-10-12T03:59:37,435,4.9,77.3,5.2,5.6,92.4,6.5
2025-10-12T06:00:28,780,5.2,81.7,5.6,5.4,93.7,6.5
2025-10-12T08:00:41,1215,6.7,82.3,6.3,6.7,88.1,6.7
2025-10-12T10:00:18,1425,8.7,74.4,6.4,8,80.4,6.6
2025-10-12T12:00:09,1245,9.8,65.5,6.1,8.8,74.9,6.5
2025-10-12T14:00:30,1215,10.2,62.8,6,8.4,75.6,6.4
2025-10-12T16:00:00,960,9.1,64.2,5.7,7.3,81,6.4
2025-10-12T17:59:50,1005,7.5,68.9,5.5,6.9,79.3,6.1
2025-10-12T19:59:16,1080,6.8,65.6,5,6.9,71.2,5.5
2025-10-12T21:59:01,1065,6.1,68.7,5,5.8,77.3,5.5
2025-10-12T23:59:13,1005,5.3,71.4,4.9,5.1,80.4,5.5
2025-10-13T02:00:10,1065,4.8,73.4,4.9,5.1,79,5.4
2025-10-13T03:59:13,1065,4.7,75.5,5,5,81.7,5.6
2025-10-13T05:58:26,1170,5.1,79.9,5.5,5.5,83.3,5.9
2025-10-13T07:59:01,1380,6.3,79.2,5.9,6.7,80.7,6.1
2025-10-13T09:58:15,1380,7.9,70,5.7,7.4,74.8,5.9
2025-10-13T11:58:41,1320,8.7,66.7,5.8,7.5,75.9,6.1
2025-10-13T13:59:02,1245,8.7,67,5.8,7.1,79.4,6.2
2025-10-13T15:58:57,1110,8.1,70.6,5.9,6.2,86.9,6.4
2025-10-13T17:58:27,1140,7.4,77.9,6.2,5.5,95.2,6.7
2025-10-13T19:58:02,1140,6.9,78.3,6,5.6,92.3,6.5
2025-10-13T21:58:04,1140,6.7,78.5,6,5.6,91.2,6.4
2025-10-13T23:57:30,1140,6.5,78.2,5.9,5.4,90.9,6.3
2025-10-14T01:58:30,1080,6.2,78.7,5.8,5.1,93,6.4
2025-10-14T03:57:57,1035,6,82.8,6,5,98.2,6.7
2025-10-14T05:57:20,1110,6.1,86.3,6.3,5.1,99.9,6.8
2025-10-14T07:57:24,1215,6.6,88.7,6.7,6.2,97.1,7.1
2025-10-14T09:56:44,1515,8.1,84.6,7,7.5,89.5,7.2
2025-10-14T11:56:08,1605,10,73.1,6.9,8.1,81.7,6.8
2025-10-14T13:55:38,1275,10.1,65.7,6.2,7.7,81.1,6.6
2025-10-14T15:56:02,1155,9.2,68.2,6.1,6.3,90,6.7
2025-10-14T17:55:42,975,8.1,69.8,5.8,5.5,92.6,6.5
2025-10-14T19:55:56,900,7.1,74.3,5.8,5.2,95.2,6.6
2025-10-14T21:55:33,915,6.5,79,5.9,5.2,97.6,6.7
2025-10-14T23:55:36,975,5.9,81.1,5.8,4.2,100,6.4
2025-10-15T01:55:22,1035,5.5,84.2,5.9,4.3,100,6.5
2025-10-15T03:55:41,1035,5.4,83.6,5.8,4,100,6.4
2025-10-15T05:56:13,1020,5.1,83.2,5.7,3.7,100,6.2
2025-10-15T07:55:54,1050,5.7,91.1,6.5,5.8,99.4,7.1
2025-10-15T09:55:22,1515,7.5,92.6,7.4,7.4,94.2,7.5
2025-10-15T11:56:04,2070,9.9,87,8.1,9.2,83.9,7.5
2025-10-15T13:55:20,1410,10.9,76.9,7.6,9.6,85.8,7.9
2025-10-15T15:55:50,1155,10.6,74.5,7.3,9.1,88.5,7.9
2025-10-15T17:55:36,975,10,76.6,7.2,8.8,92.4,8
2025-10-15T19:55:36,960,9.4,78.1,7.1,8,96,7.9
2025-10-15T21:56:29,810,8.3,76.1,6.4,6.5,99.2,7.4
2025-10-15T23:55:51,750,7.1,77.8,6.1,5.7,100,7.1
2025-10-16T01:56:28,720,6.2,80.4,5.9,5.3,100,6.9
2025-10-16T03:57:03,510,5.7,85.6,6.1,6.3,100,7.4
2025-10-16T05:57:27,510,6.1,89,6.5,7.7,100,8.1
2025-10-16T07:57:41,720,7.3,92.8,7.3,8.7,100,8.6
2025-10-16T09:57:45,1125,9,96.4,8.5,9.8,100,9.3
2025-10-16T11:58:17,2400,11.5,82.8,8.5,8.7,85.2,7.4
2025-10-16T13:57:57,1545,12,55.5,5.9,8.3,71.1,6
2025-10-16T15:58:02,915,9.8,54,5,5.6,80.2,5.7
2025-10-16T17:57:44,510,7.1,56,4.4,4.4,81.8,5.3
2025-10-16T19:57:09,450,5.3,58.8,4.1,2.8,88.2,5.2
2025-10-16T21:56:49,450,3.9,60.2,3.8,0.9,93.7,4.8
2025-10-16T23:56:46,435,3.2,61.4,3.7,0,96.4,4.7
2025-10-17T01:56:52,435,2.9,61,3.6,-0.9,98.8,4.5
2025-10-17T03:57:28,435,2.7,59,3.4,-1.2,99.4,4.4
2025-10-17T05:57:59,435,2.7,61.4,3.6,0.2,99.1,4.9
2025-10-17T07:58:36,780,3.8,90.6,5.7,6.9,85.8,6.6
2025-10-17T09:59:28,2055,5.5,96.4,6.8,8.1,74.5,6.2
2025-10-17T11:59:29,2400,10,70.7,6.6,7.2,73,5.7
2025-10-17T13:59:47,2400,11.4,61.6,6.3,7.3,68.7,5.4
2025-10-17T16:00:11,1380,8.7,58.8,5.1,4.1,81.8,5.2
2025-10-17T18:00:54,495,5.6,56.6,4,1.3,88.9,4.7
2025-10-17T20:00:37,450,4,53.2,3.4,0,93.3,4.5
2025-10-17T22:01:12,450,3.2,53.3,3.2,-1,95.2,4.3
2025-10-18T00:00:28,435,2.7,53.8,3.1,-1.2,97.3,4.3
2025-10-18T02:01:25,435,2.5,55,3.2,-1.4,98.6,4.3
2025-10-18T04:00:39,450,2.3,55.8,3.2,-1.7,99.7,4.3
2025-10-18T05:59:58,435,2.3,58.1,3.3,-0.7,99.4,4.6
2025-10-18T08:00:09,495,3.1,82.3,4.9,4.6,89.7,5.9
2025-10-18T10:00:07,1560,4.2,92.5,6,5.9,81.9,5.9
2025-10-18T12:00:03,2460,7.7,80.2,6.5,5.7,78.6,5.6
2025-10-18T13:59:49,2145,9.1,68.6,6.1,5.8,76.6,5.5
2025-10-18T15:59:46,1530,6.7,67.1,5.1,2.8,84.6,5
2025-10-18T17:59:32,990,4.3,65.9,4.3,-0.1,90.9,4.4
2025-10-18T20:00:26,615,3.1,61.5,3.7,-1.9,94.1,4
2025-10-18T22:00:14,495,2.7,58.8,3.4,-2.6,95.7,3.9
2025-10-18T23:59:49,435,2.5,58.8,3.4,-2.8,97,3.9
2025-10-19T01:59:00,450,2.4,60.7,3.5,-3.1,98,3.8
2025-10-19T03:58:11,435,2.3,58.9,3.3,-3.2,99.2,3.8
2025-10-19T05:58:13,435,2.2,61.2,3.4,-2.6,99.1,4
2025-10-19T07:57:39,435,2.5,67.3,3.9,5.1,92.8,6.3
2025-10-19T09:58:16,450,3.1,80.7,4.8,9,74.3,6.5
2025-10-19T11:58:16,945,3.2,87.1,5.3,9.1,66.3,5.9
2025-10-19T13:57:42,1170,5.5,87.2,6.1,8.3,78.3,6.6
2025-10-19T15:58:01,735,5.4,80.4,5.6,6.2,89.4,6.6
2025-10-19T17:58:36,870,4.1,81.4,5.2,3.8,93.6,5.9
2025-10-19T19:57:52,870,3.6,77.4,4.8,1.8,95.7,5.2
2025-10-19T21:58:06,615,3,71.5,4.3,0.2,97.7,4.8
2025-10-19T23:58:38,495,2.7,66.2,3.9,-0.7,98.8,4.6
2025-10-20T01:58:44,450,2.5,61.4,3.5,-1.5,99.8,4.4
2025-10-20T03:57:42,450,2.4,59.2,3.4,-2,100,4.2
2025-10-20T05:57:12,435,2.4,59.8,3.4,-1.3,100,4.4
2025-10-20T07:58:03,450,2.8,69.5,4.1,5.6,97,6.9
2025-10-20T09:57:49,450,3.2,83.8,5.1,9.4,84.4,7.6
2025-10-20T11:57:38,495,4,96.2,6.1,10,78.5,7.4
2025-10-20T13:56:42,570,4.6,97.4,6.4,8.6,90.2,7.7
2025-10-20T15:56:33,615,4.9,90.8,6.1,7.4,91.9,7.3
2025-10-20T17:57:17,810,4.4,85.9,5.6,5,95.4,6.5
2025-10-20T19:57:26,705,3.9,83.4,5.3,4,97.5,6.2
2025-10-20T21:56:43,450,3.7,87.1,5.4,5.8,99.6,7.1
2025-10-20T23:55:50,615,4.2,94.8,6.1,7.9,89.4,7.3
2025-10-21T01:55:02,1080,5.2,92,6.3,7.7,85.9,7
2025-10-21T03:54:22,1035,5.4,85.1,5.9,6.1,90.4,6.6
2025-10-21T05:54:27,1110,5.3,86.4,6,6.8,84.6,6.5
2025-10-21T07:54:01,1770,6.4,91.5,6.8,7.9,80.5,6.6
2025-10-21T09:53:48,2805,9.5,80.9,7.4,7.8,75.9,6.2
2025-10-21T11:53:25,2715,11.9,60.1,6.4,7.5,67.3,5.4
2025-10-21T13:53:29,1830,10.8,54.7,5.4,7.7,63.7,5.2
2025-10-21T15:53:40,825,8.7,55.7,4.8,7.1,71.9,5.6
2025-10-21T17:53:37,510,6.9,62.7,4.8,6.9,80.2,6.2
2025-10-21T19:54:01,450,6,70.3,5.1,6.8,86.4,6.6
2025-10-21T21:54:23,450,5.6,74.5,5.3,6.6,88.6,6.7
2025-10-21T23:55:05,435,5.4,76,5.3,6.1,90.6,6.6
2025-10-22T01:54:33,495,5.1,78.3,5.4,5.6,92.1,6.5
2025-10-22T03:54:20,885,5.3,81.8,5.7,5.2,93.5,6.4
2025-10-22T05:54:04,1110,5.8,81,5.8,4.8,93.9,6.3
2025-10-22T07:54:21,1050,6,80.2,5.8,5.1,94.2,6.4
2025-10-22T09:54:38,1125,6.5,82.8,6.2,5.9,93.8,6.8
2025-10-22T11:53:45,1215,7.4,82.4,6.6,6.9,90.7,7
2025-10-22T13:53:18,1380,8.2,80.5,6.7,8.1,83.9,7
2025-10-22T15:53:55,1170,8.5,76.8,6.6,8.5,82.6,7.1
2025-10-22T17:53:00,990,8.4,77.5,6.6,7.4,92.7,7.4
2025-10-22T19:53:29,1050,8.2,77.2,6.5,7.6,88.6,7.1
2025-10-22T21:53:24,1050,8,78.3,6.5,7.3,90.6,7.2
2025-10-22T23:53:48,1050,7.9,78.5,6.4,7.1,91.4,7.1
2025-10-23T01:54:34,1050,7.7,79.2,6.4,7.2,90,7.1
2025-10-23T03:54:46,930,7.7,80.6,6.5,6.4,99,7.4
2025-10-23T05:54:03,990,7.6,80.9,6.5,6.1,100,7.3
2025-10-23T07:53:39,1050,7.7,82.5,6.7,6.3,100,7.4
2025-10-23T09:53:37,1140,8,84.5,7,6.6,100,7.5
2025-10-23T11:53:48,1230,8.4,84.9,7.2,6.9,100,7.7
2025-10-23T13:54:20,1215,8.6,84.5,7.3,6.9,100,7.7
2025-10-23T15:54:07,1230,8.6,83.6,7.2,6.9,100,7.7
2025-10-23T17:53:42,1185,8.5,84.1,7.2,7,100,7.7
2025-10-23T19:53:11,1170,8.5,85.5,7.3,7.2,100,7.8
2025-10-23T21:52:41,1215,8.7,86.8,7.5,7.4,100,8
2025-10-23T23:52:56,1260,8.7,87.1,7.5,7.5,100,8
2025-10-24T01:53:02,1260,8.8,86.9,7.6,7.5,100,8
2025-10-24T03:53:19,1290,8.8,86.6,7.5,7.3,100,7.9
2025-10-24T05:52:40,1275,8.8,86.8,7.6,7.4,100,8
2025-10-24T07:52:17,1290,8.8,88,7.7,7.7,100,8.1
2025-10-24T09:53:03,1290,9.3,89.4,8,8.4,100,8.5
2025-10-24T11:53:14,1305,9.7,88.7,8.2,8.5,100,8.5
2025-10-24T13:53:19,1350,9.9,86.8,8.1,8.4,100,8.5
2025-10-24T15:52:43,1320,9.9,86.8,8.1,8.5,100,8.5
2025-10-24T17:53:19,1290,9.9,87.8,8.2,8.7,100,8.6
2025-10-24T19:53:12,1290,9.9,88.9,8.3,9,100,8.8
2025-10-24T21:54:08,1290,10.1,89.5,8.5,9.1,100,8.9
2025-10-24T23:53:32,1350,10.2,90.7,8.6,9.3,100,9
2025-10-25T01:52:54,1380,10.4,91.6,8.8,9.6,100,9.2
2025-10-25T03:52:21,1395,10.7,92.5,9.1,10.1,100,9.5
2025-10-25T05:52:27,1425,11,92.9,9.3,10.3,100,9.6
2025-10-25T07:53:06,1485,11.3,93.3,9.5,10.5,100,9.7
2025-10-25T09:53:46,1560,11.6,93.2,9.7,10.7,100,9.8
2025-10-25T11:53:55,1590,11.9,91.9,9.7,10.6,100,9.8
2025-10-25T13:53:01,1590,11.8,90.1,9.5,10.1,100,9.5
2025-10-25T15:53:14,1500,11.5,90.3,9.3,10.2,100,9.5
2025-10-25T17:52:53,1455,11.4,90.9,9.3,10.3,100,9.6
2025-10-25T19:53:14,1530,11.4,91.4,9.4,10.2,100,9.5
2025-10-25T21:52:31,1485,11.3,91.7,9.4,10.3,100,9.6
2025-10-25T23:52:24,1425,11.4,92.1,9.4,10.5,100,9.7
2025-10-26T01:52:45,1485,11.4,92.3,9.5,10.5,100,9.7
2025-10-26T03:53:21,1560,11.5,92.1,9.5,10.3,100,9.6
2025-10-26T05:53:19,1560,11.4,91.8,9.4,10.2,100,9.5
2025-10-26T07:52:53,1620,11.3,91.7,9.4,9.9,100,9.3
2025-10-26T09:52:02,1635,11.3,92.5,9.4,10,100,9.4
2025-10-26T11:52:12,1800,11.6,92,9.6,9.7,100,9.2
2025-10-26T13:52:37,1785,11.5,88.4,9.1,9.1,100,8.9
2025-10-26T15:52:22,1590,10.7,83.7,8.2,8,100,8.3
2025-10-26T17:51:33,1485,9.9,83.5,7.8,7.4,100,8
2025-10-26T19:51:58,1410,9.3,83.1,7.5,6.8,100,7.6
2025-10-26T21:51:28,1380,8.7,84.8,7.3,6.8,100,7.6
2025-10-26T23:51:33,1350,8.5,89.3,7.6,7.4,100,8
2025-10-27T01:51:51,1335,8.2,89.2,7.5,7.2,100,7.8
2025-10-27T03:52:19,1260,8.3,93.4,7.9,8.2,100,8.4
2025-10-27T05:53:07,1395,8.4,92.3,7.8,7.7,100,8.1
2025-10-27T07:52:56,1560,8.6,94.2,8.1,7.8,100,8.2
2025-10-27T09:53:12,1875,9.3,90,8.1,7.1,99.3,7.7
2025-10-27T11:52:54,1515,9.2,85.8,7.7,7,100,7.7
2025-10-27T13:53:01,1485,8.9,84.9,7.4,6.7,100,7.6
2025-10-27T15:53:15,1410,8.6,85.3,7.3,6.7,100,7.6
2025-10-27T17:53:06,1350,8.1,84.1,7,6.1,100,7.3
2025-10-27T19:53:12,1380,7.7,86.4,7,6,100,7.3
2025-10-27T21:52:30,1380,7.4,86.2,6.9,5.7,100,7.1
2025-10-27T23:52:41,1380,7,85.6,6.6,5.2,100,6.9
2025-10-28T01:53:17,1350,6.7,85.5,6.5,5,100,6.8
2025-10-28T03:52:47,1350,6.4,86.2,6.4,4.8,100,6.7
2025-10-28T05:52:49,1080,5.9,85.3,6.2,4.9,100,6.8
2025-10-28T07:53:14,1050,5.9,92,6.6,6.2,100,7.4
2025-10-28T09:52:31,1650,7,97.4,7.5,6.5,100,7.5
2025-10-28T11:52:36,1845,8,93.3,7.7,6.3,100,7.4
2025-10-28T13:52:26,1875,8.6,92.1,7.9,6.6,100,7.5
2025-10-28T15:53:14,1785,8.4,88.6,7.5,6.2,100,7.4
2025-10-28T17:53:25,1605,8,87.9,7.3,5.9,100,7.2
2025-10-28T21:53:20,1485,7.4,89,7.1,5.9,100,7.2
2025-10-28T23:52:47,1515,7.3,89.9,7.1,5.9,100,7.2
2025-10-29T01:53:17,1485,7.2,90.3,7.1,6,100,7.3
2025-10-29T03:53:11,1515,7.1,88.9,6.9,5.5,100,7
2025-10-29T05:53:23,1380,6.6,87,6.6,5.1,100,6.8
2025-10-29T07:53:38,1395,6.9,94.6,7.3,6.6,100,7.5
2025-10-29T09:53:33,1785,8.3,99.3,8.4,7.7,100,8.1
2025-10-29T11:53:49,1905,9.7,95.9,8.8,8,100,8.3
2025-10-29T13:52:55,1920,10.2,90.2,8.6,7.7,100,8.1
2025-10-29T15:52:21,1740,9.8,87.1,8.1,7.1,100,7.8
2025-10-29T17:52:01,1575,9,84.3,7.4,6.4,100,7.5
2025-10-29T19:51:41,1215,7.5,76.6,6.1,4.4,100,6.5
2025-10-29T21:51:12,1050,6.2,78,5.7,3.8,100,6.3
2025-10-29T23:51:45,1080,5.7,82,5.8,3.8,100,6.3
2025-10-30T01:51:23,900,4.7,79.3,5.3,2.6,100,5.8
2025-10-30T03:51:46,855,4,82,5.2,2.6,100,5.8
2025-10-30T05:50:58,840,3.4,81.7,5,1.8,100,5.5
2025-10-30T07:51:16,720,3.5,91.1,5.6,4.6,100,6.6
2025-10-30T09:51:37,465,4.6,96.3,6.4,7.5,100,8
2025-10-30T11:52:20,990,6.2,95.5,7,7.3,100,7.9
2025-10-30T13:51:29,1605,7.9,96.2,7.9,7.3,100,7.9
2025-10-30T15:52:10,1575,8.5,92.7,7.9,7.4,100,8
2025-10-30T17:52:55,1590,8.7,93.1,8,7.7,100,8.1
2025-10-30T19:52:10,1620,8.9,93,8.1,7.7,100,8.1
2025-10-30T21:52:46,1575,8.9,92.9,8.1,7.9,100,8.2
2025-10-30T23:53:12,1560,8.9,92.5,8.1,7.9,100,8.2
2025-10-31T01:54:04,1515,8.9,91.7,8,7.7,100,8.1
2025-10-31T03:53:14,1545,8.7,91.9,7.9,7.6,100,8.1
2025-10-31T05:53:40,1710,8.6,90.9,7.8,6.8,100,7.6
2025-10-31T07:54:01,1710,8.4,90.2,7.7,6.4,100,7.5
2025-10-31T09:54:41,1710,8.3,91.1,7.7,6.5,100,7.5
2025-10-31T11:53:59,1740,8.6,91.5,7.9,6.7,100,7.6
2025-10-31T13:53:50,1740,8.7,89.7,7.8,6.6,100,7.5
2025-10-31T15:53:22,1650,8.4,87.6,7.4,6.3,100,7.4
2025-10-31T17:53:07,1560,8,86.9,7.2,6,100,7.3
2025-10-31T19:52:31,1500,7.5,88.3,7.1,5.8,100,7.2
2025-10-31T21:52:55,1530,7.3,88.1,7,5.5,100,7
2025-10-31T23:53:07,1440,6.9,85.1,6.6,4.9,100,6.8
2025-11-01T01:53:09,1245,5.9,82.7,6,3.8,100,6.3
2025-11-01T03:53:24,1245,5.6,87.6,6.2,4.5,100,6.6
2025-11-01T05:54:13,1350,5.8,91.2,6.5,5.1,100,6.8
2025-11-01T07:53:55,1410,6.2,93.6,6.9,5.7,100,7.1
2025-11-01T09:53:13,1530,7.1,96.8,7.5,6.7,100,7.6
2025-11-01T11:53:37,1710,8.2,95.5,8,7.1,100,7.8
2025-11-01T13:53:52,1830,8.8,92,8,6.9,100,7.7
2025-11-01T15:53:04,1770,8.5,89,7.6,6.3,100,7.4
2025-11-01T17:53:32,1605,8,87.7,7.2,5.9,100,7.2
2025-11-01T19:53:41,1515,7.6,87.8,7.1,5.8,100,7.2
2025-11-01T21:54:10,1440,7.4,88.1,7,5.9,100,7.2
2025-11-01T23:54:22,1350,7.2,89.1,7,6.1,100,7.3
2025-11-02T01:53:50,1110,7.5,93.1,7.5,7.7,100,8.1
2025-11-02T03:54:28,1215,7.6,91.6,7.4,7.3,100,7.9
2025-11-02T05:53:52,1185,7.5,90.6,7.3,7.1,100,7.8
2025-11-02T07:53:15,1245,7.6,92.5,7.5,7.5,98.9,7.9
2025-11-02T09:53:31,1515,7.9,92.1,7.6,6.9,100,7.7
2025-11-02T11:54:17,1620,8.3,93.4,7.9,7.2,100,7.8
2025-11-02T13:55:05,1590,8.7,93.6,8.1,7.7,100,8.1
2025-11-02T15:54:55,1485,9,95.2,8.4,8.5,100,8.5
2025-11-02T17:54:39,1515,9.4,95.7,8.7,8.9,100,8.8
2025-11-02T19:54:27,1575,9.7,95.1,8.8,8.9,100,8.8
2025-11-02T21:54:52,1620,9.6,93.2,8.5,8.4,100,8.5
2025-11-02T23:54:20,1620,9.4,91.5,8.3,8,100,8.3
2025-11-03T01:54:00,1590,9.3,91.1,8.2,7.8,100,8.2
2025-11-03T03:54:14,1455,9.3,93.7,8.4,8.8,100,8.7
2025-11-03T05:54:31,1485,9.5,94.4,8.6,8.9,100,8.8
2025-11-03T07:54:40,1560,9.7,95.7,8.8,9.2,100,8.9
2025-11-03T09:54:22,1710,10.6,96.7,9.4,9.8,100,9.3
2025-11-03T11:54:12,1755,11.5,94.3,9.7,10.1,100,9.5
2025-11-03T13:53:31,1785,11.5,90.1,9.3,9.4,100,9
2025-11-03T15:53:41,1485,10.5,84.5,8.2,8.2,100,8.4
2025-11-03T17:54:24,1410,9.5,85.4,7.8,7.6,100,8.1
2025-11-03T19:54:42,1455,9,87.3,7.7,7.3,100,7.9
2025-11-03T21:53:51,1455,8.6,86.8,7.5,6.8,100,7.6
2025-11-03T23:54:20,1425,8.2,84.1,7,6,100,7.3
2025-11-04T01:55:03,1170,6.8,77.9,6,3.9,100,6.3
2025-11-04T03:55:26,1080,5.7,82.1,5.8,3.8,100,6.3
2025-11-04T05:55:36,1020,5.5,87.7,6.2,5.2,100,6.9
2025-11-04T07:56:07,840,6,92.8,6.7,7,100,7.7
2025-11-04T09:55:17,945,7.6,100,8.1,9.4,100,9
2025-11-04T11:56:02,1785,9.9,100,9.3,9.5,99.5,9.1
2025-11-04T13:55:41,1710,10.3,91.7,8.8,8.7,100,8.6
2025-11-04T15:55:34,1545,10.1,93.6,8.8,9.2,100,8.9
2025-11-04T17:55:30,1515,10.3,95.4,9.1,9.8,100,9.3
2025-11-04T19:56:19,1455,10.7,96.9,9.5,10.7,100,9.8
2025-11-04T21:55:54,1515,11.3,96.7,9.9,11,100,10
2025-11-05T01:55:02,1545,11.8,96,10.1,11.3,100,10.2
2025-11-05T03:54:49,1635,11.9,95.5,10.1,11.1,100,10.1
2025-11-05T05:54:47,1620,12,95.2,10.1,11.1,100,10.1
2025-11-05T07:54:56,1620,12,95.3,10.2,11.2,100,10.1
2025-11-05T09:54:22,1620,12.3,95.3,10.3,11.4,100,10.3
2025-11-05T11:54:59,1755,12.4,94.3,10.3,11,100,10
2025-11-05T13:54:24,1650,12.1,92.6,9.9,10.8,100,9.9
2025-11-05T15:54:52,1560,11.8,91.4,9.6,10.5,100,9.7
2025-11-05T17:54:33,1395,11.5,91.1,9.4,10.5,100,9.7
2025-11-05T19:54:31,1395,11.3,91.3,9.3,10.5,100,9.7
2025-11-05T21:53:56,1395,11.1,91.5,9.2,10.3,100,9.6
2025-11-05T23:53:29,1395,11,91.4,9.1,10.3,100,9.6
2025-11-06T01:54:06,1395,11,92.1,9.2,10.2,100,9.5
2025-11-06T03:54:05,1425,11,92.3,9.2,10.2,100,9.5
2025-11-06T05:53:58,1425,11,92.3,9.2,10.2,100,9.5
2025-11-06T07:53:25,1455,11.1,93,9.4,10.3,100,9.6
2025-11-06T09:52:47,1530,11.3,93.6,9.5,10.4,100,9.6
2025-11-06T11:53:15,1560,11.7,93.9,9.8,10.8,100,9.9
2025-11-06T13:53:31,1590,12,91.7,9.8,10.7,100,9.8
2025-11-06T15:53:21,1500,11.8,90.1,9.5,10.5,100,9.7
2025-11-06T17:53:34,1485,11.6,90.4,9.4,10.3,100,9.6
2025-11-06T19:54:04,1515,11.3,90.7,9.2,10,100,9.4
2025-11-06T21:53:37,1560,11.2,91.7,9.3,9.9,100,9.3
2025-11-06T23:52:48,1590,11.1,92.7,9.3,10,100,9.4
2025-11-07T01:52:39,1620,11.1,93,9.4,9.9,100,9.3
2025-11-07T03:52:40,1620,11,93.1,9.3,9.8,100,9.3
2025-11-07T05:51:54,1620,11,93.5,9.4,9.8,100,9.3
2025-11-07T07:51:39,1650,11.1,95,9.6,10,100,9.4
2025-11-07T09:51:00,1725,11.4,96.5,9.9,10.5,100,9.7
2025-11-07T11:50:51,1710,11.7,96.2,10.1,10.9,100,9.9
2025-11-07T13:50:13,1725,12,95.6,10.2,11,100,10
2025-11-07T15:50:05,1710,11.8,94.1,9.9,10.6,100,9.8
2025-11-07T17:49:49,1695,11.6,93.8,9.7,10.4,100,9.6
2025-11-07T19:49:59,1650,11.3,93.1,9.5,10.1,100,9.5
2025-11-07T21:50:40,1650,11.1,93.4,9.4,9.9,100,9.3
2025-11-07T23:51:10,1710,10.8,91.2,9,9,100,8.8
2025-11-08T01:50:25,1695,10.4,90.9,8.8,8.7,100,8.6
2025-11-08T03:51:03,1650,10.2,91.4,8.7,8.6,100,8.6
2025-11-08T05:50:21,1650,10,92,8.6,8.6,100,8.6
2025-11-08T07:50:43,1710,9.9,92.2,8.6,8.3,100,8.4
2025-11-08T09:51:11,1725,9.9,92.9,8.7,8.4,100,8.5
2025-11-08T11:50:45,1680,10,93.5,8.8,8.8,100,8.7
2025-11-08T13:51:25,1680,10,92,8.6,8.4,100,8.5
2025-11-08T15:51:15,1710,9.6,90.7,8.3,7.8,100,8.2
2025-11-08T17:51:58,1620,9.4,91.1,8.2,7.9,100,8.2
2025-11-08T19:52:35,1605,9.2,91.5,8.2,7.7,100,8.1
2025-11-08T21:53:04,1575,9,91.6,8.1,7.7,100,8.1
2025-11-08T23:53:15,1575,9,92.4,8.1,7.8,100,8.2
2025-11-09T01:52:44,1620,8.9,92.9,8.1,7.8,100,8.2
2025-11-09T03:52:02,1590,8.8,92.9,8.1,7.7,100,8.1
2025-11-09T05:52:15,1605,8.8,93.6,8.1,7.7,100,8.1
2025-11-09T07:52:40,1605,8.8,93.4,8.1,7.6,100,8.1
2025-11-09T09:52:26,1710,8.7,90.5,7.8,6.9,100,7.7
2025-11-09T11:52:58,1650,8.6,90.4,7.8,7,100,7.7
2025-11-09T13:52:06,1620,8.7,89.4,7.7,7,100,7.7
2025-11-09T15:51:22,1575,8.4,87.4,7.4,6.5,100,7.5
2025-11-09T17:51:21,1500,7.8,87.1,7.1,5.9,100,7.2
2025-11-09T19:50:34,1485,7.5,88.8,7.1,6,100,7.3
2025-11-09T21:50:31,1515,7.5,89.9,7.2,6.1,100,7.3
2025-11-09T23:51:13,1515,7.5,90.9,7.3,6.2,100,7.4
2025-11-10T01:51:15,1665,7.5,91.5,7.3,6,100,7.3
2025-11-10T03:51:13,1830,7.3,88,7,4.6,100,6.6
2025-11-10T05:51:02,1635,6.6,85,6.4,3.7,100,6.2
2025-11-10T07:50:44,1560,6.2,86.4,6.4,3.7,100,6.2
2025-11-10T09:51:12,1710,6.3,87.9,6.5,3.7,100,6.2
2025-11-10T11:50:30,1800,6.8,87.4,6.7,3.8,100,6.3
2025-11-10T13:49:59,1635,6.7,84.5,6.4,3.7,100,6.2
2025-11-10T15:49:50,1470,6.3,83.6,6.2,3.4,100,6.1
2025-11-10T17:49:46,1470,5.9,83.1,6,2.9,100,5.9
2025-11-10T19:50:42,1335,5.4,82,5.7,2.4,100,5.7
2025-11-10T21:50:10,1305,5.1,82.9,5.7,2.4,100,5.7
2025-11-10T23:49:52,1305,4.9,84.5,5.7,2.5,100,5.8
2025-11-11T01:50:03,1335,4.9,86.1,5.8,2.7,100,5.8
2025-11-11T03:50:33,1365,4.9,87.2,5.9,2.9,100,5.9
2025-11-11T05:50:03,1380,4.9,88.4,6,3.2,100,6
2025-11-11T07:50:17,1440,5.2,90.5,6.2,3.7,100,6.2
2025-11-11T09:49:56,1635,6.1,95,6.9,5.2,100,6.9
2025-11-11T11:50:45,1695,7.6,95.2,7.7,6.6,100,7.5
2025-11-11T13:50:31,1620,8.3,92.6,7.8,7.1,100,7.8
2025-11-11T15:50:48,1485,8.2,90.4,7.6,6.9,100,7.7
2025-11-11T17:50:48,1395,7.9,90.4,7.4,6.9,100,7.7
2025-11-11T19:50:22,1380,7.9,93.1,7.6,7.4,100,8
2025-11-11T21:49:47,1545,8.3,94.4,8,7.6,100,8.1
2025-11-11T23:49:58,1635,8.5,93.5,8,7.4,100,8
2025-11-12T01:49:09,1650,8.6,93.5,8,7.5,100,8
2025-11-12T03:49:34,1710,8.6,93,8,7.2,100,7.8
2025-11-12T05:49:01,1665,8.5,92.2,7.9,7,100,7.7
2025-11-12T07:48:38,1575,8.4,92,7.8,7.2,100,7.8
2025-11-12T09:48:25,1440,8.6,92.4,7.9,7.7,100,8.1
2025-11-12T11:47:43,1485,8.9,91.8,8,7.9,100,8.2
2025-11-12T13:48:12,1410,9,90.9,8,8.1,100,8.3
2025-11-12T15:48:21,1215,9.1,92.7,8.2,9,100,8.8
2025-11-12T17:48:32,1290,9.3,93.1,8.4,9,100,8.8
2025-11-12T19:49:16,1275,9.6,93,8.5,9.3,100,9
2025-11-12T21:49:51,1455,9.5,92.2,8.4,8.6,100,8.6
2025-11-12T23:49:20,1470,9.3,92.4,8.3,8.4,100,8.5
2025-11-13T01:49:38,1485,9.3,93.3,8.4,8.5,100,8.5
2025-11-13T03:49:48,1485,9.4,94.5,8.5,8.8,100,8.7
2025-11-13T05:49:52,1485,9.7,96,8.8,9.4,100,9
2025-11-13T07:49:56,1455,10.1,96.9,9.2,10,100,9.4
2025-11-13T09:49:25,1590,10.6,96.6,9.4,10.1,100,9.5
2025-11-13T11:49:52,1590,10.9,95.7,9.5,10.3,100,9.6
2025-11-13T13:50:22,1560,10.9,94.4,9.4,10.1,100,9.5
2025-11-13T15:50:07,1620,10.7,93.5,9.2,9.7,100,9.2
2025-11-13T17:49:47,1875,9.7,83.9,7.7,6.2,100,7.4
2025-11-13T19:49:29,1410,8,75.1,6.2,3.8,100,6.3
2025-11-13T21:49:31,1140,6.7,73.6,5.6,2.7,100,5.8
2025-11-13T23:49:33,1050,5.8,74,5.3,2.1,100,5.6
2025-11-14T01:49:44,945,4.9,74.9,5.1,1.6,100,5.4
2025-11-14T03:50:28,840,3.7,74.2,4.6,0.3,100,5
2025-11-14T05:51:11,810,3,74.2,4.4,-0.3,100,4.8
2025-11-14T07:51:39,840,2.9,79.7,4.7,0.6,100,5.1
2025-11-14T09:51:50,1185,3.5,90.9,5.6,2.6,100,5.8
2025-11-14T11:51:15,1950,5.1,96.4,6.6,2.9,100,5.9
2025-11-14T13:50:34,1470,5.2,82.8,5.7,1.8,100,5.5
2025-11-14T15:50:09,1290,3.7,83.7,5.2,0.7,100,5.1
2025-11-14T17:49:32,1275,3.1,83.7,5,0,100,4.8
2025-11-14T19:49:02,1125,2.5,82.2,4.7,-0.8,100,4.6
2025-11-14T21:49:43,1080,2.2,80.1,4.5,-1.5,100,4.4
2025-11-14T23:50:33,780,2,74.9,4.2,-1.5,100,4.4
2025-11-15T01:50:38,705,1.8,76.2,4.2,-0.9,100,4.6
2025-11-15T03:51:16,495,1.6,71.9,3.9,-1.7,100,4.3
2025-11-15T05:50:37,660,1.9,68.8,3.8,-3.2,100,3.9
2025-11-15T07:50:55,495,2.2,67.8,3.8,-1.8,100,4.3
2025-11-15T09:50:18,600,2.5,74.8,4.3,0,100,4.8
2025-11-15T11:50:08,705,2.9,79.8,4.7,1.1,100,5.2
2025-11-15T13:49:16,840,3,80.8,4.8,1,100,5.2
2025-11-15T17:49:12,735,2.7,79.3,4.6,0.8,100,5.1
2025-11-15T19:48:38,555,2.6,77.9,4.5,1.6,97.3,5.3
2025-11-15T21:48:00,555,2.6,78.1,4.5,1.7,96.6,5.3
2025-11-15T23:48:17,705,2.5,77.6,4.5,1.4,94.6,5
2025-11-16T01:48:18,600,2.5,76.8,4.4,1.6,94.4,5.1
2025-11-16T03:47:53,615,2.5,78.7,4.5,2.4,92,5.3
2025-11-16T05:48:33,495,2.6,79.3,4.6,2.7,93.1,5.4
2025-11-16T07:48:15,495,2.6,80.3,4.6,3.6,95.3,5.9
2025-11-16T09:47:33,450,2.7,82,4.8,5.4,89,6.2
2025-11-16T11:48:01,450,2.9,85.6,5.1,6.2,92.4,6.8
2025-11-16T13:48:24,450,2.9,86.6,5.1,5.2,91.9,6.3
2025-11-16T15:48:50,510,2.8,87,5.1,3.6,98.2,6.1
2025-11-16T17:49:10,840,2.8,85.9,5,2.1,100,5.6
2025-11-16T19:49:41,735,3,81.9,4.9,1.9,100,5.5
2025-11-16T21:50:13,540,2.9,81.3,4.8,2.2,100,5.6
2025-11-16T23:49:34,555,2.8,80.1,4.7,1.6,100,5.4
2025-11-17T01:48:47,555,2.7,79.2,4.6,1.3,100,5.3
2025-11-17T03:49:35,495,2.7,78.6,4.6,1.4,100,5.3
2025-11-17T05:50:21,615,2.8,81.1,4.8,1.8,100,5.5
2025-11-17T07:50:22,810,2.9,83.5,4.9,1.6,100,5.4
2025-11-17T09:50:15,1140,3.2,88.4,5.3,1.7,100,5.4
2025-11-17T11:49:44,1140,3.3,84.9,5.2,1.1,100,5.2
2025-11-17T13:49:00,1065,3.1,83.9,5,0.8,100,5.1
2025-11-17T15:48:18,1035,2.8,83.3,4.9,0.6,100,5.1
2025-11-17T17:47:37,915,2.7,81.1,4.7,0.3,100,5
2025-11-17T19:46:52,735,2.4,75.9,4.3,-0.6,100,4.7
2025-11-17T21:47:32,840,2,78.5,4.4,-0.9,100,4.6
2025-11-17T23:47:59,855,2.2,79.7,4.5,-0.5,100,4.7
2025-11-18T01:47:09,870,2.3,80.1,4.5,-0.2,100,4.8
2025-11-18T03:46:34,870,2.4,82.8,4.7,0.3,100,5
2025-11-18T05:46:37,840,2.1,79.6,4.5,-0.4,100,4.7
2025-11-18T07:47:02,735,2,77,4.3,-0.6,100,4.7
2025-11-18T09:46:27,705,2,73.9,4.1,-1.3,100,4.4
2025-11-18T11:46:54,600,1.8,68.6,3.8,-2.2,97.1,4
2025-11-18T13:46:19,480,1.6,64.1,3.5,-3.3,97.5,3.8
2025-11-18T15:47:01,435,1.6,60.5,3.3,-3.7,99.9,3.7
2025-11-18T17:47:32,420,1.4,60.7,3.2,-3.2,98.3,3.8
2025-11-18T19:47:36,480,1,58.6,3,-5.5,100,3.3
2025-11-18T21:47:33,0,-0.3,57,2.7,-7,100,3
2025-11-18T23:47:50,0,-6,75.5,2.4,-7.9,100,2.8
2025-11-19T01:47:28,0,-6.7,73.5,2.2,-8.9,100,2.6
2025-11-19T03:46:54,0,-6.1,59.3,1.9,-8.6,100,2.6
2025-11-19T05:47:02,0,-6.3,61.8,1.9,-8.6,100,2.6
2025-11-19T07:46:33,0,-7,56.8,1.7,-8,100,2.7
2025-11-19T09:45:57,465,-7.8,58.9,1.6,-4.8,100,3.5
2025-11-19T11:45:26,420,-5.9,78.1,2.5,-3,99.9,3.9
2025-11-19T13:46:13,405,-3.5,87,3.3,-3.1,100,3.9
2025-11-19T15:45:49,420,-3.2,83.2,3.2,-3.7,100,3.7
2025-11-19T17:45:14,405,-3.4,80.6,3.1,-3.7,100,3.7
2025-11-19T19:45:23,420,-2.8,83.1,3.3,-2.9,100,4
2025-11-19T21:44:48,420,-2.2,83.5,3.5,-2.7,100,4
2025-11-19T23:44:48,435,-1.4,85.7,3.8,-1.9,100,4.3
2025-11-20T01:45:17,480,-0.6,85.7,4,-1.5,100,4.4
2025-11-20T03:45:22,480,-0.5,84.7,4,-1.4,100,4.4
2025-11-20T05:44:43,480,-0.3,85,4,-0.4,100,4.7
2025-11-20T07:45:30,420,0.1,86.4,4.2,0.9,100,5.2
2025-11-20T09:44:47,600,1.2,92.5,4.9,2.1,100,5.6
2025-11-20T11:45:30,780,2.3,92.7,5.3,3.1,100,6
2025-11-20T13:45:23,870,2.7,91.3,5.3,2.8,100,5.9
2025-11-20T15:45:05,945,2.9,89.9,5.3,2.5,100,5.8
2025-11-20T17:45:31,900,2.9,89.7,5.3,2.6,100,5.8
2025-11-20T19:45:10,960,3,89.9,5.3,2.6,100,5.8
2025-11-20T21:44:49,1095,3,89.1,5.3,1.7,100,5.4
2025-11-20T23:45:26,1080,2.9,88.4,5.2,1.7,100,5.4
2025-11-21T01:44:47,1110,2.9,87.9,5.2,1.4,100,5.3
2025-11-21T03:44:59,1095,2.9,86.9,5.1,1,100,5.2
2025-11-21T05:44:23,1065,2.8,87,5.1,1.2,100,5.3
2025-11-21T07:44:20,1035,2.8,86.9,5.1,1.3,100,5.3
2025-11-21T09:44:34,1080,2.9,88.2,5.2,1.5,100,5.4
2025-11-21T11:44:14,1155,3.1,90.1,5.4,1.9,100,5.5
2025-11-21T13:44:33,1170,3.1,88.4,5.3,1.3,100,5.3
2025-11-21T15:43:55,1170,2.9,87.7,5.2,0.9,100,5.2
2025-11-21T17:44:25,1140,2.8,87.2,5.1,0.8,100,5.1
2025-11-21T19:44:06,1125,2.7,87,5.1,0.7,100,5.1
2025-11-21T21:44:55,1095,2.5,86.3,5,0.4,100,5
2025-11-21T23:44:53,960,2.2,81.3,4.6,-0.6,100,4.7
2025-11-22T01:44:36,855,2,76.5,4.3,-1.8,100,4.3
2025-11-22T03:44:45,810,1.8,69.3,3.8,-4,100,3.7
2025-11-22T05:44:35,555,1.8,61.5,3.4,-5.8,100,3.2
2025-11-22T07:44:03,705,2.2,63.5,3.6,-5.4,100,3.3
2025-11-22T09:44:07,1005,2.7,74.2,4.3,-2.4,100,4.1
2025-11-22T11:43:23,1425,3.7,88.2,5.5,1,100,5.2
2025-11-22T13:44:04,1230,4.1,83.4,5.3,1.4,100,5.3
2025-11-22T15:43:52,855,3.3,83.8,5.1,2.2,100,5.6
2025-11-22T17:43:33,735,3,86.7,5.2,3.1,100,6
2025-11-22T19:44:16,705,3,90.8,5.4,4,100,6.4
2025-11-22T21:43:52,495,2.9,89.9,5.3,5,100,6.8
2025-11-22T23:44:08,435,2.6,89.3,5.2,5.1,100,6.8
2025-11-23T01:44:14,435,2.6,90.2,5.2,5,100,6.8
2025-11-23T03:44:22,435,2.6,89,5.2,5.1,100,6.8
2025-11-23T05:45:04,435,2.7,92,5.4,5.1,100,6.8
2025-11-23T07:45:03,435,2.7,90.3,5.3,5.2,100,6.9
2025-11-23T09:45:29,435,2.7,90,5.2,5.9,100,7.2
2025-11-23T11:45:56,435,2.9,93.3,5.5,5.9,97.1,7
2025-11-23T13:46:07,735,3.3,97.6,5.9,5.7,97.4,6.9
2025-11-23T15:46:37,705,3.7,93.8,5.8,5.3,100,6.9
2025-11-23T17:47:14,720,3.7,92.8,5.8,5.1,100,6.8
2025-11-23T19:47:50,750,3.6,92.5,5.7,4.7,100,6.7
2025-11-23T21:48:02,765,3.7,92.7,5.8,4.8,100,6.7
2025-11-23T23:48:18,870,3.6,92.6,5.7,4.4,100,6.5
2025-11-24T01:48:17,915,3.6,90.9,5.6,3.8,100,6.3
2025-11-24T03:47:50,945,3.5,90.4,5.6,3.4,100,6.1
2025-11-24T05:47:29,975,3.4,90,5.5,3.1,100,6
2025-11-24T07:48:04,1005,3.4,89.5,5.5,2.9,100,5.9
2025-11-24T09:47:37,975,3.4,90,5.5,3.1,100,6
2025-11-24T11:48:25,1005,3.5,90.4,5.6,3.2,100,6
2025-11-24T13:48:57,1035,3.6,89.8,5.6,3,100,5.9
2025-11-24T15:48:53,1095,3.5,88.4,5.4,2.2,100,5.6
2025-11-24T17:48:27,1230,3.3,87.4,5.3,1.2,100,5.3
2025-11-24T19:47:41,1230,2.8,83.3,4.9,-0.4,100,4.7
2025-11-24T21:47:19,1245,2.6,83.2,4.8,-0.8,100,4.6
2025-11-24T23:47:03,1170,2.5,82.2,4.7,-1.1,100,4.5
2025-11-25T01:47:41,1065,2.6,84.2,4.9,0.1,100,4.9
2025-11-25T03:47:08,1065,2.7,86.2,5,0.9,100,5.2
2025-11-25T05:47:44,1095,2.8,87.7,5.1,1.1,100,5.2
2025-11-25T07:47:39,1095,2.7,85.4,5,0.3,100,5
2025-11-25T09:48:23,1065,2.5,82,4.7,-0.4,100,4.7
2025-11-25T11:48:41,1005,2.4,77.4,4.4,-0.8,97.1,4.5
2025-11-25T13:48:07,825,2.2,71.8,4,-1.5,95,4.2
2025-11-25T15:48:43,660,2,68.3,3.8,-1.7,94.6,4.1
2025-11-25T17:47:50,495,2,64.9,3.6,-2.7,96.9,3.9
2025-11-25T19:47:28,495,2,62.4,3.5,-3.3,99,3.8
2025-11-25T21:47:31,435,2.1,60.8,3.4,-3.9,99.6,3.7
2025-11-25T23:48:16,435,2.1,56.6,3.2,-6.3,100,3.1
2025-11-26T01:47:59,0,2.2,56.4,3.2,-7.3,100,2.9
2025-11-26T03:48:33,540,1.2,63.7,3.4,-6.4,100,3.1
2025-11-26T05:48:00,480,2.1,54,3,-4.8,100,3.5
2025-11-26T07:48:28,435,2,56.2,3.1,-3.2,100,3.9
2025-11-26T09:49:05,420,2.1,64.5,3.6,-1.4,100,4.4
2025-11-26T11:48:37,420,2.4,73.5,4.2,0,100,4.8
2025-11-26T13:49:06,825,2.4,78.3,4.5,-0.4,100,4.7
2025-11-26T15:49:28,885,2.5,76.6,4.4,-1.2,100,4.5
2025-11-26T17:49:18,855,2.3,73.9,4.2,-2,100,4.2
2025-11-26T19:49:21,795,2.1,71.3,4,-2.8,100,4
2025-11-26T21:49:03,690,1.7,67,3.7,-4.4,100,3.6
2025-11-26T23:49:38,480,0.7,61,3.1,-6.1,100,3.2
2025-11-27T01:49:09,420,-0.5,59.3,2.8,-6.9,100,3
2025-11-27T03:48:37,420,-2.2,61.2,2.5,-6.1,100,3.2
2025-11-27T05:49:19,420,-2.6,65.7,2.7,-4,100,3.7
2025-11-27T07:48:50,420,-1.9,72.6,3.1,-2.4,100,4.1
2025-11-27T09:49:32,420,-0.6,84,3.9,0.2,100,4.9
2025-11-27T11:49:09,690,0.7,91.4,4.7,0.9,100,5.2
2025-11-27T13:49:33,960,1.9,89.1,4.9,0.9,100,5.2
2025-11-27T15:49:32,825,2.3,87.4,5,1.7,100,5.4
2025-11-27T17:48:57,825,2.6,90,5.2,2.7,100,5.8
2025-11-27T19:49:24,840,2.9,90.7,5.4,3.1,100,6
2025-11-27T21:49:27,810,3,91.6,5.4,3.7,100,6.2
2025-11-27T23:49:25,765,3.2,93.5,5.6,4.3,100,6.5
2025-11-28T01:50:09,705,3.4,94.4,5.8,5,100,6.8
2025-11-28T03:50:47,810,3.5,96.9,6,5.2,100,6.9
2025-11-28T05:49:54,780,3.7,97.4,6.1,5.7,100,7.1
2025-11-28T07:49:23,885,4,100,6.4,6.1,100,7.3
2025-11-28T09:49:51,705,4.5,100,6.6,7.1,100,7.8
2025-11-28T11:49:41,495,3.9,100,6.3,7.9,100,8.2
2025-11-28T13:50:05,435,3.7,96.6,6,8,100,8.3
2025-11-28T15:50:01,420,3.9,93.1,5.9,8.1,100,8.3
2025-11-28T17:50:11,480,4.9,97.1,6.6,7.9,100,8.2
2025-11-28T19:49:44,675,6,95.8,7,7.9,100,8.2
2025-11-28T21:48:57,945,7.1,94,7.3,8.1,100,8.3
2025-11-28T23:49:32,1380,8.1,95.9,8,8,100,8.3
2025-11-29T01:49:55,1440,8.7,93.4,8.1,8,100,8.3
2025-11-29T03:50:39,1740,8.6,91.6,7.9,6.8,100,7.6
2025-11-29T05:49:53,1740,8.2,90.7,7.6,6.2,100,7.4
2025-11-29T07:50:14,1755,7.8,90.4,7.4,5.7,100,7.1
2025-11-29T09:50:41,1680,7.5,90.7,7.3,5.8,100,7.2
2025-11-29T11:50:28,1710,7.4,91,7.2,5.7,100,7.1
2025-11-29T13:50:18,1575,7.5,92.1,7.4,6.4,100,7.5
2025-11-29T15:50:39,1515,7.7,92.1,7.5,6.7,100,7.6
2025-11-29T17:50:25,1590,7.9,92.2,7.6,6.7,100,7.6
2025-11-29T19:50:29,1530,8,92,7.6,7,100,7.7
2025-11-29T21:51:18,1485,8.2,92.1,7.7,7.1,100,7.8
2025-11-29T23:50:47,1440,8.2,91,7.6,7.4,98.9,7.9
2025-11-30T01:51:27,1440,8.2,91,7.6,7.3,98.8,7.8
2025-11-30T03:51:48,1515,7.8,87.4,7.1,6,100,7.3
2025-11-30T05:51:46,1410,6.6,84.1,6.3,4.4,100,6.5
2025-11-30T07:51:14,1170,5.4,84.2,5.9,3.5,100,6.2
2025-11-30T09:50:27,945,5.2,92.1,6.3,5.8,100,7.2
2025-11-30T11:49:44,975,6,96,7,7.1,100,7.8
2025-11-30T13:49:59,1515,7.2,95.3,7.5,6.7,100,7.6
2025-11-30T15:49:21,1695,7.5,91,7.3,5.9,100,7.2
2025-11-30T17:50:08,1770,7.1,88.9,6.9,4.7,100,6.7
2025-11-30T19:49:33,1695,6.4,86.9,6.5,3.6,100,6.2
2025-11-30T21:48:50,1560,5.7,87.1,6.2,3.2,100,6
2025-11-30T23:47:58,1530,5.4,87.2,6.1,2.9,100,5.9
2025-12-01T01:47:26,1500,5,86.9,5.9,2.5,100,5.8
2025-12-01T03:46:55,1395,4.7,85.6,5.7,2,100,5.6
2025-12-01T05:46:30,1275,4.5,87.5,5.8,2.9,100,5.9
2025-12-01T07:46:39,1245,4.8,89.9,6,3.8,100,6.3
2025-12-01T09:46:31,1365,5.3,92,6.4,4.6,100,6.6
2025-12-01T11:46:40,1470,6.1,92.9,6.8,5.3,100,6.9
2025-12-01T13:46:57,1485,6.6,92.5,7,5.9,100,7.2
2025-12-01T15:47:23,1500,7,92.2,7.1,6,100,7.3
2025-12-01T17:47:46,1530,7.2,92.1,7.2,6.1,100,7.3
2025-12-01T19:47:37,1575,6.9,87.3,6.7,4.9,100,6.8
2025-12-01T21:46:50,1365,6.3,88.8,6.6,5,100,6.8
2025-12-01T23:47:36,1470,6.1,89.1,6.5,4.5,100,6.6
2025-12-02T01:46:57,1440,5.7,86,6.1,3.5,100,6.2
2025-12-02T03:46:16,1215,4.6,83.2,5.5,2.2,100,5.6
2025-12-02T05:47:00,1080,3.8,83.6,5.2,1.8,100,5.5
2025-12-02T07:46:13,615,3.7,88.3,5.5,4.4,100,6.5
2025-12-02T09:45:33,705,4.1,95.3,6.1,5.9,100,7.2
2025-12-02T11:46:02,1215,5.7,98.3,7,6.4,100,7.5
2025-12-02T13:46:51,1710,6.7,92.4,7,5.9,96,6.9
2025-12-02T15:47:10,1605,6.7,89.2,6.8,5.5,96.3,6.8
2025-12-02T17:46:53,1470,6.6,88.7,6.7,5.2,98.5,6.8
2025-12-02T19:46:33,1440,6.4,87.6,6.5,5.1,98.2,6.7
2025-12-02T21:47:16,1380,6.2,87.2,6.4,5,98.1,6.7
2025-12-02T23:47:20,1335,6.1,86.7,6.3,5,97.5,6.6
2025-12-03T01:46:51,1380,6,85.9,6.2,4.7,96.8,6.4
2025-12-03T03:46:23,1245,5.9,85.9,6.2,4.8,97.7,6.6
2025-12-03T05:46:38,1365,5.9,85.3,6.2,5,93.7,6.4
2025-12-03T07:47:22,1335,5.9,84.5,6.1,4.4,96.5,6.3
2025-12-03T09:47:00,1200,5.8,85.2,6.1,4.3,100,6.5
2025-12-03T11:47:08,1335,6,87.5,6.4,4.6,100,6.6
2025-12-03T13:46:06,1365,6.3,88.2,6.5,4.9,100,6.8
2025-12-03T15:46:47,1410,6.4,88.2,6.6,4.9,100,6.8
2025-12-03T17:47:02,1440,6.5,88.3,6.6,5,100,6.8
2025-12-03T19:47:20,1500,6.5,87.9,6.6,4.6,100,6.6
2025-12-03T21:47:28,1545,6.4,87.4,6.5,4.4,100,6.5
2025-12-03T23:47:47,1560,6.2,85.8,6.3,3.6,100,6.2
2025-12-04T01:48:36,1485,5.7,83.7,6,2.9,100,5.9
2025-12-04T03:48:02,1275,5.4,82.7,5.8,2.8,100,5.9
2025-12-04T05:47:57,1170,4.9,82.6,5.6,2.6,100,5.8
2025-12-04T07:47:28,1170,4.7,82.5,5.5,2.2,100,5.6
2025-12-04T09:46:53,1110,4.4,82.7,5.4,2.2,100,5.6
2025-12-04T11:46:11,1110,4.5,83.4,5.5,2.4,100,5.7
2025-12-04T13:45:30,1065,4.4,83,5.4,2.4,100,5.7
2025-12-04T15:45:57,1065,4.4,82.9,5.4,2.4,100,5.7
2025-12-04T17:46:00,1065,4.4,83.2,5.4,2.5,100,5.8
2025-12-04T19:45:12,1080,4.5,84.4,5.5,2.7,100,5.8
2025-12-04T21:45:28,1140,4.6,85,5.6,2.7,100,5.8
2025-12-04T23:45:25,1170,4.6,85.5,5.7,2.8,100,5.9
2025-12-05T01:45:17,1215,4.7,86.7,5.8,3.1,100,6
2025-12-05T03:44:55,1140,5,88.6,6,4.2,100,6.4
2025-12-05T05:44:23,1245,5.4,90.2,6.3,4.8,100,6.7
2025-12-05T07:44:45,1335,5.9,90.5,6.5,5,100,6.8
2025-12-05T09:44:58,1410,6.1,90.5,6.6,5.1,100,6.8
2025-12-05T11:45:39,1575,6.6,90,6.8,5,100,6.8
2025-12-05T13:45:46,1515,6.6,87.6,6.6,4.9,100,6.8
2025-12-05T15:45:05,1470,6.3,86.7,6.4,4.4,100,6.5
2025-12-05T17:45:06,1410,6.1,87.2,6.4,4.4,100,6.5
2025-12-05T19:45:34,1410,6,88.1,6.4,4.6,100,6.6
2025-12-05T21:45:50,1380,6.1,88.6,6.5,4.8,100,6.7
2025-12-05T23:46:43,1380,6.2,89.5,6.6,5.1,100,6.8
2025-12-06T01:46:56,1470,6.4,90,6.7,5.1,100,6.8
2025-12-06T03:47:17,1500,6.6,89.4,6.7,5.1,100,6.8
2025-12-06T05:47:36,1500,6.6,89.1,6.7,5.1,100,6.8
2025-12-06T07:48:21,1500,6.8,89.3,6.8,5.3,100,6.9
2025-12-06T09:48:08,1635,7,89.4,6.9,5.1,100,6.8
2025-12-06T11:47:51,1695,7.2,89.2,7,5.2,100,6.9
2025-12-06T13:47:52,1665,7.3,89.2,7,5.3,100,6.9
2025-12-06T15:48:14,1695,7.4,89.2,7.1,5.3,100,6.9
2025-12-06T17:48:35,1710,7.2,88.9,7,5.2,100,6.9
2025-12-06T19:49:09,1695,7,87.6,6.8,4.5,100,6.6
2025-12-06T21:49:02,1635,6.6,86.6,6.5,4,100,6.4
2025-12-06T23:48:40,1575,6.4,86.8,6.5,4.1,100,6.4
2025-12-07T01:49:04,1530,6.3,87.6,6.5,4.3,100,6.5
2025-12-07T03:48:54,1545,6.3,87.9,6.5,4.2,100,6.4
2025-12-07T05:48:44,1560,6.3,88.2,6.5,4.2,100,6.4
2025-12-07T07:48:57,1560,6.3,88.5,6.6,4.3,100,6.5
2025-12-07T09:49:29,1635,6.3,88.5,6.6,4.1,100,6.4
2025-12-07T11:48:54,1665,6.3,87.5,6.5,3.7,100,6.2
2025-12-07T13:48:20,1590,6.1,85.4,6.2,3.1,100,6
2025-12-07T15:48:07,1500,5.7,84.5,6,2.9,100,5.9
2025-12-07T17:48:53,1395,5.4,84.4,5.9,2.7,100,5.8
2025-12-07T21:48:31,1260,4.8,84.9,5.7,2.6,100,5.8
2025-12-07T23:48:52,1260,4.7,84.4,5.6,2.3,100,5.7
2025-12-08T01:49:37,1260,4.5,86,5.7,2.5,100,5.8
2025-12-08T03:49:31,1305,4.6,87.2,5.8,2.7,100,5.8
2025-12-08T05:48:51,1335,4.9,88,5.9,3.2,100,6
2025-12-08T07:49:36,1365,5.1,90.2,6.2,3.9,100,6.3
2025-12-08T09:49:17,1485,5.4,90.6,6.3,3.9,100,6.3
2025-12-08T11:49:41,1575,5.7,90,6.4,3.8,100,6.3
2025-12-08T13:49:26,1575,5.8,89.4,6.4,3.7,100,6.2
2025-12-08T15:48:51,1575,5.7,89,6.3,3.7,100,6.2
2025-12-08T17:48:02,1500,5.7,89.4,6.4,4,100,6.4
2025-12-08T19:47:12,1470,5.8,89.5,6.4,4.1,100,6.4
2025-12-08T21:47:27,1530,5.7,89.3,6.4,3.7,100,6.2
2025-12-08T23:46:45,1485,5.7,90.4,6.4,4.5,100,6.6
2025-12-09T01:46:18,1470,6.1,92.1,6.7,5.1,100,6.8
2025-12-09T03:46:19,1485,6.6,94,7.1,6,100,7.3
2025-12-09T05:46:25,1470,7.4,95.4,7.6,7,100,7.7
2025-12-09T07:46:30,1680,7.9,93.5,7.7,6.6,100,7.5
2025-12-09T09:46:13,1710,8.1,92.9,7.7,6.7,100,7.6
2025-12-09T11:46:22,1770,8.4,92.5,7.8,6.6,100,7.5
2025-12-09T13:47:08,1860,8,87.9,7.3,5.2,100,6.9
2025-12-09T15:46:44,1635,7.1,84.6,6.6,4.1,100,6.4
2025-12-09T17:47:15,1440,6.1,83.4,6.1,3.4,100,6.1
2025-12-09T19:46:58,1395,5.7,84.2,6,3.1,100,6
2025-12-09T21:47:12,1365,5.3,83.6,5.8,2.6,100,5.8
2025-12-09T23:46:30,1275,4.8,82.3,5.5,1.8,100,5.5
2025-12-10T01:45:45,1245,4.4,81.8,5.3,1.3,100,5.3
2025-12-10T03:45:19,1065,3.7,79.3,4.9,0.4,100,5
2025-12-10T05:44:42,1065,3.2,80,4.8,0,100,4.8
2025-12-10T07:44:20,1065,3.1,81.5,4.9,0.2,100,4.9
2025-12-10T09:44:54,1095,3.1,83.6,5,0.5,100,5
2025-12-10T11:45:01,1125,3.2,85,5.1,0.9,100,5.2
2025-12-10T13:44:24,1065,3.4,86.2,5.3,1.8,100,5.5
2025-12-10T15:43:57,945,4.2,93.6,6,5,100,6.8
2025-12-10T17:43:21,915,5.4,94.1,6.6,6.3,100,7.4
2025-12-10T19:42:46,855,6.5,94,7,7.7,100,8.1
2025-12-10T21:42:04,1350,7.5,94.6,7.6,7.3,100,7.9
2025-12-10T23:41:40,1575,8.1,92.5,7.7,7,100,7.7
2025-12-11T01:41:27,1590,8.2,90.7,7.6,6.8,100,7.6
2025-12-11T03:42:13,1575,8,89.2,7.4,6.3,100,7.4
2025-12-11T05:41:46,1545,7.7,88.2,7.2,5.9,100,7.2
2025-12-11T07:42:09,1485,7.5,87.9,7,5.9,100,7.2
2025-12-11T09:41:23,1440,7.4,88.1,7,5.9,100,7.2
2025-12-11T11:41:34,1455,7.7,88.2,7.2,6.1,100,7.3
2025-12-11T13:42:05,1500,7.7,86.5,7,5.7,100,7.1
2025-12-11T15:41:26,1470,7.4,85.4,6.8,5.2,100,6.9
2025-12-11T17:42:09,1470,6.9,81.8,6.3,3.9,100,6.3
2025-12-11T19:42:26,1380,6.2,80,5.9,2.9,100,5.9
2025-12-11T21:42:33,1095,5.1,75,5.1,1.1,100,5.2
2025-12-11T23:42:38,930,4.3,73.9,4.8,0.4,100,5
2025-12-12T01:41:52,720,3.4,72.9,4.5,0,100,4.8
2025-12-12T03:41:54,735,2.8,75.5,4.4,-0.1,100,4.8
2025-12-12T05:42:24,600,2.4,72.1,4.1,-0.8,100,4.6
2025-12-12T07:41:40,600,1.9,66.5,3.7,-1.9,92.9,3.9
2025-12-12T09:41:39,1275,2.7,68,4,-2.6,86.8,3.5
2025-12-12T11:41:10,1170,3.8,60.2,3.8,-2.8,85.5,3.4
2025-12-12T13:40:26,480,3,53.3,3.2,-3.5,92,3.5
2025-12-12T15:40:24,420,1.4,52.1,2.8,-4.7,95.3,3.3
2025-12-12T17:40:10,405,1,51.8,2.7,-5.3,97,3.2
2025-12-12T19:40:25,405,1.2,49.9,2.6,-5.7,98.8,3.2
2025-12-12T21:41:08,420,1.2,51.2,2.7,-5.4,99,3.3
2025-12-12T23:41:47,420,0.9,51.1,2.6,-5.7,100,3.2
2025-12-13T01:41:18,420,0.3,50.7,2.5,-6.2,100,3.1
2025-12-13T03:41:51,420,-0.6,51.5,2.4,-6.2,100,3.1
2025-12-13T05:41:22,405,-1.4,53.2,2.3,-6,100,3.2
2025-12-13T09:41:11,405,-3,60.6,2.4,-5.2,100,3.4
2025-12-13T11:41:30,420,-2.4,68.3,2.8,-3.5,99.5,3.8
2025-12-13T13:41:29,420,-1.6,70.4,3.1,-2.9,99.3,3.9
2025-12-13T15:41:50,420,-1.5,71.8,3.1,-3.1,100,3.9
2025-12-13T17:41:16,435,-1.7,71,3.1,-2.1,90.3,3.8
2025-12-13T19:41:13,1485,-1.1,75.7,3.4,-0.5,64.9,3
2025-12-13T21:40:32,1680,-0.2,69.1,3.3,-0.3,59.9,2.8
2025-12-13T23:41:08,1230,0.2,68,3.3,0,67,3.2
2025-12-14T01:41:05,480,0.3,71.5,3.5,-1.2,88.8,4
2025-12-14T03:41:04,615,0.2,73.3,3.6,-0.7,85.3,3.9
2025-12-14T05:40:58,600,0.4,74.4,3.7,-0.6,88,4.1
2025-12-14T07:40:47,660,0.8,75.3,3.9,-0.7,91,4.2
2025-12-14T09:41:19,660,1,75.8,3.9,-0.7,93.8,4.3
2025-12-14T11:41:14,480,1.3,77.4,4.1,-0.3,99.6,4.7
2025-12-14T13:41:37,495,1.5,80,4.3,0.3,100,5
2025-12-14T15:41:21,600,1.9,82,4.5,0.8,100,5.1
2025-12-14T17:40:49,765,2.2,83.1,4.7,0.8,100,5.1
2025-12-14T19:41:06,600,2.5,83.7,4.8,2,100,5.6
2025-12-14T21:41:50,600,2.6,85,4.9,2.5,100,5.8
2025-12-14T23:41:08,705,2.6,85.4,4.9,2.1,100,5.6
2025-12-15T01:40:36,735,2.8,86.2,5.1,2.4,100,5.7
2025-12-15T03:40:09,735,2.9,87,5.1,2.8,100,5.9
2025-12-15T05:40:44,840,3,88.1,5.2,2.7,100,5.8
2025-12-15T07:39:58,735,3.1,89,5.3,3.4,100,6.1
2025-12-15T09:40:24,495,3.1,90.2,5.4,4.5,100,6.6
2025-12-15T11:40:24,495,3.1,92.1,5.5,6.1,100,7.3
2025-12-15T13:40:11,435,3.1,96,5.7,6.7,100,7.6
2025-12-15T15:40:26,480,3,95,5.7,6.3,100,7.4
2025-12-15T17:39:46,420,2.9,90.4,5.3,6.1,100,7.3
2025-12-15T19:40:23,420,2.9,90.8,5.4,5.9,100,7.2
2025-12-15T21:40:46,435,2.9,89.9,5.3,6,100,7.3
2025-12-15T23:40:02,435,2.9,89.3,5.3,6.2,100,7.4
2025-12-16T01:39:57,450,3,90.4,5.4,6.3,100,7.4
2025-12-16T03:40:13,435,3.1,90.2,5.4,6.4,100,7.5
2025-12-16T05:40:36,435,3.2,91.5,5.5,6.5,100,7.5
2025-12-16T07:40:44,450,3.3,90.3,5.5,6.7,100,7.6
2025-12-16T09:41:35,435,3.7,94.4,5.9,6.9,100,7.7
2025-12-16T11:41:18,435,4.2,91.9,5.9,6.8,100,7.6
2025-12-16T13:41:43,450,4.9,89.7,6.1,6.5,100,7.5
2025-12-16T15:40:53,780,5.7,89.9,6.4,6.3,100,7.4
2025-12-16T17:40:23,1305,6.5,91.4,6.9,5.9,100,7.2
2025-12-16T19:40:49,1605,7,90.2,7,5.4,100,7
2025-12-16T21:40:11,1575,7,89.6,6.9,5.4,100,7
2025-12-16T23:39:26,1530,7,89.9,7,5.6,100,7.1
2025-12-17T01:40:07,1470,7,89.6,6.9,5.6,100,7.1
2025-12-17T03:39:34,1530,7,89.3,6.9,5.4,100,7
2025-12-17T05:39:58,1530,7,88.7,6.9,5.3,100,6.9
2025-12-17T07:40:20,1410,7,90.7,7,6,100,7.3
2025-12-17T09:39:40,1440,7.3,92.1,7.3,6.5,100,7.5
2025-12-17T11:39:28,1650,7.7,91.5,7.4,6.2,100,7.4
2025-12-17T13:39:10,1740,7.7,90.9,7.4,5.8,100,7.2
2025-12-17T15:38:16,1635,7.7,90.9,7.4,6.1,100,7.3
2025-12-17T17:37:52,1575,7.9,91.3,7.5,6.5,100,7.5
2025-12-17T19:38:17,1575,8.1,91,7.6,6.8,100,7.6
2025-12-17T21:39:04,1650,7.4,86.5,6.9,5.1,100,6.8
2025-12-17T23:39:39,1395,6.4,85.7,6.4,4.6,100,6.6
2025-12-18T01:39:51,1350,5.8,84.9,6.1,3.7,100,6.2
2025-12-18T03:39:37,1320,5.3,85.3,5.9,3.3,100,6.1
2025-12-18T05:40:07,1215,4.5,81.6,5.4,1.7,100,5.4
2025-12-18T07:39:53,1110,4,86.6,5.5,2.6,100,5.8
2025-12-18T09:39:30,1110,4.4,90.3,5.9,3.9,100,6.3
2025-12-18T11:38:47,1275,5.4,93.3,6.5,5.2,100,6.9
2025-12-18T13:38:04,1305,6.2,91,6.7,5.6,99.2,7
2025-12-18T15:38:20,1440,6.4,89,6.6,5,100,6.8
2025-12-18T17:37:35,1305,6.5,91.4,6.9,5.9,100,7.2
2025-12-18T19:37:05,1530,7.1,93,7.3,6.2,100,7.4
2025-12-18T21:36:35,1665,7.5,91.2,7.3,5.9,100,7.2
2025-12-18T23:36:12,1545,7.6,90.7,7.3,6.3,100,7.4
2025-12-19T01:36:50,1470,7.6,90,7.2,6.3,100,7.4
2025-12-19T03:36:37,1605,7.7,90.5,7.3,6.2,100,7.4
2025-12-19T05:36:40,1605,7.8,90.6,7.4,6.2,100,7.4
2025-12-19T07:37:15,1650,7.8,90.7,7.4,6.2,100,7.4
2025-12-19T09:37:46,1575,7.8,89.9,7.3,6.2,100,7.4
2025-12-19T11:37:08,1515,7.7,88.4,7.2,6.1,100,7.3
2025-12-19T13:37:15,1515,7.5,86.6,6.9,5.5,100,7
2025-12-19T15:37:40,1500,7,87.3,6.8,5.1,100,6.8
2025-12-19T17:37:41,1470,7,90.1,7,5.7,100,7.1
2025-12-19T19:37:16,1440,7.4,92,7.3,6.6,100,7.5
2025-12-19T21:37:57,1500,8,92.6,7.7,7,100,7.7
2025-12-19T23:37:31,1515,8.4,92.6,7.9,7.4,100,8
2025-12-20T01:37:07,1650,8.7,92.5,8,7.4,100,8
2025-12-20T03:36:34,1650,8.7,91.1,7.9,7.2,100,7.8
2025-12-20T05:36:37,1635,8.4,89.2,7.6,6.6,100,7.5
2025-12-20T07:36:58,1575,7.9,89.4,7.3,6.3,100,7.4
2025-12-20T09:36:39,1545,7.7,90.4,7.3,6.2,100,7.4
2025-12-20T11:37:16,1470,7.8,90.7,7.4,6.6,100,7.5
2025-12-20T13:38:02,1545,7.9,89.5,7.4,6.3,100,7.4
2025-12-20T15:37:40,1545,7.6,89.3,7.2,6.1,100,7.3
2025-12-20T17:37:18,1485,7.6,89,7.2,6,100,7.3
2025-12-20T19:37:23,1470,7.3,88.3,7,5.8,100,7.2
2025-12-20T21:36:49,1485,7.1,88.4,6.9,5.5,100,7
2025-12-20T23:37:09,1440,6.7,88.7,6.7,5.3,100,6.9
2025-12-21T01:37:52,1425,6.5,88,6.6,5.1,100,6.8
2025-12-21T03:38:24,1410,6.4,88.3,6.6,5,100,6.8
2025-12-21T05:38:05,1305,6.2,86.2,6.3,4.6,100,6.6
2025-12-21T07:37:56,1350,5.8,84.7,6.1,3.7,100,6.2
2025-12-21T09:38:32,1170,5.4,82.6,5.8,3.5,99.1,6.1
2025-12-21T11:37:52,1065,5.3,82.2,5.7,3.3,100,6.1
2025-12-21T13:38:21,1035,5,81.4,5.5,3.3,98.6,6
2025-12-21T15:38:57,960,4.6,78.6,5.2,2.8,96.5,5.7
2025-12-21T17:39:55,795,3.6,78.5,4.9,1.5,100,5.4
2025-12-21T19:39:39,795,3.1,81,4.9,1.4,100,5.3
2025-12-21T21:39:30,840,3.1,84.3,5,2,100,5.6
2025-12-21T23:39:45,870,3.2,85.2,5.1,2.1,100,5.6
2025-12-22T01:38:58,900,3.3,84.8,5.1,2,100,5.6
2025-12-22T03:38:45,975,3.3,85.2,5.2,1.9,100,5.5
2025-12-22T05:39:07,975,3.2,84.2,5.1,1.3,100,5.3
2025-12-22T07:39:21,1005,3.1,83.9,5,1.1,100,5.2
2025-12-22T09:39:10,990,3.1,85.8,5.1,1.6,100,5.4
2025-12-22T11:40:00,1110,3.2,84.9,5.1,1,100,5.2
2025-12-22T13:40:04,1260,3,79.5,4.7,-1.4,99.4,4.4
2025-12-22T15:40:34,1290,2.5,67.9,3.9,-2.8,85.3,3.4
2025-12-22T17:40:18,855,1.7,54.9,3,-5,78.9,2.7
2025-12-22T19:40:49,480,1.7,49.5,2.7,-6.2,85.5,2.7
2025-12-22T21:40:46,480,1.6,45,2.4,-6.6,89.4,2.7
2025-12-22T23:40:09,420,0.8,46,2.4,-6.2,89.1,2.8
2025-12-23T01:39:50,435,1.4,46.7,2.5,-5.7,87.3,2.8
2025-12-23T03:39:38,420,0.8,47.9,2.5,-5,82.6,2.8
2025-12-23T05:40:02,420,0.4,49.1,2.4,-5.5,85.7,2.8
2025-12-23T07:40:55,420,0,47.4,2.3,-6.7,90.1,2.7
2025-12-23T09:41:16,420,-1.6,55.9,2.4,-6.5,91.2,2.8
2025-12-23T11:41:31,420,-2,61.4,2.6,-4.8,87.9,3
2025-12-23T13:41:58,420,-1.7,63.5,2.7,-5,89.8,3.1
2025-12-23T15:41:53,420,-2.2,62.1,2.6,-5.5,91.8,3
2025-12-23T17:41:16,420,-3.4,60.7,2.3,-6.3,94.8,2.9
2025-12-23T19:41:59,420,-3.6,64.3,2.4,-5,93.4,3.2
2025-12-23T21:41:31,420,-3,67.6,2.7,-4.2,90.9,3.3
2025-12-23T23:40:51,420,-2.4,71.9,3,-3.4,90.7,3.5
2025-12-24T01:40:33,420,-1.5,77.9,3.4,-2,96.1,4.1
2025-12-24T03:41:03,420,-0.5,81.2,3.8,-1.2,99,4.4
2025-12-24T05:41:14,420,0,81.3,3.9,-0.8,99.4,4.6
2025-12-24T07:40:37,420,0.2,81.3,4,-0.8,99.3,4.6
2025-12-24T09:41:02,600,0.5,82.2,4.1,-0.6,98.2,4.6
2025-12-24T11:41:49,765,1,83.1,4.3,-0.4,97.9,4.6
2025-12-24T13:42:34,735,1.2,81,4.3,-0.7,100,4.6
2025-12-24T15:42:56,690,1.2,80.5,4.2,-0.6,100,4.7
2025-12-24T17:42:30,690,1.3,81,4.3,-0.3,100,4.8
2025-12-24T19:42:34,690,1.5,82.3,4.4,0.1,100,4.9
2025-12-24T21:42:06,795,1.8,85.6,4.7,0.8,100,5.1
2025-12-24T23:42:36,825,2.2,86.9,4.9,1.4,100,5.3
2025-12-25T01:42:43,840,2.6,87.9,5.1,2.2,100,5.6
2025-12-25T03:43:07,825,2.8,89.3,5.2,2.9,100,5.9
2025-12-25T05:43:46,735,2.9,88.9,5.3,3.3,100,6.1
2025-12-25T07:44:01,615,3,89.7,5.3,3.8,100,6.3
2025-12-25T09:43:26,615,3.1,92.2,5.5,5,97.2,6.6
2025-12-25T11:42:59,765,3.2,94,5.7,5.6,93,6.6
2025-12-25T13:43:31,1005,3.9,92.2,5.8,5.9,89.4,6.4
2025-12-25T15:44:06,945,4.3,89.4,5.8,5.7,91.7,6.5
2025-12-25T17:44:13,900,4.5,91,6,5.8,94.4,6.8
2025-12-25T19:43:39,825,4.3,91.4,5.9,5.7,95.7,6.8
2025-12-25T21:43:33,810,3.7,90.5,5.6,4.9,97.6,6.6
2025-12-25T23:43:11,945,3.5,89.1,5.5,4.1,95.4,6.1
2025-12-26T01:43:33,960,3.3,87.9,5.3,3.3,96.3,5.8
2025-12-26T03:43:17,1065,3,86.8,5.2,2.4,95.1,5.4
2025-12-26T05:43:13,1035,2.9,87,5.1,1.8,97.9,5.4
2025-12-26T07:42:49,990,2.8,87.7,5.1,1.6,100,5.4
2025-12-26T09:42:25,1200,3.4,92.1,5.6,2.5,100,5.8
2025-12-26T11:42:36,1095,3.8,93.3,5.9,3.8,100,6.3
2025-12-26T13:42:55,1095,3.6,90.2,5.6,2.9,100,5.9
2025-12-26T15:42:16,1035,3.3,88.2,5.4,2.3,100,5.7
2025-12-26T17:42:22,1035,3.1,88.4,5.3,2.1,100,5.6
2025-12-26T19:42:39,1125,3.2,92.1,5.6,2.5,100,5.8
2025-12-26T21:42:10,1185,3.4,91.9,5.6,2.5,100,5.8
2025-12-26T23:41:26,1290,3.3,90.6,5.5,1.8,100,5.5
2025-12-27T01:41:56,1380,3.3,89.8,5.4,1.2,100,5.3
2025-12-27T03:42:42,1335,3.2,89.2,5.4,1.1,100,5.2
2025-12-27T05:43:24,1230,3.3,90.3,5.5,1.9,100,5.5
2025-12-27T07:43:31,1095,3.4,92.6,5.7,3.1,100,6
2025-12-27T09:43:31,1155,3.6,92.3,5.7,3.2,98.6,5.9
2025-12-27T11:43:06,2055,4.7,84.9,5.7,2.9,83.3,4.9
2025-12-27T13:43:43,1500,4,74.5,4.7,2.7,79.5,4.6
2025-12-27T15:43:54,1005,3.3,83.6,5.1,1.3,100,5.3
2025-12-27T17:44:05,930,3.1,85.5,5.1,1.9,100,5.5
2025-12-27T19:44:57,1065,3,87.2,5.2,1.5,100,5.4
2025-12-27T21:45:21,915,2.7,85.2,5,1.3,100,5.3
2025-12-27T23:45:13,1005,2.4,81.4,4.6,0.9,93.2,4.8
2025-12-28T01:45:16,1140,2.3,71.6,4.1,1.1,78.1,4.1
2025-12-28T03:45:38,1260,1.8,64.4,3.5,0.3,68.7,3.4
2025-12-28T05:45:34,915,0.9,56.6,2.9,-0.8,64.7,3
2025-12-28T07:45:05,720,0.5,52.8,2.7,-1.3,63.9,2.8
2025-12-28T09:45:36,1035,1.7,56.1,3.1,-1.1,67.2,3
2025-12-28T11:45:43,1155,3.4,54.5,3.3,-1.1,71.1,3.2
2025-12-28T13:45:50,900,3,55.4,3.3,-2.3,78.7,3.3
2025-12-28T15:45:58,480,2.1,53.9,3,-2.2,81,3.4
2025-12-28T17:45:12,435,1.8,55.8,3.1,-1.7,86.6,3.7
2025-12-28T19:45:01,435,1.5,58,3.1,-1.1,95.3,4.3
2025-12-28T21:45:37,435,1.4,60,3.2,-0.1,100,4.8
2025-12-28T23:44:51,435,1.5,64.6,3.5,0.5,100,5
2025-12-29T01:45:04,435,1.8,75.8,4.2,1.1,100,5.2
2025-12-29T03:45:41,495,1.9,76.1,4.2,0.5,95.4,4.8
2025-12-29T05:46:00,495,1.4,70.8,3.8,-0.9,93.5,4.3
2025-12-29T07:46:26,495,0.6,69.7,3.5,-1.6,93.9,4.1
2025-12-29T09:46:56,615,0.6,78.1,3.9,-0.8,94.7,4.3
2025-12-29T11:46:16,660,1,73.7,3.8,-1.6,94.4,4.1
2025-12-29T13:45:47,675,0.7,66.9,3.4,-2.2,87,3.6
2025-12-29T15:45:58,480,0,65.5,3.2,-3.2,89.7,3.5
2025-12-29T17:45:46,420,-0.4,67,3.2,-2.9,87.5,3.5
2025-12-29T19:45:09,435,-0.7,65.6,3,-3.3,84.8,3.3
2025-12-29T21:44:17,420,-1.2,66.9,3,-3.6,86.6,3.3
2025-12-29T23:43:56,420,-1.5,68.5,3,-3.9,89.3,3.3
2025-12-30T01:43:43,420,-1.7,73.7,3.2,-4.1,95.3,3.5
2025-12-30T03:43:22,405,-1.8,74.9,3.2,-4.2,95.8,3.5
2025-12-30T05:44:00,420,-2,76.7,3.2,-4.3,99.5,3.6
2025-12-30T07:44:21,420,-1.6,81.1,3.5,-3.6,100,3.8
2025-12-30T09:44:07,480,-1.2,82.7,3.7,-2.9,100,4
2025-12-30T11:43:44,600,-0.7,81.3,3.8,-2.8,98.4,3.9
2025-12-30T13:43:29,600,-0.8,76.6,3.5,-3.3,93.7,3.6
2025-12-30T15:44:13,465,-1.3,69,3.1,-4.7,90.7,3.2
2025-12-30T17:44:09,480,-2.7,58.9,2.4,-6.4,80.8,2.5
2025-12-30T19:43:52,0,-3.4,53.8,2.1,-7.4,79,2.3
2025-12-30T21:44:27,0,-3.8,50.6,1.9,-8.5,80.2,2.1
2025-12-30T23:44:09,0,-4.1,49.1,1.8,-9.2,82.9,2.1
2025-12-31T01:43:42,0,-4.4,48,1.7,-9.5,83.5,2
2025-12-31T03:44:13,0,-4.7,49.4,1.7,-10,86,2
2025-12-31T05:43:59,0,-4.8,49.5,1.7,-11.1,90.3,2
2025-12-31T07:44:08,0,-5.5,50.3,1.7,-11,92.1,2
2025-12-31T09:44:35,0,-5.1,60.3,2,-9.1,90.1,2.3
2025-12-31T11:45:12,0,-4.1,78.7,2.9,-8.3,89.6,2.4
2025-12-31T13:44:55,0,-6.8,78.4,2.3,-9.6,92.8,2.3
2025-12-31T15:45:40,0,-6.1,79.4,2.5,-10.9,96.2,2.1
2025-12-31T17:45:17,0,-6.5,76.8,2.4,-11.4,97.1,2.1
2025-12-31T19:44:33,0,-12.9,77.4,1.5,-12.8,97.4,1.9
2025-12-31T21:44:51,0,-14.6,80.5,1.3,-14.1,97.4,1.7
2025-12-31T23:44:56,0,-16.5,81.7,1.2,-14.9,97.2,1.6
2026-01-01T01:44:30,0,-17.2,81.1,1.1,-15.6,97.1,1.5
2026-01-01T03:44:07,0,-18.8,81.1,1,-16.6,96.7,1.4
2026-01-01T05:44:02,0,-18.6,83.3,1,-16.6,95.7,1.4
2026-01-01T07:43:17,0,-17.6,82.9,1.1,-15.8,95.6,1.4
2026-01-01T09:42:56,0,-14.1,70.4,1.2,-12.1,95.2,1.9
2026-01-01T11:43:34,0,-12.6,65.6,1.3,-9.8,97.1,2.3
2026-01-01T13:43:31,0,-11.5,67.8,1.4,-9.7,98.9,2.4
2026-01-01T15:44:14,0,-10.6,67.6,1.5,-10.5,99.2,2.3
2026-01-01T17:44:15,0,-10.3,69.2,1.6,-10.6,98.5,2.2
2026-01-01T19:44:51,0,-9.7,71,1.7,-8.6,99.2,2.6
2026-01-01T21:45:06,0,-8.7,74,1.9,-7,100,3
2026-01-01T23:45:26,450,-7.7,77.1,2.2,-6.4,100,3.1
2026-01-02T01:45:24,480,-6.2,80,2.5,-4.1,100,3.6
2026-01-02T03:45:43,480,-5.2,82,2.8,-4.4,99.8,3.6
2026-01-02T05:44:48,420,-4.5,83.1,2.9,-4.3,97.9,3.5
2026-01-02T07:44:18,420,-4,81.7,3,-4.1,95.9,3.5
2026-01-02T09:43:34,420,-3.3,80.2,3.1,-5.6,96.4,3.1
2026-01-02T11:42:58,420,-3,78.3,3.1,-6.5,98.6,3
2026-01-02T13:42:20,420,-2.9,76.3,3,-6.7,99.3,3
2026-01-02T15:41:53,480,-2.8,75.6,3,-6.5,100,3.1
2026-01-02T17:41:36,420,-2.7,74.9,3,-6.3,100,3.1
2026-01-02T19:41:20,420,-2.6,75.5,3.1,-5.6,100,3.3
2026-01-02T21:41:55,405,-2.3,75.5,3.1,-5.5,100,3.3
2026-01-02T23:41:27,420,-2.2,74.8,3.1,-5.6,100,3.3
2026-01-03T01:41:04,405,-2,73.4,3.1,-6.4,100,3.1
2026-01-03T03:40:40,0,-2.1,69.5,2.9,-7.2,100,2.9
2026-01-03T05:41:27,0,-2.5,69.7,2.8,-7.6,99.9,2.8
2026-01-03T07:41:33,0,-2.7,69.1,2.8,-7.6,99.8,2.8
2026-01-03T09:41:29,0,-2.7,67,2.7,-7,99.5,2.9
2026-01-03T11:41:07,435,-2.5,67,2.7,-6.5,98.7,3
2026-01-03T13:41:44,450,-2.1,65.9,2.8,-6.5,96.7,3
2026-01-03T15:41:32,0,-2.2,61.8,2.6,-7.7,95.6,2.7
2026-01-03T17:41:50,0,-2.7,59.9,2.4,-8.3,95.2,2.6
2026-01-03T19:41:57,0,-2.9,58.4,2.3,-8.7,95.1,2.5
2026-01-03T21:41:29,0,-3.1,57.9,2.3,-9,94.5,2.4
2026-01-03T23:41:49,0,-3.4,56.2,2.1,-9.3,94.6,2.4
2026-01-04T01:42:27,0,-3.6,55.2,2.1,-9.7,94.6,2.3
2026-01-04T03:41:40,0,-3.8,55.2,2.1,-9.8,94.5,2.3
2026-01-04T05:41:03,0,-4.3,53.5,1.9,-10.8,93.4,2.1
2026-01-04T07:40:54,0,-4.6,52.2,1.8,-11.2,93.3,2
2026-01-04T09:40:56,0,-4.9,51.3,1.8,-11.5,91.2,1.9
2026-01-04T11:41:42,0,-5.3,50.9,1.7,-12.1,90.8,1.8
2026-01-04T13:41:51,0,-5.7,48.9,1.6,-12.6,91.1,1.8
2026-01-04T15:41:15,0,-6,50.3,1.6,-12.6,93.7,1.8
2026-01-04T17:40:33,0,-6.2,50.7,1.6,-12.7,93.8,1.8
2026-01-04T19:41:16,0,-6.6,47.7,1.4,-13.9,91.6,1.6
2026-01-04T21:40:27,0,-6.8,46.9,1.4,-14.4,91.7,1.5
2026-01-04T23:40:26,0,-6.9,42.8,1.3,-15.3,92.9,1.5
2026-01-05T01:39:36,0,-7.4,40.3,1.2,-16.4,94.3,1.4
2026-01-05T03:39:01,0,-7.6,40.2,1.1,-16.9,94.7,1.3
2026-01-05T05:38:28,0,-7.6,41.6,1.2,-17.7,95.2,1.2
2026-01-05T07:38:25,0,-14.7,52.7,0.9,-18.4,95.1,1.2
2026-01-05T09:38:30,0,-10,44.9,1.1,-15.6,93.1,1.4
2026-01-05T11:38:12,0,-9.8,54.8,1.3,-13.8,94.7,1.7
2026-01-05T13:37:57,0,-13.3,65.7,1.2,-14.1,96.2,1.7
2026-01-05T15:38:08,0,-15.8,75.7,1.1,-15.3,97.2,1.5
2026-01-05T17:37:47,0,-16.8,76.4,1.1,-15.8,97.1,1.5
2026-01-05T19:37:18,0,-17.7,77.3,1,-16.1,96.8,1.4
2026-01-05T21:37:27,0,-16.9,71.3,1,-16.3,96.9,1.4
2026-01-05T23:37:16,0,-18.9,76.6,0.9,-17,96.7,1.3
2026-01-06T01:37:51,0,-16.3,68.6,1,-17.1,96.2,1.3
2026-01-06T05:37:40,0,-15.9,62.8,0.9,-16.5,95.9,1.4
2026-01-06T07:36:56,0,-14.5,56.7,0.9,-11.5,96.4,2
2026-01-06T09:36:51,0,-13,51.2,1,-8.7,98.4,2.6
2026-01-06T11:36:37,450,-11.4,55.9,1.2,-6.3,100,3.1
2026-01-06T13:36:04,450,-9.3,67.2,1.7,-4.3,100,3.6
2026-01-06T15:35:56,465,-8.7,65.6,1.7,-2.2,100,4.2
2026-01-06T17:35:23,465,-7.4,62.3,1.8,-2.6,100,4
2026-01-06T19:35:16,405,-6.2,65.4,2,-3,100,3.9
2026-01-06T21:35:40,405,-5.5,68.6,2.3,-3.3,100,3.9
2026-01-06T23:36:08,420,-4.7,74.7,2.6,-3.1,100,3.9
2026-01-07T01:35:34,420,-4.1,76.8,2.8,-2.7,100,4
2026-01-07T03:35:15,420,-3.4,80.7,3.1,-3.3,100,3.9
2026-01-07T05:34:28,420,-2.9,79.6,3.2,-4.8,100,3.5
2026-01-07T07:33:57,405,-2.7,77.6,3.1,-5.7,100,3.2
2026-01-07T09:33:21,420,-2.5,77.8,3.2,-5.7,97.1,3.1
2026-01-07T11:32:52,525,-2.1,79.1,3.3,-6.2,97.8,3.1
2026-01-07T13:32:40,0,-2,75.4,3.2,-7.7,100,2.8
2026-01-07T15:32:34,0,-2.5,78.1,3.2,-8.9,100,2.6
2026-01-07T17:32:47,0,-2.7,78.4,3.1,-9.3,100,2.5
2026-01-07T19:32:16,0,-2.9,77.2,3.1,-10.8,100,2.2
2026-01-07T21:32:18,0,-2.9,77.1,3.1,-11.5,100,2.1
2026-01-07T23:33:14,0,-6.3,75.8,2.4,-11.9,100,2
2026-01-08T01:33:55,0,-3.6,69.5,2.6,-12.6,100,1.9
2026-01-08T03:33:08,0,-6.9,79.6,2.4,-14.2,100,1.7
2026-01-08T05:33:14,0,-3.6,64.9,2.4,-13.9,99.4,1.7
2026-01-08T07:32:34,0,-4.2,66.4,2.4,-13.7,99.4,1.8
2026-01-08T09:32:38,0,-4.3,64.8,2.3,-12.7,97.5,1.9
2026-01-08T11:32:27,0,-4,60.7,2.2,-12.7,98.1,1.9
2026-01-08T13:32:37,0,-5.1,63.9,2.2,-13.1,98.7,1.8
2026-01-08T15:31:58,0,-5.2,62.6,2.1,-14.3,98.4,1.7
2026-01-08T17:32:01,0,-5.3,60.2,2,-15.5,98.4,1.5
2026-01-08T19:32:50,0,-5.1,57.3,1.9,-16.4,97.4,1.4
2026-01-08T21:32:13,0,-5.4,55,1.8,-16.7,97.2,1.4
2026-01-08T23:32:59,0,-4.8,45.5,1.6,-14.9,97.7,1.6
2026-01-09T01:32:42,0,-5,44.8,1.5,-13.2,98.6,1.8
2026-01-09T03:32:52,0,-5,44.9,1.5,-11.6,99.1,2.1
2026-01-09T05:33:14,0,-4.7,43.8,1.5,-13.2,98,1.8
2026-01-09T07:32:40,0,-5,43.3,1.5,-13.4,98.7,1.8
2026-01-09T09:33:03,0,-5.1,43.5,1.5,-12.8,96.1,1.8
2026-01-09T11:32:15,0,-5.1,46.1,1.6,-12.8,94.1,1.8
2026-01-09T13:32:02,0,-5.7,44.6,1.4,-13.2,92.5,1.7
2026-01-09T15:32:10,0,-5.7,43.6,1.4,-13.3,91.5,1.7
2026-01-09T19:31:45,0,-6.7,44.9,1.4,-13.1,86.2,1.6
2026-01-09T21:32:11,0,-6.8,45.9,1.4,-13.2,87,1.6
2026-01-09T23:32:13,0,-7,48.4,1.4,-12.7,88.9,1.7
2026-01-10T01:31:40,0,-7.1,50.8,1.5,-12.8,95.5,1.8
2026-01-10T03:30:55,0,-7,53.3,1.6,-12.2,96.2,1.9
2026-01-10T05:31:13,0,-6.8,57.9,1.7,-10.9,94.3,2.1
2026-01-10T07:31:15,0,-6.4,63.1,1.9,-9.6,91.6,2.2
2026-01-10T09:31:14,0,-6.2,66.7,2.1,-9.3,89.7,2.2
2026-01-10T11:30:41,0,-5.6,70.6,2.3,-8.2,92.8,2.5
2026-01-10T13:30:39,0,-5.3,70.9,2.4,-8,95.1,2.6
2026-01-10T15:30:41,0,-5.2,70.5,2.4,-8,94,2.6
2026-01-10T17:30:43,0,-5,70.1,2.4,-7.8,93.9,2.6
2026-01-10T19:31:00,0,-4.8,70.6,2.4,-7.5,94.3,2.7
2026-01-10T21:31:46,0,-4.7,72.7,2.5,-7.1,97.2,2.8
2026-01-10T23:32:07,435,-4.4,73.4,2.6,-6.8,97.3,2.9
2026-01-11T01:32:04,450,-4.1,73.4,2.7,-6.5,97.8,3
2026-01-11T03:31:40,465,-3.9,74,2.7,-6.5,98.2,3
2026-01-11T05:31:56,465,-3.7,74.1,2.8,-6.4,98.5,3
2026-01-11T07:32:36,465,-3.5,73.9,2.8,-6.3,98.5,3.1
2026-01-11T09:32:07,480,-3.3,74.5,2.9,-5.9,97.6,3.1
2026-01-11T11:32:52,405,-3,74.2,2.9,-5.6,94.6,3.1
2026-01-11T13:32:37,420,-2.9,73.7,2.9,-5.7,95.7,3.1
2026-01-11T15:31:59,405,-2.8,72.3,2.9,-5.9,96.6,3.1
2026-01-11T17:32:00,405,-2.7,71.5,2.9,-6.1,97.7,3.1
2026-01-11T19:31:08,420,-2.7,70.9,2.8,-6.1,98.2,3.1
2026-01-11T21:31:16,405,-2.6,70.4,2.8,-6.1,98.8,3.1
2026-01-11T23:31:47,420,-2.5,69.6,2.8,-6.5,99.3,3
2026-01-12T01:31:25,405,-2.5,67.9,2.8,-6.5,98.8,3
2026-01-12T03:31:47,405,-2.4,68.1,2.8,-6.2,98.8,3.1
2026-01-12T05:31:42,420,-2.4,69.4,2.8,-6,98.5,3.1
2026-01-12T07:31:35,405,-2.2,68.1,2.8,-6.7,99,3
2026-01-12T09:31:56,0,-2.2,66.5,2.8,-7.5,99.2,2.8
2026-01-12T11:31:52,450,-2.3,67.6,2.8,-6.1,98.8,3.1
2026-01-12T13:32:32,420,-2,67.9,2.9,-6.4,98.4,3
2026-01-12T15:32:54,405,-2,66.2,2.8,-6.7,100,3
2026-01-12T17:32:52,405,-2,66.7,2.8,-6.2,100,3.1
2026-01-12T19:32:23,420,-1.9,68.1,2.9,-5.7,100,3.2
2026-01-12T21:32:51,405,-1.8,69.7,3,-4.9,100,3.4
2026-01-12T23:32:59,420,-1.7,70.8,3.1,-4.6,100,3.5
2026-01-13T01:32:31,420,-1.6,71.9,3.1,-4.4,100,3.6
2026-01-13T03:32:08,405,-1.5,72.1,3.2,-4.1,100,3.6
2026-01-13T05:32:14,405,-1.4,72.1,3.2,-4.4,98.2,3.5
2026-01-13T07:31:44,405,-1.3,72.3,3.2,-5,95.2,3.2
2026-01-13T09:31:40,405,-1.1,70.4,3.2,-5.3,96.3,3.2
2026-01-13T11:30:58,405,-1,68.8,3.1,-5.6,95.5,3.1
2026-01-13T13:31:04,420,-0.9,67.8,3.1,-6,96.4,3.1
2026-01-13T15:30:48,420,-0.9,65.7,3,-6.3,98,3
2026-01-13T17:30:13,405,-0.8,64.6,3,-6.2,99,3.1
2026-01-13T19:31:10,420,-0.8,64.1,2.9,-6.2,100,3.1
2026-01-13T21:30:49,420,-0.7,64.8,3,-5.8,100,3.2
2026-01-13T23:30:39,420,-0.7,65,3,-5.3,100,3.3
2026-01-14T01:30:59,420,-0.7,66.1,3.1,-4.9,100,3.4
2026-01-14T03:31:42,420,-0.6,66.9,3.1,-4.6,98.3,3.5
2026-01-14T05:32:06,405,-0.6,67.2,3.1,-4.6,99.1,3.5
2026-01-14T07:32:03,420,-0.5,67.8,3.2,-4.7,100,3.5
2026-01-14T09:31:23,420,-0.5,67.7,3.2,-4.7,100,3.5
2026-01-14T11:30:54,420,-0.5,68.5,3.2,-4.7,100,3.5
2026-01-14T15:31:31,420,-0.4,69.1,3.3,-3.7,98.9,3.7
2026-01-14T17:32:21,420,-0.3,69,3.3,-3.7,97.9,3.7
2026-01-14T19:33:00,405,-0.3,67.5,3.2,-3.9,95.3,3.5
2026-01-14T21:32:56,405,-0.4,66.9,3.2,-5.1,94.4,3.2
2026-01-14T23:32:48,420,-0.4,65.8,3.1,-5.7,100,3.2
2026-01-15T01:33:13,480,-0.5,65.9,3.1,-6.1,95.2,3
2026-01-15T03:32:37,480,-0.5,65,3,-5.8,94.8,3.1
2026-01-15T05:33:22,420,-0.5,64.3,3,-5.4,96.6,3.2
2026-01-15T07:33:11,420,-0.5,63.1,3,-6,100,3.2
2026-01-15T09:33:21,420,-0.4,63,3,-5.5,99.2,3.3
2026-01-15T11:32:55,405,-0.4,63.6,3,-5.3,100,3.3
2026-01-15T13:32:45,420,-0.3,64.9,3.1,-4.6,100,3.5
2026-01-15T15:32:40,420,-0.3,66.1,3.1,-4,100,3.7
2026-01-15T17:32:18,405,-0.2,68.5,3.3,-3.3,100,3.9
2026-01-15T19:32:00,420,0,71,3.4,-2.6,100,4
2026-01-15T21:32:16,405,0,74.3,3.6,-1.9,100,4.3
2026-01-15T23:31:27,405,0.1,76.8,3.8,-1.7,100,4.3
2026-01-16T01:32:06,420,0.2,78.6,3.9,-1.4,100,4.4
2026-01-16T03:31:42,405,0.3,80,4,-1.3,100,4.4
2026-01-16T05:31:19,480,0.4,81.2,4,-1,100,4.5
2026-01-16T07:31:30,600,0.6,81.9,4.1,-1.1,100,4.5
2026-01-16T09:31:25,585,0.8,83,4.3,-0.4,100,4.7
2026-01-16T11:31:59,600,1,83.3,4.3,0,100,4.8
2026-01-16T13:31:15,885,1.2,82.4,4.3,-1.4,100,4.4
2026-01-16T15:31:11,855,1.2,78.6,4.1,-2.3,100,4.1
2026-01-16T17:31:45,765,1.1,77.4,4,-2.1,100,4.2
2026-01-16T19:32:34,720,1.1,75.7,4,-2.5,100,4.1
2026-01-16T21:32:08,690,1,72.9,3.8,-3.3,100,3.9
2026-01-16T23:32:42,540,1,70.6,3.7,-3.3,100,3.9
2026-01-17T01:32:36,540,0.8,68.6,3.5,-4.2,100,3.6
2026-01-17T03:33:05,465,0.8,66.1,3.4,-4.5,100,3.5
2026-01-17T05:33:26,420,0.8,66.5,3.4,-3.8,100,3.7
2026-01-17T07:32:56,420,0.8,69,3.5,-2.9,100,4
2026-01-17T09:33:15,420,0.9,71.9,3.7,-2.5,100,4.1
2026-01-17T11:32:53,540,1.1,74.6,3.9,-2,100,4.2
2026-01-17T13:33:20,600,1.2,76.3,4,-1.7,100,4.3
2026-01-17T15:33:12,645,1.3,77.5,4.1,-1.3,100,4.4
2026-01-17T17:33:50,690,1.5,78.6,4.2,-1,100,4.5
2026-01-17T19:33:53,705,1.6,79.3,4.3,-0.4,100,4.7
2026-01-17T21:34:14,660,1.7,79.6,4.3,0,100,4.8
2026-01-17T23:33:42,735,1.8,81.9,4.5,0.1,100,4.9
2026-01-18T01:33:28,750,1.9,83,4.6,0.4,100,5
2026-01-18T03:33:26,795,2,83.6,4.6,0.5,100,5
2026-01-18T05:33:27,795,2.1,83.4,4.7,0.5,100,5
2026-01-18T07:34:09,855,2.2,84.2,4.7,0.6,100,5.1
2026-01-18T09:34:35,930,2.3,85.2,4.8,0.7,100,5.1
2026-01-18T11:33:53,960,2.4,85.4,4.9,0.7,100,5.1
2026-01-18T13:34:37,960,2.5,85.3,4.9,0.6,100,5.1
2026-01-18T15:34:49,1005,2.5,85.2,4.9,0.5,100,5
2026-01-18T17:34:41,1035,2.5,85.1,4.9,0.4,100,5
2026-01-18T19:35:22,1050,2.6,85,4.9,0.4,100,5
2026-01-18T21:34:43,1035,2.6,85.1,4.9,0.4,100,5
2026-01-18T23:34:54,1065,2.6,85.2,4.9,0.4,100,5
2026-01-19T01:35:08,1095,2.7,85.2,5,0.4,100,5
2026-01-19T03:35:01,1110,2.7,85.1,5,0.3,100,5
2026-01-19T05:35:37,1140,2.7,84.8,4.9,0.1,100,4.9
2026-01-19T07:36:08,1140,2.7,84.3,4.9,0,100,4.8
2026-01-19T09:35:41,1140,2.7,84,4.9,0,100,4.8
2026-01-19T11:36:12,1170,2.8,83.7,4.9,-0.1,100,4.8
2026-01-19T13:36:10,1170,2.8,82.6,4.8,-0.5,100,4.7
2026-01-19T15:36:27,1170,2.7,81,4.7,-1,100,4.5
2026-01-19T17:35:44,1110,2.7,79,4.6,-1.4,100,4.4
2026-01-19T19:36:22,1065,2.6,78,4.5,-1.4,100,4.4
2026-01-19T21:35:37,1065,2.6,77.1,4.5,-1.7,100,4.3
2026-01-19T23:36:06,1065,2.6,76.5,4.4,-2.1,100,4.2
2026-01-20T01:36:55,990,2.5,74.1,4.3,-2.5,100,4.1
2026-01-20T03:36:19,900,2.4,71.6,4.1,-2.9,100,4
2026-01-20T05:36:35,765,2.2,68.9,3.9,-3.2,100,3.9
2026-01-20T07:36:50,735,2.3,67.2,3.8,-3.4,100,3.8
2026-01-20T09:36:13,705,2.3,66.8,3.8,-3.2,100,3.9
2026-01-20T11:35:26,705,2.4,66.7,3.8,-3.1,100,3.9
2026-01-20T13:34:51,660,2.3,66.2,3.8,-3.3,100,3.9
2026-01-20T15:34:41,600,2.2,65.3,3.7,-3.5,100,3.8
2026-01-20T17:35:14,600,2.3,64.9,3.7,-3.5,100,3.8
2026-01-20T19:34:50,600,2.3,64.8,3.7,-3.4,100,3.8
2026-01-20T21:34:16,555,2.3,65.5,3.7,-3.1,100,3.9
2026-01-20T23:34:37,540,2.4,67.4,3.9,-2.4,100,4.1
2026-01-21T01:34:26,540,2.4,69.6,4,-1.4,100,4.4
2026-01-21T03:33:59,660,2.5,71.5,4.1,-1.4,100,4.4
2026-01-21T05:34:33,765,2.4,72.1,4.1,-1.9,100,4.3
2026-01-21T07:34:17,765,2.4,71,4.1,-2.3,100,4.1
2026-01-21T09:34:05,765,2.3,70.2,4,-2.7,100,4
2026-01-21T11:34:46,765,2.4,69.9,4,-2.8,100,4
2026-01-21T13:34:03,765,2.4,69.6,4,-2.8,100,4
2026-01-21T15:33:10,735,2.3,68.6,3.9,-2.8,100,4
2026-01-21T17:33:40,690,2.3,66.7,3.8,-3.2,100,3.9
2026-01-21T19:33:55,660,2.3,65.9,3.7,-3.3,100,3.9
2026-01-21T21:34:15,600,2.2,64.6,3.6,-3.5,100,3.8
2026-01-21T23:34:39,540,2.3,64.1,3.6,-3.5,100,3.8
2026-01-22T01:34:16,480,2.2,62.9,3.5,-3.7,100,3.7
2026-01-22T03:33:27,480,2.2,61.7,3.5,-4.4,100,3.6
2026-01-22T05:33:57,480,2.1,59.6,3.3,-4.6,100,3.5
2026-01-22T07:34:43,420,2,60.5,3.4,-4.7,100,3.5
2026-01-22T09:34:33,420,2,58.6,3.3,-4.8,100,3.5
2026-01-22T11:34:06,420,2.1,57.5,3.2,-4.9,100,3.4
2026-01-22T13:34:25,420,2,56.1,3.1,-5.6,100,3.3
2026-01-22T15:34:07,420,2,55,3.1,-6.1,100,3.2
2026-01-22T17:33:40,405,1.9,53.2,2.9,-6.3,100,3.1
2026-01-22T19:34:22,420,1.9,53.2,2.9,-6.5,99.3,3
2026-01-22T21:34:13,405,1.8,51.1,2.8,-6.5,99.6,3
2026-01-22T23:34:23,0,1.8,50.5,2.8,-7,100,3
2026-01-23T01:34:08,0,1.1,50.8,2.7,-7.2,100,2.9
2026-01-23T03:34:08,0,0.9,51.2,2.6,-7.4,100,2.9
2026-01-23T05:33:21,0,0.6,51.7,2.6,-7.8,99.9,2.8
2026-01-23T07:34:03,0,1,48.8,2.5,-7.8,98.6,2.7
2026-01-23T09:33:19,0,0.8,48.6,2.5,-7.8,97.7,2.7
2026-01-23T11:33:29,0,0.8,47.9,2.5,-7.6,97.4,2.7
2026-01-23T13:32:55,0,0.8,47.4,2.4,-7.7,96.9,2.7
2026-01-23T15:33:16,0,0.5,49,2.5,-7.9,98.2,2.7
2026-01-23T17:34:08,0,0,50.7,2.5,-8.1,97.9,2.7
2026-01-23T19:34:22,0,-0.1,50.8,2.4,-8.2,97.2,2.6
2026-01-23T21:34:40,0,0.1,48.1,2.3,-8.5,96.9,2.6
2026-01-23T23:34:00,0,0.2,45.9,2.3,-9,97.1,2.5
2026-01-24T01:34:02,0,0.1,44.6,2.2,-9.2,97.4,2.4
2026-01-24T03:33:51,0,0.1,43.8,2.1,-9,98.8,2.5
2026-01-24T05:34:05,0,-0.3,45.6,2.2,-8.9,100,2.6
2026-01-24T07:34:39,0,0,45.4,2.2,-8.5,100,2.6
2026-01-24T09:34:23,0,0.1,46.8,2.3,-7.3,99.9,2.9
2026-01-24T11:34:57,465,0,49.8,2.4,-6.5,99.5,3
2026-01-24T13:35:17,465,0.5,51.4,2.6,-6.5,100,3.1
2026-01-24T15:34:29,0,0.4,51.8,2.6,-7.1,100,2.9
2026-01-24T17:33:44,0,-0.6,55.9,2.6,-7.2,100,2.9
2026-01-24T19:33:21,0,-1.4,56.6,2.5,-7.3,100,2.9
2026-01-24T21:32:47,0,-2,58.7,2.5,-7.4,100,2.9
2026-01-24T23:32:02,0,-3.4,63.8,2.4,-7.4,100,2.9
2026-01-25T01:31:42,0,-3.4,67.4,2.6,-7.7,99.6,2.8
2026-01-25T03:31:23,0,-4.6,68.9,2.4,-7.8,100,2.8
2026-01-25T05:30:45,0,-4.4,70.5,2.5,-7.6,100,2.8
2026-01-25T07:29:51,0,-4.6,72.4,2.5,-7.3,100,2.9
2026-01-25T09:29:11,435,-2,64,2.7,-6.6,97.8,3
2026-01-25T11:29:58,405,0.3,52.9,2.6,-6.5,96.5,3
2026-01-25T13:29:53,405,0.2,53.6,2.6,-6.4,97.1,3
2026-01-25T15:29:27,0,0.2,53.9,2.7,-7.1,99.8,2.9
2026-01-25T17:30:11,0,-3.7,66.2,2.5,-8.1,100,2.7
2026-01-25T19:30:08,0,-2.6,65.5,2.7,-7.3,100,2.9
2026-01-25T21:29:56,0,-1.4,61.4,2.7,-7,100,3
2026-01-25T23:29:17,450,-1.2,61.2,2.7,-6.6,100,3
2026-01-26T01:28:38,465,0.2,54.1,2.7,-6.5,100,3.1
2026-01-26T03:27:55,405,0.2,54.4,2.7,-6.5,100,3.1
2026-01-26T05:28:21,420,0.2,54,2.7,-6.6,100,3
2026-01-26T07:28:47,0,0.1,53.8,2.6,-7,100,3
2026-01-26T09:28:30,465,0,54.4,2.6,-6.4,99.8,3.1
2026-01-26T11:27:50,405,0.1,54.6,2.7,-6.6,98.6,3
2026-01-26T13:28:20,420,0.2,57.2,2.8,-6.5,98.8,3
2026-01-26T15:28:17,0,0.2,57.4,2.8,-8.3,100,2.7
2026-01-26T17:29:06,0,-0.3,55.7,2.6,-7.8,100,2.8
2026-01-26T19:28:45,450,-0.3,54.3,2.6,-6.6,100,3
2026-01-26T21:29:22,405,-0.5,55.8,2.6,-6.5,100,3.1
2026-01-26T23:28:37,405,-0.4,55.7,2.6,-6.4,100,3.1
2026-01-27T01:27:49,420,-0.5,57.6,2.7,-6.3,100,3.1
2026-01-27T03:28:05,405,-0.5,58.2,2.7,-6.4,100,3.1
2026-01-27T05:27:59,420,-0.3,57.9,2.8,-6.4,100,3.1
2026-01-27T07:27:50,420,-0.2,56.3,2.7,-6.6,100,3
2026-01-27T09:28:28,405,-0.1,56.8,2.7,-6.3,100,3.1
2026-01-27T11:29:10,420,0,57.4,2.8,-6.3,99.6,3.1
2026-01-27T13:29:47,405,0,56.9,2.8,-6.9,100,3
2026-01-27T15:30:01,0,0,55.3,2.7,-7.5,100,2.8
2026-01-27T17:29:57,0,-0.6,58,2.7,-8.4,100,2.7
2026-01-27T19:29:41,0,-0.4,52,2.5,-8.9,100,2.6
2026-01-27T21:29:25,0,-0.5,48.9,2.3,-9.9,100,2.4
2026-01-27T23:28:43,0,-0.6,46.8,2.2,-10.7,100,2.2
2026-01-28T01:28:01,0,-0.6,45.8,2.1,-10.9,100,2.2
2026-01-28T03:28:04,0,-0.6,43,2,-11.3,100,2.1
2026-01-28T05:28:28,0,-0.7,43.9,2,-11.3,100,2.1
2026-01-28T07:28:10,0,-0.7,43.1,2,-11.1,100,2.2
2026-01-28T09:28:51,0,-0.7,43.9,2,-9.7,100,2.4
2026-01-28T11:29:14,0,-0.7,45.1,2.1,-8.9,98.7,2.5
2026-01-28T13:29:00,0,-0.8,47.4,2.2,-8.6,98.5,2.6
2026-01-28T15:28:49,0,-0.7,48.6,2.2,-8.7,99,2.6
2026-01-28T17:28:15,0,-1,49.7,2.2,-8.6,97.3,2.6
2026-01-28T19:28:01,0,-1,49.9,2.3,-8.6,96.6,2.5
2026-01-28T21:27:22,0,-1,49.9,2.3,-8.5,95.8,2.5
2026-01-28T23:28:12,0,-0.7,48.4,2.2,-9.6,98.4,2.4
2026-01-29T01:27:53,0,-0.9,48.1,2.2,-10.7,98.8,2.2
2026-01-29T03:28:26,0,-1.1,46.3,2.1,-11.7,98.5,2
2026-01-29T05:28:10,0,-1.3,47,2.1,-12.8,99.3,1.9
2026-01-29T07:27:15,0,-1.9,48.6,2.1,-13.3,99.4,1.8
2026-01-29T09:27:32,0,-1.4,46,2,-11.4,96.4,2
2026-01-29T11:27:39,0,-1.1,44.5,2,-10.4,97.9,2.2
2026-01-29T13:26:47,0,-1.1,46.4,2.1,-10,99.2,2.3
2026-01-29T15:27:18,0,-4.3,55.8,2,-11.5,100,2.1
2026-01-29T17:28:01,0,-1.2,46.9,2.1,-12.8,100,1.9
2026-01-29T19:27:34,0,-1.4,46.6,2.1,-14.6,99.7,1.7
2026-01-29T21:27:28,0,-1.4,43.4,1.9,-15.3,99.4,1.6
2026-01-29T23:26:53,0,-1.6,40.9,1.8,-15.8,99.3,1.5
2026-01-30T01:26:40,0,-1.8,38.8,1.7,-16.7,98.9,1.4
2026-01-30T03:26:23,0,-3.4,41,1.6,-17.6,98.5,1.3
2026-01-30T05:27:07,0,-9.8,44.9,1.1,-18.4,98.3,1.2
2026-01-30T07:26:15,0,-13.9,55,1,-18.1,97.2,1.2
2026-01-30T09:26:05,0,-3.4,40.4,1.5,-12.2,91.3,1.8
2026-01-30T11:26:33,0,-2.1,42.9,1.8,-11.9,96,2
2026-01-30T13:26:22,0,-2.9,42.3,1.7,-10.9,97.6,2.2
2026-01-30T15:26:07,0,-10.8,51.2,1.1,-12.9,99.6,1.9
2026-01-30T17:26:52,0,-4.7,46,1.6,-14.5,99.4,1.7
2026-01-30T19:27:07,0,-4.5,45.4,1.6,-15.3,99.3,1.6
2026-01-30T21:26:46,0,-4.2,45.6,1.6,-16.1,99.1,1.5
2026-01-30T23:27:17,0,-4.7,45.8,1.6,-16.8,98.6,1.4
2026-01-31T01:26:26,0,-3.3,37.4,1.4,-16.9,98.6,1.4
2026-01-31T03:26:15,0,-3.8,35.9,1.3,-17.6,98.1,1.3
2026-01-31T05:26:11,0,-4.1,34.8,1.3,-18.2,97.1,1.2
2026-01-31T07:26:42,0,-4.6,34.8,1.2,-17.8,96.3,1.2
2026-01-31T09:25:58,0,-4.2,32.5,1.2,-13.8,90.6,1.6
2026-01-31T11:26:12,0,-4.9,33.7,1.2,-13.8,96.2,1.7
2026-01-31T13:26:21,0,-5.2,35,1.2,-12.8,97.3,1.9
2026-01-31T15:25:39,0,-6,37,1.2,-13.8,98.9,1.7
2026-01-31T17:25:05,0,-6.1,37.9,1.2,-14.8,99.3,1.6
2026-01-31T19:24:46,0,-7.5,40.2,1.1,-16.2,98.9,1.4
2026-01-31T21:24:34,0,-5.5,38.7,1.3,-17.1,98.4,1.3
2026-01-31T23:24:00,0,-5.4,38.5,1.3,-18,97.9,1.2
2026-02-01T01:23:26,0,-4.4,32.7,1.2,-17.8,97.9,1.3
2026-02-01T03:23:00,0,-5.5,33.7,1.1,-18.3,97.3,1.2
2026-02-01T05:23:52,0,-5.7,33.8,1.1,-18.3,97.4,1.2
2026-02-01T07:24:31,0,-5.4,31.3,1,-17.3,97.4,1.3
2026-02-01T09:24:40,0,-5.4,33.8,1.1,-14,90.7,1.6
2026-02-01T11:25:26,0,-6,35.1,1.1,-14.2,96,1.6
2026-02-01T13:25:33,0,-7.1,36.3,1.1,-14,96.9,1.7
2026-02-01T15:25:34,0,-9,42.2,1.1,-15.5,97.7,1.5
2026-02-01T17:25:01,0,-7,38.6,1.1,-16.9,97.6,1.4
2026-02-01T19:25:30,0,-6.9,39.8,1.2,-18.2,97.2,1.2
2026-02-01T21:26:22,0,-5.8,36.6,1.2,-18.8,96.2,1.1
2026-02-01T23:26:13,0,-6,34.2,1.1,-19.1,95,1.1
2026-02-02T01:25:49,0,-6.6,34.1,1,-19.4,94.1,1.1
2026-02-02T03:25:59,0,-6.4,32.7,1,-19.2,93,1.1
2026-02-02T05:26:30,0,-6.3,30.1,0.9,-18.5,91.6,1.1
2026-02-02T07:26:54,0,-6.4,29,0.9,-17.3,89.2,1.2
2026-02-02T09:26:56,0,-6.8,36.3,1.1,-12.8,78.6,1.5
2026-02-02T11:27:27,0,-6,45.7,1.5,-12.1,78.5,1.6
2026-02-02T13:26:58,0,-5.7,47.6,1.5,-11.4,77.8,1.7
2026-02-02T15:27:26,0,-6.5,44.4,1.4,-12.5,79.8,1.6
2026-02-02T17:27:32,0,-7.5,44.8,1.3,-13,80.2,1.5
2026-02-02T19:26:54,0,-7.8,44.2,1.2,-13.5,78.4,1.4
2026-02-02T21:27:29,0,-8.1,45.2,1.2,-13.6,80.2,1.4
2026-02-02T23:27:57,0,-7.8,44.5,1.2,-14.3,85.7,1.5
2026-02-03T01:28:14,0,-8.1,43.4,1.2,-14.7,89.6,1.5
2026-02-03T03:28:24,0,-8,43.4,1.2,-15,92.7,1.5
2026-02-03T05:28:20,0,-7.8,43.4,1.2,-15.5,94.6,1.5
2026-02-03T07:28:53,0,-7.2,42.1,1.2,-15.4,93,1.4
2026-02-03T09:29:08,0,-6.7,48.1,1.5,-11.1,84,1.8
2026-02-03T11:28:19,0,-6.1,58.1,1.8,-10.4,89,2
2026-02-03T13:27:53,0,-6.5,62.1,1.9,-9,86.4,2.2
2026-02-03T15:27:41,0,-10.9,67.1,1.5,-11,91.2,2
2026-02-03T17:27:29,0,-13.8,73.7,1.3,-13.7,94,1.7
2026-02-03T19:26:55,0,-14.4,69.4,1.2,-14.7,94.8,1.6
2026-02-03T21:27:11,0,-9.2,65.2,1.6,-14.5,95.4,1.6
2026-02-03T23:27:17,0,-8.6,65,1.7,-14.2,97.1,1.7
2026-02-04T01:26:29,0,-7.6,62.2,1.8,-13.5,97.5,1.8
2026-02-04T03:26:22,0,-7.6,60.5,1.7,-14.2,97.2,1.7
2026-02-04T05:27:08,0,-7.4,56.8,1.6,-15,97.9,1.6
2026-02-04T07:27:36,0,-6.8,48.1,1.4,-14.8,98.2,1.6
2026-02-04T09:26:53,0,-6.5,51.2,1.6,-12.9,98,1.9
2026-02-04T11:26:12,0,-6.4,59.1,1.8,-11,97.1,2.1
2026-02-04T13:26:53,0,-6.7,63,1.9,-9.9,97.9,2.3
2026-02-04T15:26:13,0,-6.7,64.7,2,-9.8,99.3,2.4
2026-02-04T17:26:43,0,-6.9,67,2,-9.6,99.8,2.4
2026-02-04T19:27:15,0,-7.1,66.5,1.9,-9.7,99.9,2.4
2026-02-04T21:27:49,0,-7.5,71.1,2,-9.6,100,2.4
2026-02-04T23:28:20,0,-6.7,68.3,2.1,-9.7,100,2.4
2026-02-05T01:28:23,0,-6.8,67.9,2,-9.7,100,2.4
2026-02-05T03:28:01,0,-6.8,69.1,2.1,-9.8,100,2.4
2026-02-05T05:28:49,0,-6.7,68.6,2.1,-9.9,100,2.4
2026-02-05T07:28:41,0,-7.9,72.1,2,-9.7,98.7,2.4
2026-02-05T09:28:37,0,-6.9,70.7,2.1,-8.1,87.6,2.4
2026-02-05T11:28:54,0,-6.4,68.6,2.1,-9.4,91.2,2.3
2026-02-05T13:29:03,0,-5.9,71.7,2.3,-9.3,92.3,2.3
2026-02-05T15:28:23,0,-7,71.1,2.1,-11.5,96.2,2
2026-02-05T17:28:30,0,-6.7,75.3,2.3,-12.9,97.5,1.8
2026-02-05T19:29:03,0,-5.8,72.6,2.3,-13.1,98,1.8
2026-02-05T21:28:53,0,-5.8,69.8,2.2,-12.7,98.8,1.9
2026-02-05T23:28:55,0,-5.7,66.3,2.2,-13.5,98.5,1.8
2026-02-06T01:28:05,0,-5.2,53.3,1.8,-15.2,97.4,1.5
2026-02-06T03:28:37,0,-5.6,49.6,1.6,-16.9,97,1.3
2026-02-06T05:28:40,0,-5.5,44.6,1.5,-17.6,96.7,1.3
2026-02-06T07:29:28,0,-5.5,41.9,1.4,-16.2,96.9,1.4
2026-02-06T09:29:31,0,-5.3,43.8,1.5,-13.7,95.4,1.7
2026-02-06T11:28:50,0,-4.6,48.9,1.7,-11.6,94.8,2
2026-02-06T13:28:44,0,-4.8,51.5,1.8,-10.6,94.7,2.1
2026-02-06T15:29:07,0,-4.7,51.6,1.8,-11.6,94.7,2
2026-02-06T17:28:54,0,-5.3,54.4,1.8,-12.9,96.3,1.8
2026-02-06T19:28:32,0,-5.2,52,1.7,-14,96.6,1.7
2026-02-06T21:28:14,0,-4.9,47.7,1.6,-15.2,96.7,1.5
2026-02-06T23:28:23,0,-4.8,41.5,1.4,-16.1,96.5,1.4
2026-02-07T01:29:01,0,-4.9,36.2,1.2,-16.7,96.6,1.4
2026-02-07T03:28:56,0,-7.4,43,1.2,-17.6,96.7,1.3
2026-02-07T05:28:20,0,-15,53,0.9,-18.7,96.4,1.2
2026-02-07T07:28:28,0,-5.5,36.6,1.2,-16.9,93.9,1.3
2026-02-07T09:29:20,0,-5.6,40.6,1.3,-12.1,84.8,1.7
2026-02-07T11:29:53,0,-4.3,48.2,1.7,-11.9,91.3,1.9
2026-02-07T13:29:55,0,-4.5,54.8,1.9,-10.2,91.8,2.1
2026-02-07T15:30:15,0,-4.8,56.6,2,-9.8,99.2,2.4
2026-02-07T17:29:50,0,-4.6,56.4,2,-10.1,100,2.3
2026-02-07T19:29:23,0,-5,56.8,1.9,-10.1,100,2.3
2026-02-07T21:30:11,0,-5.2,58.4,2,-9.5,99.6,2.4
2026-02-07T23:29:57,0,-5.3,60.1,2,-8.8,100,2.6
2026-02-08T01:30:30,0,-4.9,63,2.2,-9,100,2.5
2026-02-08T03:30:34,0,-4.3,60.5,2.2,-9.6,100,2.4
2026-02-08T05:31:04,0,-4.3,57,2,-11.1,100,2.2
2026-02-08T07:31:45,0,-5.5,60.3,2,-10.5,99.3,2.3
2026-02-08T09:31:14,450,-4.9,60.2,2.1,-5.6,85.6,2.8
2026-02-08T11:31:14,0,-4,66.8,2.4,-8.6,91.3,2.4
2026-02-08T13:32:02,0,-5.5,66.3,2.2,-8.1,91.5,2.5
2026-02-08T15:32:59,0,-10.6,73.8,1.7,-9.8,95,2.3
2026-02-08T17:32:30,0,-12.4,78.8,1.6,-12.1,97.7,2
2026-02-08T19:32:03,0,-12.8,77.7,1.5,-13.9,97.9,1.7
2026-02-08T21:31:36,0,-9.6,69.8,1.7,-12.8,98.2,1.9
2026-02-08T23:32:25,0,-8.9,74.6,1.9,-11.6,100,2.1
2026-02-09T01:32:24,0,-7.7,77.2,2.2,-9.2,100,2.5
2026-02-09T03:31:58,0,-6.7,79.2,2.4,-7.1,100,2.9
2026-02-09T05:30:54,450,-5.9,82.2,2.6,-6.2,100,3.1
2026-02-09T07:30:53,465,-4.2,62.4,2.3,-5.1,100,3.4
2026-02-09T09:30:59,405,-3.8,70.5,2.6,-3.3,90.7,3.5
2026-02-09T11:30:16,420,-3.1,80.1,3.1,-3.1,88.8,3.5
2026-02-09T13:29:28,585,-2.2,77.6,3.2,-3.3,86.4,3.3
2026-02-09T15:28:41,465,-2.4,74.8,3.1,-5.2,92.2,3.1
2026-02-09T17:29:24,420,-2.5,74.5,3,-6.2,94.7,3
2026-02-09T19:29:39,405,-2.5,74.2,3,-5.8,96,3.1
2026-02-09T21:30:24,420,-2.5,73.2,3,-5.6,98.5,3.2
2026-02-09T23:30:38,405,-2.4,72.2,3,-5.8,100,3.2
2026-02-10T01:30:24,420,-2.3,72.2,3,-5.9,100,3.2
2026-02-10T03:30:35,420,-2.1,72.2,3,-5.8,100,3.2
2026-02-10T05:30:30,420,-2,72.1,3,-5.7,100,3.2
2026-02-10T07:31:03,420,-1.8,71.4,3.1,-5.2,100,3.4
2026-02-10T09:31:32,420,-1.6,72.6,3.2,-4.1,99.3,3.6
2026-02-10T11:31:47,420,-1.3,76.4,3.4,-3,92.9,3.7
2026-02-10T13:32:17,540,-1.2,77.7,3.5,-3.3,93.5,3.6
2026-02-10T15:31:28,525,-0.7,74.9,3.5,-3.9,95.2,3.5
2026-02-10T17:30:51,480,-0.7,73.3,3.4,-4.1,96.6,3.5
2026-02-10T19:30:37,420,-0.7,72.1,3.3,-3.5,100,3.8
2026-02-10T21:31:09,405,-0.6,72.9,3.4,-3.4,100,3.8
2026-02-10T23:30:33,420,-0.6,73.7,3.4,-3.3,100,3.9
2026-02-11T01:30:31,405,-0.5,73.7,3.5,-3.3,100,3.9
2026-02-11T03:30:17,420,-0.3,71.7,3.4,-3.6,100,3.8
2026-02-11T05:30:59,420,-0.4,72.7,3.4,-3.8,100,3.7
2026-02-11T07:30:32,420,-0.3,72.5,3.4,-3.3,100,3.9
2026-02-11T09:30:35,420,-0.1,74.6,3.6,-2.8,100,4
2026-02-11T11:30:04,420,0,75.5,3.7,-2.9,100,4
2026-02-11T13:30:32,405,0,75,3.6,-3,100,3.9
2026-02-11T15:30:53,480,0.1,74.3,3.6,-3.4,100,3.8
2026-02-11T17:30:27,480,0.2,72.8,3.6,-3.8,100,3.7
2026-02-11T19:30:36,465,0.3,71.2,3.5,-3.9,100,3.7
2026-02-11T21:31:12,585,0.4,71.3,3.6,-4.4,100,3.6
2026-02-11T23:31:18,480,0.6,68.1,3.4,-4.5,100,3.5
2026-02-12T01:30:39,480,0.6,66.5,3.4,-4.7,100,3.5
2026-02-12T03:30:52,420,0.6,62.2,3.1,-6,100,3.2
2026-02-12T05:30:14,405,0.5,58.6,2.9,-6.6,100,3
2026-02-12T07:30:24,0,0.5,55.9,2.8,-7.2,100,2.9
2026-02-12T09:30:14,465,0.5,54.5,2.7,-6.6,97.8,3
2026-02-12T11:30:32,465,0.6,52.7,2.7,-6.9,95.4,2.8
2026-02-12T13:30:19,465,0.6,52.3,2.6,-6.7,96.8,2.9
2026-02-12T15:31:09,0,0.6,49.5,2.5,-7.6,98.8,2.8
2026-02-12T17:30:15,0,0.5,47.6,2.4,-8.4,99.5,2.6
2026-02-12T19:30:33,0,0.5,47.6,2.4,-9.1,98.9,2.5
2026-02-12T21:30:00,0,0.5,43.7,2.2,-9.8,98.7,2.4
2026-02-12T23:30:49,0,0.4,39.4,2,-11.8,97.8,2
2026-02-13T01:30:47,0,0.3,38.4,1.9,-11.9,98.5,2
2026-02-13T03:31:32,0,0.3,36.2,1.8,-12.6,97.7,1.9
2026-02-13T05:31:09,0,0.5,35.6,1.8,-14.9,97.1,1.6
2026-02-13T07:31:12,0,0.5,34.2,1.7,-13.4,93.9,1.7
2026-02-13T09:30:32,0,0.2,35.8,1.8,-9.6,82.1,2
2026-02-13T11:30:59,0,0.5,35.5,1.8,-10.4,92.5,2.1
2026-02-13T13:30:50,0,0.5,37.1,1.9,-10.2,92.1,2.1
2026-02-13T15:30:27,0,0.6,38.2,1.9,-11.8,93.7,1.9
2026-02-13T17:30:03,0,0.7,35.6,1.8,-13.1,95.4,1.8
2026-02-13T21:31:36,0,0.5,33.5,1.7,-15,95.9,1.5
2026-02-13T23:31:58,0,0.6,31,1.6,-15.5,95.5,1.5
2026-02-14T01:32:32,0,0.3,27.2,1.3,-16.4,94.8,1.4
2026-02-14T03:31:35,0,0.1,26.2,1.3,-17,94.6,1.3
2026-02-14T05:31:31,0,-0.2,25.1,1.2,-17.5,94.6,1.2
2026-02-14T07:31:26,0,-0.1,24.6,1.2,-14.5,90.1,1.5
2026-02-14T09:31:54,0,0,26.5,1.3,-9.5,77.3,1.9
2026-02-14T11:32:11,0,0.1,31.8,1.6,-11.1,86.1,1.9
2026-02-14T13:31:59,0,0.1,34.6,1.7,-10.3,87.5,2
2026-02-14T15:32:08,0,-7.5,40.7,1.2,-11.9,91.5,1.9
2026-02-14T17:32:03,0,-14.2,55.1,0.9,-14.2,92.9,1.6
2026-02-14T19:32:01,0,-16.9,56.3,0.8,-16.6,93.1,1.3
2026-02-14T21:31:54,0,-17.5,57.2,0.8,-18.1,92.7,1.2
2026-02-14T23:32:29,0,-19.2,59.1,0.7,-19.4,92.7,1
2026-02-15T01:33:07,0,-19.4,59.1,0.7,-20.3,92.3,1
2026-02-15T03:32:29,0,-19.5,60.8,0.7,-20.4,92.2,1
2026-02-15T05:33:23,0,-7.8,41.6,1.2,-19.3,92.8,1.1
2026-02-15T07:32:59,0,-5.2,33.5,1.1,-16.5,92.4,1.3
2026-02-15T09:33:02,0,-3.8,32,1.2,-11.7,93.4,1.9
2026-02-15T11:33:06,0,-4.6,38.4,1.3,-7.2,97.7,2.8
2026-02-15T13:32:41,0,-3.8,36.8,1.4,-7,98.2,2.9
2026-02-15T15:32:43,0,-5.6,50.6,1.7,-7.6,99.2,2.8
2026-02-15T17:33:36,0,-6.8,63.8,1.9,-8.3,99.8,2.7
2026-02-15T19:32:46,0,-4.6,47.4,1.7,-8.1,100,2.7
2026-02-15T21:32:47,0,-3.4,41,1.6,-7.7,100,2.8
2026-02-15T23:32:33,0,-4.2,46.2,1.7,-7.8,100,2.8
2026-02-16T01:33:05,0,-4,46.2,1.7,-8.1,100,2.7
2026-02-16T03:33:19,0,-2.4,44.1,1.8,-8.3,100,2.7
2026-02-16T05:32:43,0,-2,45.4,1.9,-8.3,100,2.7
2026-02-16T07:32:23,0,-1.3,49.1,2.2,-8,100,2.7
2026-02-16T09:32:20,0,-1.4,52,2.3,-7,100,3
2026-02-16T11:33:02,450,-1.7,55.3,2.4,-6.1,98,3.1
2026-02-16T13:32:38,405,-0.8,56.5,2.6,-5.6,98.6,3.2
2026-02-16T15:32:36,465,-0.7,57.1,2.6,-6.5,100,3.1
2026-02-16T17:32:47,0,-0.7,56.2,2.6,-7.2,100,2.9
2026-02-16T19:32:29,0,-1.6,59.1,2.6,-7.3,100,2.9
2026-02-16T21:32:57,0,-1.9,58.9,2.5,-7.2,100,2.9
2026-02-16T23:33:28,465,-2.7,60.7,2.4,-6.8,100,3
2026-02-17T01:33:07,420,-0.6,55.9,2.6,-6.6,100,3
2026-02-17T03:32:32,405,-0.6,55.2,2.6,-6.5,100,3.1
2026-02-17T05:32:29,420,-0.6,55,2.6,-6.4,99.6,3.1
2026-02-17T07:33:15,420,-0.5,56.2,2.6,-5.9,96.1,3.1
2026-02-17T09:32:38,420,-0.4,57.8,2.7,-4.4,92.3,3.3
2026-02-17T11:32:32,420,-0.1,62.3,3,-4.2,85.4,3.1
2026-02-17T13:32:34,795,0,64.7,3.1,-4.7,83.7,2.9
2026-02-17T15:32:48,600,0.2,61,3,-6.2,89.2,2.8
2026-02-17T17:31:49,0,0,60.7,2.9,-8.6,94.2,2.5
2026-02-17T19:31:11,0,-11.2,67.3,1.5,-10.8,95.6,2.1
2026-02-17T21:30:59,0,-12.7,69.8,1.3,-11.7,96.9,2
2026-02-17T23:31:03,0,-12.6,72.2,1.4,-11.2,99.2,2.1
2026-02-18T01:31:33,0,-11.6,67,1.4,-12.7,99.2,1.9
2026-02-18T03:32:10,0,-8.9,71,1.8,-11.3,100,2.1
2026-02-18T05:32:03,0,-11,69.9,1.5,-11.6,100,2.1
2026-02-18T07:31:45,0,-8.3,74.2,2,-10.6,100,2.3
2026-02-18T09:31:11,450,-6.1,77.6,2.4,-6.8,88.4,2.6
2026-02-18T11:31:25,0,-1.9,52.5,2.2,-7.1,88.7,2.6
2026-02-18T13:30:55,0,-4.6,60.9,2.1,-7.1,87.1,2.6
2026-02-18T15:31:49,0,-6.3,70.9,2.2,-8.5,95,2.5
2026-02-18T17:32:29,0,-7.9,75.4,2.1,-9.1,97.6,2.5
2026-02-18T19:31:51,0,-8.6,79.9,2.1,-9.4,100,2.5
2026-02-18T21:31:27,0,-4,65.5,2.4,-10,100,2.4
2026-02-18T23:31:43,0,-3.6,63.5,2.4,-11.1,100,2.2
2026-02-19T03:32:27,0,-2.9,56,2.2,-11,100,2.2
2026-02-19T05:31:57,0,-2.9,54.2,2.1,-10.7,100,2.2
2026-02-19T07:31:01,0,-2,48.4,2,-10.7,98.4,2.2
2026-02-19T09:31:38,0,-1.6,50.2,2.2,-9.5,93,2.3
2026-02-19T11:30:43,0,-1.2,50.2,2.2,-9,90.3,2.3
2026-02-19T13:31:33,0,-1.2,49.1,2.2,-8.9,90.2,2.3
2026-02-19T15:31:59,0,-1.7,46.1,2,-9.3,92,2.3
2026-02-19T17:32:23,0,-2.2,46.2,1.9,-9.5,94,2.3
2026-02-19T19:33:01,0,-2.2,44.4,1.8,-10.6,95.4,2.2
2026-02-19T21:33:25,0,-2.2,41.8,1.7,-11.8,96.2,2
2026-02-19T23:33:13,0,-2,40.3,1.7,-12.5,97.2,1.9
2026-02-20T01:32:34,0,-1.9,37.9,1.6,-13.3,97,1.8
2026-02-20T03:33:04,0,-2.2,37.5,1.6,-14.1,96.4,1.7
2026-02-20T05:33:28,0,-3.6,39.6,1.5,-14.8,96.6,1.6
2026-02-20T07:33:56,0,-2,37.6,1.6,-10.5,87.3,2
2026-02-20T09:34:55,465,-2.2,40.6,1.7,-5.4,74.1,2.5
2026-02-20T11:34:13,420,-1.7,55.2,2.4,-4.9,84.2,2.9
2026-02-20T13:34:48,420,-1.8,60.4,2.6,-3.4,87.8,3.4
2026-02-20T15:34:16,405,-1.4,65.6,2.9,-3.7,95,3.6
2026-02-20T17:34:32,420,-1.6,61,2.6,-5.8,98,3.2
2026-02-20T19:33:51,405,-1.7,54.1,2.3,-6.4,95.9,3
2026-02-20T21:34:21,420,-1.7,52.6,2.3,-4.6,88.5,3.1
2026-02-20T23:34:00,420,-1.4,57.1,2.5,-4.1,96.2,3.5
2026-02-21T01:33:45,420,-1.5,55.8,2.4,-1.4,99.1,4.4
2026-02-21T03:34:17,405,-0.9,70.7,3.2,-0.8,100,4.6
2026-02-21T05:34:42,435,-0.6,74.7,3.5,-1.4,100,4.4
2026-02-21T07:34:34,420,-0.6,76.4,3.6,-1.2,100,4.5
2026-02-21T09:34:39,420,-0.4,79.9,3.8,-1,100,4.5
2026-02-21T11:35:16,420,-0.4,78.9,3.7,-0.6,100,4.7
2026-02-21T13:34:45,420,-0.3,82.9,3.9,-0.7,100,4.6
2026-02-21T15:34:11,495,0,81.8,4,-1.5,100,4.4
2026-02-21T17:34:32,480,0.1,78.7,3.8,-1.7,99.3,4.3
2026-02-21T19:34:00,420,0.1,76.3,3.7,-2.1,98.5,4.1
2026-02-21T21:33:40,420,0.2,75.9,3.7,-2.2,100,4.2
2026-02-21T23:33:21,435,0.3,75,3.7,-2.6,100,4
2026-02-22T01:34:10,435,0.4,74.1,3.7,-2.6,100,4
2026-02-22T03:34:31,420,0.5,73.9,3.7,-2.5,100,4.1
2026-02-22T05:35:04,420,0.8,74.5,3.8,-1.8,100,4.3
2026-02-22T07:35:36,435,0.5,70.1,3.5,-3,100,3.9
2026-02-22T09:35:44,420,0.5,68.9,3.5,-2.2,94.2,3.9
2026-02-22T11:36:18,435,0.7,66.7,3.4,-2.2,90.1,3.7
2026-02-22T13:35:58,480,0.8,65.2,3.3,-2,87.1,3.7
2026-02-22T15:35:24,480,0.8,62.6,3.2,-3.6,89.2,3.4
2026-02-22T17:36:11,480,0.8,60.4,3.1,-5.1,94.9,3.2
2026-02-22T19:35:37,420,0.9,59,3,-5.6,99.1,3.2
2026-02-22T21:35:23,420,1,59.8,3.1,-6.5,100,3.1
2026-02-22T23:34:43,0,1,59.9,3.1,-7.7,100,2.8
2026-02-23T01:34:06,0,-6,62,2,-9.1,100,2.5
2026-02-23T03:33:46,0,-8.6,68.3,1.8,-9.9,99.5,2.4
2026-02-23T05:33:35,0,-10.2,70.2,1.6,-11,98.8,2.2
2026-02-23T07:34:25,465,-2.8,61.9,2.5,-5.6,92.4,3
2026-02-23T09:34:07,420,0.4,58.9,2.9,-4.9,93.1,3.2
2026-02-23T11:34:57,420,0.6,65.6,3.3,-2.3,93.1,3.8
2026-02-23T13:34:08,420,0.4,62.9,3.1,-3.2,94.3,3.7
2026-02-23T15:34:56,435,0.4,64.5,3.2,-5.1,98.4,3.3
2026-02-23T17:34:35,0,0.4,63.2,3.2,-7,100,3
2026-02-23T19:34:04,0,-1.4,69,3,-8,100,2.7
2026-02-23T21:33:48,0,-2.1,70.8,3,-8.5,100,2.6
2026-02-23T23:34:07,0,-0.5,65.6,3.1,-8.9,100,2.6
2026-02-24T01:34:32,0,-1.4,65.3,2.9,-9.3,100,2.5
2026-02-24T03:35:16,0,-0.5,58.3,2.7,-9.5,100,2.5
2026-02-24T05:34:55,0,-0.3,48.7,2.3,-9.4,100,2.5
2026-02-24T07:35:06,0,-0.4,49.1,2.3,-7.1,100,2.9
2026-02-24T09:35:13,480,-0.4,52.2,2.5,-3,90.5,3.6
2026-02-24T11:35:24,420,0.2,65.8,3.2,-2.2,87.4,3.6
2026-02-24T13:34:45,420,0.7,65.1,3.3,-2.2,87.8,3.7
2026-02-24T15:34:23,540,0.4,63.8,3.2,-3,85.6,3.4
2026-02-24T17:34:27,480,0.4,58.8,2.9,-4.5,90.8,3.2
2026-02-24T19:33:56,420,0.5,55,2.8,-5.4,93.6,3.1
2026-02-24T21:34:12,405,0.3,53,2.6,-6.4,97.1,3
2026-02-24T23:34:14,0,0.2,49.8,2.4,-7.6,100,2.8
2026-02-25T01:34:25,0,-0.1,50.1,2.4,-8.2,100,2.7
2026-02-25T03:34:01,0,-0.1,47.4,2.3,-9.4,100,2.5
2026-02-25T05:34:07,0,-0.4,47.8,2.3,-10.2,99.4,2.3
2026-02-25T09:33:30,420,-0.3,47.2,2.2,0.3,73.5,3.6
2026-02-25T11:33:32,420,0,53.9,2.6,-2.3,79,3.3
2026-02-25T13:33:15,705,0.1,62.3,3,-1.4,73.8,3.2
2026-02-25T15:33:34,660,0.4,62.9,3.1,-3.6,85.2,3.2
2026-02-25T17:33:02,480,0.3,63.1,3.1,-5.1,94.7,3.2
2026-02-25T19:33:29,420,0.1,63.1,3.1,-4.8,96.9,3.4
2026-02-25T21:33:28,420,0.2,62.9,3.1,-3.3,95.5,3.7
2026-02-25T23:33:20,435,0.3,63.2,3.1,-2.5,90.2,3.7
2026-02-26T01:32:37,435,0.6,64.2,3.2,-1.6,87.8,3.8
2026-02-26T03:32:49,435,0.7,66.7,3.4,-2.4,100,4.1
2026-02-26T05:33:22,420,0.8,69.4,3.6,-2.1,100,4.2
2026-02-26T07:32:32,435,0.9,71.4,3.7,-1.8,100,4.3
2026-02-26T09:31:53,420,0.9,75.2,3.9,-1.3,100,4.4
2026-02-26T11:31:20,435,1,77.1,4,-0.8,100,4.6
2026-02-26T13:31:20,420,1,80.8,4.2,0,100,4.8
2026-02-26T15:31:36,480,1,82.5,4.3,0.1,100,4.9
2026-02-26T17:31:10,480,1.2,82.2,4.3,0.6,97.8,4.9
2026-02-26T19:31:13,540,1.2,82.5,4.3,1.2,94.9,5
2026-02-26T21:31:36,555,1.4,85.4,4.6,,,
2026-02-26T23:31:49,465,1.4,84,4.5,1.6,100,5.4
2026-02-27T01:32:24,405,1.4,86.1,4.6,1.9,100,5.5
2026-02-27T03:31:56,480,1.6,87.6,4.7,1.9,100,5.5
2026-02-27T05:31:16,540,1.8,86.8,4.8,1.9,100,5.5
2026-02-27T07:31:40,705,1.9,88.3,4.9,1.9,100,5.5
2026-02-27T09:31:31,825,2.2,90.4,5.1,2.2,100,5.6
2026-02-27T11:31:41,840,2.5,90,5.2,2.4,100,5.7
2026-02-27T13:32:06,900,2.7,90.4,5.3,2.5,100,5.8
2026-02-27T15:31:34,945,2.8,89.9,5.3,2.4,100,5.7
2026-02-27T17:31:22,975,2.9,89,5.3,2.2,100,5.6
2026-02-27T19:30:32,1110,3,88.9,5.3,1.7,100,5.4
2026-02-27T21:31:02,1095,3.1,87.9,5.3,1.6,100,5.4
2026-02-27T23:30:39,1110,3.2,86.7,5.2,1.5,100,5.4
2026-02-28T01:31:30,1095,3.1,87,5.2,1.5,100,5.4
2026-02-28T03:31:15,1065,3.1,86.7,5.2,1.5,100,5.4
2026-02-28T05:31:00,1065,3.1,87.3,5.2,1.7,100,5.4
2026-02-28T07:31:09,1050,3.2,88.3,5.3,2.3,100,5.7
2026-02-28T09:31:54,975,3.4,90.3,5.5,3.2,100,6
2026-02-28T11:31:05,915,3.5,90.6,5.6,3.7,100,6.2
2026-02-28T13:30:25,915,3.5,90.3,5.6,3.6,100,6.2
2026-02-28T15:29:33,1035,3.6,89.6,5.5,2.9,100,5.9
2026-02-28T17:29:09,1065,3.5,88.6,5.4,2.3,100,5.7
2026-02-28T19:28:56,1140,3.4,88.1,5.4,1.9,100,5.5
2026-02-28T21:28:54,1200,3.4,87.5,5.3,1.4,100,5.3
2026-02-28T23:28:37,1260,3.3,87,5.3,1.1,100,5.2
2026-03-01T01:28:55,1305,3.3,86.2,5.2,0.6,100,5.1
2026-03-01T03:29:20,1290,3.3,85.8,5.2,0.5,100,5
2026-03-01T05:29:02,1260,3.3,86,5.2,0.6,100,5.1
2026-03-01T07:28:53,1275,3.4,86.5,5.3,0.9,100,5.2
2026-03-01T09:28:45,1230,3.5,86.8,5.3,1.3,100,5.3
2026-03-01T11:28:39,1245,3.7,89.7,5.6,2.4,100,5.7
2026-03-01T13:29:19,1275,3.7,89.5,5.6,2.2,100,5.6
2026-03-01T15:28:54,1245,3.7,88.2,5.5,2,100,5.6
2026-03-01T17:28:49,1140,3.6,88.1,5.5,2.3,100,5.7
2026-03-01T19:28:03,1215,3.5,88.3,5.4,1.8,100,5.5
2026-03-01T21:28:17,1260,3.5,87.9,5.4,1.4,100,5.3
2026-03-01T23:28:19,1230,3.5,87.7,5.4,1.5,100,5.4
2026-03-02T01:28:24,1245,3.5,88.1,5.4,1.5,100,5.4
2026-03-02T03:28:08,1275,3.3,86.4,5.2,0.7,100,5.1
2026-03-02T05:27:53,1275,3.2,86.1,5.2,0.6,100,5.1
2026-03-02T07:28:14,1230,3.2,86.8,5.2,1,100,5.2
2026-03-02T09:28:20,1230,3.4,89.3,5.5,2,100,5.6
2026-03-02T11:27:59,1140,4,86.8,5.5,2.5,100,5.8
2026-03-02T13:27:15,1080,3.9,86.5,5.5,2.6,100,5.8
2026-03-02T15:28:04,1095,3.7,84.9,5.3,1.8,100,5.5
2026-03-02T17:28:13,1035,3.4,83.3,5.1,1.3,100,5.3
2026-03-02T19:27:59,1065,3.1,83.9,5,0.8,100,5.1
2026-03-02T21:28:12,1095,2.9,81.5,4.8,-0.3,100,4.8
2026-03-02T23:28:17,1095,2.6,82.5,4.8,-0.5,100,4.7
2026-03-03T01:27:31,1200,2.8,82.2,4.8,-0.9,100,4.6
2026-03-03T03:27:38,1200,2.8,80.5,4.7,-1.4,100,4.4
2026-03-03T05:27:41,1260,2.9,81.6,4.8,-1.2,100,4.5
2026-03-03T07:27:29,1170,2.9,81.9,4.8,-0.4,100,4.7
2026-03-03T09:27:26,1095,3.1,83.4,5,0.5,100,5
2026-03-03T11:27:46,1095,3.4,84,5.1,1.1,100,5.2
2026-03-03T13:28:01,1095,3.4,83,5.1,0.7,100,5.1
2026-03-03T15:28:50,1035,3.3,83.8,5.1,1.3,100,5.3
2026-03-03T17:29:07,975,3.3,87,5.3,2.3,100,5.7
2026-03-03T19:28:51,1035,3.3,87.6,5.3,2.2,100,5.6
2026-03-03T21:28:32,1035,3.4,87.4,5.3,2.4,100,5.7
2026-03-03T23:28:53,1065,3.4,86.9,5.3,1.9,100,5.5
2026-03-04T01:28:25,1140,3.2,85.2,5.1,0.8,100,5.1
2026-03-04T03:28:10,1170,3.1,83.9,5,0.4,100,5
2026-03-04T05:27:30,1140,3,82.5,4.9,0,100,4.8
2026-03-04T07:26:46,495,3.1,85.4,5.1,3.8,100,6.3
2026-03-04T09:26:50,420,3.2,89.9,5.4,6.9,89.5,6.9
2026-03-04T11:26:58,1170,3.6,90.8,5.6,5.3,86.7,6
2026-03-04T13:26:15,1380,4.9,79.7,5.4,5.1,82.1,5.6
2026-03-04T15:26:45,1005,4.1,80.9,5.2,3.5,92.1,5.7
2026-03-04T17:26:05,900,3.7,78.3,4.9,4,86.5,5.5
2026-03-04T19:26:42,795,3.7,78.9,4.9,4.2,87.8,5.7
2026-03-04T23:26:15,705,3.2,80.1,4.8,2.9,94.8,5.6
2026-03-05T01:26:30,660,3.1,79.9,4.8,2.6,95.8,5.5
2026-03-05T03:27:01,660,2.9,79.8,4.7,2.2,96.1,5.4
2026-03-05T05:26:21,660,2.8,78.7,4.6,1.2,99,5.2
2026-03-05T07:25:47,840,3.1,82.9,5,5.2,83.3,5.7
2026-03-05T09:25:28,1590,4.6,86.4,5.7,7.5,71.2,5.7
2026-03-05T11:25:20,1920,6.7,77.8,5.9,6,76.2,5.5
2026-03-05T13:24:59,1695,8,67.5,5.6,6.5,72.7,5.5
2026-03-05T15:24:16,1335,6.2,71,5.2,5.5,77.8,5.5
2026-03-05T17:24:30,1095,4.5,73.1,4.8,2.3,88,5
2026-03-05T19:24:26,870,3.6,73.4,4.5,0.9,94.2,4.9
2026-03-05T21:24:14,660,3.1,72.2,4.3,0.1,99.3,4.8
2026-03-05T23:24:31,705,2.9,72.4,4.3,-0.5,100,4.7
2026-03-06T01:23:42,660,2.8,68.5,4,-1.5,100,4.4
2026-03-06T03:24:09,660,2.8,67.7,4,-2.1,100,4.2
2026-03-06T05:23:26,480,2.7,63,3.7,-2.7,100,4
2026-03-06T07:23:45,420,2.9,62.2,3.7,2.5,95.2,5.5
2026-03-06T09:23:18,675,3.1,77.7,4.7,6.9,72.3,5.6
2026-03-06T11:22:36,2025,4.2,95.1,6.1,6.2,76.9,5.7
2026-03-06T13:21:52,2205,7.2,80.6,6.3,5.4,80.8,5.6
2026-03-06T15:22:29,1800,6.7,71.7,5.4,4.1,80.2,5.1
2026-03-06T17:21:49,1065,4.7,76.1,5.1,1.5,96.7,5.2
2026-03-06T19:21:38,1005,3.6,78.5,4.9,0.5,100,5
2026-03-06T21:21:48,660,3.2,75.8,4.6,0.9,100,5.2
2026-03-06T23:21:01,480,2.9,76.8,4.5,1.6,99.5,5.4
2026-03-07T01:20:23,600,2.8,78.1,4.6,1.1,100,5.2
2026-03-07T03:20:14,480,2.9,74.9,4.4,0.8,100,5.1
2026-03-07T05:19:55,420,2.7,71.2,4.2,0.3,100,5
2026-03-07T07:19:54,420,2.7,75.2,4.4,1.6,97.9,5.3
2026-03-07T09:19:20,495,3.3,82.3,5,5.8,84.1,6
2026-03-07T11:19:07,1605,3.6,87.1,5.4,6.2,72.9,5.4
2026-03-07T13:18:40,3000,7.4,73.9,5.9,6.7,63,4.8
2026-03-07T15:18:00,1905,8.4,55.8,4.7,6.3,59.8,4.4
2026-03-07T17:17:15,1380,5.6,60.7,4.3,3.2,71.7,4.3
2026-03-07T19:17:28,855,4,60.8,3.9,0.6,81.2,4.1
2026-03-07T21:16:52,480,3.2,60.2,3.6,0,86.5,4.2
2026-03-07T23:17:43,480,2.9,61.4,3.6,-0.9,89.7,4.1
2026-03-08T01:17:29,480,2.9,63,3.7,-1.1,93.1,4.2
2026-03-08T03:17:44,420,2.8,60.9,3.6,-2,94.9,4
2026-03-08T05:16:51,435,2.8,60.9,3.6,-1.6,96.4,4.2
2026-03-08T07:17:33,420,3,62.2,3.7,2,92.5,5.1
2026-03-08T09:17:04,435,3.2,74.6,4.5,5.8,82.4,5.9
2026-03-08T11:17:02,495,3.4,78.3,4.8,7.1,74.2,5.8
2026-03-08T13:17:09,735,3.5,82.6,5.1,7.7,73.6,6
2026-03-08T15:16:29,975,4.3,83.5,5.4,7.1,77.5,6
2026-03-08T17:17:07,1065,4.6,79.2,5.2,5.1,84.2,5.8
2026-03-08T19:16:44,960,4.1,76.6,4.9,2.6,91.2,5.3
2026-03-08T21:16:11,825,3.5,74.9,4.6,1.1,96.2,5
2026-03-08T23:17:01,480,3.1,70.2,4.2,0.2,99.3,4.9
2026-03-09T01:16:17,435,2.8,70.8,4.2,0.1,100,4.9
2026-03-09T03:15:59,435,2.7,67.3,3.9,-0.4,100,4.7
2026-03-09T05:16:44,435,2.8,67.2,3.9,0.2,100,4.9
2026-03-09T07:15:57,435,2.9,71.4,4.2,1.7,100,5.4
2026-03-09T09:16:40,435,3,76.3,4.5,2.9,100,5.9
2026-03-09T11:17:06,615,3.4,86.7,5.3,3.7,100,6.2
2026-03-09T13:17:55,615,3.6,86.1,5.3,4,100,6.4
2026-03-09T15:17:50,660,3.8,86.2,5.4,4,100,6.4
2026-03-09T17:17:22,705,3.8,84.7,5.3,3.6,100,6.2
2026-03-09T19:16:48,840,3.7,83.3,5.2,2.6,100,5.8
2026-03-09T21:17:29,930,3.4,80.9,4.9,1.1,100,5.2
2026-03-09T23:17:56,840,3.2,77.6,4.7,0.5,100,5
2026-03-10T01:17:50,825,3.1,77.2,4.6,0.3,100,5
2026-03-10T03:17:13,840,3,75.6,4.5,-0.2,100,4.8
2026-03-10T05:17:19,840,3,76.4,4.5,0.1,100,4.9
2026-03-10T07:17:27,810,3.1,79.2,4.7,1,100,5.2
2026-03-10T09:17:21,900,3.6,90.4,5.6,3.7,100,6.2
2026-03-10T11:16:55,1155,5,96.1,6.5,6.4,95,7.1
2026-03-10T13:17:48,1410,7.1,88.4,6.9,7.9,86.7,7.1
2026-03-10T15:17:05,2055,7.8,76.7,6.3,6.3,77.6,5.7
2026-03-10T17:17:32,1245,6.6,68.6,5.2,4,85.4,5.4
2026-03-10T19:17:09,900,4.9,75.5,5.1,3.6,91.4,5.7
2026-03-10T21:17:47,870,3.9,80.1,5.1,3.2,93.1,5.6
2026-03-10T23:18:33,870,3.5,81.6,5,2.5,95.7,5.5
2026-03-11T01:19:01,870,3.4,80,4.9,1.2,100,5.3
2026-03-11T03:18:16,870,3.2,78.8,4.8,0.6,100,5.1
2026-03-11T05:18:29,825,3,77.1,4.6,0.3,100,5
2026-03-11T07:18:09,495,3.2,82.1,4.9,2.8,100,5.9
2026-03-11T09:18:35,750,3.6,90.2,5.6,6.8,85.5,6.5
2026-03-11T11:18:53,1605,5.2,93.7,6.5,7.6,79.7,6.4
2026-03-11T13:18:34,2175,9.5,77.7,7.1,7.4,79.8,6.3
2026-03-11T15:18:41,1410,9.3,67.4,6.1,5.3,89.9,6.2
2026-03-11T17:18:49,735,6.9,72.2,5.6,5,96.1,6.5
2026-03-11T19:18:40,495,5.7,77.8,5.5,5,100,6.8
2026-03-11T21:19:00,570,5.3,81.2,5.6,5,100,6.8
2026-03-11T23:18:59,840,5.1,82.6,5.7,4.2,100,6.4
2026-03-12T01:18:53,975,5.2,82.1,5.7,3.5,100,6.2
2026-03-12T03:19:21,1005,5.1,81.9,5.6,3.2,100,6
2026-03-12T05:19:40,840,5.2,82.6,5.7,4.2,100,6.4
2026-03-12T07:19:20,975,5.3,85,5.9,4.5,100,6.6
2026-03-12T09:18:51,975,5.6,86.1,6.1,5,100,6.8
2026-03-12T13:19:42,1380,6.4,83.3,6.2,4.1,100,6.4
2026-03-12T15:19:05,1275,6.6,82,6.2,4.3,100,6.5
2026-03-12T17:19:18,1335,6.3,79.9,5.9,3.2,100,6
2026-03-12T19:19:04,1275,5.7,78.9,5.6,2.3,100,5.7
2026-03-12T21:18:25,930,4.9,77.4,5.2,2.2,100,5.6
2026-03-12T23:19:08,840,4,80.8,5.1,2.4,100,5.7
2026-03-13T01:18:30,1005,3.7,83.9,5.2,1.9,100,5.5
2026-03-13T03:18:29,1035,4,83.6,5.3,2.2,100,5.6
2026-03-13T05:17:59,870,3.7,81,5,1.8,100,5.5
2026-03-13T07:18:36,1065,3.9,88.8,5.6,4.2,94.7,6.1
2026-03-13T09:18:46,2055,6.3,89.7,6.6,6.2,83.3,6.1
2026-03-13T11:18:07,2865,10.5,74,7.2,8.1,71.6,6
2026-03-13T13:18:39,2370,13.3,56.6,6.5,9.3,63,5.7
2026-03-13T15:18:04,1320,11.9,53.3,5.6,7.7,73,5.9
2026-03-13T17:17:52,450,9.2,57.4,5.1,6.7,82.5,6.3
2026-03-13T19:17:04,435,7.2,63.1,5,5.6,88.5,6.3
2026-03-13T21:17:51,435,6,67.7,4.9,5.2,91.7,6.3
2026-03-13T23:17:17,435,5.3,71.6,5,5,97,6.6
2026-03-14T01:16:20,435,4.6,72.2,4.8,4.3,100,6.5
2026-03-14T03:16:27,435,3.9,76.5,4.8,4.3,100,6.5
2026-03-14T05:17:04,435,3.7,81.8,5.1,5,100,6.8
2026-03-14T07:16:55,780,4.6,89,5.9,6.1,93.4,6.8
2026-03-14T09:16:30,2190,7,96.6,7.5,8.4,79.5,6.7
2026-03-14T11:16:44,2430,11.5,74.6,7.7,9.5,72.8,6.6
2026-03-14T13:16:22,2085,14.3,60.8,7.5,10.9,69.1,6.9
2026-03-14T15:15:42,1365,14,53.9,6.5,9.9,72.6,6.8
2026-03-14T17:15:40,720,11.7,51.5,5.4,6.8,83,6.3
2026-03-14T19:16:27,510,9.6,57.5,5.3,8.6,76.7,6.6
2026-03-14T21:17:02,510,8.3,61.8,5.2,7.8,77.4,6.3
2026-03-14T23:17:13,1155,7.2,62.8,4.9,7.4,67.2,5.3
2026-03-15T01:17:54,960,6.6,62.4,4.7,6.1,72.6,5.3
2026-03-15T03:17:13,1005,6.2,63.4,4.7,5.7,72.5,5.2
2026-03-15T05:17:56,810,5.5,62.8,4.4,5,75.2,5.1
2026-03-15T07:17:15,1890,5.7,73.6,5.2,7.3,62.7,5
2026-03-15T09:17:24,2475,9.5,65.3,5.9,8.6,58.8,5.1
2026-03-15T11:17:40,2865,13.6,54.2,6.4,8.5,61.9,5.3
2026-03-15T13:17:37,1920,15.4,44.2,5.8,8.7,63.1,5.5
2026-03-15T15:16:42,1320,13.8,45.3,5.4,8.2,67.6,5.7
2026-03-15T17:17:20,510,10.8,49.9,4.9,7.4,79.2,6.3
2026-03-15T19:17:23,450,8.7,55.2,4.8,4.7,98.3,6.5
2026-03-15T21:17:32,435,7.4,57.8,4.6,3.4,99.8,6.1
2026-03-15T23:17:29,450,6.4,60.2,4.5,3,100,5.9
2026-03-16T01:16:36,450,5.7,63.1,4.5,2.7,100,5.8
2026-03-16T03:16:33,450,5.3,65.1,4.5,2.3,100,5.7
2026-03-16T05:17:21,435,4.8,66.5,4.5,2.1,100,5.6
2026-03-16T07:17:35,450,4.7,69.6,4.6,2.5,98.1,5.6
2026-03-16T09:18:15,720,5.1,71,4.9,2.8,94.9,5.6
2026-03-16T11:18:06,1275,6.7,72.9,5.5,4.5,88.1,5.8
2026-03-16T13:18:22,1575,9.3,64.5,5.8,4.5,87.6,5.8
2026-03-16T15:18:33,900,9.9,54,5,2.6,95,5.5
2026-03-16T17:18:07,435,8,53.3,4.4,1.3,100,5.3
2026-03-16T19:18:17,420,6.3,55.3,4.1,1.1,100,5.2
2026-03-16T21:17:32,435,5.1,58.7,4,1.3,100,5.3
2026-03-16T23:18:21,435,4.5,64.2,4.2,1.4,100,5.3
2026-03-17T01:17:43,435,4.2,67.6,4.4,1.5,100,5.4
2026-03-17T03:18:25,435,4.1,71.6,4.6,1.8,100,5.5
2026-03-17T05:18:50,435,4.1,72.8,4.7,1.9,100,5.5
2026-03-17T07:19:31,780,4.5,79,5.2,2.9,100,5.9
2026-03-17T09:19:34,1110,5.7,80.8,5.8,3.5,100,6.2
2026-03-17T13:19:10,1350,8.6,76.3,6.6,5.1,100,6.8
2026-03-17T15:18:29,1080,9,70.1,6.2,5.1,100,6.8
2026-03-17T17:18:31,750,8.2,61.4,5.1,2.8,100,5.9
2026-03-17T19:19:02,435,5.9,59.8,4.3,1.1,100,5.2
2026-03-17T21:19:42,435,4.5,63.8,4.2,0.1,100,4.9
2026-03-17T23:19:00,435,3.7,67.7,4.2,0.2,100,4.9
2026-03-18T01:19:33,435,3.4,71.1,4.3,0.6,100,5.1
2026-03-18T05:19:41,705,3.2,74.5,4.5,0.2,100,4.9
2026-03-18T07:20:05,795,3.3,78,4.7,0.8,100,5.1
2026-03-18T09:20:43,900,3.9,80.1,5.1,1.7,100,5.4
2026-03-18T11:20:08,1170,5.1,80.2,5.5,2.2,100,5.6
2026-03-18T13:19:31,1215,6.1,76.3,5.6,2.3,100,5.7
2026-03-18T15:18:51,1140,6.4,71.8,5.3,1.9,100,5.5
2026-03-18T17:18:06,900,5.6,69.6,4.9,1.3,100,5.3
2026-03-18T19:17:53,765,4.6,72.2,4.8,1.3,100,5.3
2026-03-18T21:18:21,765,4.1,74.8,4.8,1.4,100,5.3
2026-03-18T23:18:06,870,3.9,77.2,4.9,1.1,100,5.2
2026-03-19T01:17:37,840,3.9,78,4.9,1.6,100,5.4
2026-03-19T03:17:40,840,4,78.7,5,1.8,100,5.5
2026-03-19T05:17:06,870,4.1,79.2,5.1,2,100,5.6
2026-03-19T07:17:06,915,4.4,80.7,5.3,2.5,100,5.8
2026-03-19T09:16:56,1110,5.3,83.9,5.8,3.7,100,6.2
2026-03-19T11:16:29,1305,7.3,82.2,6.5,5.1,100,6.8
2026-03-19T13:16:19,1275,8.8,76.8,6.7,5.9,98,7.1
2026-03-19T15:15:54,1185,9.6,72.5,6.6,5.9,98.9,7.1
2026-03-19T17:15:19,810,8.8,65.7,5.7,4.4,100,6.5
2026-03-19T19:15:34,495,6.7,63,4.8,2.9,100,5.9
2026-03-19T21:15:05,435,4.8,64.5,4.3,1.6,99.4,5.4
2026-03-19T23:14:50,435,3.7,65.8,4.1,0.6,100,5.1
2026-03-20T01:14:44,450,3.3,65.6,4,0.4,100,5
2026-03-20T03:14:38,420,2.8,67.8,4,0.2,98.9,4.9
2026-03-20T05:15:20,435,2.7,68.1,4,0.5,98.3,4.9
2026-03-20T07:15:26,975,3.7,82.6,5.1,6.2,78.6,5.8
2026-03-20T09:15:08,2175,7.7,72.9,5.9,11.2,52.6,5.3
2026-03-20T11:14:20,3210,12.1,58.1,6.2,9.1,52.9,4.7
2026-03-20T13:14:11,2295,16.5,34.4,4.8,9.1,48.3,4.3
2026-03-20T15:13:46,1395,16.1,29.6,4.1,9.3,47,4.2
2026-03-20T17:13:12,450,12.5,34,3.7,6,63.5,4.6
2026-03-20T19:13:44,435,8.7,35.2,3,2.4,75.7,4.3
2026-03-20T21:13:10,435,5.9,37.3,2.7,0.4,83.7,4.2
2026-03-20T23:12:52,435,4.4,39.2,2.6,-0.8,88.5,4.1
2026-03-21T01:12:34,435,3.6,41.5,2.6,-1.6,93.7,4.1
2026-03-21T03:12:03,420,3.3,43.5,2.6,-1,96.1,4.3
2026-03-21T05:11:49,435,3.2,46.7,2.8,0.5,94.7,4.8
2026-03-21T07:12:22,435,3.4,60.5,3.7,6.9,69.1,5.3
2026-03-21T09:13:09,1440,3.8,76,4.8,11.2,48.2,4.9
2026-03-21T11:12:45,3240,8.7,75.4,6.5,8.8,56.4,4.9
2026-03-21T13:12:11,2265,14.3,44.5,5.5,7.7,59.8,4.8
2026-03-21T15:11:58,2010,12.5,40.9,4.5,7.5,52.6,4.2
2026-03-21T17:12:44,1020,9.5,39.7,3.6,5.4,57.8,4
2026-03-21T19:12:05,480,6.7,45.7,3.5,4.2,71.4,4.6
2026-03-21T21:11:51,435,5.3,50.3,3.5,4.1,75.8,4.9
2026-03-21T23:11:41,435,4.8,54.5,3.7,3.7,82,5.1
2026-03-22T01:11:15,435,4.5,58.1,3.8,3.4,87.4,5.3
2026-03-22T03:10:41,435,4.3,60.5,3.9,2.6,92.5,5.4
2026-03-22T05:10:29,435,3.7,60.9,3.8,2.5,98.6,5.7
2026-03-22T07:09:54,435,3.7,65.1,4.1,7.1,78.5,6.1
2026-03-22T09:09:46,2355,6.1,86,6.3,9.9,58.6,5.5
2026-03-22T11:10:32,2310,13.6,59.9,7,9.2,69.4,6.2
2026-03-22T13:10:42,2280,15.3,47.1,6.1,8.6,63.4,5.4
2026-03-22T15:11:00,1515,13.9,42.1,5,7.3,64.8,5.1
2026-03-22T17:10:39,555,10.1,43.9,4.1,4.7,74.7,5
2026-03-22T19:11:10,480,6.8,46.4,3.5,3.1,79.6,4.8
2026-03-22T21:11:43,435,4.7,52.1,3.5,2.8,88.5,5.2
2026-03-22T23:12:18,435,3.7,58.6,3.7,2.3,93.9,5.3
2026-03-23T01:12:41,435,3.4,61.8,3.8,2.2,96.8,5.5
2026-03-23T03:12:02,435,3.3,64.2,3.9,1.9,99.3,5.5
2026-03-23T05:11:38,435,3.2,67.3,4.1,2.1,100,5.6
2026-03-23T07:11:57,450,3.5,71.7,4.4,6.4,79.9,6
2026-03-23T09:12:22,1680,4.8,85.5,5.7,6.2,77,5.7
2026-03-23T11:12:02,2895,10,68.5,6.4,7.9,64.8,5.3
2026-03-23T13:12:05,2070,14,45.9,5.5,7.9,61.5,5.1
2026-03-23T15:12:40,930,11.8,45.4,4.8,6,74.3,5.4
2026-03-23T17:11:55,510,9,49.1,4.3,3.8,92.2,5.8
2026-03-23T19:11:32,435,7.1,52.3,4.1,3.2,97.4,5.9
2026-03-23T21:12:00,435,5.9,53.5,3.9,2.1,98.9,5.5
2026-03-23T23:11:35,450,4.5,54.2,3.6,0.2,100,4.9
2026-03-24T01:12:23,450,3.7,54.7,3.4,-0.8,100,4.6
2026-03-24T03:11:52,435,3.3,55.3,3.4,-2.1,100,4.2
2026-03-24T05:11:36,435,3.1,53.9,3.2,-1.1,100,4.5
2026-03-24T07:10:53,435,3.4,69.9,4.3,5.1,85.9,5.9
2026-03-24T09:11:47,3000,4.3,89,5.8,9.5,50.2,4.6
2026-03-24T11:11:24,3120,11.4,58.3,6,7.7,57.3,4.6
2026-03-24T13:10:41,2280,14.3,42.6,5.2,6.4,62.4,4.6
2026-03-24T15:10:37,1140,11.8,38.3,4,5.7,61.4,4.4
2026-03-24T17:10:37,555,8.7,43.1,3.7,5,66.7,4.5
2026-03-24T19:10:56,495,6.7,47.3,3.6,5,67,4.6
2026-03-24T21:11:14,450,5.7,53.5,3.8,5.1,73,5
2026-03-24T23:10:38,450,5.5,58.6,4.1,4.7,89,5.9
2026-03-25T01:10:06,435,5.7,65.7,4.7,4.5,99.3,6.5
2026-03-25T03:10:30,435,5.9,69.9,5,4.1,100,6.4
2026-03-25T05:11:23,450,6,71.4,5.2,4.5,100,6.6
2026-03-25T07:11:51,435,6.2,75.1,5.5,5,100,6.8
2026-03-25T09:12:11,975,6.9,80,6.2,5.2,100,6.9
2026-03-25T11:11:44,975,7.7,81.1,6.6,6.2,100,7.4
2026-03-25T13:11:50,1485,9.7,78.7,7.3,7.7,90.9,7.4
2026-03-25T15:11:54,1080,10.3,65.8,6.3,7.7,85.5,6.9
2026-03-25T17:12:14,1095,9.5,63.8,5.8,9.2,71.6,6.4
2026-03-25T19:12:41,945,8.9,65.4,5.7,8.1,77.2,6.4
2026-03-25T21:12:52,975,8.5,67.3,5.7,8.6,74.6,6.4
2026-03-25T23:13:01,780,8.3,69.2,5.8,7.2,87.1,6.8
2026-03-26T01:12:45,840,7.5,70.3,5.6,5.8,90.7,6.5
2026-03-26T03:12:43,510,6.6,70.1,5.3,5,95.5,6.5
2026-03-26T05:12:24,435,5.7,73.8,5.3,5,94.2,6.4
2026-03-26T07:12:48,1380,6.4,81.6,6.1,6.7,82.7,6.3
2026-03-26T09:13:17,2925,11.3,69,7,8.4,67.2,5.7
2026-03-26T11:12:30,1920,14.5,45.8,5.7,8.1,64.1,5.3
2026-03-26T13:12:13,1650,14.1,44.9,5.4,7.6,67,5.4
2026-03-26T15:11:32,630,11.1,46.4,4.7,6,77.3,5.6
2026-03-26T17:11:44,495,8.8,52,4.5,5.4,83.9,5.9
2026-03-26T19:12:16,435,7.3,56.5,4.5,5.2,83.6,5.8
2026-03-26T21:12:23,435,6.5,61.4,4.6,4.7,89.4,6
2026-03-26T23:11:48,450,6.1,64,4.7,4.4,93.2,6.1
2026-03-27T01:12:32,435,5.8,65.4,4.7,3.8,97.8,6.1
2026-03-27T03:12:34,435,5.6,66.1,4.7,3.4,100,6.1
2026-03-27T05:13:16,435,5.5,68.5,4.8,3.2,100,6
2026-03-27T07:12:57,450,5.8,74.1,5.3,5,96.5,6.6
2026-03-27T09:13:42,2835,8.7,92.2,8,10.3,69.1,6.6
2026-03-27T11:13:22,2910,16.7,52.2,7.4,10.5,62.7,6.1
2026-03-27T13:13:52,2985,19.7,37,6.3,10.5,50.7,4.9
2026-03-27T15:13:08,1950,17,32.3,4.7,9.4,48.2,4.4
2026-03-27T17:13:38,495,12.4,36.2,4,6.5,64.3,4.8
2026-03-27T19:13:47,510,8.8,37,3.2,3.3,80.7,4.9
2026-03-27T21:13:33,450,6,39.6,2.9,1.5,88.4,4.8
2026-03-27T23:13:23,435,4.5,41.9,2.8,-0.5,92.3,4.3
2026-03-28T01:14:18,435,3.7,44.5,2.8,-0.4,100,4.7
2026-03-28T03:13:57,435,3.3,46.9,2.8,-0.8,100,4.6
2026-03-28T05:14:44,435,3,56.7,3.4,0.9,100,5.2
2026-03-28T07:13:56,435,3.3,68.7,4.2,1.8,100,5.5
2026-03-28T09:14:37,1695,4.4,92.2,6,6.2,80.3,5.9
2026-03-28T11:15:06,2265,7.9,74.3,6.1,4.1,82.7,5.3
2026-03-28T13:14:35,1890,11.3,51.9,5.3,4,76.6,4.9
2026-03-28T15:14:48,1095,11.3,47.4,4.8,3.5,84.8,5.2
2026-03-28T17:14:33,450,8.8,45.1,3.9,2.3,89.3,5.1
2026-03-28T19:13:44,435,6.4,44.9,3.3,0.7,92.5,4.7
2026-03-28T21:14:19,435,4.6,46,3,0.2,100,4.9
2026-03-28T23:15:00,435,3.7,48.7,3,-0.3,100,4.8
2026-03-29T01:15:07,435,3.3,50.8,3.1,-1.3,100,4.4
2026-03-29T03:15:07,435,3,51.3,3.1,-0.2,100,4.8
2026-03-29T05:14:52,435,3,57.8,3.4,1.7,100,5.4
2026-03-29T07:13:59,630,3.5,78.8,4.8,6.6,76.4,5.8
2026-03-29T09:14:06,2055,5.2,90.5,6.2,8.6,66.8,5.7
2026-03-29T11:13:28,1860,10.1,62.6,5.9,5.7,78.8,5.6
2026-03-29T13:14:17,450,9,57.5,5.1,4.1,95.7,6.1
2026-03-29T15:13:57,435,8,60.6,5,4.4,96.3,6.3
2026-03-29T17:14:16,435,7.5,62.1,5,3.8,99.7,6.3
2026-03-29T19:14:38,495,6.6,61.9,4.7,2.2,97.2,5.5
2026-03-29T21:14:38,495,5.2,61.3,4.2,1.7,100,5.4
2026-03-30T01:13:53,435,4.3,68.2,4.4,1.5,100,5.4
2026-03-30T03:13:44,435,4.1,69.5,4.4,1.2,100,5.3
2026-03-30T05:14:32,435,4,68.8,4.4,0.8,100,5.1
2026-03-30T07:14:22,705,4.2,71.3,4.6,0.7,100,5.1
2026-03-30T09:13:35,870,5,71.9,4.9,1.2,100,5.3
2026-03-30T11:13:07,1380,7.1,69.6,5.4,2.7,92.6,5.4
2026-03-30T13:13:53,2490,11.1,65.3,6.6,3.4,88.5,5.4
2026-03-30T15:14:03,1395,13.9,45.1,5.4,4.1,86.4,5.5
2026-03-30T17:14:27,435,11.1,41.1,4.1,2.5,90.7,5.2
2026-03-30T19:14:10,435,7.6,39.1,3.1,-0.4,95.1,4.5
2026-03-30T21:14:14,435,5.3,40.4,2.8,-0.6,98.9,4.6
2026-03-30T23:14:48,435,4.3,44.4,2.9,0.7,99.7,5.1
2026-03-31T01:14:29,435,3.8,50.6,3.2,1,99.9,5.2
2026-03-31T03:13:54,435,3.6,54.4,3.4,1.1,100,5.2
2026-03-31T05:13:24,435,3.5,61.7,3.8,1.4,100,5.3
2026-03-31T07:13:49,435,3.7,70.6,4.4,6,92.8,6.7
2026-03-31T09:13:03,3285,6.6,88.6,6.7,14,41.8,5
2026-03-31T11:13:22,3330,17.8,42.7,6.5,11.1,47.9,4.8
2026-03-31T13:12:51,1605,19.7,29.3,5,10.8,50.4,5
2026-03-31T15:12:58,1200,18,30.3,4.7,10.2,52.8,5
2026-03-31T17:13:22,510,14.7,31.4,4,8.1,60.1,5
2026-03-31T19:13:44,450,10.7,32.4,3.2,4.7,72,4.8
2026-03-31T21:13:15,450,7.5,36.7,2.9,3,79.5,4.7
2026-03-31T23:13:14,450,5.3,49.8,3.5,2,90.4,5
2026-04-01T01:13:36,435,4.2,48.8,3.1,0,91.4,4.4
2026-04-01T03:13:06,435,3.4,49,3,-1.9,95.2,4
2026-04-01T05:13:38,435,3,48.8,2.9,-0.4,98.4,4.6
2026-04-01T07:13:40,435,3.2,58.4,3.5,2.1,97.8,5.5
2026-04-01T09:13:49,435,3.5,68.6,4.2,2.9,94,5.6
2026-04-01T11:14:16,1485,4.9,82.9,5.6,5.2,82.8,5.7
2026-04-01T13:13:39,2865,13.3,60.9,7,5.9,80.6,5.8
2026-04-01T15:13:17,1335,15.4,43,5.6,6.2,81.2,6
2026-04-01T17:13:27,450,12.2,40.6,4.4,3.4,90.2,5.5
2026-04-01T19:13:20,450,8.6,39.2,3.4,1,94.9,4.9
2026-04-01T21:13:11,435,5.8,41.1,2.9,-0.2,100,4.8
2026-04-01T23:12:20,435,4.4,44.8,2.9,-0.3,100,4.8
2026-04-02T01:12:56,435,3.7,47.3,2.9,0,100,4.8
2026-04-02T03:12:17,435,3.3,51.5,3.1,0.8,100,5.1
2026-04-02T05:12:00,435,3.2,62.8,3.8,2.4,100,5.7
2026-04-02T07:11:28,435,3.4,73.1,4.5,3.1,100,6
2026-04-02T09:12:04,705,4.1,85.8,5.5,4.1,100,6.4
2026-04-02T11:12:40,1230,5.9,86.7,6.3,5.4,94.8,6.6
2026-04-02T13:12:05,1440,9.2,71.9,6.4,5.6,93.3,6.6
2026-04-02T15:12:24,915,9.7,63.3,5.8,5.3,96,6.7
2026-04-02T17:12:33,510,9,61.1,5.4,4.5,100,6.6
2026-04-02T19:13:06,450,7.9,62.4,5.1,4.1,100,6.4
2026-04-02T21:12:14,450,7.1,64.4,5,3.7,100,6.2
2026-04-02T23:11:53,450,6.6,66,5,3.7,100,6.2
2026-04-03T01:12:29,435,6.4,67.5,5,3.8,100,6.3
2026-04-03T03:12:19,435,6.3,69,5.1,3.9,100,6.3
2026-04-03T05:11:24,450,6.3,71.1,5.3,4.2,100,6.4
2026-04-03T07:12:17,720,6.9,75.5,5.8,5.2,98.9,6.8
2026-04-03T09:13:04,1140,8.8,76.7,6.7,7.1,92.1,7.2
2026-04-03T11:13:24,1185,11.3,65.1,6.6,8,86.2,7.1
2026-04-03T13:13:32,990,12.2,58,6.3,8.2,84.1,7
2026-04-03T15:13:37,855,12.2,57,6.1,6.8,92.8,7.1
2026-04-03T17:13:42,450,11,57.5,5.8,5.9,98.9,7.1
2026-04-03T19:13:03,450,9.7,61.1,5.6,5.5,100,7
2026-04-03T21:13:08,450,8.6,63.7,5.5,5.1,100,6.8
2026-04-03T23:12:21,450,7.7,66.6,5.4,4.7,100,6.7
2026-04-04T01:11:51,510,7.2,69.2,5.4,4.4,100,6.5
2026-04-04T03:11:36,615,6.8,71.3,5.5,4.3,100,6.5
2026-04-04T05:11:43,870,6.7,74.4,5.7,4,100,6.4
2026-04-04T07:12:14,990,6.9,74.1,5.7,3.8,100,6.3
2026-04-04T09:12:46,1140,7.2,74.9,5.9,3.7,100,6.2
2026-04-04T11:12:32,1245,7.4,75.2,6,3.6,100,6.2
2026-04-04T13:13:12,1140,7.6,74.5,6,4.2,100,6.4
2026-04-04T15:12:18,975,7.7,70.6,5.7,4,100,6.4
2026-04-04T17:12:12,885,7.2,68.8,5.4,3.3,100,6.1
2026-04-04T19:11:27,735,6.4,68.7,5.1,2.8,100,5.9
2026-04-04T21:11:16,735,5.9,71.3,5.1,2.7,100,5.8
2026-04-04T23:10:54,810,5.6,73.9,5.2,2.7,100,5.8
2026-04-05T01:10:49,840,5.4,74.2,5.2,2.5,100,5.8
2026-04-05T03:10:06,870,5.2,76.2,5.2,2.6,100,5.8
2026-04-05T05:10:34,870,5.1,78.1,5.3,2.9,100,5.9
2026-04-05T07:11:01,1185,6.3,82.7,6.1,4.4,100,6.5
2026-04-05T09:10:47,1365,8.3,78.2,6.6,5.2,99.3,6.8
2026-04-05T11:11:15,1530,9.9,66.7,6.2,5.3,90.6,6.3
2026-04-05T13:12:03,1410,9.7,63.3,5.8,5.1,87.7,6
2026-04-05T15:11:16,1065,9.3,58.8,5.3,3.6,91.4,5.7
2026-04-05T17:11:03,495,8.2,58.5,4.9,3.2,99.8,6
2026-04-05T21:12:12,450,5.9,73.7,5.3,4.4,100,6.5
2026-04-05T23:12:02,495,5.8,75.8,5.4,4.4,100,6.5
2026-04-06T01:12:25,495,5.5,73,5.1,4,100,6.4
2026-04-06T03:12:31,465,4.9,72.7,4.9,3.4,100,6.1
2026-04-06T05:11:53,615,4.7,75.5,5,2.9,100,5.9
2026-04-06T07:11:27,915,4.9,77.9,5.3,2.6,100,5.8
2026-04-06T09:11:36,1110,5.9,82.4,5.9,4,100,6.4
2026-04-06T11:10:48,1500,7.5,81.3,6.5,4.4,100,6.5
2026-04-06T13:11:36,1305,9.2,73.1,6.5,5.1,100,6.8
2026-04-06T15:11:26,945,9.4,66.6,6,5,100,6.8
2026-04-06T17:11:48,915,8.7,64.9,5.6,3.8,100,6.3
2026-04-06T19:11:17,840,7.3,69.4,5.5,3.6,100,6.2
2026-04-06T21:11:09,855,6.3,73.1,5.4,3.4,100,6.1
2026-04-06T23:11:21,945,5.9,76.9,5.5,3.4,100,6.1
2026-04-07T01:11:03,930,5.5,78.6,5.5,3.3,100,6.1
2026-04-07T03:11:58,975,5.1,80.6,5.5,3.1,100,6
2026-04-07T05:12:25,1035,5.1,83.7,5.7,3.7,100,6.2
2026-04-07T07:12:17,870,6.4,80.4,6,5.2,100,6.9
2026-04-07T09:12:02,495,7.9,71,5.8,5.8,100,7.2
2026-04-07T11:11:27,615,8.3,69.9,5.9,5.5,100,7
2026-04-07T13:12:04,495,8.7,69.5,6,6.5,100,7.5
2026-04-07T15:12:28,495,9.7,68.1,6.3,8,98.7,8.2
2026-04-07T17:13:18,435,9.2,59.6,5.3,7.4,92.5,7.4
2026-04-07T19:12:35,435,7.3,60.6,4.8,5.7,98.3,7
2026-04-07T21:13:00,435,5.6,63.1,4.5,4.2,100,6.4
2026-04-07T23:12:44,435,4.2,61.1,3.9,3.2,97.8,5.9
2026-04-08T01:13:01,435,3.5,60.1,3.7,2.5,93.8,5.4
2026-04-08T03:13:11,435,3,60.9,3.6,1.4,96,5.1
2026-04-08T05:13:09,435,2.9,61.7,3.6,1.6,96.1,5.2
2026-04-08T07:12:54,435,4.8,60.2,4,5.3,85.1,5.9
2026-04-08T09:12:15,450,7.7,52.2,4.2,7.3,83.1,6.6
2026-04-08T11:12:08,510,12.1,39.3,4.2,5.7,75.1,5.3
2026-04-08T13:11:49,510,14.6,25.4,3.2,6.4,61.6,4.6
2026-04-08T15:11:33,465,13.3,23.5,2.7,6,65.6,4.8
2026-04-08T17:11:41,450,9.8,23.3,2.2,4.6,76.1,5
2026-04-08T19:11:37,435,6.4,24.9,1.9,2.4,82.2,4.7
2026-04-08T21:12:22,435,4.6,26.7,1.8,0.1,84.5,4.1
2026-04-08T23:12:00,420,3.6,29.9,1.9,-0.5,77.9,3.6
2026-04-09T01:12:37,435,3,33,2,-1.6,83.2,3.6
2026-04-09T03:13:08,435,2.6,35.9,2.1,-2.4,85,3.5
2026-04-09T05:12:19,435,2.4,39.4,2.3,0.2,81.7,4
2026-04-09T07:11:55,435,3.9,48.3,3.1,5.2,59.3,4.1
2026-04-09T09:12:20,1860,5,56.7,3.9,7.8,45.4,3.7
2026-04-09T11:12:00,3330,9.9,41.2,3.8,6.1,38.7,2.8
2026-04-09T13:12:04,3045,15.1,24.2,3.1,7.4,31.5,2.5
2026-04-09T15:12:11,1455,14.8,25.1,3.2,6,44.9,3.3
2026-04-09T17:12:19,450,11.3,25.5,2.6,4.4,49.3,3.2
2026-04-09T19:12:10,435,7.5,26.4,2.1,0.8,67.1,3.4
2026-04-09T21:12:44,420,5.2,28.5,2,-1.3,77.9,3.5
2026-04-09T23:13:12,435,3.9,31.2,2,-2.6,82.9,3.4
2026-04-10T01:13:01,420,3.2,33.7,2,-2.6,83.1,3.4
2026-04-10T03:13:24,435,2.8,34.9,2,-2.8,79.6,3.2
2026-04-10T05:13:16,420,2.7,37.1,2.2,1.7,65.9,3.6
2026-04-10T07:13:12,435,3.4,44.1,2.7,9.4,40.1,3.6
2026-04-10T09:12:35,1020,3.9,41.8,2.6,10,31.3,2.9
2026-04-10T11:12:01,3345,8.5,51.2,4.4,8.5,24.9,2.1
2026-04-10T13:11:49,3375,17.1,23.6,3.4,8.4,26,2.2
2026-04-10T15:11:01,3015,16.6,14.7,2.1,8.7,19.3,1.7
2026-04-10T17:11:43,855,13.1,18.3,2.1,7.4,30.2,2.4
2026-04-10T19:11:01,495,8.9,19.8,1.7,2.9,41.6,2.5
2026-04-10T21:10:27,435,5.9,21.3,1.5,1.4,44.8,2.4
2026-04-10T23:10:16,435,4.3,24.5,1.6,-0.7,55.3,2.6
2026-04-11T01:09:51,435,3.5,25.1,1.5,-0.3,48.1,2.3
2026-04-11T03:09:19,420,2.9,26,1.5,-0.7,48.1,2.2
2026-04-11T05:08:40,420,2.6,28.8,1.7,3,44.2,2.6
2026-04-11T07:09:20,435,3.5,36.2,2.2,10.3,34.1,3.3
2026-04-11T09:09:39,915,4.7,38.2,2.5,12.7,25.9,2.9
2026-04-11T11:09:08,3360,9.7,50.5,4.7,10.5,27.9,2.7
2026-04-11T13:08:43,3345,18.7,19.8,3.2,10.2,21.6,2.1
2026-04-11T15:09:06,2370,17.8,16,2.4,9.2,23.7,2.1
2026-04-11T17:09:41,1020,13.9,16.9,2,8.1,26.9,2.2
2026-04-11T19:10:03,495,9.3,19.4,1.7,3.2,38.8,2.3
2026-04-11T21:09:30,420,6.2,20.5,1.5,0.6,48.9,2.5
2026-04-11T23:08:58,435,4.4,24.4,1.6,-0.4,54.6,2.6
2026-04-12T01:08:14,435,3.6,25.9,1.6,1.1,48.2,2.5
2026-04-12T03:07:43,420,3.1,26.9,1.6,1.1,47.9,2.5
2026-04-12T05:08:10,435,2.9,29.3,1.7,4.1,46.4,3
2026-04-12T07:08:42,435,3.7,38.7,2.4,11.9,37.5,4
2026-04-12T09:07:59,495,5.1,32.3,2.2,13.6,39.2,4.6
2026-04-12T11:07:56,1320,9.6,50.2,4.6,10.5,49.4,4.8
2026-04-12T13:08:08,2445,16.7,39.3,5.6,10.7,49,4.8
2026-04-12T15:08:36,1455,17.7,29.1,4.4,10.1,47.9,4.5
2026-04-12T17:08:02,765,15.1,28.3,3.6,9.1,48.4,4.3
2026-04-12T19:07:40,510,11.2,29.1,2.9,5.3,58.9,4.1
2026-04-12T21:07:08,435,7.5,31.2,2.5,2.4,70.2,4
2026-04-12T23:07:06,450,5.2,33.5,2.3,0.4,78.3,3.9
2026-04-13T01:07:13,435,3.9,36.2,2.3,-0.5,82.2,3.9
2026-04-13T03:06:17,420,3.3,39.7,2.4,-0.9,85.5,3.9
2026-04-13T05:06:14,435,3.1,45.5,2.7,4.3,77.8,5
2026-04-13T07:06:45,450,4.4,58.2,3.8,14.8,43.5,5.5
2026-04-13T09:07:00,750,6.2,55,4,14,39.1,4.7
2026-04-13T11:07:19,3405,14.4,58.6,7.2,12.4,47.7,5.2
2026-04-13T13:07:07,1170,17.9,32.5,5,11.3,52.7,5.4
2026-04-13T15:06:54,1215,16.5,34.9,4.9,10.8,52.8,5.2
2026-04-13T17:06:33,510,14.6,35.5,4.4,9.6,58.7,5.4
2026-04-13T19:06:38,510,11.3,34.8,3.5,6,69.1,5
2026-04-13T21:05:55,450,7.7,36.6,3,2.9,79.5,4.7
2026-04-13T23:05:58,450,5.4,39.4,2.7,1.2,85,4.5
2026-04-14T01:06:21,435,4.1,42.1,2.7,0.2,89.3,4.4
2026-04-14T03:06:10,435,3.3,46.8,2.8,-0.6,93.5,4.4
2026-04-14T05:05:30,435,3.2,51.7,3.1,4.1,86.8,5.6
2026-04-14T07:05:33,450,4.4,74.7,4.9,13.7,57.5,6.8
2026-04-14T09:04:54,3060,7.8,90.3,7.4,16.8,40.8,5.8
2026-04-14T11:04:28,2715,18.1,38.1,5.9,13.7,42.5,5
2026-04-14T13:04:13,1965,20.1,31,5.4,12.7,45.1,5
2026-04-14T15:04:13,1830,20.7,28.7,5.2,12.5,45,4.9
2026-04-14T17:03:36,1065,18,27.8,4.3,11.5,45.5,4.7
2026-04-14T19:03:28,495,13.5,30.4,3.6,6.9,60.2,4.6
2026-04-14T21:03:25,435,9.2,31.9,2.8,3.9,71.4,4.5
2026-04-14T23:02:37,435,6.2,34.1,2.5,1.8,77.4,4.2
2026-04-15T01:02:58,480,4.5,36.9,2.4,0.1,80.8,3.9
2026-04-15T03:02:08,420,3.5,40.8,2.5,0,85.4,4.1
2026-04-15T05:01:18,480,3.2,46.6,2.8,2.3,84.5,4.8
2026-04-15T07:01:14,435,3.8,61.3,3.8,6,70.6,5.1
2026-04-15T09:01:31,1740,5.7,67.2,4.8,16.5,33,4.6
2026-04-15T11:01:35,3345,18,34.1,5.2,16.1,24.2,3.3
2026-04-15T13:00:52,3180,24.1,21.3,4.7,13.9,31.1,3.7
2026-04-15T15:01:30,1350,21.6,23.2,4.4,12.1,43.3,4.6
2026-04-15T17:01:28,450,17.9,26.5,4,10.7,51.9,5.1
2026-04-15T19:01:03,450,14,26.7,3.2,7.6,60.2,4.8
2026-04-15T21:01:25,450,9.7,28.9,2.7,4.6,72.8,4.8
2026-04-15T23:01:13,450,6.8,37.1,2.8,3.3,80.3,4.9
2026-04-16T01:01:23,435,5,42.9,2.9,2.2,86.5,4.9
2026-04-16T03:01:39,435,4.3,60.7,3.9,3.3,87.3,5.3
2026-04-16T05:01:51,435,4.4,70.9,4.6,4.9,85.7,5.8
2026-04-16T07:02:09,870,5.4,75.8,5.3,6.2,82.4,6.1
2026-04-16T09:02:07,1005,7.5,74.9,6,7,85.9,6.7
2026-04-16T11:01:49,1320,9.7,70.6,6.5,9.7,74.2,6.8
2026-04-16T13:00:59,1515,12.8,59.7,6.7,12.2,62.8,6.8
2026-04-16T15:01:11,1125,14.1,51.6,6.3,11.5,65.9,6.8
2026-04-16T17:01:09,855,12.9,59,6.6,9.8,82.6,7.7
2026-04-16T19:01:14,990,11.6,57.6,6,9.6,72.9,6.7
2026-04-16T21:00:28,945,10.6,61.7,6,9.2,75.8,6.8
2026-04-16T23:00:27,990,10,64.4,6,9,77,6.8
2026-04-17T01:00:12,975,9.7,71.3,6.6,8.2,88.2,7.4
2026-04-17T02:59:49,1035,9.1,69.8,6.2,7.6,85,6.8
2026-04-17T05:00:04,1050,8.7,64.3,5.6,9.7,66.8,6.2
2026-04-17T06:59:59,1710,11.5,57,5.9,15.1,44.5,5.7
2026-04-17T09:00:02,2460,16.8,37.6,5.4,17.6,30.7,4.6
2026-04-17T10:59:39,2835,22.5,25.6,5.1,15.1,33.3,4.3
2026-04-17T12:58:50,1800,23.7,20,4.3,14.4,33.2,4.1
2026-04-17T14:58:10,1410,22.5,20.7,4.1,14.3,34.8,4.3
2026-04-17T16:58:04,870,19,23.8,3.9,13,39.4,4.5
2026-04-17T18:57:41,510,15.1,26.2,3.4,9.8,49.1,4.6
2026-04-17T20:58:05,450,11.5,28.9,3,7.7,55.2,4.5
2026-04-17T22:57:33,435,8.9,33.5,2.9,6.5,59.5,4.5
2026-04-18T00:57:03,435,7.1,37.4,2.9,5.4,63.4,4.4
2026-04-18T02:56:41,450,5.3,41.5,2.9,2.9,72.9,4.3
2026-04-18T04:57:08,450,4.4,48.4,3.2,7.5,64.5,5.2
2026-04-18T06:57:26,1215,6.4,67.1,5,17.3,36.1,5.3
2026-04-18T08:57:05,3360,14.4,47.5,5.9,16.5,29.7,4.2
2026-04-18T10:57:46,2220,21.5,27.2,5.1,12.5,41.8,4.6
2026-04-18T12:57:28,1935,21.6,25.3,4.8,11,45.4,4.5
2026-04-18T14:58:06,1500,20.9,25,4.6,10.5,47.8,4.6
2026-04-18T16:57:29,495,17.6,26.1,3.9,8.6,55.3,4.8
2026-04-18T18:56:54,510,14.1,26.4,3.2,6.7,60,4.6
2026-04-18T20:56:20,450,10.9,28.9,2.9,6.3,61.8,4.6
2026-04-18T22:56:24,435,9.1,32.9,2.9,5.2,59.9,4.1
2026-04-19T00:56:05,435,7.3,35.4,2.8,2.7,66.7,3.9
2026-04-19T02:56:15,435,4.9,37.6,2.5,0.3,74.9,3.7
2026-04-19T04:55:44,435,3.6,44.1,2.7,3.8,71.9,4.5
2026-04-19T06:55:54,705,5,52.2,3.5,10,44.7,4.2
2026-04-19T08:55:57,3300,10.4,53.3,5.1,10.9,36.2,3.6
2026-04-19T10:56:21,2805,18.8,29.9,4.8,8.9,46.4,4.1
2026-04-19T12:56:03,2655,22.4,22.9,4.5,8.8,45.3,3.9
2026-04-19T14:55:10,1635,21.3,21.8,4.1,8.5,46.9,4
2026-04-19T16:55:10,900,17.6,22.8,3.4,7.9,47.5,3.9
2026-04-19T18:54:47,495,13,23.8,2.7,4.4,58.3,3.8
2026-04-19T20:55:07,450,8.8,24.4,2.1,4,50.1,3.2
2026-04-19T22:55:40,450,5.7,28.1,2,2.5,54.3,3.1
2026-04-20T00:55:00,435,3.8,31.3,2,0.9,59.5,3.1
2026-04-20T02:55:28,420,2.6,35.8,2.1,0.3,62.2,3.1
2026-04-20T04:55:05,405,2.1,42.5,2.4,5,52.6,3.6
2026-04-20T06:54:40,1170,4.8,51.7,3.5,13.8,31.3,3.7
2026-04-20T08:55:18,2745,13.7,32.2,3.8,14.4,26.1,3.2
2026-04-20T10:55:35,2235,21,19.2,3.5,11.6,30,3.1
2026-04-20T12:55:16,2340,24.2,16.4,3.6,12,29.7,3.2
2026-04-20T14:55:31,1410,22.3,15.8,3.1,12.4,29.5,3.2
2026-04-20T16:55:38,885,18.7,16.9,2.7,11.7,29.7,3.1
2026-04-20T18:55:59,450,14.9,18.3,2.3,8.4,38,3.2
2026-04-20T20:56:31,450,10.4,20.2,1.9,5.1,47.8,3.3
2026-04-20T22:56:17,450,6.8,20.3,1.6,2.9,53.2,3.1
2026-04-21T00:55:58,450,4.1,23.2,1.5,1.6,57.7,3.1
2026-04-21T02:55:40,435,2.7,31.4,1.8,2,56.4,3.1
2026-04-21T04:55:34,480,2.6,42.7,2.5,7.7,43.7,3.5
2026-04-21T06:55:18,1320,6.8,50,3.8,17,27.8,4
2026-04-21T08:54:57,1965,16.9,26.3,3.8,18.4,22.4,3.5
2026-04-21T10:54:35,2280,23.3,19.3,4,14,29.6,3.6
2026-04-21T12:54:01,1995,26,16.5,4,13.9,31.4,3.8
2026-04-21T14:54:31,1410,24.5,16,3.6,14.5,29.8,3.7
2026-04-21T16:54:23,975,20.9,17.3,3.2,14.3,29,3.6
2026-04-21T18:55:15,525,16.8,18.7,2.7,9.7,39.6,3.6
2026-04-21T20:54:54,435,11.8,19.1,2,5.6,51.8,3.7
2026-04-21T22:54:42,465,8.9,32.4,2.8,6.8,61,4.7
2026-04-22T00:54:43,450,7.8,40.2,3.3,6.2,63.8,4.7
2026-04-22T02:54:08,450,7,42.9,3.3,5.1,66.8,4.6
2026-04-22T04:54:52,450,6.6,51.9,3.9,8.6,56.2,4.8
2026-04-22T06:54:58,1755,9.7,54.3,5,12,45.5,4.8
2026-04-22T08:54:19,1155,12.8,41.7,4.7,10,54.1,5.1
2026-04-22T10:53:44,1245,14.7,38.2,4.8,10.3,53,5.1
2026-04-22T12:54:13,1260,15.5,37.9,5,10.5,54.7,5.3
2026-04-22T14:53:34,1125,17.3,32.8,4.8,11.3,51.8,5.3
2026-04-22T16:54:06,960,15.2,35.6,4.6,10.6,53.4,5.2
2026-04-22T18:53:24,615,13.1,39.9,4.6,9.2,61.2,5.5
2026-04-22T20:53:53,945,9.9,32.3,3,8.6,39.7,3.4
2026-04-22T22:54:41,885,7.9,34.1,2.8,4.5,48.4,3.2
2026-04-23T00:54:40,480,5.5,34.5,2.4,2.2,50.9,2.9
2026-04-23T02:55:01,435,3.5,38.5,2.4,0.9,55.8,2.9
2026-04-23T04:54:26,900,3,44.6,2.7,4.3,45.9,3
2026-04-23T06:54:52,1305,7.1,38.6,3,7.8,38.7,3.2
2026-04-23T08:55:21,1545,11.9,29.3,3.1,8.8,35.9,3.1
2026-04-23T10:56:06,1620,15.6,23,3.1,8.4,35.7,3
2026-04-23T12:56:07,1785,17.9,20.5,3.1,8.1,36.5,3
2026-04-23T14:56:00,1185,17.8,20.2,3.1,9.2,37,3.3
2026-04-23T16:55:41,915,15.4,22.6,3,9.1,38.2,3.4
2026-04-23T18:54:53,450,13.2,23.2,2.7,6.5,47.4,3.6
2026-04-23T20:54:47,435,9.6,22.9,2.1,3.9,58.1,3.7
2026-04-23T22:55:35,435,7.1,26.3,2.1,2.7,66,3.8
2026-04-24T00:55:59,450,5.7,30.8,2.2,2.2,71.1,4
2026-04-24T02:55:29,435,4.3,34.7,2.3,1.4,76.6,4.1
2026-04-24T04:55:20,435,4.4,52.4,3.4,4.3,74.8,4.9
2026-04-24T06:54:37,1485,8.4,57,4.8,12.1,46,4.9
2026-04-24T08:54:10,1965,15.9,32.3,4.4,14.7,32.4,4.1
2026-04-24T10:53:50,1770,20.8,21.7,3.9,11.5,36.7,3.8
2026-04-24T12:53:12,1740,21.1,18.7,3.4,11.2,32.9,3.3
2026-04-24T14:53:39,1410,20.2,17.4,3,11,31.8,3.2
2026-04-24T16:54:15,885,16.6,20.9,3,9.8,36.6,3.4
2026-04-24T18:53:26,510,13.7,22.2,2.6,7,44,3.4
2026-04-24T20:53:12,450,10.1,21.6,2,3.4,55.6,3.4
2026-04-24T22:53:50,450,7.3,23.9,1.9,3.6,60.1,3.7
2026-04-25T00:54:23,435,6.9,29.2,2.2,4.5,64.4,4.2
2026-04-25T02:54:39,450,7,37.9,2.9,5.2,65.7,4.5
2026-04-25T04:54:20,420,7.5,43.2,3.5,5.5,86.5,6.1
2026-04-25T06:54:18,435,8.4,40.2,3.4,6.7,86.1,6.5
2026-04-25T08:54:33,1395,11.1,58.7,5.9,11.1,60.8,6.1
2026-04-25T10:54:36,780,14.2,43.6,5.3,9.5,67.9,6.2
2026-04-25T12:54:59,630,13.5,45.7,5.3,8.7,74.2,6.4
2026-04-25T14:55:06,1065,13.7,43.5,5.1,8.4,66.6,5.6
2026-04-25T16:55:18,885,12.1,37,4,5.9,63,4.5
2026-04-25T18:54:40,480,7.9,51.8,4.3,1.9,96.1,5.3
2026-04-25T20:54:13,465,4.9,60.6,4.1,1.3,94.3,5
2026-04-25T22:53:50,420,3.8,67.1,4.2,0.6,98.1,5
2026-04-26T00:53:25,420,3,63.4,3.8,0.6,86.5,4.4
2026-04-26T02:52:49,420,2.4,57.8,3.3,0.4,77.2,3.8
2026-04-26T04:52:08,540,2.6,55.5,3.2,1.5,68.8,3.7
2026-04-26T06:52:55,930,4.7,43.1,2.9,3.8,50.5,3.2
2026-04-26T08:53:15,1695,9.2,28.3,2.5,6.3,33.5,2.5
2026-04-26T10:53:47,1500,11.2,23.5,2.4,5.9,33.4,2.4
2026-04-26T12:52:58,1410,11.8,22.6,2.4,6.8,32,2.4
2026-04-26T14:52:31,1125,11.1,21.5,2.2,6.7,31.1,2.4
2026-04-26T16:52:11,975,10.5,23.3,2.3,6.5,33.7,2.5
2026-04-26T18:52:15,435,8.2,27.7,2.3,4.3,44.6,2.9
2026-04-26T20:52:59,420,6.1,29.8,2.2,2.4,52.5,3
2026-04-26T22:52:58,420,4,37.4,2.4,1.3,59.9,3.2
2026-04-27T00:52:47,420,3.2,44.5,2.7,1.6,59.9,3.2
2026-04-27T02:52:20,435,2.8,47.7,2.8,0.6,68.4,3.5
2026-04-27T04:51:46,945,3.2,51.3,3.1,4.4,53.2,3.5
2026-04-27T06:51:18,1440,7.3,43.9,3.5,8.6,41.2,3.5
2026-04-27T08:51:54,1875,13.1,25.5,2.9,9.5,30.3,2.8
2026-04-27T10:52:11,1605,15.8,21.7,2.9,9,33.1,2.9
2026-04-27T12:51:56,1560,17.1,20.1,2.9,8.6,34.2,2.9
2026-04-27T14:52:00,1020,14.8,23.4,3,7.4,41.6,3.3
2026-04-27T16:52:50,420,11.9,32.5,3.4,5.2,62.3,4.3
2026-04-27T18:52:16,450,9.8,35.9,3.3,4,67.5,4.3
2026-04-27T20:52:15,450,7.4,35.2,2.8,2.7,60.9,3.5
2026-04-27T22:51:50,450,5.2,39.2,2.7,1.8,64.2,3.5
2026-04-28T00:50:53,435,3.7,42.5,2.6,1.1,63.6,3.3
2026-04-28T02:51:40,435,2.5,47.3,2.7,0.8,66.6,3.4
2026-04-28T04:51:06,825,3.1,54.4,3.3,4.6,56.2,3.7
2026-04-28T06:51:47,1695,7.4,45.1,3.6,8,42,3.5
2026-04-28T08:51:19,1665,11.3,28.2,2.9,7.3,36.1,2.9
2026-04-28T10:51:14,1215,12.4,26.4,2.9,6.2,41.8,3.1
2026-04-28T12:50:40,1215,12.5,25.4,2.8,6.7,39.3,3
2026-04-28T14:49:57,1155,12.4,25.7,2.8,6.5,40.5,3
2026-04-28T16:50:04,900,10.7,27.4,2.7,6,42.3,3.1
2026-04-28T18:49:52,720,8.5,30.5,2.6,4.4,46.8,3.1
2026-04-28T20:49:42,480,6.4,31.4,2.3,1.9,54.5,3
2026-04-28T22:49:49,420,4.7,39.4,2.6,2.8,55.7,3.3
2026-04-29T00:49:05,480,4.8,41.3,2.8,2.8,55.9,3.3
2026-04-29T02:48:19,495,4.8,41.9,2.8,2.4,58.5,3.3
2026-04-29T04:48:37,870,4.9,44,3,3.7,53.7,3.3
2026-04-29T06:48:34,1575,8,35.9,3,6.8,39,3
2026-04-29T08:47:39,2025,14.3,26.8,3.3,11.3,29.9,3
2026-04-29T10:47:44,2325,19.8,19.1,3.3,8.9,32.6,2.9
2026-04-29T12:47:04,2055,21.7,16.1,3.1,8.7,32.9,2.8
2026-04-29T14:46:45,1725,21.4,14.8,2.8,9.6,29.5,2.7
2026-04-29T16:46:21,975,18.6,15.9,2.5,9.6,31.1,2.8
2026-04-29T18:46:21,510,14.8,17.8,2.3,6.6,39.5,3
2026-04-29T20:45:44,450,11.6,17.3,1.8,3.8,46,2.9
2026-04-29T22:46:19,450,8.1,17.1,1.4,1.5,54.3,2.9
2026-04-30T00:46:00,450,5.7,19,1.4,1.3,58.2,3.1
2026-04-30T02:46:52,450,5.2,22.8,1.6,2.7,61.8,3.6
2026-04-30T04:46:34,420,5.9,29.9,2.2,4.1,66.1,4.2
2026-04-30T06:45:59,450,8,48,4,8.1,68.6,5.7
2026-04-30T08:45:11,465,12,51.5,5.5,10.7,71.6,7
2026-04-30T10:44:32,2220,18.8,48.8,7.9,15.7,52.7,7
2026-04-30T12:45:13,1515,23.6,32.4,6.9,15.7,52.4,7
2026-04-30T14:45:33,1080,24.6,28.4,6.4,16.3,50.6,7
2026-04-30T18:46:36,510,20.8,32.4,5.9,13.2,64.4,7.4
2026-04-30T20:46:35,450,18.1,36,5.6,12.1,65.6,7
2026-04-30T22:46:07,450,15.3,40.5,5.3,9.7,74.3,6.8
2026-05-01T00:46:16,465,12.8,44.3,5,8,79.8,6.6
2026-05-01T02:46:53,450,10.8,43,4.2,6.3,83.9,6.2
2026-05-01T04:46:08,450,9.6,57.4,5.3,12.7,67.9,7.6
2026-05-01T06:45:46,1725,13,71.9,8.2,21.3,42.7,8
2026-05-01T08:46:09,2295,21,42.5,7.8,23.8,32.1,6.9
2026-05-01T10:46:30,2505,27.9,26.5,7.2,20.1,35.3,6.1
2026-05-01T12:45:55,2490,32,19.8,6.7,19.9,33.4,5.7
2026-05-01T14:46:13,1890,32.4,16.6,5.7,20.6,30.5,5.5
2026-05-01T16:46:05,1095,29.9,19.7,5.9,19.4,39.5,6.6
2026-05-01T18:46:19,945,25.7,19.5,4.7,15.6,40,5.3
2026-05-01T20:47:01,525,20.3,22.6,4,11.4,57.3,5.9
2026-05-01T22:46:53,465,16.5,23.2,3.3,7.9,70,5.7
2026-05-02T00:47:19,450,12.3,25.2,2.7,5.3,78.3,5.4
2026-05-02T02:47:09,450,9,28.2,2.5,3.9,84.3,5.3
2026-05-02T04:47:20,450,7.6,46.4,3.7,10.1,73.8,7
2026-05-02T06:47:10,1170,11.7,65.8,6.9,20.4,41.9,7.4
2026-05-02T08:47:38,3195,20.2,51.1,8.9,24.6,31.3,7
2026-05-02T10:48:39,2385,29.6,26.1,7.8,21.4,36.2,6.8
2026-05-02T12:48:54,2280,32,20.7,7,19.7,36.5,6.2
2026-05-02T14:48:55,1725,29.9,19.7,5.9,18.4,37.1,5.8
2026-05-02T16:48:40,1095,26.2,19.1,4.7,17.9,34.1,5.2
2026-05-02T18:48:57,525,22.8,22.6,4.6,14.2,51.6,6.3
2026-05-02T20:48:44,465,18.9,25.1,4.1,10.1,67.9,6.4
2026-05-02T22:49:28,465,15.2,30.6,4,7.8,80.3,6.6
2026-05-03T00:50:02,465,12.7,34.6,3.9,6.9,87.4,6.7
2026-05-03T02:50:11,450,10.7,33.8,3.3,5.6,88,6.2
2026-05-03T04:49:43,450,9.9,48.5,4.5,9.3,80.6,7.2
2026-05-03T06:49:51,930,12.6,59.1,6.5,11.9,69.9,7.4
2026-05-03T08:49:18,1365,15.9,54.6,7.4,14,63.9,7.7
2026-05-03T10:49:26,1710,20.3,44.8,7.9,17.1,52.9,7.7
2026-05-03T12:48:50,1680,24.1,34,7.4,17.4,49.6,7.3
2026-05-03T14:49:13,1230,26.1,27,6.6,17.5,47.7,7.1
2026-05-03T16:48:35,915,24.3,27.5,6.1,15.9,51.3,6.9
2026-05-03T18:48:49,540,21.5,31,5.8,14,59.4,7.2
2026-05-03T20:48:27,465,19.2,32.5,5.4,12.6,66.2,7.3
2026-05-03T22:48:32,690,16.8,38.2,5.5,11.7,61.8,6.5
2026-05-04T00:49:05,825,14.8,35.9,4.5,10.3,55,5.3
2026-05-04T02:49:15,630,13.2,34.1,3.9,8.3,55.5,4.7
2026-05-04T04:49:48,525,11.5,40.9,4.2,12.7,46.7,5.2
2026-05-04T06:49:46,1935,14.1,46.9,5.7,16.9,37.4,5.4
2026-05-04T08:49:14,1170,18.3,34.8,5.4,14.8,46.4,5.9
2026-05-04T10:49:13,765,17.8,42.6,6.5,11.7,73,7.6
2026-05-04T12:49:20,945,17.4,52.3,7.7,11.7,84.1,8.8
2026-05-04T14:49:02,1245,18.9,49.3,8,12.3,78,8.5
2026-05-04T16:49:30,450,17.7,45.6,6.9,11.8,80.3,8.4
2026-05-04T18:49:58,465,15.2,46.3,6,10.2,87.6,8.3
2026-05-04T20:50:20,450,12.8,48.4,5.4,8.6,91.9,7.9
2026-05-04T22:50:01,450,11.1,57.2,5.8,7.6,100,8.1
2026-05-05T00:50:07,465,10.1,58.8,5.6,6.7,100,7.6
2026-05-05T02:50:45,450,9.3,61.9,5.6,5.8,100,7.2
2026-05-05T04:50:20,450,8.8,66.2,5.8,7.7,92.3,7.5
2026-05-05T06:50:38,1425,10.3,69.1,6.6,15.1,52.6,6.8
2026-05-05T08:49:52,2760,15.4,51.9,6.8,17.2,39.4,5.8
2026-05-05T10:49:02,1725,20.4,27.1,4.8,13,41.1,4.7
2026-05-05T12:49:00,2130,21.5,23.8,4.5,12,38.4,4.1
2026-05-05T14:49:02,1935,20.7,21.6,3.9,11.7,35,3.7
2026-05-05T16:49:29,930,17.5,21.8,3.2,9.4,40.9,3.7
2026-05-05T18:48:33,465,13.7,23.4,2.8,6.8,46.9,3.6
2026-05-05T20:49:03,465,9.9,23.7,2.2,3.9,58.3,3.7
2026-05-05T22:49:19,450,6.9,25.4,2,1.4,69.7,3.7
2026-05-06T00:48:51,435,4.7,27.3,1.8,0,76,3.7
2026-05-06T02:49:00,450,2.5,29.8,1.7,-1,82.9,3.8
2026-05-06T04:48:32,435,1.6,51.2,2.8,7.7,65,5.3
2026-05-06T06:49:11,1275,4.9,64.6,4.4,15,35.8,4.6
2026-05-06T08:50:05,2760,13.2,36.9,4.2,12.9,31.7,3.6
2026-05-06T12:51:10,1905,22.7,19,3.8,12.6,33,3.6
2026-05-06T14:51:22,1305,21.3,18.9,3.5,10.8,37.7,3.7
2026-05-06T16:51:12,735,17.1,22.5,3.3,10.2,40.9,3.9
2026-05-06T18:50:57,510,14,24.7,3,7.7,50.5,4.1
2026-05-06T20:50:24,450,9.7,24.3,2.2,3.8,63.6,4
2026-05-06T22:50:20,435,6.2,29.2,2.1,3.3,55,3.3
2026-05-07T00:50:12,450,3.9,29.9,1.9,1.4,57.8,3.1
2026-05-07T02:50:24,435,2.2,34.2,1.9,1.1,59.8,3.1
2026-05-07T04:51:27,450,2.3,43.1,2.4,6.3,47.5,3.5
2026-05-07T06:51:49,1650,6.8,53.9,4.1,17.2,27.7,4.1
2026-05-07T08:51:15,3135,17,31.6,4.6,19.7,21.2,3.6
2026-05-07T10:51:51,3315,25.5,17.8,4.2,14.5,25.3,3.1
2026-05-07T12:51:39,2850,26.4,14.5,3.6,12.9,26.6,3
2026-05-07T14:50:57,2160,24.9,13.2,3,12.1,25.5,2.7
2026-05-07T16:51:46,1170,20.3,15.7,2.8,11,29.7,3
2026-05-07T18:51:05,510,16.4,17.8,2.5,8.7,35,3
2026-05-07T20:50:34,510,11.4,19.3,2,6.3,43,3.2
2026-05-07T22:50:12,435,8.7,25.7,2.2,5.4,48.6,3.4
2026-05-08T00:50:19,435,6.6,33.8,2.6,4.4,56.4,3.7
2026-05-08T02:50:09,480,5,38.7,2.6,3,63.2,3.8
2026-05-08T04:49:30,735,5.6,52.1,3.7,9.2,48,4.3
2026-05-08T06:49:06,1710,10.8,42.1,4.2,14.9,32,4.1
2026-05-08T08:49:12,1725,17.9,25.5,3.9,15.9,28.2,3.8
2026-05-08T10:48:59,2340,23.6,15.5,3.3,13.6,24.6,2.9
2026-05-08T12:48:11,2220,26.6,12.5,3.1,13.9,23.7,2.8
2026-05-08T14:47:27,1980,27.3,12.2,3.2,14.2,24.5,3
2026-05-08T16:46:33,1335,24.8,13.9,3.2,12.9,29.7,3.3
2026-05-08T18:46:29,735,20.2,17.3,3,10.5,36.8,3.6
2026-05-08T20:46:17,510,14.3,18,2.2,5.8,49.9,3.6
2026-05-08T22:45:49,450,9.5,18.2,1.7,3.3,60.6,3.7
2026-05-09T00:46:00,450,5.7,20.9,1.5,1.3,69.7,3.7
2026-05-09T02:45:31,450,2.9,27,1.6,0.6,74.5,3.8
2026-05-09T04:46:03,435,3.1,45,2.7,7.7,60.1,4.9
2026-05-09T06:45:31,2340,8.5,55.9,4.8,13.4,35.9,4.2
2026-05-09T08:45:07,2985,17.4,28.4,4.2,14.8,27,3.4
2026-05-09T10:44:58,3045,23.9,18.6,4,13.7,27,3.2
2026-05-09T12:45:29,3075,26,14.9,3.6,12.9,25.6,2.9
2026-05-09T14:45:53,1620,24.4,14.6,3.2,12.8,29,3.2
2026-05-09T16:46:48,1035,21.8,15.3,2.9,12.2,30.5,3.3
2026-05-09T18:46:01,510,18.1,16.8,2.6,10.8,33.5,3.3
2026-05-09T20:45:52,435,14.7,16.5,2.1,8.6,35.8,3.1
2026-05-09T22:46:20,435,10.4,16.9,1.6,4.8,46.7,3.1
2026-05-10T00:46:02,435,6.8,19.2,1.5,3.3,57.1,3.5
2026-05-10T02:45:13,420,4.2,23.4,1.5,2.1,65.1,3.6
2026-05-10T04:45:38,435,4.1,43.8,2.8,10.2,56.5,5.4
2026-05-10T06:45:59,1065,9.7,55.8,5.1,17.4,38.3,5.7
2026-05-10T08:46:58,2955,18.2,39.1,6.1,16.8,34.5,4.9
2026-05-10T10:46:29,2940,26.1,22,5.4,14.6,35.8,4.5
2026-05-10T14:46:24,840,24.8,19.3,4.4,13,45.1,5.1
2026-05-10T16:46:00,525,21.6,21.1,4,12.1,50,5.4
2026-05-10T18:45:40,465,19.3,20.6,3.4,11.1,57.8,5.8
2026-05-10T20:45:08,450,16.9,23.7,3.4,10.2,65.2,6.2
2026-05-10T22:45:34,450,15.1,28.4,3.7,9.8,69.7,6.5
2026-05-11T00:46:26,450,13.7,33,3.9,9.3,71.6,6.4
2026-05-11T02:46:06,450,12.3,34,3.7,7.5,77,6.2
2026-05-11T04:46:12,450,11,49.1,4.9,11.4,59.6,6.1
2026-05-11T06:45:25,1575,13.7,53.1,6.3,13,55.1,6.2
2026-05-11T08:45:02,2415,18.2,41.8,6.5,15.9,41.4,5.6
2026-05-11T10:44:59,1605,23.6,28.1,6,14.8,47.1,6
2026-05-11T12:44:18,1395,23.6,27.5,5.8,14.6,48.9,6.1
2026-05-11T14:44:41,1110,23.4,27.3,5.7,13.8,52.8,6.3
2026-05-11T16:45:27,465,21,28.2,5.2,12.5,59.9,6.6
2026-05-11T18:45:28,465,18.9,28.2,4.6,11.8,65.4,6.9
2026-05-11T20:46:15,465,16.7,31,4.4,11,70.4,7
2026-05-11T22:46:58,450,14.9,30.9,3.9,10.6,75.1,7.3
2026-05-12T00:46:04,435,13.4,36.3,4.2,10.9,71.3,7.1
2026-05-12T02:46:43,450,12.4,38,4.2,9.5,76.6,7
2026-05-12T04:46:13,450,12.1,38.5,4.1,10.6,71.8,7
2026-05-12T06:46:12,450,13.5,48.4,5.7,12,67.7,7.2
2026-05-12T08:46:14,735,14.9,48.7,6.2,12.3,67.6,7.3
2026-05-12T10:45:40,510,15.5,49.3,6.5,11,89.3,8.9
2026-05-12T12:45:42,735,16,51.6,7,13.9,69.4,8.3
2026-05-12T14:45:03,735,16.2,51,7,14.4,67.1,8.3
2026-05-12T16:44:46,930,16.4,52.1,7.3,14.8,64.7,8.2
2026-05-12T18:44:08,720,15.9,51.5,7,13.8,69.2,8.2
2026-05-12T20:43:32,510,14.7,53.6,6.7,12.9,73.5,8.3
2026-05-12T22:43:38,465,13.6,53.6,6.3,12,78.8,8.4
2026-05-13T00:44:05,465,12.8,56.8,6.4,12.1,76.1,8.2
2026-05-13T02:44:37,465,12.4,58.5,6.4,11,81.4,8.1
2026-05-13T04:45:01,465,12.3,63.3,6.9,11,85.9,8.6
2026-05-13T06:45:47,990,14,70.5,8.5,13.1,83,9.5
2026-05-13T08:45:02,1245,16.3,69.6,9.7,14.4,83.3,10.3
2026-05-13T10:44:57,2280,19.6,64.8,10.9,17.5,64.6,9.6
2026-05-13T12:45:31,1545,23.7,45.3,9.7,17.2,67.1,9.8
2026-05-13T14:45:51,735,21.7,43.9,8.4,15.8,73.8,9.9
2026-05-13T16:45:54,510,19.5,46.7,7.8,14.6,80.5,10.1
2026-05-13T18:45:49,465,17.6,55.3,8.3,13.1,98.4,11.2
2026-05-13T20:44:55,465,16.1,54,7.4,12.6,100,11.1
2026-05-13T22:45:18,495,14.3,58,7.1,8.7,100,8.6
2026-05-14T00:44:52,510,12.1,58.3,6.2,7.3,100,7.9
2026-05-14T02:45:22,450,10.4,63.7,6.1,7.2,100,7.8
2026-05-14T04:44:52,450,9.7,68,6.3,7.4,98.8,7.9
2026-05-14T06:45:06,1020,10.2,71.8,6.8,8.1,90.4,7.5
2026-05-14T08:44:31,1725,11.6,68.5,7.1,10.6,71.6,7
2026-05-14T12:44:23,1710,19.7,41.7,7.1,12.8,61.8,6.9
2026-05-14T14:44:48,1470,21,37.2,6.8,12.7,62.6,7
2026-05-14T18:44:38,525,15.4,40.9,5.4,10.3,72.5,6.9
2026-05-14T20:43:54,450,12.1,41.9,4.5,8.8,79.6,6.9
2026-05-14T22:44:13,450,9.6,46.2,4.2,7.6,83.9,6.8
2026-05-15T00:43:59,450,7.7,49.7,4,7.5,90,7.2
2026-05-15T02:43:19,450,6.7,56.9,4.3,7.4,90.5,7.2
2026-05-15T04:43:05,450,6.9,62.5,4.8,11.6,74.9,7.8
2026-05-15T06:42:23,1425,10.4,76.2,7.3,15.1,58.4,7.5
2026-05-15T08:41:45,3000,16.8,57.1,8.2,15.9,47.5,6.4
2026-05-15T10:41:21,2385,22.3,33.4,6.6,15.6,43.4,5.8
2026-05-15T12:40:41,1935,23.4,30.3,6.4,15.6,45,6
2026-05-15T14:41:04,1485,23.7,28,6,17.2,41.9,6.1
2026-05-15T16:40:30,945,22.4,28.9,5.7,16.8,45.1,6.4
2026-05-15T18:39:55,525,19.2,31.7,5.2,13.8,55.1,6.6
2026-05-15T20:40:11,465,15.6,32.2,4.3,10.8,67.3,6.6
2026-05-15T22:40:39,465,12.7,35.6,4,10.1,73,6.9
2026-05-16T00:41:27,450,11.2,42,4.3,10.1,74.9,7.1
2026-05-16T02:40:48,450,10.4,48.6,4.7,9.4,78.1,7.1
2026-05-16T04:40:15,450,10.4,58.9,5.7,10.1,79.7,7.5
2026-05-16T06:39:54,630,11.8,64.3,6.8,12,76.1,8.1
2026-05-16T08:39:37,1740,14.8,65.7,8.3,15.3,62.5,8.2
2026-05-16T10:40:19,2265,18.5,51.3,8.1,17.7,47.5,7.2
2026-05-16T12:40:18,2475,26.2,30.5,7.5,17.7,42.8,6.5
2026-05-16T14:40:59,2115,26.4,25.4,6.3,18.4,36.7,5.8
2026-05-16T16:40:18,1080,24.3,24.9,5.5,17.7,40.4,6.1
2026-05-16T18:39:50,465,20.1,29.2,5.1,13.1,56,6.4
2026-05-16T20:39:47,450,16.5,29.4,4.1,11.1,64.7,6.5
2026-05-16T22:40:01,450,13.7,33.3,3.9,10.4,79.3,7.6
2026-05-17T00:39:52,450,11.8,36.9,3.9,8.5,84.9,7.2
2026-05-17T02:40:43,465,10.1,46.5,4.4,7.8,93.1,7.6
2026-05-17T04:39:55,450,9.6,63,5.8,11.5,79.4,8.2
2026-05-17T06:39:53,1425,11.3,73.6,7.5,14.5,62.2,7.7
2026-05-17T08:39:00,2340,18.6,54.6,8.7,17.5,51.1,7.6
2026-05-17T10:38:30,2355,24.9,30.5,7,16.3,44.4,6.2
2026-05-17T12:38:05,2235,26.2,25.9,6.4,15.8,42.7,5.7
2026-05-17T14:37:38,1785,26,23,5.6,15.5,41.1,5.4
2026-05-17T16:37:54,945,23.1,26.7,5.5,14.4,50.9,6.3
2026-05-17T18:37:46,525,19.2,29.9,4.9,12.4,55.2,6
2026-05-17T20:38:14,525,14.9,29.2,3.7,8.7,68.2,5.9
2026-05-17T22:37:52,450,10.4,31.5,3,6,81.6,5.9
2026-05-18T00:38:23,450,7.1,36,2.8,4.3,88,5.7
2026-05-18T02:37:46,435,4.9,44.1,3,3.6,90.6,5.6
2026-05-18T04:38:34,450,5.4,78.2,5.5,11,77.7,7.8
2026-05-18T06:38:37,1920,10.1,83.9,7.9,18.8,46.2,7.4
2026-05-18T08:38:36,2910,19.1,46.5,7.6,21.7,33.3,6.4
2026-05-18T10:38:57,2715,27.9,24,6.5,20.5,31.3,5.6
2026-05-18T12:39:10,2175,31.2,18.1,5.9,20.2,30.3,5.3
2026-05-18T14:39:22,1455,29.8,17.2,5.2,20.4,30,5.3
2026-05-18T16:39:06,750,25.9,21,5.1,19,36.9,6
2026-05-18T18:39:38,525,22.5,25,5,17.4,41.3,6.1
2026-05-18T20:38:53,480,19.6,28.1,4.7,16,48,6.5
2026-05-18T22:38:46,450,17.6,36.4,5.5,13.7,71.1,8.4
2026-05-19T00:39:19,450,15.7,50.6,6.8,12.3,80.7,8.8
2026-05-19T02:40:04,450,14.4,58.8,7.3,11.6,89.8,9.3
2026-05-19T04:40:05,630,13.9,70.3,8.4,13.1,88.4,10.1
2026-05-19T06:39:33,870,14.5,77.5,9.6,14.9,86.9,11.1
2026-05-19T08:38:50,1530,16.8,81.6,11.7,17,81.5,11.8
2026-05-19T10:38:49,1365,19.9,67.5,11.6,18.7,75.7,12.1
2026-05-19T12:38:28,2040,23.4,62.4,13.1,21.5,64.3,12.1
2026-05-19T14:38:54,1290,27.1,42,10.9,22.9,56.7,11.6
2026-05-19T16:39:35,990,25.1,45,10.4,21.6,62.3,11.8
2026-05-19T18:39:06,945,22.6,50.9,10.2,19.7,68.4,11.6
2026-05-19T20:38:59,540,19.7,53.2,9,17.1,78.5,11.4
2026-05-19T22:39:06,465,17.1,55,8,14.8,91.7,11.6
2026-05-20T00:39:22,450,15.1,62.1,8,13.1,96.2,11
2026-05-20T02:40:06,465,14.1,63.9,7.8,12,95.4,10.2
2026-05-20T04:40:27,465,13.6,69.7,8.2,11.8,97.1,10.2
2026-05-20T06:40:03,900,14.3,73.9,9.1,12.7,93.3,10.4
2026-05-20T08:39:50,1725,17.2,75,11,16.3,76.9,10.7
2026-05-20T10:39:06,1335,21.3,55.7,10.4,17.9,71.5,10.9
2026-05-20T12:39:49,1110,21.5,50.3,9.5,16.7,73.2,10.4
2026-05-20T14:39:44,1035,21,50.7,9.3,16.7,72.2,10.3
2026-05-20T16:40:04,1185,21.2,50.2,9.3,16.7,70.5,10
2026-05-20T18:39:27,1065,19.9,52.4,9,15.3,76.4,10
2026-05-20T20:39:59,510,16.5,51.5,7.2,12,86.4,9.2
2026-05-20T22:39:42,465,13.6,52.8,6.2,10.2,92.5,8.8
2026-05-21T00:40:10,465,11.8,59.6,6.3,10.3,94.8,9.1
2026-05-21T02:40:44,465,11.3,65.1,6.6,10.5,95.4,9.2
2026-05-21T04:40:40,630,11.8,79.5,8.4,13.1,87.6,10
2026-05-21T06:40:26,1395,14.4,84.1,10.4,17.7,71.2,10.7
2026-05-21T08:39:56,1905,19.8,64.9,11.1,18.8,65.5,10.5
2026-05-21T10:40:19,1215,21.3,55.8,10.4,17.4,75.3,11.2
2026-05-21T12:40:34,1215,21.6,51.8,9.8,16.6,74.3,10.5
2026-05-21T14:41:24,1380,20.7,63,11.3,16.4,84.5,11.8
2026-05-21T16:41:17,1245,21.4,50.9,9.5,16.4,73.4,10.2
2026-05-21T18:40:28,1125,19.3,50.1,8.3,14.7,72,9.1
2026-05-21T20:41:11,525,15.7,52.4,7,11.3,87.6,8.9
2026-05-21T22:40:46,465,12.9,54.5,6.1,9.8,94.3,8.7
2026-05-22T00:40:14,465,11.2,58.5,5.9,9.4,96.4,8.7
2026-05-22T02:39:43,465,10.1,64.5,6.1,9.5,94.8,8.6
2026-05-22T04:39:43,495,10.4,76.9,7.4,11.4,88.9,9.1
2026-05-22T06:39:02,1860,14.6,78.9,9.9,19.3,56.9,9.4
2026-05-22T08:38:17,1095,17.5,60.5,9,16.5,70.4,9.9
2026-05-22T10:37:56,1380,19.3,58.5,9.7,18.9,62.2,10.1
2026-05-22T12:37:11,1035,20,58.6,10.1,15.3,86.5,11.3
2026-05-22T14:36:45,1005,18.5,68.1,10.8,15.3,92.6,12.1
2026-05-22T16:37:04,1065,19,70.8,11.5,15.9,94,12.7
2026-05-22T18:37:44,1050,18.3,64,10,14.4,90.5,11.2
2026-05-22T20:37:58,525,16.3,64.5,8.9,12.7,98.7,11
2026-05-22T22:38:32,480,14,63.6,7.7,10.9,98.8,9.8
2026-05-23T00:38:55,465,12.1,67.2,7.2,9.9,100,9.3
2026-05-23T02:39:32,465,10.8,72.7,7.2,10.1,100,9.5
2026-05-23T04:39:23,480,11,88.1,8.8,15.6,87.8,11.7
2026-05-23T06:39:33,1695,14.4,94.7,11.7,24.7,50.7,11.5
2026-05-23T08:39:03,2070,22.1,57.1,11.1,28.2,37.1,10.2
2026-05-23T10:39:14,1830,27.7,33,8.8,25.4,36,8.5
2026-05-23T12:38:16,1800,28.7,30,8.5,25.3,34.8,8.1
2026-05-23T14:38:22,1485,27.9,28.8,7.8,24.5,35.7,8
2026-05-23T16:38:42,1110,25.2,32.9,7.7,22.4,42.2,8.4
2026-05-23T18:38:55,525,21.5,40.5,7.6,17.9,61.9,9.4
2026-05-23T20:38:48,480,18,46.5,7.1,14,81.8,9.9
2026-05-23T22:39:36,465,15.5,50,6.6,12.4,91.7,10
2026-05-24T00:39:15,465,14.3,53.6,6.6,12.3,94.2,10.2
2026-05-24T02:40:08,465,13.2,60.1,6.9,11.9,98.9,10.5
2026-05-24T04:39:24,465,13.2,73.3,8.4,15.5,82.8,10.9
2026-05-24T06:39:51,1830,15.8,71.4,9.6,21,50.3,9.2
2026-05-24T08:39:30,1575,20.2,48.9,8.5,20.2,49.2,8.6
2026-05-24T10:39:16,1620,22.9,41.4,8.5,20,48.9,8.4
2026-05-24T12:38:37,1575,24.7,35.5,8,19.3,48.7,8.1
2026-05-24T14:37:41,1425,24.4,32.6,7.3,19.2,45.9,7.6
2026-05-24T16:37:03,1080,22.2,33.9,6.7,18.1,47.3,7.3
2026-05-24T18:37:57,945,19.6,38.1,6.4,16.6,51.9,7.3
2026-05-24T20:38:17,480,16.6,41.8,5.9,14.4,60.4,7.5
2026-05-24T22:37:52,465,14.4,44.3,5.5,13.2,65.6,7.5
2026-05-25T00:38:47,480,12.8,47.6,5.3,12.5,70.9,7.8
2026-05-25T02:38:58,480,12.3,58.1,6.3,13,68.5,7.8
2026-05-25T04:39:31,1125,12.5,60,6.6,12.4,65.5,7.2
2026-05-25T06:40:04,1725,14.4,51.9,6.4,16,46.2,6.3
2026-05-25T08:40:31,1770,20,35.3,6.1,19.9,34.5,5.9
2026-05-25T10:41:07,2070,24.4,23.6,5.3,18.1,31.3,4.8
2026-05-25T12:41:54,1710,25.8,21.3,5.1,17.1,34.5,5
2026-05-25T14:41:21,1380,24,21.9,4.8,16.2,36.1,5
2026-05-25T16:40:48,1080,20.2,25.2,4.4,14.9,38.3,4.9
2026-05-25T18:41:26,840,17.6,29.8,4.5,13.2,45.1,5.2
2026-05-25T20:41:22,525,14.3,33.3,4.1,10.9,53.6,5.3
2026-05-25T22:41:47,465,11.9,36.4,3.9,9.5,61.7,5.6
2026-05-26T00:41:55,465,10.1,42.9,4.1,8.5,67.7,5.8
2026-05-26T02:42:26,465,8.9,51.7,4.5,8.9,70.5,6.2
2026-05-26T04:42:24,885,9.7,62.2,5.7,14.8,51.4,6.5
2026-05-26T06:41:44,1785,13.7,54,6.4,19.9,36.2,6.2
2026-05-26T08:41:10,1935,20.6,33.9,6.1,21.7,30.1,5.7
2026-05-26T10:41:29,1950,25.9,24.4,5.9,19.2,33.7,5.6
2026-05-26T12:40:47,1590,26.1,23.2,5.7,18.6,36,5.7
2026-05-26T14:41:25,1275,25.5,23.2,5.5,17.1,40.4,5.9
2026-05-26T16:41:28,1080,21.8,27.3,5.2,16,42.4,5.8
2026-05-26T18:41:11,930,18.9,30.3,4.9,13.9,46.6,5.6
2026-05-26T20:41:23,465,15.7,34.3,4.6,11.3,57.5,5.9
2026-05-26T22:40:45,450,13.4,39.2,4.6,10,65.7,6.2
2026-05-27T00:40:26,450,11.3,44.9,4.6,7.9,76.9,6.3
2026-05-27T02:40:21,450,9.9,57.2,5.3,8.1,82.6,6.9
2026-05-27T04:40:32,840,10.4,67.5,6.5,10.4,77.9,7.5
2026-05-27T06:41:00,1380,12.8,63.5,7.1,13.4,63.5,7.4
2026-05-27T08:40:24,1800,18.8,40.2,6.5,16.5,44.5,6.2
2026-05-27T10:41:02,1275,20.6,38.4,6.9,12.8,65.3,7.3
2026-05-27T12:40:27,1110,18.6,46,7.3,10.6,82.2,8
2026-05-27T14:41:16,1035,17.9,43.3,6.6,12.2,68,7.3
2026-05-27T16:40:36,1095,17.8,40.4,6.1,13.5,57.2,6.7
2026-05-27T18:40:57,1170,15.3,33.8,4.4,12,44.9,4.8
2026-05-27T20:40:26,630,12.4,37.1,4.1,9.6,53,4.9
2026-05-27T22:40:23,510,10.3,47.3,4.5,8.8,66.3,5.8
2026-05-28T00:41:10,510,9.4,60,5.4,9.1,74.5,6.6
2026-05-28T02:41:00,915,9.2,64.8,5.8,8.7,75.7,6.5
2026-05-28T04:41:14,1155,9.4,64.6,5.8,11.8,60.1,6.3
2026-05-28T06:42:04,1560,14,42.9,5.2,14.2,42.6,5.2
2026-05-28T08:42:54,1395,17.2,35.8,5.2,16.7,38.2,5.4
2026-05-28T10:42:27,1530,21.5,26,4.9,15.7,37.1,5
2026-05-28T12:42:57,1395,20.8,25.4,4.6,15.5,36.1,4.8
2026-05-28T14:43:01,1170,19.1,25.5,4.2,14.4,36.4,4.5
2026-05-28T16:43:38,1095,17.5,28.2,4.2,14.1,37.9,4.6
2026-05-28T18:42:53,960,16.2,29.1,4,13.2,39.3,4.5
2026-05-28T20:42:50,525,14.4,33,4.1,11.8,50.2,5.3
2026-05-28T22:42:22,450,12.7,39.4,4.4,9.8,61.4,5.7
2026-05-29T00:42:37,450,10.9,44.2,4.4,8.4,66.5,5.6
2026-05-29T04:43:38,1050,10.2,60.1,5.7,14,52.2,6.3
2026-05-29T06:44:23,1725,15.1,45,5.8,18.8,35.2,5.7
2026-05-29T08:43:36,1545,19.3,28.4,4.7,17.5,32.1,4.8
2026-05-29T10:43:05,1905,24.2,23.6,5.2,17.7,32.6,4.9
2026-05-29T12:42:31,1650,26.3,21.3,5.3,17.4,35.5,5.3
2026-05-29T14:41:48,1350,25.6,21.2,5,17.4,35.7,5.3
2026-05-29T16:42:16,1005,23.1,23.7,4.9,16.2,39.9,5.5
2026-05-29T18:42:34,525,20.5,30.6,5.4,11.7,64.1,6.7
2026-05-29T20:41:58,510,17.7,30.8,4.6,10.6,68.7,6.7
2026-05-29T22:41:24,465,15.3,31.3,4.1,9.6,69.9,6.4
2026-05-30T00:41:00,465,12.6,36.6,4,8.7,70.7,6.1
2026-05-30T02:41:38,450,10.6,43.4,4.2,9.3,67.9,6.1
2026-05-30T04:42:08,825,11.2,56.9,5.8,16.4,47.7,6.7
2026-05-30T06:42:48,1635,16.3,49.4,6.9,23.5,32,6.8
2026-05-30T08:43:05,1920,24.9,27,6.2,24.9,25.6,5.9
2026-05-30T10:42:57,2355,31.4,18.9,6.2,21.2,29.3,5.4
2026-05-30T12:43:12,2355,34.9,15,5.9,21,28.6,5.2
2026-05-30T14:43:12,2160,35.1,13.5,5.4,21.8,25.4,4.9
2026-05-30T16:44:00,1470,31.9,14.8,5,21.2,27.7,5.1
2026-05-30T18:43:38,855,28.5,18.3,5.1,18.1,38.2,5.9
2026-05-30T20:44:11,540,23.8,20.1,4.3,13.3,64.8,7.5
2026-05-30T22:43:57,525,19.1,22.7,3.7,10.6,72.5,7.1
2026-05-31T00:44:48,465,14.9,26.8,3.4,9.4,80,7.2
2026-05-31T02:45:03,465,12.9,34.1,3.8,10.7,88.6,8.7
2026-05-31T04:44:45,465,14,40.4,4.9,11.5,89.2,9.2
2026-05-31T06:44:33,480,15.3,48.6,6.3,11.4,89.8,9.2
2026-05-31T08:43:46,1005,17.2,54.6,8,12.7,80.1,8.9
2026-05-31T10:44:16,1245,19.2,51.6,8.5,14,75.7,9.1
2026-05-31T12:43:58,1575,22.4,40.5,8,15.3,62.6,8.2
2026-05-31T14:44:29,1410,23.2,36.1,7.5,14.5,62.6,7.8
2026-05-31T16:45:20,1110,23.2,31.8,6.6,13.3,62.8,7.3
2026-05-31T18:45:34,810,20.9,34.1,6.2,12.3,66.5,7.2
2026-05-31T20:46:21,510,17,34.3,5,9.2,76.3,6.8
2026-05-31T22:46:34,465,13,35.1,4,7.3,84,6.6
2026-06-01T00:46:29,465,10.2,40.9,3.9,7.3,88.9,7
2026-06-01T02:45:42,450,9.2,55.8,5,9.2,88.2,7.9
2026-06-01T04:45:32,585,11.5,70.1,7.2,13.6,74.2,8.7
2026-06-01T06:44:54,2085,15.8,73.5,9.9,18.3,57.7,9
2026-06-01T08:45:08,1965,22.1,45.5,8.9,17.4,56.2,8.3
2026-06-01T10:44:36,2295,28.2,30.2,8.3,17.2,50.3,7.4
2026-06-01T12:44:33,1950,31.2,22.9,7.4,17.2,47.6,7
2026-06-01T14:44:12,1785,32.5,20.8,7.2,15.5,52.9,7
2026-06-01T16:44:26,1185,29.8,21.6,6.5,15.1,54.9,7.1
2026-06-01T18:44:05,810,25.5,26,6.2,13.9,59.6,7.1
2026-06-01T22:43:19,480,16.5,29.5,4.1,9.1,81.5,7.2
2026-06-02T00:42:52,465,14.2,35.6,4.3,9,84.8,7.5
2026-06-02T02:43:20,465,13.1,47.5,5.4,9.7,87.9,8.1
2026-06-02T04:43:32,585,14.3,62.8,7.7,15.6,70,9.3
2026-06-02T06:43:03,1665,17.6,62.8,9.4,17.9,60.9,9.3
2026-06-02T08:43:27,2145,23.5,49,10.4,22.8,46.5,9.4
2026-06-02T10:44:14,2115,30.4,29.8,9.2,21.7,44.4,8.5
2026-06-02T12:43:40,2160,35.1,23.8,9.5,20.8,47.4,8.6
2026-06-02T14:43:04,1575,34,20.9,7.9,19.9,46.4,8
2026-06-02T16:43:22,960,30.6,23.9,7.5,19,52,8.5
2026-06-02T18:43:11,615,26.6,28.6,7.2,17.5,58.4,8.7
2026-06-02T20:43:08,540,23.8,29.3,6.3,15.3,67.6,8.8
2026-06-02T22:42:49,540,19.7,29.9,5.1,12.1,76.6,8.2
2026-06-03T00:42:03,465,15.4,33.2,4.4,9.8,81.9,7.6
2026-06-03T02:41:57,465,11.9,43.7,4.6,10,86.4,8.1
2026-06-03T04:42:25,465,12.6,76.3,8.4,19.9,61.1,10.5
2026-06-03T06:41:56,2805,18.4,71.8,11.3,27.1,36.4,9.4
2026-06-03T08:41:33,2325,28,36.6,10,27.1,33.9,8.8
2026-06-03T10:41:20,2235,34.3,23.7,9,22.8,40.3,8.2
2026-06-03T12:41:39,2445,37.7,18.4,8.4,21.7,38.4,7.3
2026-06-03T14:42:27,1740,37.6,18,8.2,21.3,42.8,8
2026-06-03T16:42:09,1380,34.7,20.8,8.1,20.1,49,8.5
2026-06-03T18:42:29,795,29.9,25,7.5,18.1,57.1,8.8
2026-06-03T20:41:54,540,25,27.1,6.2,15,67.3,8.6
2026-06-03T22:42:07,540,20.3,28.5,5,12.6,76.7,8.5
2026-06-04T00:42:33,480,16.5,33.3,4.7,11.6,83,8.6
2026-06-04T02:41:45,465,13.9,46.6,5.6,12.1,87.8,9.4
2026-06-04T04:41:25,540,15.1,72.2,9.3,19.8,70.3,12
2026-06-04T06:42:05,1815,19.9,72.4,12.4,22.4,60.5,12
2026-06-04T08:41:57,2295,27.9,40.9,11.1,25.2,41.9,9.8
2026-06-04T10:41:52,2505,33.6,28.1,10.3,24.2,40.3,8.9
2026-06-04T12:40:58,2010,37.4,23.8,10.7,23.6,47.1,10
2026-06-04T14:41:22,1410,37.2,23,10.2,22.6,53.3,10.7
2026-06-04T16:41:55,1035,34.2,23.5,8.9,21.5,52.8,10
2026-06-04T18:41:52,555,29.4,27.6,8.1,19.3,61,10.1
2026-06-04T20:41:34,540,25.5,28.1,6.7,16.5,72,10.1
2026-06-04T22:41:00,540,20.9,31.1,5.7,14.2,79.4,9.7
2026-06-05T00:41:14,525,17.3,36.4,5.4,13.2,85.4,9.8
2026-06-05T02:40:24,465,15.6,45,6,14.2,86,10.5
2026-06-05T04:40:38,1395,17,69.2,10,20.5,57.9,10.3
2026-06-05T06:41:22,1410,21.3,54.2,10.1,19.3,63.2,10.5
2026-06-05T08:41:49,810,22.2,51.9,10.2,17.2,81.6,11.9
2026-06-05T10:41:43,810,22.3,53.7,10.6,18.1,79.3,12.2
2026-06-05T12:41:25,945,21.9,54.9,10.6,19.1,72.6,11.9
2026-06-05T14:42:12,705,21.6,56.2,10.7,17.9,83.1,12.7
2026-06-05T16:41:18,915,21.5,60.6,11.4,18.4,82.8,13
2026-06-05T18:42:15,780,21.4,58.6,11,17.6,86.4,13
2026-06-05T20:41:50,540,19.7,56.6,9.6,16,92.4,12.6
2026-06-05T22:41:43,540,18.3,60.3,9.4,15.6,93.8,12.5
2026-06-06T00:42:12,525,17.2,61.6,9,15.1,96.7,12.5
2026-06-06T02:42:18,525,16.8,65.4,9.3,15.2,100,13
2026-06-06T04:41:58,480,17.1,68.7,10,15.7,100,13.4
2026-06-06T06:42:44,480,18,72.4,11.1,16.5,100,14
2026-06-06T08:42:17,540,18.8,73.6,11.8,17.3,100,14.7
2026-06-06T10:42:17,945,20.3,74.9,13.2,17.5,100,14.9
2026-06-06T12:42:09,1080,21.9,71.4,13.8,18.4,96.4,15.2
2026-06-06T14:42:37,945,20.4,67.5,11.9,15.9,99.7,13.5
2026-06-06T16:43:21,765,18.2,65.5,10.2,14,100,12.1
2026-06-06T18:43:22,525,16.6,68.7,9.7,14,99.2,12
2026-06-06T20:43:15,465,15.1,68.3,8.8,12.3,100,10.9
2026-06-06T22:42:53,585,13.8,73.6,8.8,11.9,100,10.6
2026-06-07T00:43:20,585,13.2,78,9,12.2,100,10.8
2026-06-07T02:43:58,900,13,81,9.2,11.8,100,10.5
2026-06-07T04:43:35,855,13.6,86.7,10.2,13.7,99.2,11.7
2026-06-07T06:43:19,1275,15.2,83.9,10.9,13.4,99.1,11.5
2026-06-07T08:42:41,2130,18.6,81.7,13,19.1,72,11.8
2026-06-07T10:43:18,2175,25.9,50.7,12.3,19.8,64.9,11.1
2026-06-07T12:43:02,1680,28.6,38.3,10.8,19.5,63.2,10.6
2026-06-07T14:43:38,1185,28,38.5,10.5,18.4,72,11.3
2026-06-07T16:44:19,1110,25.6,40.3,9.6,18.2,67.8,10.5
2026-06-07T18:43:43,1275,21.8,40.4,7.8,17.2,56.1,8.2
2026-06-07T20:43:41,465,17.4,44.6,6.6,13.1,77.3,8.8
2026-06-07T22:43:33,465,13.4,45.6,5.3,10.1,89.4,8.5
2026-06-08T00:44:01,465,10.2,50.4,4.8,8.8,93.3,8.1
2026-06-08T02:44:09,465,8,62.6,5.2,9.6,94.2,8.6
2026-06-08T04:44:07,480,9.2,93.2,8.3,18.5,68.2,10.8
2026-06-08T06:43:52,3045,14.6,94.9,11.9,23.8,43.6,9.4
2026-06-08T08:43:08,2010,25,43.6,10,26.4,37.4,9.3
2026-06-08T10:43:42,2280,29.5,30.2,8.9,23.4,37.6,7.9
2026-06-08T12:43:55,2160,32.2,24.4,8.3,22.1,38.7,7.6
2026-06-08T14:43:37,1635,31,24.8,7.9,21.8,41.4,7.9
2026-06-08T16:43:27,1065,27.4,28.2,7.4,20.5,46.4,8.3
2026-06-08T18:43:10,540,23.6,33.3,7.1,18.5,54.6,8.6
2026-06-08T20:42:49,525,20.2,36.6,6.4,15.9,68.1,9.2
2026-06-08T22:42:12,525,17.5,40,6,14.7,74.3,9.4
2026-06-09T00:42:21,525,15.7,46.2,6.2,14.6,80.2,10
2026-06-09T02:41:40,465,15,56.3,7.2,15.3,81.1,10.6
2026-06-09T04:41:04,480,15.4,68.9,9,16.5,78.7,11
2026-06-09T06:41:44,870,16.6,73.7,10.4,17.7,79.3,12
2026-06-09T08:41:51,1410,18.5,73.4,11.6,19.2,73.1,12.1
2026-06-09T10:41:40,1170,20.2,64.6,11.3,17.5,81.7,12.2
2026-06-09T12:41:48,1050,19.8,69.6,11.9,16.7,93.7,13.3
2026-06-09T14:42:07,1005,18.8,73.6,11.8,16.5,94.2,13.2
2026-06-09T16:42:47,1080,19,76.9,12.5,17,94.7,13.7
2026-06-09T18:41:56,960,19,74.2,12.1,16.7,95.3,13.5
2026-06-09T20:42:25,810,18.2,72.7,11.3,15.9,96.8,13.1
2026-06-09T22:42:24,585,17.1,73.8,10.7,15.3,100,13.1
2026-06-10T00:41:48,525,16.1,71.7,9.8,14,99.8,12
2026-06-10T02:41:13,795,15.1,77.2,10,13.3,100,11.5
2026-06-10T04:41:38,1065,15.3,81.2,10.6,13.5,100,11.7
2026-06-10T06:41:10,810,15.4,84.5,11.1,15.1,100,12.9
2026-06-10T08:41:42,1965,17.8,85,12.9,19,74.2,12.1
2026-06-10T10:41:13,2340,22,58.2,11.3,19.4,59.5,9.9
2026-06-10T12:40:29,1980,24.5,45.5,10.2,17.9,62.5,9.5
2026-06-10T14:40:38,1860,24.4,39.9,8.9,17.5,56.9,8.5
2026-06-10T16:40:20,1110,22.7,36.5,7.4,17,55.4,8
2026-06-10T18:40:00,945,19.6,43.1,7.3,15.4,62.5,8.2
2026-06-10T20:40:37,525,16.1,47.4,6.5,13,77.1,8.7
2026-06-10T22:40:59,465,13.4,50.6,5.9,11.5,93.2,9.6
2026-06-11T00:40:25,465,11.9,57.2,6.1,11.4,99.1,10.2
2026-06-11T02:40:26,465,11.3,67.2,6.9,12.5,98.3,10.8
2026-06-11T04:40:53,465,12.1,85,9.1,17.3,79,11.6
2026-06-11T06:40:06,2445,16,87.6,11.9,22.7,50.6,10.2
2026-06-11T08:39:29,2160,24.2,41.4,9.1,22.5,41.2,8.2
2026-06-11T10:38:39,1950,27.5,33.5,8.9,19.2,51,8.4
2026-06-11T12:38:58,1260,25.5,30.3,7.2,17.1,52.8,7.7
2026-06-11T14:38:17,525,22.1,35.8,7,15.4,68.3,9
2026-06-11T16:37:24,480,19.2,44.1,7.3,13.9,74.9,9
2026-06-11T18:36:52,465,16.6,53.9,7.6,12.2,88.1,9.5
2026-06-11T20:37:08,630,14.2,68.1,8.3,10.9,100,9.9
2026-06-11T22:37:03,855,13,78,8.8,11.3,100,10.2
2026-06-12T00:37:53,855,12.9,81.5,9.2,11.8,100,10.5
2026-06-12T02:38:04,705,13.1,83.1,9.5,13,100,11.3
2026-06-12T04:38:22,1065,13.8,87,10.4,13.2,100,11.5
2026-06-12T06:38:00,1065,14.7,82.9,10.4,13.2,100,11.5
2026-06-12T08:38:46,930,16,79.9,10.9,14.6,98.4,12.3
2026-06-12T10:38:48,1800,17.6,75.4,11.3,16.7,76.6,10.9
2026-06-12T12:38:24,870,19.6,59.2,10,16.8,80.2,11.5
2026-06-12T14:37:47,900,20.2,56.4,9.9,17.7,74.2,11.2
2026-06-12T16:37:58,540,20.1,50,8.7,17.2,79.7,11.7
2026-06-12T18:37:14,540,18.6,54.3,8.6,15.8,79.2,10.7
2026-06-12T20:36:53,525,16.7,53.4,7.6,13.7,85.7,10.1
2026-06-12T22:37:37,465,14.6,53.4,6.7,11.8,93,9.8
2026-06-13T00:37:16,465,13.1,57,6.5,11.1,95.7,9.6
2026-06-13T02:37:22,450,12,61.3,6.5,10.8,97.9,9.7
2026-06-13T04:36:38,525,12.2,83.5,9,13.8,93.2,11.1
2026-06-13T06:37:00,1530,14.5,81.6,10.1,15.7,76.8,10.3
2026-06-13T08:37:04,1305,17.2,66.9,9.8,16.2,75.2,10.4
2026-06-13T10:37:51,1230,18.3,64.2,10,14.1,88.3,10.7
2026-06-13T12:37:34,1170,17.9,65.2,10,13.5,92,10.8
2026-06-13T14:38:04,990,16.8,64,9.1,12,96.2,10.2
2026-06-13T16:38:46,930,15.5,68.5,9.1,11.8,97.5,10.3
2026-06-13T18:38:00,915,14,72.9,8.8,10.9,100,9.9
2026-06-13T20:38:37,990,12.9,77.5,8.7,10.6,100,9.8
2026-06-13T22:38:17,990,12.1,80.2,8.6,10.4,100,9.6
2026-06-14T00:37:50,960,11.8,81.3,8.6,10.4,100,9.6
2026-06-14T02:37:58,1050,11.7,82.4,8.6,10.2,100,9.5
2026-06-14T04:37:51,1125,11.8,84.8,8.9,10.5,100,9.7
2026-06-14T06:37:33,1470,12.6,81.6,9,11.4,90.2,9.3
2026-06-14T08:36:52,1860,14.6,77.3,9.7,13.1,81,9.2
2026-06-14T10:37:17,2430,18.7,64.6,10.3,15.3,68.7,9
2026-06-14T12:36:56,1605,21.5,46.3,8.7,14.5,70.6,8.8
2026-06-14T14:37:30,480,19,55.9,9.1,13,98.4,11.2
2026-06-14T16:37:10,765,17.6,64.2,9.6,13.9,94.4,11.3
2026-06-14T18:36:30,765,17,65.7,9.5,13.7,94.3,11.2
2026-06-14T20:36:50,525,15.4,63.5,8.3,12.4,99,10.8
2026-06-14T22:36:47,465,13.4,67,7.8,11.5,100,10.3
2026-06-15T00:36:17,465,12,69.2,7.4,10.8,100,9.9
2026-06-15T02:35:30,525,11.4,82.2,8.4,11.3,100,10.2
2026-06-15T04:35:55,1065,12.3,91.9,10,12.5,100,11
2026-06-15T06:36:17,1275,14.5,93,11.6,14.5,99.1,12.3
2026-06-15T08:35:52,1320,15.9,85.5,11.6,14.1,100,12.1
2026-06-15T10:36:16,1605,17.2,91,13.3,15.8,99.3,13.4
2026-06-15T12:36:51,1665,19.6,74.7,12.6,16.1,91.1,12.5
2026-06-15T14:36:12,1515,20.5,65.5,11.7,15.8,88.4,11.9
2026-06-15T16:36:53,1305,19.9,63.3,10.9,15.3,87.8,11.5
2026-06-15T18:36:28,1350,19.1,63.3,10.4,14.4,87.9,10.9
2026-06-15T20:36:08,540,16.4,59.8,8.3,11.9,97.1,10.3
2026-06-15T22:36:41,480,13.5,58.1,6.8,9.7,100,9.2
2026-06-16T00:36:22,465,11.2,62.6,6.3,9.2,100,8.9
2026-06-16T02:36:41,465,9.8,71.7,6.7,9.2,100,8.9
2026-06-16T04:36:26,465,10,94.2,8.8,13.7,95.3,11.3
2026-06-16T06:36:57,960,13.4,98.5,11.4,20.6,71.3,12.8
2026-06-16T08:37:46,3435,19.4,89.9,15,25.6,43,10.2
2026-06-16T10:37:34,2820,27.3,39.7,10.4,23.2,42.3,8.8
2026-06-16T12:37:01,1830,29,35.5,10.2,20.7,54.7,9.8
2026-06-16T14:36:17,1635,28.8,32.7,9.3,22.2,47.5,9.3
2026-06-16T16:36:27,825,26.6,33.2,8.4,21.2,52.6,9.7
2026-06-16T18:36:47,525,23.3,41.9,8.8,18.7,66.8,10.7
2026-06-16T20:36:08,525,20,48.4,8.4,16.9,72.6,10.4
2026-06-16T22:36:18,525,17.2,57.8,8.5,15,86.9,11.1
2026-06-17T00:35:38,735,15.6,69.1,9.2,14.4,88.2,10.9
2026-06-17T02:35:54,930,14.5,69.7,8.7,13,86.5,9.8
2026-06-17T04:35:59,795,13.9,74.9,9,12.8,92.7,10.4
2026-06-17T06:35:51,900,14.1,79.2,9.6,13.4,93.7,10.9
2026-06-17T08:35:37,885,14.5,82.8,10.3,13.7,99.6,11.8
2026-06-17T10:35:53,1140,15.6,88.2,11.7,14.9,100,12.7
2026-06-17T12:35:45,1275,16.6,86.8,12.3,15.2,100,13
2026-06-17T14:35:05,1200,17.2,82.6,12.1,15.2,100,13
2026-06-17T16:34:38,1095,17.2,81.2,11.9,15.5,98.3,13
2026-06-17T18:34:22,1200,16.8,73.2,10.5,15.8,83.7,11.3
2026-06-17T20:33:44,930,15.9,68,9.2,14.5,84.1,10.5
2026-06-17T22:34:42,825,14.3,68.1,8.4,13,85.8,9.7
2026-06-18T00:34:02,795,12.8,71.9,8.1,12.1,87.5,9.4
2026-06-18T02:33:12,735,11.6,76.4,7.9,12,88.7,9.4
2026-06-18T04:33:53,1020,12,87.2,9.3,17.9,67.2,10.3
2026-06-18T06:33:25,1605,14.6,86.1,10.8,24.2,49.1,10.8
2026-06-18T08:33:33,2400,21.3,60,11.2,26.6,38.5,9.7
2026-06-18T10:34:14,2025,25.9,41.6,10.1,25.7,39.1,9.4
2026-06-18T12:33:53,2550,29.4,32,9.4,23.6,37.6,8
2026-06-18T14:33:55,1650,28.1,33.5,9.2,22.9,44.5,9.1
2026-06-18T16:33:12,1095,25.9,39.4,9.5,21.1,57.2,10.5
2026-06-18T18:32:52,765,22.1,41.9,8.2,18.6,60.5,9.6
2026-06-18T20:32:22,525,19.1,46,7.5,16.7,65.9,9.4
2026-06-18T22:33:02,540,16.9,51.3,7.4,15.5,74.2,9.8
2026-06-19T00:33:32,465,15.6,61.8,8.2,15.1,81.8,10.5
2026-06-19T02:33:32,525,14.7,70.7,8.9,14.5,87.8,10.9
2026-06-19T04:33:08,1290,15.1,76,9.8,20,59.7,10.3
2026-06-19T06:33:18,1695,17.9,60.2,9.2,25.7,37.7,9
2026-06-19T08:32:53,2220,23.9,41.6,9,28.6,28.7,8.1
2026-06-19T10:32:17,2370,29.4,31.2,9.2,26.2,32.7,8.1
2026-06-19T12:32:51,1830,30.7,28,8.8,23.1,41,8.5
2026-06-19T14:33:05,1290,29.5,31.6,9.3,22.7,49.1,9.9
2026-06-19T16:33:53,1080,26.1,37.3,9.1,22.4,50.7,10.1
2026-06-19T18:34:28,1140,23.5,45.8,9.7,21.1,57,10.5
2026-06-19T20:34:17,735,20.2,49,8.6,18.1,65.7,10.1
2026-06-19T22:33:59,525,16.9,49.8,7.2,14.8,75.1,9.5
2026-06-20T00:33:58,465,13.9,52.7,6.3,13,80.4,9.1
2026-06-20T02:34:14,465,12.3,61.4,6.7,13.3,83.7,9.7
2026-06-20T04:34:13,645,13.2,84.1,9.7,20,67,11.6
2026-06-20T06:35:09,1740,16.5,86.5,12.1,20.7,65.6,11.8
2026-06-20T08:34:09,2100,22.2,62.1,12.2,23.3,53.1,11.1
2026-06-20T10:33:32,1920,27.3,46.5,12.2,24.7,50.9,11.5
2026-06-20T12:34:04,1470,30.2,44.5,13.7,23.5,66.6,14.1
2026-06-20T14:34:20,1155,29.8,45.1,13.5,23.3,70.4,14.7
2026-06-20T16:34:28,960,28,47.1,12.8,23.1,70.6,14.6
2026-06-20T18:34:16,945,25.2,49.8,11.6,21.4,69.8,13.1
2026-06-20T20:34:10,525,21.7,52.1,9.9,19.2,76.2,12.6
2026-06-20T22:33:24,525,19.5,62,10.4,18.6,85.9,13.7
2026-06-21T00:33:29,525,18.3,65.8,10.3,17.7,90.9,13.7
2026-06-21T02:32:57,525,17.6,70.1,10.5,17.6,92,13.8
2026-06-21T04:33:01,705,17.7,83.4,12.6,21.4,79.9,15
2026-06-21T06:32:20,1350,20.4,88.5,15.7,29,56.8,16.3
2026-06-21T08:32:48,1860,26.2,64.9,16,31.5,46.8,15.4
2026-06-21T10:32:12,2100,31.8,44.1,14.7,29.6,46,13.7
2026-06-21T12:32:01,2040,33.3,35.5,12.9,27.5,45,11.9
2026-06-21T14:31:17,1560,33.5,31.9,11.7,26.7,46.8,11.9
2026-06-21T16:30:49,1200,31.6,31.2,10.3,26.6,44.3,11.2
2026-06-21T18:30:46,1155,28.5,34.5,9.6,24.3,47.5,10.5
2026-06-21T20:30:33,765,23.9,36.7,7.9,19.9,54.4,9.3
2026-06-21T22:30:43,585,19.8,43.1,7.4,16.9,61.8,8.9
2026-06-22T00:30:48,525,16.8,48.7,7,14.7,67.5,8.5
2026-06-22T02:31:07,525,14.6,56.9,7.1,14.7,69.1,8.7
2026-06-22T04:30:41,1125,15,66.9,8.6,19.4,55.8,9.3
2026-06-22T06:30:26,1515,18.4,58.6,9.2,23.3,45,9.4
2026-06-22T08:30:57,1725,25.1,40.3,9.3,26.8,35.8,9.1
2026-06-22T10:31:39,2145,30.9,27.7,8.8,24.6,35.6,8
2026-06-22T12:32:08,2055,33.6,22.7,8.4,22.2,39.4,7.7
2026-06-22T14:32:47,1635,32.6,20.5,7.2,22.2,36.5,7.2
2026-06-22T16:32:38,1290,28.3,21.2,5.9,20.9,34.2,6.2
2026-06-22T18:32:04,1080,24.5,24.2,5.4,18.4,38,6
2026-06-22T20:32:42,525,19.9,27.6,4.7,15.6,44.7,5.9
2026-06-22T22:33:15,480,16.8,30.8,4.4,12.9,56.1,6.3
2026-06-23T00:33:51,465,14,37.6,4.5,10.9,68.6,6.8
2026-06-23T02:33:25,465,11.9,44.1,4.7,10.7,73.9,7.3
2026-06-23T04:32:45,900,12.1,64.6,6.9,17.2,54.1,7.9
2026-06-23T06:33:16,1770,16,52.3,7.1,22.2,35.3,6.9
2026-06-23T08:33:24,1680,22.6,34.4,6.9,23.4,32.5,6.8
2026-06-23T10:34:13,2130,28.5,25.3,7.1,21.1,34.7,6.4
2026-06-23T12:34:14,1965,31.7,20.5,6.8,19.6,38.1,6.4
2026-06-23T14:34:08,1335,31,20.3,6.5,19.8,39.9,6.8
2026-06-23T16:33:29,975,27.5,24.4,6.5,19.2,44,7.3
2026-06-23T18:34:08,750,24.3,27,6,17.2,48.5,7.1
2026-06-23T20:34:11,525,21.2,29.8,5.5,15.3,55.2,7.2
2026-06-23T22:33:55,525,18.7,31.7,5.1,14,64.4,7.8
2026-06-24T00:33:22,525,17.1,35.7,5.2,13.5,70.9,8.3
2026-06-24T02:33:21,465,16,44.8,6.1,13.4,78,9.1
2026-06-24T04:32:52,465,15.7,54.2,7.2,13.8,94.7,11.3
2026-06-24T06:33:28,465,16.3,67,9.3,14.4,98.7,12.2
2026-06-24T08:33:40,825,17.1,74.5,10.8,15.3,96.4,12.6
2026-06-24T10:34:11,1605,18.9,77,12.5,16.5,88.8,12.5
2026-06-24T12:34:05,1485,24.2,49.5,10.9,17.8,73.9,11.2
2026-06-24T14:33:53,1140,26,38.3,9.3,18.8,63.7,10.3
2026-06-24T16:33:06,1050,24.7,40.4,9.1,18.9,62.5,10.1
2026-06-24T18:33:33,1245,23.1,44.2,9.1,18.4,62.2,9.8
2026-06-24T20:34:18,465,19,47.6,7.8,14,79.1,9.5
2026-06-24T22:34:51,465,15.2,47.7,6.2,12,86.4,9.2
2026-06-25T00:35:12,465,12.8,55.5,6.2,11.6,86.5,9
2026-06-25T02:35:44,465,11.6,62.6,6.5,11.9,85.1,9
2026-06-25T04:35:45,900,12.1,79.3,8.5,17.2,66.1,9.7
2026-06-25T06:34:46,1830,16.2,67.9,9.4,20.4,51.1,9
2026-06-25T08:35:23,1905,23,46.6,9.6,25,39.4,9.1
2026-06-25T10:35:18,2025,28.9,30.6,8.7,24.7,36.1,8.2
2026-06-25T12:36:04,1995,30.8,24.9,7.9,23.3,35.2,7.4
2026-06-25T14:35:27,1365,29.7,28.3,8.5,22.5,44.4,8.9
2026-06-25T16:35:51,540,26.1,34.9,8.5,20.2,59.8,10.5
2026-06-25T18:35:50,540,22,42.3,8.2,16.6,82.8,11.7
2026-06-25T20:35:51,525,18.8,47.4,7.6,15.5,90.5,12
2026-06-25T22:34:57,480,16.8,55.2,7.9,14.4,96.4,11.9
2026-06-26T00:35:47,480,14.9,64.8,8.3,12.7,97.9,10.9
2026-06-26T02:35:08,465,13.3,68.7,7.9,12.6,98.3,10.9
2026-06-26T04:35:28,795,13.5,87.9,10.3,16.9,83.8,12
2026-06-26T06:34:55,1725,16.1,88,12.1,24.1,53.9,11.8
2026-06-26T08:35:29,2100,22.6,59.4,11.9,26.4,43.9,10.9
2026-06-26T10:35:49,1785,26.6,38.8,9.8,24.8,41.3,9.4
2026-06-26T12:35:27,1425,29.4,32.2,9.5,23.7,46.1,9.9
2026-06-26T14:34:38,885,26.4,34.9,8.7,22.7,49.9,10.1
2026-06-26T16:34:26,840,23.3,43.9,9.2,19.5,63.6,10.7
2026-06-26T18:33:52,645,20.2,48.8,8.5,17.3,69.3,10.2
2026-06-26T20:33:48,525,18.2,56.4,8.8,15.6,86.5,11.5
2026-06-26T22:33:31,465,16.5,60.3,8.5,14.2,93.1,11.4
2026-06-27T00:33:24,465,15.3,61.7,8.1,14.2,92.1,11.2
2026-06-27T02:33:45,465,14.5,68.5,8.5,14.8,94.4,12
2026-06-27T04:34:30,900,15.2,90,11.7,18,86.5,13.3
2026-06-27T06:34:49,1560,18,81.9,12.6,19,77.6,12.6
2026-06-27T08:34:05,1875,22.6,65.9,13.2,24.5,56.5,12.6
2026-06-27T10:34:34,1950,29.1,40.9,11.8,25.1,48.2,11.2
2026-06-27T12:34:22,1815,32.6,30.1,10.5,24.4,45.7,10.2
2026-06-27T14:33:50,1320,31.6,29.7,9.8,25.1,44.7,10.4
2026-06-27T16:34:39,1155,28.6,32.3,9.1,24.9,43.2,9.9
2026-06-27T18:35:11,1320,26,40.8,9.9,23.8,48.5,10.4
2026-06-27T20:34:28,765,21.9,46.1,8.9,19.1,64,10.5
2026-06-27T22:34:47,525,18,49,7.5,15.9,73.8,10
2026-06-28T00:35:21,465,14.8,52.7,6.7,13.8,82.9,9.9
2026-06-28T02:35:08,465,12.7,62.3,6.9,14.3,84.9,10.4
2026-06-28T04:34:27,1170,13.5,89.3,10.4,20.9,62,11.3
2026-06-28T06:34:34,1995,18,84.5,13,24.2,55.1,12.1
2026-06-28T08:33:46,1620,22.6,56.6,11.4,23.9,52,11.3
2026-06-28T10:33:10,1455,26.3,50.5,12.5,24.5,57.6,12.9
2026-06-28T12:33:03,1050,27.3,51.4,13.5,22.3,75.7,14.9
2026-06-28T14:33:59,705,25,55.5,12.8,21.1,83.1,15.3
2026-06-28T16:34:18,525,22.3,60.7,12,20.8,81.2,14.7
2026-06-28T18:33:29,540,20.5,66.8,11.9,18.8,96.6,15.6
2026-06-28T20:34:01,540,19.3,69.7,11.6,18.1,99.8,15.4
2026-06-28T22:33:55,525,18.2,70.5,11,17.4,100,14.8
2026-06-29T00:33:55,525,17,71.7,10.4,16.6,100,14.1
2026-06-29T02:34:36,810,16.7,88.5,12.6,17.1,100,14.6
2026-06-29T04:35:00,1065,17.5,88.5,13.2,17.6,96.5,14.5
2026-06-29T06:35:05,1590,20.3,84.8,14.9,25.8,62.7,15.1
2026-06-29T08:35:16,1590,26.3,57.4,14.2,29.1,49.5,14.3
2026-06-29T10:35:08,1950,32.5,42.8,14.9,29.1,48.5,14
2026-06-29T12:35:22,1920,36.7,34.9,15.1,25.8,59.7,14.4
2026-06-29T14:35:51,1365,34.9,36.3,14.3,26,62.1,15.1
2026-06-29T16:36:19,990,31.5,39.1,12.9,24.7,64.3,14.6
2026-06-29T18:36:19,1080,26.9,41.1,10.5,22.9,56.7,11.6
2026-06-29T20:36:18,750,23.3,45.9,9.6,19.9,66.1,11.4
2026-06-29T22:36:25,540,20,50.3,8.7,17.9,79.6,12.1
2026-06-30T00:37:00,525,18.2,58.3,9.1,17.7,91.1,13.7
2026-06-30T02:36:06,540,17.8,68.3,10.4,18.1,97,15
2026-06-30T04:36:35,600,18.6,84.1,13.4,24.6,71.4,16.1
2026-06-30T06:36:23,1920,21.6,79.7,15.1,29.6,48.5,14.4
2026-06-30T08:36:13,1785,29.1,51.8,15,29.7,48.7,14.5
2026-06-30T10:35:52,1770,33.5,36.2,13.3,27.5,49.1,13
2026-06-30T12:35:30,1605,33.5,31,11.3,25.7,47.6,11.4
2026-06-30T14:34:47,1290,32.6,30.3,10.6,25.5,47.3,11.2
2026-06-30T16:34:07,1245,30.7,29.5,9.3,25.2,43.1,10
2026-06-30T18:33:24,1080,28,32.8,8.9,24.1,45,9.8
2026-06-30T20:33:39,735,23.7,39.8,8.5,19.2,61.3,10.1
2026-06-30T22:34:16,525,19.9,48.8,8.4,17.5,68.9,10.3
2026-07-01T00:34:53,645,18,56.6,8.7,17,71.8,10.4
2026-07-01T02:35:40,540,17,58.2,8.4,16.5,73.3,10.3
2026-07-01T04:36:25,930,17.2,68,10,19.3,67.9,11.3
2026-07-01T06:36:35,1980,20.5,65.7,11.7,24.1,49.7,10.9
2026-07-01T08:36:50,2055,26.4,45.5,11.3,26.7,41.5,10.5
2026-07-01T10:37:14,2220,32.3,33,11.3,25.3,43.6,10.2
2026-07-01T12:36:52,1935,34.6,27.1,10.5,24,45.7,9.9
2026-07-01T14:37:29,1635,33.5,25.9,9.5,23.5,45,9.5
2026-07-01T16:37:03,1230,31.4,27.7,9.1,22.4,49.1,9.8
2026-07-01T18:36:55,885,27.9,30.3,8.2,21,51.5,9.4
2026-07-01T20:36:26,645,24.9,35.6,8.2,19.4,58.4,9.7
2026-07-01T22:35:51,540,22.4,39.6,7.9,18.8,62.6,10.1
2026-07-02T00:36:20,540,20.6,45,8.1,16,86.7,11.8
2026-07-02T02:36:52,540,19.1,51.1,8.4,15.7,89.4,12
2026-07-02T04:37:24,525,18.6,61.6,9.8,16.3,90.9,12.6
2026-07-02T06:36:43,1080,19.3,68.3,11.3,17.5,83.8,12.5
2026-07-02T08:37:16,1410,21.1,60.7,11.2,18.7,72.4,11.6
2026-07-02T10:37:38,1575,25,49.7,11.4,20.9,63.4,11.5
2026-07-02T12:37:08,1755,29.8,37.9,11.4,21.9,57.9,11.2
2026-07-02T14:37:44,780,29.7,36.2,10.8,17.8,83.6,12.7
2026-07-02T16:37:29,540,22.9,52.2,10.7,16.9,95.4,13.7
2026-07-02T18:37:56,525,20.8,60.2,10.9,16.6,96.8,13.7
2026-07-02T20:38:39,525,18.6,56.2,8.9,14.9,99.3,12.7
2026-07-02T22:38:36,525,16.4,57.7,8.1,14.1,100,12.1
2026-07-03T00:38:05,525,14.5,62.2,7.7,13.6,100,11.8
2026-07-03T02:37:49,480,13.7,74.1,8.8,14.6,100,12.5
2026-07-03T04:37:02,480,14.7,87.5,11,16.7,100,14.2
2026-07-03T06:36:51,900,15.8,83.5,11.2,15,100,12.8
2026-07-03T08:36:11,900,16.7,85.5,12.1,16.3,100,13.9
2026-07-03T10:36:11,1380,18.5,81.7,12.9,17,93.3,13.5
2026-07-03T12:36:43,1350,20.6,73.2,13.1,17.5,92.5,13.8
2026-07-03T14:36:56,1110,21,68.1,12.5,18.1,88.6,13.7
2026-07-03T16:36:28,1005,20.9,68.2,12.4,18.2,89.6,13.9
2026-07-03T18:36:05,1005,19.9,68.6,11.8,17.1,90.3,13.1
2026-07-03T20:35:35,525,18.1,68.6,10.6,15.7,97.2,13
2026-07-03T22:34:46,525,16.3,68.1,9.4,14.4,100,12.4
2026-07-04T00:34:56,510,14.8,72.4,9.2,14.1,100,12.1
2026-07-04T02:34:44,465,14,80.9,9.8,14.2,100,12.2
2026-07-04T04:34:27,870,14.4,90.5,11.2,15.1,100,12.9
2026-07-04T06:33:53,1605,17.3,94.6,13.9,20.2,79.6,13.9
2026-07-04T08:34:11,1440,20.7,73,13.1,17.7,89.8,13.5
2026-07-04T10:33:58,1410,20.7,73.9,13.3,17.3,93.9,13.8
2026-07-04T12:33:22,1245,21.1,73.3,13.5,18.2,92.8,14.4
2026-07-04T14:33:48,1755,23.7,60.8,13,18.9,78.4,12.7
2026-07-04T16:32:52,945,24.1,50.2,11,17.4,83.7,12.4
2026-07-04T18:32:28,840,21.2,60,11.1,16.8,90.2,12.9
2026-07-04T20:31:47,645,18.8,65.9,10.6,15.4,96.8,12.7
2026-07-04T22:30:58,525,16.7,67.3,9.6,14.2,100,12.2
2026-07-05T00:31:30,735,15.4,79,10.4,14.3,100,12.3
2026-07-05T02:30:47,960,14.9,85.3,10.9,14.2,100,12.2
2026-07-05T04:30:29,1140,15,90.5,11.6,14.8,100,12.7
2026-07-05T06:30:25,1335,15.3,89.9,11.7,14.4,100,12.4
2026-07-05T08:30:01,1425,16.3,94.1,13,15.7,100,13.4
2026-07-05T10:29:35,1605,18.8,90.4,14.6,17.4,97.4,14.4
2026-07-05T12:30:16,1410,20.4,78.5,13.9,17,100,14.5
2026-07-05T14:30:19,1170,20.6,72.6,13,16.5,99.6,14
2026-07-05T16:30:10,1095,20.1,71,12.3,16.2,98.5,13.6
2026-07-05T18:29:49,990,19.5,70.7,11.9,15.6,100,13.3
2026-07-05T20:30:22,945,18.2,72.5,11.3,15,100,12.8
2026-07-05T22:29:53,975,16.9,76.8,11,14.5,100,12.4
2026-07-06T00:29:33,990,15.9,79.6,10.8,13.9,100,12
2026-07-06T02:30:10,1065,15.1,83.1,10.7,13.6,100,11.8
2026-07-06T04:29:57,1170,15.1,90.1,11.6,14.7,100,12.6
2026-07-06T06:29:50,1305,16.4,90.3,12.6,15.7,100,13.4
2026-07-06T08:29:58,1470,18.3,82.9,13,17.4,90,13.3
2026-07-06T10:30:35,1575,20.3,67,11.8,17.8,78.5,11.9
2026-07-06T12:29:44,1275,20,56.7,9.8,15.3,79.9,10.4
2026-07-06T14:29:54,1065,18.3,56.3,8.8,14.8,76.4,9.7
2026-07-06T16:29:32,1035,17.5,54.5,8.1,13.6,76.9,9
2026-07-06T18:29:36,930,15.8,54.1,7.3,12,77.5,8.3
2026-07-06T20:29:06,525,13.4,54.7,6.4,10.1,82.2,7.8
2026-07-07T00:29:08,465,10.3,69.5,6.7,9.3,97.8,8.8
2026-07-07T02:28:34,465,10,74.9,7,9.4,100,9
2026-07-07T04:28:05,510,10.3,83.3,8,10.5,100,9.7
2026-07-07T06:28:24,510,11.3,88,9,12.3,100,10.9
2026-07-07T08:28:19,1140,13.3,91.8,10.6,13.4,100,11.6
2026-07-07T10:28:50,1290,15.6,85.4,11.4,13.9,100,12
2026-07-07T12:28:27,1305,17.2,80.9,11.8,15.5,94.7,12.5
2026-07-07T14:28:57,1845,19.9,67.4,11.6,16.2,80.8,11.1
2026-07-07T16:29:40,1080,19.8,61.5,10.5,15.2,89.1,11.6
2026-07-07T18:29:39,1005,18,67.3,10.3,13.8,97.1,11.6
2026-07-07T20:30:26,645,16.5,65.2,9.2,12.5,100,11
2026-07-07T22:30:11,525,14.6,62.8,7.9,10.7,100,9.8
2026-07-08T00:31:00,525,12.8,65.1,7.3,9.9,100,9.3
2026-07-08T02:30:26,585,11.8,76.7,8.1,10.6,100,9.8
2026-07-08T04:31:15,735,11.8,84.8,8.9,11.7,100,10.5
2026-07-08T06:30:38,1230,13,94.7,10.7,13.2,100,11.5
2026-07-08T08:30:41,1800,17,87.9,12.7,17.1,84.2,12.3
2026-07-08T10:30:10,1680,21.1,62.2,11.5,19.1,69,11.3
2026-07-08T12:30:10,1980,25.2,46.8,10.9,20,58.8,10.2
2026-07-08T14:30:18,1050,24.8,45.6,10.4,18.9,71.6,11.6
2026-07-08T16:30:22,840,22,51.8,10.1,17.1,80.4,11.7
2026-07-08T18:29:55,765,19.3,59.4,9.8,15.9,86.2,11.7
2026-07-08T20:29:18,735,17.3,66.1,9.7,15.7,86.3,11.5
2026-07-08T22:29:02,900,15.9,72.1,9.8,15.3,84.9,11.1
2026-07-09T00:28:49,900,15,74.7,9.6,15,84.8,10.9
2026-07-09T02:28:52,1035,14.5,77.4,9.6,15,83.5,10.7
2026-07-09T04:28:40,1080,14.5,79.4,9.9,14.8,84.8,10.7
2026-07-09T06:28:30,1200,14.9,83,10.6,15.5,85.8,11.3
2026-07-09T08:28:45,1410,16.2,87.5,12.1,15.8,93.7,12.6
2026-07-09T10:29:33,1215,17.5,81.2,12.1,15.2,100,13
2026-07-09T12:29:36,1230,17.7,81.3,12.3,15.4,100,13.1
2026-07-09T14:29:37,1545,20.8,74.9,13.6,17.2,93.4,13.7
2026-07-09T16:29:33,1110,22.5,61.2,12.2,18.1,86.4,13.3
2026-07-09T18:28:44,900,20.8,64.4,11.7,17,92.1,13.3
2026-07-09T20:28:34,525,18.6,65.5,10.4,15.1,99.4,12.8
2026-07-09T22:28:43,525,16.3,68,9.4,13.9,100,12
2026-07-10T00:28:16,765,15.1,79.1,10.2,13.9,100,12
2026-07-10T02:28:57,1065,15,87.9,11.3,14.5,100,12.4
2026-07-10T04:29:45,1170,15.7,92.7,12.4,15.7,100,13.4
2026-07-10T06:29:15,1245,17.6,91,13.6,21.1,79.2,14.6
2026-07-10T08:29:33,2985,22.5,74.7,14.9,25.4,51.5,12.1
2026-07-10T10:29:29,2430,27.6,45,12,23,50.4,10.4
2026-07-10T12:29:27,1920,29.4,36,10.6,21,54.7,10
2026-07-10T14:29:40,1665,27.3,38.5,10.1,20.3,56.4,9.9
2026-07-10T16:29:01,1305,26.3,36.2,9,20.8,52.5,9.5
2026-07-10T18:29:09,1335,23.8,45.9,9.9,19.2,62.3,10.3
2026-07-10T20:29:10,585,19.7,51.5,8.7,15.3,80.7,10.5
2026-07-10T22:28:34,525,16.4,54,7.5,14.3,88.2,10.8
2026-07-11T00:27:49,525,15.1,69.4,8.9,15.3,83.9,11
2026-07-11T02:27:25,780,14.7,72.4,9.1,15.6,80.3,10.7
2026-07-11T04:26:41,1005,15.2,79.4,10.3,17.3,78.2,11.5
2026-07-11T06:25:45,1230,17.1,77.4,11.3,18.8,74.8,12
2026-07-11T08:25:06,1440,19.5,75.3,12.6,21.7,67.9,13
2026-07-11T10:25:31,2010,24,69.9,15.2,24.5,63.3,14.2
2026-07-11T12:25:16,1965,30.3,49.8,15.4,25,62.7,14.4
2026-07-11T14:25:05,1365,33,39.6,14.1,26.4,59.2,14.7
2026-07-11T16:24:37,1065,31,43.8,14,27.3,59.6,15.6
2026-07-11T18:25:22,540,26.3,49.3,12.2,19.5,100,16.8
2026-07-11T20:25:53,540,22,64.5,12.5,18.1,100,15.4
2026-07-11T22:25:57,525,19.9,65.1,11.2,17.2,100,14.6
2026-07-12T00:25:00,540,18.5,68.6,10.9,17.1,100,14.6
2026-07-12T02:24:56,525,17.6,76.8,11.5,17,100,14.5
2026-07-12T04:25:20,645,17.5,91.5,13.6,19.1,100,16.4
2026-07-12T06:25:39,1005,18.7,96.1,15.4,19.9,100,17.2
2026-07-12T08:25:59,1215,21.3,95.6,17.8,23,92.7,19.1
2026-07-12T10:25:11,1890,25.9,81,19.6,28.1,68.7,18.8
2026-07-12T12:25:56,1515,31.6,50.2,16.6,27,66.1,17
2026-07-12T14:26:26,1800,32.7,42.5,14.9,26.5,57.7,14.5
2026-07-12T16:26:46,945,28,51.3,14,20.2,90.1,15.8
2026-07-12T18:26:18,915,25.5,64.5,15.3,21.4,93.4,17.5
2026-07-12T20:25:55,840,22.7,70,14.1,20.1,94.5,16.4
2026-07-12T22:26:11,945,20.9,78.6,14.3,20.2,92.1,16.1
2026-07-13T00:26:05,1035,19.7,81.1,13.8,18.8,94.9,15.3
2026-07-13T02:26:05,1035,18.5,80.2,12.7,17.1,97,14.1
2026-07-13T04:26:29,1140,18,81.6,12.5,17.1,94,13.7
2026-07-13T06:26:52,1170,18.1,80.5,12.4,17.1,92.4,13.4
2026-07-13T08:27:07,1200,19,76.6,12.5,17.5,90.1,13.4
2026-07-13T10:26:53,1410,22.6,67.8,13.6,20.7,78.1,14.1
2026-07-13T12:27:28,1185,24,58.9,12.8,20.3,78.9,13.9
2026-07-13T14:27:53,1080,22.6,62.1,12.5,19.4,82.4,13.7
2026-07-13T16:28:06,1080,21.9,64,12.3,19.5,81.2,13.6
2026-07-13T18:28:04,1005,20.6,68.3,12.2,18.8,84.8,13.7
2026-07-13T20:28:34,1020,19.2,71.2,11.7,18.2,84.5,13.1
2026-07-13T22:28:20,1005,18.1,74,11.4,17.7,84.6,12.8
2026-07-14T00:28:39,1005,17.1,72.9,10.6,16.1,86.3,11.8
2026-07-14T02:29:30,855,15.5,76,10,14.6,92.2,11.5
2026-07-14T04:29:28,1110,15.4,84.9,11.2,19,75.2,12.3
2026-07-14T06:29:30,1695,17.7,80.1,12.1,21.9,61.3,11.8
2026-07-14T08:29:19,1680,22,61.9,12,22.5,59.4,11.9
2026-07-14T10:29:27,1890,26.6,48.1,12.1,22.8,57,11.6
2026-07-14T12:30:08,2025,31.3,36.7,11.9,21.6,58.6,11.1
2026-07-14T14:29:51,1605,32.3,31.7,10.9,22.6,54.7,11
2026-07-14T16:29:41,1095,29.9,31.6,9.5,23.2,50.4,10.5
2026-07-14T18:28:54,1125,26.2,43.3,10.7,21.2,62.8,11.6
2026-07-14T20:28:55,540,21.8,49.7,9.5,17.5,81.7,12.2
2026-07-14T22:28:35,465,18.1,51,7.9,15.1,89,11.5
2026-07-15T00:27:51,525,15.2,55.6,7.2,13.8,91,10.8
2026-07-15T02:28:32,525,13.4,63.9,7.4,14,92.8,11.2
2026-07-15T04:29:22,735,13.9,88.7,10.6,20,72.4,12.5
2026-07-15T06:29:00,1680,17.2,89.7,13.1,26.8,50.9,13
2026-07-15T08:28:15,1710,24.7,55.5,12.6,26.4,49.4,12.3
2026-07-15T10:28:35,1560,28.2,41.4,11.4,25.7,48.1,11.5
2026-07-15T12:28:46,1665,31.4,34.6,11.3,25.6,47.3,11.3
2026-07-15T14:29:24,1365,31.6,33,10.9,26.1,47,11.5
2026-07-15T16:29:35,1050,29.2,37.6,10.9,26,50,12.2
2026-07-15T18:29:45,975,26.2,45.8,11.3,24.2,57.5,12.7
2026-07-15T20:29:07,855,22.8,48.9,9.9,20.5,64.9,11.5
2026-07-15T22:29:18,780,19.7,57.7,9.8,18.3,73.4,11.5
2026-07-16T00:29:17,840,17.4,62.3,9.2,17.2,72.9,10.7
2026-07-16T02:29:08,885,15.8,66.6,9,16.2,74.6,10.3
2026-07-16T04:28:58,1005,15.9,76.2,10.3,20.9,62.8,11.4
2026-07-16T06:29:09,1710,18.5,77.7,12.3,25.4,51.5,12.1
2026-07-16T08:29:49,2085,25.8,53.9,13,27.6,44.7,11.9
2026-07-16T10:29:36,1860,27.9,48,13,23.1,60,12.4
2026-07-16T12:30:36,1860,31.3,37.6,12.2,22.1,59.7,11.7
2026-07-16T14:31:13,1620,32,32.8,11.1,21.6,58.8,11.2
2026-07-16T16:31:54,1200,28.9,32.9,9.4,20.7,56.4,10.2
2026-07-16T18:32:14,1095,25.1,39.7,9.2,19.4,61,10.2
2026-07-16T20:31:27,540,20.9,45.8,8.3,16.3,75.6,10.5
2026-07-16T22:30:43,525,17.1,46.2,6.7,13.8,84.7,10.1
2026-07-17T00:30:05,525,14,51.4,6.2,12.5,90,9.9
2026-07-17T02:30:09,510,11.7,59.9,6.3,12.7,94.3,10.5
2026-07-17T04:29:42,585,12.2,94.3,10.2,20.1,70.9,12.3
2026-07-17T06:29:26,2460,16.2,94.2,13,24.2,50.7,11.2
2026-07-17T08:30:05,2010,24.7,54,12.2,26.6,44.9,11.3
2026-07-17T10:29:21,2025,30.7,40.9,12.9,25.9,49.8,12.1
2026-07-17T12:29:26,1905,34.2,33.8,12.8,23.8,56.7,12.2
2026-07-17T14:29:28,1575,34.3,31.9,12.2,23.9,57.1,12.4
2026-07-17T16:29:26,1140,31.9,34.5,11.6,23.7,59.3,12.7
2026-07-17T18:28:50,1050,27.8,40.2,10.8,21.7,63.4,12.1
2026-07-17T20:29:23,540,23.7,45.7,9.8,18.8,75.1,12.1
2026-07-17T22:29:27,540,20,46.8,8.1,16.9,82.6,11.9
2026-07-18T00:29:04,525,17.2,53.7,7.9,16.3,90.9,12.6
2026-07-18T02:28:45,480,15.7,65.5,8.8,17.8,97.1,14.7
2026-07-18T04:28:21,810,17,91.1,13.2,20.5,86,15.3
2026-07-18T06:28:19,1710,19.5,89.1,14.9,22.2,74.6,14.6
2026-07-18T08:28:30,1815,25.2,63.3,14.7,24.4,64,14.2
2026-07-18T10:28:03,1905,29.9,48.7,14.7,24.7,62.1,14.1
2026-07-18T12:27:33,1740,31.4,40.4,13.2,26.1,53.3,13.1
2026-07-18T14:27:22,1260,30.4,39.5,12.3,25.5,55,13
2026-07-18T16:27:25,1140,28.3,39.1,10.8,24.7,52.5,11.9
2026-07-18T18:26:32,555,25.5,50.7,12,21.3,80.1,14.9
2026-07-18T20:26:05,540,22.9,57.9,11.8,19.9,93.7,16.1
2026-07-18T22:25:17,540,21,71.5,13.1,19.1,100,16.4
2026-07-19T00:26:00,705,19.9,75.2,12.9,18.1,100,15.4
2026-07-19T02:25:36,660,18.8,76.2,12.3,17.3,100,14.7
2026-07-19T04:26:07,930,18.2,78,12.1,16.1,100,13.7
2026-07-19T06:26:25,945,17.5,76.1,11.3,15.1,99.9,12.9
2026-07-19T08:26:11,1335,18.3,79.5,12.4,17.5,86.8,12.9
2026-07-19T10:25:28,1530,21.2,67.1,12.4,19.7,74.5,12.6
2026-07-19T12:25:04,1110,22.6,55.3,11.1,18.7,75.7,12.1
2026-07-19T14:25:29,1065,21.8,53.6,10.3,17.5,75.8,11.3
2026-07-19T16:26:23,1035,20.5,55.5,9.9,16.6,77.9,11
2026-07-19T18:26:32,915,19,57.5,9.4,15.9,79.3,10.7
2026-07-19T20:26:51,780,17.2,61.8,9,15.3,81.9,10.7
2026-07-19T22:26:49,780,16,65.9,9,14.8,83,10.5
2026-07-20T00:26:38,840,15.1,67.5,8.7,14.3,81.9,10.1
2026-07-20T02:26:15,885,14.3,70.1,8.6,13.8,82.7,9.8
2026-07-20T04:26:56,1140,14.3,74.3,9.1,14.3,80.8,9.9
2026-07-20T06:27:20,1440,15.8,71.3,9.6,16.2,71.8,9.9
2026-07-20T08:27:51,1890,19.9,60.8,10.4,20.1,56.9,9.9
2026-07-20T10:27:28,2145,24.3,42.3,9.4,20.9,46.8,8.5
2026-07-20T12:26:43,2025,28.2,31.8,8.7,20.3,46.3,8.1
2026-07-20T14:26:38,1365,27.5,28.7,7.6,19.8,46.5,7.9
2026-07-20T18:26:43,705,20.8,38.1,6.9,16.9,57.5,8.3
2026-07-20T20:25:53,525,17.6,45.9,6.9,14.7,68.8,8.7
2026-07-20T22:25:06,525,15.2,54.2,7,12.9,76.5,8.6
2026-07-21T00:25:01,525,13.3,59.4,6.9,11.8,78.9,8.3
2026-07-21T02:25:10,630,12,66,7,10.8,84.8,8.4
2026-07-21T04:24:34,1005,11.6,70.6,7.3,11.5,79.2,8.2
2026-07-21T06:25:02,1260,12.7,69.4,7.7,12.3,76,8.2
2026-07-21T08:23:59,1365,14.8,62.5,7.9,13.1,72.3,8.2
2026-07-21T10:23:48,1290,16,56.9,7.7,13.6,69.9,8.2
2026-07-21T12:24:37,1200,16.4,60.8,8.5,13.4,78.7,9.1
2026-07-21T14:24:31,1230,16.5,64.9,9.1,13.4,84.1,9.8
2026-07-21T16:25:13,1140,16.4,61.9,8.6,12.5,86.1,9.5
2026-07-21T18:24:37,1005,15.3,64.2,8.4,11.9,88.4,9.4
2026-07-21T20:24:53,735,14.1,68.3,8.3,11.4,95.1,9.8
2026-07-21T22:24:33,585,13,71,8,11.1,96.8,9.7
2026-07-22T00:24:21,585,12.4,75.5,8.2,11.2,97.6,9.9
2026-07-22T02:23:59,645,12,77.2,8.2,11,98.6,9.9
2026-07-22T04:24:49,795,12,83,8.8,11.5,99.5,10.3
2026-07-22T06:25:35,1200,13.3,85.9,9.9,13,94,10.7
2026-07-22T08:26:13,1680,16.5,75.7,10.6,16.3,75.6,10.5
2026-07-22T10:26:20,1830,23.3,47.5,9.9,19.4,57.4,9.6
2026-07-22T12:26:23,1620,26.7,30.1,7.6,19.2,46.4,7.6
2026-07-22T14:27:02,1560,27.9,27.3,7.4,19.2,45.6,7.5
2026-07-22T16:26:28,1080,26.1,28.9,7.1,18.3,50.1,7.8
2026-07-22T18:25:55,540,22.2,38.6,7.6,16.6,66.1,9.3
2026-07-22T20:25:20,525,19,42.2,6.9,15,73.7,9.4
2026-07-22T22:24:45,480,16.5,45.9,6.4,14.1,81.1,9.8
2026-07-23T00:24:29,540,15.2,54,7,13.8,88.2,10.5
2026-07-23T02:24:38,525,14.4,57.8,7.1,12.9,90.8,10.2
2026-07-23T04:24:23,480,13.9,65.8,7.9,12.9,94.7,10.7
2026-07-23T06:24:31,480,14.5,77.2,9.6,14.7,95.1,12
2026-07-23T08:25:11,1620,17.6,81.9,12.3,18.3,78.3,12.2
2026-07-23T10:25:44,2040,23,60.1,12.4,20.9,62.8,11.4
2026-07-23T12:25:52,1290,26.4,43.6,10.9,17.3,78.2,11.5
2026-07-23T14:25:38,1515,24.8,52.1,11.9,17.6,80.7,12.1
2026-07-23T16:26:24,1410,23.5,56.7,12,17.2,85.2,12.5
2026-07-23T18:25:51,1275,22,61.2,11.9,16.4,90.8,12.7
2026-07-23T20:26:22,540,18.4,59.1,9.3,13.8,96.2,11.5
2026-07-23T22:25:24,540,15.5,58.1,7.7,12.1,99.2,10.6
2026-07-24T00:24:41,465,12.7,60.8,6.8,10.5,100,9.7
2026-07-24T02:25:30,480,10.3,65.9,6.3,9.6,100,9.2
2026-07-24T04:25:55,480,9.7,90.7,8.4,14.9,95.4,12.2
2026-07-24T06:26:37,810,13,98.3,11.1,23.6,60.9,13
2026-07-24T08:26:29,3405,19.8,94.2,16.1,26.5,45.1,11.3
2026-07-24T10:26:49,1590,26,44.1,10.7,21.7,56.5,10.8
2026-07-24T12:27:35,1635,26,44.2,10.8,21,58.7,10.8
2026-07-24T14:27:44,1590,26.4,40.7,10.1,20,59,10.2
2026-07-24T16:28:31,1020,24.1,40.7,8.9,18.5,63.2,10
2026-07-24T18:27:41,705,20.8,49.2,8.9,17.1,72.9,10.6
2026-07-24T20:28:14,525,17.2,49.5,7.2,13.9,81.9,9.8
2026-07-24T22:27:29,525,14.3,53.1,6.5,12.7,87.3,9.7
2026-07-25T00:27:09,525,13.1,64.5,7.4,15.1,77.8,10
2026-07-25T02:27:10,510,12.9,71.7,8.1,14.7,84.2,10.6
2026-07-25T04:27:01,900,13.5,83.6,9.8,16,82.2,11.2
2026-07-25T06:26:23,1680,16.2,82,11.3,18.1,72.2,11.2
2026-07-25T08:26:43,1170,18.7,67.7,10.8,16.5,83.1,11.7
2026-07-25T10:27:06,1110,18.9,70.6,11.4,17.7,82.9,12.5
2026-07-25T12:26:09,1515,19.3,74.6,12.4,18.7,78.6,12.6
2026-07-25T14:25:28,975,20.5,68.9,12.3,17.9,90.6,13.8
2026-07-25T16:26:13,915,19.5,71.9,12.1,17.2,94.4,13.8
2026-07-25T18:27:03,765,18.5,73.7,11.7,16.5,98.2,13.8
2026-07-25T20:26:24,510,17.2,75.5,11.1,16.3,97.4,13.5
2026-07-25T22:25:44,765,16.3,77.5,10.7,16.3,90.7,12.6
2026-07-26T00:26:21,960,15.7,78,10.4,16,86.5,11.8
2026-07-26T02:26:48,945,15.4,80.3,10.5,15.9,88.2,11.9
2026-07-26T04:26:28,975,15.5,85.7,11.3,16.1,93.4,12.8
2026-07-26T06:26:04,1365,16.5,86.3,12.1,17.1,87.3,12.7
2026-07-26T08:26:32,1065,17.3,85.1,12.5,16.6,98.3,13.9
2026-07-26T10:26:45,1650,18.9,83.5,13.5,18.6,84,13.4
2026-07-26T12:27:13,1305,20,76.1,13.1,18.3,88.8,13.9
2026-07-26T14:27:07,1005,19.8,74.4,12.7,18.6,89.7,14.3
2026-07-26T16:27:07,1035,19.2,73.1,12.1,18.2,85.8,13.3
2026-07-26T18:28:02,855,18.3,77.9,12.2,18.1,90.8,14
2026-07-26T20:27:39,870,17.7,79.8,12,17.6,92.9,13.9
2026-07-26T22:27:22,705,17.1,81,11.8,16.6,99.2,14
2026-07-27T00:27:54,630,16,80,10.9,15.4,100,13.1
2026-07-27T02:27:38,585,15.2,82.2,10.7,15.1,100,12.9
2026-07-27T04:27:18,705,15,87.5,11.2,15.7,100,13.4
2026-07-27T06:27:32,915,16.2,91,12.5,16.8,100,14.3
2026-07-27T08:26:43,1620,18.3,95,14.8,17.9,97.5,14.9
2026-07-27T12:26:08,1680,22.1,71.5,14,19.9,80.4,13.8
2026-07-27T14:25:22,1695,23.9,62,13.4,20.2,75.5,13.2
2026-07-27T16:25:15,1350,24,60.3,13.1,19.6,81.6,13.8
2026-07-27T18:24:54,645,21.7,64.8,12.4,17.7,98.1,14.8
2026-07-27T20:24:41,540,19.1,69,11.3,16.7,100,14.2
2026-07-28T00:23:59,780,17.2,75.7,11.1,15.3,100,13.1
2026-07-28T02:23:44,930,16.5,78.3,11,14.5,100,12.4
2026-07-28T04:24:06,930,15.8,80.7,10.9,14.5,100,12.4
2026-07-28T06:24:14,870,16.3,87,12.1,16.5,98.9,13.9
2026-07-28T08:24:13,2475,18.7,88.3,14.1,22.3,61.1,12.1
2026-07-28T10:24:41,2790,23.5,60.5,12.8,22.3,54.6,10.8
2026-07-28T12:24:04,1425,23.8,51.6,11.1,18.1,74.8,11.6
2026-07-28T14:23:25,1080,22.6,49,9.8,17.9,71,10.8
2026-07-28T16:24:02,900,20.5,55,9.8,17.6,74.6,11.2
2026-07-28T18:23:49,705,18.8,58.8,9.5,16.3,81,11.2
2026-07-28T20:23:45,525,16.7,58.8,8.4,14.4,90,11.1
2026-07-28T22:23:09,525,14.6,61.8,7.7,12.9,95.7,10.8
2026-07-29T00:22:43,465,13.1,66.9,7.6,12.7,98.7,11
2026-07-29T02:22:12,525,12.4,71.3,7.8,12.6,100,11.1
2026-07-29T04:21:56,465,12.2,85.6,9.2,16.8,89.8,12.8
2026-07-29T06:21:32,1170,14.2,95,11.6,24.6,55.7,12.5
2026-07-29T08:22:25,3240,19.6,88.1,14.9,27.8,42.4,11.4
2026-07-29T10:22:54,2115,27.1,42.2,10.9,26.7,39.6,10
2026-07-29T12:23:13,2055,29.9,33.6,10.1,23.9,43.5,9.4
2026-07-29T14:23:21,1395,28.7,31.9,9,23.1,45.8,9.5
2026-07-29T16:23:23,990,26.5,37,9.3,23.3,49.8,10.4
2026-07-29T18:23:44,885,23.8,49.3,10.6,20.9,67,12.2
2026-07-29T20:23:29,525,20.4,47.9,8.5,17.9,69.7,10.6
2026-07-29T22:23:43,525,17.2,51.5,7.5,15.2,85.6,11.1
2026-07-30T00:24:06,465,14.7,56.8,7.1,13.8,94.3,11.2
2026-07-30T02:23:36,465,13,62.1,7,13.2,98.1,11.3
2026-07-30T04:23:20,510,13.1,76.2,8.7,14.6,100,12.5
2026-07-30T06:22:51,1275,15.7,93,12.4,21.2,71.6,13.3
2026-07-30T08:22:09,1935,20.6,79.5,14.2,22.7,66,13.3
2026-07-30T10:22:14,1635,24.6,61.2,13.8,21.7,72.5,13.8
2026-07-30T12:21:52,1620,26.6,57.1,14.4,22.2,72.9,14.3
2026-07-30T14:21:47,1620,28.8,49.1,14,22.8,69,14
2026-07-30T16:21:50,840,26.6,49.1,12.4,22.3,72.1,14.2
2026-07-30T18:21:18,885,24.4,58.1,12.9,19.9,87.1,15
2026-07-30T20:21:53,540,21.1,60.9,11.2,18,95.1,14.6
2026-07-30T22:21:33,525,18.6,62.1,9.9,17.2,96.7,14.2
2026-07-31T00:21:02,525,16.5,65.6,9.2,16.1,98.8,13.5
2026-07-31T02:21:24,510,15.1,73.7,9.5,16.7,100,14.2
2026-07-31T04:21:31,705,15.7,95.4,12.8,20.1,87.5,15.2
2026-07-31T06:22:10,1620,18.4,97.9,15.4,23.6,71.9,15.3
2026-07-31T08:21:14,2115,23.7,78.6,16.8,26.3,62.2,15.4
2026-07-31T10:21:53,1665,28.1,57.2,15.7,26,63.6,15.5
2026-07-31T12:21:22,1335,29.3,51.6,15.1,25.6,66.6,15.9
2026-07-31T14:20:45,825,25.5,63,14.9,20.9,95.4,17.4
2026-07-31T16:21:27,810,23.5,69.4,14.7,20.2,97.9,17.1
2026-07-31T18:22:10,810,22,73.9,14.3,19.4,100,16.7
2026-07-31T20:21:57,630,20.5,71.6,12.7,17.9,100,15.3
2026-07-31T22:22:44,525,18.6,70.4,11.2,16.6,100,14.1
2026-08-01T00:22:40,525,16.7,71.3,10.1,15.3,100,13.1
2026-08-01T02:22:27,585,15.6,79.3,10.5,14.9,100,12.7
2026-08-01T04:23:10,900,15.5,86.2,11.4,15.3,100,13.1
2026-08-01T06:23:33,1170,17.1,96.8,14.1,21.5,81,15.3
2026-08-01T08:23:48,2910,21.2,85.2,15.8,25.9,53.8,13
2026-08-01T10:23:17,2175,26.2,48.2,11.9,24,49.5,10.8
2026-08-01T12:23:43,1860,26.9,45.4,11.6,22.9,54.4,11.1
2026-08-01T14:23:37,1365,26.6,41.5,10.5,21.6,58,11
2026-08-01T16:24:17,945,24.4,45.4,10.1,19.8,67.2,11.5
2026-08-01T18:23:59,735,20.9,49.4,9,17.4,72,10.7
2026-08-01T20:23:35,525,18.1,52.1,8,15.5,78.5,10.4
2026-08-01T22:24:09,465,16,55.8,7.6,14.6,87,10.9
2026-08-02T00:24:33,510,14.6,60,7.5,13.9,93.2,11.2
2026-08-02T02:24:45,525,13.6,64.3,7.6,13.6,95.4,11.2
2026-08-02T04:24:04,510,13,70.8,8,14.6,96.2,12
2026-08-02T06:24:40,870,14.4,93.1,11.5,22.8,65.3,13.3
2026-08-02T08:25:00,3435,19.3,84.2,14,26.9,39.5,10.1
2026-08-02T10:25:22,2205,26.3,38,9.4,24.1,38.7,8.5
2026-08-02T12:25:17,2190,27.9,36,9.7,22.2,44.6,8.8
2026-08-02T14:25:37,1290,26.5,34.5,8.6,20.3,52,9.1
2026-08-02T16:25:38,810,22.9,42,8.6,18.2,64.6,10
2026-08-02T18:25:23,525,19.6,50.4,8.5,16.7,74.9,10.6
2026-08-02T20:25:10,525,16.7,53.7,7.6,14.7,84.7,10.7
2026-08-03T00:24:27,525,13.2,63,7.2,13.4,95.5,11.1
2026-08-03T02:23:59,510,12.2,69.6,7.5,13.5,98.4,11.5
2026-08-03T04:24:19,525,12.4,82.9,9.1,17.3,89.3,13.2
2026-08-03T06:23:55,1500,14.7,90.7,11.4,23.6,54.8,11.7
2026-08-03T08:23:54,3000,19.9,70.1,12,23.6,46.1,9.8
2026-08-03T10:23:17,1755,23.7,47.1,10.1,21.3,53.1,9.9
2026-08-03T12:22:31,1905,25.8,42.3,10.2,20.3,54.7,9.6
2026-08-03T14:23:03,1470,24.6,42.9,9.7,19.8,57.8,9.9
2026-08-03T16:22:48,1215,23.2,42.4,8.8,19.3,57.3,9.5
2026-08-03T18:22:20,840,20.5,46.6,8.3,17.2,65.7,9.6
2026-08-03T20:22:23,525,17.2,47.7,7,14.4,73.8,9.1
2026-08-03T22:21:27,510,14.3,51.3,6.3,12.3,85.5,9.3
2026-08-04T00:22:18,510,11.6,57,5.9,10.6,92.5,9
2026-08-04T02:21:31,510,9.4,63,5.7,9.8,94.7,8.8
2026-08-04T04:21:58,510,8.4,81.1,6.9,13,95.2,10.8
2026-08-04T06:21:31,510,11.6,98.5,10.2,16.7,96.3,13.7
2026-08-04T08:21:21,2145,17.1,100,14.6,21.4,70.2,13.2
2026-08-04T10:21:03,1755,22.7,67,13.5,20.8,72.8,13.2
2026-08-04T12:21:16,1620,24.8,56,12.7,20.3,73.1,12.9
2026-08-04T14:21:11,1875,24,56.2,12.2,20.5,65.5,11.7
2026-08-04T16:21:35,1380,23.7,48.7,10.4,20.6,60.9,10.9
2026-08-04T18:21:52,1410,21.3,56.4,10.5,18.8,67.5,10.9
2026-08-04T20:22:26,525,17.9,60.3,9.2,15,87.1,11.2
2026-08-04T22:22:46,525,14.8,59.6,7.5,13,91.4,10.4
2026-08-05T00:22:29,525,12,64,6.8,11.6,95,9.9
2026-08-05T02:22:38,510,9.8,69.8,6.5,10.5,97.9,9.5
2026-08-05T04:23:05,510,8.8,83.6,7.3,12.5,100,11
2026-08-05T06:23:43,525,12.1,99.3,10.6,16.7,93.5,13.3
2026-08-05T08:23:53,2250,17.4,100,14.8,19.3,79.3,13.1
2026-08-05T10:23:20,2925,24.6,59.7,13.4,23.2,53.5,11.1
2026-08-05T12:22:58,1650,27.6,41.6,11.1,22,56.5,11
2026-08-05T14:23:35,1455,26.6,41.1,10.4,21.3,57.4,10.7
2026-08-05T16:22:52,960,25.6,44.1,10.5,20,69,11.9
2026-08-05T18:23:40,540,22.4,50.9,10.1,18.9,77.5,12.6
2026-08-05T20:23:33,525,20,54.7,9.5,18.1,85.1,13.1
2026-08-05T22:24:15,525,18.6,61.3,9.8,17.9,87.6,13.4
2026-08-06T00:23:42,525,17.9,65.4,10,17.8,89.5,13.6
2026-08-06T02:24:17,525,17.4,67.9,10.1,17.7,92.5,14
2026-08-06T04:24:39,525,17.6,80.6,12.1,19.5,90.1,15.1
2026-08-06T06:24:34,1080,19,87.9,14.3,24.9,68.8,15.8
2026-08-06T08:24:38,1845,23.4,74.4,15.6,24.4,67.4,15
2026-08-06T10:24:01,1185,24.7,65.6,14.9,21.7,83.9,16
2026-08-06T12:23:21,1800,27.4,51.7,13.6,23.9,61.4,13.3
2026-08-06T14:24:02,1590,28.5,43.7,12.2,22.4,62,12.3
2026-08-06T16:24:14,870,25.9,46.4,11.2,20.5,73.3,13
2026-08-06T18:23:47,525,22.6,55,11,18.6,86.2,13.7
2026-08-06T20:24:05,525,19.7,59.5,10.1,17,95.7,13.8
2026-08-06T22:24:13,525,17.7,66.4,10,16.8,94.8,13.5
2026-08-07T00:24:07,525,16.7,72.8,10.3,17.1,96.5,14
2026-08-07T02:24:29,525,16.2,74.7,10.3,16,97.3,13.3
2026-08-07T04:24:11,525,15.7,85.8,11.5,18.3,90.5,14.1
2026-08-07T06:24:53,1710,16.9,90.4,13,21.9,66.3,12.8
2026-08-07T08:25:36,2370,21.2,70.9,13.1,24.3,51.7,11.4
2026-08-07T10:25:59,1620,24.8,51.3,11.7,22.6,58.3,11.7
2026-08-07T12:26:32,1800,26.2,47.1,11.6,22.1,57.9,11.3
2026-08-07T14:26:14,1290,26.3,38.8,9.6,20.8,56.8,10.3
2026-08-07T16:26:55,1065,24.7,40.3,9.1,19.5,60.2,10.1
2026-08-07T18:26:52,870,21.6,44.9,8.5,17.1,67.7,9.9
2026-08-07T20:27:06,525,18.1,46.2,7.1,14,72.9,8.8
2026-08-07T22:27:39,510,15.1,49.3,6.4,11.9,80.6,8.5
2026-08-08T00:27:23,510,12.9,53.4,6,10.6,85.3,8.3
2026-08-08T02:27:20,510,11,58.2,5.8,9.6,90.5,8.3
2026-08-08T04:26:48,510,10,71.9,6.8,14,85.9,10.4
2026-08-08T06:27:13,1095,12.3,88.5,9.6,19.9,60.8,10.4
2026-08-08T08:27:25,2340,18.2,64.6,10,21.3,47.4,8.8
2026-08-08T10:27:04,2070,23.6,43.1,9.2,21.6,44.4,8.4
2026-08-08T12:27:15,1680,26.6,31.3,7.9,20.2,44.3,7.7
2026-08-08T14:27:06,1425,26.2,30.3,7.5,19.8,45.3,7.7
2026-08-08T16:26:24,1170,25.3,31.2,7.3,19.5,47.2,7.9
2026-08-08T18:25:53,840,22.2,34.6,6.8,17.2,54,7.9
2026-08-08T20:25:11,525,18.5,38.1,6,14.5,68,8.5
2026-08-08T22:25:37,510,15.5,42.2,5.6,12.5,83.6,9.2
2026-08-09T00:26:07,525,13.6,51.3,6,13.3,97,11.2
2026-08-09T02:26:16,510,13.2,61.4,7,13.9,100,12
2026-08-09T04:26:29,525,13.2,72.4,8.3,17,93.2,13.5
2026-08-09T06:26:44,1170,15.5,82.1,10.8,22.5,58.6,11.7
2026-08-09T08:26:42,2835,20.8,69.5,12.6,24.5,47.1,10.5
2026-08-09T10:26:20,1740,24.8,48.1,11,22.2,54.4,10.7
2026-08-09T12:26:53,1245,26.1,45.1,11,20.6,66.1,11.8
2026-08-09T14:26:36,1185,26.3,45.4,11.2,19.9,70.6,12.1
2026-08-09T16:26:40,975,25.7,43.9,10.5,19,72.7,11.8
2026-08-09T18:27:06,525,22.6,49.2,9.9,17.3,83.5,12.3
2026-08-09T20:27:37,525,19.8,52.9,9,16,91.4,12.4
2026-08-09T22:27:21,525,17.9,60.1,9.2,15.6,91.6,12.2
2026-08-10T00:26:54,525,16.4,63,8.8,15,91.9,11.8
2026-08-10T02:27:47,525,15,65.6,8.4,14,99.2,12
2026-08-10T04:26:52,510,14.5,81.2,10.1,15.8,96.9,13
2026-08-10T06:26:29,1875,16.6,89.9,12.7,20.2,69.2,12.1
2026-08-10T08:25:57,1830,22.2,67.3,13.2,21.9,65.9,12.7
2026-08-10T10:25:43,1635,26.4,50,12.5,22.7,61.6,12.4
2026-08-10T12:25:23,1080,25.6,46.6,11.1,20,71.3,12.3
2026-08-10T14:24:56,525,21.8,56.8,10.9,17.4,93.7,13.9
2026-08-10T16:24:25,585,19.2,69.1,11.4,16.2,100,13.8
2026-08-10T18:24:26,525,17.7,73.3,11.1,15.9,100,13.5
2026-08-10T20:25:12,525,16.7,74.7,10.6,15.3,100,13.1
2026-08-10T22:24:40,585,16.1,80.3,11,15.7,100,13.4
2026-08-11T00:23:54,585,15.8,80.2,10.8,15.4,100,13.1
2026-08-11T02:23:33,645,15.1,77.1,9.9,13.8,100,11.9
2026-08-11T04:24:23,765,14.3,85.6,10.5,14.4,100,12.4
2026-08-11T06:24:54,1095,15,93.4,12,17.6,87.1,13.1
2026-08-11T08:25:43,2985,18.5,79,12.5,23.5,48.4,10.2
2026-08-11T10:26:27,1575,22.7,54.4,11,18.5,69.9,11.1
2026-08-11T12:25:40,1440,21.1,58.1,10.7,16.2,79.9,11
2026-08-11T14:24:53,990,20,58.2,10.1,15.6,84.9,11.3
2026-08-11T16:25:15,1140,18.8,63.5,10.2,15.4,84.3,11.1
2026-08-11T18:24:55,930,16.8,59.2,8.5,12.9,85,9.6
2026-08-11T20:25:40,630,14.4,63.3,7.8,11.6,90.7,9.4
2026-08-11T22:25:44,510,12.6,65.2,7.2,10.3,92.8,8.9
2026-08-12T00:26:18,525,10.9,67.3,6.7,9.2,95.3,8.5
2026-08-12T02:26:43,465,9.7,73.8,6.8,9.1,98.2,8.7
2026-08-12T04:27:08,510,9.5,86.2,7.8,12.4,89.6,9.8
2026-08-12T06:27:28,1320,11.5,93.3,9.6,18.1,65.7,10.1
2026-08-12T08:26:35,2145,16.8,70.9,10.1,19.8,53.7,9.2
2026-08-12T10:26:45,1395,20.2,53.7,9.4,18.2,62.6,9.7
2026-08-12T12:27:00,1890,21.6,49.2,9.3,18.1,57.5,8.9
2026-08-12T14:27:15,1455,22.8,37.8,7.7,17.9,51.6,7.9
2026-08-12T16:26:53,1005,20.2,41.5,7.3,16.7,57.2,8.1
2026-08-12T18:26:34,645,17.3,48.3,7.1,14.7,67.7,8.5
2026-08-12T20:26:55,525,14.7,53.8,6.8,12.6,77.2,8.5
2026-08-12T22:27:40,525,12.6,61.2,6.8,11.3,84.1,8.6
2026-08-13T00:27:07,510,11,66.6,6.7,9.9,90,8.4
2026-08-13T02:27:17,510,9.7,69.6,6.4,8.9,94,8.2
2026-08-13T04:27:05,525,9,81.2,7.2,11.7,90.7,9.5
2026-08-13T06:27:03,1095,10.9,94.8,9.4,19.7,60.8,10.3
2026-08-13T08:27:07,2955,17.3,77.7,11.4,23.6,43.6,9.3
2026-08-13T10:26:23,2010,25,41.1,9.5,22.4,44.3,8.8
2026-08-13T12:26:17,1560,25.7,37.4,9,21.1,49.1,9
2026-08-13T14:26:00,1410,25.5,36.4,8.6,20.6,49.8,8.9
2026-08-13T16:25:44,1020,22.8,39.6,8,18.9,55.6,9
2026-08-13T18:26:18,795,20.1,47.8,8.3,16.4,69.6,9.7
2026-08-13T20:27:08,510,16.7,48.1,6.8,12.9,82.8,9.3
2026-08-13T22:27:43,525,13.6,51.7,6.1,11.3,88.1,9
2026-08-14T00:28:01,510,11.3,57.4,5.9,10.8,91.4,9
2026-08-14T02:28:34,510,10.6,65.6,6.4,11.5,93.6,9.7
2026-08-14T04:28:14,510,11,75.9,7.6,12.9,94.4,10.6
2026-08-14T06:28:06,960,13.1,90.1,10.3,17.2,79.1,11.6
2026-08-14T08:27:53,1890,16.8,80.1,11.4,18.3,69.4,10.8
2026-08-14T10:28:27,1800,21,67.2,12.3,20,68.3,11.8
2026-08-14T12:28:38,2490,25.4,45.1,10.6,20,52.6,9.1
2026-08-14T14:28:50,1290,25.9,42.7,10.3,19.8,64.4,11
2026-08-14T16:29:02,945,23.9,47.7,10.3,18.5,74.1,11.7
2026-08-14T18:28:26,525,20.7,55.6,10,17.6,87.9,13.2
2026-08-14T20:28:41,525,18.5,60.7,9.6,16.6,91.2,12.9
2026-08-14T22:28:36,525,17.2,63.2,9.3,15.9,95.2,12.9
2026-08-15T00:29:21,525,16.3,66.6,9.2,15.4,97.1,12.8
2026-08-15T02:29:16,525,15.6,69,9.2,15.6,99.3,13.2
2026-08-15T04:29:30,525,15.4,79.6,10.5,16,100,13.6
2026-08-15T06:29:33,1035,16.7,92.3,13.1,17.9,95.4,14.6
2026-08-15T08:30:14,2100,20.3,93.4,16.4,24,69.3,15.1
2026-08-15T10:29:57,2040,26,65.7,16,24.9,64.9,14.9
2026-08-15T12:30:16,1860,29.9,47.1,14.2,23.8,63.4,13.6
2026-08-15T14:29:34,1350,29.7,45,13.4,22.7,69.9,14.1
2026-08-15T16:29:32,1215,26.4,42.3,10.5,21.6,59.8,11.3
2026-08-15T18:28:51,525,22.8,50.3,10.2,18.8,77.7,12.5
2026-08-15T20:28:02,540,19.5,54.6,9.2,17.7,87.6,13.2
2026-08-15T22:28:05,525,17.8,63.3,9.6,17.9,84.7,12.9
2026-08-16T00:28:15,525,17.1,67.4,9.8,16.8,93.7,13.4
2026-08-16T02:28:44,525,16.5,71.8,10.1,16.1,98.7,13.5
2026-08-16T04:28:13,525,16.2,74.2,10.2,16.7,100,14.2
2026-08-16T06:28:27,900,17.1,86.7,12.6,18.2,92.7,14.4
2026-08-16T08:27:49,1620,19.6,87.8,14.8,20.8,81.9,14.8
2026-08-16T10:28:38,2070,22.3,67.6,13.3,20.9,67.5,12.3
2026-08-16T12:28:29,1680,25.6,53.8,12.8,19.3,75.6,12.5
2026-08-16T14:29:06,990,24.3,52.4,11.6,18.2,83.6,13
2026-08-16T16:29:54,735,21.3,56.3,10.5,17.4,84.6,12.5
2026-08-16T18:30:22,525,19,61.9,10.1,16.1,92.8,12.7
2026-08-16T20:30:48,525,17.3,65.5,9.6,15.1,99,12.8
2026-08-16T22:31:24,525,16.5,71.3,10,15.1,100,12.9
2026-08-17T00:31:10,510,16,73.8,10.1,15,100,12.8
2026-08-17T04:30:20,525,15,83.4,10.7,15.2,100,13
2026-08-17T06:30:18,1305,16,87.7,11.9,16.7,88.8,12.6
2026-08-17T08:30:01,1935,19.3,77.9,12.9,21.8,63.4,12.2
2026-08-17T10:29:17,1545,22.6,58.3,11.7,21,64.8,11.9
2026-08-17T12:28:36,1890,25.6,49.3,11.7,21.2,60.4,11.2
2026-08-17T14:28:14,1185,25.2,46.4,10.8,20.1,67,11.6
2026-08-17T16:27:38,945,23.2,51.5,10.7,19,75,12.2
2026-08-17T18:28:15,810,20.4,52.2,9.2,16.5,77.3,10.9
2026-08-17T20:28:47,525,17.2,55.8,8.2,14.1,85.5,10.4
2026-08-17T22:28:17,525,14.8,59.5,7.5,12.4,91,9.9
2026-08-18T00:28:53,525,12.9,62.7,7.1,11,94.9,9.5
2026-08-18T02:28:17,525,11.1,65.7,6.6,9.7,97.7,9
2026-08-18T04:27:34,525,10,75.1,7.1,11.6,98.8,10.3
2026-08-18T06:26:53,525,11.9,93.5,9.9,18,79.8,12.3
2026-08-18T08:27:28,3315,17.2,92.6,13.6,25,44.1,10.2
2026-08-18T10:27:28,1890,25.5,42.3,10,22.1,49.1,9.6
2026-08-18T12:26:50,1755,25.7,41.5,9.9,20.8,53.5,9.7
2026-08-18T14:27:13,1425,25.7,39.2,9.4,19.9,56.5,9.7
2026-08-18T16:27:34,1140,22.8,46.2,9.4,17.8,67.4,10.2
2026-08-18T18:27:00,735,19.7,49.9,8.5,14.4,81.3,10
2026-08-18T20:26:00,525,15.7,53.5,7.2,12.3,88.8,9.6
2026-08-18T22:25:58,525,13.3,60.7,7,11.6,93,9.7
2026-08-19T00:26:10,525,11.6,64.3,6.7,11.2,94.7,9.6
2026-08-19T02:25:35,525,10.9,70.8,7,10.6,98,9.6
2026-08-19T04:26:00,510,10.3,79.7,7.6,11.1,100,10.1
2026-08-19T06:25:11,585,11.7,93.8,9.8,16,86.5,11.8
2026-08-19T08:25:42,2850,17.2,86.7,12.7,22.6,53.1,10.7
2026-08-19T10:25:29,1950,24.4,44.9,10,21.7,49.5,9.4
2026-08-19T12:25:30,1800,27.1,34.2,8.9,20.4,48.6,8.6
2026-08-19T14:26:21,1800,28.4,29.4,8.2,20.2,45.3,7.9
2026-08-19T16:26:17,1050,25.9,31.3,7.6,18.9,52.1,8.4
2026-08-19T18:26:18,585,21.6,37.2,7.1,15.5,64.7,8.5
2026-08-19T20:26:31,525,17.1,38.9,5.7,12.3,76.2,8.3
2026-08-19T22:26:04,525,13.5,42.8,5,10.2,85.6,8.1
2026-08-20T00:26:24,525,10.4,48.1,4.6,8.6,91.1,7.8
2026-08-20T02:26:15,465,7.8,54.5,4.4,7.8,93.9,7.7
2026-08-20T04:26:02,510,6.7,71.7,5.4,11.4,94.9,9.7
2026-08-20T06:26:32,525,10,92.4,8.7,17.4,80.4,11.9
2026-08-20T08:26:11,2430,15.5,94.7,12.5,18.3,69.3,10.8
2026-08-20T10:25:46,1050,20.6,59.9,10.7,16.6,84,11.9
2026-08-20T12:26:35,825,19.1,67.7,11.1,15.1,100,12.9
2026-08-20T14:26:18,690,18.2,70.8,11,15.4,100,13.1
2026-08-20T16:25:28,705,17.9,73.4,11.2,15.7,100,13.4
2026-08-20T18:26:23,735,16.9,74.8,10.8,14.7,100,12.6
2026-08-20T20:25:52,735,15.9,76.3,10.3,14.2,100,12.2
2026-08-20T22:25:52,825,15.4,79.6,10.5,14.1,100,12.1
2026-08-21T00:26:13,1065,14.6,79.5,9.9,12.4,100,10.9
2026-08-21T02:25:40,990,13.6,79,9.3,11.7,100,10.5
2026-08-21T04:25:55,915,12.6,81.3,9,11.3,100,10.2
2026-08-21T06:26:32,525,13.2,92.9,10.7,17.9,88.2,13.5
2026-08-21T08:26:36,3045,16.9,97.3,14,24.6,49.7,11.2
2026-08-21T10:27:33,2265,25.1,48.8,11.3,21.4,53.7,10.1
2026-08-21T12:27:46,1410,26.5,41.2,10.3,20.3,60.3,10.6
2026-08-21T14:28:26,1140,23.3,54,11.3,19.3,73.8,12.2
2026-08-21T16:28:43,900,22,53.4,10.4,17.5,79.6,11.9
2026-08-21T18:28:19,525,19,58.9,9.6,16.2,87.9,12.1
2026-08-21T20:27:28,510,17,61.1,8.8,14.8,97.9,12.4
2026-08-21T22:27:58,525,15.4,63,8.3,13.8,99.2,11.8
2026-08-22T00:27:31,525,14.1,67.8,8.2,13.5,100,11.7
2026-08-22T02:27:56,525,13.5,71.7,8.4,12.9,100,11.3
2026-08-22T04:28:11,510,12.5,76.8,8.4,13.2,100,11.5
2026-08-22T06:27:32,900,14.3,93.5,11.5,15.4,100,13.1
2026-08-22T08:26:56,2460,18.4,95.2,15,20.1,74.6,13
2026-08-22T10:27:31,1485,22,63.7,12.4,18.1,81.5,12.6
2026-08-22T12:27:14,1035,21.5,62.2,11.7,17.7,86,13
2026-08-22T14:27:44,840,19.8,62.5,10.7,16.8,85.9,12.3
2026-08-22T16:28:04,795,17.9,72.7,11.1,15.5,97.9,12.9
2026-08-22T18:27:48,930,16.5,79.8,11.2,14.9,99.6,12.7
2026-08-22T20:28:34,990,15.5,85,11.2,14.6,100,12.5
2026-08-22T22:29:04,1320,15.2,91.1,11.8,14.4,100,12.4
2026-08-23T00:28:27,1500,15.1,92.7,12,14.2,100,12.2
2026-08-23T02:28:01,1545,15,93.2,11.9,14,100,12.1
2026-08-23T04:28:12,1530,14.8,93.4,11.8,13.9,100,12
2026-08-23T06:27:47,1590,14.9,93.4,11.9,13.8,100,11.9
2026-08-23T08:27:53,1620,15.7,92.9,12.4,14.4,100,12.4
2026-08-23T10:27:53,1500,16.4,87.5,12.2,14.5,100,12.4
2026-08-23T12:28:11,1200,16.9,80.6,11.6,14.5,100,12.4
2026-08-23T14:27:48,1035,16.2,78.7,10.8,14.1,100,12.1
2026-08-23T16:27:03,930,15.7,76.2,10.2,14.8,91.6,11.6
2026-08-23T18:26:56,690,15,78.2,10,14.6,95.4,11.9
2026-08-23T20:26:49,735,14.3,81.3,10,14.3,95.1,11.7
2026-08-23T22:26:24,720,13.8,84.1,10,13.8,98.4,11.7
2026-08-24T00:26:16,885,13.2,85,9.8,12.7,100,11.1
2026-08-24T02:25:47,1020,12.6,88.9,9.8,12.3,100,10.9
2026-08-24T04:25:39,1095,12.3,91.9,10,12.4,100,10.9
2026-08-24T06:26:10,1215,13.3,94.8,10.9,15.3,90.1,11.8
2026-08-24T08:26:12,1635,16,83.7,11.4,15.8,84,11.3
2026-08-24T10:26:41,1635,18.4,69.5,10.9,17.6,72.4,10.9
2026-08-24T12:26:20,1605,20.8,59.9,10.8,17.6,72.5,10.9
2026-08-24T14:26:26,1350,21.4,63.4,11.9,15.6,94.2,12.5
2026-08-24T16:26:39,1065,20.4,61.7,10.9,15.5,91.4,12.1
2026-08-24T18:26:07,735,18.4,63.6,10,14.2,97.1,11.9
2026-08-24T20:25:56,525,16,63.4,8.6,12.6,98.9,10.9
2026-08-24T22:26:16,525,14,70,8.4,11.7,100,10.5
2026-08-25T00:26:37,510,12.4,74.1,8.1,10.8,100,9.9
2026-08-25T02:27:12,720,11,79.1,7.9,10,100,9.4
2026-08-25T04:27:08,975,10.6,89.3,8.7,10.6,100,9.8
2026-08-25T06:27:06,1170,12.4,94.4,10.3,15.8,82.8,11.1
2026-08-25T08:26:59,2475,17.2,72.8,10.7,18.8,56.3,9.1
2026-08-25T10:26:41,1995,21.8,48.6,9.3,17.5,58,8.6
2026-08-25T12:27:11,1605,25,37.1,8.5,18.4,53.9,8.5
2026-08-25T14:26:56,1245,23.9,37.6,8.1,18.6,54.8,8.7
2026-08-25T16:27:12,915,21.9,41.1,7.9,18.5,57.2,9
2026-08-25T18:26:33,525,18.6,48.6,7.7,14.2,79.2,9.7
2026-08-25T20:25:58,525,15.3,49.2,6.4,12,87.2,9.3
2026-08-25T22:25:53,525,13.1,55.5,6.3,11.5,91.5,9.4
2026-08-26T00:25:44,525,11.5,60.5,6.2,10.9,96,9.5
2026-08-26T02:25:43,510,10.6,72,7,11.3,100,10.2
2026-08-26T04:26:02,510,10.5,82.1,8,12.4,100,10.9
2026-08-26T06:25:55,525,12.3,95.6,10.4,18.6,82,13
2026-08-26T08:25:05,2040,16.9,98.4,14.1,25.9,53.8,13
2026-08-26T10:24:17,2160,23.9,58.7,12.7,23.2,55.3,11.5
2026-08-26T12:23:32,1605,25.3,48.8,11.4,21.4,61,11.4
2026-08-26T14:24:08,1290,24.2,49,10.8,20.6,63.9,11.4
2026-08-26T16:23:23,1305,22.8,55.8,11.3,19.4,71.6,11.9
2026-08-26T18:22:54,765,20.3,56.8,10,16.2,85.2,11.7
2026-08-26T20:23:31,525,16.9,56.3,8.1,13.4,91.5,10.6
2026-08-26T22:24:14,525,14.1,59,7.2,11.8,95.6,10.1
2026-08-27T00:24:45,525,11.7,63.8,6.7,10.6,98.1,9.6
2026-08-27T02:25:02,525,9.8,68.7,6.4,9.5,100,9.1
2026-08-27T04:24:49,510,8.6,74.4,6.4,11.1,99.2,10
2026-08-27T06:24:30,525,9.6,89.8,8.2,20.6,69.4,12.4
2026-08-27T08:24:18,2130,15.4,95.3,12.5,27.2,43.7,11.4
2026-08-27T10:24:19,3180,23.9,59.6,12.9,23.6,47.9,10.2
2026-08-27T12:25:07,2115,28.6,35.5,10,21.6,48,9.1
2026-08-27T14:24:21,1350,26.6,36.3,9.1,21.1,52.3,9.6
2026-08-27T16:24:19,1080,24.3,42.1,9.3,20.1,59.1,10.3
2026-08-27T18:24:59,525,21,49.6,9.1,17.2,75.4,11
2026-08-27T20:25:14,525,17.5,49.5,7.4,14.3,84.8,10.4
2026-08-27T22:25:25,525,14.6,55,6.9,12.9,91,10.3
2026-08-28T00:25:21,525,12.5,58.6,6.4,11.5,93.9,9.7
2026-08-28T02:25:06,525,10.5,63.6,6.2,10.8,95.4,9.4
2026-08-28T04:24:15,510,9.2,70.1,6.3,11.1,96.7,9.7
2026-08-28T06:24:28,525,10.8,91.6,9.1,16.2,86.8,12
2026-08-28T08:23:55,1755,15.5,98.6,13,20.3,71.9,12.6
2026-08-28T10:24:02,2430,22.2,71.2,14,21.5,64.3,12.1
2026-08-28T12:23:44,1785,25.5,50,11.8,20.9,63.1,11.5
2026-08-28T14:24:20,1170,24.8,46.5,10.6,20,66.5,11.5
2026-08-28T16:24:58,885,22.5,52.8,10.5,18.7,75.7,12.1
2026-08-28T18:24:18,510,19.9,58.5,10,17,92.7,13.4
2026-08-28T20:23:53,525,17.7,60.9,9.2,16.2,93.1,12.8
2026-08-28T22:24:03,525,16.3,64.5,8.9,15.9,99.1,13.4
2026-08-29T00:23:53,510,15.4,69.3,9.1,15.3,100,13.1
2026-08-29T02:24:00,510,14.5,71.9,8.9,14.8,100,12.7
2026-08-29T04:23:48,525,13.9,75,9,14.8,100,12.7
2026-08-29T06:23:23,720,14.5,85.2,10.6,17.7,82.8,12.5
2026-08-29T08:23:56,1815,17,83.7,12.1,18.3,74.7,11.7
2026-08-29T10:24:46,1680,20,69.6,12,19.5,71,11.9
2026-08-29T12:24:06,1470,20.4,66.2,11.7,19.2,73.1,12.1
2026-08-29T14:23:58,1275,20.6,64,11.5,19.2,74.3,12.2
2026-08-29T16:24:31,870,19.7,63.3,10.7,18.4,78.4,12.3
2026-08-29T18:24:50,900,18.2,65.2,10.1,18.1,74.8,11.6
2026-08-29T20:25:22,795,17.1,70,10.2,17.6,79.3,11.9
2026-08-29T22:24:34,765,16.5,73.5,10.3,17.3,82.8,12.2
2026-08-30T00:24:20,525,16.2,78.5,10.8,15.8,100,13.5
2026-08-30T02:24:23,585,15.9,81.1,11,15.6,100,13.3
2026-08-30T04:23:45,825,16,85.4,11.6,15.8,100,13.5
2026-08-30T06:23:34,1065,16.4,89.8,12.5,16.3,100,13.9
2026-08-30T08:24:13,1260,17.3,92.5,13.6,17,100,14.5
2026-08-30T10:24:20,1230,18.4,88.9,14,17.6,100,15
2026-08-30T12:23:58,1845,21.3,76.9,14.3,19.1,84.2,13.8
2026-08-30T14:23:27,1515,22.3,69.2,13.7,19.5,83.3,14
2026-08-30T16:22:58,1095,21.6,66.3,12.6,18.3,88.4,13.8
2026-08-30T18:22:30,525,19.1,67.3,11,16.3,97.8,13.6
2026-08-30T20:23:02,525,17.2,71.5,10.5,16,100,13.6
2026-08-30T22:23:10,525,16.3,77,10.7,16.2,100,13.8
2026-08-31T00:23:53,585,16.2,83.6,11.5,16.4,100,14
2026-08-31T02:24:32,810,16.3,87.3,12.1,16.6,100,14.1
2026-08-31T04:24:46,1005,16.5,89.2,12.5,16.4,100,14
2026-08-31T06:24:49,1230,16.7,91.6,13,16.4,100,14
2026-08-31T08:24:51,1410,17.1,93.1,13.5,16.6,100,14.1
2026-08-31T10:24:44,1410,17.7,95.7,14.4,17.7,100,15.1
2026-08-31T12:25:21,1605,19.4,94.9,15.8,18.6,100,15.9
2026-08-31T14:24:32,1245,20,85,14.7,18.4,100,15.7
2026-08-31T16:24:07,1035,19.3,80.7,13.4,17.5,100,14.9
2026-08-31T18:24:11,1035,18.3,80.6,12.6,16.4,100,14
2026-08-31T20:24:40,960,17.3,82.1,12.1,16,100,13.6
2026-08-31T22:24:11,960,16.6,83,11.7,15.5,100,13.2
2026-09-01T00:23:27,1005,15.9,84.1,11.4,14.9,100,12.7
2026-09-01T02:22:32,930,15,83.1,10.7,14,100,12.1
2026-09-01T04:23:07,1005,14.6,90.4,11.3,14.8,100,12.7
2026-09-01T06:23:51,1110,15.4,97.8,12.8,16.6,100,14.1
2026-09-01T08:24:40,1635,17.3,97.7,14.4,18.9,88.2,14.3
2026-09-01T10:24:38,1860,19.6,80.2,13.5,19,79.6,13
2026-09-01T12:24:20,1605,20.7,75.7,13.6,19.3,82.2,13.6
2026-09-01T14:25:08,1905,22.4,70.7,14,19.5,78.9,13.2
2026-09-01T16:24:58,1140,21.8,66.5,12.8,19,85.5,13.9
2026-09-01T18:25:09,690,19.6,65.8,11.1,16.3,95.8,13.3
2026-09-01T20:25:08,525,17.1,66,9.6,14.4,100,12.4
2026-09-01T22:25:22,525,15,69.1,8.9,13.3,100,11.5
2026-09-02T00:25:05,510,13.3,72.4,8.4,12.1,100,10.7
2026-09-02T02:25:50,525,11.9,77.4,8.2,11.7,100,10.5
2026-09-02T04:25:21,810,11.8,89.2,9.4,12.4,100,10.9
2026-09-02T06:26:15,1425,12.7,93.6,10.4,12.1,100,10.7
2026-09-02T08:25:38,1920,15.5,91.9,12.1,17.5,76.7,11.4
2026-09-02T10:25:59,2760,21.6,66.1,12.5,18.6,66.8,10.6
2026-09-02T12:25:31,2040,25.9,46.9,11.4,19.2,63.9,10.5
2026-09-02T14:25:14,1395,25.9,42.6,10.3,19.5,64.3,10.8
2026-09-02T16:24:54,810,23.4,46.4,9.8,18.8,70.3,11.3
2026-09-02T18:24:46,525,19.7,51.9,8.8,15.7,92.2,12.3
2026-09-02T20:25:06,525,16.8,58.6,8.4,14.5,97.9,12.2
2026-09-02T22:25:17,540,14.8,61.1,7.7,12.9,99.5,11.2
2026-09-03T00:24:56,525,12.9,64.7,7.3,12.2,100,10.8
2026-09-03T02:24:26,525,11.6,72.7,7.6,13.5,100,11.7
2026-09-03T04:24:03,510,11.8,84.5,8.9,14.6,100,12.5
2026-09-03T06:24:32,525,12.4,85.6,9.3,15.5,92.3,12.2
2026-09-03T08:25:14,2925,14.6,95.6,12,20,57.2,9.9
2026-09-03T10:25:15,2670,19.3,61.3,10.2,19.4,52.8,8.8
2026-09-03T12:24:48,2100,21.7,50.6,9.7,18.3,56.5,8.8
2026-09-03T14:25:08,1350,22.2,47.4,9.3,17.4,66.1,9.8
2026-09-03T16:25:12,945,19.4,49,8.2,15.7,68.9,9.2
2026-09-03T18:24:32,525,16.2,51.3,7.1,13.1,78.9,9
2026-09-03T20:24:39,525,13.3,52.5,6.1,10.6,87.1,8.5
2026-09-03T22:24:38,525,10.5,55.5,5.4,8.5,92.6,7.9
2026-09-04T00:24:09,525,8.1,60.3,5,7.6,96.6,7.8
2026-09-04T02:24:18,450,6.3,66.9,5,7.9,100,8.2
2026-09-04T04:24:22,450,5.3,73.8,5.1,8.5,100,8.5
2026-09-04T06:23:40,510,5.8,84.8,6.1,12.3,100,10.9
2026-09-04T08:23:52,525,10.1,97.1,9.2,19.1,74.8,12.3
2026-09-04T10:23:39,3420,15.6,97.6,13,18.4,57.3,9
2026-09-04T12:23:55,1560,25.1,42.1,9.7,17.9,64.7,9.9
2026-09-04T14:24:33,1350,23,48,9.9,16.1,75.9,10.4
2026-09-04T16:24:27,825,20.5,49.8,8.9,15.1,79.2,10.2
2026-09-04T18:25:02,525,17.3,51.8,7.6,12.9,88.9,10
2026-09-04T20:25:35,525,14.2,53,6.5,10.8,93.3,9.2
2026-09-04T22:24:51,510,11.8,58.3,6.1,9.9,96.8,9
2026-09-05T00:25:28,510,9.6,61.3,5.6,8.4,98.7,8.4
2026-09-05T02:24:51,465,7.6,66.3,5.3,7.1,100,7.8
2026-09-05T04:25:24,510,6.2,69.6,5.1,6.6,100,7.5
2026-09-05T06:24:36,510,6.6,88.9,6.7,12,94.4,10.1
2026-09-05T08:25:05,1035,11.3,98,10,16.4,79.4,11.1
2026-09-05T10:25:50,3435,17.2,96.6,14.1,19.1,63.3,10.4
2026-09-05T12:26:30,1740,21.4,59.3,11.1,16.2,78.7,10.8
2026-09-05T14:27:10,1110,21.8,44.5,8.5,16.6,66.1,9.3
2026-09-05T16:26:53,840,19.9,48.3,8.3,15.5,72.9,9.6
2026-09-05T18:26:30,525,17.1,53.5,7.8,13.8,82.9,9.9
2026-09-05T20:26:30,525,14.6,60.8,7.6,11.8,92.9,9.8
2026-09-05T22:27:09,525,12.4,66.7,7.3,10.2,98.8,9.4
2026-09-06T00:26:40,510,10.7,69.1,6.8,8.8,100,8.7
2026-09-06T02:26:52,510,9.9,76.3,7.1,8.9,100,8.8
2026-09-06T04:26:08,780,9.8,85,7.9,9.6,100,9.2
2026-09-06T06:25:37,1260,10.7,85.9,8.4,13.6,76.1,9
2026-09-06T08:24:56,1965,14.8,61.7,7.8,15.9,53.5,7.2
2026-09-06T10:25:05,1950,18.9,46.1,7.5,15,54.4,7
2026-09-06T12:24:55,1770,22,36.2,7,15,52.6,6.7
2026-09-06T14:24:45,1335,21.5,32.7,6.2,15.2,49.9,6.5
2026-09-06T16:25:33,810,18.5,34.9,5.5,14.3,52.6,6.5
2026-09-06T18:24:51,525,14.6,38.3,4.8,10.5,67.6,6.6
2026-09-06T20:24:21,510,11.3,44.3,4.5,8.7,81.5,7
2026-09-06T22:24:49,510,8.9,50.4,4.4,6.9,87.1,6.7
2026-09-07T00:24:08,450,7.1,58.2,4.5,5.8,90.2,6.5
2026-09-07T02:23:48,450,6,63,4.6,5.1,93.6,6.4
2026-09-07T04:23:54,510,5.1,63.7,4.4,4.6,94.2,6.2
2026-09-07T06:23:39,510,5.2,78.7,5.4,13,68.8,7.8
2026-09-07T08:23:47,2490,9.3,93,8.4,14.6,56.9,7.1
2026-09-07T10:23:41,2400,17.4,56.4,8.4,16,53.3,7.3
2026-09-07T12:23:50,1875,22.6,43.3,8.7,15.4,63.2,8.3
2026-09-07T14:23:38,1140,22.7,46.9,9.5,16.2,75.1,10.4
2026-09-07T16:24:28,525,20.2,51.8,9.1,15.6,85.3,11.3
2026-09-07T18:24:06,525,17.8,57.6,8.7,15.2,91.1,11.8
2026-09-07T20:24:10,510,16.2,62.5,8.6,14.4,100,12.4
2026-09-07T22:24:00,525,15.5,67.2,8.9,14.5,100,12.4
2026-09-08T00:23:14,525,15,75.2,9.6,14.9,100,12.7
2026-09-08T02:23:47,525,14.9,81,10.3,15,100,12.8
2026-09-08T04:23:59,525,14.9,82.9,10.6,15,100,12.8
2026-09-08T06:23:36,945,15.2,87.4,11.3,15,100,12.8
2026-09-08T08:23:35,1065,15.6,87.5,11.6,15,100,12.8
2026-09-08T10:23:34,1140,16.1,88.7,12.2,15.5,100,13.2
2026-09-08T12:23:51,1140,16.7,86.4,12.3,16,98.2,13.4
2026-09-08T14:23:07,1125,16.8,82,11.7,16.4,91,12.7
2026-09-08T16:22:59,840,16.4,81.5,11.4,15.5,98.9,13.1
2026-09-08T18:22:47,900,15.8,83.3,11.2,15.9,94.3,12.8
2026-09-08T20:22:00,945,15.5,88.4,11.7,15.5,100,13.2
2026-09-08T22:21:59,1005,15.7,88.8,11.9,15.6,100,13.3
2026-09-09T00:21:52,990,15.4,87.3,11.5,15.1,100,12.9
2026-09-09T02:22:06,990,15.2,90.2,11.7,15.4,100,13.1
2026-09-09T04:22:20,1170,15.4,93,12.2,15.5,100,13.2
2026-09-09T06:21:57,1200,15.9,94.5,12.8,16.2,100,13.8
2026-09-09T08:22:18,1305,16.7,94.6,13.4,17.4,96.3,14.3
2026-09-09T10:22:31,1605,17.9,86.4,13.2,17.4,89.4,13.2
2026-09-09T12:22:07,1275,18,83.2,12.8,15.9,100,13.5
2026-09-09T14:22:52,1275,17.6,82.7,12.4,15.5,100,13.2
2026-09-09T16:22:48,1200,17.2,83.6,12.2,15.4,100,13.1
2026-09-09T18:22:39,1170,16.5,84.5,11.9,15,100,12.8
2026-09-09T20:22:27,1200,16,86.2,11.7,14.8,100,12.7
2026-09-09T22:23:05,1230,15.5,86.4,11.4,14.2,100,12.2
2026-09-10T00:23:37,1200,14.8,86.6,11,13.7,100,11.8
2026-09-10T02:24:15,1230,14.5,89.8,11.2,13.8,100,11.9
2026-09-10T04:24:46,1170,14,89.4,10.8,13.5,100,11.7
2026-09-10T06:24:14,1395,14.1,94,11.4,13.7,100,11.8
2026-09-10T08:24:26,1875,16.2,96.6,13.3,16.8,89.3,12.8
2026-09-10T10:24:09,2370,19.4,85,14.2,18.7,77.3,12.4
2026-09-10T12:24:11,1860,23.3,58.6,12.3,18,76.5,11.7
2026-09-10T14:23:34,1110,22.8,53.8,10.9,17.2,81.7,12
2026-09-10T16:24:01,810,20.5,57.9,10.3,15.8,89.6,12.1
2026-09-10T18:23:51,525,17.6,61.6,9.2,13.3,98.5,11.4
2026-09-10T20:24:27,525,15.3,70,9.1,12.6,100,11.1
2026-09-10T22:24:17,900,14.2,77,9.4,12.1,100,10.7
2026-09-11T00:23:29,930,12.9,78,8.8,10.9,100,9.9
2026-09-11T02:22:45,915,11.6,76.6,8,9.5,100,9.1
2026-09-11T04:23:20,825,10.3,78.5,7.5,8.8,100,8.7
