timestamp,rpm,indoor_temp_c,indoor_rh_pct,indoor_abs_humidity_g_m3,outdoor_temp_c,outdoor_rh_pct,outdoor_abs_humidity_g_m3
2025-05-13T16:13:56,0,,,,,,
2025-05-13T17:14:08,0,,,,,,
2025-05-13T18:14:51,0,,,,,,
2025-05-13T19:14:08,0,,,,,,
2025-05-13T20:24:56,0,15.3,35.2,4.6,10.8,59.2,5.8
2025-05-13T22:24:40,0,13.4,46.8,5.4,9.9,65.2,6.1
2025-05-14T00:24:57,0,12.1,53.4,5.7,9.2,71.7,6.4
2025-05-14T02:25:03,0,11.1,57.4,5.8,8.1,76.2,6.3
2025-05-14T04:25:05,0,10.1,60.4,5.7,8,76,6.3
2025-05-14T06:25:35,0,10.1,57.8,5.5,6.6,71.2,5.4
2025-05-14T08:25:09,0,10.6,52.9,5.2,9.6,44.8,4.1
2025-05-14T10:25:09,0,11.8,45.2,4.8,10.2,34.1,3.2
2025-05-14T12:24:17,0,14,38.9,4.7,9.9,36.8,3.4
2025-05-14T14:24:37,0,15.7,37.1,5,7.3,54,4.3
2025-05-14T16:24:13,0,14.3,37.2,4.6,6.4,66,4.9
2025-05-14T18:23:55,0,12.3,42,4.6,5,75.2,5.1
2025-05-14T20:23:06,0,10.3,46.6,4.5,3.9,82.6,5.2
2025-05-14T22:22:37,0,9.1,52,4.6,3.5,84.1,5.2
2025-05-15T00:22:26,0,7.8,57.1,4.7,3.6,89,5.5
2025-05-15T02:23:03,0,7.3,64.5,5.1,4.8,92,6.2
2025-05-15T04:23:14,0,7.8,71.9,5.9,6.8,92.5,7.1
2025-05-15T06:23:29,0,9.1,74.7,6.6,8.5,79.6,6.8
2025-05-15T08:23:18,0,10.6,73.1,7.1,9.5,77,7
2025-05-15T10:23:38,0,11.9,67.9,7.2,10.5,68.9,6.7
2025-05-15T12:24:19,0,12.9,64,7.2,12.2,60.2,6.5
2025-05-15T14:23:56,0,15.2,57.9,7.5,12.7,55.3,6.2
2025-05-15T16:23:31,0,15.5,53.1,7,12.5,56.3,6.2
2025-05-15T18:22:56,0,14.3,51.5,6.3,10.6,65.8,6.4
2025-05-15T20:22:38,0,12.6,52.3,5.8,9.3,74,6.6
2025-05-15T22:23:12,0,11.3,56.2,5.7,8.5,78.7,6.7
2025-05-16T00:22:17,0,10.4,60.3,5.8,7.2,86.6,6.8
2025-05-16T02:21:47,0,9.3,63.4,5.7,6.6,91.4,6.9
2025-05-16T04:21:39,0,9.3,70.5,6.3,9.1,80.6,7.1
2025-05-16T06:22:38,0,10.8,75.3,7.4,16.1,53.2,7.3
2025-05-16T08:22:04,0,14.8,68.6,8.7,19.7,38,6.5
2025-05-16T10:21:24,0,19.7,57.2,9.7,18.3,41,6.4
2025-05-16T12:21:53,0,24.3,41.9,9.3,18.1,41,6.3
2025-05-16T14:21:14,0,25,35.1,8.1,18.2,39.4,6.1
2025-05-16T16:21:00,0,24.2,32.7,7.2,18,37.4,5.7
2025-05-16T18:21:18,0,21.4,34.4,6.4,16.9,40.9,5.9
2025-05-16T20:21:18,0,18.1,40.5,6.3,10.8,70,6.9
2025-05-16T22:22:02,0,15.3,45.4,5.9,9,76.5,6.7
2025-05-17T00:22:56,0,13.5,51.2,6,7.8,84.5,6.9
2025-05-17T02:23:25,0,12.2,56.4,6.1,7.3,87.8,6.9
2025-05-17T04:23:29,0,11.4,61.5,6.3,7.4,89.9,7.1
2025-05-17T06:24:03,0,11.3,67.4,6.9,9.1,90.6,8
2025-05-17T08:24:52,0,14.2,70.4,8.6,14.4,62.6,7.7
2025-05-17T10:25:11,0,19.8,61.4,10.5,17.4,49.7,7.4
2025-05-17T12:24:30,0,22.6,47.9,9.6,15.7,52.1,7
2025-05-17T14:23:35,0,23.2,42.5,8.8,13.4,57.5,6.7
2025-05-17T16:24:01,0,21.8,38.3,7.3,12.2,60.9,6.6
2025-05-17T18:23:53,0,18.6,44,7,11.7,66.8,7
2025-05-17T20:23:25,0,14.9,48.9,6.2,9.7,73.9,6.8
2025-05-17T22:23:38,0,11.8,53.4,5.6,7.6,83.2,6.7
2025-05-18T00:23:58,0,10,60.4,5.7,7,88.4,6.8
2025-05-18T02:24:09,0,8.9,66,5.8,6.8,94.3,7.2
2025-05-18T04:23:38,0,8.9,72.6,6.4,8.8,87.9,7.6
2025-05-18T06:23:31,0,10.3,78.3,7.5,11.6,77.9,8.1
2025-05-18T08:23:51,0,13.2,74.7,8.6,14.1,61.7,7.5
2025-05-18T10:24:41,0,16.6,67,9.5,16.4,50,7
2025-05-18T12:24:57,0,19,58.2,9.5,18.2,42.8,6.7
2025-05-18T14:25:44,0,21.7,47.8,9.1,18.6,40,6.4
2025-05-18T16:25:19,0,21.8,41,7.9,18.5,40.3,6.4
2025-05-18T18:25:29,0,19.6,42.7,7.2,17.9,45.7,7
2025-05-18T20:26:03,0,17.3,46,6.8,16.1,50.5,6.9
2025-05-18T22:25:48,0,15,47.3,6.1,13.5,56.4,6.6
2025-05-19T00:25:02,0,13,51.6,5.8,11.9,64.1,6.8
2025-05-19T02:25:11,0,11.8,55.5,5.8,10.6,67.2,6.6
2025-05-19T04:25:00,0,11,61.9,6.2,15,53.4,6.8
2025-05-19T06:24:23,0,12.8,64.4,7.2,21.1,39.1,7.2
2025-05-19T08:24:57,0,17.2,54.9,8,23.1,29.8,6.2
2025-05-19T10:25:20,0,22.7,45.3,9.2,21.2,28.8,5.3
2025-05-19T12:25:03,0,26.3,37.8,9.4,17.4,36.6,5.4
2025-05-19T14:25:27,0,27.4,32.2,8.5,16.4,39.6,5.5
2025-05-19T16:25:05,0,24.6,31.1,7,16.7,42.3,6
2025-05-19T18:25:08,0,21.9,35.1,6.8,16.1,46.3,6.3
2025-05-19T20:24:38,0,17.9,38,5.8,11.8,57.7,6.1
2025-05-19T22:24:29,0,14,38.8,4.7,9.4,56.1,5.1
2025-05-20T00:24:38,0,11.3,41.3,4.2,8.6,56.2,4.8
2025-05-20T02:23:54,0,9.5,46.7,4.2,6.5,65,4.9
2025-05-20T04:23:28,0,9.1,57.1,5.1,14.1,51.4,6.2
2025-05-20T06:24:07,0,11.6,62.8,6.5,19.9,39.5,6.8
2025-05-20T08:24:27,0,15.9,53.4,7.2,22,31.7,6.2
2025-05-20T10:25:03,0,19.8,38.5,6.6,20.5,29.7,5.3
2025-05-20T12:25:42,0,22.1,36.3,7.1,18.2,37.3,5.8
2025-05-20T14:25:20,0,21.7,32.1,6.1,17.3,32,4.7
2025-05-20T16:25:39,0,20.3,29.1,5.1,15.8,28.6,3.8
2025-05-20T18:24:50,0,17.5,27.8,4.1,13.2,35.7,4.1
2025-05-20T20:24:28,0,14.5,29.2,3.6,10.1,41.1,3.9
2025-05-20T22:25:17,0,11.6,31.3,3.3,6.8,48.8,3.7
2025-05-21T00:25:11,0,8.6,35.5,3,5.1,54.5,3.7
2025-05-21T02:25:02,0,7,40.5,3.1,4.1,59.7,3.8
2025-05-21T04:24:51,0,6.7,48.1,3.7,11.8,43.8,4.6
2025-05-21T06:25:06,0,9.8,51.9,4.8,18.7,29.9,4.8
2025-05-21T08:24:49,0,14.7,45,5.7,19.1,27.8,4.6
2025-05-21T10:25:18,0,18.1,43.5,6.7,14.3,35,4.3
2025-05-21T12:25:01,0,18.5,36.8,5.8,14.8,35.9,4.5
2025-05-21T14:25:14,0,19.8,34,5.8,15.2,35,4.5
2025-05-21T16:24:36,0,18.8,31.9,5.1,13.1,40.3,4.6
2025-05-21T18:23:55,0,16.7,32.1,4.6,9.9,55,5.1
2025-05-21T20:23:28,0,14.3,37.7,4.6,8.7,61.9,5.4
2025-05-21T22:22:37,0,12.4,39.5,4.3,9.2,52.6,4.7
2025-05-22T00:22:44,0,10.8,41.7,4.1,10.4,48.7,4.7
2025-05-22T02:23:08,0,10.3,47.4,4.5,9.6,60,5.5
2025-05-22T04:23:51,0,10.7,53.8,5.3,10.6,57.8,5.6
2025-05-22T06:24:13,0,12.4,58.6,6.4,13.7,57.6,6.8
2025-05-22T08:23:57,0,15.2,55.4,7.2,12.6,63.7,7
2025-05-22T10:23:16,0,17.3,52.9,7.8,15,53.2,6.8
2025-05-22T12:22:52,0,20.2,47.4,8.3,14.3,58.9,7.2
2025-05-22T14:22:46,0,20.7,44,7.9,14.9,56.8,7.2
2025-05-22T16:22:57,0,21.8,40.8,7.8,15.2,52.9,6.9
2025-05-22T18:22:17,0,20.2,38.5,6.7,13.9,58,7
2025-05-22T20:22:19,0,16.7,42.5,6,11.4,67.8,7
2025-05-22T22:22:20,0,14.4,49.9,6.2,10.4,71.3,6.9
2025-05-23T00:22:09,0,13.2,57.5,6.6,10.9,76.9,7.6
2025-05-23T02:22:31,0,13,64.6,7.3,11.4,82.1,8.4
2025-05-23T04:22:09,0,13.2,69.1,7.9,11.3,90.1,9.2
2025-05-23T06:22:48,0,13.2,69,7.9,10.3,91,8.7
2025-05-23T08:22:49,0,13.1,70.2,8,10.4,90.4,8.7
2025-05-23T10:22:53,0,13.7,70,8.3,10,91.7,8.6
2025-05-23T12:22:58,0,14.6,67.2,8.4,10,87.6,8.2
2025-05-23T14:23:21,0,15.8,63.1,8.5,11.5,75.8,7.8
2025-05-23T16:22:26,0,16.2,55.8,7.7,11.3,66.5,6.8
2025-05-23T18:22:20,0,15,54.3,7,9.9,72.3,6.7
2025-05-23T20:22:42,0,12.7,52.4,5.8,7.9,78.1,6.4
2025-05-23T22:23:18,0,10.2,54.3,5.2,5.6,83.4,5.9
2025-05-24T00:23:54,0,8,59.1,4.9,4.4,85.7,5.6
2025-05-24T02:23:39,0,6.4,65.5,4.9,4.5,87.8,5.8
2025-05-24T04:23:58,0,6,77.5,5.6,8.1,83.3,6.9
2025-05-24T06:23:34,0,8.2,80.4,6.7,12,58.2,6.2
2025-05-24T08:23:50,0,11.2,77.8,7.9,11.6,57.5,6
2025-05-24T10:23:51,0,14.1,75.7,9.2,14.2,39.4,4.8
2025-05-24T12:23:22,0,17.1,62.5,9.1,12.6,45.2,5
2025-05-24T14:23:29,0,16.4,52.5,7.3,12.6,45.4,5
2025-05-24T16:23:43,0,15.4,48.3,6.3,11.8,48.5,5.1
2025-05-24T18:23:17,0,14.2,46,5.6,9.8,70.1,6.5
2025-05-24T20:23:46,0,12.8,51.7,5.8,8.3,73.4,6.2
2025-05-24T22:23:05,0,11,56.2,5.6,7.6,79.1,6.4
2025-05-25T00:22:38,0,10.1,61.4,5.8,7.2,79.6,6.2
2025-05-25T02:23:08,0,9.3,64.1,5.8,6.6,82.2,6.2
2025-05-25T04:23:03,0,8.9,67.4,5.9,6.9,83.8,6.5
2025-05-25T06:23:49,0,9.8,72.7,6.7,8.8,80.3,7
2025-05-25T08:24:11,0,12.5,73.7,8.1,16.6,52.4,7.4
2025-05-25T10:23:57,0,17.7,58.4,8.8,16.4,39.3,5.5
2025-05-25T12:24:30,0,20.3,44.7,7.9,15.4,41.5,5.5
2025-05-25T14:23:58,0,20.7,40.6,7.3,15,38.6,4.9
2025-05-25T16:24:14,0,18.9,39.7,6.4,14.5,43.6,5.4
2025-05-25T18:24:02,0,16.1,40.9,5.6,12,57,6.1
2025-05-25T20:24:14,0,13.1,45.2,5.2,9.7,67.7,6.2
2025-05-25T22:23:43,0,10.7,52.4,5.1,8,74.9,6.2
2025-05-26T00:23:28,0,8.5,58,5,6,78,5.7
2025-05-26T02:24:17,0,6.5,64.2,4.8,5.9,81.9,5.9
2025-05-26T04:24:04,0,6.3,82.8,6.1,13.3,71.6,8.3
2025-05-26T06:23:53,0,10.1,89.5,8.5,17.5,54.5,8.1
2025-05-26T08:23:10,0,15.1,85.4,11,18.6,49.5,7.9
2025-05-26T10:23:13,0,19.6,72,12.2,16.8,42.8,6.1
2025-05-26T12:22:42,0,22.8,46.9,9.5,14.7,56.5,7.1
2025-05-26T14:22:07,0,23.5,38.7,8.2,14.3,61,7.5
2025-05-26T16:21:51,0,21.6,40.4,7.7,13.4,63.3,7.4
2025-05-26T18:20:56,0,18.7,42.8,6.9,12.1,74.7,8
2025-05-26T20:20:30,0,15.7,49.3,6.6,10.3,83.5,8
2025-05-26T22:21:04,0,13.4,57.3,6.7,9.6,85.6,7.8
2025-05-27T00:21:20,0,12.1,63.7,6.8,9.8,91.9,8.5
2025-05-27T02:21:46,0,11.5,70.1,7.2,9.6,90.5,8.3
2025-05-27T04:22:20,0,11.4,77.2,7.9,12.8,80.3,9
2025-05-27T06:21:49,0,13.1,80.7,9.2,17.3,60.5,8.9
2025-05-27T08:21:18,0,17.3,70.8,10.4,20.5,45.9,8.2
2025-05-27T10:20:53,0,22,56.1,10.9,19.3,41.1,6.8
2025-05-27T12:20:22,0,24.5,41.5,9.3,18,37.9,5.8
2025-05-27T14:20:53,0,24.9,35.4,8.1,17.2,39,5.7
2025-05-27T16:20:37,0,23.6,34.5,7.3,16.9,39.9,5.7
2025-05-27T18:21:08,0,20.5,35.5,6.3,15.6,45.1,6
2025-05-27T20:21:35,0,16.5,39.9,5.6,11.4,67.4,6.9
2025-05-27T22:22:14,0,13.5,46.1,5.4,9.3,72.9,6.5
2025-05-28T00:22:59,0,10.8,52,5.1,7.1,76.3,6
2025-05-28T02:23:30,0,8.7,60.4,5.2,9.1,76.4,6.8
2025-05-28T04:24:10,0,9.5,69.1,6.3,11.8,67.9,7.1
2025-05-28T06:24:29,0,11.4,71.7,7.4,14.2,59.8,7.3
2025-05-28T08:25:14,0,15,69,8.8,17.7,48.9,7.4
2025-05-28T10:24:57,0,18.9,62.3,10.1,18.6,43.8,7
2025-05-28T12:25:02,0,21.4,53.5,10,18.6,44.1,7
2025-05-28T14:25:48,0,20.9,45.5,8.3,17.1,49.5,7.2
2025-05-28T16:25:27,0,20,44.3,7.7,17.4,50.8,7.5
2025-05-28T18:24:50,0,19,46.7,7.6,15.9,58.3,7.9
2025-05-28T20:25:11,0,16.9,48.9,7,14,64.1,7.7
2025-05-28T22:25:00,0,15,53.6,6.9,12.9,70.9,8
2025-05-29T00:25:40,0,13.2,56.9,6.5,11.6,73.4,7.6
2025-05-29T02:26:24,0,11.7,61.5,6.4,11.2,77.8,7.9
2025-05-29T04:26:42,0,11.5,67,6.9,12.6,80.5,8.9
2025-05-29T06:26:02,0,13.5,76.5,8.9,16.9,70.2,10.1
2025-05-29T08:26:03,0,17.8,73.7,11.2,17.5,70,10.4
2025-05-29T10:25:37,0,21.7,62.7,12,20,58.3,10.1
2025-05-29T12:25:44,0,25.6,48.9,11.6,20,60,10.4
2025-05-29T14:24:53,0,27,45.1,11.6,18.8,65.5,10.5
2025-05-29T16:25:35,0,25.6,44.2,10.5,17.6,71.6,10.7
2025-05-29T18:25:27,0,22.8,47,9.6,15.8,78.4,10.5
2025-05-29T20:25:51,0,19.3,51.1,8.5,13.6,82.7,9.7
2025-05-29T22:25:58,0,16.2,57.9,8,13.4,85.7,10
2025-05-30T00:25:04,0,15,61.9,7.9,13.4,86.8,10.1
2025-05-30T02:24:29,0,14.2,65.7,8,12.7,88.5,9.8
2025-05-30T04:23:58,0,13.7,70,8.3,13.2,86.2,9.9
2025-05-30T06:23:51,0,14.6,74.5,9.3,16.5,73.4,10.3
2025-05-30T08:23:04,0,19.1,71.3,11.7,21.9,54.7,10.6
2025-05-30T10:23:09,0,24.4,52.7,11.7,20.2,53.3,9.3
2025-05-30T12:23:22,0,25.9,40.1,9.7,19.2,46.7,7.7
2025-05-30T14:22:59,0,25.9,31.3,7.6,18.7,35.5,5.7
2025-05-30T16:23:37,0,23.3,31.3,6.5,17.3,44.4,6.5
2025-05-30T18:24:24,0,19.9,34.8,6,13.1,62.4,7.1
2025-05-30T20:25:14,0,16.6,42.5,6,10.3,93.1,8.9
2025-05-30T22:25:12,0,14.5,51.2,6.4,10.5,98.2,9.5
2025-05-31T00:25:26,0,13.4,61,7.1,10.8,98.2,9.7
2025-05-31T02:25:36,0,12.7,68.3,7.6,10.4,95,9.2
2025-05-31T04:26:03,0,12.3,72.2,7.8,10.1,95.8,9.1
2025-05-31T06:26:32,0,12.8,75.4,8.4,11.4,90,9.2
2025-05-31T08:27:15,0,14.7,72.5,9.1,16.6,62.9,8.9
2025-05-31T10:27:20,0,18,56,8.6,16.9,51.7,7.4
2025-05-31T12:27:15,0,19.5,45.7,7.7,16.2,51.7,7.1
2025-05-31T14:26:44,0,20.4,41.8,7.4,15.8,48.6,6.5
2025-05-31T16:27:16,0,19.2,37.8,6.2,13.5,48.5,5.7
2025-05-31T18:28:01,0,16.7,39.8,5.7,12,53.6,5.7
2025-05-31T20:28:21,0,13.4,41.8,4.9,8.7,61,5.3
2025-05-31T22:28:08,0,10.4,46,4.4,7.4,69.6,5.5
2025-06-01T00:28:11,0,8.4,51.1,4.3,6.7,76.6,5.8
2025-06-01T02:28:34,0,7,56.6,4.4,6,79.7,5.8
2025-06-01T04:28:54,0,7,63.5,4.9,13.8,61.6,7.3
2025-06-01T06:29:25,0,10.2,68.1,6.5,19.3,36.8,6.1
2025-06-01T08:29:11,0,15.3,52.2,6.8,21.8,31.3,6
2025-06-01T10:29:23,0,20.3,37.4,6.6,20.2,28.4,5
2025-06-01T12:29:06,0,24,29.6,6.4,19,29.8,4.9
2025-06-01T14:28:40,0,24.9,25.4,5.8,19,29.3,4.8
2025-06-01T16:28:24,0,24.4,26.1,5.8,18.6,32.7,5.2
2025-06-01T18:28:39,0,21.3,27.7,5.2,16.2,37.3,5.1
2025-06-01T20:27:55,0,17.4,30.6,4.5,12.4,48.9,5.3
2025-06-01T22:27:17,0,13.1,32.9,3.8,8.8,56.6,4.9
2025-06-02T00:28:09,0,9.2,35.7,3.2,7.3,63.1,5
2025-06-02T02:27:44,0,7.2,42.8,3.4,9.5,73.7,6.7
2025-06-02T04:27:14,0,8.5,51.4,4.4,13.2,60.8,7
2025-06-02T06:27:24,0,11.3,56.9,5.8,15.4,54.6,7.2
2025-06-02T08:27:31,0,14.7,57.1,7.2,14.5,66.9,8.3
2025-06-02T10:26:50,0,16.1,58.8,8.1,12.2,91.5,9.9
2025-06-02T12:27:16,0,15.6,60.4,8,12,98.1,10.5
2025-06-02T14:27:48,0,15.1,65.4,8.4,12.4,100,10.9
2025-06-02T16:28:37,0,15.4,71.7,9.4,13.3,90.3,10.4
2025-06-02T18:28:05,0,15.7,70.8,9.5,11.4,93.9,9.6
2025-06-02T20:28:54,0,13.6,65.5,7.7,9.4,94.6,8.6
2025-06-02T22:29:15,0,11.3,67.1,6.8,8.8,93.8,8.2
2025-06-03T00:28:51,0,9.7,69.7,6.4,8.4,96.1,8.2
2025-06-03T02:28:18,0,9,73.6,6.5,8.9,96.9,8.5
2025-06-03T04:28:49,0,9.5,80,7.3,10.6,95.6,9.3
2025-06-03T06:28:07,0,12.3,85,9.2,18.1,71.5,11
2025-06-03T08:28:31,0,17.9,74.1,11.3,22.6,40.9,8.2
2025-06-03T10:28:06,0,22,52.5,10.2,21.4,44.7,8.4
2025-06-03T12:28:34,0,24.4,42.7,9.5,19.3,51.1,8.5
2025-06-03T14:28:04,0,24.4,39.2,8.7,18.1,51.5,8
2025-06-03T16:28:08,0,23,41.5,8.5,16.7,58.5,8.3
2025-06-03T18:27:28,0,20,45.6,7.9,14.4,67.4,8.3
2025-06-03T20:27:12,0,16.4,49.9,7,10.7,82.5,8.1
2025-06-03T22:28:01,0,13.2,54.2,6.2,8.8,84.4,7.3
2025-06-04T00:27:40,0,10.7,57.7,5.7,7.3,87.3,6.9
2025-06-04T02:27:39,0,8.5,60,5.1,7,88,6.8
2025-06-04T04:28:07,0,8.1,67.1,5.6,13.5,73,8.5
2025-06-04T06:28:46,0,11.3,75.5,7.7,18.5,53.9,8.5
2025-06-04T08:28:40,0,16.9,67.9,9.8,22.3,39.9,7.9
2025-06-04T10:28:14,0,21.5,46.7,8.8,19.7,42.4,7.2
2025-06-04T12:27:52,0,23.6,35.9,7.6,18.5,42.3,6.7
2025-06-04T14:27:12,0,24.1,34.6,7.6,17.9,40.3,6.2
2025-06-04T16:26:50,0,22.3,37,7.3,17.2,50.8,7.4
2025-06-04T18:27:04,0,20,40.9,7.1,16.2,59.9,8.3
2025-06-04T20:27:33,0,17,44.5,6.4,13,72.2,8.2
2025-06-04T22:27:41,0,14.6,48.5,6.1,13.6,65.7,7.7
2025-06-05T00:27:47,0,13.1,52.2,6,14.2,62.7,7.7
2025-06-05T02:27:26,0,12.4,57.4,6.3,14,67.6,8.2
2025-06-05T04:26:41,0,12.5,62.5,6.9,13.7,69,8.2
2025-06-05T06:26:20,0,13,66.9,7.6,12.1,86.5,9.3
2025-06-05T08:26:54,0,13.5,69.8,8.2,12.2,93,10
2025-06-05T10:27:24,0,14.7,73.7,9.3,13.5,95.4,11.2
2025-06-05T12:26:41,0,16.5,73.9,10.4,15.3,92.9,12.1
2025-06-05T14:26:27,0,18.6,77,12.3,17.3,78.3,11.5
2025-06-05T16:26:24,0,20.5,64.3,11.4,17.4,75.5,11.2
2025-06-05T18:26:59,0,18.8,52.9,8.5,15.2,60.6,7.9
2025-06-05T20:27:24,0,15.3,47.5,6.2,11.4,66.8,6.9
2025-06-05T22:26:48,0,11.9,52.4,5.5,9,77,6.8
2025-06-06T00:27:38,0,9.3,56,5,7.3,85,6.7
2025-06-06T02:26:45,0,7.7,61.4,5,7.3,88.8,7
2025-06-06T04:26:02,0,7.8,69.1,5.6,10.6,84.3,8.2
2025-06-06T06:25:57,0,10.8,79,7.8,16.9,63.4,9.1
2025-06-06T08:26:41,0,16.1,73.7,10.1,17.8,52.6,8
2025-06-06T10:26:18,0,19.5,56.1,9.4,16.9,56.2,8.1
2025-06-06T12:25:58,0,23.2,47.5,9.9,16.3,64.1,8.9
2025-06-06T14:25:30,0,24.3,42.9,9.5,16.7,55.9,7.9
2025-06-06T16:25:24,0,22.9,42.4,8.7,15.9,63.1,8.5
2025-06-06T18:24:39,0,20.1,45.3,7.9,15,70.3,9
2025-06-06T20:24:00,0,17.4,50.9,7.5,13.4,79.7,9.3
2025-06-06T22:24:37,0,15.3,56.3,7.3,12.4,85.7,9.4
2025-06-07T00:24:54,0,14,64.1,7.7,13.2,93.9,10.8
2025-06-07T02:25:42,0,13.7,69,8.2,13,97.5,11.1
2025-06-07T04:25:39,0,13.7,72.5,8.6,13,92.1,10.4
2025-06-07T06:26:02,0,14.2,75.9,9.3,14.2,80.7,9.9
2025-06-07T08:25:37,0,15.7,71,9.5,15.5,70.1,9.3
2025-06-07T10:25:24,0,17.2,64.1,9.4,16.1,60.4,8.3
2025-06-07T12:25:45,0,19.4,48.5,8.1,16.3,53.2,7.4
2025-06-07T14:25:00,0,19.9,43.6,7.5,16.1,50.6,6.9
2025-06-07T16:25:37,0,19,45.2,7.4,15,57.3,7.3
2025-06-07T18:26:08,0,16.8,48.9,7,13.4,64.8,7.5
2025-06-07T20:26:20,0,14.3,53.4,6.6,11.8,73.4,7.7
2025-06-07T22:26:20,0,12.1,57.9,6.2,11,78.6,7.9
2025-06-08T00:26:20,0,10.5,61.3,5.9,10.3,83.2,8
2025-06-08T02:26:15,0,9.3,65.5,5.9,9.6,87.4,8
2025-06-08T04:26:57,0,9.4,70.9,6.4,12.9,82.5,9.3
2025-06-08T06:26:23,0,11.9,78.5,8.3,19.1,59.1,9.7
2025-06-08T08:26:35,0,17.6,66.5,10,22.6,35.4,7.1
2025-06-08T10:26:38,0,21.6,43.4,8.2,21.1,38.6,7.1
2025-06-08T12:26:11,0,22.8,38.8,7.9,19.7,41.3,7
2025-06-08T14:26:32,0,23.5,36.6,7.7,19,41.7,6.8
2025-06-08T16:26:37,0,22.7,36.6,7.4,17.8,46.7,7.1
2025-06-08T18:26:31,0,20.2,39.2,6.9,16.2,51.3,7.1
2025-06-08T20:27:13,0,16.9,41.8,6,12.5,63.3,7
2025-06-08T22:28:03,0,13.1,45.1,5.1,9.3,71.7,6.4
2025-06-09T00:28:30,0,9.8,49,4.5,7.3,76.2,6
2025-06-09T02:28:11,0,7.6,54.7,4.4,7.3,77.5,6.1
2025-06-09T04:27:33,0,7.9,61.9,5.1,10.8,75.6,7.5
2025-06-09T06:27:31,0,11,69.7,7,15.7,61.9,8.3
2025-06-09T08:26:42,0,15.5,66.8,8.8,17.1,56.7,8.3
2025-06-09T10:27:24,0,18.5,52.8,8.4,16.7,55.2,7.8
2025-06-09T12:28:12,0,18.2,53.8,8.4,13.2,78.7,9
2025-06-09T14:28:09,0,16.5,56.2,7.9,11.6,86.5,9
2025-06-09T16:27:20,0,15.3,61.7,8.1,11.9,88.2,9.3
2025-06-09T18:26:48,0,14.6,64.9,8.1,11.8,91.6,9.6
2025-06-09T20:26:28,0,13.6,67.9,8,11.4,90.1,9.2
2025-06-09T22:27:07,0,12.7,71,7.9,10.8,91.2,9
2025-06-10T00:27:27,0,11.7,73.8,7.7,9.9,90.5,8.4
2025-06-10T02:27:16,0,10.9,75.3,7.5,9.3,91.2,8.2
2025-06-10T04:27:18,0,10.7,79.1,7.8,11.5,87.5,9
2025-06-10T06:27:29,0,12.3,82.2,8.9,13.1,83.7,9.5
2025-06-10T08:27:11,0,15.7,79.7,10.7,19.9,59.5,10.2
2025-06-10T10:27:48,0,19.6,59.4,10,20.8,47.6,8.6
2025-06-10T12:27:43,0,22.1,47.8,9.3,19.2,49.9,8.2
2025-06-10T14:27:21,0,22.3,44.5,8.8,17.5,50.9,7.6
2025-06-10T16:27:57,0,20.7,47.8,8.6,16.2,61.6,8.5
2025-06-10T18:27:15,0,18.1,52.4,8.1,13.3,76,8.8
2025-06-10T20:26:25,0,15,57.5,7.4,11.2,85.1,8.6
2025-06-10T22:26:14,0,12.5,61.9,6.8,9.8,89.7,8.3
2025-06-11T00:25:24,0,10.7,64.8,6.4,8.7,89.8,7.8
2025-06-11T02:26:07,0,9.1,67,5.9,8.6,89.6,7.7
2025-06-11T04:26:45,0,9,72.4,6.4,11,89.6,9
2025-06-11T06:26:57,0,11,78.7,7.9,12,89.7,9.6
2025-06-11T08:26:34,0,13.1,80.6,9.2,11.6,92.2,9.6
2025-06-11T10:26:41,0,14.6,74.4,9.3,11.2,95.6,9.7
2025-06-11T12:27:02,0,15.2,74.5,9.7,12.1,95.2,10.2
2025-06-11T14:26:44,0,15.6,74.2,9.9,12.1,96.6,10.4
2025-06-11T16:27:23,0,15.5,73.4,9.7,11.6,97.3,10.1
2025-06-11T18:27:16,0,14.7,72.7,9.1,11.1,99.9,10.1
2025-06-11T20:27:29,0,13.7,74.8,8.9,11,100,10
2025-06-11T22:26:42,0,12.9,76.3,8.6,10.5,100,9.7
2025-06-12T00:26:17,0,12.2,77.9,8.4,10.4,100,9.6
2025-06-12T02:26:52,0,11.9,80.6,8.5,10.8,100,9.9
2025-06-12T04:26:56,0,11.9,83.5,8.8,11.4,100,10.3
2025-06-12T06:26:20,0,12.5,85.2,9.4,11.7,100,10.5
2025-06-12T08:26:34,0,13.2,85.1,9.8,12,100,10.7
2025-06-12T10:25:57,0,14.6,87.4,10.9,13.5,99,11.6
2025-06-12T12:26:09,0,17,83.5,12.1,14.8,90.4,11.4
2025-06-12T14:25:18,0,19.4,68.8,11.5,15.6,78.9,10.5
2025-06-12T16:25:01,0,19.7,61.5,10.4,16,77.4,10.5
2025-06-12T18:25:33,0,18.1,62.8,9.7,15.1,81.1,10.5
2025-06-12T20:25:02,0,16.3,65.9,9.1,13.5,88.7,10.4
2025-06-12T22:25:31,0,14.5,70.4,8.8,12.4,91,9.9
2025-06-13T00:25:17,0,12.9,73.8,8.3,11.3,91.9,9.4
2025-06-13T02:26:11,0,11.5,75.4,7.8,10.6,86.5,8.4
2025-06-13T04:25:56,0,10.7,81.5,8,13.8,72.2,8.6
2025-06-13T06:25:15,0,12,86.2,9.2,19.4,57.1,9.5
2025-06-13T08:25:41,0,15.6,77.8,10.3,21.7,43.7,8.3
2025-06-13T10:26:14,0,19,53.4,8.7,20.1,40.1,7
2025-06-13T12:26:20,0,20.8,43.8,7.9,18.6,39.2,6.2
2025-06-13T14:26:56,0,21.6,41.1,7.8,18.8,40.7,6.6
2025-06-13T16:27:02,0,20.8,42.7,7.7,18.9,41.9,6.8
2025-06-13T18:27:04,0,18.7,44.8,7.2,18.2,44.9,7
2025-06-13T20:26:22,0,16,49.5,6.7,13.7,59.7,7.1
2025-06-13T22:26:29,0,13,52.7,6,10.3,69.4,6.6
2025-06-14T00:26:19,0,10.1,56.4,5.3,8,74.6,6.2
2025-06-14T02:25:40,0,7.8,60.6,4.9,7.9,75.1,6.2
2025-06-14T04:26:36,0,7.1,65.3,5.1,17.4,59.8,8.9
2025-06-14T06:25:45,0,10.5,74.7,7.2,25.2,38.7,9
2025-06-14T08:25:07,0,17.1,66.1,9.6,28.3,29.7,8.2
2025-06-14T10:25:10,0,22.9,47.4,9.7,25.2,31.6,7.4
2025-06-14T12:25:50,0,25.6,39,9.3,23.5,34.2,7.2
2025-06-14T14:25:24,0,26.6,36.2,9.1,23.3,35.1,7.3
2025-06-14T16:25:30,0,25.8,37.9,9.1,23.3,37.8,7.9
2025-06-14T18:24:56,0,23.3,40.8,8.5,22.1,42.2,8.2
2025-06-14T20:25:02,0,19.9,45.5,7.8,17.9,52.1,8
2025-06-14T22:25:33,0,16.5,47.6,6.7,14.7,57.9,7.3
2025-06-15T00:26:17,0,13.7,51.6,6.1,12.2,64.4,6.9
2025-06-15T02:26:14,0,11.6,55.7,5.8,11.1,67.1,6.8
2025-06-15T04:26:43,0,10.6,62.3,6.1,18.3,52.6,8.2
2025-06-15T06:26:09,0,13.1,68,7.8,24.4,38.4,8.5
2025-06-15T08:26:37,0,18.7,64.8,10.4,29.3,31.3,9.1
2025-06-15T10:26:31,0,24.3,50.8,11.2,27.9,35.8,9.7
2025-06-15T12:25:52,0,27.6,38.1,10.1,27.1,33.3,8.6
2025-06-15T14:25:49,0,28.7,35.1,9.9,26.9,34.6,8.9
2025-06-15T16:25:42,0,27.7,36.2,9.7,25.7,36.8,8.8
2025-06-15T18:25:00,0,24.7,39.5,8.9,22.8,44.7,9.1
2025-06-15T20:25:23,0,21.3,42.6,7.9,18.7,52.5,8.4
2025-06-15T22:25:33,0,17.9,47.2,7.2,15.4,60.8,8
2025-06-16T00:25:30,0,15.3,52,6.8,13.3,65.5,7.6
2025-06-16T02:24:50,0,13.5,56.1,6.6,13,65.3,7.4
2025-06-16T04:25:24,0,13,61.4,7,14.3,65,8
2025-06-16T06:25:43,0,14.5,66.2,8.2,18.2,60,9.3
2025-06-16T08:25:03,0,18.6,67.6,10.8,23.5,45.7,9.7
2025-06-16T10:25:16,0,22.9,53.2,10.9,26.3,27.9,6.9
2025-06-16T12:25:15,0,25.5,41.1,9.7,23.6,41.6,8.8
2025-06-16T14:25:47,0,26.5,39.9,10,23.7,40.9,8.7
2025-06-16T16:25:25,0,24.8,45.4,10.3,21.4,58.2,10.9
2025-06-16T18:24:47,0,22.4,44.4,8.8,18.7,59.4,9.5
2025-06-16T20:24:42,0,19.7,50.1,8.5,17,67.7,9.8
2025-06-16T22:24:22,0,17.8,56.5,8.6,16,74.9,10.2
2025-06-17T00:24:16,0,16.5,62.7,8.8,15,80.7,10.3
2025-06-17T02:23:24,0,15.7,66.8,8.9,14.8,84.7,10.7
2025-06-17T04:23:19,0,15.4,70.9,9.3,15.3,84.6,11
2025-06-17T06:22:55,0,16.5,77,10.8,17,84.6,12.2
2025-06-17T08:23:15,0,18.1,78.6,12.1,17.5,86.3,12.9
2025-06-17T10:22:49,0,18.9,73.3,11.9,16,87.7,11.9
2025-06-17T12:23:16,0,19.3,68.5,11.4,17,77.5,11.2
2025-06-17T14:22:41,0,19.7,62.7,10.6,17.6,68.6,10.3
2025-06-17T16:23:03,0,19.7,63.2,10.7,18.7,61.1,9.8
2025-06-17T18:23:30,0,19,56.4,9.2,17.1,59,8.6
2025-06-17T20:23:46,0,16.4,56.2,7.8,13.8,68.4,8.1
2025-06-17T22:24:00,0,14,60.9,7.3,13,71.6,8.1
2025-06-18T00:24:13,0,12.9,65.3,7.4,12.6,75.9,8.4
2025-06-18T02:23:47,0,12.3,69.6,7.6,13,83.3,9.4
2025-06-18T04:24:15,0,12.6,74.9,8.3,13.7,88.1,10.4
2025-06-18T06:23:28,0,14.2,80.7,9.9,17.9,80,12.2
2025-06-18T08:24:02,0,18.4,80.9,12.7,22.3,61.7,12.2
2025-06-18T10:24:51,0,20.5,66.8,11.9,17,81.1,11.7
2025-06-18T12:24:36,0,20.7,72.4,13,18.6,78.5,12.5
2025-06-18T14:24:44,0,20.8,61.5,11.1,15.9,84.7,11.5
2025-06-18T16:25:29,0,19.8,63.4,10.8,15.2,80.2,10.4
2025-06-18T18:25:28,0,18.2,63.2,9.8,14.3,82,10.1
2025-06-18T20:25:06,0,16.2,63.2,8.7,13.1,79.9,9.1
2025-06-18T22:25:47,0,14.2,64.8,7.9,12.1,79.2,8.5
2025-06-19T00:26:00,0,12.5,68.3,7.5,10.6,81.7,8
2025-06-19T02:26:13,0,11.1,71.6,7.2,9.8,85.1,7.9
2025-06-19T04:27:08,0,10.5,77.4,7.5,10.6,85.7,8.4
2025-06-19T06:26:58,0,11,83.1,8.3,12.7,82.5,9.2
2025-06-19T08:27:04,0,13.1,84.3,9.6,15.3,74.6,9.7
2025-06-19T10:26:46,0,15.6,77.3,10.3,15.6,72.8,9.7
2025-06-19T12:26:34,0,16.8,74.2,10.6,14.8,81.5,10.3
2025-06-19T14:27:29,0,17.2,70.9,10.4,14.6,83.5,10.4
2025-06-19T16:27:18,0,17,69.9,10.1,13.8,87.4,10.4
2025-06-19T18:27:56,0,16.1,69.8,9.6,13.4,86.5,10.1
2025-06-19T20:28:12,0,14.7,73.7,9.3,12.6,91.1,10.1
2025-06-19T22:27:28,0,13.5,77.9,9.1,12,92.2,9.8
2025-06-20T00:26:42,0,12.7,79.5,8.8,11.8,88.5,9.3
2025-06-20T02:26:03,0,12.1,80.8,8.7,11.7,88,9.2
2025-06-20T04:26:05,0,11.8,84,8.8,12.6,84,9.3
2025-06-20T06:26:45,0,12.7,86.2,9.6,15.4,68,8.9
2025-06-20T08:27:23,0,15.2,73.7,9.6,19.3,49.5,8.2
2025-06-20T10:27:29,0,18.3,52.7,8.2,18.3,37.5,5.9
2025-06-20T12:27:54,0,20.7,43.7,7.9,18.5,39.7,6.3
2025-06-20T14:27:47,0,22.4,41.8,8.3,19.2,41.7,6.9
2025-06-20T16:27:55,0,22.2,44.6,8.8,18.4,52,8.2
2025-06-20T18:28:47,0,19.5,47.3,7.9,16.4,58.4,8.1
2025-06-20T20:29:12,0,16.8,51.8,7.4,14.2,66.5,8.1
2025-06-20T22:28:50,0,14,54.9,6.6,11.2,73,7.4
2025-06-21T00:29:38,0,11.5,58.9,6.1,9.6,78.8,7.2
2025-06-21T02:30:04,0,9.7,62.4,5.8,9.4,81.9,7.4
2025-06-21T04:30:37,0,9.1,65.8,5.8,15.8,67.9,9.1
2025-06-21T06:31:19,0,11.3,75.3,7.7,14.3,72,8.8
2025-06-21T08:30:19,0,13.7,75.2,8.9,13.4,74.1,8.6
2025-06-21T10:31:03,0,14.5,70,8.7,11.6,91.6,9.5
2025-06-21T12:30:44,0,14.4,73.4,9.1,13.7,88.3,10.5
2025-06-21T14:31:17,0,15.9,71.5,9.7,11.7,86,9
2025-06-21T16:30:30,0,16.4,69.5,9.7,12.6,79.9,8.8
2025-06-21T18:30:40,0,15.7,63.4,8.5,11.6,82.3,8.6
2025-06-21T20:31:04,0,14.1,63.2,7.7,9.9,87.2,8.1
2025-06-21T22:31:49,0,12.5,69.9,7.7,10.3,94.7,9.1
2025-06-22T00:32:15,0,11.5,74.8,7.7,9.9,93.8,8.8
2025-06-22T02:31:43,0,10.7,76.8,7.5,9.6,91.1,8.3
2025-06-22T04:31:29,0,10.4,82.2,7.9,11.3,85.9,8.8
2025-06-22T06:32:07,0,12.1,87.7,9.4,18.5,60.8,9.6
2025-06-22T08:32:19,0,16.2,73,10.1,19.1,49.2,8.1
2025-06-22T10:32:19,0,18.6,56.4,9,18.1,51.2,7.9
2025-06-22T12:31:32,0,20,50,8.6,17.9,48.3,7.4
2025-06-22T14:31:08,0,20.7,47.9,8.6,17.9,49.2,7.5
2025-06-22T16:31:46,0,20.7,44.5,8,18.3,44.4,6.9
2025-06-22T18:31:40,0,19.1,49.7,8.1,16.7,52.4,7.4
2025-06-22T20:31:51,0,17,52.9,7.7,13.7,62.7,7.4
2025-06-22T22:31:09,0,14.1,54,6.6,10,73.4,6.9
2025-06-23T00:31:11,0,10.9,57,5.7,7.6,80.5,6.5
2025-06-23T02:31:01,0,8.1,61.4,5.1,7.8,82.3,6.7
2025-06-23T04:31:16,0,7.6,65.6,5.3,13.8,69.8,8.3
2025-06-23T06:31:42,0,10.6,70.8,6.9,17.1,46.5,6.8
2025-06-23T08:31:14,0,14.4,63.7,7.9,15.8,57.3,7.7
2025-06-23T10:30:42,0,15.9,62.6,8.5,16.1,55.9,7.7
2025-06-23T12:30:16,0,17.3,56.4,8.3,16.1,55,7.5
2025-06-23T14:29:29,0,17.6,55.1,8.3,16.8,53.3,7.6
2025-06-23T16:29:48,0,17,58.1,8.4,14.1,76.4,9.3
2025-06-23T18:30:18,0,15.4,62,8.1,12.8,85.4,9.6
2025-06-23T20:30:38,0,14,67.6,8.2,12,93.7,10
2025-06-23T22:30:41,0,13,72.2,8.2,11.9,97.4,10.3
2025-06-24T00:30:28,0,12.6,76.9,8.5,12,97.8,10.4
2025-06-24T02:30:58,0,12.4,79.6,8.7,12.5,95.7,10.5
2025-06-24T04:31:11,0,12.7,81.8,9.1,13.1,93.7,10.7
2025-06-24T06:30:51,0,13.4,84,9.8,13.5,96.2,11.2
2025-06-24T08:31:20,0,14.4,84.8,10.5,12.9,97,10.9
2025-06-24T10:31:14,0,14.6,81.7,10.2,12.3,96.9,10.5
2025-06-24T12:31:12,0,14.4,80.6,10,12.6,94.3,10.4
2025-06-24T14:30:29,0,14.7,79,9.9,12.5,88.8,9.8
2025-06-24T16:30:05,0,14.6,77.7,9.7,12,96.1,10.2
2025-06-24T18:30:13,0,14.2,79.1,9.7,11.9,97.7,10.3
2025-06-24T20:30:58,0,13.6,79.4,9.3,11.4,98.4,10.1
2025-06-24T22:30:24,0,12.9,80.6,9.1,11.3,98.5,10
2025-06-25T00:30:34,0,12.5,83,9.1,11.4,98.2,10.1
2025-06-25T02:29:47,0,12.4,86.1,9.4,12.3,98,10.6
2025-06-25T04:30:19,0,12.7,89.9,10,13.1,97.7,11.1
2025-06-25T06:31:09,0,13.5,90.4,10.6,13.2,96.3,11.1
2025-06-25T08:30:54,0,14.3,88.5,10.9,13.8,92.2,11
2025-06-25T10:31:04,0,15.4,86,11.3,15.1,85.8,11.1
2025-06-25T12:30:27,0,17,82.4,11.9,15.9,84.3,11.4
2025-06-25T14:30:49,0,18.7,73.1,11.7,15.9,82.4,11.2
2025-06-25T16:31:18,0,18.7,68.9,11,14.6,87.9,11
2025-06-25T18:31:18,0,17.5,67.7,10.1,13.9,83.8,10
2025-06-25T20:31:32,0,15.3,67.6,8.8,12.2,87.4,9.4
2025-06-25T22:32:02,0,13.4,69.8,8.1,11.8,80.9,8.5
2025-06-26T00:31:33,0,12,70.3,7.5,9.7,83.8,7.7
2025-06-26T02:31:07,0,10.2,72.3,6.9,8.5,88.1,7.5
2025-06-26T04:31:56,0,9.4,78.9,7.1,10.4,80.7,7.8
2025-06-26T06:30:55,0,10.6,83.2,8.1,14.7,67.2,8.5
2025-06-26T08:30:56,0,14.2,79.1,9.7,17.7,60.7,9.2
2025-06-26T10:30:40,0,18.1,64.9,10,16.8,59.3,8.5
2025-06-26T12:30:29,0,20.4,53.3,9.4,15.1,63.3,8.2
2025-06-26T14:30:04,0,21.8,51.3,9.8,16.1,62.5,8.6
2025-06-26T16:30:01,0,21.8,52.6,10.1,17,60.8,8.8
2025-06-26T18:29:12,0,19.8,52.2,8.9,13.9,72.2,8.7
2025-06-26T20:29:19,0,16.2,55.1,7.6,11.5,79.8,8.2
2025-06-26T22:29:48,0,12.8,59,6.6,9,85.6,7.5
2025-06-27T00:29:19,0,9.9,63.2,5.9,7.6,90.1,7.3
2025-06-27T02:29:11,0,7.5,66,5.3,8.2,90.4,7.6
2025-06-27T04:29:39,0,7.4,74.1,5.9,15.1,84.7,10.9
2025-06-27T06:28:44,0,11.3,80.4,8.2,20.7,56.1,10.1
2025-06-27T08:28:38,0,16.5,76.5,10.7,20.7,46.7,8.4
2025-06-27T10:28:11,0,19.7,57.2,9.7,18.2,55.4,8.6
2025-06-27T12:28:27,0,20,55.1,9.5,18,61,9.4
2025-06-27T14:28:50,0,19.9,55.1,9.5,17.4,64.2,9.5
2025-06-27T16:28:08,0,18.6,57.4,9.1,16.5,69.6,9.8
2025-06-27T18:28:20,0,17.3,62.9,9.3,15.2,80.2,10.4
2025-06-27T20:28:03,0,16,66.6,9.1,14,83.7,10.1
2025-06-27T22:28:07,0,14.9,70,8.9,13,87.5,9.9
2025-06-28T00:27:45,0,14.1,72.6,8.8,12.3,89.9,9.8
2025-06-28T02:27:23,0,13.5,74.4,8.7,11.9,90.3,9.6
2025-06-28T04:27:34,0,13.1,76.7,8.7,12.3,90.8,9.9
2025-06-28T06:27:39,0,13.6,79.5,9.4,13,89.4,10.1
2025-06-28T08:28:26,0,14.6,82.2,10.3,13.9,89.1,10.7
2025-06-28T10:27:38,0,16.3,82.5,11.4,15.6,84.9,11.3
2025-06-28T12:27:22,0,19.9,72.4,12.4,18.1,72.7,11.2
2025-06-28T14:26:35,0,21.5,60.8,11.5,18.7,66,10.6
2025-06-28T16:27:24,0,21.9,54.4,10.5,17.4,67.2,10
2025-06-28T18:27:26,0,19.6,57.2,9.7,15.6,77.5,10.3
2025-06-28T20:27:18,0,17,62.1,9,13.7,82.9,9.8
2025-06-28T22:26:20,0,15,67,8.6,12.9,92.3,10.4
2025-06-29T00:26:38,0,13.9,70.6,8.5,12.9,100,11.3
2025-06-29T02:27:05,0,13.6,74.1,8.7,13.2,100,11.5
2025-06-29T04:27:29,0,13.8,79.7,9.5,13.7,100,11.8
2025-06-29T06:27:09,0,14.6,85.5,10.7,14.5,98.6,12.3
2025-06-29T08:27:40,0,16,89.8,12.2,16.8,85.8,12.3
2025-06-29T10:27:06,0,18.4,74.6,11.7,17,73.3,10.6
2025-06-29T12:27:02,0,20.3,55.9,9.8,18.1,55.1,8.5
2025-06-29T14:27:45,0,20.3,47.1,8.3,18.2,46.5,7.2
2025-06-29T16:27:07,0,18.6,47,7.5,17.3,49.1,7.2
2025-06-29T18:26:58,0,16.6,51.9,7.3,15.8,53.9,7.3
2025-06-29T20:26:25,0,14.3,55.4,6.8,13.5,62.7,7.3
2025-06-29T22:26:12,0,12.1,60,6.4,12.2,68.4,7.4
2025-06-30T00:26:49,0,10.6,66.2,6.5,11.2,75.2,7.6
2025-06-30T02:26:57,0,9.6,72.2,6.6,11.3,77.7,7.9
2025-06-30T04:27:20,0,9.6,80.2,7.3,15.2,69,9
2025-06-30T06:27:06,0,11.6,84.7,8.8,19.6,52.3,8.8
2025-06-30T08:27:44,0,15,73.6,9.4,18.5,54,8.5
2025-06-30T10:26:45,0,16.8,64.9,9.3,19.2,51.3,8.5
2025-06-30T12:27:19,0,19.2,59.2,9.8,19.8,50,8.5
2025-06-30T16:27:29,0,18.8,54.8,8.8,18.1,56.5,8.7
2025-06-30T18:28:09,0,17.5,61,9.1,17.2,62.2,9.1
2025-06-30T20:28:20,0,15.6,64.4,8.6,14.9,70.6,9
2025-06-30T22:28:17,0,13.7,68,8,13.5,77,9
2025-07-01T00:29:02,0,12.2,71.4,7.7,12.5,78.6,8.6
2025-07-01T02:29:24,0,11.1,75.9,7.6,12.5,81,8.9
2025-07-01T04:29:45,0,11.1,82.7,8.3,18.2,64.2,10
2025-07-01T06:28:49,0,13.5,85,9.9,22.9,47.7,9.7
2025-07-01T08:28:51,0,17.7,72,10.9,24.5,39.5,8.8
2025-07-01T10:28:43,0,21.1,52.8,9.7,24.5,37.1,8.3
2025-07-01T12:28:42,0,23.5,47.4,10,23.9,40.6,8.8
2025-07-01T14:29:06,0,24.6,44.7,10.1,24,41.8,9.1
2025-07-01T16:28:28,0,24.3,46,10.2,23.1,44.9,9.3
2025-07-01T18:28:03,0,21.4,47.9,9,21.1,49.5,9.1
2025-07-01T20:27:20,0,18.6,50.9,8.1,18.3,54.9,8.6
2025-07-01T22:26:45,0,15.9,54.7,7.4,15.2,61,7.9
2025-07-02T00:26:04,0,13.7,58.5,6.9,13.5,65.2,7.6
2025-07-02T02:25:37,0,11.9,62.6,6.6,12.3,71.9,7.8
2025-07-02T04:25:13,0,11.4,67.7,6.9,21.5,52.9,10
2025-07-02T06:24:59,0,15.1,70.9,9.1,27.9,39.4,10.7
2025-07-02T08:24:55,0,21.2,63.7,11.8,29.7,33.4,10
2025-07-02T10:25:32,0,26.1,47,11.5,26.9,37.7,9.7
2025-07-02T12:24:57,0,29.4,46.7,13.7,27,48.8,12.6
2025-07-02T14:24:43,0,30.8,43.7,13.9,26.7,50.4,12.8
2025-07-02T16:24:30,0,28.3,43.4,12,25.8,50,12
2025-07-02T18:24:42,0,24.9,48,11,23.1,53,11
2025-07-02T20:24:57,0,21.9,52.5,10.1,20.5,59.6,10.6
2025-07-02T22:25:28,0,19.1,57.9,9.5,17.6,69.4,10.4
2025-07-03T00:25:25,0,16.9,64.1,9.2,16.5,75.7,10.6
2025-07-03T02:25:07,0,15.8,68,9.1,16.1,78.2,10.7
2025-07-03T04:24:21,0,15.6,71.2,9.5,16.4,76.9,10.7
2025-07-03T06:24:06,0,17,76.9,11.1,21.2,60.4,11.2
2025-07-03T08:23:52,0,20.4,66.5,11.8,20.8,61.1,11.1
2025-07-03T10:23:32,0,23.8,55.8,12,21.6,54.7,10.4
2025-07-03T12:24:21,0,24.5,49.5,11.1,21.3,55.7,10.4
2025-07-03T14:24:33,0,23.4,53.1,11.2,20.5,72.5,12.9
2025-07-03T16:25:03,0,22.3,59.5,11.7,19.3,73.4,12.2
2025-07-03T18:24:23,0,20.7,62.4,11.2,17.7,72.6,10.9
2025-07-03T20:25:04,0,18,59.4,9.1,14.5,72.3,9
2025-07-03T22:24:17,0,15.8,65.2,8.8,13.4,79,9.2
2025-07-04T00:23:37,0,14.5,69.2,8.6,11.6,90.5,9.4
2025-07-04T02:23:44,0,13.4,71.7,8.3,11.3,87.7,8.9
2025-07-04T04:23:57,0,12.7,74.3,8.3,13.3,77.6,9
2025-07-04T06:23:13,0,13.7,73.5,8.7,19.3,52.2,8.7
2025-07-04T08:23:50,0,17.2,60.9,8.9,21.3,44.3,8.3
2025-07-04T10:24:05,0,21,47.1,8.6,20.2,42.2,7.4
2025-07-04T12:23:43,0,23.5,37,7.8,18.2,41.1,6.4
2025-07-04T14:23:08,0,23.9,34.9,7.6,17.7,42,6.3
2025-07-04T16:22:33,0,22.8,34.3,7,16.6,44.5,6.3
2025-07-04T18:22:04,0,20,36.3,6.3,15.2,45.9,6
2025-07-04T20:22:35,0,16.4,39.3,5.5,12,54.6,5.8
2025-07-04T22:22:52,0,12.9,43.3,4.9,8.9,69.4,6.1
2025-07-05T00:22:06,0,9.6,45.4,4.2,7.3,77.1,6.1
2025-07-05T02:22:08,0,7.5,51,4.1,8.2,79.5,6.7
2025-07-05T04:22:04,0,8,56.9,4.7,10.8,81.2,8
2025-07-05T06:22:14,0,11.5,65.7,6.8,17.6,62.6,9.4
2025-07-05T08:22:24,0,17.3,65.7,9.7,18.2,62.8,9.8
2025-07-05T10:22:46,0,22.3,56.6,11.2,19,61.8,10.1
2025-07-05T12:22:02,0,26,44.1,10.7,17.7,62.6,9.4
2025-07-05T14:21:27,0,25.9,39.1,9.5,17,62.6,9.1
2025-07-05T16:20:38,0,23.1,41.8,8.6,14.9,78.8,10
2025-07-05T18:19:57,0,20,46.1,8,12.8,90.1,10.1
2025-07-05T20:19:50,0,17.1,49.5,7.2,12,93.7,10
2025-07-05T22:20:33,0,15,58.6,7.5,11.6,99,10.3
2025-07-06T00:20:51,0,13.8,66.3,7.9,11.8,100,10.5
2025-07-06T02:20:05,0,13.3,71.3,8.2,12.1,100,10.7
2025-07-06T04:19:53,0,13.3,71.9,8.3,12.9,100,11.3
2025-07-06T06:19:07,0,14.2,75.3,9.2,13.9,100,12
2025-07-06T08:19:31,0,15.9,77.4,10.5,14.2,100,12.2
2025-07-06T10:19:30,0,17.1,76.7,11.2,15.2,99.2,12.9
2025-07-06T12:19:08,0,17.7,77,11.6,15.4,99.4,13.1
2025-07-06T14:19:45,0,17.7,77.9,11.7,15.3,100,13.1
2025-07-06T16:19:26,0,17.7,78.7,11.9,15.2,99.3,12.9
2025-07-06T18:19:08,0,17.3,77.6,11.4,14.7,98.6,12.4
2025-07-06T20:19:48,0,16.5,77.4,10.9,13.6,99.5,11.7
2025-07-06T22:20:04,0,15.5,77.9,10.3,13.4,99.5,11.6
2025-07-07T00:19:24,0,14.7,80.4,10.1,13.6,100,11.8
2025-07-07T02:19:56,0,14.4,83.8,10.4,14.3,100,12.3
2025-07-07T04:19:22,0,14.5,87.1,10.8,14.6,100,12.5
2025-07-07T06:19:25,0,15.1,89.1,11.5,15,98.6,12.6
2025-07-07T08:20:06,0,15.8,89,12,15.6,95.7,12.7
2025-07-07T10:20:30,0,16.8,88.7,12.7,16.6,94.8,13.4
2025-07-07T12:19:56,0,18.4,89,14,19.4,84.1,14
2025-07-07T14:19:52,0,21.7,74.3,14.2,20.6,71.7,12.8
2025-07-07T16:20:07,0,21.7,66.2,12.6,17.7,84.8,12.8
2025-07-07T18:19:28,0,20.1,67.7,11.8,16.1,91.3,12.5
2025-07-07T20:19:23,0,18.4,71.1,11.2,15.4,94.7,12.4
2025-07-07T22:19:25,0,17,74.5,10.8,14.9,95.2,12.1
2025-07-08T00:19:08,0,16,77.8,10.6,14.7,96,12.1
2025-07-08T02:18:58,0,15.5,81.2,10.7,14.8,96.7,12.2
2025-07-08T04:19:09,0,15.3,85.8,11.2,14.8,100,12.7
2025-07-08T06:19:39,0,15.4,89.2,11.7,14.9,100,12.7
2025-07-08T08:19:48,0,16,91.5,12.5,15.8,100,13.5
2025-07-08T10:19:21,0,17,88.8,12.8,15.6,100,13.3
2025-07-08T12:19:57,0,18.2,83.2,12.9,15.8,94.2,12.7
2025-07-08T14:20:33,0,18.5,73.2,11.6,15.4,87.3,11.5
2025-07-08T16:19:59,0,18.9,72.9,11.8,17.1,79.2,11.5
2025-07-08T18:20:32,0,19.1,71.4,11.7,15.9,82.8,11.2
2025-07-08T20:20:38,0,17.2,68.3,10,12.5,91.4,10
2025-07-08T22:20:58,0,14.5,67.4,8.4,10.3,96.5,9.2
2025-07-09T00:20:40,0,12,70,7.5,8.8,98.4,8.6
2025-07-09T02:20:04,0,9.8,73.7,6.8,9.7,96.4,8.9
2025-07-09T04:20:54,0,9.2,77.4,6.9,14.9,82.7,10.5
2025-07-09T06:21:03,0,11.1,85.7,8.6,19,65.5,10.7
2025-07-09T08:21:55,0,15.5,83.4,11,23.9,53.2,11.5
2025-07-09T10:22:21,0,21,61.4,11.2,22.4,47.9,9.5
2025-07-09T12:22:14,0,24.2,44.9,9.9,20.2,46.8,8.2
2025-07-09T14:22:07,0,24.3,43.4,9.6,20.3,46.4,8.2
2025-07-09T16:22:36,0,23.6,46.6,9.9,19.3,55.2,9.2
2025-07-09T18:21:54,0,21.7,52,9.9,18.4,61,9.6
2025-07-09T20:22:34,0,18.8,52.3,8.4,15.7,64.8,8.7
2025-07-09T22:22:58,0,15.6,56.5,7.5,12.8,74.3,8.3
2025-07-10T00:23:02,0,13.1,61.1,7,11.7,78,8.2
2025-07-10T02:22:18,0,11.2,64.6,6.5,10.7,80.6,7.9
2025-07-10T04:21:30,0,10.4,68.1,6.6,14.3,75.4,9.3
2025-07-10T06:21:25,0,11.9,76.5,8.1,17.8,66.8,10.1
2025-07-10T08:21:25,0,16.2,81.4,11.2,22.5,53,10.6
2025-07-10T10:21:18,0,20.5,62,11,20.1,55.4,9.6
2025-07-10T12:20:40,0,22.5,55,11,20.3,56.1,9.9
2025-07-10T14:21:17,0,22.5,49.8,9.9,19.2,57.3,9.4
2025-07-10T16:20:15,0,21.4,52.2,9.8,18.7,60.9,9.7
2025-07-10T18:19:26,0,19.4,54.8,9.1,16.4,71,9.9
2025-07-10T20:19:13,0,17.1,60.3,8.8,14.6,79.8,10
2025-07-10T22:19:33,0,15.5,65,8.6,14.4,80.9,10
2025-07-11T00:19:18,0,14.5,70,8.7,14.5,80.5,10
2025-07-11T02:19:04,0,13.8,73.6,8.8,14.4,79.9,9.9
2025-07-11T04:18:13,0,13.7,79,9.4,16.2,74.6,10.3
2025-07-11T06:17:53,0,14.6,80.2,10,15.7,79.8,10.7
2025-07-11T08:18:20,0,15.5,80.6,10.6,16.2,81.2,11.2
2025-07-11T10:18:55,0,16.5,80.7,11.3,16.9,82.7,11.9
2025-07-11T12:19:00,0,18.1,80.1,12.4,18.6,79.2,12.6
2025-07-11T14:18:39,0,20.4,78.6,13.9,20.3,74.8,13.2
2025-07-11T16:18:50,0,22.2,72,14.1,20.7,73.6,13.2
2025-07-11T18:19:03,0,21.1,68.6,12.6,19.6,78.1,13.2
2025-07-11T20:18:47,0,19.2,72.2,11.9,18.5,82.1,13
2025-07-11T22:19:30,0,17.7,78.1,11.8,18.6,83.4,13.3
2025-07-12T00:18:54,0,17.1,81.7,11.9,17.9,85.6,13.1
2025-07-12T02:18:23,0,16.7,84.6,12,17.3,87.6,12.9
2025-07-12T04:18:24,0,16.5,87.5,12.3,17.9,87.5,13.4
2025-07-12T06:17:36,0,17.6,91.7,13.7,22.9,75.2,15.4
2025-07-12T08:18:01,0,22.1,88.8,17.3,29.8,59.1,17.7
2025-07-12T10:18:11,0,26.6,73.3,18.5,29.4,58.2,17.1
2025-07-12T12:17:24,0,30.1,59.4,18.1,26.6,63.7,16
2025-07-12T14:17:08,0,30.1,55.4,16.9,24.6,70.9,16
2025-07-12T16:17:23,0,29.6,58.3,17.3,26,68.2,16.6
2025-07-12T18:17:17,0,27,60.7,15.6,24,73.4,16
2025-07-12T20:16:34,0,24.2,64.7,14.2,20.7,81.1,14.6
2025-07-12T22:16:56,0,21,68.7,12.6,18.4,85.3,13.4
2025-07-13T00:16:50,0,18.7,73.2,11.7,17.6,85,12.7
2025-07-13T02:16:24,0,17.7,79.5,12,17.4,90,13.3
2025-07-13T04:17:11,0,17.6,85.6,12.8,20.3,85.2,15
2025-07-13T06:17:30,0,19.5,90.5,15.2,24.2,77.4,17
2025-07-13T08:17:36,0,24.3,86.4,19.1,28.6,64.9,18.3
2025-07-13T10:16:48,0,28,68,18.5,28.1,60.1,16.4
2025-07-13T12:16:49,0,31.5,57.1,18.8,26.8,65.3,16.6
2025-07-13T14:17:19,0,31.5,51.3,16.9,25.3,63.4,14.8
2025-07-13T16:16:44,0,30.3,51.6,15.9,25.4,63,14.8
2025-07-13T18:16:21,0,27.8,59.1,15.9,25.2,66,15.4
2025-07-13T20:15:33,0,24.6,64.3,14.5,22.3,74.9,14.8
2025-07-13T22:16:07,0,21.9,70.3,13.6,20.7,82,14.8
2025-07-14T00:16:41,0,19.9,72.6,12.5,18.9,84.2,13.6
2025-07-14T02:16:20,0,18.2,75.3,11.7,17.6,87,13
2025-07-14T04:16:35,0,17.5,81.9,12.2,22.9,75.1,15.3
2025-07-14T06:15:49,0,19.9,83.6,14.4,27.4,61.5,16.2
2025-07-14T08:15:58,0,24.7,76.6,17.3,31.2,50.2,16.3
2025-07-14T10:16:01,0,30,55.7,16.9,30,47.9,14.5
2025-07-14T12:15:46,0,33.1,46.4,16.6,27.9,53.4,14.5
2025-07-14T14:16:24,0,33.8,41.8,15.5,26.6,52,13.1
2025-07-14T16:16:36,0,30.9,42.7,13.6,23.7,62.2,13.3
2025-07-14T18:16:36,0,27,49.2,12.7,22.1,70.9,13.8
2025-07-14T20:16:26,0,23.8,56.6,12.2,20.2,80.2,14
2025-07-14T22:15:53,0,21,62.5,11.4,18.7,84.1,13.5
2025-07-15T00:16:03,0,18.8,67.3,10.8,17.6,88.7,13.3
2025-07-15T02:15:46,0,17.3,70.6,10.4,17.7,88.9,13.4
2025-07-15T04:15:07,0,17.2,77.4,11.3,21.9,79.9,15.4
2025-07-15T06:15:49,0,19.7,83.1,14.1,30.1,57.7,17.6
2025-07-15T08:15:25,0,24.8,73,16.6,32.6,38.7,13.5
2025-07-15T10:15:29,0,29.7,53,15.8,29.4,47.1,13.8
2025-07-15T12:15:51,0,31.6,43.3,14.3,28,47,12.8
2025-07-15T14:15:50,0,32.1,40.6,13.8,27.6,43.8,11.7
2025-07-15T16:15:23,0,31,44.4,14.2,24.3,64.9,14.4
2025-07-15T18:15:54,0,27.2,50,13,21.4,75.7,14.2
2025-07-15T20:16:29,0,23.4,56.2,11.8,18.7,89.3,14.3
2025-07-15T22:17:32,0,20.2,60.2,10.5,17.2,92,13.5
2025-07-16T00:17:55,0,17.6,64.8,9.7,16.9,92.6,13.3
2025-07-16T02:18:07,0,15.8,70.3,9.5,16.4,92,12.8
2025-07-16T04:18:34,0,15.7,75.1,10,20.8,84.2,15.2
2025-07-16T06:18:50,0,18.6,81.3,12.9,27.9,61.9,16.8
2025-07-16T08:18:20,0,23.9,74.8,16.2,31.1,43.3,13.9
2025-07-16T10:17:44,0,27.8,50.6,13.6,29.6,39.7,11.8
2025-07-16T12:18:18,0,30.9,40.5,12.9,27,40.5,10.4
2025-07-16T14:18:44,0,31.4,34.4,11.3,27.2,35.8,9.3
2025-07-16T16:18:54,0,29.5,36.5,10.8,26.9,36.6,9.4
2025-07-16T18:18:48,0,26.4,41,10.2,24.9,42.7,9.8
2025-07-16T20:18:52,0,22.5,47,9.4,19.2,58.5,9.6
2025-07-16T22:18:13,0,18.4,51.2,8.1,15.6,66.5,8.8
2025-07-17T00:18:55,0,15.1,57.5,7.4,14.6,74.1,9.3
2025-07-17T02:18:08,0,13.5,60.4,7.1,14.1,74.8,9.1
2025-07-17T04:17:45,0,13.1,64.8,7.4,20.4,61.6,10.9
2025-07-17T06:17:01,0,16.2,71.7,9.9,30.1,43.4,13.2
2025-07-17T08:17:36,0,23,66,13.6,35.5,36.7,14.9
2025-07-17T10:17:53,0,29.6,49.7,14.8,32.5,36.3,12.6
2025-07-17T12:17:57,0,32.9,39.8,14.1,29.8,39.4,11.8
2025-07-17T14:17:10,0,32.6,36.6,12.8,28.9,41.3,11.8
2025-07-17T16:16:22,0,30.6,37.2,11.7,26.9,42.9,11
2025-07-17T18:16:21,0,27.3,43.9,11.5,25,49.2,11.3
2025-07-17T20:16:57,0,23.8,45,9.7,22.2,54,10.6
2025-07-17T22:17:01,0,20.7,51.1,9.2,20.1,60.2,10.5
2025-07-18T00:17:24,0,18,56.9,8.7,17.6,67.7,10.2
2025-07-18T02:18:07,0,15.7,61.5,8.2,16,69.1,9.4
2025-07-18T04:18:00,0,14.9,67.8,8.6,20.9,58.8,10.7
2025-07-18T06:18:13,0,17.2,76.6,11.2,26.6,40.5,10.2
2025-07-18T08:18:39,0,22,53.9,10.5,27.7,31.7,8.5
2025-07-18T10:19:14,0,26.3,38.7,9.6,25.7,34,8.1
2025-07-18T12:19:35,0,29,33.9,9.7,23.9,38.5,8.3
2025-07-18T14:19:20,0,29.7,32.2,9.6,23.8,38.8,8.3
2025-07-18T16:20:10,0,28.4,33.8,9.4,23.6,41.4,8.8
2025-07-18T18:20:34,0,26,37.2,9.1,22.5,44.9,9
2025-07-18T20:20:42,0,22.6,41.9,8.4,18.1,56.3,8.7
2025-07-18T22:20:30,0,19.1,47.1,7.7,15.6,62.1,8.3
2025-07-19T00:20:20,0,16.9,52.5,7.5,15.4,66.3,8.7
2025-07-19T02:20:45,0,15.4,56.6,7.4,14.9,71.3,9.1
2025-07-19T04:21:30,0,15.1,59.5,7.7,19.9,66.5,11.4
2025-07-19T06:21:41,0,18,66.6,10.2,26.7,53.4,13.5
2025-07-19T08:21:47,0,23.3,68.7,14.4,28.1,40.6,11.1
2025-07-19T10:22:32,0,27.3,42,11,26.1,39,9.6
2025-07-19T12:22:19,0,30.1,34.4,10.5,24.7,38.8,8.8
2025-07-19T14:21:41,0,31.7,30.7,10.2,24.3,40.8,9
2025-07-19T16:21:57,0,31.3,30.7,10,24,41.7,9.1
2025-07-19T18:22:14,0,28.8,34.8,9.9,22.8,49.1,10
2025-07-19T20:22:01,0,24.7,38.2,8.6,18.6,62.6,10
2025-07-19T22:22:33,0,21,42.3,7.7,15.8,70.6,9.5
2025-07-20T00:23:09,0,17.7,46.4,7,14.3,74,9.1
2025-07-20T02:22:49,0,15.7,50.6,6.8,14,75.4,9.1
2025-07-20T04:23:11,0,15.3,54.9,7.2,20.2,63.8,11.2
2025-07-20T06:23:35,0,18,62.9,9.7,27.8,44,11.8
2025-07-20T08:24:02,0,23.5,58.7,12.4,30.7,33.8,10.7
2025-07-20T10:23:45,0,29.5,39.5,11.7,28.5,35.2,9.8
2025-07-20T12:24:36,0,34.4,30.1,11.6,26.3,36.7,9.1
2025-07-20T14:24:06,0,35.5,26.3,10.7,25.5,39.8,9.4
2025-07-20T16:24:09,0,35.1,28.3,11.3,26.1,41.9,10.3
2025-07-20T18:24:48,0,32.9,29.8,10.6,25.2,46,10.7
2025-07-20T20:25:03,0,29,32.4,9.3,21.8,51.2,9.8
2025-07-20T22:24:42,0,24.7,37.2,8.4,18.7,60.3,9.7
2025-07-21T00:25:08,0,21.8,42.1,8.1,16.9,67.6,9.7
2025-07-21T02:25:20,0,20.1,46.1,8,17.1,70.5,10.3
2025-07-21T04:26:20,0,19.4,49.1,8.2,21,62.7,11.5
2025-07-21T06:25:47,0,21,54.7,10,27.5,51.2,13.6
2025-07-21T08:26:13,0,25.7,57.1,13.7,28.8,45.4,12.9
2025-07-21T10:25:25,0,29.9,46.6,14.1,26.5,53.2,13.3
2025-07-21T12:26:06,0,30.7,46.5,14.7,22.4,71.5,14.2
2025-07-21T14:26:52,0,28.3,54.2,15,23.5,72.7,15.4
2025-07-21T16:27:20,0,27.1,57.6,14.9,22,78.4,15.2
2025-07-21T18:27:18,0,25,63.3,14.6,21.9,80.6,15.6
2025-07-21T20:26:44,0,23.3,65,13.6,20.3,80.4,14.1
2025-07-21T22:26:27,0,20.8,66.6,12.1,18.6,81.3,12.9
2025-07-22T00:26:20,0,19.2,70.1,11.6,18.4,79.3,12.5
2025-07-22T02:25:50,0,18.5,74.2,11.7,18.2,84.4,13.1
2025-07-22T04:26:31,0,18.2,77.5,12,17.9,87.7,13.4
2025-07-22T06:26:01,0,18.5,81.9,13,19.4,87.8,14.6
2025-07-22T08:25:15,0,20.7,85.6,15.4,22.2,79.5,15.6
2025-07-22T10:25:17,0,24.5,77.3,17.3,25.9,66,16
2025-07-22T12:26:09,0,27.5,60.2,15.9,26.7,56.2,14.2
2025-07-22T14:26:44,0,27.4,52.1,13.7,26.7,50.4,12.8
2025-07-22T16:27:13,0,26.7,53.8,13.6,26.7,51,12.9
2025-07-22T18:27:18,0,24.5,59,13.2,22.6,67.9,13.6
2025-07-22T20:27:35,0,22.1,64.8,12.6,21,72.8,13.3
2025-07-22T22:27:36,0,20,70.9,12.3,19.5,78.1,13.1
2025-07-23T00:28:04,0,18.5,75.3,11.9,18.4,80.7,12.7
2025-07-23T02:28:21,0,17.4,78.8,11.7,17.5,83.4,12.4
2025-07-23T04:28:07,0,17.1,86,12.5,21.8,74.5,14.3
2025-07-23T06:27:49,0,19.7,86.9,14.8,28.3,58.4,16.2
2025-07-23T08:28:24,0,24.5,77.7,17.4,33.2,46.4,16.7
2025-07-23T10:29:05,0,27,57.7,14.9,27.3,50.5,13.2
2025-07-23T12:28:55,0,27.7,56.7,15.2,26.3,53.9,13.3
2025-07-23T14:29:25,0,28.5,48.5,13.6,25.8,50.3,12.1
2025-07-23T16:28:57,0,27,49.8,12.8,25.7,49.9,12
2025-07-23T18:29:08,0,24.5,56.5,12.6,24.3,55.8,12.4
2025-07-23T20:28:46,0,21.5,61.8,11.7,20.1,69.1,12
2025-07-23T22:29:01,0,18.8,67.2,10.8,17.8,79.6,12.1
2025-07-24T00:29:48,0,16.6,71.2,10.1,16.7,84.4,12
2025-07-24T02:29:42,0,15.2,74.7,9.7,17,83.7,12.1
2025-07-24T04:30:07,0,15.6,78.4,10.4,22.6,72.5,14.6
2025-07-24T06:29:54,0,19,81.4,13.3,31.2,51.5,16.7
2025-07-24T08:30:31,0,24.6,71.9,16.2,32.8,34.7,12.2
2025-07-24T10:31:16,0,28.8,47.7,13.6,30,37.7,11.4
2025-07-24T12:30:36,0,32,40.1,13.6,28.4,42.1,11.7
2025-07-24T14:29:53,0,31.9,37.4,12.6,27.9,41.9,11.3
2025-07-24T16:29:13,0,29.9,37.4,11.3,27.5,37.8,10
2025-07-24T18:29:59,0,26.6,47.5,12,25,53.1,12.2
2025-07-24T20:29:32,0,22.7,52.9,10.7,20.2,66.9,11.7
2025-07-24T22:30:04,0,18.8,59.7,9.6,17.3,74.5,11
2025-07-25T00:30:45,0,16,65.4,8.9,15.7,80,10.7
2025-07-25T02:30:01,0,14.2,69.1,8.4,15.2,82,10.6
2025-07-25T04:30:18,0,13.9,72.3,8.7,22.1,70,13.7
2025-07-25T06:30:28,0,17.8,74.9,11.4,31.5,46.7,15.4
2025-07-25T08:29:57,0,24.5,66.4,14.9,35.8,31.9,13.2
2025-07-25T10:30:16,0,30,47.1,14.3,31.9,34.4,11.6
2025-07-25T12:30:53,0,32.7,37.4,13.1,29.5,38,11.2
2025-07-25T14:31:03,0,32.9,34.6,12.3,28.7,37.3,10.5
2025-07-25T16:30:38,0,31.2,35.4,11.5,28,37.6,10.2
2025-07-25T18:30:05,0,27.7,40.5,10.8,25.8,48.1,11.6
2025-07-25T20:29:31,0,24.2,46.5,10.2,21.3,60.2,11.2
2025-07-25T22:28:59,0,20.7,52.7,9.5,18.6,70.2,11.2
2025-07-26T00:28:59,0,17.9,58.1,8.9,17,73.9,10.7
2025-07-26T02:29:49,0,15.9,62.5,8.5,16.5,77,10.8
2025-07-26T04:29:21,0,15.6,65.8,8.7,22.9,66,13.5
2025-07-26T06:29:31,0,19.2,71.2,11.7,29.9,52.6,15.9
2025-07-26T08:30:22,0,24.7,68.6,15.5,32.5,41.2,14.3
2025-07-26T10:29:52,0,29.7,51.4,15.4,29.6,46.6,13.8
2025-07-26T12:30:20,0,32.8,41.5,14.6,27.1,48.6,12.6
2025-07-26T14:31:10,0,33.5,39.4,14.4,26.8,52.1,13.3
2025-07-26T16:31:15,0,32.6,40.8,14.2,25.5,59.8,14.2
2025-07-26T18:31:17,0,30,43.9,13.3,24.2,66.3,14.6
2025-07-26T20:30:46,0,26.6,48.3,12.2,21.2,75,13.9
2025-07-26T22:30:12,0,23.4,52.9,11.1,19,81.9,13.3
2025-07-27T00:29:28,0,20.6,56.9,10.2,17.4,85.7,12.7
2025-07-27T02:29:18,0,18.4,59.5,9.4,16.7,87.4,12.4
2025-07-27T04:30:03,0,17.7,63.7,9.6,22.8,75.1,15.3
2025-07-27T06:30:51,0,20.7,68.6,12.3,31,54.1,17.3
2025-07-27T08:30:17,0,26.2,66.7,16.4,29.9,47.7,14.4
2025-07-27T10:30:08,0,30.4,52.1,16.2,28,53.8,14.6
2025-07-27T12:30:31,0,34.4,37.5,14.4,26.6,47.7,12
2025-07-27T14:30:56,0,35.9,31.4,13,26.2,46.2,11.4
2025-07-27T16:30:10,0,35,33.9,13.4,25.1,59.7,13.8
2025-07-27T18:29:31,0,32.5,38.2,13.3,23.7,70.6,15.1
2025-07-27T20:29:38,0,29.4,42.5,12.5,22.2,75.8,14.9
2025-07-27T22:29:34,0,26.2,46.7,11.5,20.6,81.4,14.6
2025-07-28T00:28:58,0,23.2,50.9,10.6,18.9,86.8,14.1
2025-07-28T02:28:27,0,20.7,55.5,10,18.2,88,13.7
2025-07-28T04:27:37,0,19.7,60.7,10.3,20.6,83.9,15
2025-07-28T06:26:56,0,21.9,74,14.3,26.2,67.5,16.6
2025-07-28T08:26:46,0,25.9,70.5,17.1,26.9,60.8,15.6
2025-07-28T10:26:57,0,30.2,52.3,16,26.2,61.2,15.1
2025-07-28T12:27:02,0,33.9,43,16.1,26,60.6,14.8
2025-07-28T14:27:30,0,35.9,36.8,15.3,25.3,63.7,14.9
2025-07-28T16:26:59,0,35.1,35.9,14.3,25.1,61.9,14.3
2025-07-28T18:26:19,0,32.5,39.3,13.6,24.1,67.6,14.8
2025-07-28T22:27:10,0,27.1,49.1,12.7,22.4,78.1,15.5
2025-07-29T00:27:32,0,25.8,56.1,13.5,22.1,80.6,15.7
2025-07-29T02:28:06,0,24.6,62.1,14,21.6,88.8,16.8
2025-07-29T04:28:02,0,24.3,67.1,14.9,21.5,89.9,17
2025-07-29T06:27:44,0,24.4,70.8,15.8,22.1,87.5,17.1
2025-07-29T08:28:23,0,25.5,71.6,17,24.4,76.9,17.1
2025-07-29T10:28:41,0,27.3,63.1,16.5,22.9,83.4,17
2025-07-29T12:29:28,0,27,63.1,16.2,23.1,84.2,17.4
2025-07-29T14:29:36,0,27,62.8,16.2,24.3,73.2,16.2
2025-07-29T16:29:42,0,26.8,61.3,15.6,23.8,73.6,15.8
2025-07-29T18:29:47,0,25.8,60.8,14.6,23,74.1,15.2
2025-07-29T20:29:56,0,24.5,61.7,13.8,21.9,78.1,15.1
2025-07-29T22:30:02,0,23.1,66.5,13.7,21.6,85.8,16.3
2025-07-30T00:29:59,0,22.3,70,13.8,20,87.1,15
2025-07-30T02:30:34,0,21.4,72.4,13.6,19.5,90,15.1
2025-07-30T04:30:05,0,21.3,78.8,14.7,21.5,84.2,15.9
2025-07-30T06:30:19,0,23,82.4,16.9,25.1,72.7,16.8
2025-07-30T08:30:06,0,24.8,74.8,17,26.7,65.6,16.6
2025-07-30T10:30:17,0,29.7,58.1,17.4,27.9,54.8,14.8
2025-07-30T12:30:42,0,33.1,46,16.5,27.5,55.7,14.7
2025-07-30T14:30:35,0,35.6,37.3,15.2,27.8,48.6,13.1
2025-07-30T16:29:53,0,35,34.8,13.8,27.5,50.4,13.3
2025-07-30T18:30:40,0,32.8,37.3,13.2,26,56,13.6
2025-07-30T20:30:38,0,29.9,41.8,12.6,23.8,65,14
2025-07-30T22:30:21,0,27,46.2,11.9,21.7,70.3,13.4
2025-07-31T00:30:09,0,24.5,50.5,11.3,20.8,73.3,13.3
2025-07-31T02:30:54,0,23.1,55.7,11.5,20.4,80.4,14.2
2025-07-31T04:30:34,0,22.7,60.5,12.2,24.2,75,16.5
2025-07-31T06:30:54,0,24.6,74,16.7,28.5,63,17.6
2025-07-31T08:31:29,0,28.4,63.1,17.6,30.5,48.5,15.1
2025-07-31T10:30:45,0,32.9,45,16,29.6,46.3,13.8
2025-07-31T12:29:59,0,36.2,38,16,26.6,65.2,16.4
2025-07-31T14:30:26,0,36.3,36.3,15.4,25.1,67.1,15.5
2025-07-31T16:30:55,0,34.6,38.1,14.8,24.8,65.8,15
2025-07-31T18:31:03,0,32.4,42,14.5,24.1,69.8,15.3
2025-07-31T20:30:39,0,29.5,45.7,13.5,22.6,76.4,15.3
2025-07-31T22:30:38,0,26.6,49.2,12.4,20.3,81.5,14.3
2025-08-01T00:30:43,0,24.3,53.7,11.9,19.2,84.8,14
2025-08-01T02:31:00,0,22.2,57.4,11.3,18.7,86,13.8
2025-08-01T04:31:32,0,21.5,62.5,11.8,20.8,81.8,14.8
2025-08-01T06:31:05,0,22.8,71.2,14.5,23,71.8,14.8
2025-08-01T08:31:42,0,24.7,64.6,14.6,24.3,66.1,14.6
2025-08-01T10:32:25,0,28.8,52.1,14.8,25,56.8,13.1
2025-08-01T12:32:52,0,31.1,44.6,14.4,23.6,66.9,14.2
2025-08-01T14:32:47,0,32.1,41.5,14.1,23.6,64.1,13.6
2025-08-01T16:32:52,0,31.5,41.7,13.7,22.4,73.4,14.6
2025-08-01T18:33:28,0,29.5,45.4,13.4,20.7,85.9,15.5
2025-08-01T20:34:23,0,27.3,49.4,12.9,20,87.1,15
2025-08-01T22:34:14,0,24.9,52.6,12,19.2,88.1,14.5
2025-08-02T00:34:05,0,23.9,56,12.1,18.2,88.3,13.7
2025-08-02T02:34:21,0,22.2,60.3,11.8,16.6,91.2,12.9
2025-08-02T04:35:05,0,20.3,62.5,11,15.9,91.8,12.4
2025-08-02T06:34:28,0,19.6,73,12.3,19.4,86.8,14.5
2025-08-02T08:34:58,0,21.5,75.7,14.3,24.4,63.2,14.1
2025-08-02T10:34:13,0,24.3,59.2,13.1,24.3,49.6,11
2025-08-02T12:34:34,0,25.6,48.9,11.6,23.2,52.9,11
2025-08-02T14:34:23,0,25.5,47.1,11.2,22.4,53,10.5
2025-08-02T16:33:53,0,24.2,52.3,11.5,22.4,55.8,11.1
2025-08-02T18:33:49,0,21.7,56.8,10.8,20.6,66.3,11.9
2025-08-02T20:34:24,0,19.2,62.6,10.3,17.8,75.9,11.5
2025-08-02T22:34:53,0,16.9,67.2,9.7,15.8,82.8,11.1
2025-08-03T00:34:47,0,14.8,70.7,9,14.5,85.8,10.7
2025-08-03T02:34:29,0,12.9,73.9,8.3,13.8,89.9,10.7
2025-08-03T04:34:02,0,12,76.2,8.1,19.5,80.9,13.6
2025-08-03T06:34:15,0,15.1,84,10.8,25,62,14.3
2025-08-03T08:34:01,0,20.7,83,14.9,27.1,48.7,12.6
2025-08-03T10:33:54,0,24.7,59.7,13.5,25.8,49.4,11.9
2025-08-03T12:33:19,0,27.3,53.3,14,25.4,51.9,12.2
2025-08-03T14:32:59,0,27.5,51.6,13.7,24.5,57.9,13
2025-08-03T16:33:13,0,25.3,53.2,12.5,23.3,62.1,13
2025-08-03T18:33:34,0,22.9,59.6,12.2,21.8,71.2,13.7
2025-08-03T20:34:09,0,20.6,65,11.6,20.5,77.5,13.8
2025-08-03T22:34:52,0,19.1,70.1,11.5,19.9,82.1,14.1
2025-08-04T00:34:07,0,18,70.9,10.9,19.1,84.8,13.9
2025-08-04T02:33:41,0,16.6,73.3,10.4,18.8,85.7,13.8
2025-08-04T04:33:16,0,16.7,82.2,11.7,21.8,82.7,15.9
2025-08-04T06:34:00,0,19.3,87.6,14.5,26.6,58,14.6
2025-08-04T08:33:21,0,23.3,77.7,16.2,27.7,52,13.9
2025-08-04T10:33:33,0,27,60.9,15.7,27.3,53.1,13.9
2025-08-04T12:33:07,0,29.3,52.3,15.3,27.1,54.2,14
2025-08-04T14:33:01,0,29.1,49.5,14.3,24.6,62.1,14
2025-08-04T16:33:30,0,24.7,53.7,12.2,18.9,82.8,13.4
2025-08-04T18:33:03,0,21.9,62.5,12.1,19,87.7,14.3
2025-08-04T20:33:28,0,19.9,67.7,11.6,17.7,93.1,14
2025-08-04T22:33:41,0,18.3,70.5,11,17,90.7,13.1
2025-08-05T00:34:17,0,16.7,72.8,10.3,17.7,94,14.2
2025-08-05T02:33:34,0,16.4,76.6,10.7,17.7,95.1,14.3
2025-08-05T04:33:18,0,16.8,81.2,11.6,17.8,92,14
2025-08-05T06:33:58,0,17.9,81.4,12.4,19.9,78.3,13.4
2025-08-05T08:33:33,0,20,78.6,13.6,20.7,71.7,12.9
2025-08-05T10:34:22,0,21.2,69.7,12.9,20.4,67.6,12
2025-08-05T12:34:36,0,21.3,69,12.9,20.9,70.2,12.8
2025-08-05T14:34:28,0,20.8,68.5,12.4,19,77.5,12.6
2025-08-05T16:34:08,0,19.9,74.2,12.7,17.6,94.2,14.1
2025-08-05T18:33:47,0,19.2,77.7,12.8,17.5,94.1,14
2025-08-05T20:34:12,0,17.8,77.6,11.8,16.3,93.5,13
2025-08-05T22:33:30,0,16.3,76.6,10.6,14.5,92.8,11.5
2025-08-06T00:34:15,0,14.3,77.6,9.5,14.5,94.6,11.8
2025-08-06T02:34:47,0,13.7,81.9,9.7,15.6,93.6,12.4
2025-08-06T04:34:56,0,14.2,84.8,10.4,17.1,77.9,11.3
2025-08-06T06:35:02,0,15.6,83.6,11.1,20,59.6,10.3
2025-08-06T08:34:33,0,17.9,77.7,11.9,20.6,57.8,10.3
2025-08-06T10:34:02,0,19.9,63.4,10.9,19.8,56.6,9.7
2025-08-06T12:33:37,0,21,55.8,10.2,19.2,54.5,9
2025-08-06T14:34:10,0,21.1,51.5,9.5,18.4,53.3,8.4
2025-08-06T16:34:37,0,19.7,53.5,9.1,17.3,62.6,9.2
2025-08-06T18:33:52,0,17.5,58.2,8.7,15.7,71.6,9.6
2025-08-06T20:33:38,0,15.6,63.6,8.5,14.5,83.2,10.3
2025-08-06T22:33:42,0,14.5,67.4,8.4,12.7,87.7,9.8
2025-08-07T00:34:06,0,13.7,70.1,8.3,12.2,90.6,9.8
2025-08-07T02:33:52,0,12.2,70.1,7.6,11.2,92.9,9.4
2025-08-07T04:34:21,0,10.8,71.7,7.1,15.4,85.9,11.3
2025-08-07T06:33:44,0,13,81.8,9.3,23.3,60,12.5
2025-08-07T08:33:21,0,17.3,79.7,11.7,25.3,50.3,11.8
2025-08-07T10:33:43,0,20.6,65.1,11.6,22.2,52.6,10.3
2025-08-07T12:34:22,0,22.4,57.3,11.4,21.3,58.8,11
2025-08-07T14:33:35,0,23.4,55,11.6,20.6,59.6,10.7
2025-08-07T16:33:30,0,22.4,56.3,11.2,19,65.9,10.7
2025-08-07T18:33:59,0,19.8,58.6,10,16.8,72.1,10.3
2025-08-07T20:33:21,0,17.1,60.8,8.8,14.5,78.8,9.8
2025-08-07T22:33:33,0,14.6,63.3,7.9,12.3,84.9,9.2
2025-08-08T00:32:46,0,12.1,67,7.2,11.5,89.8,9.3
2025-08-08T02:33:27,0,10.2,70.4,6.7,11.3,91.9,9.4
2025-08-08T04:33:45,0,9.4,75.3,6.8,14.8,89.9,11.4
2025-08-08T06:34:13,0,12.2,82.7,8.9,18,84.1,12.9
2025-08-08T08:34:29,0,15.7,83.7,11.2,19.9,71.5,12.3
2025-08-08T10:34:53,0,19.5,73.8,12.4,16.8,79.3,11.3
2025-08-08T12:35:04,0,21.4,72,13.5,17.7,75.2,11.3
2025-08-08T14:35:33,0,23.3,54.9,11.5,15.8,82.7,11.1
2025-08-08T16:35:08,0,20.4,65.1,11.5,15.8,83.8,11.3
2025-08-08T18:35:28,0,19,68.3,11.1,14.4,91.4,11.3
2025-08-08T20:35:31,0,16.3,67,9.3,12.3,93.9,10.2
2025-08-08T22:35:35,0,13.7,69.8,8.3,11.3,95.3,9.7
2025-08-09T00:35:09,0,12,74.4,7.9,11.1,96.9,9.8
2025-08-09T02:34:50,0,10.3,76,7.3,10.2,98.2,9.3
2025-08-09T04:34:35,0,9.1,78.6,7,13.4,94.7,11
2025-08-09T06:35:08,0,11,87.5,8.8,21,76.9,14.1
2025-08-09T08:34:33,0,16.8,87.3,12.5,25.3,60.4,14.1
2025-08-09T10:34:36,0,21.5,78.3,14.8,23.2,57.8,12
2025-08-09T12:35:05,0,23.5,61,12.9,22.6,57.5,11.6
2025-08-09T14:34:49,0,23.8,60.7,13.1,21.2,67.9,12.6
2025-08-09T16:35:35,0,22.4,61.3,12.2,20.4,65.4,11.6
2025-08-09T18:35:04,0,19.7,58.9,10,17.2,72.9,10.7
2025-08-09T20:35:01,0,16.9,63.3,9.1,14.5,80.9,10.1
2025-08-09T22:35:35,0,14.6,66.4,8.3,12.9,85.5,9.6
2025-08-10T00:34:52,0,12.8,69.2,7.7,11.6,91.2,9.5
2025-08-10T02:34:47,0,10.6,71,6.9,10.8,94,9.3
2025-08-10T04:34:53,0,9.3,75.9,6.8,12.8,92.9,10.4
2025-08-10T06:34:56,0,11,83.4,8.3,18,83.8,12.9
2025-08-10T08:34:27,0,15.8,87.4,11.8,22.9,63.2,12.9
2025-08-10T10:34:28,0,20.9,73.1,13.3,22.7,59.3,12
2025-08-10T12:35:20,0,21.4,67.7,12.7,19.7,68.3,11.6
2025-08-10T14:35:37,0,21.6,64.9,12.3,19.1,69.8,11.4
2025-08-10T16:36:02,0,21.2,67.3,12.5,19,71.9,11.7
2025-08-10T18:35:08,0,19.4,65.5,10.9,16.8,77.6,11.1
2025-08-10T20:35:03,0,16.9,65.3,9.4,14.1,81.6,9.9
2025-08-10T22:35:17,0,14.3,67.9,8.3,12.3,86.1,9.3
2025-08-11T00:35:50,0,12.7,72.9,8.1,11.7,89.7,9.4
2025-08-11T02:35:49,0,11.6,76.8,8,11.2,91.9,9.3
2025-08-11T04:35:48,0,11.2,82.3,8.3,14.4,86.7,10.7
2025-08-11T06:36:31,0,12.9,89.1,10,21.7,65.4,12.5
2025-08-11T08:36:57,0,17.4,83.3,12.3,25.1,53.1,12.3
2025-08-11T10:37:16,0,21.8,62.4,12,22.7,49.8,10.1
2025-08-11T12:38:05,0,23.7,48.9,10.5,21.8,46.8,9
2025-08-11T14:37:56,0,24.5,43.2,9.7,21.3,46.1,8.6
2025-08-11T16:37:37,0,22.8,45,9.1,20,51.2,8.8
2025-08-11T18:37:39,0,19.9,48.1,8.3,17.4,58.3,8.6
2025-08-11T20:38:19,0,16.6,52.7,7.4,13.9,69.7,8.4
2025-08-11T22:38:03,0,13.8,57.8,6.9,11.9,76.7,8.1
2025-08-12T00:38:10,0,12,62,6.6,10.9,82.3,8.2
2025-08-12T02:38:07,0,10.4,64.6,6.2,10.1,85.8,8.1
2025-08-12T04:38:53,0,9.7,68.1,6.3,11.5,85.1,8.8
2025-08-12T06:38:03,0,11.1,73.5,7.4,13.1,84.2,9.6
2025-08-12T08:38:31,0,14.1,77.3,9.4,19.2,62.3,10.3
2025-08-12T10:38:05,0,20.5,68.9,12.3,20.5,59.8,10.6
2025-08-12T12:38:50,0,13.4,72.5,8.4,13.5,100,11.7
2025-08-12T14:39:22,0,14,90.4,10.9,15.8,97.5,13.1
2025-08-12T16:39:25,0,16.8,89.6,12.8,16,95.1,13
2025-08-12T18:38:53,0,17.2,78.2,11.4,13.9,96.6,11.6
2025-08-12T20:38:31,0,15.5,72.4,9.6,12.5,98,10.8
2025-08-12T22:38:54,0,13.7,72.5,8.6,11.3,97.5,9.9
2025-08-13T00:38:17,0,12.2,73.8,8,10.1,98.5,9.3
2025-08-13T02:38:01,0,10.9,75.4,7.5,9.4,98.9,8.9
2025-08-13T04:37:53,0,10.1,78.5,7.4,13.4,92.3,10.7
2025-08-13T06:38:34,0,11.1,85.4,8.6,21.3,71.5,13.3
2025-08-13T08:38:52,0,15.1,86.3,11.1,24.9,57.6,13.2
2025-08-13T10:38:31,0,19.6,71.6,12.1,22.2,53.3,10.5
2025-08-13T12:39:00,0,22.5,51.1,10.2,21.3,50.3,9.4
2025-08-13T14:39:03,0,23.4,47.1,9.9,21.2,49.5,9.2
2025-08-13T16:39:20,0,22.4,47.9,9.5,20.6,51.9,9.3
2025-08-13T18:38:48,0,20.1,52.8,9.2,17.3,65.1,9.6
2025-08-13T20:37:58,0,17.2,55.6,8.1,14.2,74.2,9.1
2025-08-13T22:37:44,0,14.7,60,7.6,12.1,84.4,9
2025-08-14T00:37:52,0,12.5,62.5,6.9,10.6,86.6,8.4
2025-08-14T02:38:12,0,10.5,65,6.3,9.9,89.5,8.4
2025-08-14T04:38:05,0,9.2,67.9,6.1,13.1,86.4,9.9
2025-08-14T06:38:25,0,10.3,76.1,7.3,18,81.9,12.6
2025-08-14T08:38:15,0,15.3,84,11,26.4,55.8,13.9
2025-08-14T10:37:54,0,20.6,76.2,13.6,23.6,62.1,13.2
2025-08-14T12:37:27,0,24.2,65.3,14.4,22.4,65.9,13.1
2025-08-14T14:37:33,0,24.5,59.1,13.2,22.3,62.6,12.4
2025-08-14T16:36:50,0,23.2,54.1,11.2,21.5,57.2,10.8
2025-08-14T18:37:04,0,20.6,57.5,10.3,18.8,68.7,11.1
2025-08-14T20:36:46,0,18,62.2,9.6,15.8,80.3,10.8
2025-08-14T22:36:06,0,15.7,65.6,8.8,14.3,84.5,10.4
2025-08-15T00:36:05,0,13.7,68.5,8.1,13.1,88.7,10.1
2025-08-15T02:36:44,0,12.1,71,7.6,13.4,91.7,10.7
2025-08-15T04:36:54,0,11.7,73.5,7.7,17,86.5,12.5
2025-08-15T06:37:38,0,13.4,80.3,9.3,21.6,65.2,12.4
2025-08-15T08:37:16,0,17,81.3,11.8,21.8,60.6,11.6
2025-08-15T10:37:05,0,20.5,76.4,13.6,22.4,65.2,12.9
2025-08-15T12:37:32,0,23.3,67,14,23.6,60,12.8
2025-08-15T14:36:36,0,23.9,62.9,13.6,23.7,58.1,12.4
2025-08-15T16:37:26,0,22.2,62,12.2,22,65.2,12.7
2025-08-15T18:36:52,0,20.2,67,11.7,19.7,78,13.2
2025-08-15T20:36:56,0,18.6,73.5,11.7,17.2,95.2,13.9
2025-08-15T22:37:29,0,17.7,78,11.8,17.3,95.9,14.1
2025-08-16T00:37:48,0,17.4,81.5,12.1,17.1,94.4,13.7
2025-08-16T02:37:23,0,16.7,76.3,10.8,12.8,93.1,10.4
2025-08-16T04:37:51,0,15.1,73.6,9.5,13.3,88.4,10.2
2025-08-16T06:38:30,0,14.4,79.3,9.8,17,74,10.7
2025-08-16T08:38:43,0,15.7,70.1,9.4,17.8,60.9,9.2
2025-08-16T10:38:57,0,17,62.7,9.1,17.7,55.7,8.4
2025-08-16T12:38:24,0,18.9,56.8,9.2,16.7,62,8.8
2025-08-16T14:39:08,0,18.7,53.8,8.6,13.1,73.1,8.3
2025-08-16T16:38:46,0,16.7,57.2,8.1,12.7,75.1,8.4
2025-08-16T18:38:46,0,14.9,62.4,7.9,11.8,80.2,8.4
2025-08-16T20:38:04,0,13.5,67.7,7.9,11.2,87,8.8
2025-08-16T22:37:49,0,12.5,71.4,7.8,10.6,88.7,8.7
2025-08-17T00:38:05,0,11.8,75.4,7.9,10.4,90.4,8.7
2025-08-17T02:38:06,0,11.3,78.7,8,10,91.8,8.6
2025-08-17T04:37:26,0,11.2,81.2,8.2,10.3,91.4,8.8
2025-08-17T06:37:15,0,11.9,85.1,9,12.7,85.8,9.5
2025-08-17T08:36:41,0,14.2,84.2,10.3,16.9,68.7,9.9
2025-08-17T10:36:56,0,17.6,70.9,10.6,18.1,58.6,9.1
2025-08-17T12:36:04,0,19.2,60.1,9.9,18.1,58.2,9
2025-08-17T14:36:21,0,19.4,57.3,9.6,18.6,55.4,8.8
2025-08-17T16:35:28,0,18.4,60,9.4,18.4,56.1,8.8
2025-08-17T18:35:59,0,16.6,65,9.2,15.5,76.3,10.1
2025-08-17T20:35:16,0,14.9,71.6,9.1,14.3,82.2,10.1
2025-08-17T22:35:41,0,14.2,75.5,9.2,13.6,83.4,9.8
2025-08-18T00:34:58,0,13.8,76.7,9.1,13.3,83.7,9.7
2025-08-18T02:35:29,0,13.5,78.2,9.1,12.9,84.4,9.5
2025-08-18T04:36:05,0,13.2,79.6,9.1,13.3,84.4,9.7
2025-08-18T06:35:21,0,13.6,83.4,9.8,14,83,10
2025-08-18T08:34:18,0,15.1,81.7,10.5,19.9,63,10.8
2025-08-18T10:33:50,0,18.9,64.7,10.5,20,50,8.6
2025-08-18T12:33:05,0,21.6,51.1,9.7,19.8,50.9,8.7
2025-08-18T14:32:58,0,22.1,47.4,9.3,19.8,48,8.2
2025-08-18T16:32:30,0,20.9,53.3,9.7,19.9,53.8,9.2
2025-08-18T18:32:43,0,18.5,57.2,9,16.3,66.3,9.2
2025-08-18T20:32:39,0,16,61.4,8.4,13.9,75.7,9.1
2025-08-18T22:33:06,0,14,66.7,8,13.3,78.8,9.1
2025-08-19T00:33:04,0,12.7,69.1,7.7,11.5,83.9,8.7
2025-08-19T02:32:24,0,11.4,71.4,7.3,10.2,89.1,8.5
2025-08-19T04:31:55,0,10.5,75.8,7.3,12.9,86.3,9.7
2025-08-19T06:32:30,0,11.9,85.7,9.1,18.8,69,11.1
2025-08-19T08:31:41,0,15.6,83.7,11.1,23.4,53.5,11.3
2025-08-19T10:31:58,0,19.2,65.9,10.9,20.1,53.6,9.3
2025-08-19T12:31:24,0,21,53.6,9.8,19.7,53.4,9.1
2025-08-19T14:31:01,0,20.2,49.1,8.6,18.8,50.3,8.1
2025-08-19T16:31:09,0,19,51.2,8.3,17.4,52,7.7
2025-08-19T18:31:58,0,16.6,51.4,7.3,13.9,63.2,7.6
2025-08-19T20:32:07,0,14.1,56.3,6.8,12.4,70,7.6
2025-08-19T22:31:30,0,12.4,61.3,6.7,11.3,73.5,7.5
2025-08-20T00:30:59,0,11.3,65.4,6.7,9.5,79.3,7.2
2025-08-20T02:31:44,0,9.9,67.3,6.3,7.9,85.3,7
2025-08-20T04:31:05,0,8.7,71.6,6.2,10,79.8,7.5
2025-08-20T06:31:54,0,9.1,77.2,6.8,17.4,58.1,8.6
2025-08-20T08:32:16,0,12.6,77.4,8.6,18.1,51.3,7.9
2025-08-20T10:32:40,0,16,59.6,8.1,15.5,51,6.7
2025-08-20T12:32:32,0,18.4,43.8,6.9,14.5,47.5,5.9
2025-08-20T14:31:47,0,18.8,42.1,6.8,15.2,47.8,6.2
2025-08-20T16:31:37,0,17.6,45,6.7,14.9,49.3,6.3
2025-08-20T18:31:21,0,15.2,47.6,6.2,11.5,61.6,6.4
2025-08-20T20:31:55,0,12.3,50.9,5.5,8.5,73.9,6.3
2025-08-20T22:31:16,0,9.7,54.7,5,6.7,80.3,6.1
2025-08-21T00:31:19,0,7.8,58.5,4.8,7.3,81.6,6.4
2025-08-21T02:31:14,0,6.8,61.6,4.7,6,84.3,6.1
2025-08-21T04:31:41,0,5.7,63.9,4.5,7.9,82.9,6.8
2025-08-21T06:31:00,0,6.9,69.4,5.3,17,61.9,9
2025-08-21T08:30:49,0,11.5,75.5,7.8,16.4,59.8,8.3
2025-08-21T10:30:58,0,15.4,67.7,8.9,16.1,57.4,7.9
2025-08-21T12:31:11,0,18.2,55.5,8.6,16.3,54,7.5
2025-08-21T14:31:25,0,17.8,54.9,8.3,13.9,64.7,7.8
2025-08-21T16:31:04,0,17.1,52.6,7.7,12.6,67,7.4
2025-08-21T18:30:56,0,14.8,54,6.8,10.5,77.6,7.5
2025-08-21T20:31:41,0,12.2,58.4,6.3,10.2,81.2,7.7
2025-08-21T22:31:17,0,10.8,60.6,6,8.9,88,7.7
2025-08-22T00:31:04,0,8.7,61.9,5.4,6.7,89.4,6.8
2025-08-22T02:30:21,0,6.3,65.2,4.8,5,91.3,6.2
2025-08-22T04:30:08,0,4.9,68,4.6,6.8,85.6,6.5
2025-08-22T06:30:19,0,5.7,76.2,5.4,11.5,81.9,8.5
2025-08-22T08:29:31,0,10.7,81.1,8,16.8,65.9,9.4
2025-08-22T10:29:51,0,15.7,72.6,9.7,16.6,60.5,8.5
2025-08-22T12:29:08,0,18.9,56.2,9.1,16,59.1,8
2025-08-22T14:29:19,0,19.1,53.3,8.7,15.2,59.5,7.7
2025-08-22T16:29:50,0,19.2,50.2,8.3,14,63.9,7.7
2025-08-22T18:30:26,0,16.2,51.1,7,11.4,74.3,7.6
2025-08-22T20:30:40,0,13.2,54.2,6.2,8.8,82.7,7.2
2025-08-22T22:30:23,0,10.4,56.9,5.5,6.8,85.9,6.6
2025-08-23T00:31:16,0,7.6,59.4,4.8,5.3,87.9,6.1
2025-08-23T02:31:46,0,5.3,63.4,4.4,5.2,87.7,6
2025-08-23T04:31:26,0,4.3,67.6,4.4,7,84.1,6.5
2025-08-23T06:31:51,0,5.4,74.1,5.2,14,73.2,8.8
2025-08-23T08:32:01,0,10.4,78.2,7.5,20.6,53.5,9.6
2025-08-23T10:32:21,0,16.2,71.9,9.9,18.1,48.7,7.5
2025-08-23T12:32:54,0,19.7,46.1,7.8,16.9,50.6,7.3
2025-08-23T14:32:49,0,20,45.1,7.8,17.4,49.3,7.3
2025-08-23T16:32:05,0,19.6,45.6,7.7,16.4,51.1,7.1
2025-08-23T18:31:41,0,17.3,47.6,7,13.2,63.4,7.3
2025-08-23T20:31:45,0,14,50.7,6.1,9.8,75.9,7
2025-08-23T22:32:25,0,11.4,54.7,5.6,8.6,78.9,6.8
2025-08-24T00:32:55,0,9.5,57.9,5.3,7.5,84,6.7
2025-08-24T02:32:05,0,7.9,60.7,5,6.2,87,6.4
2025-08-24T04:32:09,0,6.6,62.8,4.7,8.3,82.5,7
2025-08-24T06:32:29,0,7.3,71,5.6,14.8,68.5,8.7
2025-08-24T08:33:06,0,11.5,74.5,7.7,19,56.1,9.1
2025-08-24T10:32:52,0,15.5,66.8,8.8,16,60.2,8.2
2025-08-24T12:32:28,0,17.2,59.3,8.7,16.9,57.3,8.2
2025-08-24T14:31:36,0,19.1,53.1,8.7,16.6,57.5,8.1
2025-08-24T16:31:15,0,17.1,50.6,7.4,10.5,80.8,7.8
2025-08-24T18:31:22,0,14.1,57,6.9,9.4,87.3,7.9
2025-08-24T20:31:25,0,12.1,62.3,6.7,8.7,89,7.7
2025-08-24T22:31:04,0,11,68,6.8,8.9,90.7,7.9
2025-08-25T00:31:32,0,10.6,73.4,7.2,9.2,92.6,8.3
2025-08-25T02:31:05,0,10.5,77.2,7.5,9.1,93.4,8.3
2025-08-25T04:31:41,0,10.4,79.8,7.7,9.1,93.7,8.3
2025-08-25T06:32:19,0,10.9,83.4,8.3,11.3,91.2,9.3
2025-08-25T08:31:33,0,13.3,85.9,9.9,15.1,77.9,10
2025-08-25T10:31:48,0,15.9,73.4,9.9,15.9,69.5,9.4
2025-08-25T12:31:28,0,17.3,64.8,9.5,14.7,67.8,8.5
2025-08-25T14:31:45,0,16.9,60,8.6,14.2,66.2,8.1
2025-08-25T18:32:09,0,13.7,64.2,7.6,11.2,78.5,8
2025-08-25T20:32:08,0,11.6,66.4,6.9,9.6,82.8,7.6
2025-08-25T22:31:39,0,10,69.6,6.5,8.3,86.1,7.3
2025-08-26T00:32:01,0,8.8,73.2,6.4,7.5,89.2,7.1
2025-08-26T02:32:49,0,8.2,78.2,6.5,7.8,90.9,7.4
2025-08-26T04:32:22,0,8.4,81.6,6.9,8.7,91,7.9
2025-08-26T06:31:43,0,9.7,85.8,7.9,15.1,74.8,9.6
2025-08-26T08:31:39,0,12.6,83.2,9.2,16.6,66.3,9.4
2025-08-26T10:32:05,0,15.7,74.3,9.9,17,60.8,8.8
2025-08-26T12:32:05,0,18,60.1,9.2,17.6,55.9,8.4
2025-08-26T14:31:24,0,20.1,50.6,8.8,16.4,58.7,8.2
2025-08-26T16:30:30,0,18,52.3,8,15.3,63.5,8.3
2025-08-26T18:29:49,0,15.8,55.9,7.5,12.4,74.2,8.1
2025-08-26T20:29:55,0,13.2,58.4,6.7,9.9,79.4,7.4
2025-08-26T22:30:23,0,10.9,62.9,6.3,9,82.1,7.2
2025-08-27T00:30:18,0,9,66.3,5.8,7.7,85.6,6.9
2025-08-27T02:29:35,0,7.9,71.4,5.9,8,89.3,7.4
2025-08-27T04:29:34,0,7.4,76.3,6.1,8.1,89.8,7.5
2025-08-27T06:29:31,0,8.4,85.6,7.3,10.1,91,8.6
2025-08-27T08:30:07,0,11.9,87.3,9.2,18,61.1,9.4
2025-08-27T10:29:46,0,16.1,70.9,9.7,17.3,60,8.8
2025-08-27T12:29:23,0,18.4,57.1,9,17.3,57.1,8.4
2025-08-27T14:28:57,0,18.7,56.2,9,17.2,56.8,8.3
2025-08-27T16:28:06,0,18.3,53.9,8.4,16.2,60.8,8.4
2025-08-27T18:28:41,0,16.2,55.4,7.6,13.3,68.9,8
2025-08-27T20:28:22,0,13.6,58,6.8,10.4,76.5,7.4
2025-08-27T22:27:56,0,11.1,61.2,6.2,8.3,82.3,6.9
2025-08-28T00:27:51,0,8.8,64.9,5.6,6.7,88.6,6.7
2025-08-28T02:28:27,0,6.5,67.9,5.1,5.5,90.4,6.3
2025-08-28T04:29:12,0,4.8,71.1,4.8,7,88.4,6.8
2025-08-28T06:29:09,0,5.1,76.9,5.3,14.8,77,9.7
2025-08-28T08:29:21,0,10,85.4,8,20.1,51.7,9
2025-08-28T10:29:50,0,15.9,76.8,10.4,17.5,53,7.9
2025-08-28T12:29:25,0,20.3,63.2,11.1,17.5,67.8,10.1
2025-08-28T14:28:55,0,20.9,59.7,10.9,16.9,76.3,11
2025-08-28T16:28:35,0,19.8,59.2,10.1,16.3,76.8,10.7
2025-08-28T18:28:11,0,17.9,61.5,9.4,14.6,83.7,10.5
2025-08-28T20:28:47,0,15.7,64.4,8.6,13.4,87.7,10.2
2025-08-28T22:28:04,0,13.7,67.3,8,12.6,89.6,9.9
2025-08-29T00:27:15,0,12.3,70.4,7.6,12.4,91.6,10
2025-08-29T02:28:05,0,10.9,73.5,7.3,12.2,91.5,9.9
2025-08-29T04:27:27,0,10.4,79,7.6,12.7,92.2,10.3
2025-08-29T06:28:04,0,11.4,85.8,8.8,14.1,93.4,11.3
2025-08-29T08:28:17,0,13.2,92.1,10.6,15,93.2,11.9
2025-08-29T10:27:55,0,14.2,87.2,10.6,12.7,100,11.1
2025-08-29T12:27:37,0,14.5,86.6,10.8,13.5,100,11.7
2025-08-29T14:26:49,0,14.7,86.6,10.9,13.3,100,11.5
2025-08-29T16:26:23,0,14.7,86.7,10.9,13.6,100,11.8
2025-08-29T18:26:36,0,14.6,88.3,11,13.8,100,11.9
2025-08-29T20:26:23,0,14.6,89.5,11.2,14.1,100,12.1
2025-08-29T22:26:44,0,14.6,89.6,11.2,13.6,100,11.8
2025-08-30T00:26:16,0,14.6,90,11.3,13.9,100,12
2025-08-30T02:26:32,0,14.7,91.5,11.5,14.5,100,12.4
2025-08-30T04:27:10,0,14.9,93,11.8,14.9,100,12.7
2025-08-30T06:27:00,0,15.4,94.4,12.4,15.2,100,13
2025-08-30T08:26:29,0,16.1,95.9,13.1,15.9,100,13.5
2025-08-30T10:26:15,0,17.4,96.5,14.3,16.6,100,14.1
2025-08-30T12:26:21,0,18.5,93.9,14.9,16.6,100,14.1
2025-08-30T14:25:40,0,18.7,87.8,14.1,16.2,100,13.8
2025-08-30T16:25:40,0,18.3,87.1,13.6,16.1,100,13.7
2025-08-30T18:24:49,0,17.8,86.3,13.1,15.3,100,13.1
2025-08-30T20:24:51,0,17.1,85.8,12.5,14.6,100,12.5
2025-08-30T22:25:05,0,16.4,87.1,12.2,14.4,100,12.4
2025-08-31T00:24:28,0,15.9,88.9,12,14.4,100,12.4
2025-08-31T02:23:46,0,15.6,90,12,14.2,100,12.2
2025-08-31T04:24:23,0,15.4,90.5,11.9,14,100,12.1
2025-08-31T06:24:33,0,15.3,91.9,12,14.3,100,12.3
2025-08-31T08:24:15,0,15.8,94.4,12.7,15.2,100,13
2025-08-31T10:23:31,0,16.7,95.6,13.6,16.7,100,14.2
2025-08-31T12:24:06,0,18.1,93.5,14.4,17.4,98.6,14.6
2025-08-31T14:24:10,0,18.5,85.7,13.6,16,100,13.6
2025-08-31T16:24:11,0,18,84.3,12.9,15.7,100,13.4
2025-08-31T18:24:52,0,17.4,83.5,12.4,15,100,12.8
2025-08-31T20:24:48,0,16.5,84.5,11.9,14.5,100,12.4
2025-08-31T22:24:12,0,15.9,86.4,11.7,14.3,100,12.3
2025-09-01T00:24:33,0,15.2,86,11.2,13.3,100,11.5
2025-09-01T02:24:10,0,14.3,86.3,10.6,12.7,100,11.1
2025-09-01T04:23:54,0,13.8,89.8,10.7,13,100,11.3
2025-09-01T06:23:41,0,14.1,92.4,11.2,13.4,100,11.6
2025-09-01T08:23:13,0,14.9,92.8,11.8,14.3,99.8,12.3
2025-09-01T10:22:53,0,16.1,90.9,12.5,15,96.6,12.4
2025-09-01T12:22:46,0,17,85.8,12.4,15.5,92.7,12.2
2025-09-01T14:22:58,0,17.7,81.7,12.3,15.7,92.5,12.4
2025-09-01T16:23:41,0,17.7,79,11.9,15.3,94.2,12.3
2025-09-01T18:24:10,0,16.5,77.6,10.9,12.5,99.1,10.9
2025-09-01T20:24:05,0,14.3,74.1,9.1,10.4,100,9.6
2025-09-01T22:23:20,0,12.1,75.1,8.1,9,100,8.8
2025-09-02T00:22:38,0,10.2,78,7.4,8.6,100,8.6
2025-09-02T02:22:20,0,9.5,84.4,7.7,10.4,100,9.6
2025-09-02T04:21:47,0,9.8,87.5,8.1,11.4,100,10.3
2025-09-02T06:21:16,0,10.7,90.3,8.9,12.9,100,11.3
2025-09-02T08:21:43,0,12.2,93.8,10.1,14.7,98.4,12.4
2025-09-02T10:20:58,0,14.5,93.7,11.6,16.4,87.9,12.3
2025-09-02T12:21:09,0,16.6,89.8,12.7,16.2,88,12.1
2025-09-02T14:20:49,0,17.3,82.5,12.1,16.2,87.1,12
2025-09-02T16:20:12,0,17.3,80.1,11.8,15.6,90.4,12
2025-09-02T18:20:30,0,16.6,79.2,11.2,15,94.2,12.1
2025-09-02T20:21:23,0,15.6,80.6,10.7,14.3,96.2,11.8
2025-09-02T22:21:01,0,14.4,81.1,10,13.4,97.9,11.4
2025-09-03T00:20:50,0,13.6,85.7,10.1,13.9,97.2,11.6
2025-09-03T02:20:45,0,13.6,88.6,10.4,14,98.1,11.8
2025-09-03T04:20:07,0,13.6,89.5,10.5,14.3,97.5,12
2025-09-03T06:20:46,0,13.9,94.4,11.3,15.7,90.9,12.2
2025-09-03T08:20:04,0,15.6,96.1,12.8,19,75,12.2
2025-09-03T10:19:41,0,17.4,85.2,12.6,17.2,82.9,12.1
2025-09-03T12:19:23,0,18.3,83.5,13.1,17.7,84.5,12.7
2025-09-03T14:19:35,0,18.8,81,13,18.2,83.9,13
2025-09-03T16:19:03,0,18.2,81.5,12.7,16.9,93.4,13.4
2025-09-03T18:19:52,0,17.5,84.4,12.6,16.5,98.4,13.8
2025-09-03T20:19:43,0,17,85.9,12.4,15.6,97.4,12.9
2025-09-03T22:18:51,0,16.3,84.8,11.8,14.6,99.1,12.4
2025-09-04T00:19:36,0,15.5,85.4,11.3,14.3,100,12.3
2025-09-04T02:19:21,0,14.9,87.1,11.1,14.1,99.3,12
2025-09-04T04:19:54,0,14.7,87.9,11.1,13.8,99.7,11.9
2025-09-04T06:19:52,0,14.8,90,11.4,14.6,95.3,11.9
2025-09-04T08:19:40,0,15.9,91.9,12.4,17.1,86.1,12.5
2025-09-04T10:19:58,0,18.8,89.7,14.4,19.8,79.3,13.5
2025-09-04T12:19:14,0,22.2,75.4,14.8,18.9,80.5,13
2025-09-04T14:20:07,0,23.3,71,14.8,18.2,81.8,12.7
2025-09-04T16:19:36,0,21.6,69,13.1,16.9,84.5,12.1
2025-09-04T18:19:40,0,18.8,68.1,11,14.3,91.1,11.2
2025-09-04T20:19:21,0,16.2,70,9.6,12.6,95.4,10.5
2025-09-04T22:20:02,0,13.9,72.3,8.7,11.4,97,10
2025-09-05T00:19:55,0,12.2,77,8.3,11.7,98.9,10.3
2025-09-05T02:20:27,0,11.9,79.9,8.5,12.4,96.6,10.6
2025-09-05T04:20:55,0,12.2,82.6,8.9,12.5,97.9,10.8
2025-09-05T06:21:28,0,13,86,9.7,14.2,97.3,11.9
2025-09-05T08:21:48,0,14.9,90.6,11.5,16.2,98.3,13.6
2025-09-05T10:22:36,0,18,92.8,14.2,18.4,91.6,14.4
2025-09-05T12:23:01,0,21.4,83,15.6,19.8,82.5,14.1
2025-09-05T14:22:52,0,22.9,72.6,14.8,19.9,78.8,13.5
2025-09-05T16:22:10,0,21.9,71.2,13.7,19.1,83.4,13.7
2025-09-05T18:21:46,0,19.7,71.4,12.1,16,91.4,12.4
2025-09-05T20:21:37,0,17.4,73.6,10.9,14.2,95.1,11.6
2025-09-05T22:20:48,0,16,75.2,10.2,12.8,96.8,10.8
2025-09-06T00:20:20,0,14.7,77.7,9.8,12.8,97.4,10.9
2025-09-06T02:19:58,0,14.3,81.5,10,13.6,98.4,11.6
2025-09-06T04:19:19,0,14.3,83.5,10.3,14,99,11.9
2025-09-06T06:19:35,0,14.9,87,11.1,15.7,98.6,13.2
2025-09-06T08:20:14,0,16.3,90.8,12.6,17.4,99,14.7
2025-09-06T10:20:22,0,18.5,92.4,14.6,19.1,95.5,15.7
2025-09-06T12:20:35,0,21,91,16.7,21.1,86.9,16
2025-09-06T14:21:15,0,22.6,81.7,16.4,21.1,84.1,15.5
2025-09-06T16:21:52,0,21.9,80.6,15.6,20.2,90,15.7
2025-09-06T18:22:04,0,20.5,81.1,14.4,19.1,93.4,15.3
2025-09-06T20:21:09,0,19.1,81.6,13.4,17.9,96,14.7
2025-09-06T22:21:09,0,17.7,83.2,12.5,17.1,97.6,14.2
2025-09-07T00:21:32,0,16.6,85.8,12.1,16.6,99.1,14
2025-09-07T02:20:45,0,15.9,88.2,11.9,16.7,99.2,14.1
2025-09-07T04:21:25,0,15.5,90.5,12,16.6,99.2,14
2025-09-07T06:20:42,0,16.1,93.4,12.8,17.4,99.1,14.7
2025-09-07T08:21:11,0,17.6,97.1,14.6,19.8,94.2,16.1
2025-09-07T10:20:28,0,19.7,95.1,16.1,19.3,94.8,15.7
2025-09-07T12:20:45,0,20.6,90.8,16.2,19.5,94,15.8
2025-09-07T14:21:15,0,21.1,86.4,15.9,19.5,94.1,15.8
2025-09-07T16:21:05,0,20.7,84.1,15.1,19.2,95,15.7
2025-09-07T18:21:15,0,19.7,81.9,13.9,17.4,98,14.5
2025-09-07T20:21:50,0,17.9,81.4,12.4,15.8,99.5,13.4
2025-09-07T22:22:33,0,16.1,83.4,11.4,14.5,100,12.4
2025-09-08T00:22:46,0,14.7,86,10.8,13.8,100,11.9
2025-09-08T02:23:01,0,14.2,90.7,11.1,14.6,100,12.5
2025-09-08T04:23:17,0,14.4,93.3,11.5,15,100,12.8
2025-09-08T06:23:22,0,15.2,96.1,12.5,16.1,100,13.7
2025-09-08T08:23:30,0,17.3,97.6,14.4,17.5,99.9,14.9
2025-09-08T10:23:13,0,19.6,96.6,16.3,19.5,95.8,16.1
2025-09-08T12:23:38,0,23,91.2,18.7,22.1,85,16.6
2025-09-08T14:23:15,0,24,77.5,16.9,21.7,78.6,15
2025-09-08T16:23:50,0,22.3,74.6,14.7,20.2,82.1,14.4
2025-09-08T18:23:26,0,19.8,73.9,12.6,17.5,87.7,13.1
2025-09-08T20:24:00,0,17.5,76,11.3,16.1,90.4,12.4
2025-09-08T22:23:19,0,15.6,78.8,10.5,14.4,94.9,11.7
2025-09-09T00:23:24,0,13.7,81.1,9.6,13.1,97.3,11.1
2025-09-09T02:23:39,0,12.1,84.1,9,12.4,98.6,10.8
2025-09-09T04:24:02,0,10.6,86.3,8.4,12.3,99.3,10.8
2025-09-09T06:23:30,0,10.1,89.1,8.4,19.3,83.9,13.9
2025-09-09T08:23:30,0,13.5,98.7,11.5,23.2,68.9,14.3
2025-09-09T10:23:47,0,18.5,93.9,14.9,21.4,62.6,11.7
2025-09-09T12:24:41,0,21.3,71.3,13.3,20.9,63.7,11.6
2025-09-09T14:25:07,0,21.6,65,12.3,20.1,61.9,10.8
2025-09-09T16:25:55,0,20.1,67.9,11.8,19,70.6,11.5
2025-09-09T18:26:14,0,17.8,70.3,10.7,16.8,78.8,11.3
2025-09-09T20:26:28,0,15.8,74.8,10.1,15.7,84.8,11.3
2025-09-09T22:26:18,0,14.1,77.4,9.4,15,88.5,11.3
2025-09-10T00:26:57,0,13,80.3,9.1,14.6,90,11.3
2025-09-10T02:27:40,0,12.6,82.6,9.1,14.7,92.5,11.6
2025-09-10T04:28:00,0,12.9,83.9,9.5,14.9,91.2,11.6
2025-09-10T06:27:39,0,13.9,86,10.3,18.9,83.4,13.5
2025-09-10T08:27:38,0,16.3,92.6,12.8,20.2,78.2,13.7
2025-09-10T10:27:19,0,18.8,86.2,13.9,20.3,70.9,12.5
2025-09-10T12:27:07,0,20.5,72.1,12.8,21.3,58.6,10.9
2025-09-10T14:26:59,0,20.7,70.2,12.6,20.7,66.4,12
2025-09-10T16:27:00,0,19.6,71.2,12,19.5,72.3,12.1
2025-09-10T18:26:50,0,17.8,73.5,11.2,17.7,79.8,12
2025-09-10T20:26:26,0,16.1,76.6,10.5,16.6,84.3,11.9
2025-09-10T22:26:02,0,15,80.3,10.3,16.4,86.8,12.1
2025-09-11T00:26:25,0,14.8,86.2,10.9,17.9,82.9,12.7
2025-09-11T02:26:57,0,14.9,87,11.1,16.7,87.4,12.4
2025-09-11T04:26:35,0,14.8,88.7,11.2,16.5,91.4,12.8
2025-09-11T06:25:55,0,15.1,94.4,12.2,18.9,81.1,13.1
2025-09-11T08:26:27,0,17,94.9,13.7,21.2,71.1,13.2
2025-09-11T10:25:47,0,19.5,82.5,13.8,20.8,68.9,12.5
2025-09-11T12:26:09,0,20.9,71.4,13,20.5,67.7,12
2025-09-11T14:25:34,0,20.6,68.5,12.3,20,66.8,11.5
2025-09-11T16:26:01,0,18.7,68,10.9,18.7,70.1,11.2
2025-09-11T18:25:57,0,17,72.1,10.4,18.6,68.9,11
2025-09-11T20:25:35,0,16.1,75,10.3,17.8,68.2,10.3
2025-09-11T22:24:54,0,15.3,76.7,10,16.8,72.3,10.3
2025-09-12T00:24:16,0,14.7,77.6,9.8,16.4,72.2,10.1
2025-09-12T02:24:43,0,14.2,79.4,9.7,15.8,74.4,10
2025-09-12T04:24:00,0,14,80.6,9.7,15.5,74.6,9.9
2025-09-12T06:23:23,0,14.1,81.6,9.9,15.7,74.1,9.9
2025-09-12T08:23:41,0,14.8,80.9,10.2,16,74.5,10.1
2025-09-12T10:24:24,0,15.5,81.3,10.7,15,87.7,11.2
2025-09-12T12:25:05,0,15.5,83.9,11.1,14.3,100,12.3
2025-09-12T14:25:29,0,15.4,84.1,11,13.8,100,11.9
2025-09-12T16:25:15,0,15.1,86.1,11.1,13.9,100,12
2025-09-12T18:25:32,0,15,88.3,11.3,14.7,100,12.6
2025-09-12T20:26:15,0,15,89.8,11.5,14.5,100,12.4
2025-09-12T22:26:03,0,15,89.9,11.5,14.5,100,12.4
2025-09-13T00:25:28,0,14.9,90.3,11.5,14.4,100,12.4
2025-09-13T02:25:23,0,14.9,90.8,11.6,14.6,100,12.5
2025-09-13T04:24:49,0,14.9,91.1,11.6,14.6,100,12.5
2025-09-13T06:23:58,0,15,92.4,11.8,15.9,98,13.3
2025-09-13T10:24:31,0,17.2,91.8,13.4,17,87.9,12.7
2025-09-13T12:24:01,0,17.9,86.2,13.2,17,91.4,13.2
2025-09-13T14:24:42,0,18.3,83.4,13,16.4,87.7,12.2
2025-09-13T16:24:10,0,17.8,79.6,12.1,15.7,86.5,11.6
2025-09-13T18:24:56,0,16.1,75.4,10.3,13.1,94.7,10.8
2025-09-13T20:25:19,0,14.4,77,9.5,12.2,98.3,10.6
2025-09-13T22:24:56,0,12.8,78,8.7,11.3,99.9,10.2
2025-09-14T00:25:44,0,11.4,81.1,8.3,11.2,100,10.1
2025-09-14T02:25:26,0,10.7,83.5,8.2,11.7,97.7,10.2
2025-09-14T04:25:12,0,10.4,87,8.4,13.1,99.1,11.3
2025-09-14T06:25:16,0,11.2,90.3,9.1,14.1,99.3,12
2025-09-14T08:25:05,0,12.5,93.7,10.3,14.3,100,12.3
2025-09-14T10:25:05,0,13.5,94.1,11,14.4,100,12.4
2025-09-14T12:25:34,0,14.5,94,11.7,14.6,100,12.5
2025-09-14T14:24:44,0,15.3,93.8,12.2,14.7,99.6,12.5
2025-09-14T16:24:09,0,15.6,91.9,12.2,14.2,100,12.2
2025-09-14T18:23:47,0,15.4,89.4,11.7,14,100,12.1
2025-09-14T20:23:03,0,15,89.6,11.5,14.3,100,12.3
2025-09-14T22:23:05,0,14.5,90.1,11.2,14.8,97.1,12.3
2025-09-15T00:23:28,0,14.2,92.4,11.3,15,97.6,12.5
2025-09-15T02:24:12,0,14.3,93.5,11.5,15.2,93.3,12.1
2025-09-15T04:24:42,0,14.2,91.7,11.2,15.1,82.5,10.6
2025-09-15T06:24:37,0,14.1,89.9,10.9,13.2,96.6,11.1
2025-09-15T08:25:14,0,13.9,90.5,10.8,12.4,100,10.9
2025-09-15T10:25:26,0,13.7,91.4,10.8,12.4,100,10.9
2025-09-15T12:24:43,0,13.7,92.6,11,13.1,100,11.4
2025-09-15T14:25:26,0,14.1,95,11.5,14.1,100,12.1
2025-09-15T16:25:53,0,14.6,95.2,11.9,14.2,100,12.2
2025-09-15T18:26:29,0,14.3,90.7,11.1,12.6,100,11.1
2025-09-15T20:27:22,0,13.5,90.8,10.6,13.6,100,11.8
2025-09-15T22:27:33,0,13.1,93.7,10.7,13.5,100,11.7
2025-09-16T00:28:15,0,13.3,95.2,11,13.9,100,12
2025-09-16T02:28:15,0,13.6,95.9,11.3,14,100,12.1
2025-09-16T04:28:35,0,13.8,96,11.4,13.4,100,11.6
2025-09-16T06:29:10,0,13.9,96,11.5,13.4,100,11.6
2025-09-16T08:29:17,0,14.1,96.1,11.7,13.6,100,11.8
2025-09-16T10:29:25,0,14.6,98.4,12.3,15.1,100,12.9
2025-09-16T12:29:19,0,16.1,97.6,13.4,15.9,89.2,12.1
2025-09-16T14:29:54,0,17,89.3,12.9,15.5,92.4,12.2
2025-09-16T16:29:22,0,16.2,80.4,11.1,12.9,94.5,10.6
2025-09-16T18:29:53,0,14.8,77.1,9.8,11.7,99.7,10.4
2025-09-16T20:29:05,0,13.4,83.6,9.7,13.3,93.6,10.8
2025-09-16T22:28:29,0,12.8,87.8,9.8,13.6,94.2,11.1
2025-09-17T00:29:15,0,12.7,91.2,10.1,13.5,96.9,11.3
2025-09-17T02:29:27,0,12.9,93.2,10.5,12.7,100,11.1
2025-09-17T04:28:40,0,13,91.9,10.4,12.1,100,10.7
2025-09-17T06:28:31,0,12.9,92.5,10.4,12.7,100,11.1
2025-09-17T08:28:13,0,13.5,96.4,11.3,15,93.5,12
2025-09-17T10:28:51,0,15,97.4,12.5,14.6,97.6,12.2
2025-09-17T12:28:38,0,16.3,89.5,12.4,15.3,89.8,11.7
2025-09-17T14:29:12,0,16.5,85.5,12,15.1,92.1,11.9
2025-09-17T16:29:16,0,16,82.9,11.3,13.4,97.9,11.4
2025-09-17T18:29:31,0,14.9,80.5,10.3,12.5,99.3,10.9
2025-09-17T20:30:01,0,13.5,81.9,9.6,11.9,100,10.6
2025-09-17T22:29:41,0,12.6,84.7,9.4,11.6,100,10.4
2025-09-18T00:30:01,0,11.8,85.1,9,10.6,100,9.8
2025-09-18T02:30:29,0,10.9,85.8,8.5,10,100,9.4
2025-09-18T04:30:11,0,10,87.4,8.2,10.4,100,9.6
2025-09-18T06:30:37,0,9.9,92.6,8.6,13.1,100,11.4
2025-09-18T08:30:23,0,11.5,96.4,10,14.9,89.7,11.4
2025-09-18T10:30:48,0,14.1,97.9,11.9,16.5,84.6,11.9
2025-09-18T12:31:34,0,16.2,93.8,12.9,15.8,91.7,12.3
2025-09-18T14:30:49,0,17,86.2,12.5,15.7,87.5,11.7
2025-09-18T16:30:12,0,16.5,80.2,11.3,14.1,92.2,11.2
2025-09-18T18:30:46,0,15,76.7,9.8,12.1,96.5,10.3
2025-09-18T20:31:06,0,13.6,78.9,9.3,11.7,98.5,10.3
2025-09-18T22:30:56,0,12.8,82.4,9.2,11.7,99.4,10.4
2025-09-19T00:31:41,0,12.1,83.2,8.9,10.7,100,9.8
2025-09-19T02:31:39,0,11.5,85.5,8.8,10.7,100,9.8
2025-09-19T04:30:56,0,11.2,87.9,8.9,10.9,100,9.9
2025-09-19T06:31:16,0,11.4,91.9,9.4,12.2,99.4,10.7
2025-09-19T08:30:48,0,12.7,95.7,10.6,12.8,99.5,11.1
2025-09-19T10:31:34,0,14.3,96.3,11.8,14.7,92.8,11.7
2025-09-19T12:32:01,0,16.8,86.7,12.4,15.2,86.4,11.2
2025-09-19T14:31:48,0,17.4,77.8,11.5,15.3,83.3,10.9
2025-09-19T16:32:23,0,16.4,75.9,10.6,13.7,88.7,10.5
2025-09-19T18:32:30,0,14.9,73.8,9.4,11.4,94.3,9.7
2025-09-19T20:32:50,0,13,74,8.4,10,98,9.2
2025-09-19T22:32:38,0,11.3,77.1,7.9,9.1,100,8.9
2025-09-20T00:32:34,0,10.2,79.3,7.5,8.8,100,8.7
2025-09-20T02:32:20,0,9.4,83.1,7.5,11.9,100,10.6
2025-09-20T04:32:57,0,10,88,8.3,14,100,12.1
2025-09-20T06:32:31,0,11.7,92.1,9.6,15.3,100,13.1
2025-09-20T08:32:24,0,13.6,98.1,11.5,15.9,100,13.5
2025-09-20T10:32:14,0,15.1,99.4,12.8,16.4,100,14
2025-09-20T12:32:16,0,16.4,98.6,13.8,16.7,97.1,13.8
2025-09-20T14:32:11,0,17.2,97.9,14.3,17.4,93,13.8
2025-09-20T16:33:01,0,17.2,90.8,13.3,15.7,95.9,12.8
2025-09-20T18:33:03,0,16.2,90,12.4,15.3,98.1,12.8
2025-09-20T20:32:54,0,15.6,90.7,12.1,14.7,100,12.6
2025-09-20T22:33:14,0,15.1,92.9,12,15.3,100,13.1
2025-09-21T00:32:42,0,15,94.6,12.1,15.3,100,13.1
2025-09-21T02:32:20,0,15.1,95.7,12.3,15.2,100,13
2025-09-21T04:32:50,0,15.1,96.2,12.4,15.1,100,12.9
2025-09-21T06:32:12,0,15.3,97.5,12.7,15.8,100,13.5
2025-09-21T08:32:07,0,16.2,100,13.8,19.9,86.6,14.9
2025-09-21T10:32:47,0,18.2,99.2,15.4,20.4,77.1,13.6
2025-09-21T12:32:21,0,19.6,86.3,14.6,19.3,78.6,13
2025-09-21T14:32:38,0,19.4,82.6,13.8,18.4,84.5,13.3
2025-09-21T16:32:20,0,18.3,80.6,12.6,18,84.5,13
2025-09-21T18:32:43,0,17.2,86.2,12.6,17.3,95.2,14
2025-09-21T20:33:01,0,16.8,91.2,13,17.2,97,14.2
2025-09-21T22:33:03,0,16.5,90.6,12.7,15.5,96,12.7
2025-09-22T00:33:24,0,15.6,88.5,11.8,14.7,96.1,12.1
2025-09-22T02:32:54,0,14.7,88.5,11.1,14.5,92.4,11.5
2025-09-22T04:33:46,0,13.8,80.5,9.6,12.3,86.1,9.3
2025-09-22T06:33:16,0,12.7,81.7,9.1,12.1,88.4,9.5
2025-09-22T08:32:57,0,12.5,82.8,9.1,13.8,78.9,9.4
2025-09-22T10:32:53,0,13.1,76.2,8.7,14.1,69.2,8.4
2025-09-22T12:32:14,0,13.8,67.1,8,13.8,65,7.7
2025-09-22T14:31:57,0,13.9,68.1,8.2,13.1,69.1,7.9
2025-09-22T16:31:40,0,12.9,66.9,7.5,11.1,75.5,7.6
2025-09-22T18:31:47,0,11.2,66.5,6.7,9.1,81.4,7.2
2025-09-22T20:31:07,0,9.5,68.3,6.2,7.5,85.9,6.9
2025-09-22T22:30:49,0,7.9,70.3,5.8,6.6,87.6,6.6
2025-09-23T00:30:59,0,6.9,74.5,5.7,6.5,86.7,6.5
2025-09-23T02:31:27,0,6.2,77.4,5.7,5.8,89.6,6.4
2025-09-23T04:31:02,0,5.7,79.6,5.7,5.4,92,6.4
2025-09-23T06:30:30,0,5.5,85.6,6,8.8,85.6,7.4
2025-09-23T08:29:45,0,6.9,93.7,7.2,11.1,78.9,7.9
2025-09-23T10:29:50,0,9.7,90,8.3,11,83.7,8.4
2025-09-23T12:29:10,0,11.4,80.6,8.3,8.7,89.3,7.7
2025-09-23T14:29:56,0,11.2,71.3,7.2,8.5,79.1,6.8
2025-09-23T16:29:18,0,10.4,67.5,6.5,7.5,78.1,6.3
2025-09-23T18:29:09,0,8.8,62.6,5.4,4.9,83,5.6
2025-09-23T20:29:58,0,6.8,64.7,4.9,3.6,86.6,5.4
2025-09-24T00:29:18,0,4.3,74.3,4.8,3.5,89.6,5.5
2025-09-24T02:29:15,0,3.7,77.5,4.8,3.1,90.5,5.4
2025-09-24T04:29:57,0,3.3,79.5,4.8,2.7,93,5.4
2025-09-24T06:29:32,0,3,83.5,5,7.7,81.5,6.6
2025-09-24T08:28:50,0,4.3,89.2,5.8,12.8,65,7.3
2025-09-24T10:27:57,0,7.5,84.9,6.8,10.3,56.9,5.4
2025-09-24T12:28:22,0,10.9,62.6,6.2,10.3,56.6,5.4
2025-09-24T14:28:33,0,11.8,56.9,6,10.3,51.2,4.9
2025-09-24T16:28:02,0,10.9,53.3,5.3,8,63.8,5.3
2025-09-24T18:28:16,0,8.6,53.9,4.6,4.1,77,4.9
2025-09-24T20:28:02,0,6.1,56.4,4.1,3.1,82.1,4.9
2025-09-24T22:28:34,0,4.3,60,3.9,3.7,85.8,5.3
2025-09-25T00:28:45,0,3.4,64.7,4,2.7,90.3,5.3
2025-09-25T02:28:10,0,2.8,68,4,0.8,90,4.6
2025-09-25T04:28:05,0,2.5,69.2,4,1.6,92.6,5
2025-09-25T06:28:50,0,2.6,70.1,4.1,8.9,83.2,7.3
2025-09-25T08:28:00,0,4.1,81.4,5.2,16.4,69.2,9.7
2025-09-25T10:27:54,0,8.5,88.2,7.5,15,69.4,8.9
2025-09-25T12:27:18,0,11.7,86.8,9.1,14.4,69.8,8.6
2025-09-25T14:27:12,0,13.3,78.2,9,13.9,69.6,8.3
2025-09-25T16:27:40,0,13.4,72.2,8.4,12.1,75.3,8.1
2025-09-25T18:27:46,0,11.9,66.9,7.1,8.2,85.1,7.1
2025-09-25T20:28:07,0,10,69.2,6.5,7,87.3,6.8
2025-09-25T22:28:12,0,8.4,71.6,6.1,5.5,91.5,6.4
2025-09-26T00:27:23,0,6.9,71.5,5.5,4.1,92.9,5.9
2025-09-26T02:26:39,0,5.6,75.2,5.3,4,95,6
2025-09-26T04:26:23,0,4.6,77.6,5.1,3.1,96.7,5.8
2025-09-26T06:26:19,0,3.9,82.6,5.2,10.3,88.4,8.5
2025-09-26T08:26:05,0,5.6,92.3,6.5,14.7,77.9,9.8
2025-09-26T10:26:49,0,9.7,94.1,8.7,14.2,79.2,9.7
2025-09-26T12:26:15,0,13.3,89.6,10.3,14,73.1,8.8
2025-09-26T14:26:48,0,14.6,77.1,9.6,13.5,74.8,8.7
2025-09-26T16:26:37,0,13.9,71.6,8.6,11.7,80.9,8.5
2025-09-26T18:26:32,0,12.5,70,7.7,9.2,87.1,7.8
2025-09-26T20:27:09,0,10.7,70.6,6.9,8,89.5,7.4
2025-09-26T22:27:45,0,9.3,74.8,6.7,7.3,92.4,7.3
2025-09-27T00:27:56,0,8.3,79.1,6.7,7.3,94.1,7.4
2025-09-27T02:28:07,0,7.5,81.3,6.5,6.8,95.2,7.3
2025-09-27T04:27:57,0,7,83.4,6.5,6.3,97,7.2
2025-09-27T06:27:17,0,6.7,86.9,6.6,8.8,91.4,8
2025-09-27T08:26:41,0,7.8,91,7.4,15.2,75.9,9.8
2025-09-27T10:26:28,0,11,89.5,9,14.1,73.7,8.9
2025-09-27T12:26:34,0,13.9,82.3,9.9,14.5,71,8.8
2025-09-27T14:26:07,0,15.2,78.1,10.1,14.9,69.2,8.8
2025-09-27T16:25:41,0,14.6,71.1,8.9,12.6,76.4,8.4
2025-09-27T18:25:14,0,12.6,69.4,7.7,10.7,82.8,8.1
2025-09-27T20:26:05,0,10.8,72.5,7.2,9.4,85.9,7.8
2025-09-27T22:25:07,0,9.3,75.1,6.7,7.7,89.5,7.3
2025-09-28T00:24:56,0,8.2,76.2,6.4,6.2,92,6.8
2025-09-28T02:25:25,0,7.1,77.6,6.1,5.5,93.5,6.6
2025-09-28T04:24:40,0,6.1,80,5.8,5.1,94.5,6.5
2025-09-28T06:23:57,0,5.5,84.6,5.9,9.1,87.7,7.8
2025-09-28T08:24:34,0,6.6,89.9,6.8,16.7,71.7,10.2
2025-09-28T10:24:43,0,10.3,89.9,8.6,13.3,67.3,7.8
2025-09-28T12:24:26,0,12.7,78.2,8.7,12.9,66.8,7.5
2025-09-28T14:25:03,0,13.7,70.3,8.3,11.8,68.3,7.2
2025-09-28T16:25:38,0,12.6,64.2,7.1,9.8,74.2,6.9
2025-09-28T18:26:27,0,10.3,63.8,6.1,7,81.8,6.3
2025-09-28T20:26:55,0,8.1,66.9,5.6,6.1,85.2,6.2
2025-09-28T22:26:53,0,6.3,71.4,5.3,5.5,87.8,6.2
2025-09-29T00:27:30,0,5.2,75,5.2,4.3,90.9,5.9
2025-09-29T02:28:15,0,4.1,76.4,4.9,3.5,93.3,5.7
2025-09-29T04:27:29,0,3.3,79.2,4.8,3.6,94.9,5.9
2025-09-29T06:26:53,0,2.9,80.4,4.8,7.8,83.2,6.8
2025-09-29T08:26:04,0,3.6,89.4,5.5,9.5,72.2,6.6
2025-09-29T10:26:44,0,6.9,89.3,6.9,9.4,67,6.1
2025-09-29T12:26:50,0,10.6,75.2,7.3,9.2,65.9,5.9
2025-09-29T14:26:57,0,11.6,64.6,6.7,8.5,70.1,6
2025-09-29T16:27:41,0,10.5,61.7,6,7.2,75.2,5.9
2025-09-29T18:26:49,0,8.6,61.7,5.3,5.3,80.8,5.6
2025-09-29T20:26:20,0,6.7,64.6,4.9,4.3,84.8,5.5
2025-09-30T00:26:24,0,4.2,69.6,4.5,2.7,89.6,5.2
2025-09-30T02:25:48,0,3.2,71.7,4.3,1.2,92.2,4.9
2025-09-30T04:25:29,0,2.8,72.5,4.3,1,92.5,4.8
2025-09-30T06:24:58,0,2.6,72.7,4.2,2.7,92.7,5.4
2025-09-30T08:25:29,0,2.8,77.9,4.6,8.9,79.2,6.9
2025-09-30T10:24:47,0,5.9,82.5,5.9,10.3,65.3,6.3
2025-09-30T12:25:09,0,9.7,75.1,6.9,9.9,62.7,5.9
2025-09-30T14:24:14,0,11.2,63,6.4,8.8,62.9,5.5
2025-09-30T16:24:50,0,10.3,58.5,5.6,6.3,72.2,5.3
2025-09-30T18:25:00,0,7.8,57.4,4.7,3,81.5,4.8
2025-09-30T20:25:18,0,5.8,62.3,4.5,5.1,76.8,5.3
2025-09-30T22:24:31,0,5.3,66.4,4.6,5.7,77.7,5.5
2025-10-01T00:24:17,0,5.3,68.7,4.8,5.6,79.3,5.6
2025-10-01T02:24:04,0,5.5,70.2,4.9,5.5,80.9,5.7
2025-10-01T04:23:50,0,5.7,71.3,5.1,5.4,82.1,5.7
2025-10-01T06:23:22,0,6,72.3,5.2,5.7,83.7,6
2025-10-01T08:23:49,0,6.6,74.8,5.6,7.7,81,6.6
2025-10-01T10:23:32,0,8.9,77.4,6.8,10.9,65.8,6.5
2025-10-01T12:23:51,0,12.2,69.3,7.5,11.2,62.4,6.3
2025-10-01T14:23:30,0,13.7,60,7.1,10.6,64.6,6.3
2025-10-01T16:23:16,0,12.9,56.4,6.4,9.3,71.3,6.4
2025-10-01T18:23:05,0,11,57.5,5.8,6.3,79.2,5.9
2025-10-01T20:23:24,0,8.5,57.7,4.9,4,85.6,5.4
2025-10-01T22:24:18,0,5.8,60.9,4.4,2.8,88.6,5.2
2025-10-02T00:24:08,0,4.1,63.6,4.1,2.4,88.6,5.1
2025-10-02T02:24:46,0,3.2,66.3,4,3.2,90.5,5.5
2025-10-02T04:24:34,0,2.9,69.7,4.1,4.6,88.2,5.8
2025-10-02T06:24:35,0,3.1,74.2,4.4,5.2,89.9,6.2
2025-10-02T08:23:43,0,4.1,77.9,5,6.2,90.1,6.6
2025-10-02T10:23:22,0,5.7,80.1,5.7,8.1,87.8,7.3
2025-10-02T12:22:53,0,8.1,80.9,6.7,9.8,81.4,7.5
2025-10-02T14:23:08,0,10,77,7.2,9.8,73.4,6.8
2025-10-02T16:22:36,0,10.5,68.9,6.7,8.6,77.6,6.7
2025-10-02T18:22:24,0,9.8,67.8,6.3,7.7,79.7,6.5
2025-10-02T20:22:55,0,8.6,66.2,5.7,4.6,86.3,5.7
2025-10-02T22:23:23,0,6.7,65,4.9,3.2,88.6,5.3
2025-10-03T00:23:57,0,4.8,67.9,4.6,2.3,90,5.1
2025-10-03T02:23:23,0,3.6,70.5,4.4,2,88.3,4.9
2025-10-03T04:23:42,0,3.1,73.1,4.4,2.7,85.9,5
2025-10-03T06:23:58,0,2.8,75.2,4.4,3.4,84.5,5.2
2025-10-03T08:23:55,0,3,80.2,4.8,6,79.3,5.8
2025-10-03T10:23:13,0,4.6,84,5.6,7.3,78,6.2
2025-10-03T12:24:04,0,7,83,6.4,8.4,75.2,6.4
2025-10-03T14:23:41,0,8.7,76.4,6.6,8.4,75.7,6.4
2025-10-03T16:22:53,0,9.1,71.4,6.3,7.7,79.7,6.5
2025-10-03T18:22:16,0,8.7,70.7,6.1,6.8,83.3,6.4
2025-10-03T20:21:32,0,7.7,70.1,5.7,6.1,83.5,6.1
2025-10-03T22:22:10,0,7.1,73.8,5.8,6.4,84.9,6.3
2025-10-04T00:22:25,0,7,75.5,5.8,5.1,89.2,6.1
2025-10-04T02:21:52,0,6.2,75.1,5.5,4.7,90,6
2025-10-04T04:21:30,0,5.2,74.9,5.2,3.5,92.1,5.7
2025-10-04T06:21:01,0,4,77.6,4.9,6.4,88,6.6
2025-10-04T08:20:59,0,4,86.9,5.5,8.4,89,7.5
2025-10-04T10:20:26,0,6.6,91.5,6.9,9.2,81.5,7.3
2025-10-04T12:20:49,0,9.4,86.9,7.9,8.8,87.2,7.6
2025-10-04T14:20:26,0,10.2,79.8,7.6,8.3,87.3,7.4
2025-10-04T16:20:13,0,9.8,74.8,6.9,7.6,82.1,6.6
2025-10-04T18:19:32,0,9,71.2,6.3,7,80.4,6.2
2025-10-04T20:20:21,0,8.5,76,6.5,8.3,87.5,7.4
2025-10-04T22:19:48,0,8.4,82.8,7,9.2,91.2,8.1
2025-10-05T00:19:06,0,9,86.4,7.6,9,95.1,8.4
2025-10-05T02:19:35,0,9.4,85.8,7.8,9.4,90.1,8.1
2025-10-05T04:20:00,0,9.6,84.3,7.7,9.5,87.7,8
2025-10-05T06:19:16,0,9.7,84.6,7.8,9.8,86.9,8.1
2025-10-05T08:18:40,0,10.3,86.1,8.2,10.5,85.4,8.3
2025-10-05T10:19:08,0,11.4,84.2,8.6,10.1,89.4,8.5
2025-10-05T12:19:06,0,11.9,82.4,8.7,9.8,92,8.5
2025-10-05T14:18:41,0,11.8,79.2,8.3,9.4,92.5,8.4
2025-10-05T16:19:08,0,11.4,79.8,8.2,8.9,98,8.6
2025-10-05T18:18:45,0,10.9,82.2,8.2,9.1,97.6,8.7
2025-10-05T20:18:35,0,10.7,83.1,8.2,8.7,97.8,8.5
2025-10-05T22:19:07,0,10.5,84.3,8.2,8.8,98.9,8.6
2025-10-06T00:19:01,0,10.5,85.8,8.3,9.1,98.5,8.7
2025-10-06T02:19:11,0,10.5,86.9,8.4,9.5,98.9,9
2025-10-06T04:19:16,0,10.5,88.3,8.6,9.7,100,9.2
2025-10-06T06:19:52,0,10.6,88.7,8.7,9.3,100,9
2025-10-06T08:20:31,0,10.9,89.4,8.9,9.7,100,9.2
2025-10-06T10:20:12,0,11.5,90.8,9.4,10.3,100,9.6
2025-10-06T12:20:15,0,12.1,92,9.9,11.2,99.8,10.1
2025-10-06T14:19:38,0,12.9,92.2,10.4,11.7,100,10.5
2025-10-06T16:19:30,0,13.1,90.1,10.3,11.2,100,10.1
2025-10-06T18:20:15,0,12.8,87.1,9.8,10.7,100,9.8
2025-10-06T20:20:57,0,12.3,88,9.6,10.7,100,9.8
2025-10-06T22:20:34,0,12,88.5,9.4,10.6,100,9.8
2025-10-07T00:21:36,0,11.7,89.2,9.3,10.5,100,9.7
2025-10-07T02:21:31,0,11.4,89.7,9.2,10.5,100,9.7
2025-10-07T04:21:21,0,11.2,91.7,9.3,10.9,100,9.9
2025-10-07T08:21:28,0,11.9,95.7,10.1,12.2,100,10.8
2025-10-07T12:21:28,0,14.5,95.2,11.8,13.3,93.9,10.8
2025-10-07T14:21:13,0,15,87.1,11.2,12.9,94.2,10.6
2025-10-07T16:20:55,0,14.5,82.5,10.3,11.9,97.6,10.3
2025-10-07T18:20:43,0,13.6,82.1,9.7,11.7,98.5,10.3
2025-10-07T20:21:24,0,12.7,84.3,9.4,11.8,94.2,9.9
2025-10-07T22:21:33,0,12.2,86.4,9.3,11.4,98.7,10.1
2025-10-08T00:20:52,0,11.7,88.1,9.2,11.3,98.3,10
2025-10-08T02:20:56,0,11.5,89.3,9.2,11,97.5,9.8
2025-10-08T04:20:12,0,11.3,89.1,9.1,11.1,95.7,9.6
2025-10-08T06:20:51,0,11.2,90.7,9.2,11.5,96.2,9.9
2025-10-08T08:20:16,0,11.7,91.9,9.6,11.7,95.5,10
2025-10-08T10:20:53,0,12.3,91.5,9.9,11.5,98.5,10.2
2025-10-08T12:20:43,0,12.5,91.1,10,11.4,100,10.3
2025-10-08T14:21:25,0,12.6,91.1,10.1,11.4,100,10.3
2025-10-08T16:22:04,0,12.5,91.2,10,11.3,100,10.2
2025-10-08T18:22:12,0,12.3,91.5,9.9,10.9,100,9.9
2025-10-08T20:21:23,0,12.1,91.2,9.8,10.5,100,9.7
2025-10-08T22:20:47,0,12,91.3,9.7,10.7,100,9.8
2025-10-09T00:20:05,0,11.9,92.3,9.8,11,100,10
2025-10-09T02:19:50,0,11.9,93.3,9.9,11.2,100,10.1
2025-10-09T04:19:38,0,12.1,93.6,10,11.3,100,10.2
2025-10-09T06:20:01,0,12.1,94,10.1,11.6,100,10.4
2025-10-09T08:20:43,0,12.4,95.9,10.5,12.4,100,10.9
2025-10-09T10:21:09,0,13.3,97.1,11.2,12.9,96.9,10.9
2025-10-09T12:20:51,0,14.3,94.5,11.6,13,90.1,10.2
2025-10-09T14:20:58,0,14.7,86.3,10.9,12.4,91.3,10
2025-10-09T16:20:28,0,13.8,81,9.6,10.8,98.7,9.8
2025-10-09T18:21:05,0,12.4,80.3,8.8,9.9,100,9.3
2025-10-09T20:21:25,0,11,81.3,8.1,9.4,100,9
2025-10-09T22:21:45,0,10,86.1,8.1,10,100,9.4
2025-10-10T00:21:16,0,9.8,90.2,8.4,10.4,100,9.6
2025-10-10T02:21:06,0,10.2,92.2,8.8,9.9,100,9.3
2025-10-10T04:21:20,0,10.4,90.4,8.7,9.2,100,8.9
2025-10-10T06:21:33,0,10.3,89.7,8.6,9.1,100,8.9
2025-10-10T08:21:13,0,10.5,91,8.8,9.2,99.1,8.8
2025-10-10T10:20:56,0,11.1,86.5,8.7,9.6,88,8.1
2025-10-10T12:20:11,0,12,79.6,8.5,10.4,84.2,8.1
2025-10-10T14:20:45,0,12.1,75.2,8.1,10,81.4,7.6
2025-10-10T16:21:32,0,10.9,67.7,6.7,6.7,87.4,6.6
2025-10-10T18:20:56,0,8.9,65.1,5.7,4.2,93.1,6
2025-10-10T20:21:10,0,6.9,67,5.2,3.4,95.4,5.8
2025-10-10T22:20:33,0,5.3,71.1,4.9,5.1,94.6,6.5
2025-10-11T00:21:00,0,5.2,76.8,5.3,8.2,92.6,7.8
2025-10-11T02:21:19,0,6.1,85.7,6.3,8.9,96.5,8.5
2025-10-11T04:21:39,0,7,89.9,7,8.2,97.9,8.2
2025-10-11T06:21:33,0,7.3,90,7.1,9.7,83.8,7.7
2025-10-11T08:21:54,0,7.8,86.3,7,11.5,65.4,6.8
2025-10-11T10:22:19,0,9.1,77.1,6.8,10.7,62.3,6.1
2025-10-11T12:23:04,0,10.1,68.4,6.5,10.3,60.8,5.8
2025-10-11T14:22:07,0,10.2,66,6.3,9.4,65.8,5.9
2025-10-11T16:21:52,0,9.2,65.9,5.9,8.1,74.3,6.2
2025-10-11T18:21:01,0,8,67.5,5.6,6.4,79.6,5.9
2025-10-11T20:21:52,0,6.7,68.3,5.2,4.9,84.3,5.7
2025-10-11T22:21:40,0,5.5,70.7,5,4.1,87.3,5.6
2025-10-12T00:21:10,0,4.8,74.2,5,4,89,5.7
2025-10-12T02:21:29,0,4.4,78,5.1,4.3,89.9,5.8
2025-10-12T04:20:42,0,4.5,81.5,5.4,4.7,89.8,6
2025-10-12T06:20:51,0,4.7,82.7,5.5,5.4,88.4,6.2
2025-10-12T08:20:07,0,5.2,86.7,6,6,87.3,6.3
2025-10-12T10:19:41,0,6.7,85.4,6.5,7.5,79,6.3
2025-10-12T12:20:31,0,8.2,77.8,6.5,8.3,74.2,6.3
2025-10-12T14:20:33,0,8.8,72.8,6.3,7.6,77.4,6.2
2025-10-12T16:20:57,0,8.1,70.6,5.9,6.4,82.2,6.1
2025-10-12T18:20:25,0,7,72.3,5.6,6.3,78.5,5.8
2025-10-12T20:20:07,0,6.3,71,5.3,6,74.5,5.4
2025-10-12T22:19:29,0,5.7,71.5,5.1,4.8,79,5.3
2025-10-13T00:20:29,0,5.2,72.3,5,4.1,80.9,5.2
2025-10-13T02:20:25,0,4.5,74.1,4.9,4.3,79.5,5.2
2025-10-13T04:20:23,0,4.3,76.3,5,4.1,82,5.2
2025-10-13T06:21:01,0,4.4,79.8,5.2,5,83.7,5.7
2025-10-13T08:21:30,0,5.2,83.2,5.7,6.1,81.4,5.9
2025-10-13T10:21:06,0,6.4,80.4,6,6.7,76.9,5.8
2025-10-13T12:20:58,0,7.5,75.3,6,6.6,76.7,5.8
2025-10-13T14:20:30,0,7.8,72.3,5.9,6.3,80.5,6
2025-10-13T16:19:51,0,7.6,72.3,5.8,5.3,87.3,6.1
2025-10-13T18:20:10,0,7.1,74.8,5.8,4.8,90.9,6.1
2025-10-13T20:20:42,0,6.8,76.2,5.8,4.8,89.7,6
2025-10-13T22:21:02,0,6.6,77,5.8,4.8,89.6,6
2025-10-14T00:20:42,0,6.4,77.3,5.8,4.6,89.9,5.9
2025-10-14T02:20:11,0,6.1,77.4,5.7,4.1,91.6,5.9
2025-10-14T04:19:34,0,5.9,79.3,5.7,4,95,6
2025-10-14T06:19:11,0,5.9,81.9,5.9,4.5,96.1,6.3
2025-10-14T08:19:19,0,6.3,84.6,6.3,5.7,93.1,6.6
2025-10-14T10:19:44,0,7.3,86.2,6.8,7,88.6,6.9
2025-10-14T12:19:43,0,8.7,82.1,7.1,7.5,83.2,6.7
2025-10-14T14:18:49,0,9.2,74.5,6.7,7,82.9,6.4
2025-10-14T16:18:35,0,8.8,71.8,6.2,5.4,90,6.3
2025-10-14T18:18:15,0,8,71.5,5.9,4.7,92.1,6.1
2025-10-14T20:18:40,0,7.1,73.9,5.8,4.5,93.4,6.1
2025-10-14T22:18:06,0,6.4,76.8,5.7,4.2,95,6.1
2025-10-15T00:18:26,0,5.8,78.3,5.6,3.3,97.1,5.9
2025-10-15T02:18:40,0,5.4,80.6,5.6,3.4,96.8,5.9
2025-10-15T04:18:39,0,5.3,81.2,5.6,2.8,98.4,5.8
2025-10-15T06:17:50,0,5.2,81,5.6,3,98.4,5.9
2025-10-15T08:17:57,0,5.4,85.7,6,5.3,96.2,6.7
2025-10-15T10:17:59,0,7,88.5,6.9,7,92,7.1
2025-10-15T14:18:25,0,10.1,82.3,7.8,8.9,87.9,7.7
2025-10-15T16:19:12,0,10,79.4,7.5,8.4,89.8,7.6
2025-10-15T18:18:47,0,9.7,79.6,7.3,8.2,92.7,7.8
2025-10-15T20:18:38,0,9.1,80.5,7.1,7,95.3,7.4
2025-10-15T22:18:53,0,8.2,79.2,6.6,5.6,97.8,6.9
2025-10-16T00:19:03,0,7.1,80,6.2,4.9,99.1,6.7
2025-10-16T02:19:45,0,6.2,81.7,6,4.4,100,6.5
2025-10-16T04:20:21,0,5.7,85.7,6.1,5.8,99.8,7.1
2025-10-16T06:20:39,0,6,90.6,6.6,7.2,99.6,7.8
2025-10-16T08:21:13,0,7.1,93.1,7.3,8.3,97.5,8.2
2025-10-16T10:21:37,0,8.7,94.6,8.2,9.4,96.2,8.7
2025-10-16T12:21:22,0,10.4,88.5,8.5,8.2,83.9,7
2025-10-16T14:20:52,0,10.6,70.7,6.9,7.3,78.1,6.2
2025-10-16T16:21:35,0,8.9,64,5.6,4.4,84,5.5
2025-10-16T18:22:03,0,6.8,64.2,4.9,3.1,85.6,5.1
2025-10-16T20:22:29,0,5.1,67.5,4.6,1.5,90.1,4.8
2025-10-16T22:21:52,0,3.7,69.1,4.3,-0.2,94.6,4.5
2025-10-17T00:21:33,0,3.1,69.8,4.2,-1.1,95.4,4.3
2025-10-17T02:22:17,0,2.8,69.5,4.1,-2.3,98.4,4.1
2025-10-17T04:22:57,0,2.6,67.3,3.9,-2,97.3,4.1
2025-10-17T06:23:36,0,2.5,68.2,3.9,0.6,94.4,4.8
2025-10-17T08:23:37,0,2.4,74.1,4.2,7.4,81.4,6.5
2025-10-17T10:23:41,0,2.6,82,4.7,7.1,80.5,6.3
2025-10-17T12:23:44,0,3.6,85,5.3,6.4,79.2,5.9
2025-10-17T14:23:05,0,5.3,83.6,5.8,6.4,75.1,5.6
2025-10-17T16:23:16,0,5.4,77,5.4,2.7,85.1,5
2025-10-17T18:23:06,0,4.4,73.5,4.8,-0.1,91.1,4.4
2025-10-17T20:23:07,0,3.6,70.9,4.4,-1.1,93.8,4.2
2025-10-17T22:23:18,0,3,68.7,4.1,-2.3,95.3,3.9
2025-10-18T00:23:42,0,2.7,66.7,3.9,-2.3,95.5,3.9
2025-10-18T02:24:20,0,2.5,66.3,3.8,-2.7,96.9,3.9
2025-10-18T04:25:02,0,2.3,65.8,3.7,-2.6,95.5,3.9
2025-10-18T06:25:16,0,2.3,66.3,3.8,-0.8,92.4,4.2
2025-10-18T08:24:56,0,2.2,70.1,4,4.9,85.3,5.8
2025-10-18T10:25:29,0,2.3,76.9,4.4,5,84.5,5.7
2025-10-18T12:26:01,0,2.6,81.6,4.7,5,82.2,5.6
2025-10-18T14:26:22,0,2.9,84.6,5,4.7,80.8,5.4
2025-10-18T16:25:48,0,3,84,5,1.1,87.6,4.6
2025-10-18T18:25:34,0,3.3,76,4.6,-1.5,92.6,4
2025-10-18T20:26:03,0,3,68.6,4.1,-3.3,95.4,3.7
2025-10-18T22:26:32,0,2.8,64.7,3.8,-3.9,96.6,3.6
2025-10-19T00:26:52,0,2.5,62.9,3.6,-4.1,97.6,3.6
2025-10-19T02:26:25,0,2.3,61.5,3.5,-4.5,98.4,3.5
2025-10-19T04:25:53,0,2.1,60.6,3.4,-4.4,99.6,3.5
2025-10-19T06:26:19,0,1.9,60.8,3.4,-2.5,98.1,4
2025-10-19T08:25:36,0,2.1,63.6,3.6,6.2,87.7,6.4
2025-10-19T10:25:46,0,2.3,69.8,4,8.3,79.7,6.7
2025-10-19T12:26:29,0,2.5,82.9,4.8,8.5,73,6.2
2025-10-19T14:26:32,0,2.4,84.3,4.8,7.2,82.5,6.5
2025-10-19T16:26:39,0,2.4,85.8,4.9,5,89.9,6.1
2025-10-19T18:26:52,0,2.2,87.1,4.9,2.5,94,5.4
2025-10-19T20:26:35,0,2.5,85.1,4.9,0.3,95.8,4.7
2025-10-19T22:26:25,0,2.8,78.6,4.6,-0.9,97.9,4.5
2025-10-20T00:26:23,0,2.8,74.4,4.4,-2,98.8,4.2
2025-10-20T02:26:39,0,2.7,70.2,4.1,-2.7,99.6,4
2025-10-20T04:26:16,0,2.5,67.8,3.9,-2.9,99.9,4
2025-10-20T06:25:49,0,2.3,66.7,3.8,-1.6,99.3,4.3
2025-10-20T08:26:32,0,2.2,69.9,3.9,6,92.1,6.7
2025-10-20T10:26:35,0,2.3,75.9,4.3,8.9,85.9,7.5
2025-10-20T12:27:01,0,2.5,83.3,4.8,9.4,79.4,7.2
2025-10-20T14:27:13,0,2.9,85.2,5,7.8,90,7.3
2025-10-20T16:26:30,0,3.2,84.4,5.1,6,92.7,6.7
2025-10-20T18:25:51,0,2.8,85.4,5,3.6,96,5.9
2025-10-20T20:26:17,0,2.5,87.9,5.1,3.4,97.2,5.9
2025-10-20T22:26:14,0,2.4,88.9,5.1,6,94.1,6.8
2025-10-21T00:26:11,0,2.8,89.9,5.3,7.3,89.3,7.1
2025-10-21T02:26:41,0,3.5,87.7,5.4,6.8,88.2,6.7
2025-10-21T04:26:24,0,3.6,85,5.3,5.4,91,6.3
2025-10-21T06:26:28,0,3.7,87,5.4,6.3,87,6.4
2025-10-21T08:25:58,0,4.3,87.9,5.7,7.4,76.3,6.1
2025-10-21T10:25:11,0,5.9,83.8,6,7,72.8,5.6
2025-10-21T12:25:39,0,7.4,77.3,6.1,6.8,71.4,5.5
2025-10-21T14:25:45,0,7.6,74.4,6,7,67.1,5.2
2025-10-21T16:25:44,0,6.9,73,5.6,6.2,75.5,5.6
2025-10-21T18:26:28,0,5.8,77.7,5.6,6.2,82.2,6
2025-10-21T20:25:48,0,5.3,81.4,5.6,6.1,86.5,6.3
2025-10-22T00:24:36,0,5.1,85.3,5.8,5,90.8,6.2
2025-10-22T02:24:11,0,4.8,85.5,5.7,4.9,92.1,6.2
2025-10-22T04:24:14,0,5.1,86.4,5.9,4.2,94.2,6.1
2025-10-22T06:24:15,0,5.3,85.8,5.9,3.9,93.1,5.9
2025-10-22T08:23:44,0,5.7,85.4,6.1,4.5,94,6.2
2025-10-22T10:23:06,0,6.3,86.4,6.4,5.2,93.6,6.4
2025-10-22T12:23:02,0,7.1,86.5,6.7,6.4,91.2,6.8
2025-10-22T14:22:33,0,7.8,85.6,7,7.4,85.1,6.8
2025-10-22T16:23:11,0,8.1,83.4,6.9,7.9,82.5,6.8
2025-10-22T18:22:49,0,8.2,83.6,7,6.5,93.1,7
2025-10-22T20:23:28,0,8,83.2,6.9,7,88.3,6.8
2025-10-22T22:23:51,0,8,82.7,6.8,6.4,91.7,6.8
2025-10-23T00:24:02,0,7.8,82.6,6.7,6.4,91.1,6.8
2025-10-23T04:24:54,0,7.7,83.2,6.7,5.6,97.7,6.9
2025-10-23T06:25:34,0,7.7,83.7,6.8,5.4,100,7
2025-10-23T08:25:56,0,7.8,84.8,6.9,5.6,100,7.1
2025-10-23T10:25:09,0,8,85.7,7.1,6,100,7.3
2025-10-23T12:25:03,0,8.3,86,7.2,6.2,100,7.4
2025-10-23T14:25:06,0,8.5,85.6,7.3,6.1,100,7.3
2025-10-23T16:25:36,0,8.6,85,7.3,6.2,100,7.4
2025-10-23T18:25:58,0,8.5,85.3,7.3,6.3,100,7.4
2025-10-23T20:25:27,0,8.5,86.2,7.4,6.6,100,7.5
2025-10-23T22:26:16,0,8.6,86.9,7.5,6.8,100,7.6
2025-10-24T00:25:27,0,8.7,87.4,7.6,6.8,100,7.6
2025-10-24T02:24:49,0,8.8,87,7.6,6.7,100,7.6
2025-10-24T04:25:02,0,8.8,86.8,7.6,6.7,100,7.6
2025-10-24T06:24:32,0,8.8,86.8,7.6,6.8,100,7.6
2025-10-24T08:24:21,0,8.9,87.6,7.7,7.2,100,7.8
2025-10-24T10:24:37,0,9.3,89.1,8,7.7,100,8.1
2025-10-24T12:24:32,0,9.6,89.2,8.2,7.8,100,8.2
2025-10-24T14:24:15,0,9.8,87.9,8.2,7.8,100,8.2
2025-10-24T16:24:09,0,9.8,87.9,8.2,7.9,100,8.2
2025-10-24T18:24:56,0,9.8,88.6,8.2,8.2,100,8.4
2025-10-24T20:25:24,0,9.9,89.8,8.4,8.5,100,8.5
2025-10-24T22:25:47,0,10,90.6,8.5,8.5,100,8.5
2025-10-25T00:24:56,0,10.2,91.1,8.7,8.8,100,8.7
2025-10-25T02:25:43,0,10.3,91.8,8.8,9.1,100,8.9
2025-10-25T04:26:27,0,10.6,92.8,9.1,9.7,100,9.2
2025-10-25T06:26:40,0,10.8,93.5,9.2,9.8,100,9.3
2025-10-25T08:27:00,0,11.1,93.9,9.5,10,100,9.4
2025-10-25T10:27:25,0,11.5,93.9,9.7,10.2,100,9.5
2025-10-25T12:27:18,0,11.7,93,9.7,9.9,100,9.3
2025-10-25T14:27:22,0,11.7,91.5,9.6,9.5,100,9.1
2025-10-25T16:27:40,0,11.5,91.1,9.4,9.7,100,9.2
2025-10-25T18:27:12,0,11.4,91.8,9.4,9.7,100,9.2
2025-10-25T20:26:34,0,11.3,92.1,9.4,9.6,100,9.2
2025-10-25T22:27:24,0,11.2,92.6,9.4,9.8,100,9.3
2025-10-26T00:26:37,0,11.2,93.4,9.5,9.9,100,9.3
2025-10-26T02:26:05,0,11.3,93.7,9.6,9.9,100,9.3
2025-10-26T04:26:42,0,11.3,93.5,9.5,9.8,100,9.3
2025-10-26T06:25:56,0,11.3,93.1,9.5,9.5,100,9.1
2025-10-26T08:26:20,0,11.2,93,9.4,9.4,100,9
2025-10-26T10:26:52,0,11.3,93.5,9.5,9.5,100,9.1
2025-10-26T12:26:18,0,11.5,92.8,9.6,9.1,100,8.9
2025-10-26T14:25:34,0,11.5,89,9.2,8,100,8.3
2025-10-26T16:25:00,0,11,84.4,8.4,7.2,100,7.8
2025-10-26T18:25:00,0,10.2,83.1,7.9,6.5,100,7.5
2025-10-26T20:25:42,0,9.5,83.1,7.6,6,100,7.3
2025-10-26T22:25:25,0,8.9,84.1,7.4,6.3,100,7.4
2025-10-27T00:25:06,0,8.6,86.7,7.4,6.5,100,7.5
2025-10-27T02:24:43,0,8.3,87.7,7.4,6.6,100,7.5
2025-10-27T04:24:55,0,8.2,90.3,7.6,7.5,100,8
2025-10-27T06:24:29,0,8.2,90.8,7.6,7,100,7.7
2025-10-27T08:24:05,0,8.3,91,7.7,7,100,7.7
2025-10-27T10:23:15,0,8.8,89.8,7.8,6.1,100,7.3
2025-10-27T12:22:25,0,9.1,85.8,7.6,6.2,100,7.4
2025-10-27T14:21:56,0,8.9,84.8,7.4,6,100,7.3
2025-10-27T16:21:28,0,8.7,84.2,7.3,5.9,100,7.2
2025-10-27T18:21:36,0,8.2,83.5,7,5.4,100,7
2025-10-27T20:21:19,0,7.9,84.4,6.9,5.2,100,6.9
2025-10-27T22:21:27,0,7.6,84.3,6.8,4.7,100,6.7
2025-10-28T00:22:08,0,7.3,83.9,6.6,4.3,100,6.5
2025-10-28T02:22:23,0,6.9,83.7,6.4,4,100,6.4
2025-10-28T04:22:04,0,6.6,83.8,6.3,3.7,100,6.2
2025-10-28T06:21:49,0,6,83.5,6.1,4,100,6.4
2025-10-28T08:21:06,0,5.8,88.3,6.3,5.9,100,7.2
2025-10-28T10:20:36,0,6.4,91.5,6.8,5.6,100,7.1
2025-10-28T12:20:52,0,7.6,90.5,7.3,5.7,100,7.1
2025-10-28T14:20:27,0,8.4,89.4,7.6,5.8,100,7.2
2025-10-28T16:20:46,0,8.5,85.9,7.3,5.2,100,6.9
2025-10-28T18:20:38,0,8.2,84.6,7.1,5.1,100,6.8
2025-10-28T20:20:49,0,7.8,85,6.9,5.2,100,6.9
2025-10-28T22:20:11,0,7.6,86.2,6.9,5.1,100,6.8
2025-10-29T00:20:44,0,7.4,86.8,6.9,5.1,100,6.8
2025-10-29T02:21:28,0,7.3,87.2,6.9,5.2,100,6.9
2025-10-29T04:21:24,0,7.2,86,6.8,4.4,100,6.5
2025-10-29T06:20:27,0,6.8,84.8,6.5,4.3,100,6.5
2025-10-29T08:19:56,0,6.8,89.7,6.9,6,100,7.3
2025-10-29T10:19:54,0,7.5,92.6,7.4,6.8,100,7.6
2025-10-29T12:20:36,0,8.5,93.3,8,7.3,100,7.9
2025-10-29T14:20:55,0,9.4,91.4,8.3,7,100,7.7
2025-10-29T16:21:44,0,9.5,87.6,8,6.3,100,7.4
2025-10-29T18:21:02,0,9,83.8,7.4,5.2,100,6.9
2025-10-29T20:21:50,0,7.8,77.4,6.3,3.1,100,6
2025-10-29T22:21:58,0,6.5,78.6,5.9,3.1,100,6
2025-10-30T00:22:13,0,5.8,80.9,5.8,2.5,100,5.8
2025-10-30T02:21:59,0,5,79.8,5.4,1.8,100,5.5
2025-10-30T04:21:36,0,4.1,81.4,5.2,1.3,100,5.3
2025-10-30T06:21:43,0,3.3,82.3,5,1.3,100,5.3
2025-10-30T08:22:31,0,3,86.9,5.2,4.9,100,6.8
2025-10-30T10:22:55,0,3.5,92.4,5.7,6.6,100,7.5
2025-10-30T12:23:27,0,5.3,95.5,6.6,6.7,100,7.6
2025-10-30T14:23:53,0,7,94.1,7.3,6.6,100,7.5
2025-10-30T16:23:13,0,7.9,92.2,7.6,6.9,100,7.7
2025-10-30T18:23:13,0,8.3,92.5,7.8,7.1,100,7.8
2025-10-30T20:23:25,0,8.6,92.3,7.9,7.1,100,7.8
2025-10-30T22:23:46,0,8.8,91.9,8,7.3,100,7.9
2025-10-31T00:23:57,0,8.8,91.6,8,7.1,100,7.8
2025-10-31T02:24:29,0,8.8,90.7,7.9,7,100,7.7
2025-10-31T04:23:54,0,8.8,90.4,7.9,6.8,100,7.6
2025-10-31T06:24:38,0,8.7,89.3,7.7,6,100,7.3
2025-10-31T08:24:23,0,8.5,87.7,7.5,5.7,100,7.1
2025-10-31T10:24:08,0,8.5,88,7.5,5.8,100,7.2
2025-10-31T12:24:06,0,8.8,88.3,7.7,6,100,7.3
2025-10-31T14:24:56,0,9,86.7,7.6,5.8,100,7.2
2025-10-31T16:24:14,0,8.7,84.7,7.3,5.5,100,7
2025-10-31T18:24:24,0,8.3,84,7.1,5,100,6.8
2025-10-31T20:25:06,0,7.8,84.9,6.9,5,100,6.8
2025-10-31T22:25:52,0,7.5,85.5,6.8,4.7,100,6.7
2025-11-01T00:25:46,0,7.1,82.9,6.5,3.4,100,6.1
2025-11-01T02:25:24,0,6.2,81.4,6,3,100,5.9
2025-11-01T04:25:45,0,5.7,85.3,6.1,3.8,100,6.3
2025-11-01T06:25:21,0,5.7,88.1,6.3,4.5,100,6.6
2025-11-01T08:24:35,0,6,90.5,6.6,5.1,100,6.8
2025-11-01T10:24:15,0,6.8,92.6,7.1,6.1,100,7.3
2025-11-01T12:24:43,0,7.7,92.8,7.5,6.4,100,7.5
2025-11-01T14:24:16,0,8.5,90.6,7.7,6.1,100,7.3
2025-11-01T16:23:49,0,8.6,87.2,7.5,5.4,100,7
2025-11-01T18:24:18,0,8.3,85.1,7.2,5.2,100,6.9
2025-11-01T20:25:08,0,7.9,85.1,7,5.1,100,6.8
2025-11-01T22:24:24,0,7.6,85.5,6.9,5.1,100,6.8
2025-11-02T00:24:29,0,7.4,86.6,6.9,5.7,100,7.1
2025-11-02T02:24:30,0,7.4,89.8,7.1,7,100,7.7
2025-11-02T04:24:27,0,7.3,90.3,7.1,6.5,100,7.5
2025-11-02T06:23:44,0,7.2,90,7.1,6.4,100,7.5
2025-11-02T08:23:32,0,7.3,91,7.2,6.7,100,7.6
2025-11-02T10:23:18,0,7.6,91.4,7.4,6.2,100,7.4
2025-11-02T12:23:27,0,8.1,91.4,7.6,6.6,100,7.5
2025-11-02T14:23:00,0,8.5,91.8,7.8,7.3,100,7.9
2025-11-02T16:23:32,0,8.7,92.9,8,8,100,8.3
2025-11-02T18:23:02,0,9.1,93.7,8.3,8.4,100,8.5
2025-11-02T20:23:46,0,9.4,93.3,8.4,8.3,100,8.4
2025-11-02T22:23:32,0,9.6,91.7,8.4,7.6,100,8.1
2025-11-03T00:23:37,0,9.5,89.6,8.2,7.2,100,7.8
2025-11-03T02:22:58,0,9.4,89.3,8.1,7.5,100,8
2025-11-03T04:23:41,0,9.3,91.2,8.2,8.2,100,8.4
2025-11-03T06:22:55,0,9.4,92.2,8.3,8.2,100,8.4
2025-11-03T08:23:16,0,9.6,93,8.5,8.7,100,8.6
2025-11-03T10:23:32,0,10.2,94.9,9,9.3,100,9
2025-11-03T12:23:21,0,11,94.7,9.5,9.2,100,8.9
2025-11-03T14:23:54,0,11.2,91.3,9.3,8.6,100,8.6
2025-11-03T16:23:47,0,10.7,86,8.4,7.2,100,7.8
2025-11-03T18:23:38,0,9.8,85.2,7.9,6.8,100,7.6
2025-11-03T20:24:13,0,9.2,85.9,7.7,6.4,100,7.5
2025-11-03T22:24:07,0,8.9,84.4,7.4,5.9,100,7.2
2025-11-04T00:24:28,0,8.4,82,7,4.5,100,6.6
2025-11-04T02:23:43,0,7.3,77.1,6.1,2.7,100,5.8
2025-11-04T04:23:09,0,6.2,80.3,5.9,3.2,100,6
2025-11-04T06:22:41,0,5.7,84.7,6,4.5,100,6.6
2025-11-04T08:22:54,0,5.8,89.2,6.4,7,100,7.7
2025-11-04T10:22:46,0,6.7,93.6,7.1,8.8,100,8.7
2025-11-04T12:22:30,0,8.3,94.4,8,8.8,100,8.7
2025-11-04T14:22:34,0,9.3,92.4,8.3,8.1,100,8.3
2025-11-04T16:22:01,0,9.8,92.1,8.5,8.7,100,8.6
2025-11-04T18:21:54,0,10,93.3,8.8,9.4,100,9
2025-11-04T20:21:11,0,10.4,95.1,9.2,10.3,100,9.6
2025-11-04T22:21:54,0,10.9,96,9.5,10.4,100,9.6
2025-11-05T00:22:22,0,11.3,95.9,9.8,10.7,100,9.8
2025-11-05T02:22:07,0,11.6,95.6,9.9,10.7,100,9.8
2025-11-05T04:22:41,0,11.8,95.3,10,10.6,100,9.8
2025-11-05T06:22:55,0,11.9,95.1,10.1,10.6,100,9.8
2025-11-05T08:22:34,0,11.9,95.1,10.1,10.8,100,9.9
2025-11-05T10:22:05,0,12.1,95.5,10.2,10.8,100,9.9
2025-11-05T12:22:31,0,12.3,94.4,10.2,10.4,100,9.6
2025-11-05T14:21:41,0,12.2,92.9,10,10.2,100,9.5
2025-11-05T16:21:59,0,11.9,91.6,9.7,9.9,100,9.3
2025-11-05T18:21:37,0,11.6,91.1,9.5,9.9,100,9.3
2025-11-05T22:21:03,0,11.1,91.5,9.2,9.7,100,9.2
2025-11-06T00:20:32,0,11,91.7,9.2,9.6,100,9.2
2025-11-06T02:20:11,0,10.9,92.2,9.2,9.6,100,9.2
2025-11-06T04:20:08,0,10.9,92.3,9.2,9.6,100,9.2
2025-11-06T06:19:36,0,10.9,92.3,9.2,9.6,100,9.2
2025-11-06T08:19:24,0,11,92.7,9.3,9.7,100,9.2
2025-11-06T10:19:14,0,11.1,93.2,9.4,10,100,9.4
2025-11-06T12:19:23,0,11.5,93.7,9.7,10.4,100,9.6
2025-11-06T14:19:11,0,11.8,92.4,9.7,10.1,100,9.5
2025-11-06T16:19:17,0,11.8,90.7,9.5,9.9,100,9.3
2025-11-06T18:18:37,0,11.6,90.7,9.4,9.7,100,9.2
2025-11-06T20:19:23,0,11.4,90.5,9.3,9.4,100,9
2025-11-06T22:18:47,0,11.3,90.8,9.3,9.4,100,9
2025-11-07T00:18:57,0,11.2,91.2,9.2,9.4,100,9
2025-11-07T02:18:44,0,11.1,91.3,9.2,9.3,100,9
2025-11-07T04:18:59,0,11.1,91.4,9.2,9.2,100,8.9
2025-11-07T06:19:43,0,11,91.6,9.2,9.2,100,8.9
2025-11-07T08:20:08,0,11.1,92.6,9.3,9.5,100,9.1
2025-11-07T10:20:28,0,11.4,93.9,9.6,9.9,100,9.3
2025-11-07T12:20:26,0,11.7,94.2,9.8,10.4,100,9.6
2025-11-07T14:19:58,0,11.9,93.9,9.9,10.3,100,9.6
2025-11-07T16:19:00,0,11.8,92.9,9.8,10,100,9.4
2025-11-07T18:18:44,0,11.7,92.3,9.7,9.7,100,9.2
2025-11-07T20:18:31,0,11.4,91.7,9.4,9.5,100,9.1
2025-11-07T22:17:47,0,11.2,91.6,9.3,9.1,100,8.9
2025-11-08T00:18:37,0,11,89.7,9,8.3,100,8.4
2025-11-08T02:18:25,0,10.7,89,8.7,8,100,8.3
2025-11-08T04:18:28,0,10.4,89,8.6,7.9,100,8.2
2025-11-08T06:19:16,0,10.2,89.4,8.5,7.9,100,8.2
2025-11-08T08:19:13,0,10.1,89.7,8.5,7.6,100,8.1
2025-11-08T10:18:53,0,10.1,90.1,8.5,7.8,100,8.2
2025-11-08T12:19:31,0,10.1,91,8.6,8.2,100,8.4
2025-11-08T14:19:46,0,10.1,90.2,8.5,7.6,100,8.1
2025-11-08T16:20:13,0,9.9,88.6,8.3,7.1,100,7.8
2025-11-08T18:19:52,0,9.6,88.5,8.1,7.2,100,7.8
2025-11-08T20:20:27,0,9.4,88.9,8,7,100,7.7
2025-11-08T22:20:29,0,9.2,89,7.9,7,100,7.7
2025-11-09T00:20:16,0,9.1,89.6,7.9,7.1,100,7.8
2025-11-09T02:20:13,0,9,90,7.9,7,100,7.7
2025-11-09T04:20:20,0,8.9,90.2,7.9,7,100,7.7
2025-11-09T06:21:02,0,8.9,90.6,7.9,7,100,7.7
2025-11-09T08:20:18,0,8.9,90.3,7.9,6.8,100,7.6
2025-11-09T10:19:37,0,8.9,87.9,7.7,6.1,100,7.3
2025-11-09T12:19:16,0,8.8,87.5,7.6,6.3,100,7.4
2025-11-09T14:18:52,0,8.8,87.3,7.6,6.2,100,7.4
2025-11-09T16:19:35,0,8.7,85.4,7.4,5.5,100,7
2025-11-09T18:20:20,0,8.1,84.2,7,5.2,100,6.9
2025-11-09T20:19:49,0,7.8,85.7,7,5.3,100,6.9
2025-11-09T22:20:30,0,7.7,86.6,7,5.4,100,7
2025-11-10T00:20:30,0,7.7,87.4,7.1,5.5,100,7
2025-11-10T02:19:42,0,7.7,87.6,7.1,4.9,100,6.8
2025-11-10T04:19:45,0,7.7,84.3,6.8,3.4,100,6.1
2025-11-10T06:18:56,0,7.3,80.8,6.4,2.7,100,5.8
2025-11-10T08:19:07,0,6.8,81.6,6.2,2.8,100,5.9
2025-11-10T10:19:31,0,6.8,83.2,6.4,3,100,5.9
2025-11-10T12:19:09,0,7.1,82.9,6.5,3,100,5.9
2025-11-10T14:18:55,0,7.2,80.8,6.3,2.7,100,5.8
2025-11-10T16:18:40,0,6.8,79.8,6.1,2.4,100,5.7
2025-11-10T18:18:41,0,6.4,79.4,5.9,1.8,100,5.5
2025-11-10T20:19:26,0,6,78.5,5.7,1.5,100,5.4
2025-11-10T22:19:21,0,5.5,79,5.5,1.5,100,5.4
2025-11-11T00:18:40,0,5.3,80.1,5.6,1.5,100,5.4
2025-11-11T02:17:49,0,5.2,81.3,5.6,1.8,100,5.5
2025-11-11T04:17:35,0,5.2,82.4,5.7,2,100,5.6
2025-11-11T06:17:58,0,5.2,83.5,5.8,2.3,100,5.7
2025-11-11T08:18:47,0,5.3,85.2,5.9,3.2,100,6
2025-11-11T10:19:01,0,5.9,88.9,6.4,4.7,100,6.7
2025-11-11T12:18:34,0,7.1,90.3,7,6.1,100,7.3
2025-11-11T14:18:15,0,7.9,89.5,7.4,6.4,100,7.5
2025-11-11T16:18:49,0,8,88.1,7.3,6.1,100,7.3
2025-11-11T18:18:19,0,7.8,87.9,7.2,6.2,100,7.4
2025-11-11T20:18:17,0,7.8,89.9,7.3,6.8,100,7.6
2025-11-11T22:18:46,0,8.1,91.2,7.6,6.8,100,7.6
2025-11-12T00:18:29,0,8.4,90.9,7.7,6.7,100,7.6
2025-11-12T02:19:17,0,8.7,90.7,7.8,6.8,100,7.6
2025-11-12T04:19:41,0,8.8,90.3,7.9,6.4,100,7.5
2025-11-12T06:20:22,0,8.7,89.5,7.7,6.3,100,7.4
2025-11-12T08:20:55,0,8.7,89.6,7.7,6.6,100,7.5
2025-11-12T10:21:06,0,8.7,90.4,7.8,7,100,7.7
2025-11-12T12:21:07,0,8.9,90.2,7.9,7.2,100,7.8
2025-11-12T14:20:11,0,9,89.9,7.9,7.6,100,8.1
2025-11-12T16:20:14,0,9,90.9,8,8.5,100,8.5
2025-11-12T18:19:27,0,9.1,91.7,8.1,8.5,100,8.5
2025-11-12T20:19:07,0,9.3,91.8,8.2,8.5,100,8.5
2025-11-12T22:19:17,0,9.3,91.5,8.2,7.8,100,8.2
2025-11-13T00:19:08,0,9.3,91,8.2,7.7,100,8.1
2025-11-13T02:18:26,0,9.3,91.7,8.2,7.9,100,8.2
2025-11-13T04:18:43,0,9.3,92.6,8.3,8.3,100,8.4
2025-11-13T06:18:35,0,9.5,94.1,8.6,9.2,100,8.9
2025-11-13T08:18:46,0,9.9,95.9,9,9.5,100,9.1
2025-11-13T10:18:02,0,10.4,96,9.2,9.5,100,9.1
2025-11-13T12:18:00,0,10.7,95.2,9.3,9.7,100,9.2
2025-11-13T14:17:37,0,10.8,94.1,9.3,9.4,100,9
2025-11-13T16:18:05,0,10.7,92.8,9.1,8.9,100,8.8
2025-11-13T18:17:53,0,10.2,84.6,8,4.7,100,6.7
2025-11-13T20:17:11,0,9.1,73,6.5,2.7,100,5.8
2025-11-14T00:18:12,0,6.3,73.4,5.4,1,100,5.2
2025-11-14T02:18:26,0,5.2,74.2,5.1,0.3,100,5
2025-11-14T04:17:46,0,4,74.1,4.7,-0.7,100,4.6
2025-11-14T06:17:53,0,3.1,74.8,4.5,-1.4,100,4.4
2025-11-14T08:17:52,0,2.8,77.7,4.6,0.3,100,5
2025-11-14T10:17:27,0,2.5,83.2,4.8,1.6,100,5.4
2025-11-14T12:17:50,0,2.4,87,5,2,100,5.6
2025-11-14T14:17:13,0,2.4,88.3,5,0.4,100,5
2025-11-14T16:17:12,0,2.6,85.8,5,-0.1,100,4.8
2025-11-14T18:16:46,0,2.6,83.6,4.8,-1.4,100,4.4
2025-11-14T20:16:13,0,2.7,78.9,4.6,-2.1,100,4.2
2025-11-14T22:16:47,0,2.6,76.1,4.4,-2.8,100,4
2025-11-15T00:16:26,0,2.6,74.2,4.3,-2.2,100,4.2
2025-11-15T02:16:58,0,2.3,75.1,4.3,-2,100,4.2
2025-11-15T04:16:38,0,2.2,74.1,4.2,-3.2,100,3.9
2025-11-15T06:16:43,0,2.3,70.1,4,-4.7,100,3.5
2025-11-15T08:16:04,0,2.4,69.1,3.9,-2.4,99.1,4.1
2025-11-15T10:15:26,0,2.2,72.6,4.1,-0.9,99.8,4.5
2025-11-15T12:15:48,0,2.1,76.5,4.3,0.1,98.5,4.8
2025-11-15T14:16:06,0,2,80.6,4.5,-0.1,100,4.8
2025-11-15T16:15:12,0,2.2,80.2,4.5,-0.2,100,4.8
2025-11-15T18:15:06,0,2.3,78.6,4.5,0,100,4.8
2025-11-15T20:14:13,0,2.3,78.6,4.5,0.7,97.8,5
2025-11-15T22:15:07,0,2.1,79.4,4.4,0.4,99.1,4.9
2025-11-16T00:15:22,0,2.2,78.6,4.4,0.2,95.4,4.7
2025-11-16T02:15:37,0,2.3,76.8,4.4,0.9,94.9,4.9
2025-11-16T04:16:03,0,2.3,78.4,4.4,1.4,93.7,5
2025-11-16T06:16:43,0,2.2,80.1,4.5,2,94,5.2
2025-11-16T08:17:29,0,2.2,82.6,4.7,3.3,93.2,5.7
2025-11-16T10:17:59,0,2.3,87.9,5,4.7,91.9,6.1
2025-11-16T12:18:54,0,2.3,89.5,5.1,5.3,87.9,6.1
2025-11-16T14:18:35,0,2.1,90.6,5.1,4.1,93.4,6
2025-11-16T16:19:08,0,2.2,90,5.1,2.3,96.4,5.5
2025-11-16T18:19:37,0,2.4,88.1,5,0.7,99.8,5.1
2025-11-16T20:18:49,0,2.6,86.1,5,1.2,100,5.3
2025-11-16T22:18:10,0,2.4,86.5,4.9,1.2,100,5.3
2025-11-17T00:18:16,0,2.4,85.8,4.9,0.7,100,5.1
2025-11-17T02:17:38,0,2.5,85.1,4.9,0.1,100,4.9
2025-11-17T04:17:22,0,2.6,84,4.9,0.4,100,5
2025-11-17T06:17:29,0,2.5,84.4,4.9,0.8,100,5.1
2025-11-17T08:18:01,0,2.4,85.1,4.9,0.5,100,5
2025-11-17T10:17:12,0,2.5,85.8,4.9,0.4,100,5
2025-11-17T12:17:16,0,2.6,85.8,5,0,100,4.8
2025-11-17T14:16:53,0,2.6,85.1,4.9,-0.2,100,4.8
2025-11-17T16:17:22,0,2.6,83.8,4.9,-0.3,100,4.8
2025-11-17T18:17:36,0,2.6,82.4,4.8,-1,100,4.5
2025-11-17T20:18:14,0,2.6,79.2,4.6,-1.8,100,4.3
2025-11-17T22:17:32,0,2.5,77,4.4,-1.9,100,4.3
2025-11-18T00:17:58,0,2.4,77.2,4.4,-1.4,100,4.4
2025-11-18T02:17:35,0,2.3,77.9,4.4,-1.1,100,4.5
2025-11-18T04:17:48,0,2.3,79,4.5,-0.7,100,4.6
2025-11-18T06:18:15,0,2.2,78.8,4.4,-1.4,100,4.4
2025-11-18T08:18:32,0,2.2,77.2,4.4,-1.7,100,4.3
2025-11-18T10:19:15,0,2.2,75.5,4.3,-2.6,100,4
2025-11-18T12:19:42,0,2.2,72.5,4.1,-3.8,98.9,3.7
2025-11-18T14:20:06,0,2.2,67.6,3.8,-5.1,100,3.4
2025-11-18T16:20:18,0,2,64.7,3.6,-4.7,98.9,3.4
2025-11-18T18:20:44,0,1.7,64.5,3.5,-5.2,99.8,3.4
2025-11-18T20:21:34,0,1.3,63.3,3.4,-7.2,100,2.9
2025-11-18T22:21:48,0,-1.3,70.6,3.1,-8.6,100,2.6
2025-11-19T00:22:28,0,-1.2,64.2,2.9,-9.7,100,2.4
2025-11-19T02:22:29,0,-2,59.9,2.5,-10.7,100,2.2
2025-11-19T04:23:19,0,-3.4,55,2.1,-10.1,100,2.3
2025-11-19T06:23:32,0,-4.4,50.8,1.8,-10.3,100,2.3
2025-11-19T08:23:45,0,-5.5,49.9,1.6,-8,100,2.7
2025-11-19T10:22:57,0,-5.4,54.9,1.8,-5.5,100,3.3
2025-11-19T12:22:09,0,-5.6,81.7,2.7,-4.1,100,3.6
2025-11-19T14:22:29,0,-4.3,79.6,2.9,-4.6,100,3.5
2025-11-19T16:22:48,0,-4.5,79.9,2.8,-5.2,100,3.4
2025-11-19T18:22:56,0,-4.7,82.1,2.9,-4.7,100,3.5
2025-11-19T20:23:01,0,-3.9,84.7,3.1,-4.2,100,3.6
2025-11-19T22:22:17,0,-3.2,85.5,3.3,-3.8,100,3.7
2025-11-20T00:22:36,0,-2.3,86.1,3.6,-2.9,100,4
2025-11-20T02:22:35,0,-1.6,86.3,3.7,-2.7,100,4
2025-11-20T04:22:37,0,-1.4,85.5,3.8,-2.2,100,4.2
2025-11-20T06:21:56,0,-1.1,86.2,3.9,-1.1,100,4.5
2025-11-20T08:21:22,0,-0.4,87.3,4.1,1,100,5.2
2025-11-20T10:21:32,0,0.4,89.6,4.5,0.9,100,5.2
2025-11-20T12:21:26,0,1.2,87.3,4.6,2.2,100,5.6
2025-11-20T14:22:11,0,1.5,87.4,4.7,1.8,100,5.5
2025-11-20T16:22:34,0,1.6,87.5,4.7,1.5,100,5.4
2025-11-20T18:22:40,0,1.8,87.3,4.8,1.7,100,5.4
2025-11-20T20:21:49,0,1.8,87.8,4.8,1.5,100,5.4
2025-11-20T22:21:49,0,2,87.7,4.9,0.8,100,5.1
2025-11-21T00:22:27,0,2.3,87,4.9,0.6,100,5.1
2025-11-21T02:23:15,0,2.4,86.4,4.9,0.2,100,4.9
2025-11-21T04:22:55,0,2.5,85.2,4.9,0,100,4.8
2025-11-21T06:22:50,0,2.5,84.4,4.9,0,100,4.8
2025-11-21T08:22:31,0,2.5,84,4.8,0.1,100,4.9
2025-11-21T10:22:05,0,2.5,84.7,4.9,0.7,100,5.1
2025-11-21T12:22:37,0,2.4,86.4,4.9,0.7,100,5.1
2025-11-21T14:22:07,0,2.4,86.7,5,0,100,4.8
2025-11-21T16:22:07,0,2.5,85.8,4.9,-0.1,100,4.8
2025-11-21T18:21:34,0,2.6,84.9,4.9,-0.1,100,4.8
2025-11-21T20:21:49,0,2.5,84.4,4.9,-0.3,100,4.8
2025-11-21T22:21:37,0,2.5,83.6,4.8,-0.6,100,4.7
2025-11-22T00:21:08,0,2.5,81.1,4.7,-2.1,100,4.2
2025-11-22T02:20:34,0,2.5,75.8,4.4,-3.6,100,3.8
2025-11-22T04:20:06,0,2.5,69.4,4,-6,100,3.2
2025-11-22T06:20:50,0,2.3,63.5,3.6,-7.6,100,2.8
2025-11-22T08:21:05,0,0.7,74.1,3.8,-5.4,100,3.3
2025-11-22T10:21:51,0,2.2,68.5,3.9,-3,100,3.9
2025-11-22T12:22:21,0,2.1,72.5,4.1,0.3,100,5
2025-11-22T14:21:45,0,1.8,74.1,4.1,0.4,100,5
2025-11-22T16:21:52,0,1.8,75.8,4.2,1.4,100,5.3
2025-11-22T18:21:53,0,1.8,78.1,4.3,2.9,100,5.9
2025-11-22T20:22:09,0,1.8,81.2,4.5,3.3,100,6.1
2025-11-22T22:21:22,0,2,86.9,4.8,4,100,6.4
2025-11-23T00:21:21,0,2,89.7,5,4,100,6.4
2025-11-23T02:21:52,0,1.9,91.4,5,4,100,6.4
2025-11-23T04:21:35,0,2,91.9,5.1,4.3,100,6.5
2025-11-23T06:21:14,0,1.9,92.3,5.1,4,100,6.4
2025-11-23T08:21:41,0,2,92.7,5.2,4.5,100,6.6
2025-11-23T10:21:41,0,2.1,93.2,5.2,5.1,100,6.8
2025-11-23T12:21:01,0,2.1,93.1,5.2,5.1,98.1,6.7
2025-11-23T14:20:47,0,1.9,93.1,5.1,4.7,100,6.7
2025-11-23T16:21:24,0,1.9,93.3,5.2,4.4,100,6.5
2025-11-23T18:20:46,0,1.9,93.3,5.2,4,100,6.4
2025-11-23T20:20:20,0,1.9,93.4,5.2,3.7,100,6.2
2025-11-23T22:21:09,0,1.9,93.5,5.2,3.7,100,6.2
2025-11-24T00:20:51,0,1.9,93.6,5.2,3.3,100,6.1
2025-11-24T02:20:54,0,2,93.2,5.2,2.8,100,5.9
2025-11-24T04:20:54,0,2.2,92.4,5.2,2.4,100,5.7
2025-11-24T06:20:41,0,2.3,91.8,5.2,2,100,5.6
2025-11-24T08:20:00,0,2.5,91.1,5.2,2,100,5.6
2025-11-24T10:19:38,0,2.5,91,5.2,2,100,5.6
2025-11-24T12:19:54,0,2.6,91,5.3,2.2,100,5.6
2025-11-24T14:20:29,0,2.7,90.6,5.3,1.9,100,5.5
2025-11-24T16:21:19,0,2.7,89.9,5.2,1,100,5.2
2025-11-24T18:21:40,0,2.8,88.3,5.2,-0.1,100,4.8
2025-11-24T20:22:04,0,3,85.6,5.1,-1.5,100,4.4
2025-11-24T22:22:25,0,3.1,83.8,5,-2.1,100,4.2
2025-11-25T00:23:04,0,3.1,82.3,4.9,-1.8,100,4.3
2025-11-25T02:23:46,0,3,83.2,4.9,-0.5,100,4.7
2025-11-25T04:23:10,0,2.9,84.8,5,0,100,4.8
2025-11-25T06:23:54,0,2.8,85.5,5,-0.1,100,4.8
2025-11-25T08:23:15,0,2.8,84.6,5,-0.9,100,4.6
2025-11-25T10:23:30,0,2.9,82.6,4.9,-1.6,100,4.3
2025-11-25T12:23:48,0,2.9,80.6,4.8,-2.2,100,4.2
2025-11-25T14:24:33,0,2.9,77.5,4.6,-2.7,99.3,4
2025-11-25T16:23:53,0,2.8,74.8,4.4,-3.3,99.7,3.8
2025-11-25T18:23:07,0,2.8,72.4,4.2,-4.3,100,3.6
2025-11-25T20:23:27,0,2.7,69.9,4.1,-4.6,100,3.5
2025-11-25T22:22:46,0,2.7,68.1,4,-5.9,100,3.2
2025-11-26T00:22:45,0,2.6,63.7,3.7,-8,100,2.7
2025-11-26T02:22:58,0,0.1,77,3.8,-8.6,100,2.6
2025-11-26T04:23:24,0,0.6,76.4,3.9,-7.5,100,2.8
2025-11-26T06:24:04,0,0.3,78.5,3.9,-5.9,100,3.2
2025-11-26T08:23:23,0,2.4,66.1,3.8,-3.9,100,3.7
2025-11-26T10:24:07,0,2.2,68.9,3.9,-2.2,100,4.2
2025-11-26T12:23:28,0,2.1,71.9,4,-1.1,100,4.5
2025-11-26T14:23:09,0,2,75.4,4.2,-1.8,100,4.3
2025-11-26T16:23:18,0,2.4,76.1,4.3,-2.6,100,4
2025-11-26T18:22:44,0,2.6,74.5,4.3,-3.4,100,3.8
2025-11-26T20:22:43,0,2.6,72.6,4.2,-4.3,100,3.6
2025-11-26T22:23:28,0,2.5,69.9,4,-6.1,100,3.2
2025-11-27T00:23:17,0,1.9,65.9,3.6,-7.8,100,2.8
2025-11-27T02:23:44,0,-0.3,73,3.5,-8.1,100,2.7
2025-11-27T04:23:18,0,-0.8,70.2,3.2,-7.1,100,2.9
2025-11-27T06:23:36,0,-0.7,69,3.2,-5.1,100,3.4
2025-11-27T08:23:30,0,-1.5,77.1,3.4,-2.6,100,4
2025-11-27T10:23:36,0,-0.6,78.1,3.6,-0.3,100,4.8
2025-11-27T12:23:41,0,0.4,79.1,3.9,0,100,4.8
2025-11-27T14:22:59,0,1,79.3,4.1,0,100,4.8
2025-11-27T16:23:10,0,1.3,80.7,4.3,0.9,100,5.2
2025-11-27T18:22:51,0,1.6,82.7,4.5,1.8,100,5.5
2025-11-27T20:22:35,0,1.7,84.1,4.6,2.3,100,5.7
2025-11-27T22:22:18,0,1.9,85.5,4.7,3,100,5.9
2025-11-28T00:22:49,0,1.8,87,4.8,3.6,100,6.2
2025-11-28T02:22:40,0,2,88,4.9,4.1,100,6.4
2025-11-28T04:21:53,0,1.9,88.9,4.9,4.5,100,6.6
2025-11-28T06:21:14,0,2,89.7,5,5.1,100,6.8
2025-11-28T08:21:16,0,2.2,90.2,5.1,5.5,100,7
2025-11-28T10:21:18,0,2.4,91.3,5.2,6.5,100,7.5
2025-11-28T12:21:41,0,2.6,92.6,5.4,7.2,100,7.8
2025-11-28T14:22:14,0,2.8,94.2,5.5,7.4,100,8
2025-11-28T16:22:54,0,3.2,95.4,5.8,7.4,100,8
2025-11-28T18:23:09,0,3.7,93.9,5.9,7.1,100,7.8
2025-11-28T20:23:38,0,4.4,92.7,6.1,7.2,100,7.8
2025-11-28T22:23:48,0,5.2,92.1,6.3,7.3,100,7.9
2025-11-29T00:24:26,0,6,91.7,6.7,7.2,100,7.8
2025-11-29T02:24:29,0,7,92.2,7.1,6.6,100,7.5
2025-11-29T04:24:02,0,7.6,89.8,7.2,5.7,100,7.1
2025-11-29T06:24:34,0,7.9,87.7,7.2,5.3,100,6.9
2025-11-29T08:25:06,0,7.9,87.5,7.2,5,100,6.8
2025-11-29T10:25:47,0,7.8,87.8,7.2,4.9,100,6.8
2025-11-29T12:25:28,0,7.7,88.2,7.2,5.1,100,6.8
2025-11-29T14:25:10,0,7.8,89.3,7.3,5.8,100,7.2
2025-11-29T16:25:10,0,7.8,90,7.3,6,100,7.3
2025-11-29T18:25:34,0,8,90.2,7.5,5.9,100,7.2
2025-11-29T20:25:39,0,8.2,90.1,7.5,6.3,100,7.4
2025-11-29T22:25:56,0,8.2,90.5,7.6,6.5,100,7.5
2025-11-30T00:26:35,0,8.3,89.8,7.6,6.6,100,7.5
2025-11-30T02:27:00,0,8.3,89.6,7.6,6.4,100,7.5
2025-11-30T04:27:28,0,7.9,87,7.1,4.8,100,6.7
2025-11-30T06:27:04,0,7,83.4,6.5,3,100,5.9
2025-11-30T08:27:36,0,5.6,84.3,6,3.1,100,6
2025-11-30T10:27:52,0,5.3,89.7,6.2,5.3,100,6.9
2025-11-30T12:28:37,0,6,93.5,6.8,6.3,100,7.4
2025-11-30T14:29:21,0,7,93.1,7.2,5.6,100,7.1
2025-11-30T16:29:25,0,7.7,89.2,7.2,5,100,6.8
2025-11-30T18:29:16,0,7.6,86.6,7,3.3,100,6.1
2025-11-30T20:28:28,0,7.2,84.2,6.6,2.4,100,5.7
2025-11-30T22:27:54,0,6.5,84.6,6.3,2.1,100,5.6
2025-12-01T00:28:23,0,6.1,85,6.2,1.8,100,5.5
2025-12-01T02:28:19,0,5.8,85,6.1,1.3,100,5.3
2025-12-01T04:28:11,0,5.4,84.4,5.9,1.3,100,5.3
2025-12-01T06:28:56,0,5.2,86,5.9,2.2,100,5.6
2025-12-01T08:28:48,0,5.2,87.9,6.1,3.1,100,6
2025-12-01T10:29:11,0,5.4,89.6,6.3,3.9,100,6.3
2025-12-01T12:28:49,0,6,90.6,6.6,4.6,100,6.6
2025-12-01T14:28:32,0,6.6,90.5,6.8,5.1,100,6.8
2025-12-01T16:28:24,0,7,90.2,7,5.2,100,6.9
2025-12-01T18:27:55,0,7.4,89.1,7.1,4.8,100,6.7
2025-12-01T20:27:53,0,7.1,85.4,6.7,3.8,100,6.3
2025-12-01T22:28:04,0,6.7,86.4,6.6,4,100,6.4
2025-12-02T00:28:07,0,6.4,86.4,6.4,3.3,100,6.1
2025-12-02T02:27:54,0,6,83,6,1.9,100,5.5
2025-12-02T04:28:34,0,5.1,81.6,5.6,0.9,100,5.2
2025-12-02T06:28:58,0,4.2,82.7,5.3,1.6,100,5.4
2025-12-02T08:29:32,0,3.6,86.8,5.4,4,100,6.4
2025-12-02T10:30:01,0,3.9,91.5,5.8,5.3,100,6.9
2025-12-02T12:29:14,0,5.2,93.5,6.4,5.4,100,7
2025-12-02T14:29:16,0,6.3,90.2,6.7,4.9,97.6,6.6
2025-12-02T16:29:32,0,6.7,87.5,6.6,4.6,98.5,6.5
2025-12-02T18:28:48,0,6.7,87.1,6.6,4.2,99.5,6.4
2025-12-02T20:28:22,0,6.7,86.6,6.6,4.1,99.5,6.4
2025-12-02T22:28:43,0,6.5,86.5,6.5,4,99.1,6.3
2025-12-03T00:29:01,0,6.4,86.4,6.4,3.8,97.3,6.1
2025-12-03T02:28:51,0,6.3,85.8,6.4,3.8,98,6.1
2025-12-03T04:28:08,0,6.2,86.2,6.3,3.8,98.2,6.2
2025-12-03T06:27:46,0,6.1,85.9,6.3,3.8,95.6,6
2025-12-03T08:28:36,0,6.1,85.4,6.2,3.4,97.7,6
2025-12-03T10:29:01,0,6.1,86.2,6.3,3.4,100,6.1
2025-12-03T12:29:30,0,6.3,87.2,6.5,3.7,100,6.2
2025-12-03T14:29:45,0,6.6,87.2,6.6,3.8,100,6.3
2025-12-03T16:30:31,0,6.8,86.7,6.6,3.8,100,6.3
2025-12-03T18:31:08,0,6.8,86.7,6.6,3.8,100,6.3
2025-12-03T20:31:33,0,6.9,86.1,6.6,3.6,100,6.2
2025-12-03T22:31:00,0,6.9,85,6.5,3.3,100,6.1
2025-12-04T00:31:12,0,6.8,83.4,6.4,2.3,100,5.7
2025-12-04T02:30:44,0,6.4,82.2,6.1,1.8,100,5.5
2025-12-04T04:30:18,0,6,81.6,5.9,1.8,100,5.5
2025-12-04T06:30:07,0,5.5,82,5.8,1.3,100,5.3
2025-12-04T08:29:19,0,5.2,82,5.6,1.2,100,5.3
2025-12-04T10:29:14,0,5.1,82.3,5.6,1.2,100,5.3
2025-12-04T12:28:51,0,5.1,82.7,5.7,1.3,100,5.3
2025-12-04T14:28:06,0,5,82.6,5.6,1.4,100,5.3
2025-12-04T16:28:47,0,5,82.5,5.6,1.3,100,5.3
2025-12-04T18:28:01,0,4.9,82.5,5.6,1.6,100,5.4
2025-12-04T20:28:00,0,4.9,83,5.6,1.7,100,5.4
2025-12-04T22:28:45,0,5,83.1,5.6,1.7,100,5.4
2025-12-05T00:28:39,0,5.1,83,5.7,1.8,100,5.5
2025-12-05T02:28:15,0,5.1,83.9,5.7,2.4,100,5.7
2025-12-05T04:27:39,0,5.2,85.3,5.9,3.6,100,6.2
2025-12-05T06:27:01,0,5.4,86.8,6.1,3.8,100,6.3
2025-12-05T08:27:13,0,5.8,86.9,6.2,3.9,100,6.3
2025-12-05T10:26:43,0,6.2,87,6.4,4.2,100,6.4
2025-12-05T12:26:00,0,6.7,86.4,6.6,3.9,100,6.3
2025-12-05T14:25:50,0,6.9,84.4,6.5,3.8,100,6.3
2025-12-05T16:25:22,0,6.7,83.5,6.3,3.4,100,6.1
2025-12-05T18:24:35,0,6.5,83.7,6.3,3.5,100,6.2
2025-12-05T20:25:08,0,6.4,84.6,6.3,3.7,100,6.2
2025-12-05T22:24:38,0,6.4,85,6.3,3.9,100,6.3
2025-12-06T00:24:45,0,6.5,85.8,6.4,4.1,100,6.4
2025-12-06T02:24:13,0,6.7,86.1,6.5,4.2,100,6.4
2025-12-06T04:24:53,0,6.9,85.5,6.6,4.2,100,6.4
2025-12-06T06:24:50,0,7,85.2,6.6,4.3,100,6.5
2025-12-06T08:25:24,0,7.1,85.7,6.7,4.5,100,6.6
2025-12-06T10:24:52,0,7.3,85.9,6.8,4.3,100,6.5
2025-12-06T12:25:12,0,7.4,86,6.8,4.4,100,6.5
2025-12-06T14:24:46,0,7.5,86.4,6.9,4.6,100,6.6
2025-12-06T16:24:26,0,7.6,86.5,7,4.6,100,6.6
2025-12-06T18:25:07,0,7.6,86.1,6.9,4.1,100,6.4
2025-12-06T20:25:55,0,7.4,84.8,6.7,3.4,100,6.1
2025-12-06T22:26:37,0,7.2,83.7,6.6,3.1,100,6
2025-12-07T00:25:50,0,7,83.7,6.5,3.2,100,6
2025-12-07T02:26:08,0,6.7,84.7,6.4,3.3,100,6.1
2025-12-07T04:25:55,0,6.7,84.9,6.5,3.3,100,6.1
2025-12-07T06:25:28,0,6.7,85,6.5,3.3,100,6.1
2025-12-07T08:24:46,0,6.7,85,6.5,3.3,100,6.1
2025-12-07T10:23:51,0,6.7,85.1,6.5,3.1,100,6
2025-12-07T12:24:04,0,6.7,84.4,6.4,2.7,100,5.8
2025-12-07T16:24:07,0,6.2,81.8,6,1.8,100,5.5
2025-12-07T18:25:01,0,5.8,82,5.9,1.7,100,5.4
2025-12-07T20:24:18,0,5.4,82.6,5.8,1.7,100,5.4
2025-12-07T22:23:56,0,5.3,83,5.8,1.5,100,5.4
2025-12-08T00:23:38,0,5.2,82.8,5.7,1.3,100,5.3
2025-12-08T02:24:32,0,5.1,83.5,5.7,1.5,100,5.4
2025-12-08T04:24:18,0,5.1,84.5,5.8,1.9,100,5.5
2025-12-08T06:23:37,0,5.1,85.3,5.8,2.5,100,5.8
2025-12-08T08:23:58,0,5.2,86.8,6,2.9,100,5.9
2025-12-08T10:23:33,0,5.4,87.1,6.1,2.9,100,5.9
2025-12-08T12:22:47,0,5.8,86.9,6.2,2.9,100,5.9
2025-12-08T14:23:10,0,6,86,6.2,2.7,100,5.8
2025-12-08T16:22:58,0,6.1,85.4,6.2,2.8,100,5.9
2025-12-08T18:22:29,0,6.1,85.6,6.3,3.1,100,6
2025-12-08T20:22:28,0,6,86,6.2,3.2,100,6
2025-12-08T22:23:08,0,6,86,6.2,2.9,100,5.9
2025-12-09T00:23:36,0,6,86.6,6.3,3.8,100,6.3
2025-12-09T02:22:43,0,6.2,88.5,6.5,4.5,100,6.6
2025-12-09T04:22:09,0,6.6,90,6.8,5.7,100,7.1
2025-12-09T06:22:33,0,7.2,91.5,7.2,6.2,100,7.4
2025-12-09T08:21:55,0,7.8,90.8,7.4,5.9,100,7.2
2025-12-09T10:21:31,0,8.3,89.8,7.6,6,100,7.3
2025-12-09T12:21:44,0,8.6,88.7,7.6,5.5,100,7
2025-12-09T14:22:22,0,8.6,84.1,7.2,3.9,100,6.3
2025-12-09T16:22:44,0,8.1,79.6,6.6,,,
2025-12-09T18:23:03,0,7.2,77.9,6.1,2.3,100,5.7
2025-12-09T20:23:28,0,6.4,79.7,5.9,2.1,100,5.6
2025-12-09T22:23:37,0,5.9,79.4,5.7,1.3,100,5.3
2025-12-10T00:24:09,0,5.4,78.3,5.5,0.7,100,5.1
2025-12-10T02:23:38,0,5.1,78.2,5.3,0,100,4.8
2025-12-10T04:23:34,0,4.4,76.4,5,-0.4,100,4.7
2025-12-10T06:24:13,0,3.7,77.5,4.8,-0.9,100,4.6
2025-12-10T08:23:26,0,3.4,78.5,4.8,-0.6,100,4.7
2025-12-10T10:23:35,0,3.3,80.5,4.9,-0.3,100,4.8
2025-12-10T12:24:08,0,3.3,82.1,5,-0.1,100,4.8
2025-12-10T14:23:34,0,3.5,83.5,5.1,2.3,100,5.7
2025-12-10T16:24:18,0,3.8,88,5.5,4.3,100,6.5
2025-12-10T18:24:48,0,5.1,91,6.2,6.2,100,7.4
2025-12-10T20:24:48,0,6.1,93.4,6.8,6.9,100,7.7
2025-12-10T22:25:03,0,7.3,92.2,7.3,6.4,100,7.5
2025-12-11T00:25:34,0,8,89.7,7.4,6.1,100,7.3
2025-12-11T02:25:02,0,8.3,87.6,7.4,5.8,100,7.2
2025-12-11T04:25:54,0,8.2,86,7.2,5.4,100,7
2025-12-11T06:25:17,0,8,85,7,5.1,100,6.8
2025-12-11T08:24:35,0,7.9,84.7,7,5,100,6.8
2025-12-11T10:24:43,0,7.8,85,6.9,5.2,100,6.9
2025-12-11T12:23:53,0,8,85.4,7.1,5.2,100,6.9
2025-12-11T14:23:19,0,8,83.7,6.9,4.7,100,6.7
2025-12-11T16:22:47,0,7.8,82.3,6.7,4.1,100,6.4
2025-12-11T18:23:29,0,7.4,79.8,6.3,2.8,100,5.9
2025-12-11T20:23:49,0,6.9,77.5,6,1.2,100,5.3
2025-12-11T22:24:30,0,6,73.5,5.3,-0.1,100,4.8
2025-12-12T00:23:54,0,5.1,73,5,-0.7,100,4.6
2025-12-12T02:23:07,0,4,72.8,4.6,-1.1,100,4.5
2025-12-12T04:22:20,0,3.3,74,4.5,-1.4,100,4.4
2025-12-12T06:21:40,0,3,73.4,4.4,-1.9,100,4.3
2025-12-12T08:21:16,0,2.8,70.2,4.1,-3.3,99.9,3.8
2025-12-12T10:21:18,0,2.8,68.9,4,-4,97,3.6
2025-12-12T12:21:58,0,2.9,67,4,-4.2,95.9,3.5
2025-12-12T14:21:22,0,2.8,63,3.7,-5.2,100,3.4
2025-12-12T16:20:46,0,2.5,60.5,3.5,-6.3,100,3.1
2025-12-12T18:20:23,0,2.3,58.4,3.3,-6.8,100,3
2025-12-12T20:20:12,0,2,57.9,3.2,-7,100,3
2025-12-12T22:19:29,0,0.6,64.9,3.3,-7,100,3
2025-12-13T00:19:57,0,0.4,64.6,3.2,-7.2,100,2.9
2025-12-13T02:20:35,0,-0.7,67.2,3.1,-7.9,100,2.8
2025-12-13T04:21:22,0,-0.7,66,3,-7.4,100,2.9
2025-12-13T06:20:43,0,-1.3,67.5,3,-7.5,100,2.8
2025-12-13T08:20:28,0,-1.9,67.4,2.9,-7.3,100,2.9
2025-12-13T10:20:01,0,-1.5,63.2,2.8,-6,100,3.2
2025-12-13T12:19:52,0,-1.9,71.1,3,-4.5,100,3.5
2025-12-13T14:19:49,0,-1.4,71.8,3.2,-4.3,100,3.6
2025-12-13T16:19:36,0,-1.6,71.7,3.1,-4.4,100,3.6
2025-12-13T18:19:31,0,-1.8,73.3,3.1,-2.4,89.7,3.7
2025-12-13T20:18:58,0,-1.4,73.4,3.2,-1.6,80.9,3.5
2025-12-13T22:19:37,0,-0.9,72.2,3.3,-1.3,79.8,3.5
2025-12-14T00:20:19,0,-0.5,72,3.4,-1.3,79.6,3.5
2025-12-14T02:20:28,0,-0.2,72.8,3.5,-2.4,93.8,3.8
2025-12-14T04:19:37,0,-0.5,74.2,3.5,-1.7,90.1,3.9
2025-12-14T06:18:56,0,-0.2,75.1,3.6,-1.7,92.7,4
2025-12-14T08:19:54,0,0,74.5,3.6,-1.9,94.8,4
2025-12-14T10:20:33,0,0.1,75,3.7,-1.8,96.5,4.1
2025-12-14T12:21:17,0,0.5,76.2,3.8,-1.3,100,4.4
2025-12-14T14:21:45,0,0.8,76.3,3.9,-0.6,100,4.7
2025-12-14T16:22:09,0,1.1,77.5,4.1,-0.1,100,4.8
2025-12-14T18:22:19,0,1.4,78.9,4.2,0,100,4.8
2025-12-14T20:22:39,0,1.5,79.9,4.3,1.3,100,5.3
2025-12-14T22:21:53,0,1.6,81.7,4.4,1.4,100,5.3
2025-12-15T00:21:05,0,1.7,83.7,4.6,1.2,100,5.3
2025-12-15T02:21:29,0,1.9,84.8,4.7,1.6,100,5.4
2025-12-15T04:21:52,0,1.9,85.9,4.7,2,100,5.6
2025-12-15T06:22:28,0,2,86.6,4.8,2,100,5.6
2025-12-15T08:22:55,0,2.2,87,4.9,2.8,100,5.9
2025-12-15T10:23:25,0,2,87.9,4.9,4.3,100,6.5
2025-12-15T12:22:59,0,2,88.3,4.9,5.5,100,7
2025-12-15T14:22:47,0,2.1,88.8,5,5.8,100,7.2
2025-12-15T16:22:14,0,2.1,90.7,5.1,5.5,100,7
2025-12-15T18:22:54,0,2.2,91.8,5.2,5.2,100,6.9
2025-12-15T20:22:50,0,2.2,92,5.2,5.1,100,6.8
2025-12-15T22:23:06,0,2.2,92.4,5.2,5.3,100,6.9
2025-12-16T00:22:46,0,2.2,92.6,5.2,5.5,100,7
2025-12-16T02:22:59,0,2.2,92.7,5.2,5.6,100,7.1
2025-12-16T04:23:41,0,2.3,92.7,5.3,5.7,100,7.1
2025-12-16T06:24:23,0,2.3,93.2,5.3,5.8,100,7.2
2025-12-16T08:23:44,0,2.4,93.2,5.3,5.9,100,7.2
2025-12-16T10:23:42,0,2.7,94,5.5,6,100,7.3
2025-12-16T12:23:46,0,3.1,93.5,5.6,5.9,100,7.2
2025-12-16T14:23:32,0,3.6,92.6,5.7,5.6,100,7.1
2025-12-16T16:23:12,0,4.1,92,5.9,5.4,100,7
2025-12-16T18:24:00,0,5,90.2,6.1,4.8,100,6.7
2025-12-16T20:24:23,0,5.5,87,6.1,4.6,100,6.6
2025-12-16T22:24:06,0,5.8,86.5,6.2,4.7,100,6.7
2025-12-17T00:24:43,0,6,86.4,6.3,4.9,100,6.8
2025-12-17T02:24:50,0,6.3,86.3,6.4,4.7,100,6.7
2025-12-17T04:24:02,0,6.5,85.8,6.4,4.6,100,6.6
2025-12-17T06:23:50,0,6.6,85.5,6.5,4.7,100,6.7
2025-12-17T08:23:37,0,6.8,86.7,6.6,5.5,100,7
2025-12-17T10:24:18,0,7.1,88.8,6.9,5.6,100,7.1
2025-12-17T12:23:42,0,7.6,88.8,7.2,5.3,100,6.9
2025-12-17T14:23:27,0,7.9,87.9,7.2,5.1,100,6.8
2025-12-17T16:23:59,0,8,87.5,7.2,5.4,100,7
2025-12-17T18:24:02,0,8.1,88.7,7.4,6.1,100,7.3
2025-12-17T20:24:48,0,8.2,87.9,7.4,5.3,100,6.9
2025-12-17T22:24:24,0,7.8,84,6.9,4,100,6.4
2025-12-18T00:23:46,0,7,83.4,6.5,3.3,100,6.1
2025-12-18T02:23:45,0,6.3,83.2,6.2,2.7,100,5.8
2025-12-18T04:23:16,0,5.7,83.6,5.9,1.9,100,5.5
2025-12-18T06:23:01,0,5.1,82.1,5.6,1,100,5.2
2025-12-18T08:23:27,0,4.6,85.1,5.6,1.9,100,5.5
2025-12-18T10:23:21,0,5.1,87.8,6,3.5,100,6.2
2025-12-18T12:23:50,0,5.5,89.3,6.3,4.5,100,6.6
2025-12-18T14:24:05,0,6.1,88.8,6.5,4.5,100,6.6
2025-12-18T16:24:38,0,6.5,87.9,6.6,3.8,100,6.3
2025-12-18T18:24:14,0,6.8,89,6.8,5.4,100,7
2025-12-18T20:23:34,0,7.2,90.3,7.1,5.1,100,6.8
2025-12-18T22:23:03,0,7.7,88.7,7.2,5,100,6.8
2025-12-19T00:22:30,0,7.9,87.8,7.2,5.5,100,7
2025-12-19T02:22:49,0,7.9,87.9,7.2,5.4,100,7
2025-12-19T04:22:51,0,8,88.5,7.3,5.4,100,7
2025-12-19T06:23:35,0,8.1,88.6,7.4,5.4,100,7
2025-12-19T08:22:55,0,8.2,88.5,7.4,5.5,100,7
2025-12-19T10:22:29,0,8.2,88,7.4,5.3,100,6.9
2025-12-19T12:22:50,0,8.2,87.1,7.3,5.2,100,6.9
2025-12-19T14:22:55,0,7.9,86.7,7.1,4.5,100,6.6
2025-12-19T16:22:45,0,7.7,86.8,7,4.4,100,6.5
2025-12-19T18:23:29,0,7.6,88.2,7.1,5.3,100,6.9
2025-12-19T20:23:31,0,7.8,89.8,7.3,5.9,100,7.2
2025-12-19T22:23:27,0,8.2,90.7,7.6,6.4,100,7.5
2025-12-20T00:23:45,0,8.6,90.7,7.8,6.6,100,7.5
2025-12-20T02:23:07,0,8.9,90.3,7.9,6.6,100,7.5
2025-12-20T04:22:33,0,9,88.9,7.8,6.2,100,7.4
2025-12-20T06:23:06,0,8.7,86.7,7.5,5.4,100,7
2025-12-20T08:23:51,0,8.3,87,7.3,5.5,100,7
2025-12-20T10:24:15,0,8,87.6,7.2,5.6,100,7.1
2025-12-20T12:23:33,0,8.1,88.4,7.4,5.8,100,7.2
2025-12-20T14:23:07,0,8,87.8,7.3,5.3,100,6.9
2025-12-20T16:23:32,0,8,87.3,7.2,5.3,100,6.9
2025-12-20T18:23:32,0,7.9,86.8,7.1,5,100,6.8
2025-12-20T20:23:55,0,7.7,86.4,7,4.9,100,6.8
2025-12-20T22:23:31,0,7.4,85.8,6.8,4.3,100,6.5
2025-12-21T00:22:56,0,7.1,86,6.7,4.4,100,6.5
2025-12-21T02:23:29,0,6.9,86,6.6,4.1,100,6.4
2025-12-21T04:24:14,0,6.8,85.8,6.6,3.9,100,6.3
2025-12-21T06:25:05,0,6.6,84.8,6.4,3.3,100,6.1
2025-12-21T08:25:12,0,6.3,83,6.1,2.6,100,5.8
2025-12-21T10:24:34,0,5.9,82.1,5.9,2.4,100,5.7
2025-12-21T12:24:25,0,5.6,82,5.8,2.3,100,5.7
2025-12-21T14:24:30,0,5.3,81.5,5.6,2.3,99.8,5.7
2025-12-21T16:24:28,0,4.9,79.9,5.4,1.2,100,5.3
2025-12-21T18:23:58,0,3.9,78.8,5,0,100,4.8
2025-12-21T20:23:47,0,3.3,80.3,4.9,0.7,100,5.1
2025-12-21T22:24:15,0,2.9,82.9,4.9,0.9,100,5.2
2025-12-22T00:24:22,0,2.9,84.4,5,0.9,100,5.2
2025-12-22T02:24:20,0,3.1,84.7,5.1,1,100,5.2
2025-12-22T04:25:00,0,3.4,83.7,5.1,0.5,100,5
2025-12-22T06:25:43,0,3.4,82,5,0.2,100,4.9
2025-12-22T08:26:21,0,3.3,81.6,5,0.1,100,4.9
2025-12-22T10:26:30,0,3.2,82.8,5,0.5,100,5
2025-12-22T12:27:16,0,3.4,82.8,5.1,-0.6,100,4.7
2025-12-22T14:27:18,0,3.6,76.1,4.7,-3.3,98.9,3.8
2025-12-22T16:27:21,0,3.5,68,4.2,-5.3,91.7,3.1
2025-12-22T18:27:17,0,3.3,60.8,3.7,-6.8,92.7,2.8
2025-12-22T20:27:40,0,2.9,58,3.4,-8,94.8,2.6
2025-12-22T22:28:26,0,1.2,62.8,3.3,-8,95.2,2.6
2025-12-23T00:29:15,0,1.1,62.9,3.3,-7.1,93,2.7
2025-12-23T02:29:38,0,1,64,3.3,-6.9,92.7,2.8
2025-12-23T04:30:25,0,2.1,55.7,3.1,-6.5,91.5,2.8
2025-12-23T06:30:36,0,1.7,54.5,3,-7.5,94.2,2.7
2025-12-23T08:30:49,0,-0.3,58.8,2.8,-8.6,96.3,2.5
2025-12-23T10:30:56,0,-0.6,58.1,2.7,-7.3,94.1,2.7
2025-12-23T12:30:13,0,-0.7,62.8,2.9,-6.1,92.7,2.9
2025-12-23T14:29:44,0,-0.8,63,2.9,-6.5,94.3,2.9
2025-12-23T16:29:32,0,-1.6,64.1,2.8,-7.8,97.1,2.7
2025-12-23T18:30:22,0,-2.3,59.8,2.5,-7.2,97.5,2.8
2025-12-23T20:29:36,0,-2.6,59.4,2.4,-6.1,95.9,3
2025-12-23T22:29:50,0,-2.5,68.6,2.8,-5.3,95.2,3.2
2025-12-24T00:29:53,0,-2.2,71.3,3,-4.2,96.3,3.5
2025-12-24T02:29:35,0,-1.5,73.8,3.2,-2.8,98.9,3.9
2025-12-24T04:30:06,0,-0.9,77.1,3.5,-2.2,100,4.2
2025-12-24T06:29:49,0,-0.5,78.2,3.7,-1.9,100,4.3
2025-12-24T08:29:09,0,-0.4,79.3,3.7,-1.8,100,4.3
2025-12-24T10:29:30,0,-0.1,80.7,3.9,-1.6,99.8,4.3
2025-12-24T12:29:12,0,0.2,81.4,4,-1.8,100,4.3
2025-12-24T14:28:33,0,0.6,80.4,4.1,-1.8,100,4.3
2025-12-24T16:28:42,0,0.8,79.9,4.1,-1.6,100,4.3
2025-12-24T18:28:11,0,1,80.1,4.2,-1.3,100,4.4
2025-12-24T20:27:22,0,1.2,81.2,4.3,-0.4,100,4.7
2025-12-24T22:27:16,0,1.4,83.1,4.4,-0.1,100,4.8
2025-12-25T00:28:04,0,1.9,84.3,4.7,0.6,100,5.1
2025-12-25T04:26:43,0,2.2,87,4.9,2,100,5.6
2025-12-25T06:26:58,0,2.2,88,5,2.6,100,5.8
2025-12-25T08:27:11,0,2.2,89.7,5.1,3.2,100,6
2025-12-25T10:27:00,0,2.3,91.3,5.2,4.2,99,6.4
2025-12-25T12:26:51,0,2.4,91.8,5.2,5,96.2,6.5
2025-12-25T14:26:49,0,2.5,92.2,5.3,5.1,92.3,6.3
2025-12-25T16:27:07,0,2.5,92.1,5.3,5.1,95.1,6.5
2025-12-25T18:26:45,0,2.3,93.1,5.3,4.9,97.4,6.6
2025-12-25T20:27:22,0,2.2,92.9,5.2,4.8,97.8,6.6
2025-12-25T22:27:12,0,2.2,93,5.2,3.7,98.5,6.1
2025-12-26T00:27:24,0,2.3,92.2,5.2,2.7,97.5,5.7
2025-12-26T02:26:48,0,2.6,90.2,5.2,2.1,97.3,5.4
2025-12-26T04:26:56,0,2.8,88.3,5.2,1.3,97.9,5.2
2025-12-26T06:26:02,0,2.9,87,5.1,0.8,100,5.1
2025-12-26T08:26:57,0,3,86.6,5.2,0.7,100,5.1
2025-12-26T10:25:55,0,3,88.2,5.2,2,100,5.6
2025-12-26T12:26:02,0,2.8,90.3,5.3,2.9,100,5.9
2025-12-26T14:26:33,0,2.7,90.4,5.3,1.7,100,5.4
2025-12-26T16:27:02,0,2.9,88.6,5.2,1.1,100,5.2
2025-12-26T18:27:03,0,3,87.7,5.2,1.2,100,5.3
2025-12-26T20:27:18,0,3,88.6,5.3,1.6,100,5.4
2025-12-26T22:27:45,0,3,88.9,5.3,1.2,100,5.3
2025-12-27T00:27:22,0,3.1,88,5.3,0.5,100,5
2025-12-27T02:28:11,0,3.3,86.5,5.2,0,100,4.8
2025-12-27T04:28:10,0,3.4,86,5.3,0.2,100,4.9
2025-12-27T06:28:11,0,3.3,86.9,5.3,1.3,100,5.3
2025-12-27T08:28:28,0,3.1,89.1,5.3,2.3,100,5.7
2025-12-27T10:29:15,0,2.9,89.1,5.3,2.2,96.3,5.4
2025-12-27T12:30:05,0,3,86.3,5.1,1.6,85,4.6
2025-12-27T14:29:50,0,3.4,82.4,5,1.2,91.1,4.8
2025-12-27T16:29:07,0,3.1,85,5.1,0.5,100,5
2025-12-27T18:29:54,0,2.9,86.3,5.1,0.8,99.3,5.1
2025-12-27T20:30:06,0,2.8,86.6,5.1,0.6,100,5.1
2025-12-27T22:30:24,0,2.8,85.3,5,0.2,96,4.7
2025-12-28T00:30:11,0,2.8,82.2,4.8,0,88.9,4.3
2025-12-28T02:29:46,0,2.9,76.5,4.5,0,81.3,3.9
2025-12-28T04:30:27,0,2.9,67.5,4,-1.2,73.2,3.3
2025-12-28T06:29:59,0,2.9,58.3,3.4,-2.1,69.8,2.9
2025-12-28T08:30:03,0,2.7,53.6,3.1,-2.5,68,2.8
2025-12-28T10:29:40,0,2.6,54.5,3.2,-2.3,72.3,3
2025-12-28T12:30:15,0,2.4,57.1,3.3,-2.5,77.5,3.2
2025-12-28T14:29:29,0,2.1,58.5,3.3,-3.8,82.6,3.1
2025-12-28T16:29:17,0,1.8,59,3.2,-3.2,83.7,3.2
2025-12-28T18:29:47,0,1.3,61.7,3.3,-3,90.4,3.6
2025-12-28T20:30:40,0,0.7,64.8,3.3,-1.9,93.6,4
2025-12-28T22:30:07,0,0.7,68.8,3.5,-0.9,97.5,4.4
2025-12-29T00:30:59,0,0.9,72.3,3.7,-0.3,99.6,4.7
2025-12-29T02:31:06,0,1.1,75.2,3.9,-0.1,99.9,4.8
2025-12-29T04:30:34,0,1,77.8,4,-0.9,94.9,4.3
2025-12-29T06:29:53,0,0.9,75,3.9,-2.3,95.6,4
2025-12-29T08:29:53,0,0.3,73.8,3.7,-2.6,94,3.8
2025-12-29T10:29:35,0,0.2,76.6,3.8,-2.5,99.6,4.1
2025-12-29T12:29:32,0,0.2,77.5,3.8,-3,97.8,3.8
2025-12-29T14:29:39,0,0.4,70,3.5,-3.8,88.5,3.3
2025-12-29T16:29:34,0,0.1,68.5,3.3,-4.4,92.1,3.3
2025-12-29T18:29:30,0,-0.4,69.7,3.3,-4.3,88,3.2
2025-12-29T20:29:28,0,-0.7,68.5,3.2,-4.7,93.1,3.2
2025-12-29T22:29:54,0,-1.4,68.8,3,-5.2,92.1,3.1
2025-12-30T00:29:33,0,-1.8,69.7,3,-5.3,95.5,3.2
2025-12-30T02:29:27,0,-2,71,3,-5.4,100,3.3
2025-12-30T04:29:00,0,-2.1,72.1,3,-5.7,97.3,3.2
2025-12-30T06:28:32,0,-2.3,73.2,3,-5.4,100,3.3
2025-12-30T08:28:13,0,-2.1,74.7,3.1,-4.7,100,3.5
2025-12-30T10:27:43,0,-1.8,76.8,3.3,-4.1,100,3.6
2025-12-30T12:26:54,0,-1.3,77.7,3.4,-4.2,98.4,3.6
2025-12-30T14:26:22,0,-1.2,76.8,3.4,-4.8,95.4,3.3
2025-12-30T16:26:20,0,-1.3,72,3.2,-6.8,91.8,2.7
2025-12-30T18:25:31,0,-2.5,66.8,2.7,-8.2,87.9,2.4
2025-12-30T20:26:05,0,-4.5,68.2,2.4,-9.5,87.8,2.2
2025-12-30T22:26:49,0,-5.9,67.2,2.1,-10.4,89.3,2
2025-12-31T00:26:27,0,-7.2,68.1,2,-11,90.6,2
2025-12-31T02:26:09,0,-8.2,67.2,1.8,-11.2,91.6,2
2025-12-31T04:25:45,0,-9,66.5,1.7,-12.2,93.2,1.9
2025-12-31T06:25:42,0,-9.9,65.3,1.6,-12.6,95.4,1.8
2025-12-31T08:26:35,0,-10.6,65.1,1.5,-12,95.3,1.9
2025-12-31T10:25:54,0,-10.7,68.1,1.5,-10.4,94,2.2
2025-12-31T12:25:32,0,-10.5,70.7,1.6,-9.8,93.8,2.2
2025-12-31T14:25:23,0,-10.8,70.5,1.6,-11.8,97.8,2
2025-12-31T16:24:56,0,-11.2,69.1,1.5,-12.9,99.1,1.9
2025-12-31T18:24:16,0,-11.9,68.5,1.4,-13.6,99.4,1.8
2025-12-31T20:24:02,0,-15.2,75.4,1.2,-15.6,100,1.5
2025-12-31T22:23:33,0,-17.4,77.3,1,-16.4,99.9,1.4
2026-01-01T00:23:05,0,-17.8,80.7,1,-17,99.8,1.4
2026-01-01T02:23:14,0,-20.2,80.4,0.9,-18.1,99.8,1.3
2026-01-01T04:23:49,0,-21,82.9,0.8,-18.7,99.1,1.2
2026-01-01T06:23:54,0,-21.1,85.9,0.8,-18.4,98.4,1.2
2026-01-01T08:24:42,0,-20.6,85.9,0.9,-17.2,98,1.3
2026-01-01T12:25:23,0,-16.7,71.9,1,-11.1,97,2.1
2026-01-01T14:25:42,0,-15.2,75.2,1.2,-11.7,100,2.1
2026-01-01T16:25:48,0,-13.9,75.3,1.3,-12.4,100,2
2026-01-01T18:26:28,0,-13.5,75.4,1.4,-11.7,98.3,2
2026-01-01T20:26:05,0,-12.1,79.1,1.6,-9.8,99.4,2.4
2026-01-01T22:26:51,0,-10.3,83,1.9,-8.1,100,2.7
2026-01-02T00:27:11,0,-8.1,89.2,2.4,-5.7,100,3.2
2026-01-02T02:26:41,0,-5.5,83.6,2.8,-5.5,100,3.3
2026-01-02T04:26:50,0,-4.1,81.9,3,-5.8,100,3.2
2026-01-02T06:26:23,0,-3.4,81.1,3.1,-5.5,98.4,3.2
2026-01-02T08:25:54,0,-2.9,80.6,3.2,-5.4,97.6,3.2
2026-01-02T10:26:47,0,-2.7,80.3,3.2,-7.7,100,2.8
2026-01-02T12:26:54,0,-3.8,84.3,3.1,-8,99.8,2.7
2026-01-02T14:27:26,0,-4.1,84.5,3.1,-8.1,100,2.7
2026-01-02T16:28:15,0,-4.2,83.4,3,-8,100,2.7
2026-01-02T18:27:45,0,-4.4,83.7,3,-7.5,100,2.8
2026-01-02T20:27:57,0,-4.1,84.1,3.1,-6.8,100,3
2026-01-02T22:28:37,0,-3.2,80.2,3.1,-6.9,100,3
2026-01-03T00:28:06,0,-2.9,78.8,3.1,-7.2,100,2.9
2026-01-03T02:27:26,0,-3.7,80.2,3,-8.2,100,2.7
2026-01-03T04:27:32,0,-3.8,78.9,2.9,-8.8,100,2.6
2026-01-03T06:27:07,0,-4.1,76.6,2.8,-9.1,100,2.5
2026-01-03T08:26:53,0,-4.3,74.8,2.7,-8.9,100,2.6
2026-01-03T10:26:11,0,-4.4,73.8,2.6,-8.2,100,2.7
2026-01-03T12:25:58,0,-4.3,73,2.6,-7.9,99.6,2.8
2026-01-03T14:25:24,0,-4.3,73.5,2.6,-8.6,99.4,2.6
2026-01-03T16:24:49,0,-4.3,72.8,2.6,-9.4,98.2,2.4
2026-01-03T18:24:56,0,-4.5,73.6,2.6,-10.1,98.2,2.3
2026-01-03T20:25:42,0,-4.9,72.6,2.5,-10.3,97.5,2.3
2026-01-03T22:25:55,0,-5.1,71.7,2.4,-10.8,97.3,2.2
2026-01-04T00:25:33,0,-5.5,71.4,2.3,-11.1,97.5,2.1
2026-01-04T02:24:54,0,-5.8,70.8,2.3,-11.3,97.4,2.1
2026-01-04T04:24:00,0,-6,71.4,2.3,-11.8,97.3,2
2026-01-04T06:24:10,0,-6.3,71.3,2.2,-12.7,96.9,1.9
2026-01-04T08:23:41,0,-6.6,70.1,2.1,-13,96.6,1.8
2026-01-04T10:23:31,0,-6.9,70.5,2.1,-13.4,95.8,1.7
2026-01-04T12:23:53,0,-7.1,69.8,2,-14,96.2,1.7
2026-01-04T14:23:23,0,-7.3,68.1,2,-14.4,96.2,1.6
2026-01-04T16:23:53,0,-7.8,67.3,1.9,-14.3,97.8,1.7
2026-01-04T18:23:03,0,-8,66.7,1.8,-15.2,96.2,1.5
2026-01-04T20:23:05,0,-8.3,66.5,1.8,-15.9,96.1,1.4
2026-01-04T22:22:12,0,-9,66.5,1.7,-16.7,96.6,1.4
2026-01-05T00:22:36,0,-9.7,67,1.6,-17.6,97.6,1.3
2026-01-05T02:23:27,0,-10.6,67.1,1.5,-18.6,98.1,1.2
2026-01-05T04:23:42,0,-11.6,69.5,1.5,-19.3,98.1,1.1
2026-01-05T06:23:08,0,-13,71.4,1.3,-19.9,98.2,1.1
2026-01-05T08:23:09,0,-14.8,79.5,1.3,-19.7,97.1,1.1
2026-01-05T10:22:25,0,-14.2,74.4,1.3,-17.4,97.9,1.3
2026-01-05T12:21:57,0,-14.9,73,1.2,-15.6,98.5,1.5
2026-01-05T14:21:28,0,-17.7,78.8,1,-16.7,100,1.4
2026-01-05T16:22:20,0,-19.2,82.1,0.9,-17.5,99.9,1.3
2026-01-05T18:22:12,0,-20,84,0.9,-18,99.5,1.3
2026-01-05T20:22:15,0,-20.7,84,0.9,-18.1,99.3,1.2
2026-01-05T22:22:04,0,-21.2,83.6,0.8,-18.6,99.4,1.2
2026-01-06T00:21:24,0,-21.8,86.6,0.8,-19.3,99.1,1.1
2026-01-06T02:21:42,0,-21.3,85.2,0.8,-19.3,98.8,1.1
2026-01-06T04:22:24,0,-21.1,86.2,0.8,-19.3,98.4,1.1
2026-01-06T06:22:26,0,-20.1,82.3,0.9,-16.8,97.1,1.4
2026-01-06T08:22:27,0,-18.7,74.1,0.9,-12.2,95.8,1.9
2026-01-06T10:21:52,0,-17.3,70.5,0.9,-9.5,98.6,2.4
2026-01-06T12:21:11,0,-15.3,70.2,1.1,-6.9,99,2.9
2026-01-06T14:20:33,0,-12.7,81,1.6,-4.1,100,3.6
2026-01-06T16:21:23,0,-10,85.2,2,-3.6,100,3.8
2026-01-06T18:22:03,0,-7.9,85.4,2.4,-4,100,3.7
2026-01-06T20:22:29,0,-6.4,83.8,2.6,-4.3,100,3.6
2026-01-06T22:21:47,0,-5.2,82.8,2.8,-4.6,100,3.5
2026-01-07T00:21:06,0,-4.4,81.8,2.9,-4.2,100,3.6
2026-01-07T02:20:57,0,-3.9,81.6,3,-3.9,100,3.7
2026-01-07T04:21:29,0,-3.4,81.2,3.1,-5.3,100,3.3
2026-01-07T06:21:30,0,-3.1,80.6,3.1,-6.3,100,3.1
2026-01-07T08:21:49,0,-2.9,80.3,3.2,-7.8,100,2.8
2026-01-07T10:22:13,0,-3.3,81.4,3.1,-7.3,100,2.9
2026-01-07T12:21:48,0,-3.4,82.7,3.2,-8.1,100,2.7
2026-01-07T14:21:52,0,-3.8,84.6,3.1,-9.8,100,2.4
2026-01-07T16:22:07,0,-3.7,82.9,3.1,-10.8,100,2.2
2026-01-07T18:21:30,0,-4.2,83.7,3,-11.4,100,2.1
2026-01-07T20:22:10,0,-4.6,84.1,3,-13,100,1.9
2026-01-07T22:21:34,0,-4.8,84,2.9,-13.2,100,1.9
2026-01-08T00:21:12,0,-5.4,85.3,2.8,-14.1,100,1.7
2026-01-08T02:21:39,0,-6.6,89.9,2.7,-15.4,100,1.6
2026-01-08T04:22:26,0,-6.4,87.7,2.7,-16.2,100,1.5
2026-01-08T06:22:06,0,-6.7,86.5,2.6,-15.5,100,1.5
2026-01-08T08:22:08,0,-7.3,87.6,2.5,-15.1,100,1.6
2026-01-08T10:23:01,0,-7.1,86,2.5,-14.8,100,1.6
2026-01-08T12:23:53,0,-7.5,85.9,2.4,-14.5,100,1.7
2026-01-08T14:23:03,0,-9.8,83,2,-15.5,100,1.5
2026-01-08T16:22:37,0,-9.3,89.6,2.2,-16.8,100,1.4
2026-01-08T18:23:19,0,-8.9,88.3,2.3,-17.9,100,1.3
2026-01-08T20:22:30,0,-9.2,87.8,2.2,-18.6,100,1.2
2026-01-08T22:22:14,0,-9.3,85.8,2.1,-17.9,99.3,1.3
2026-01-09T00:21:45,0,-9.4,85.5,2.1,-16.5,99.9,1.4
2026-01-09T02:21:54,0,-9.4,85.4,2.1,-14.2,99.6,1.7
2026-01-09T04:21:13,0,-9.4,85.8,2.1,-14.1,100,1.7
2026-01-09T06:22:03,0,-9.1,85.9,2.2,-15.2,100,1.6
2026-01-09T08:22:46,0,-9.1,86.2,2.2,-15.1,99.9,1.6
2026-01-09T10:22:05,0,-8.9,85.5,2.2,-14.6,98.7,1.6
2026-01-09T12:22:10,0,-8.8,85.6,2.2,-14.9,97.5,1.6
2026-01-09T14:22:53,0,-8.7,85.3,2.2,-15,96.1,1.5
2026-01-09T16:22:51,0,-8.6,84.6,2.2,-15.1,94.1,1.5
2026-01-09T18:23:19,0,-8.6,84,2.2,-15,92.1,1.5
2026-01-09T20:23:20,0,-8.5,82.2,2.2,-15.2,91.7,1.5
2026-01-09T22:23:00,0,-8.5,81.9,2.2,-14.9,92.3,1.5
2026-01-10T00:23:12,0,-8.4,78.9,2.1,-14.8,96.1,1.6
2026-01-10T02:23:28,0,-8.4,76.8,2,-14.7,98,1.6
2026-01-10T04:24:18,0,-8.3,76.3,2,-13.4,97.1,1.8
2026-01-10T06:25:02,0,-8.1,74.6,2,-11.8,95.5,2
2026-01-10T08:24:44,0,-7.9,73,2,-11.1,94.5,2.1
2026-01-10T12:25:51,0,-7.2,72.2,2.1,-9.8,99.2,2.4
2026-01-10T14:25:42,0,-6.8,71.5,2.1,-9.4,98.3,2.4
2026-01-10T16:25:39,0,-6.5,72,2.2,-9.5,97.4,2.4
2026-01-10T18:25:31,0,-6.2,72.5,2.3,-9.1,96.9,2.4
2026-01-10T20:24:44,0,-6,72.7,2.3,-8.8,100,2.6
2026-01-10T22:24:53,0,-5.7,72.9,2.4,-8.3,100,2.7
2026-01-11T00:25:10,0,-5.5,73.6,2.4,-8.1,100,2.7
2026-01-11T02:25:34,0,-5.2,74,2.5,-8,100,2.7
2026-01-11T04:26:19,0,-5,74.3,2.5,-7.9,100,2.8
2026-01-11T06:26:53,0,-5,75.1,2.6,-7.8,100,2.8
2026-01-11T08:27:31,0,-4.8,75.6,2.6,-7.4,100,2.9
2026-01-11T10:27:26,0,-4.6,76,2.7,-7.3,100,2.9
2026-01-11T12:27:25,0,-4.4,76.8,2.7,-7,99.4,2.9
2026-01-11T14:27:08,0,-4.3,77.1,2.8,-7.2,100,2.9
2026-01-11T16:27:39,0,-4.2,77.5,2.8,-7.4,100,2.9
2026-01-11T18:28:20,0,-4.2,77.7,2.8,-7.5,100,2.8
2026-01-11T20:28:33,0,-4.2,77.8,2.8,-7.5,100,2.8
2026-01-11T22:29:16,0,-4.3,78.1,2.8,-7.8,100,2.8
2026-01-12T00:29:06,0,-4.6,78.6,2.8,-8.1,100,2.7
2026-01-12T02:29:32,0,-4.8,79,2.7,-7.9,100,2.8
2026-01-12T04:29:23,0,-4.7,79.3,2.8,-7.4,100,2.9
2026-01-12T06:29:15,0,-4.5,79.2,2.8,-7.7,100,2.8
2026-01-12T08:29:17,0,-4.7,80.6,2.8,-8.5,100,2.6
2026-01-12T10:29:43,0,-4.8,80,2.8,-8.1,100,2.7
2026-01-12T12:29:06,0,-4.8,80.1,2.8,-7.1,100,2.9
2026-01-12T14:29:48,0,-4.8,81.3,2.8,-8.4,100,2.7
2026-01-12T16:29:48,0,-4.8,80.7,2.8,-7.9,100,2.8
2026-01-12T18:30:25,0,-4.8,81.2,2.8,-7.3,100,2.9
2026-01-12T20:30:56,0,-4.7,81.2,2.8,-6.8,100,3
2026-01-12T22:30:51,0,-3.4,77,2.9,-6.1,100,3.2
2026-01-13T00:30:02,0,-3,76.2,3,-5.8,100,3.2
2026-01-13T02:29:59,0,-2.7,75.9,3,-5.6,100,3.3
2026-01-13T04:29:34,0,-2.3,75.7,3.1,-5.5,100,3.3
2026-01-13T06:29:21,0,-2.1,75,3.1,-6.1,100,3.2
2026-01-13T08:28:58,0,-2.1,73.9,3.1,-6.5,100,3.1
2026-01-13T10:28:57,0,-2,73.4,3.1,-6.8,99.6,3
2026-01-13T12:29:04,0,-2,72.9,3.1,-7.1,99.6,2.9
2026-01-13T14:29:45,0,-3.2,76,2.9,-7.7,100,2.8
2026-01-13T16:29:12,0,-3.6,77,2.9,-7.8,100,2.8
2026-01-13T18:29:17,0,-3.7,77.2,2.9,-7.8,100,2.8
2026-01-13T20:29:25,0,-3.8,77.5,2.9,-7.4,100,2.9
2026-01-13T22:29:50,0,-4.5,79.3,2.8,-6.9,100,3
2026-01-14T00:29:26,0,-2.4,73.8,3,-6.5,100,3.1
2026-01-14T02:29:20,0,-2.3,73.3,3,-5.9,100,3.2
2026-01-14T04:29:09,0,-2.2,73.2,3,-6,100,3.2
2026-01-14T06:29:08,0,-2.2,73.1,3,-5.9,100,3.2
2026-01-14T08:28:51,0,-2.2,73.5,3.1,-6.2,100,3.1
2026-01-14T10:29:38,0,-2.1,73.7,3.1,-6.1,100,3.2
2026-01-14T12:29:58,0,-1.9,74,3.1,-5.5,100,3.3
2026-01-14T14:29:14,0,-1.7,74.3,3.2,-5.1,100,3.4
2026-01-14T16:29:46,0,-1.7,74.2,3.2,-4.8,100,3.5
2026-01-14T18:29:31,0,-1.9,73.7,3.1,-4.9,96.8,3.3
2026-01-14T20:29:39,0,-2.2,74.8,3.1,-5.7,96.7,3.1
2026-01-14T22:29:21,0,-2.3,74.8,3.1,-6.8,99.9,3
2026-01-15T00:28:32,0,-2.4,74.2,3,-7.2,99,2.9
2026-01-15T02:29:18,0,-4.1,79.2,2.9,-7.5,97,2.8
2026-01-15T04:29:16,0,-4.3,78.9,2.8,-7,97.3,2.9
2026-01-15T06:29:56,0,-4.1,77.8,2.8,-7.1,100,2.9
2026-01-15T08:30:24,0,-4.1,78.1,2.8,-7.2,100,2.9
2026-01-15T10:30:53,0,-3.8,77.3,2.9,-6.9,100,3
2026-01-15T12:30:40,0,-2.8,74.3,3,-6.4,100,3.1
2026-01-15T14:31:20,0,-2.5,74.7,3,-5.6,100,3.3
2026-01-15T16:30:50,0,-2.3,75,3.1,-4.9,100,3.4
2026-01-15T18:31:30,0,-2.1,75.6,3.2,-4.2,100,3.6
2026-01-15T20:31:02,0,-1.9,76.5,3.3,-3.5,100,3.8
2026-01-15T22:30:58,0,-1.6,77.1,3.3,-3,100,3.9
2026-01-16T00:31:41,0,-1.4,77.9,3.4,-2.7,100,4
2026-01-16T02:32:12,0,-1.1,78.4,3.5,-2.4,100,4.1
2026-01-16T04:32:06,0,-0.9,78.9,3.6,-2.2,100,4.2
2026-01-16T06:32:52,0,-0.7,79.5,3.7,-2.1,100,4.2
2026-01-16T08:33:04,0,-0.5,79.7,3.7,-2,100,4.2
2026-01-16T10:33:09,0,-0.2,80,3.8,-1.6,100,4.3
2026-01-16T12:33:49,0,0,80.3,3.9,-1.6,100,4.3
2026-01-16T14:33:35,0,0.1,80.6,3.9,-3.2,100,3.9
2026-01-16T16:33:00,0,0.6,79.1,4,-3.5,100,3.8
2026-01-16T18:32:12,0,0.9,77.8,4,-3.3,100,3.9
2026-01-16T20:31:26,0,0.9,76.9,4,-4.6,100,3.5
2026-01-16T22:31:02,0,1.1,75.1,3.9,-4.4,100,3.6
2026-01-17T02:32:15,0,1,72.6,3.8,-5.6,100,3.3
2026-01-17T04:32:30,0,1,71.4,3.7,-5.6,100,3.3
2026-01-17T06:31:41,0,0.8,71.2,3.6,-4.8,100,3.5
2026-01-17T08:32:09,0,0.7,71.7,3.6,-4,100,3.7
2026-01-17T10:31:45,0,0.6,72.8,3.7,-3.4,100,3.8
2026-01-17T12:32:05,0,0.6,73.4,3.7,-3,100,3.9
2026-01-17T14:32:20,0,0.7,74.3,3.8,-2.7,100,4
2026-01-17T16:31:46,0,0.8,75.6,3.9,-2.3,100,4.1
2026-01-17T18:31:55,0,1,76.8,4,-1.9,100,4.3
2026-01-17T20:32:38,0,1.2,78.1,4.1,-1.3,100,4.4
2026-01-17T22:32:46,0,1.3,79.8,4.2,-1,100,4.5
2026-01-18T00:32:12,0,1.5,80.7,4.3,-0.7,100,4.6
2026-01-18T02:32:52,0,1.5,81.6,4.4,-0.3,100,4.8
2026-01-18T04:32:42,0,1.6,82.5,4.5,-0.3,100,4.8
2026-01-18T06:32:16,0,1.8,82.8,4.5,-0.3,100,4.8
2026-01-18T08:33:03,0,1.9,83,4.6,-0.2,100,4.8
2026-01-18T10:32:14,0,2.1,83.3,4.7,-0.1,100,4.8
2026-01-18T12:32:07,0,2.2,83.5,4.7,-0.1,100,4.8
2026-01-18T14:32:19,0,2.3,83.4,4.7,-0.3,100,4.8
2026-01-18T16:32:10,0,2.4,82.8,4.7,-0.3,100,4.8
2026-01-18T18:31:36,0,2.4,82.7,4.7,-0.4,100,4.7
2026-01-18T20:30:54,0,2.5,82.5,4.7,-0.4,100,4.7
2026-01-18T22:30:14,0,2.5,82.2,4.7,-0.3,100,4.8
2026-01-19T00:29:29,0,2.6,82.3,4.8,-0.4,100,4.7
2026-01-19T02:29:20,0,2.6,81.9,4.7,-0.4,100,4.7
2026-01-19T04:29:55,0,2.6,81.8,4.7,-0.5,100,4.7
2026-01-19T06:30:44,0,2.7,81.5,4.8,-0.9,100,4.6
2026-01-19T08:31:23,0,2.8,80.7,4.7,-0.9,100,4.6
2026-01-19T10:30:52,0,2.8,80.3,4.7,-1,100,4.5
2026-01-19T12:30:55,0,2.8,80.2,4.7,-1.3,100,4.4
2026-01-19T14:30:23,0,2.9,79.1,4.7,-1.8,100,4.3
2026-01-19T16:29:35,0,3,77.1,4.6,-2.3,100,4.1
2026-01-19T18:30:05,0,3,75.3,4.5,-2.6,100,4
2026-01-19T20:30:13,0,2.9,74.2,4.4,-2.7,100,4
2026-01-19T22:30:36,0,2.9,73.5,4.3,-2.9,100,4
2026-01-20T00:30:43,0,2.8,72.9,4.3,-3.5,100,3.8
2026-01-20T02:30:19,0,2.8,71.7,4.2,-3.8,100,3.7
2026-01-20T04:30:36,0,2.8,69.6,4.1,-4.2,100,3.6
2026-01-20T06:31:18,0,2.7,67.9,4,-4.6,100,3.5
2026-01-20T08:31:32,0,2.5,67.2,3.9,-4.6,100,3.5
2026-01-20T10:31:04,0,2.5,67,3.9,-4.4,100,3.6
2026-01-20T12:31:45,0,2.4,67.4,3.9,-4.3,100,3.6
2026-01-20T14:31:53,0,2.4,67.1,3.8,-4.7,100,3.5
2026-01-20T16:31:37,0,2.3,66.3,3.8,-4.8,100,3.5
2026-01-20T18:31:29,0,2.3,65.8,3.7,-4.8,100,3.5
2026-01-20T20:32:12,0,2.3,65.5,3.7,-4.5,100,3.5
2026-01-20T22:32:25,0,2.2,65.9,3.7,-4.1,100,3.6
2026-01-21T00:32:02,0,2.1,66.9,3.7,-3,100,3.9
2026-01-21T02:31:50,0,2,68.8,3.8,-2.5,100,4.1
2026-01-21T04:32:44,0,1.9,70.1,3.9,-2.8,100,4
2026-01-21T06:32:37,0,2.1,70.3,3.9,-3.3,100,3.9
2026-01-21T08:32:05,0,2.2,69.4,3.9,-3.6,100,3.8
2026-01-21T10:31:22,0,2.3,68.6,3.9,-3.9,100,3.7
2026-01-21T12:31:17,0,2.3,68.3,3.9,-4,100,3.7
2026-01-21T14:30:27,0,2.3,67.9,3.9,-4.1,100,3.6
2026-01-21T16:30:51,0,2.4,66.2,3.8,-4.3,100,3.6
2026-01-21T18:30:28,0,2.3,65.4,3.7,-4.5,100,3.5
2026-01-21T20:30:26,0,2.2,64.9,3.7,-4.7,100,3.5
2026-01-21T22:29:59,0,2.1,64.3,3.6,-4.8,100,3.5
2026-01-22T00:30:46,0,2.1,63,3.5,-4.9,100,3.4
2026-01-22T02:30:46,0,2,61.9,3.4,-5.2,100,3.4
2026-01-22T04:30:46,0,1.7,60.9,3.3,-5.8,100,3.2
2026-01-22T06:31:06,0,1.5,59.8,3.2,-6,100,3.2
2026-01-22T08:31:18,0,1.5,58.8,3.2,-6.1,100,3.2
2026-01-22T10:31:09,0,1.4,59.4,3.2,-6.1,100,3.2
2026-01-22T12:31:24,0,1.3,59.4,3.1,-6.6,100,3
2026-01-22T14:31:53,0,1.2,59.2,3.1,-7.2,100,2.9
2026-01-22T16:31:32,0,-0.5,63.4,3,-7.7,100,2.8
2026-01-22T18:31:13,0,-0.5,62.9,2.9,-7.9,100,2.8
2026-01-22T20:31:56,0,-1,63.2,2.9,-8,100,2.7
2026-01-22T22:31:51,0,-1.5,63.4,2.8,-8.2,100,2.7
2026-01-23T00:32:32,0,-1.2,61.4,2.7,-8.5,100,2.6
2026-01-23T02:32:31,0,-1.4,61.5,2.7,-8.8,100,2.6
2026-01-23T04:33:04,0,-1.8,61.9,2.6,-9.1,100,2.5
2026-01-23T06:33:32,0,-2.1,62,2.6,-9.4,100,2.5
2026-01-23T08:33:06,0,-2,60.5,2.6,-9.4,100,2.5
2026-01-23T10:32:20,0,-2.3,60.3,2.5,-9.3,100,2.5
2026-01-23T12:31:59,0,-2.3,60.4,2.5,-9.1,99.6,2.5
2026-01-23T14:31:17,0,-2.7,61.4,2.5,-9.3,99.9,2.5
2026-01-23T16:31:51,0,-3.3,63,2.4,-9.5,100,2.5
2026-01-23T18:31:19,0,-3.4,62.9,2.4,-9.6,100,2.4
2026-01-23T20:30:49,0,-3.6,61.9,2.3,-9.9,98.9,2.4
2026-01-23T22:31:08,0,-3,60.7,2.4,-10.2,99.5,2.3
2026-01-24T00:30:12,0,-3.4,60.7,2.3,-10.8,100,2.2
2026-01-24T02:30:13,0,-3.7,62.2,2.3,-10.7,99.6,2.2
2026-01-24T04:30:33,0,-3.8,63,2.3,-10.6,100,2.3
2026-01-24T06:30:55,0,-4.1,63.3,2.3,-10.3,100,2.3
2026-01-24T08:30:56,0,-4,62.9,2.3,-9.6,100,2.4
2026-01-24T10:30:10,0,-3.7,61.3,2.3,-8.3,100,2.7
2026-01-24T12:29:32,0,-4.2,62.8,2.3,-7.9,100,2.8
2026-01-24T14:30:06,0,-5.4,67,2.2,-8.2,100,2.7
2026-01-24T16:30:15,0,-7.4,77.8,2.2,-8.6,100,2.6
2026-01-24T18:29:38,0,-5.8,73.3,2.4,-8.7,100,2.6
2026-01-24T20:29:37,0,-6.8,78.6,2.4,-8.8,100,2.6
2026-01-24T22:29:08,0,-5.1,73.1,2.5,-8.8,100,2.6
2026-01-25T00:28:50,0,-4.5,68.3,2.4,-9,100,2.5
2026-01-25T02:28:51,0,-5.6,67.7,2.2,-9.3,100,2.5
2026-01-25T04:28:03,0,-6.9,77.9,2.3,-9.3,100,2.5
2026-01-25T06:27:39,0,-6.4,73.5,2.3,-9.1,100,2.5
2026-01-25T08:27:56,0,-4.4,68.2,2.4,-8.4,100,2.7
2026-01-25T10:28:27,0,-3.8,65.8,2.4,-8.1,99.7,2.7
2026-01-25T12:28:12,0,-3.6,67.2,2.5,-8,99.3,2.7
2026-01-25T14:28:04,0,-6,71.9,2.3,-8.1,100,2.7
2026-01-25T16:28:15,0,-8.6,79.7,2.1,-9.5,100,2.5
2026-01-25T18:27:42,0,-8.1,83.3,2.3,-9.5,100,2.5
2026-01-25T20:27:28,0,-7.3,84.1,2.4,-8.7,100,2.6
2026-01-25T22:27:22,0,-7.3,86.6,2.5,-8.2,100,2.7
2026-01-26T00:27:34,0,-6.6,84,2.6,-8,100,2.7
2026-01-26T02:27:48,0,-5.3,75.7,2.5,-8.1,100,2.7
2026-01-26T04:27:50,0,-6.2,83.3,2.6,-8.1,100,2.7
2026-01-26T06:27:06,0,-4.1,72.7,2.6,-8.2,100,2.7
2026-01-26T08:27:15,0,-4,73,2.7,-8.1,100,2.7
2026-01-26T10:27:52,0,-3.1,69.6,2.7,-7.9,99.6,2.8
2026-01-26T12:27:46,0,-2.8,70,2.8,-8.2,99.8,2.7
2026-01-26T14:28:23,0,-6.3,71.1,2.2,-8.2,100,2.7
2026-01-26T16:27:30,0,-9.7,83,2,-10.2,100,2.3
2026-01-26T18:27:35,0,-3.1,69.2,2.7,-8.3,100,2.7
2026-01-26T20:28:38,0,-2.9,69,2.7,-8.1,100,2.7
2026-01-26T22:28:41,0,-2.8,69.2,2.8,-8,100,2.7
2026-01-27T00:28:10,0,-2.7,68,2.7,-7.9,100,2.8
2026-01-27T02:28:38,0,-2.9,68.5,2.7,-7.8,100,2.8
2026-01-27T04:28:14,0,-3,68.3,2.7,-7.9,100,2.8
2026-01-27T06:28:52,0,-3.2,69.2,2.7,-8,100,2.7
2026-01-27T08:29:40,0,-2.9,68.2,2.7,-8,100,2.7
2026-01-27T10:29:20,0,-3.2,68.8,2.7,-7.9,100,2.8
2026-01-27T12:28:31,0,-3.1,68,2.7,-8,100,2.7
2026-01-27T14:27:42,0,-3.5,71.4,2.7,-8.8,100,2.6
2026-01-27T16:27:38,0,-3.1,69.6,2.7,-9.4,100,2.5
2026-01-27T18:28:16,0,-3,69.2,2.7,-10.3,100,2.3
2026-01-27T20:28:04,0,-2.8,68.3,2.7,-10.8,100,2.2
2026-01-27T22:28:41,0,-3,68.4,2.7,-11.9,100,2
2026-01-28T00:28:22,0,-3.1,67.7,2.6,-12.6,100,1.9
2026-01-28T02:27:32,0,-3.3,66.3,2.6,-12.8,100,1.9
2026-01-28T04:27:29,0,-3.7,64.5,2.4,-12.9,100,1.9
2026-01-28T06:28:12,0,-3.8,63.2,2.3,-13,100,1.9
2026-01-28T08:27:53,0,-3.9,60.4,2.2,-12.2,100,2
2026-01-28T10:28:07,0,-4.1,58.9,2.1,-10.9,100,2.2
2026-01-28T12:28:29,0,-4.1,58.1,2.1,-10.3,100,2.3
2026-01-28T14:28:41,0,-3.9,57.6,2.1,-10.2,100,2.3
2026-01-28T16:28:58,0,-4,57.8,2.1,-10.2,100,2.3
2026-01-28T18:29:25,0,-4.5,60.4,2.1,-10.1,98.8,2.3
2026-01-28T20:29:46,0,-3.9,57.7,2.1,-10.1,98.5,2.3
2026-01-28T22:30:27,0,-3.6,57,2.1,-10.2,99.4,2.3
2026-01-29T00:30:50,0,-3.9,57.8,2.1,-11.9,100,2
2026-01-29T02:30:56,0,-3.6,56.2,2.1,-12.8,100,1.9
2026-01-29T04:30:47,0,-4.4,58.8,2.1,-14.5,100,1.7
2026-01-29T06:30:39,0,-4.8,59.8,2.1,-15,100,1.6
2026-01-29T08:30:01,0,-4.4,58,2.1,-14.3,99.3,1.7
2026-01-29T10:30:50,0,-3.9,55.6,2.1,-12.8,99.2,1.9
2026-01-29T12:30:49,0,-4,55.6,2,-11.8,99.7,2.1
2026-01-29T14:31:08,0,-6.1,60.2,1.9,-12.3,100,2
2026-01-29T16:31:55,0,-5.5,62.4,2.1,-14,100,1.7
2026-01-29T18:31:38,0,-6.6,65.7,2,-15.7,100,1.5
2026-01-29T20:31:30,0,-5.4,61.9,2.1,-16.9,100,1.4
2026-01-29T22:31:10,0,-5.6,62,2,-17.7,100,1.3
2026-01-30T00:31:03,0,-6.3,64.7,2,-18.4,100,1.2
2026-01-30T02:30:22,0,-6.8,67.5,2,-19.3,100,1.1
2026-01-30T04:30:39,0,-8,66.8,1.8,-19.9,100,1.1
2026-01-30T06:30:49,0,-19.9,65.1,0.7,-20.9,100,1
2026-01-30T08:31:33,0,-13.3,88.9,1.6,-16.8,95.4,1.3
2026-01-30T12:30:47,0,-7.4,66.6,1.9,-12.9,98.3,1.9
2026-01-30T14:30:28,0,-12.3,67.8,1.3,-13.6,100,1.8
2026-01-30T16:30:33,0,-16.4,75.5,1.1,-16.2,100,1.5
2026-01-30T18:30:21,0,-11.4,77.8,1.7,-16.8,100,1.4
2026-01-30T20:31:10,0,-16,76.9,1.1,-18.1,100,1.3
2026-01-30T22:31:35,0,-9.6,72.5,1.8,-18.3,100,1.2
2026-01-31T00:31:04,0,-9.7,73.1,1.8,-19.1,100,1.2
2026-01-31T02:31:32,0,-9.6,70.9,1.7,-19.4,100,1.1
2026-01-31T04:31:58,0,-10.1,74.3,1.7,-20.3,99.8,1
2026-01-31T06:31:30,0,-10.5,75.6,1.7,-20.3,99,1
2026-01-31T08:30:48,0,-10.1,73.6,1.7,-17.7,97.6,1.3
2026-01-31T10:30:54,0,-10,72.8,1.7,-16.2,97.5,1.4
2026-01-31T12:30:56,0,-9.9,69.7,1.7,-15.1,98.8,1.6
2026-01-31T14:31:06,0,-11.4,70.8,1.5,-15.2,100,1.6
2026-01-31T16:31:26,0,-10.7,72.6,1.6,-16.3,100,1.5
2026-01-31T18:30:39,0,-13.6,75.9,1.4,-17.5,100,1.3
2026-01-31T20:30:55,0,-13.7,86.4,1.5,-19,100,1.2
2026-01-31T22:30:15,0,-13,84.3,1.6,-19.8,100,1.1
2026-02-01T00:30:39,0,-11.4,74.7,1.6,-20.5,100,1
2026-02-01T02:31:11,0,-11.4,73.3,1.6,-19.9,99.6,1.1
2026-02-01T04:31:23,0,-11.9,76,1.6,-20.7,99.8,1
2026-02-01T06:31:41,0,-11.6,72.9,1.5,-19.9,100,1.1
2026-02-01T08:31:46,0,-11.9,72.9,1.5,-18.5,97.5,1.2
2026-02-01T10:31:45,0,-11.5,69.7,1.5,-16.5,98,1.4
2026-02-01T12:31:19,0,-11.3,68.4,1.5,-16,98.8,1.5
2026-02-01T14:30:58,0,-13.1,67.2,1.3,-16.7,100,1.4
2026-02-01T16:30:12,0,-14.5,83.2,1.4,-18.5,100,1.2
2026-02-01T18:30:14,0,-15.3,81.1,1.3,-19.9,100,1.1
2026-02-01T20:30:42,0,-12.9,78.4,1.5,-20.7,99.5,1
2026-02-01T22:30:01,0,-12.3,72.7,1.4,-21.2,98.7,1
2026-02-02T00:29:21,0,-12.8,73.3,1.4,-21.5,97.6,0.9
2026-02-02T02:30:00,0,-13,75.1,1.4,-21.7,97.1,0.9
2026-02-02T04:29:31,0,-12.7,74.5,1.4,-21.2,95.9,0.9
2026-02-02T06:29:58,0,-12.8,74.7,1.4,-20.5,95.1,1
2026-02-02T08:29:35,0,-12.4,72.2,1.4,-16.7,86.6,1.2
2026-02-02T10:29:15,0,-12.1,71,1.4,-14.7,87.7,1.4
2026-02-02T12:29:40,0,-11.6,69.6,1.5,-13.3,84.9,1.6
2026-02-02T14:28:57,0,-11.3,68.7,1.5,-13.6,85.4,1.5
2026-02-02T16:29:42,0,-10.9,67.4,1.5,-14.7,86,1.4
2026-02-02T18:29:22,0,-10.7,66,1.5,-15.1,84.6,1.4
2026-02-02T20:29:26,0,-10.6,65.2,1.5,-15.4,83.9,1.3
2026-02-02T22:28:38,0,-10.6,64.9,1.5,-15.8,87.9,1.3
2026-02-03T00:29:11,0,-10.6,64.6,1.5,-16.5,91.4,1.3
2026-02-03T04:30:24,0,-10.7,64.1,1.4,-17.3,95.2,1.3
2026-02-03T06:30:26,0,-11.3,67.1,1.4,-18.1,96.3,1.2
2026-02-03T08:31:09,0,-10.7,64.7,1.4,-14.7,89,1.5
2026-02-03T10:31:18,0,-10.4,64.1,1.5,-13.2,92.1,1.7
2026-02-03T12:31:07,0,-10,65.6,1.5,-11,88.8,1.9
2026-02-03T14:31:56,0,-10.6,68.3,1.5,-11,90.4,2
2026-02-03T16:31:23,0,-15.8,75.8,1.1,-14.2,95.3,1.6
2026-02-03T18:31:32,0,-16,79.9,1.2,-15.9,96.5,1.4
2026-02-03T20:31:35,0,-16.6,83.4,1.2,-16.9,96.9,1.3
2026-02-03T22:30:55,0,-12.4,75.6,1.5,-16.5,97.5,1.4
2026-02-04T00:30:53,0,-11.6,72.2,1.5,-15.3,98.3,1.5
2026-02-04T02:31:00,0,-11.7,72.4,1.5,-15.6,98.5,1.5
2026-02-04T04:31:26,0,-14.8,77.8,1.3,-17.4,99.1,1.3
2026-02-04T06:31:31,0,-11.8,72.4,1.5,-16.9,98.6,1.4
2026-02-04T08:31:40,0,-11.7,72.4,1.5,-15.8,98.2,1.5
2026-02-04T10:32:08,0,-11.4,72.5,1.5,-13.5,97.1,1.8
2026-02-04T12:32:41,0,-11,73.1,1.6,-11.9,97.8,2
2026-02-04T14:32:12,0,-10.6,74.6,1.7,-11.6,99.2,2.1
2026-02-04T16:31:52,0,-10.6,76.8,1.7,-11.4,99.9,2.1
2026-02-04T18:31:08,0,-10,76.3,1.8,-11.3,100,2.1
2026-02-04T20:30:37,0,-10.7,79.7,1.8,-11.3,99.6,2.1
2026-02-04T22:30:16,0,-9.7,77.7,1.9,-11.2,100,2.2
2026-02-05T00:31:08,0,-9.7,77.4,1.9,-11.4,100,2.1
2026-02-05T02:30:38,0,-9.9,79.7,1.9,-11.4,100,2.1
2026-02-05T04:31:38,0,-9.6,79,1.9,-11.4,100,2.1
2026-02-05T06:30:42,0,-9.7,78.6,1.9,-11.7,100,2.1
2026-02-05T08:31:07,0,-9.4,78.7,1.9,-9.9,95.2,2.3
2026-02-05T10:30:48,0,-8,71.6,2,-10.8,96.9,2.2
2026-02-05T12:30:19,0,-7.6,71.3,2,-10.8,94.9,2.1
2026-02-05T14:29:33,0,-7.7,73.3,2.1,-12.1,98.3,2
2026-02-05T16:29:03,0,-9.6,84.2,2,-14.1,99.5,1.7
2026-02-05T18:28:33,0,-8.1,79.2,2.2,-15.1,99.3,1.6
2026-02-05T20:27:44,0,-7.8,76,2.1,-14.7,98.3,1.6
2026-02-05T22:28:15,0,-8.1,75.5,2.1,-14.9,99.4,1.6
2026-02-06T00:27:42,0,-8,73.7,2,-16.1,99.9,1.5
2026-02-06T02:27:09,0,-8,72.9,2,-17.9,99.8,1.3
2026-02-06T04:26:14,0,-8.4,73.6,2,-19.4,99.3,1.1
2026-02-06T06:25:37,0,-8.4,73,1.9,-19.4,98.4,1.1
2026-02-06T08:26:25,0,-8.2,68.7,1.9,-16.9,96.7,1.3
2026-02-06T10:26:22,0,-8.4,68.2,1.8,-14.6,96.1,1.6
2026-02-06T12:25:55,0,-8.2,68,1.8,-12.9,96.2,1.8
2026-02-06T14:26:06,0,-7.7,66.5,1.9,-12.4,96.6,1.9
2026-02-06T16:26:24,0,-8.3,69.8,1.9,-14.2,98.1,1.7
2026-02-06T18:27:04,0,-8,69.3,1.9,-15.5,98.8,1.5
2026-02-06T20:27:44,0,-8.3,71.7,1.9,-16.6,98.9,1.4
2026-02-06T22:28:21,0,-8.2,69.3,1.9,-17.7,98.8,1.3
2026-02-07T00:27:38,0,-8.3,68.3,1.8,-18.5,98.7,1.2
2026-02-07T02:28:21,0,-8.8,69.7,1.8,-19.2,98.6,1.1
2026-02-07T04:27:50,0,-18.5,68,0.8,-20.9,99,1
2026-02-07T06:28:07,0,-17.5,94.6,1.2,-21.1,98.6,1
2026-02-07T08:28:46,0,-9.9,72.3,1.7,-15.9,90.3,1.4
2026-02-07T10:28:34,0,-9.3,70.5,1.8,-14.6,94,1.6
2026-02-07T12:28:48,0,-9,70.7,1.8,-12.7,93.7,1.8
2026-02-07T14:29:27,0,-8.9,70,1.8,-11.6,95.6,2
2026-02-07T16:29:52,0,-8.4,67,1.8,-11.8,100,2.1
2026-02-07T18:29:49,0,-8.3,67.9,1.8,-11.9,100,2
2026-02-07T20:30:31,0,-8.2,66.6,1.8,-11.4,99.7,2.1
2026-02-07T22:30:21,0,-8.4,68,1.8,-10.8,99.7,2.2
2026-02-08T00:29:45,0,-8,67.1,1.8,-10.5,100,2.3
2026-02-08T02:29:05,0,-7.8,68.3,1.9,-10.9,100,2.2
2026-02-08T04:29:58,0,-7.5,68.8,2,-12,100,2
2026-02-08T06:29:58,0,-7.6,71.9,2,-13.5,100,1.8
2026-02-08T08:29:46,0,-9,81.8,2.1,-9.5,93.3,2.3
2026-02-08T10:29:48,0,-7.1,73.1,2.1,-10,94.1,2.2
2026-02-08T12:29:53,0,-6.8,71.4,2.1,-9.9,95.2,2.3
2026-02-08T14:29:13,0,-7.3,73.2,2.1,-9.9,95.4,2.3
2026-02-08T16:28:40,0,-12.3,82.6,1.6,-12.6,98.8,1.9
2026-02-08T18:28:03,0,-13.7,80.6,1.4,-14.8,99.8,1.6
2026-02-08T20:27:37,0,-9.4,84.9,2.1,-15.4,99.5,1.6
2026-02-08T22:27:23,0,-9.2,79.6,2,-14.2,99.7,1.7
2026-02-09T00:27:17,0,-8.4,77.3,2.1,-12.4,99.5,2
2026-02-09T02:27:42,0,-7.7,74,2.1,-10.2,100,2.3
2026-02-09T04:27:39,0,-7.2,71.5,2.1,-8.1,100,2.7
2026-02-09T06:27:55,0,-6.9,71.9,2.1,-7.1,100,2.9
2026-02-09T08:27:25,0,-6.3,72,2.2,-5.2,96.6,3.2
2026-02-09T10:26:51,0,-5,75.4,2.6,-4.4,94.2,3.4
2026-02-09T12:26:03,0,-4.4,77.2,2.7,-4.5,94.3,3.3
2026-02-09T14:25:26,0,-3.9,80,3,-5.6,95.4,3.1
2026-02-09T16:26:12,0,-3.6,79,3,-7.2,96.9,2.8
2026-02-09T18:25:55,0,-4.8,83.8,2.9,-7.4,97,2.8
2026-02-09T20:25:19,0,-4.9,84.5,2.9,-7.1,98.2,2.9
2026-02-09T22:25:13,0,-4.5,83.1,2.9,-7.1,99.4,2.9
2026-02-10T00:24:51,0,-4.6,83.3,2.9,-7.3,100,2.9
2026-02-10T02:25:26,0,-5.2,85.5,2.9,-7.3,100,2.9
2026-02-10T04:25:01,0,-5.5,87,2.9,-7.2,100,2.9
2026-02-10T06:25:22,0,-6,88.5,2.8,-7.2,100,2.9
2026-02-10T08:25:51,0,-5.2,90.2,3,-6.2,100,3.1
2026-02-10T10:25:09,0,-2.7,76.8,3.1,-5,98.3,3.4
2026-02-10T12:25:28,0,-2.3,76.2,3.1,-3.7,94.9,3.6
2026-02-10T14:25:15,0,-1.9,75.9,3.2,-4.8,96.3,3.3
2026-02-10T16:25:31,0,-1.6,75.1,3.3,-5.3,98.4,3.3
2026-02-10T18:26:09,0,-1.4,74.5,3.3,-5.4,98.9,3.3
2026-02-10T20:25:25,0,-1.4,74.7,3.3,-4.7,100,3.5
2026-02-10T22:25:23,0,-1.3,75.1,3.3,-4.6,100,3.5
2026-02-11T00:25:01,0,-1.1,75.2,3.4,-4.5,100,3.5
2026-02-11T02:25:43,0,-1,75.3,3.4,-4.6,100,3.5
2026-02-11T04:25:56,0,-0.8,75.3,3.5,-5,100,3.4
2026-02-11T06:26:22,0,-0.6,74.6,3.5,-5,100,3.4
2026-02-11T08:26:42,0,-0.5,74.2,3.5,-4.2,100,3.6
2026-02-11T10:26:56,0,-0.5,74.6,3.5,-4,100,3.7
2026-02-11T12:27:11,0,-0.4,74.8,3.5,-4.3,100,3.6
2026-02-11T14:27:02,0,-0.2,74.9,3.6,-4.4,100,3.6
2026-02-11T16:26:24,0,0,74.2,3.6,-4.9,100,3.4
2026-02-11T18:26:06,0,0.1,73.1,3.6,-5.1,100,3.4
2026-02-11T20:25:20,0,0.3,71.7,3.5,-5.5,100,3.3
2026-02-11T22:25:43,0,0.4,70.6,3.5,-5.8,100,3.2
2026-02-12T00:26:14,0,0.5,69.4,3.5,-6,100,3.2
2026-02-12T02:25:41,0,0.5,68.2,3.4,-6.7,100,3
2026-02-12T04:25:31,0,0.5,66.6,3.3,-7.9,100,2.8
2026-02-12T06:25:24,0,-0.3,70.6,3.4,-8.7,100,2.6
2026-02-12T08:24:39,0,-0.4,71.3,3.4,-8.6,100,2.6
2026-02-12T10:24:04,0,-0.3,71.1,3.4,-8,97.8,2.7
2026-02-12T12:23:40,0,-0.4,71.5,3.4,-8.1,98.7,2.7
2026-02-12T14:23:45,0,-0.5,71.5,3.3,-8.6,99.8,2.6
2026-02-12T16:23:32,0,-0.3,70,3.3,-9.6,100,2.4
2026-02-12T18:23:31,0,-0.4,69.8,3.3,-10.2,100,2.3
2026-02-12T20:23:29,0,-0.5,68.9,3.2,-11.1,100,2.2
2026-02-12T22:24:16,0,-0.4,67.4,3.2,-12.1,100,2
2026-02-13T00:24:23,0,-0.6,66.4,3.1,-13.9,100,1.8
2026-02-13T02:25:06,0,-0.6,64.3,3,-13.9,99.9,1.8
2026-02-13T04:24:30,0,-0.9,64.8,3,-15.4,100,1.6
2026-02-13T06:24:17,0,-1,62.9,2.8,-17.4,100,1.3
2026-02-13T08:23:51,0,-0.9,60.9,2.8,-13.2,90.8,1.7
2026-02-13T10:23:58,0,-0.8,56.6,2.6,-12.7,95.2,1.8
2026-02-13T12:24:35,0,-0.9,52.2,2.4,-11.9,96,2
2026-02-13T14:24:36,0,-1.3,51.9,2.3,-12.4,96.6,1.9
2026-02-13T16:24:15,0,-1.2,53.4,2.4,-14.4,98.2,1.7
2026-02-13T18:24:55,0,-1.5,52.4,2.3,-15.4,98.4,1.5
2026-02-13T20:24:49,0,-1.5,53.4,2.3,-16.4,98.7,1.4
2026-02-13T22:24:57,0,-1.6,52.8,2.3,-17.4,98.6,1.3
2026-02-14T00:24:46,0,-1.6,52.4,2.3,-17.9,98,1.3
2026-02-14T02:24:35,0,-1.9,50.4,2.1,-18.7,97.9,1.2
2026-02-14T04:24:54,0,-2,50.6,2.1,-19.4,97.3,1.1
2026-02-14T06:24:43,0,-2.3,49.4,2,-19.5,96.9,1.1
2026-02-14T08:24:01,0,-2.4,50.6,2.1,-13.3,85.7,1.6
2026-02-14T10:23:56,0,-2.3,50,2.1,-13,90.2,1.7
2026-02-14T12:23:29,0,-2.3,49.4,2,-12.5,91,1.8
2026-02-14T14:23:43,0,-3.1,53,2.1,-11.9,91.7,1.9
2026-02-14T16:23:13,0,-14.4,60.8,1,-14.8,95.7,1.6
2026-02-14T18:23:32,0,-18.2,65.6,0.8,-17.2,96.1,1.3
2026-02-14T20:23:29,0,-20.2,65.1,0.7,-19.4,96.1,1.1
2026-02-14T22:23:16,0,-21.2,64.6,0.6,-20.9,95.9,1
2026-02-15T00:22:37,0,-21.6,66.4,0.6,-22.1,95.9,0.9
2026-02-15T02:22:26,0,-22.7,66.3,0.6,-22.7,95.5,0.8
2026-02-15T04:22:31,0,-22.2,69.3,0.6,-22.5,95.4,0.8
2026-02-15T06:21:49,0,-18.6,73.4,0.9,-20.9,95.2,1
2026-02-15T08:22:27,0,-13.7,65.6,1.2,-16.9,94.7,1.3
2026-02-15T10:22:33,0,-9,44.1,1.1,-11.1,95,2.1
2026-02-15T12:22:26,0,-7.8,44.5,1.2,-8.2,97.4,2.6
2026-02-15T14:22:15,0,-7.4,47,1.3,-8.8,99.1,2.6
2026-02-15T16:22:01,0,-8.1,56.8,1.5,-9.2,99.7,2.5
2026-02-15T18:22:23,0,-9.3,71.1,1.8,-9.9,100,2.4
2026-02-15T20:22:37,0,-8.2,67,1.8,-9.4,100,2.5
2026-02-15T22:22:56,0,-7.9,65.6,1.8,-9.3,100,2.5
2026-02-16T00:22:38,0,-7.3,60.7,1.8,-9.6,100,2.4
2026-02-16T02:22:09,0,-7.7,65.7,1.8,-9.7,100,2.4
2026-02-16T04:21:35,0,-6,57.3,1.8,-9.9,100,2.4
2026-02-16T06:21:48,0,-6,59,1.9,-9.8,100,2.4
2026-02-16T08:21:10,0,-5.2,58.3,2,-9.2,100,2.5
2026-02-16T10:20:40,0,-5,59.5,2,-8,99.5,2.7
2026-02-16T12:21:20,0,-5.4,62.3,2.1,-7.2,98.9,2.9
2026-02-16T14:20:52,0,-5.7,68,2.2,-7.6,99.7,2.8
2026-02-16T16:21:26,0,-6.7,73.9,2.2,-8.4,100,2.7
2026-02-16T18:20:57,0,-6.9,76.4,2.3,-8.7,100,2.6
2026-02-16T20:21:03,0,-7.4,79,2.3,-8.8,100,2.6
2026-02-16T22:21:21,0,-7.6,82.9,2.3,-8.6,100,2.6
2026-02-17T00:22:18,0,-6.7,79.8,2.4,-8.2,100,2.7
2026-02-17T02:21:48,0,-5.8,76.7,2.5,-8.1,100,2.7
2026-02-17T04:21:41,0,-6,79.9,2.5,-7.9,100,2.8
2026-02-17T06:22:24,0,-5,73.4,2.5,-7.8,99.2,2.8
2026-02-17T08:23:16,0,-4,67.5,2.5,-6.8,96.5,2.9
2026-02-17T10:23:16,0,-2.3,63.5,2.6,-5.2,93.2,3.1
2026-02-17T12:23:27,0,-2.1,63.6,2.7,-5.9,91.5,2.9
2026-02-17T14:23:51,0,-1.8,63.9,2.7,-6.4,91,2.8
2026-02-17T16:23:57,0,-1.6,64.2,2.8,-8.5,95.1,2.5
2026-02-17T18:23:21,0,-11.8,71.9,1.5,-11.1,97.2,2.1
2026-02-17T20:24:09,0,-14.1,74.7,1.3,-13.4,98.2,1.8
2026-02-17T22:23:14,0,-15.2,78.2,1.2,-12.8,96.9,1.8
2026-02-18T00:23:11,0,-15.3,78.3,1.2,-13.4,99.2,1.8
2026-02-18T02:23:29,0,-14.9,77.4,1.3,-14.1,98.3,1.7
2026-02-18T04:23:15,0,-12,79.1,1.6,-13,99.3,1.9
2026-02-18T06:22:40,0,-14.3,76.8,1.3,-13.4,99.9,1.8
2026-02-18T08:22:49,0,-7.7,78.7,2.2,-9.3,92,2.3
2026-02-18T10:23:26,0,-6.1,72.5,2.3,-9.1,95.6,2.4
2026-02-18T12:22:44,0,-5.6,68.7,2.2,-8.5,91.5,2.4
2026-02-18T14:23:05,0,-6.8,72.4,2.2,-9.3,93.4,2.3
2026-02-18T16:22:50,0,-8.5,79.8,2.1,-10.5,97.4,2.2
2026-02-18T18:22:15,0,-9.2,81.2,2,-10.9,97.9,2.2
2026-02-18T20:22:17,0,-9.9,84.2,2,-11.2,99.4,2.1
2026-02-18T22:22:06,0,-7.1,76.4,2.2,-12.2,99.8,2
2026-02-19T00:22:00,0,-5.8,69.9,2.3,-13,99.6,1.9
2026-02-19T02:21:54,0,-5.5,66.8,2.2,-12.8,99.4,1.9
2026-02-19T04:22:38,0,-5.9,66.2,2.1,-12.6,99.4,1.9
2026-02-19T06:22:22,0,-5.4,64,2.1,-12.5,99.7,1.9
2026-02-19T08:22:40,0,-5.3,62.1,2.1,-12,97.6,2
2026-02-19T10:22:14,0,-5,62.9,2.1,-10.8,94.4,2.1
2026-02-19T12:21:46,0,-4.7,63.3,2.2,-10,93,2.2
2026-02-19T14:22:42,0,-4.6,63.6,2.2,-10.7,94.5,2.1
2026-02-19T16:22:05,0,-4.3,62.3,2.2,-11,95,2.1
2026-02-19T18:22:18,0,-4.3,62,2.2,-11.7,96.4,2
2026-02-19T20:23:08,0,-4.3,62.1,2.2,-12.9,97.4,1.8
2026-02-19T22:23:50,0,-4.6,62.4,2.2,-13.9,98.1,1.7
2026-02-20T00:23:28,0,-4.7,61.2,2.1,-14.6,98.6,1.6
2026-02-20T02:22:38,0,-4.8,57.4,2,-15.7,98.4,1.5
2026-02-20T04:21:56,0,-5.4,56.2,1.9,-16.3,98.1,1.4
2026-02-20T06:22:49,0,-6,55.3,1.8,-16.3,97.4,1.4
2026-02-20T08:22:46,0,-4.9,46,1.6,-9.5,82.1,2
2026-02-20T10:22:49,0,-5,45.1,1.5,-7.9,84.7,2.3
2026-02-20T12:22:42,0,-4.6,46.9,1.6,-5.7,90.4,2.9
2026-02-20T14:22:40,0,-4.1,49.8,1.8,-4.7,92,3.2
2026-02-20T16:22:22,0,-3.9,57.2,2.1,-5.9,97.1,3.1
2026-02-20T18:22:01,0,-3.7,61.2,2.3,-7.8,98.2,2.7
2026-02-20T20:22:30,0,-4.6,63.8,2.2,-7.2,94.7,2.8
2026-02-20T22:22:31,0,-4.6,64.2,2.3,-6.1,93,2.9
2026-02-21T00:22:27,0,-3.5,63.5,2.4,-3.9,96.9,3.6
2026-02-21T02:22:02,0,-3.1,70.4,2.7,-2,100,4.2
2026-02-21T04:22:24,0,-3.1,75.3,2.9,-2.5,100,4.1
2026-02-21T06:22:54,0,-2.8,78.8,3.1,-2.6,100,4
2026-02-21T08:23:45,0,-2.5,80.7,3.3,-2.3,100,4.1
2026-02-21T10:24:06,0,-2,82.2,3.5,-1.8,100,4.3
2026-02-21T12:24:20,0,-1.3,82.7,3.7,-1.6,99.9,4.3
2026-02-21T14:24:07,0,-1.1,83.4,3.7,-2.2,100,4.2
2026-02-21T16:24:10,0,-0.8,83.5,3.8,-2.9,100,4
2026-02-21T18:23:45,0,-0.4,81.7,3.9,-2.9,96.7,3.8
2026-02-21T20:23:32,0,-0.1,80.5,3.9,-3.5,100,3.8
2026-02-21T22:23:08,0,0,79.9,3.9,-3.6,100,3.8
2026-02-22T00:23:13,0,0,79.5,3.9,-3.8,100,3.7
2026-02-22T02:23:30,0,0.1,79.2,3.9,-3.8,100,3.7
2026-02-22T04:22:56,0,0.3,78.5,3.9,-3.6,100,3.8
2026-02-22T06:22:25,0,0.6,77,3.9,-3.6,100,3.8
2026-02-22T08:22:37,0,0.6,73.5,3.7,-4.5,99.7,3.5
2026-02-22T10:21:52,0,0.8,71.1,3.6,-3.1,94.2,3.7
2026-02-22T12:21:12,0,0.9,69.5,3.6,-3.2,92.6,3.6
2026-02-22T14:21:07,0,1.1,68.8,3.6,-3.7,91.9,3.4
2026-02-22T16:20:22,0,1.1,65.6,3.4,-5.6,95.7,3.1
2026-02-22T18:20:49,0,1,61.6,3.2,-6.7,98.1,3
2026-02-22T20:21:07,0,0.4,61.7,3.1,-7.1,99.5,2.9
2026-02-22T22:20:29,0,-3.7,68.4,2.6,-8.3,100,2.7
2026-02-23T00:20:59,0,-2.6,70.1,2.8,-9.7,100,2.4
2026-02-23T02:20:31,0,-9.9,70.8,1.7,-10.9,100,2.2
2026-02-23T04:20:46,0,-11.5,75.6,1.6,-12.2,100,2
2026-02-23T06:21:17,0,-12.8,78.8,1.5,-12.6,99.4,1.9
2026-02-23T08:20:40,0,-6.9,73.7,2.2,-4.9,89.1,3.1
2026-02-23T10:20:06,0,-3,70.1,2.8,-4.5,94.3,3.3
2026-02-23T12:19:34,0,-2.7,72.9,2.9,-3.9,96.7,3.6
2026-02-23T14:19:21,0,-2.2,75,3.1,-5,97.7,3.3
2026-02-23T16:19:46,0,-2,73.6,3.1,-7.3,100,2.9
2026-02-23T18:20:11,0,-7.6,82.1,2.3,-9,100,2.5
2026-02-23T20:20:17,0,-5.8,85.7,2.8,-9.8,100,2.4
2026-02-23T22:20:26,0,-5.4,85.2,2.8,-10.4,100,2.3
2026-02-24T00:20:00,0,-5.3,83.1,2.8,-10.5,100,2.3
2026-02-24T02:19:24,0,-6.1,84.3,2.7,-11.1,100,2.2
2026-02-24T04:19:07,0,-5.6,81.3,2.7,-11.1,100,2.2
2026-02-24T06:19:37,0,-5.9,79,2.5,-10.5,99.5,2.3
2026-02-24T08:19:02,0,-6,77,2.4,-7.5,97.3,2.8
2026-02-24T10:18:38,0,-5.5,73.6,2.4,-3.9,93.4,3.4
2026-02-24T12:18:35,0,-4.1,76.9,2.8,-3,91.1,3.6
2026-02-24T14:18:54,0,-3.4,76.6,2.9,-3.6,91.5,3.4
2026-02-24T16:18:15,0,-2.9,75.9,3,-4.9,91.5,3.1
2026-02-24T18:17:29,0,-2.6,74.8,3,-6.2,94.4,3
2026-02-24T20:18:05,0,-2.6,73.9,3,-7.2,96.4,2.8
2026-02-24T22:17:55,0,-3.5,76.8,2.9,-8.2,98.5,2.7
2026-02-25T00:18:44,0,-3.9,77.3,2.9,-9.5,100,2.5
2026-02-25T02:18:07,0,-4.3,78.2,2.8,-10.4,100,2.3
2026-02-25T04:17:23,0,-4.7,78.7,2.7,-11.4,100,2.1
2026-02-25T06:16:42,0,-5.3,80.8,2.7,-11.1,97.9,2.1
2026-02-25T08:16:46,0,-4.8,79.4,2.7,-2.5,79.4,3.2
2026-02-25T10:16:59,0,-4.1,77.7,2.8,-3.6,92,3.5
2026-02-25T12:17:03,0,-4,76.5,2.8,-3.1,82.5,3.2
2026-02-25T14:17:01,0,-3.6,75.5,2.8,-3.3,85.4,3.3
2026-02-25T16:17:06,0,-3.1,73.8,2.9,-5.8,94.5,3
2026-02-25T18:17:25,0,-2.8,72.7,2.9,-6.4,95.3,2.9
2026-02-25T20:17:52,0,-2.6,71.9,2.9,-6.2,95.9,3
2026-02-25T22:17:30,0,-2.7,72.1,2.9,-4.3,93.1,3.3
2026-02-26T00:17:18,0,-2.6,72.8,2.9,-3.6,92,3.5
2026-02-26T02:17:50,0,-2.4,73.9,3,-3.1,92.8,3.6
2026-02-26T04:17:03,0,-2.2,74.2,3.1,-3.5,100,3.8
2026-02-26T06:17:42,0,-1.8,75.8,3.2,-3.1,100,3.9
2026-02-26T08:17:35,0,-1.6,77.6,3.4,-2.7,100,4
2026-02-26T10:17:35,0,-1.3,79.3,3.5,-2.4,100,4.1
2026-02-26T12:18:19,0,-0.9,80.3,3.7,-1.6,100,4.3
2026-02-26T14:18:37,0,-0.5,80.7,3.8,-0.8,100,4.6
2026-02-26T16:18:50,0,0,81,3.9,-1,100,4.5
2026-02-26T18:18:25,0,0.1,81.8,4,-0.1,96.4,4.6
2026-02-26T20:18:57,0,0.4,82,4.1,0,100,4.8
2026-02-26T22:18:33,0,0.6,82.8,4.2,0.1,100,4.9
2026-02-27T00:17:54,0,0.9,84.3,4.3,0.8,100,5.1
2026-02-27T02:18:38,0,1.2,85.8,4.5,1,100,5.2
2026-02-27T04:18:29,0,1.6,86.2,4.7,0.8,100,5.1
2026-02-27T06:19:16,0,2,85.6,4.8,0.8,100,5.1
2026-02-27T08:18:41,0,2.3,85.7,4.9,1,100,5.2
2026-02-27T10:19:17,0,2.5,85.9,4.9,1.5,100,5.4
2026-02-27T12:20:06,0,2.5,86.7,5,1.3,100,5.3
2026-02-27T14:19:40,0,2.6,87,5,1.5,100,5.4
2026-02-27T16:20:30,0,2.6,87.1,5,1.2,100,5.3
2026-02-27T18:20:01,0,2.7,86.8,5.1,0.9,100,5.2
2026-02-27T20:20:25,0,2.8,86.5,5.1,0.6,100,5.1
2026-02-27T22:19:43,0,2.9,86.2,5.1,0.4,100,5
2026-02-28T00:19:38,0,2.9,85.7,5.1,0.4,100,5
2026-02-28T02:19:13,0,3,85.4,5.1,0.4,100,5
2026-02-28T04:19:58,0,3,85.1,5.1,0.4,100,5
2026-02-28T06:19:21,0,3,85,5.1,0.8,100,5.1
2026-02-28T08:19:37,0,2.9,85.6,5.1,1.5,100,5.4
2026-02-28T10:20:05,0,2.8,86.9,5.1,2.5,100,5.8
2026-02-28T12:19:47,0,2.6,88.2,5.1,2.7,100,5.8
2026-02-28T14:19:03,0,2.6,88.8,5.1,2.4,100,5.7
2026-02-28T16:18:56,0,2.6,88.7,5.1,1.5,100,5.4
2026-02-28T18:19:05,0,2.8,87.7,5.1,1.1,100,5.2
2026-02-28T20:18:30,0,2.9,87,5.1,0.5,100,5
2026-02-28T22:17:42,0,3.1,85.9,5.1,0.2,100,4.9
2026-03-01T00:17:42,0,3.1,85.2,5.1,-0.1,100,4.8
2026-03-01T02:18:25,0,3.2,84.3,5.1,-0.3,100,4.8
2026-03-01T04:17:49,0,3.3,83.6,5.1,-0.3,100,4.8
2026-03-01T06:17:08,0,3.2,83.5,5,-0.2,100,4.8
2026-03-01T08:16:35,0,3.3,83.8,5.1,0,100,4.8
2026-03-01T10:16:07,0,3.1,84.7,5.1,0.5,100,5
2026-03-01T12:15:24,0,3,86.3,5.1,1.3,100,5.3
2026-03-01T14:15:30,0,2.9,87.3,5.2,1.1,100,5.2
2026-03-01T16:15:44,0,2.9,87.4,5.2,1,100,5.2
2026-03-01T18:15:28,0,2.9,87.6,5.2,1.2,100,5.3
2026-03-01T20:15:14,0,2.9,87.6,5.2,0.6,100,5.1
2026-03-01T22:15:17,0,3,86.7,5.2,0.3,100,5
2026-03-02T00:15:59,0,3.1,86.3,5.2,0.5,100,5
2026-03-02T02:16:00,0,3,86.2,5.1,0,100,4.8
2026-03-02T04:16:34,0,3.1,85,5.1,-0.2,100,4.8
2026-03-02T06:16:09,0,3.2,84.3,5.1,-0.2,100,4.8
2026-03-02T08:16:23,0,3.1,84.6,5.1,0.3,100,5
2026-03-02T10:17:00,0,3,86.1,5.1,1.3,100,5.3
2026-03-02T12:17:04,0,2.9,87.5,5.2,1.4,100,5.3
2026-03-02T14:17:09,0,2.9,87.6,5.2,1.3,100,5.3
2026-03-02T16:17:47,0,2.9,87.1,5.1,0.5,100,5
2026-03-02T18:18:26,0,3,85.8,5.1,0,100,4.8
2026-03-02T20:18:37,0,3,84.1,5,-0.6,100,4.7
2026-03-02T22:18:05,0,3.1,81.2,4.9,-1.4,100,4.4
2026-03-03T00:17:43,0,3.1,79.6,4.8,-1.8,100,4.3
2026-03-03T02:17:53,0,3.1,77.9,4.7,-2.2,100,4.2
2026-03-03T04:17:09,0,3.1,76.8,4.6,-2.6,100,4
2026-03-03T06:16:51,0,3.1,76.2,4.6,-2.1,100,4.2
2026-03-03T08:17:34,0,3,77.9,4.6,-1,100,4.5
2026-03-03T10:18:11,0,2.9,80.1,4.7,-0.2,100,4.8
2026-03-03T12:18:22,0,2.8,82,4.8,0,100,4.8
2026-03-03T14:17:55,0,2.8,83.5,4.9,-0.1,100,4.8
2026-03-03T16:17:13,0,2.8,84.2,4.9,0.3,100,5
2026-03-03T18:16:45,0,3,84.6,5,1.3,100,5.3
2026-03-03T20:16:20,0,2.8,86,5,1.3,100,5.3
2026-03-03T22:15:25,0,2.8,86.6,5.1,1.5,100,5.4
2026-03-04T00:16:02,0,2.8,86.3,5.1,0.4,100,5
2026-03-04T02:16:36,0,3,84.2,5,-0.3,100,4.8
2026-03-04T04:16:00,0,3.1,81.8,4.9,-0.8,100,4.6
2026-03-04T06:16:25,0,3.1,79.3,4.7,0.1,100,4.9
2026-03-04T08:17:06,0,2.9,81.3,4.8,5.2,93.4,6.4
2026-03-04T10:16:35,0,2.6,83.1,4.8,4.7,92.4,6.2
2026-03-04T12:16:22,0,2.8,84.8,5,4.6,91,6
2026-03-04T14:15:41,0,3.1,84,5,3.5,93.6,5.8
2026-03-04T16:15:31,0,3.3,82.4,5,2.7,93.6,5.5
2026-03-04T18:15:13,0,3.3,81.5,4.9,2.9,94.7,5.6
2026-03-04T20:15:40,0,3,82.8,4.9,3.1,91.8,5.5
2026-03-04T22:15:45,0,2.9,83.2,4.9,2.1,96.5,5.4
2026-03-05T00:14:59,0,2.6,83.7,4.8,1.8,96.7,5.3
2026-03-05T02:14:18,0,2.6,84,4.9,1.4,97.7,5.2
2026-03-05T04:15:03,0,2.6,82.8,4.8,1,97.4,5.1
2026-03-05T06:14:24,0,2.7,81,4.7,1.3,96.6,5.1
2026-03-05T08:14:20,0,2.8,81,4.8,5.6,80.8,5.7
2026-03-05T10:15:00,0,3.1,83.3,5,5.1,85.5,5.8
2026-03-05T12:14:22,0,4.8,78.8,5.3,5.5,83.1,5.8
2026-03-05T14:14:12,0,6,74.5,5.4,5.6,81.9,5.8
2026-03-05T16:13:52,0,5.9,72.8,5.2,3.2,85.9,5.2
2026-03-05T18:13:38,0,5,73.3,5,0.1,93,4.5
2026-03-05T20:12:57,0,4,74.4,4.7,-0.7,96.1,4.4
2026-03-05T22:13:14,0,3.5,74.4,4.6,-0.9,98.6,4.5
2026-03-06T00:13:02,0,3.1,73.1,4.4,-2.2,100,4.2
2026-03-06T02:13:32,0,3,69.1,4.1,-2.7,100,4
2026-03-06T04:13:11,0,2.8,67.1,3.9,-3.7,100,3.7
2026-03-06T06:13:33,0,2.8,64.8,3.8,-2.8,100,4
2026-03-06T08:13:09,0,2.6,69.3,4,3.8,89.4,5.6
2026-03-06T10:13:55,0,2.6,71.1,4.1,5.6,85.9,6.1
2026-03-06T12:13:40,0,2.9,75.9,4.5,5.5,80.4,5.6
2026-03-06T14:14:08,0,4.3,76,4.9,4.5,83.3,5.5
2026-03-06T16:14:49,0,5.1,74.2,5.1,1.8,90.6,5
2026-03-06T18:15:17,0,4.4,73.7,4.8,0,96.6,4.7
2026-03-06T20:15:56,0,3.6,74.2,4.6,-0.9,98.4,4.5
2026-03-06T22:15:57,0,3.2,74,4.5,0.2,96.9,4.8
2026-03-07T00:15:57,0,2.8,75.8,4.4,0.4,97.4,4.9
2026-03-07T02:16:09,0,2.6,76.1,4.4,-0.1,99.3,4.8
2026-03-07T04:15:32,0,2.6,75.3,4.4,-0.3,99.7,4.7
2026-03-07T06:14:43,0,2.6,74.3,4.3,-0.2,98.7,4.7
2026-03-07T10:14:13,0,2.6,77.3,4.5,4.7,85,5.7
2026-03-07T12:13:44,0,3.4,79.8,4.9,5.6,74.4,5.3
2026-03-07T14:13:43,0,5.9,73,5.3,5.9,74.5,5.4
2026-03-07T16:13:55,0,6.3,67.9,5,4,75.7,4.8
2026-03-07T18:13:23,0,5.2,65.7,4.5,1.2,81.1,4.3
2026-03-07T20:12:35,0,4.1,63.8,4.1,-1.5,88,3.8
2026-03-07T22:13:26,0,3.5,63,3.9,-1.6,90.3,3.9
2026-03-08T00:12:41,0,3,63.3,3.8,-2.4,92.8,3.8
2026-03-08T02:12:47,0,2.8,62.5,3.7,-2.7,94.2,3.8
2026-03-08T04:13:26,0,2.7,61.2,3.6,-3.3,96.1,3.7
2026-03-08T06:13:43,0,2.4,61.8,3.5,-2.1,95.8,4
2026-03-08T08:13:53,0,2.4,63.9,3.7,3.4,87.9,5.4
2026-03-08T10:14:04,0,2.6,69.4,4,5.8,85,6.1
2026-03-08T12:14:31,0,2.8,78.1,4.6,6.6,82.6,6.2
2026-03-08T16:14:14,0,5.2,75.9,5.2,5.2,85.8,5.9
2026-03-08T18:14:54,0,5.1,73.6,5,2.8,89.5,5.3
2026-03-08T20:14:28,0,4.1,74.7,4.8,0.7,94.1,4.8
2026-03-08T22:15:12,0,3.5,74.9,4.6,-0.3,96.7,4.6
2026-03-09T00:15:52,0,3.2,73.9,4.5,-0.8,98,4.5
2026-03-09T02:15:10,0,2.9,73.2,4.3,-1.1,98.5,4.4
2026-03-09T04:14:21,0,2.8,71.2,4.2,-1.5,99.6,4.4
2026-03-09T06:15:01,0,2.7,71.3,4.2,-0.1,99.7,4.8
2026-03-09T08:14:49,0,2.4,74.1,4.2,1.3,98.5,5.2
2026-03-09T10:15:18,0,2.3,76.8,4.4,2.2,100,5.6
2026-03-09T12:15:56,0,2.5,79.8,4.6,2.8,100,5.9
2026-03-09T14:15:03,0,3.6,81.4,5,2.8,100,5.9
2026-03-09T16:14:36,0,4.6,77.9,5.2,2.6,100,5.8
2026-03-09T18:15:19,0,4.8,76.8,5.2,2.5,100,5.8
2026-03-09T20:16:06,0,4.2,76.8,4.9,0.7,100,5.1
2026-03-09T22:16:53,0,3.5,77.5,4.8,-0.4,100,4.7
2026-03-10T00:16:20,0,3.3,77.5,4.7,-0.3,100,4.8
2026-03-10T02:15:37,0,3.1,77.8,4.7,-1.3,100,4.4
2026-03-10T04:15:11,0,3.1,77.1,4.6,-1.2,100,4.5
2026-03-10T06:14:21,0,3.1,77.4,4.6,-0.4,100,4.7
2026-03-10T08:14:18,0,3,79.7,4.7,0.7,100,5.1
2026-03-10T10:13:35,0,3.5,84.2,5.2,3.9,99.4,6.3
2026-03-10T12:13:16,0,6,80.6,5.9,6.4,92.8,6.9
2026-03-10T14:13:59,0,8.7,72.1,6.2,6.9,89.5,6.9
2026-03-10T16:13:21,0,8.6,66,5.7,4.1,85.9,5.5
2026-03-10T18:12:39,0,6.9,65.9,5.1,2.8,90.3,5.3
2026-03-10T20:11:46,0,5.3,70.9,4.9,2.1,93.9,5.3
2026-03-10T22:11:46,0,4.1,75.7,4.8,1.9,93.8,5.2
2026-03-11T00:12:30,0,3.4,78.9,4.8,0.8,96.6,4.9
2026-03-11T02:12:49,0,3.2,79.7,4.8,-0.1,98.6,4.7
2026-03-11T04:12:17,0,3.1,78.2,4.7,-0.8,100,4.6
2026-03-11T06:12:37,0,3.1,77.3,4.6,-0.1,100,4.8
2026-03-11T08:12:30,0,3,79.8,4.7,3.7,94.9,5.9
2026-03-11T10:13:11,0,3.2,84.2,5.1,6.5,86.7,6.5
2026-03-11T12:13:40,0,6.5,81.8,6.1,7.2,83.4,6.5
2026-03-11T14:13:33,0,9.4,69.8,6.3,6.1,85.7,6.3
2026-03-11T16:14:11,0,9.3,64,5.8,3.7,93.2,5.8
2026-03-11T18:14:53,0,7.8,66.5,5.4,4.2,94.6,6.1
2026-03-11T20:14:31,0,7,70.6,5.5,4.1,99.5,6.4
2026-03-11T22:14:01,0,6.5,73.5,5.5,3.3,100,6.1
2026-03-12T00:13:15,0,6.3,74.9,5.5,3.1,100,6
2026-03-12T02:13:05,0,6.1,75.9,5.5,2.2,100,5.6
2026-03-12T04:13:01,0,6,76.5,5.6,2.6,100,5.8
2026-03-12T06:13:22,0,5.8,78.3,5.6,3.7,100,6.2
2026-03-12T08:13:33,0,6,79.7,5.8,3.7,100,6.2
2026-03-12T10:14:16,0,6.6,80.3,6.1,4.6,100,6.6
2026-03-12T12:13:35,0,7.2,79.2,6.2,3.5,100,6.2
2026-03-12T14:12:52,0,7.5,76.6,6.1,3.3,100,6.1
2026-03-12T16:12:05,0,7.5,75.1,6,3.1,100,6
2026-03-12T18:12:51,0,7,74.3,5.8,1.6,100,5.4
2026-03-12T20:12:42,0,6.2,73.4,5.4,1.2,100,5.3
2026-03-12T22:12:39,0,5.2,75.3,5.2,1.2,100,5.3
2026-03-13T00:12:38,0,4.2,78.9,5.1,1.1,100,5.2
2026-03-13T02:12:55,0,4.1,81,5.2,1.1,100,5.2
2026-03-13T04:13:39,0,4,81.3,5.2,0.4,100,5
2026-03-13T06:14:03,0,3.6,80.8,5,1.7,100,5.4
2026-03-13T08:13:33,0,3.6,84.5,5.2,3.9,91.4,5.8
2026-03-13T10:13:17,0,5.4,85.9,6,6.1,80.5,5.9
2026-03-13T12:13:35,0,8.5,78,6.7,8.3,67,5.6
2026-03-13T14:13:26,0,10.4,66.6,6.4,8,68.2,5.6
2026-03-13T16:13:07,0,9.7,64.7,6,6,79.6,5.8
2026-03-13T18:12:45,0,8,67.7,5.6,5.4,83.7,5.8
2026-03-13T20:11:56,0,6.7,71.2,5.4,4.5,89.3,5.9
2026-03-13T22:12:27,0,5.6,74.5,5.3,4.5,90.4,5.9
2026-03-14T00:12:25,0,5.1,77.3,5.3,3.5,95,5.8
2026-03-14T02:12:38,0,4.3,78.5,5.1,3.1,97.1,5.8
2026-03-14T04:12:25,0,3.5,81.6,5,3.7,97.7,6.1
2026-03-14T06:11:33,0,3.4,82.9,5.1,5,93.8,6.4
2026-03-14T08:10:55,0,4.2,85.7,5.5,5.6,88.8,6.3
2026-03-14T10:10:42,0,6.6,86.7,6.5,7.7,80.9,6.6
2026-03-14T12:10:26,0,9.7,79.2,7.3,9.3,75.5,6.8
2026-03-14T14:10:49,0,11.7,71.9,7.5,9.9,77.4,7.2
2026-03-14T16:10:55,0,11.8,66.5,7,7.9,82.6,6.8
2026-03-14T18:11:14,0,10.2,63.8,6.1,6.7,83.3,6.3
2026-03-14T20:11:08,0,8.8,68.3,5.9,6.7,83.4,6.3
2026-03-14T22:11:23,0,7.6,70.7,5.7,7.1,72,5.6
2026-03-15T00:11:19,0,7.2,68.8,5.4,5.8,72.8,5.2
2026-03-15T02:11:23,0,6.6,68.7,5.2,5.2,74.6,5.1
2026-03-15T04:11:13,0,6.1,68.6,5,4.3,75.9,4.9
2026-03-15T06:12:04,0,5.4,69.1,4.8,4.8,74.1,5
2026-03-15T08:11:26,0,5.4,72.5,5.1,6.7,63.1,4.8
2026-03-15T10:10:39,0,7.6,71.4,5.8,7.8,62.6,5.1
2026-03-15T12:10:36,0,10.3,66.1,6.3,7.9,62.8,5.2
2026-03-15T14:11:04,0,11.8,61.7,6.5,7.8,67.2,5.5
2026-03-15T16:10:55,0,11.1,58.2,5.9,6.8,71.6,5.5
2026-03-15T18:10:56,0,9.4,62.7,5.7,5.1,89.1,6.1
2026-03-15T20:10:12,0,8,66.4,5.5,2.7,93.4,5.4
2026-03-15T22:09:42,0,7.2,66.5,5.2,2.3,93.3,5.3
2026-03-16T00:09:18,0,6.3,68.2,5,1.8,94.8,5.2
2026-03-16T02:09:09,0,5.7,69.7,5,1.5,95.4,5.1
2026-03-16T04:09:17,0,5.2,70.7,4.9,1.2,96.7,5.1
2026-03-16T06:09:48,0,4.9,71.7,4.8,1.2,96.8,5.1
2026-03-16T08:10:02,0,5,73.2,5,1.6,92.7,5
2026-03-16T10:09:14,0,5.5,73.4,5.2,2.3,91.1,5.2
2026-03-16T12:09:30,0,7.3,74.1,5.9,3.8,86.7,5.4
2026-03-16T14:08:47,0,9.3,68.7,6.2,3.2,87.5,5.3
2026-03-16T16:08:10,0,9.5,59.6,5.4,0.9,95,4.9
2026-03-16T18:08:03,0,7.8,58.3,4.8,0.1,95.8,4.7
2026-03-16T20:07:22,0,6.1,60.7,4.4,0,98,4.8
2026-03-16T22:07:52,0,5.1,64.3,4.4,0.2,97.5,4.8
2026-03-17T00:08:15,0,4.4,66.9,4.4,0.4,98.7,4.9
2026-03-17T02:08:53,0,3.9,69.4,4.4,0.6,98.1,5
2026-03-17T04:09:14,0,3.9,71.4,4.5,0.8,99.1,5.1
2026-03-17T06:09:59,0,3.9,73.5,4.6,1.2,100,5.3
2026-03-17T08:09:47,0,4.5,75.8,5,2.3,100,5.7
2026-03-17T10:10:17,0,5.5,77.3,5.4,3,100,5.9
2026-03-17T12:09:23,0,7,78.6,6.1,3.6,99.9,6.2
2026-03-17T14:09:37,0,8.5,76,6.5,4.4,98,6.4
2026-03-17T16:09:27,0,8.9,70.3,6.2,3.5,97.2,6
2026-03-17T18:09:36,0,7.8,62.6,5.1,0.6,100,5.1
2026-03-17T20:09:13,0,5.6,64.1,4.5,-0.3,100,4.8
2026-03-17T22:09:03,0,4.3,67.3,4.4,-0.9,100,4.6
2026-03-18T00:08:36,0,3.6,70,4.3,-0.4,100,4.7
2026-03-18T02:07:44,0,3.2,72.5,4.4,-0.2,100,4.8
2026-03-18T04:07:41,0,3,74.4,4.4,-0.8,100,4.6
2026-03-18T06:07:17,0,3.1,74.4,4.5,-0.5,100,4.7
2026-03-18T08:06:42,0,3.2,77.2,4.7,0,100,4.8
2026-03-18T10:05:55,0,4.1,79.7,5.1,0.8,100,5.1
2026-03-18T12:06:37,0,5.2,79.3,5.5,1.3,100,5.3
2026-03-18T14:07:26,0,6.1,75.3,5.5,1.4,99.8,5.3
2026-03-18T16:06:47,0,6.3,70.9,5.2,0.6,100,5.1
2026-03-18T18:06:57,0,5.5,68.4,4.8,0.3,100,5
2026-03-18T20:07:11,0,4.6,71.5,4.7,0.1,100,4.9
2026-03-18T22:07:30,0,4.2,74,4.8,0.1,100,4.9
2026-03-19T02:07:41,0,3.9,77.7,4.9,0.6,100,5.1
2026-03-19T04:08:04,0,3.9,78.9,5,0.8,100,5.1
2026-03-19T06:08:03,0,4,79.6,5.1,1,100,5.2
2026-03-19T08:07:18,0,4.5,81,5.3,1.7,100,5.4
2026-03-19T10:06:59,0,5.4,83.6,5.8,3.4,100,6.1
2026-03-19T12:06:41,0,7.2,83.1,6.5,4.7,98.8,6.6
2026-03-19T14:07:25,0,8.6,80.1,6.9,5.1,97.7,6.7
2026-03-19T16:07:35,0,9.2,74.4,6.6,4.6,98.4,6.5
2026-03-19T18:07:49,0,8.1,68.7,5.7,2.4,100,5.7
2026-03-19T20:08:18,0,6.1,66.7,4.9,1.7,97.4,5.3
2026-03-19T22:08:01,0,4.3,68.6,4.5,-0.1,98.8,4.8
2026-03-20T00:08:36,0,3.4,68.9,4.2,-0.2,98.5,4.7
2026-03-20T02:07:48,0,2.9,69.5,4.1,-0.5,98,4.6
2026-03-20T04:08:23,0,2.6,70,4.1,-1,98,4.4
2026-03-20T06:09:11,0,2.7,68.9,4,2,91.7,5.1
2026-03-20T08:09:26,0,2.7,73.3,4.3,9.3,73,6.6
2026-03-20T10:09:18,0,3.2,79.8,4.8,9.2,73.9,6.6
2026-03-20T12:09:33,0,6.5,78.5,5.9,8.3,64.6,5.4
2026-03-20T14:09:11,0,10.5,62.6,6.1,8.4,60.4,5.1
2026-03-20T16:08:53,0,10.9,55.1,5.5,7.3,62.9,5
2026-03-20T18:08:38,0,9,50.8,4.5,3.4,73.4,4.5
2026-03-20T20:09:26,0,6.3,51.1,3.8,0.2,81.5,4
2026-03-20T22:09:59,0,4.4,53.6,3.5,-1,86.8,3.9
2026-03-21T00:10:27,0,3.2,55.9,3.4,-2.7,90.9,3.7
2026-03-21T02:10:21,0,2.7,56.5,3.3,-2.7,92.9,3.7
2026-03-21T04:09:53,0,2.5,56.5,3.2,-1.4,91,4
2026-03-21T06:09:58,0,2.6,56.7,3.3,2.3,85.9,4.9
2026-03-21T08:09:40,0,2.9,63.5,3.8,9.3,62.4,5.6
2026-03-21T10:09:58,0,3.4,74.7,4.6,8.9,55.3,4.8
2026-03-21T12:10:37,0,6.9,73.6,5.7,7.7,57,4.6
2026-03-21T14:10:23,0,10,58.1,5.5,7,59.2,4.6
2026-03-21T16:10:05,0,9.8,48.8,4.5,6,56.5,4.1
2026-03-21T18:10:34,0,7.7,46.6,3.8,3.7,64.8,4
2026-03-21T20:11:11,0,5.7,52.5,3.7,3.2,73.8,4.4
2026-03-21T22:11:39,0,4.8,57.4,3.8,2.9,78.2,4.6
2026-03-22T00:11:51,0,4.3,61.2,4,2.6,82.7,4.8
2026-03-22T02:12:14,0,4,64.4,4.1,2.3,86.7,4.9
2026-03-22T04:12:44,0,3.4,65.5,4,1,90.9,4.7
2026-03-22T06:13:05,0,3,67.6,4,3.8,86.2,5.4
2026-03-22T08:13:26,0,3.9,75,4.7,8.2,66.2,5.5
2026-03-22T10:12:37,0,6.9,76.4,5.9,8.5,66.7,5.7
2026-03-22T12:13:12,0,10.7,67,6.6,8,66.6,5.5
2026-03-22T14:14:02,0,12.2,55.5,6,7.7,63.8,5.2
2026-03-22T16:13:31,0,11,51.3,5.1,5.2,70,4.8
2026-03-22T18:13:37,0,8.3,50.1,4.2,2.5,79.5,4.6
2026-03-22T20:12:57,0,5.5,53.7,3.8,1.9,82.4,4.6
2026-03-22T22:12:52,0,3.8,58.1,3.6,1.6,88.4,4.8
2026-03-23T00:12:22,0,3,63.1,3.8,1.2,91.1,4.8
2026-03-23T02:11:48,0,2.9,68,4,1.1,93.3,4.9
2026-03-23T04:12:29,0,2.7,70.1,4.1,0.6,95.9,4.8
2026-03-23T06:13:13,0,2.8,71.5,4.2,3.2,90.5,5.5
2026-03-23T08:12:53,0,3.2,76.8,4.6,6.9,72.8,5.6
2026-03-23T10:13:30,0,5.3,81.7,5.7,6.4,69.7,5.2
2026-03-23T12:13:42,0,9.4,67.9,6.1,7.6,62.1,5
2026-03-23T14:12:54,0,11.1,53.4,5.4,6.8,66.3,5.1
2026-03-23T16:12:58,0,9.8,53.1,4.9,3.8,80.9,5.1
2026-03-23T18:13:32,0,7.8,56.9,4.6,2.4,90.6,5.2
2026-03-23T20:13:24,0,6.3,61,4.5,2,90.2,5
2026-03-23T22:13:42,0,5.1,62,4.2,0.2,93.9,4.6
2026-03-24T00:14:10,0,3.9,62.1,3.9,-1.3,95.6,4.2
2026-03-24T02:14:19,0,3.2,61.6,3.7,-2.7,97.5,3.9
2026-03-24T04:13:55,0,2.9,60.5,3.6,-4,98.8,3.6
2026-03-24T08:14:09,0,2.9,63.4,3.7,7.2,70.6,5.5
2026-03-24T10:13:32,0,3.5,73.1,4.5,7.8,55.4,4.5
2026-03-24T12:13:55,0,7.4,68.8,5.5,6.5,59.6,4.5
2026-03-24T14:12:59,0,10.1,53.2,5,5.3,63.4,4.4
2026-03-24T16:12:56,0,9.1,48.2,4.3,4.6,61.4,4.1
2026-03-24T18:12:24,0,7.4,49.6,3.9,3.5,69.1,4.3
2026-03-24T20:11:45,0,5.9,53.6,3.9,4,64.1,4.1
2026-03-24T22:12:09,0,5.4,58.4,4.1,4,80.2,5.1
2026-03-25T00:12:04,0,5.2,63.8,4.4,3.6,88.5,5.5
2026-03-25T02:11:33,0,5.3,68.4,4.7,3.7,96.3,6
2026-03-25T04:10:56,0,5.3,70.2,4.9,3.4,99.1,6.1
2026-03-25T06:10:41,0,5.4,72,5,3.6,100,6.2
2026-03-25T08:10:48,0,5.9,73.6,5.3,4.7,100,6.7
2026-03-25T10:10:15,0,6.5,75.3,5.6,4.7,100,6.7
2026-03-25T12:10:21,0,7.5,78.2,6.3,6.4,96,7.2
2026-03-25T14:10:41,0,9.3,76.9,6.9,7.1,85.4,6.7
2026-03-25T16:11:09,0,10,69.8,6.6,7.6,80.8,6.5
2026-03-25T18:11:03,0,9.3,67.6,6.1,8,76.3,6.3
2026-03-25T20:10:47,0,8.6,68.4,5.9,8,72.9,6
2026-03-25T22:09:59,0,8.3,69.3,5.8,7.2,78.7,6.2
2026-03-26T00:09:54,0,7.8,70.6,5.8,6.1,86,6.3
2026-03-26T02:10:25,0,7.1,71.4,5.6,4.6,91,6
2026-03-26T04:10:48,0,6.1,72.2,5.3,3.6,93.1,5.8
2026-03-26T06:11:18,0,5.5,74.4,5.2,4.9,87.1,5.9
2026-03-26T08:10:34,0,6.5,77.1,5.8,7.5,73.3,5.9
2026-03-26T10:10:15,0,9.9,71.2,6.6,7.1,68.4,5.3
2026-03-26T12:10:57,0,12,56.7,6,7.7,61.1,5
2026-03-26T14:10:14,0,12,49.7,5.3,5.8,72.3,5.2
2026-03-26T16:10:01,0,9.8,52.6,4.9,5,77.4,5.3
2026-03-26T18:10:46,0,8.1,57.1,4.8,4.3,82.4,5.3
2026-03-26T20:10:42,0,6.9,61,4.7,4.2,83.8,5.4
2026-03-26T22:10:19,0,6.2,64.9,4.8,3.6,88.2,5.5
2026-03-27T00:09:46,0,5.8,67.8,4.9,3.2,91.2,5.5
2026-03-27T02:09:35,0,5.6,70.6,5,2.7,93.8,5.5
2026-03-27T04:09:05,0,5.4,72,5,2.2,96.9,5.5
2026-03-27T06:08:51,0,5.4,73.5,5.1,2.6,95.3,5.5
2026-03-27T08:09:46,0,6.3,76.5,5.7,8.2,78.1,6.5
2026-03-27T10:09:22,0,9.5,76.7,7,9.8,69.4,6.4
2026-03-27T12:09:49,0,13.8,63.8,7.6,9.4,70.7,6.4
2026-03-27T14:10:00,0,15.5,46.8,6.2,9.7,53.1,4.9
2026-03-27T16:09:34,0,13.4,42.9,5,7.7,57.4,4.7
2026-03-27T18:08:53,0,10.1,44.3,4.2,4.1,72.1,4.6
2026-03-27T20:09:16,0,6.8,47.6,3.6,1.5,80.7,4.3
2026-03-27T22:08:48,0,4.5,50.4,3.3,-0.2,85.6,4.1
2026-03-28T00:08:44,0,3.5,52.1,3.2,-2,90,3.8
2026-03-28T02:09:09,0,3,53.3,3.2,-1.5,92.6,4
2026-03-28T04:09:34,0,2.8,53.5,3.1,-1.7,94.9,4.1
2026-03-28T06:09:40,0,2.7,56.4,3.3,0,98.1,4.8
2026-03-28T08:09:57,0,2.7,60.9,3.5,2.3,95.3,5.4
2026-03-28T10:10:37,0,3.3,70.3,4.3,5.1,81.8,5.6
2026-03-28T12:10:05,0,6.3,73.9,5.5,2.7,79.3,4.6
2026-03-28T14:10:04,0,9.4,57.7,5.2,3,78.2,4.7
2026-03-28T16:10:48,0,9.1,54.5,4.8,1.9,84.4,4.7
2026-03-28T18:10:01,0,7,53.5,4.1,1.2,87.4,4.6
2026-03-28T20:10:33,0,5,54.6,3.7,-1.3,91.6,4.1
2026-03-28T22:10:09,0,3.7,56,3.5,-0.6,94.7,4.4
2026-03-29T00:10:34,0,3.1,57,3.4,-1.4,96.7,4.3
2026-03-29T02:11:01,0,2.8,56.8,3.3,-2.3,97.7,4
2026-03-29T04:10:34,0,2.6,56.7,3.3,-0.8,96.5,4.4
2026-03-29T06:10:32,0,2.7,58.8,3.4,2.8,89.4,5.2
2026-03-29T08:09:48,0,2.9,63.4,3.7,8,70.7,5.8
2026-03-29T10:09:02,0,3.7,73.7,4.6,7,66.7,5.2
2026-03-29T12:08:49,0,6.7,71.7,5.4,3.7,85.5,5.3
2026-03-29T14:08:08,0,7.4,67.2,5.3,3.5,90.6,5.6
2026-03-29T16:07:46,0,7.3,68.4,5.4,3.3,93,5.6
2026-03-29T18:08:17,0,7,67.3,5.2,2.3,96,5.4
2026-03-29T20:08:34,0,6,64.6,4.7,0.3,95.2,4.7
2026-03-29T22:08:01,0,5.1,65.7,4.5,0.9,96.3,5
2026-03-30T00:07:42,0,4.2,69.4,4.5,0.7,98.8,5
2026-03-30T02:06:57,0,4,71.3,4.5,0.5,99.3,5
2026-03-30T04:06:25,0,3.9,72.3,4.6,-0.1,100,4.8
2026-03-30T06:06:20,0,3.9,72.4,4.6,-0.1,100,4.8
2026-03-30T08:06:43,0,4.3,73.1,4.7,-0.1,100,4.8
2026-03-30T10:06:24,0,5.3,72.8,5,0.9,95.9,4.9
2026-03-30T12:05:40,0,7.7,70.7,5.7,2.1,89,5
2026-03-30T14:04:55,0,11.1,62.6,6.3,2.7,88.5,5.2
2026-03-30T16:04:52,0,11.7,56.5,5.9,2.7,87.9,5.1
2026-03-30T18:05:09,0,9.4,50.2,4.5,0.1,91.7,4.5
2026-03-30T20:04:22,0,6.4,50.1,3.7,-2.2,95.1,4
2026-03-30T22:04:59,0,4.5,52.5,3.5,-1.2,96.2,4.3
2026-03-31T00:05:18,0,3.5,54.7,3.4,-0.2,95.8,4.6
2026-03-31T02:05:42,0,3.1,56.9,3.4,0,96.5,4.7
2026-03-31T04:05:11,0,2.9,59.1,3.5,0.1,97.2,4.7
2026-03-31T06:04:40,0,2.9,60.9,3.6,0.7,97.2,4.9
2026-03-31T08:04:17,0,3.3,65,3.9,10.4,69.7,6.7
2026-03-31T10:04:22,0,7.7,67.4,5.5,11.5,54.9,5.7
2026-03-31T12:04:50,0,13.8,54.3,6.5,10.6,57,5.6
2026-03-31T14:04:11,0,15.2,44.4,5.8,10,56.2,5.3
2026-03-31T16:04:54,0,14.2,45.6,5.6,9.2,60.7,5.4
2026-03-31T18:05:28,0,11.4,44.4,4.6,5.5,68.9,4.8
2026-03-31T20:05:31,0,8,46.1,3.8,3.6,75.6,4.7
2026-03-31T22:05:09,0,5.3,48.6,3.4,0.9,82.3,4.2
2026-04-01T00:05:19,0,3.9,52,3.3,0.4,87.5,4.4
2026-04-01T02:05:08,0,3.2,54.2,3.3,-1.9,90.5,3.8
2026-04-01T04:05:02,0,2.8,54.7,3.2,-3.4,93,3.6
2026-04-01T06:05:27,0,2.7,54.8,3.2,-0.3,92.6,4.4
2026-04-01T08:05:01,0,2.7,57.4,3.3,1.5,89.1,4.8
2026-04-01T10:05:50,0,2.8,62.2,3.7,2.8,86.7,5.1
2026-04-01T12:06:16,0,5.3,75.3,5.2,5.1,80.2,5.5
2026-04-01T14:05:30,0,11.2,64.9,6.6,5.1,81.2,5.6
2026-04-01T16:05:59,0,12.3,55.2,6,4.5,83.4,5.5
2026-04-01T18:06:29,0,9.8,49.6,4.6,1.4,89,4.8
2026-04-01T20:06:38,0,6.6,50.6,3.8,-0.4,91.8,4.3
2026-04-01T22:06:06,0,4.4,53.1,3.5,-1.4,94.5,4.2
2026-04-02T00:05:19,0,3.5,56,3.4,-1.2,96,4.3
2026-04-02T02:05:11,0,3,57.2,3.4,-0.3,97.5,4.6
2026-04-02T04:05:56,0,2.7,58.5,3.4,-0.1,98.2,4.7
2026-04-02T06:06:28,0,2.7,60.7,3.5,1.6,98.1,5.3
2026-04-02T08:05:54,0,2.7,64.4,3.8,2.7,97.2,5.7
2026-04-02T10:05:44,0,3,69.4,4.1,3.7,95.4,5.9
2026-04-02T12:05:02,0,5.2,77.4,5.3,5.3,90.6,6.3
2026-04-02T14:05:35,0,8.1,77.4,6.4,4.6,92.5,6.1
2026-04-02T16:04:57,0,9.3,66.5,6,4.1,93.8,6
2026-04-02T18:05:23,0,8.5,64.2,5.5,3.4,96.1,5.9
2026-04-02T20:04:57,0,7.5,65.7,5.3,3.1,97.5,5.8
2026-04-02T22:05:46,0,6.8,67.8,5.2,2.7,99.3,5.8
2026-04-03T00:05:44,0,6.3,69.2,5.1,2.8,99.6,5.8
2026-04-03T02:05:38,0,6.1,70.6,5.2,3,100,5.9
2026-04-03T04:05:32,0,5.9,71.3,5.1,3,99.7,5.9
2026-04-03T06:06:10,0,6,72.5,5.3,3.5,97.3,6
2026-04-03T08:06:14,0,7,74.4,5.8,5,93.1,6.3
2026-04-03T10:06:15,0,9.4,73.9,6.7,6.9,88.2,6.8
2026-04-03T12:05:57,0,11.4,67.4,6.9,7.5,86.1,6.9
2026-04-03T14:05:33,0,12,62.2,6.6,7.4,85.9,6.8
2026-04-03T16:05:06,0,11.7,60.8,6.4,5.6,92.5,6.5
2026-04-03T18:04:45,0,10.6,60.9,5.9,5,96.1,6.5
2026-04-03T20:05:18,0,9.3,63.2,5.7,4.4,97.7,6.4
2026-04-03T22:05:24,0,8.2,65.4,5.5,4,98.3,6.3
2026-04-04T00:05:37,0,7.4,67.5,5.4,3.7,99.6,6.2
2026-04-04T02:06:31,0,6.9,69.4,5.3,3.5,100,6.2
2026-04-04T04:06:10,0,6.6,70.9,5.4,3.4,100,6.1
2026-04-04T08:05:50,0,6.8,73.3,5.6,3,100,5.9
2026-04-04T10:06:26,0,7.2,73.6,5.8,2.8,100,5.9
2026-04-04T12:05:42,0,7.7,72.1,5.8,2.8,100,5.9
2026-04-04T14:06:11,0,8,70.4,5.8,3.2,97.7,5.9
2026-04-04T16:06:05,0,7.9,68.3,5.6,3,97.3,5.8
2026-04-04T18:06:47,0,7.2,67.7,5.3,2,100,5.6
2026-04-04T20:06:38,0,6.4,68.3,5.1,1.7,100,5.4
2026-04-04T22:05:55,0,5.7,70,5,1.7,100,5.4
2026-04-05T00:05:59,0,5.4,71.1,5,1.7,100,5.4
2026-04-05T02:05:39,0,5.2,71.7,4.9,1.6,100,5.4
2026-04-05T04:06:11,0,5.2,72.5,5,1.6,100,5.4
2026-04-05T06:05:30,0,5.2,74.4,5.1,2.8,100,5.9
2026-04-05T08:06:00,0,6.5,77,5.8,3.8,99,6.2
2026-04-05T10:05:45,0,8.6,75,6.4,4.7,92.1,6.1
2026-04-05T12:05:57,0,10,66.7,6.3,3.8,92.6,5.8
2026-04-05T14:06:40,0,10.1,62.8,5.9,3.4,89.4,5.5
2026-04-05T16:06:40,0,9.6,59,5.4,2.6,92.1,5.3
2026-04-05T18:06:39,0,8,60.9,5,2.3,100,5.7
2026-04-05T20:06:44,0,6.3,64.9,4.8,3.1,100,6
2026-04-05T22:06:50,0,5.7,68.7,4.9,3.6,100,6.2
2026-04-06T00:06:51,0,5.4,71.4,5,3.4,95.3,5.8
2026-04-06T02:06:09,0,5.2,72.5,5,2.8,91.4,5.4
2026-04-06T04:06:26,0,5.1,72.7,5,2.3,95.7,5.4
2026-04-06T06:06:51,0,4.8,74.3,5,1.9,100,5.5
2026-04-06T08:07:39,0,5.1,76.1,5.2,2.3,100,5.7
2026-04-06T10:07:09,0,5.9,78.1,5.6,3,100,5.9
2026-04-06T12:07:15,0,7.7,77.8,6.3,3.7,98.1,6.1
2026-04-06T14:06:55,0,9.2,71.9,6.4,3.9,98.5,6.2
2026-04-06T16:06:56,0,9.4,67.1,6.1,3.8,99.1,6.2
2026-04-06T18:07:33,0,8.5,64.5,5.5,2.6,100,5.8
2026-04-06T20:08:17,0,7.2,65.9,5.2,2.5,100,5.8
2026-04-06T22:08:17,0,6.2,68.6,5,2.4,100,5.7
2026-04-07T00:08:49,0,5.6,70.9,5,2.5,100,5.8
2026-04-07T02:08:48,0,5.3,72.7,5,2.3,100,5.7
2026-04-07T04:08:35,0,5.1,74.4,5.1,2.3,100,5.7
2026-04-07T06:07:48,0,5.2,76.9,5.3,3.4,99.4,6.1
2026-04-07T08:07:09,0,5.9,79.3,5.7,4.5,92.5,6.1
2026-04-07T10:07:04,0,7.5,74.8,6,5,89.9,6.1
2026-04-07T12:07:38,0,8.2,70.9,5.9,5.4,89.1,6.2
2026-04-07T14:07:37,0,8.5,71.8,6.1,6.9,86.2,6.6
2026-04-07T16:07:12,0,9,72.2,6.4,7.2,80.1,6.3
2026-04-07T18:06:35,0,8.5,65.6,5.6,5.6,80.4,5.7
2026-04-07T20:05:46,0,7,62.4,4.8,4.2,83.1,5.4
2026-04-07T22:06:00,0,5.2,63.2,4.4,2.8,80.7,4.7
2026-04-08T00:05:33,0,3.9,62.5,3.9,2,76.5,4.3
2026-04-08T02:05:29,0,3.4,62.2,3.8,1.1,78.1,4.1
2026-04-08T04:06:04,0,3.1,61.7,3.7,0.1,78.5,3.8
2026-04-08T06:06:05,0,3.1,61.7,3.7,2.3,71.8,4.1
2026-04-08T08:06:17,0,3.2,66.5,4,5.8,56.5,4
2026-04-08T10:06:06,0,5.3,62.6,4.3,4.9,54.3,3.7
2026-04-08T12:06:35,0,9.3,47.4,4.3,5.4,45.9,3.2
2026-04-08T14:06:34,0,11.1,38.8,3.9,5.5,42,2.9
2026-04-08T16:06:39,0,10.5,37.2,3.6,4.8,39.3,2.6
2026-04-08T18:06:46,0,8.3,32.6,2.7,2.6,48,2.8
2026-04-08T20:07:02,0,5.3,34.3,2.4,0.6,51.9,2.6
2026-04-08T22:06:34,0,3.9,35.8,2.3,-0.9,56.9,2.6
2026-04-09T00:07:14,0,3,37.1,2.2,-2.1,62.8,2.6
2026-04-09T02:07:16,0,2.7,37.8,2.2,-3.2,67.9,2.6
2026-04-09T04:08:11,0,2.5,38.6,2.2,-3.4,70.3,2.7
2026-04-09T06:07:17,0,2.5,40.5,2.3,1.7,59.4,3.2
2026-04-09T08:07:38,0,2.6,43.9,2.5,6.5,44,3.3
2026-04-09T10:06:44,0,2.9,49.6,2.9,5.6,43.1,3
2026-04-09T12:06:03,0,5.1,48.4,3.3,5.8,38.6,2.8
2026-04-09T14:05:37,0,9.4,40.2,3.6,6.8,36.4,2.8
2026-04-09T16:04:56,0,10.6,38.8,3.8,4.6,43.6,2.9
2026-04-09T18:05:13,0,8.9,35.8,3.1,2.2,54,3
2026-04-09T20:05:50,0,6,37.2,2.7,-1.1,63.8,2.9
2026-04-09T22:06:35,0,4.3,38.8,2.5,-3.1,72.7,2.8
2026-04-10T00:05:57,0,3.2,40,2.4,-3.9,74.9,2.8
2026-04-10T02:05:44,0,2.8,40.5,2.4,-4.1,73,2.7
2026-04-10T04:06:03,0,2.5,40.6,2.3,-3.1,68.2,2.7
2026-04-10T06:06:47,0,2.6,41.1,2.4,4.3,54.9,3.6
2026-04-10T08:07:00,0,2.7,44.4,2.6,10.8,39.2,3.9
2026-04-10T10:06:14,0,3.2,50.1,3,8.2,30,2.5
2026-04-10T12:07:05,0,8.3,41.7,3.5,7.7,31.1,2.5
2026-04-10T14:06:16,0,12.2,33,3.6,7.5,23.9,1.9
2026-04-10T16:06:45,0,12.6,29.9,3.3,8,28.6,2.4
2026-04-10T18:07:26,0,10.5,28.6,2.8,4.4,37,2.4
2026-04-10T20:06:44,0,7.5,27.9,2.2,2.2,40.9,2.3
2026-04-10T22:06:48,0,5.2,29.2,2,-0.4,49.9,2.4
2026-04-11T00:06:04,0,3.5,30.3,1.9,-1.5,51.4,2.2
2026-04-11T02:05:38,0,2.9,31.2,1.8,-1.5,48.8,2.1
2026-04-11T04:04:53,0,2.5,31.7,1.8,-1.5,50.2,2.2
2026-04-11T06:04:33,0,2.5,32.3,1.9,5.9,42,3
2026-04-11T08:04:24,0,2.7,36,2.1,12.4,33.3,3.6
2026-04-11T10:05:06,0,3.5,45.5,2.8,10.4,28.8,2.8
2026-04-11T12:04:54,0,9.3,39.2,3.5,9.4,23.1,2.1
2026-04-11T14:04:14,0,13.5,29.2,3.4,9.3,22.8,2
2026-04-11T16:04:30,0,13.3,26.6,3.1,8.2,26.2,2.2
2026-04-11T18:05:19,0,11,26.4,2.6,4.8,34.8,2.3
2026-04-11T20:05:31,0,7.8,26.8,2.2,0.8,43.3,2.2
2026-04-11T22:06:15,0,5.3,28,1.9,-1.3,49.6,2.2
2026-04-12T00:05:57,0,3.6,28.8,1.8,-0.9,50,2.3
2026-04-12T02:06:02,0,3,29.9,1.8,0.2,47.3,2.3
2026-04-12T04:06:05,0,2.6,31.1,1.8,0.3,48.6,2.4
2026-04-12T06:06:30,0,2.6,32.7,1.9,7.4,42.8,3.4
2026-04-12T08:05:49,0,2.9,39.1,2.3,14.3,35.6,4.4
2026-04-12T10:05:00,0,5.1,56.8,3.9,10.7,45.9,4.5
2026-04-12T12:05:25,0,11.3,52.4,5.3,9.7,49.7,4.6
2026-04-12T14:05:44,0,14.7,40.7,5.1,9.5,49.6,4.5
2026-04-12T16:06:11,0,14.3,38.3,4.7,9.2,45.8,4.1
2026-04-12T18:06:40,0,12.1,37.5,4,7.1,50.9,4
2026-04-12T20:06:59,0,8.8,38.3,3.3,2.9,61.1,3.6
2026-04-12T22:07:38,0,5.9,40.5,2.9,0.4,68.5,3.4
2026-04-13T00:07:23,0,4.1,42.4,2.7,-1.2,72.1,3.2
2026-04-13T02:08:18,0,3.2,43.9,2.6,-1.8,76.8,3.3
2026-04-13T04:08:10,0,2.8,44.7,2.6,-0.9,74.6,3.4
2026-04-13T06:08:29,0,2.8,44.9,2.6,8.9,57.5,5
2026-04-13T08:07:38,0,3.3,54,3.3,14.7,39.2,4.9
2026-04-13T10:07:15,0,7.9,66.7,5.5,12.5,43,4.7
2026-04-13T12:06:33,0,14.4,48.2,6,10.8,50.6,5
2026-04-13T14:06:02,0,14.8,41.7,5.3,10.7,52.2,5.1
2026-04-13T16:05:51,0,14.3,41.7,5.1,9.9,54,5
2026-04-13T18:05:54,0,12.2,43.2,4.7,7.4,62.6,5
2026-04-13T20:06:26,0,8.9,44.5,3.9,3.8,70.5,4.4
2026-04-13T22:06:17,0,6,47,3.4,1,76.1,4
2026-04-14T00:06:08,0,4.2,48.9,3.2,-0.2,80.2,3.8
2026-04-14T02:05:14,0,3.3,50.2,3,-1.2,82.2,3.7
2026-04-14T04:05:15,0,2.8,50.6,3,-0.5,80.9,3.8
2026-04-14T06:04:45,0,2.8,50.3,3,8.9,66.8,5.9
2026-04-14T08:04:43,0,3.5,58.3,3.6,16.3,47.3,6.6
2026-04-14T10:04:38,0,9.3,67.7,6.1,14.1,44.2,5.4
2026-04-14T12:04:22,0,14.9,49.4,6.3,13,43.7,5
2026-04-14T14:03:56,0,17.1,42.1,6.1,12.1,45.4,4.9
2026-04-14T16:03:36,0,17.3,38.8,5.7,11.7,45.8,4.8
2026-04-14T18:04:19,0,14.8,37.9,4.8,8.6,53.4,4.6
2026-04-14T20:04:20,0,10.9,38.6,3.8,4.6,62.6,4.1
2026-04-14T22:04:19,0,7.4,41,3.3,2,69.4,3.9
2026-04-15T00:03:36,0,5.1,43.3,3,0,75.5,3.7
2026-04-15T02:03:53,0,3.6,45.6,2.8,-1.4,77.3,3.4
2026-04-15T04:04:40,0,3,46.7,2.8,0,74.5,3.6
2026-04-15T06:04:58,0,2.8,47.6,2.8,3.2,70.5,4.3
2026-04-15T08:05:12,0,3.1,49.8,3,10.7,57.7,5.7
2026-04-15T10:04:26,0,7.6,61.2,4.9,16.3,27,3.7
2026-04-15T12:04:49,0,16.5,37.9,5.3,15.2,25.7,3.3
2026-04-15T14:05:23,0,18.9,29.7,4.8,12.2,34.8,3.8
2026-04-15T16:04:44,0,17.3,32.2,4.7,11.2,46.9,4.8
2026-04-15T18:05:16,0,14.5,33.8,4.2,8.9,54.1,4.7
2026-04-15T20:05:09,0,10.7,35.7,3.5,5,62.4,4.2
2026-04-15T22:05:50,0,7.3,37.8,3,3,68.2,4.1
2026-04-16T00:05:23,0,5.1,41,2.8,1.9,74.2,4.1
2026-04-16T02:04:48,0,3.7,44.3,2.8,2.1,76.8,4.3
2026-04-16T04:05:07,0,3.2,47.7,2.9,2.7,78.3,4.6
2026-04-16T06:04:57,0,3.5,52.7,3.2,4.8,76.7,5.1
2026-04-16T08:05:46,0,5.2,59,4.1,5.7,79.6,5.7
2026-04-16T10:06:23,0,6.9,62.8,4.8,7.4,77.2,6.1
2026-04-16T12:05:34,0,9.1,66.1,5.9,10.5,68.1,6.6
2026-04-16T14:04:53,0,12.1,62.9,6.7,11.8,62.5,6.6
2026-04-16T16:04:18,0,12.8,56.3,6.3,10,71.6,6.7
2026-04-16T18:04:02,0,11.9,57.3,6.1,9.1,74.3,6.6
2026-04-16T20:04:45,0,10.9,57.2,5.7,8.9,71.8,6.3
2026-04-16T22:04:39,0,10.1,59.4,5.6,8.6,73,6.3
2026-04-17T00:05:08,0,9.6,62.3,5.7,8,80.1,6.6
2026-04-17T02:05:03,0,9.2,64.7,5.8,7.1,81.8,6.4
2026-04-17T04:05:05,0,8.8,64.5,5.6,7.5,76.2,6.1
2026-04-17T06:04:23,0,8.6,67.3,5.8,12.3,55.8,6.1
2026-04-17T08:03:46,0,10.6,65.1,6.4,16.7,38.1,5.4
2026-04-17T10:03:25,0,14.8,46.1,5.8,15.4,36.1,4.7
2026-04-17T12:02:57,0,18.3,34.2,5.3,14.1,33.1,4
2026-04-17T14:02:14,0,18.8,30.6,4.9,14,34.6,4.2
2026-04-17T16:01:46,0,17.7,32.3,4.9,13.4,37.3,4.3
2026-04-17T18:00:56,0,15,33.9,4.3,11,43.6,4.4
2026-04-17T20:00:44,0,11.7,35.1,3.7,8.5,49.1,4.2
2026-04-17T22:01:08,0,8.8,37.5,3.3,6.1,54.8,4
2026-04-18T00:01:09,0,6.7,39.3,3,5.7,56.7,4
2026-04-18T02:00:29,0,5.2,41.6,2.9,3.3,63.3,3.8
2026-04-18T04:00:02,0,3.8,44.7,2.8,2.4,65.9,3.8
2026-04-18T06:00:47,0,3.7,46.6,2.9,12.6,48.6,5.4
2026-04-18T08:01:23,0,7.5,51.2,4.1,17.1,31.5,4.6
2026-04-18T10:02:04,0,14.1,45.2,5.5,14.2,33.8,4.1
2026-04-18T12:01:46,0,17.9,35.4,5.4,10.4,44.4,4.3
2026-04-18T14:01:07,0,19.1,32.3,5.3,9.8,46.6,4.3
2026-04-18T16:00:45,0,18.2,30.6,4.8,8.9,50.2,4.4
2026-04-18T18:00:53,0,15.4,30.6,4,7,56,4.3
2026-04-18T20:01:10,0,11.8,32.3,3.4,5.4,59.1,4.1
2026-04-18T22:01:10,0,9.4,34.4,3.1,5,57.9,3.9
2026-04-19T00:00:25,0,7.7,36.1,2.9,3.3,60.3,3.7
2026-04-19T02:01:09,0,5.3,36.7,2.5,0.3,65.7,3.3
2026-04-19T04:00:55,0,3.7,39,2.4,-0.4,69.3,3.3
2026-04-19T06:00:43,0,3.3,44,2.7,6.9,54,4.2
2026-04-19T08:01:07,0,5.6,56.5,4,10.6,37.2,3.6
2026-04-19T10:01:35,0,11.9,41.7,4.4,9.1,43.8,3.9
2026-04-19T12:02:25,0,17.1,35.2,5.1,8.2,44.5,3.7
2026-04-19T14:01:55,0,19.4,28.9,4.8,8,46.3,3.8
2026-04-19T16:02:06,0,18.3,27.9,4.4,7.7,46.2,3.7
2026-04-19T18:01:26,0,15,28.7,3.7,5.5,52.2,3.7
2026-04-19T20:01:01,0,10.5,28.5,2.8,3.6,51.3,3.2
2026-04-19T22:00:20,0,6.7,29.7,2.3,2.4,51.5,2.9
2026-04-19T23:59:37,0,4.3,31.2,2,0.9,54.9,2.8
2026-04-20T01:59:40,0,2.9,33.2,2,-0.2,58,2.8
2026-04-20T03:59:45,0,2.3,34.6,2,0.4,57.7,2.9
2026-04-20T05:59:18,0,2.5,35.6,2,9,43.3,3.8
2026-04-20T07:58:35,0,4.5,38.5,2.5,14.5,27.9,3.5
2026-04-20T09:58:46,0,10.5,37.6,3.6,12.3,27,2.9
2026-04-20T11:59:02,0,16.4,28.8,4,11,30.5,3.1
2026-04-20T13:59:35,0,18.6,24.3,3.9,11.8,28.7,3
2026-04-20T15:59:59,0,17.4,23.9,3.5,11.8,28.6,3
2026-04-20T18:00:27,0,14.6,24.6,3.1,9.8,33.3,3.1
2026-04-20T19:59:47,0,10.9,25.4,2.5,6,40.4,2.9
2026-04-20T21:59:50,0,7.1,26.9,2.1,2.8,49.2,2.9
2026-04-20T23:59:02,0,4.3,28.6,1.9,0.8,51.3,2.6
2026-04-21T01:59:44,0,2.7,30.7,1.8,1,52,2.7
2026-04-21T03:59:29,0,2.1,32.2,1.8,2.6,51.2,3
2026-04-21T06:00:04,0,2.5,34.2,2,12.1,35.8,3.8
2026-04-21T08:00:03,0,5.5,37.3,2.6,19.1,24,3.9
2026-04-21T09:59:42,0,12.1,36.3,3.9,15.3,25.8,3.4
2026-04-21T11:58:58,0,17.5,29.1,4.3,13.2,29,3.3
2026-04-21T13:58:47,0,19.7,24.7,4.2,13.8,28.7,3.4
2026-04-21T15:59:33,0,18.6,24.5,3.9,14.3,26.3,3.2
2026-04-21T17:58:58,0,16,25.9,3.5,11.7,33.2,3.5
2026-04-21T19:59:25,0,12,26.7,2.8,6.9,42.8,3.3
2026-04-21T21:59:09,0,8.1,28.7,2.4,6,51.5,3.7
2026-04-21T23:58:53,0,6.5,32.3,2.4,5.7,58.4,4.2
2026-04-22T01:58:19,0,5.6,38.2,2.7,5.1,61.2,4.2
2026-04-22T03:57:55,0,5.1,43.9,3,5.2,62.7,4.3
2026-04-22T05:58:13,0,5.4,50.9,3.6,11,46.8,4.7
2026-04-22T07:57:41,0,8.3,54.4,4.6,9.9,48.8,4.6
2026-04-22T09:56:50,0,11.2,47.7,4.8,9.8,52.7,4.9
2026-04-22T11:56:32,0,12.8,43.8,4.9,9.8,52.6,4.9
2026-04-22T13:55:57,0,14.4,43.6,5.4,10.4,52.6,5.1
2026-04-22T15:55:37,0,14.6,39.5,4.9,10.3,53.6,5.1
2026-04-22T17:55:38,0,13,41.7,4.7,9.1,56.5,5
2026-04-22T19:55:34,0,11.1,41.9,4.2,8.5,43.4,3.7
2026-04-22T21:55:22,0,9.7,35.5,3.3,5.4,45.5,3.2
2026-04-22T23:56:03,0,7.6,34,2.7,2.3,47.1,2.7
2026-04-23T01:56:38,0,5.3,34.6,2.4,0.5,52.2,2.6
2026-04-23T03:55:55,0,3.4,37.6,2.3,1.3,52.3,2.8
2026-04-23T05:56:28,0,3.1,40.4,2.4,5.6,39,2.8
2026-04-23T07:56:40,0,5.4,42.9,3,7,36.6,2.8
2026-04-23T09:55:52,0,9.7,37.6,3.5,8,35.1,2.9
2026-04-23T11:56:24,0,13.2,30,3.4,7.4,36.1,2.9
2026-04-23T13:56:11,0,15.1,27.3,3.5,8.4,35.4,3
2026-04-23T15:55:56,0,14.9,26.6,3.4,8.6,36.9,3.2
2026-04-23T17:55:38,0,13.1,27.2,3.1,7.6,40.3,3.2
2026-04-23T19:55:57,0,10.2,28.3,2.7,4.1,50.8,3.3
2026-04-23T21:55:48,0,7.1,28.8,2.2,2.4,56.8,3.2
2026-04-23T23:54:55,0,5.2,31.2,2.1,1.5,62.3,3.3
2026-04-24T01:54:51,0,4,33.8,2.1,0.3,67.7,3.4
2026-04-24T03:54:44,0,3,37.6,2.2,1.7,68.9,3.8
2026-04-24T05:54:32,0,3.8,41.4,2.6,6.1,64.9,4.7
2026-04-24T07:53:56,0,7.6,45.3,3.6,13.3,36,4.2
2026-04-24T09:54:04,0,13,42.1,4.8,12.8,31.9,3.6
2026-04-24T11:54:14,0,16.3,29.5,4.1,10.8,33.7,3.3
2026-04-24T13:53:35,0,17.4,25.5,3.8,10.7,30.7,3
2026-04-24T15:53:21,0,16.9,24.1,3.5,9.7,33.5,3.1
2026-04-24T17:53:10,0,14.5,25.3,3.1,7.8,39,3.2
2026-04-24T19:53:56,0,11.3,26,2.7,4.5,47.2,3.1
2026-04-24T21:54:42,0,7.6,27.1,2.2,2.2,53.9,3
2026-04-24T23:54:02,0,6.2,29.1,2.1,3.3,56,3.4
2026-04-25T01:54:05,0,6.1,31.2,2.3,4.2,60.5,3.9
2026-04-25T03:54:53,0,6.4,34.2,2.5,4.6,74.4,4.9
2026-04-25T05:54:39,0,7.1,40.1,3.1,5.3,82,5.7
2026-04-25T07:54:25,0,8.7,49,4.2,8.1,73.2,6.1
2026-04-25T09:53:36,0,11.8,53.9,5.7,10.3,58.6,5.6
2026-04-25T11:53:38,0,13.3,46.8,5.4,8,70.9,5.9
2026-04-25T13:52:44,0,13.4,48.7,5.7,7.5,74.3,5.9
2026-04-25T15:52:17,0,13.7,42.2,5,7.4,56.8,4.5
2026-04-25T17:51:40,0,11.9,38.7,4.1,3,73.4,4.4
2026-04-25T19:51:51,0,9,42.5,3.7,0.7,89.8,4.6
2026-04-25T21:51:38,0,6.7,46.2,3.5,0,92.4,4.5
2026-04-25T23:50:54,0,5.3,51.3,3.6,-0.2,92.5,4.4
2026-04-26T01:50:42,0,4.4,52.4,3.4,-0.2,79.2,3.8
2026-04-26T03:49:54,0,3.6,51.4,3.2,-0.2,72.5,3.5
2026-04-26T05:50:38,0,3.6,51,3.2,1.4,58.3,3.1
2026-04-26T07:50:28,0,5.1,46.7,3.2,5.3,38.8,2.7
2026-04-26T09:50:40,0,7.9,35.9,2.9,5.1,34.6,2.4
2026-04-26T11:51:32,0,9.8,29.7,2.8,5.3,32.8,2.3
2026-04-26T13:51:58,0,11.1,27.1,2.7,5.9,31.5,2.3
2026-04-26T15:51:48,0,11.1,25.9,2.6,6.3,31.9,2.4
2026-04-26T17:51:50,0,10.3,26,2.5,4.7,39,2.6
2026-04-26T19:51:13,0,8,27.2,2.2,2.4,46,2.6
2026-04-26T21:50:26,0,5.3,28.4,2,0.7,54.2,2.8
2026-04-26T23:50:59,0,3.7,31.3,2,0.4,57,2.8
2026-04-27T01:50:35,0,3.3,35.5,2.2,0.3,61.4,3
2026-04-27T03:51:03,0,2.7,39.2,2.3,0.9,60.8,3.1
2026-04-27T05:50:46,0,3.4,42.9,2.6,5.3,47,3.3
2026-04-27T07:51:16,0,6.7,43.2,3.3,10.3,30,2.9
2026-04-27T09:51:41,0,11,32.7,3.3,8.8,29,2.5
2026-04-27T11:51:25,0,13.9,27.7,3.3,8.3,34.2,2.9
2026-04-27T13:50:56,0,15.1,24.9,3.2,7.8,32.9,2.7
2026-04-27T15:50:21,0,14.3,25.6,3.1,6.2,40.8,3
2026-04-27T17:49:43,0,12.4,29,3.2,3.9,55.9,3.5
2026-04-27T19:49:47,0,9.8,30.6,2.8,2,64.1,3.6
2026-04-27T21:50:17,0,6.9,31.4,2.4,1.6,58.1,3.1
2026-04-27T23:50:24,0,5.1,33.8,2.3,0.5,61.4,3.1
2026-04-28T01:50:37,0,3.4,36.5,2.2,-0.1,61.9,3
2026-04-28T03:50:25,0,2.6,40.2,2.3,1.4,61.9,3.3
2026-04-28T05:50:14,0,3.5,45.9,2.8,5.7,48.6,3.5
2026-04-28T07:50:48,0,6.6,43.9,3.3,6.7,39.8,3
2026-04-28T09:51:28,0,10.2,34.3,3.3,5.5,38.2,2.7
2026-04-28T11:51:25,0,11.8,29.4,3.1,5.5,41.7,2.9
2026-04-28T13:52:06,0,12.3,28.2,3.1,5.9,38.3,2.8
2026-04-28T15:52:44,0,12.4,27.2,3,5.7,40.5,2.9
2026-04-28T17:53:26,0,11.1,26.9,2.7,4.5,42.6,2.8
2026-04-28T19:53:51,0,9.1,27.5,2.4,2.1,48.6,2.7
2026-04-28T21:53:17,0,6.4,29.1,2.2,1.1,53.7,2.8
2026-04-28T23:53:36,0,5.3,31.7,2.2,2,53.6,3
2026-04-29T01:53:08,0,5.2,34.1,2.3,1.6,55.1,3
2026-04-29T03:53:37,0,4.8,35.8,2.4,1.7,55.2,3
2026-04-29T05:53:22,0,5.5,38.1,2.7,4.7,42.4,2.8
2026-04-29T07:52:54,0,8.7,36.8,3.2,9.5,31.9,2.9
2026-04-29T09:52:44,0,13.7,31.2,3.7,9.6,32.2,2.9
2026-04-29T11:52:04,0,17.6,24.5,3.7,7.6,33.2,2.7
2026-04-29T13:52:54,0,19,21.3,3.5,8.7,30.7,2.7
2026-04-29T15:52:44,0,18.8,20.7,3.3,9.5,29.9,2.7
2026-04-29T17:53:27,0,16.5,20,2.8,7.5,34.1,2.7
2026-04-29T19:52:45,0,13,20.7,2.3,4.3,40.9,2.7
2026-04-29T21:52:28,0,9.4,21.4,1.9,1.6,47,2.5
2026-04-29T23:52:07,0,6.1,21.8,1.6,0.2,51.9,2.6
2026-04-30T01:52:34,0,4.9,24.1,1.6,1.3,54.8,2.9
2026-04-30T03:53:08,0,5.2,26.7,1.8,2.6,58.1,3.4
2026-04-30T05:52:51,0,6.3,30.8,2.3,4.5,60.9,4
2026-04-30T07:52:36,0,9.7,38,3.5,8.6,65.6,5.6
2026-04-30T09:52:37,0,14.4,45,5.6,14.2,54.9,6.7
2026-04-30T11:52:08,0,20,40.8,7,15.2,52.7,6.8
2026-04-30T13:51:48,0,22.5,36.7,7.3,16,49.9,6.8
2026-04-30T15:51:05,0,22.4,33.4,6.6,15.7,50.9,6.8
2026-04-30T17:51:35,0,21.2,34.2,6.3,14,56.7,6.8
2026-04-30T19:51:42,0,19,35.8,5.8,12.4,60.7,6.6
2026-04-30T21:52:08,0,16.7,37.8,5.4,10.1,66.4,6.3
2026-04-30T23:52:23,0,14.2,40.6,5,8.3,71.8,6.1
2026-05-01T01:51:40,0,11.9,42.2,4.5,6.4,76.4,5.7
2026-05-01T03:51:14,0,9.7,43.7,4,7.6,75.4,6.1
2026-05-01T05:52:02,0,10.2,49.9,4.7,17.9,52.6,8
2026-05-01T07:52:41,0,15,54.6,7,23.4,38.4,8.1
2026-05-01T09:52:05,0,20.6,43.9,7.9,22.3,34.5,6.8
2026-05-01T11:52:08,0,24.8,31.4,7.1,19.7,35.9,6.1
2026-05-01T13:51:33,0,28,24.9,6.8,20.1,32.5,5.6
2026-05-01T15:51:32,0,28.1,23,6.3,20.6,30.4,5.4
2026-05-01T17:51:23,0,25.9,25.3,6.1,17.2,41.2,6
2026-05-01T19:50:56,0,22.2,24,4.7,13.1,44.6,5.1
2026-05-01T21:51:08,0,18.4,26.6,4.2,8.9,58.8,5.1
2026-05-01T23:50:31,0,14.6,26.8,3.4,5.9,67.8,4.9
2026-05-02T01:49:58,0,10.9,28.7,2.9,3.7,75.8,4.7
2026-05-02T03:50:53,0,8.1,31.1,2.6,5.5,74.5,5.2
2026-05-02T05:50:14,0,8.9,36.7,3.2,14.6,56,7
2026-05-02T07:50:17,0,14.4,44.3,5.5,23.7,35.8,7.7
2026-05-02T09:51:03,0,21.4,42.5,8,23.4,33.8,7.1
2026-05-02T11:51:43,0,26.5,30.3,7.6,20.2,34.7,6.1
2026-05-02T13:51:13,0,28.4,24.3,6.8,18.9,36.1,5.8
2026-05-02T15:50:34,0,27.5,21.7,5.7,18.2,30.7,4.8
2026-05-02T17:50:38,0,24.6,23.5,5.3,16,42,5.7
2026-05-02T19:51:19,0,21.5,25.3,4.8,12.3,52.6,5.7
2026-05-02T21:51:39,0,17.8,27,4.1,8.3,70.2,5.9
2026-05-02T23:51:30,0,14.9,29.2,3.7,6.8,75,5.7
2026-05-03T01:51:16,0,12.6,32.2,3.6,5.6,77.6,5.5
2026-05-03T03:51:01,0,10.7,35.3,3.5,6.6,78.6,5.9
2026-05-03T05:51:31,0,11.3,42.2,4.3,11.7,64.3,6.7
2026-05-03T07:51:47,0,14,46.9,5.7,13.3,66.2,7.6
2026-05-03T09:51:31,0,17.2,49.6,7.3,16.7,53.8,7.6
2026-05-03T11:51:03,0,20.6,43,7.7,16.8,53.3,7.6
2026-05-03T13:50:15,0,23.6,37.6,8,17.5,48.6,7.2
2026-05-03T15:50:07,0,24.2,31.6,7,16.5,48.8,6.8
2026-05-03T17:50:13,0,22.5,31.2,6.2,14.8,54.1,6.9
2026-05-03T19:50:27,0,20.2,33,5.8,12.8,61.3,6.9
2026-05-03T21:50:18,0,18,35.2,5.4,11.7,62.8,6.6
2026-05-03T23:50:37,0,16.4,36.3,5.1,10.5,56.5,5.5
2026-05-04T01:51:15,0,14.9,35.3,4.5,9,53.5,4.7
2026-05-04T03:51:26,0,12.9,35.1,4,8.9,53.5,4.7
2026-05-04T05:50:56,0,12.4,38.7,4.2,13.3,45.5,5.3
2026-05-04T07:51:29,0,16,40.5,5.5,16.1,41.8,5.7
2026-05-04T09:51:07,0,17.8,39,5.9,12.6,57.1,6.3
2026-05-04T11:51:28,0,17.8,42.3,6.4,10.6,72.4,7.1
2026-05-04T13:51:48,0,18.7,47,7.5,11.7,73.8,7.7
2026-05-04T15:52:19,0,19,46.2,7.5,11.7,71.2,7.4
2026-05-04T17:52:20,0,17,47.8,6.9,10.5,80.1,7.8
2026-05-04T19:51:33,0,14.4,50.4,6.2,8.6,80.8,6.9
2026-05-04T21:50:55,0,12.3,54.6,5.9,7.7,84.6,6.9
2026-05-04T23:51:02,0,11.1,59.2,6,6.1,90.4,6.6
2026-05-05T01:50:14,0,10.3,61,5.8,6,89.5,6.5
2026-05-05T03:50:41,0,9.5,62.6,5.7,5.1,96.8,6.6
2026-05-05T05:50:18,0,9.6,65.2,6,11.1,67.7,6.8
2026-05-05T07:50:29,0,12,62.7,6.7,16.4,46.1,6.4
2026-05-05T09:49:55,0,15.1,47.7,6.2,15.4,39.2,5.1
2026-05-05T11:50:14,0,17.4,35.4,5.2,12.1,40.3,4.3
2026-05-05T13:51:03,0,18,29.9,4.6,11.5,39.1,4
2026-05-05T15:51:13,0,17.6,27.7,4.2,10.3,36.4,3.5
2026-05-05T17:50:28,0,15.1,27.3,3.5,7.8,42.7,3.5
2026-05-05T19:49:42,0,11.4,28.3,2.9,4.6,50.5,3.3
2026-05-05T21:49:15,0,7.8,30.3,2.5,1.6,60.4,3.3
2026-05-05T23:48:24,0,5.2,31.8,2.2,-0.1,67.5,3.3
2026-05-06T01:48:41,0,2.9,33.8,2,-1.7,72.7,3.1
2026-05-06T03:47:59,0,1,35.8,1.9,1.5,69.9,3.8
2026-05-06T05:47:38,0,1.6,45,2.4,11,50.1,5
2026-05-06T07:47:55,0,6.2,54,4,16.2,31.4,4.3
2026-05-06T09:48:14,0,11.9,41.9,4.4,13.6,30.5,3.6
2026-05-06T11:47:49,0,17.6,27.4,4.1,11.8,30,3.2
2026-05-06T13:47:10,0,19.7,25.3,4.3,11.2,35.8,3.6
2026-05-06T15:46:50,0,18.1,23.5,3.6,9.9,38,3.5
2026-05-06T17:46:23,0,15.5,25.7,3.4,9.1,41.4,3.7
2026-05-06T19:46:48,0,12,27.1,2.9,5.2,54.2,3.7
2026-05-06T21:47:12,0,7.4,27.6,2.2,2.7,53.5,3.1
2026-05-06T23:47:53,0,4.7,29.8,2,1.2,53.7,2.8
2026-05-07T01:48:01,0,2.4,31.2,1.8,0,53.6,2.6
2026-05-07T03:47:51,0,0.9,33.1,1.7,2.4,51.2,2.9
2026-05-07T05:47:35,0,2.3,37.1,2.1,10.5,39.8,3.9
2026-05-07T07:47:30,0,8.5,39.1,3.3,19.5,28.2,4.7
2026-05-07T09:48:21,0,16.2,34.3,4.7,17.8,23.6,3.6
2026-05-07T11:48:14,0,21.7,23.5,4.5,13,25.4,2.9
2026-05-07T13:47:33,0,23.2,19.2,4,12.2,24.8,2.7
2026-05-07T15:46:47,0,22.1,17.9,3.5,10.9,27.2,2.7
2026-05-07T17:46:34,0,19.1,18.3,3,10,29.9,2.8
2026-05-07T19:45:38,0,14.9,18.9,2.4,5.9,38,2.7
2026-05-07T21:45:14,0,10.6,20.1,2,5.4,41.8,2.9
2026-05-07T23:44:48,0,8,21,1.7,4.4,48.8,3.2
2026-05-08T01:44:52,0,6.2,23,1.7,2.5,54,3.1
2026-05-08T03:45:14,0,4.8,25.1,1.7,4.9,53.3,3.6
2026-05-08T05:45:37,0,5.9,30.1,2.2,11.1,40.3,4.1
2026-05-08T07:46:13,0,10.6,34.5,3.4,15.4,28.6,3.8
2026-05-08T09:46:31,0,16.2,32.3,4.5,14.7,24.5,3.1
2026-05-08T11:45:55,0,20.4,21.3,3.8,13.2,23.8,2.7
2026-05-08T13:45:02,0,23.3,17.8,3.7,13.7,23.6,2.8
2026-05-08T15:45:01,0,23.6,17.7,3.8,13.5,26.4,3.1
2026-05-08T17:45:14,0,21.7,18,3.4,11.8,30,3.2
2026-05-08T19:45:33,0,17.5,19.4,2.9,7.5,40.8,3.3
2026-05-08T21:46:08,0,12.3,20.1,2.2,3.6,49.3,3.1
2026-05-08T23:46:47,0,8,20.6,1.7,1.6,57.3,3.1
2026-05-09T01:47:36,0,4.5,22.7,1.5,-0.2,64.1,3.1
2026-05-09T03:46:53,0,2.7,25.2,1.5,2.4,62.2,3.6
2026-05-09T05:47:38,0,5.1,29.8,2,11.8,43.9,4.6
2026-05-09T07:48:03,0,11.1,35.2,3.5,13.6,28.4,3.3
2026-05-09T09:48:22,0,17.5,27.8,4.1,14.2,25.6,3.1
2026-05-09T11:48:56,0,22.1,20.3,4,12.7,26,2.9
2026-05-09T13:48:31,0,23.7,16.9,3.6,12.4,25,2.7
2026-05-09T15:48:29,0,22.9,17.1,3.5,12.1,28.5,3.1
2026-05-09T17:48:05,0,20.4,17.3,3.1,11.2,30.7,3.1
2026-05-09T19:48:13,0,17.1,17.8,2.6,9.3,32.2,2.9
2026-05-09T21:48:41,0,13.2,18.2,2.1,5.9,38,2.7
2026-05-09T23:48:01,0,8.9,18.4,1.6,2.9,46.1,2.7
2026-05-10T01:48:05,0,5.5,19.8,1.4,1.5,51.7,2.8
2026-05-10T03:47:29,0,3.6,21.6,1.3,4.2,54.8,3.5
2026-05-10T05:46:55,0,5.7,25.9,1.8,13.2,46.6,5.3
2026-05-10T07:47:12,0,12.7,36.5,4.1,17,33,4.8
2026-05-10T09:47:53,0,20.2,32.4,5.7,15.6,34,4.5
2026-05-10T11:48:18,0,24.5,23,5.1,13.6,35.8,4.2
2026-05-10T13:48:48,0,25.1,20.4,4.7,13,41,4.6
2026-05-10T15:48:27,0,24.2,20.9,4.6,12.1,45.9,4.9
2026-05-10T17:47:59,0,21.4,22.3,4.2,11.1,50.7,5.1
2026-05-10T19:48:18,0,18.9,23.3,3.8,10,57.5,5.4
2026-05-10T23:48:20,0,15.1,27.6,3.6,8.7,66.3,5.7
2026-05-11T01:47:53,0,13.7,29.6,3.5,8.1,68.2,5.7
2026-05-11T03:47:58,0,11.7,30.3,3.2,8.5,69,5.9
2026-05-11T05:48:35,0,12.2,35.2,3.8,12.2,56.8,6.1
2026-05-11T07:49:12,0,14.9,37.8,4.8,12.3,53.2,5.8
2026-05-11T09:48:25,0,19.4,37.3,6.2,14.6,42.2,5.3
2026-05-11T11:47:50,0,22.4,30.8,6.1,14.1,50.2,6.1
2026-05-11T13:47:54,0,23.3,28.8,6,13.6,48.8,5.7
2026-05-11T15:47:45,0,22.8,28.6,5.8,12.1,58.5,6.3
2026-05-11T17:47:56,0,20.6,29.5,5.3,11.9,59.2,6.3
2026-05-11T19:48:33,0,18.3,31.3,4.9,10.9,64.7,6.4
2026-05-11T21:48:44,0,16.3,32.8,4.5,10.2,68.4,6.5
2026-05-11T23:49:38,0,14.4,36.6,4.5,10.6,69,6.7
2026-05-12T01:49:53,0,13.3,41.5,4.8,9.6,71.9,6.6
2026-05-12T03:50:17,0,12.2,45.5,4.9,9.7,71.9,6.6
2026-05-12T05:49:25,0,12.8,51.1,5.7,10.8,68.1,6.7
2026-05-12T07:49:40,0,14.7,50.7,6.4,11.5,66.3,6.8
2026-05-12T09:50:21,0,16,49.4,6.7,11.3,73.8,7.5
2026-05-12T11:50:48,0,16.3,51.3,7.1,12,77.4,8.2
2026-05-12T13:50:31,0,17,50.9,7.4,13.3,67.3,7.8
2026-05-12T15:50:25,0,16.9,51.6,7.4,14.7,63.8,8
2026-05-12T17:50:31,0,16.6,51.1,7.2,14.1,64.5,7.8
2026-05-12T19:51:11,0,15.5,51.8,6.8,12.8,68.9,7.7
2026-05-12T21:50:53,0,14.4,53.4,6.6,11.7,72.3,7.6
2026-05-12T23:50:48,0,13.3,55.8,6.4,11.7,73.5,7.7
2026-05-13T01:51:24,0,12.7,57.4,6.4,11,77.2,7.7
2026-05-13T03:51:49,0,12.3,59.4,6.4,10,79.8,7.5
2026-05-13T05:51:46,0,13.1,62.3,7.1,12.2,75.9,8.2
2026-05-13T07:51:04,0,14.9,64.9,8.3,13.8,77.3,9.2
2026-05-13T09:51:27,0,17.3,65.6,9.7,15.8,72.1,9.7
2026-05-13T11:51:17,0,20.8,56,10.1,17.5,64.9,9.7
2026-05-13T13:51:32,0,21.2,48.3,8.9,16.1,67,9.2
2026-05-13T15:50:45,0,20,49.7,8.6,14.1,79.5,9.6
2026-05-13T17:51:33,0,18.5,52.2,8.3,12.8,85,9.5
2026-05-13T19:51:43,0,17.1,57.1,8.3,12.7,92.1,10.2
2026-05-13T21:50:58,0,15.4,62.4,8.2,10,97.4,9.1
2026-05-13T23:50:56,0,13.6,59.5,7,7,98.5,7.6
2026-05-14T01:51:37,0,11.9,61,6.5,6.5,99.2,7.4
2026-05-14T03:52:15,0,10.5,63.8,6.2,6.7,96.3,7.3
2026-05-14T05:51:34,0,10.1,67.3,6.4,7.5,89,7.1
2026-05-14T07:50:53,0,10.9,67.1,6.7,7.9,84,6.9
2026-05-14T09:50:38,0,13,64.5,7.3,11,66,6.6
2026-05-14T11:50:19,0,16.2,54.7,7.5,11.6,63.5,6.6
2026-05-14T13:49:59,0,18.5,48,7.6,12.4,60.6,6.6
2026-05-14T15:49:11,0,18.9,43.2,7,11.7,63.1,6.6
2026-05-14T17:48:48,0,16.4,43.4,6.1,10.4,68.5,6.6
2026-05-14T19:49:35,0,13.1,46.7,5.3,9,72.8,6.4
2026-05-14T21:49:59,0,10.2,50.8,4.8,7.7,76.6,6.2
2026-05-14T23:49:43,0,8,54,4.5,6.6,80.4,6.1
2026-05-15T01:49:07,0,6.5,58.4,4.4,7,82.9,6.4
2026-05-15T03:48:23,0,5.8,64.7,4.6,8.2,82,6.9
2026-05-15T05:48:11,0,7.7,79.8,6.5,13.6,63.5,7.5
2026-05-15T07:47:51,0,12.4,77,8.4,16.5,52.1,7.3
2026-05-15T09:47:28,0,17.2,48.9,7.2,15.8,45.7,6.1
2026-05-15T11:48:27,0,19.8,39.2,6.7,15.1,44.1,5.7
2026-05-15T13:47:53,0,20.8,36.6,6.6,16.1,44.2,6.1
2026-05-15T15:47:23,0,21,35.3,6.5,17,44.8,6.5
2026-05-15T17:46:59,0,19.3,35,5.8,15.4,49,6.4
2026-05-15T19:46:47,0,16.2,37,5.1,11.7,61.2,6.4
2026-05-15T21:46:52,0,12.9,39.1,4.4,9.6,67.2,6.2
2026-05-15T23:47:22,0,10.8,42.7,4.2,9.4,67.9,6.1
2026-05-16T01:47:26,0,9.9,46.4,4.3,9.1,71.7,6.4
2026-05-16T03:47:22,0,9.4,49.7,4.5,9.1,75.3,6.7
2026-05-16T05:46:33,0,10.1,54,5.1,10.8,71,7
2026-05-16T07:46:15,0,12.2,57.3,6.2,13.1,72.2,8.2
2026-05-16T09:45:59,0,15.5,57.9,7.7,15.4,60.5,7.9
2026-05-16T11:45:17,0,20,49.8,8.6,17.7,47.3,7.1
2026-05-16T13:44:44,0,23.3,35.8,7.5,18.1,43.4,6.7
2026-05-16T15:45:35,0,23.1,28.9,6,17.8,35,5.3
2026-05-16T17:45:36,0,20.5,32.1,5.7,14.5,50.2,6.2
2026-05-16T19:46:13,0,17.1,34.2,5,11.6,57.7,6
2026-05-16T21:46:16,0,13.9,35.9,4.3,10.4,64.7,6.2
2026-05-16T23:46:04,0,11.9,41.5,4.4,8.9,74.8,6.6
2026-05-17T01:46:46,0,10.2,46.4,4.4,7.1,77.8,6.1
2026-05-17T03:46:46,0,9,51,4.5,8.1,80.7,6.7
2026-05-17T05:46:16,0,9.3,55.9,5,11,75.7,7.6
2026-05-17T07:45:32,0,12.7,61.4,6.8,17.4,51.9,7.7
2026-05-17T09:46:11,0,19.1,53.3,8.7,16.3,49.3,6.8
2026-05-17T11:45:31,0,21.9,35.2,6.8,15.7,42.7,5.7
2026-05-17T13:45:05,0,23.2,30.7,6.4,15.1,42.6,5.5
2026-05-17T15:45:37,0,22.5,29.6,5.9,14.4,46.1,5.7
2026-05-17T17:45:59,0,19.9,31.6,5.4,13.3,49.4,5.7
2026-05-17T19:45:24,0,16.1,33.7,4.6,9.8,59,5.5
2026-05-17T21:44:57,0,11.8,36,3.8,6.3,72.2,5.3
2026-05-17T23:44:35,0,7.9,38,3.1,4.3,78.4,5.1
2026-05-18T01:45:02,0,5.2,41.9,2.9,2.7,83.4,4.9
2026-05-18T03:45:17,0,4,45.5,2.9,7.5,76.5,6.1
2026-05-18T05:45:33,0,5.3,51.5,3.6,14.7,58.8,7.4
2026-05-18T07:46:01,0,11.7,58,6.1,21.2,41.4,7.7
2026-05-18T09:46:16,0,19.7,49.4,8.4,22.1,34,6.6
2026-05-18T11:45:55,0,24.6,29.8,6.7,20,32.7,5.6
2026-05-18T13:45:31,0,26,25.4,6.2,20.2,31.1,5.4
2026-05-18T15:45:09,0,24.5,24.3,5.4,19.4,34.3,5.7
2026-05-18T17:45:38,0,21.9,26.3,5.1,18,39.1,6
2026-05-18T19:45:19,0,19,28.2,4.6,16.2,44.7,6.2
2026-05-18T21:45:01,0,16.9,30.6,4.4,14.7,55.1,6.9
2026-05-18T23:45:44,0,15.4,34.5,4.5,12.2,72.2,7.8
2026-05-19T01:46:08,0,14.2,39.9,4.9,11.7,72.4,7.6
2026-05-19T03:46:43,0,13.4,46.1,5.4,11.5,81.8,8.4
2026-05-19T05:46:27,0,13.6,54.6,6.4,13.4,81.9,9.5
2026-05-19T07:45:47,0,14.9,61.4,7.8,15.5,78.8,10.4
2026-05-19T09:46:33,0,17.5,70,10.4,17.1,76.9,11.2
2026-05-19T11:46:53,0,20.2,65.2,11.4,19.9,69.2,11.9
2026-05-19T13:46:43,0,24,57.1,12.4,21.9,59.2,11.4
2026-05-19T15:46:44,0,24.3,51.3,11.4,22.1,57.9,11.3
2026-05-19T17:46:42,0,22.2,54,10.6,20.7,62.7,11.3
2026-05-19T19:46:25,0,19.9,56.7,9.7,18,69.6,10.7
2026-05-19T21:46:28,0,17.4,59.4,8.8,15.3,77.5,10.1
2026-05-19T23:45:49,0,15.3,63.9,8.3,13.4,86.8,10.1
2026-05-20T01:45:31,0,14,67.7,8.2,11.9,89.4,9.5
2026-05-20T03:45:03,0,13.5,70.6,8.3,11.6,88.5,9.2
2026-05-20T05:44:29,0,13.7,73.3,8.7,11.3,91.3,9.3
2026-05-20T07:44:34,0,15.1,74.3,9.6,13.6,82.8,9.7
2026-05-20T09:44:01,0,18.7,69.2,11.1,17.6,73,10.9
2026-05-20T11:43:41,0,20.5,58.8,10.5,16.8,72.5,10.4
2026-05-20T13:44:20,0,20.3,55.2,9.7,16.4,71.7,10
2026-05-20T15:44:34,0,20,56.3,9.7,16.4,70.2,9.8
2026-05-20T17:45:04,0,19.8,57.5,9.8,16.1,70.3,9.6
2026-05-20T19:45:01,0,17.5,57.2,8.5,13,77.8,8.8
2026-05-20T21:45:24,0,14.6,58.4,7.3,10.4,85,8.2
2026-05-20T23:44:38,0,12.2,62,6.7,9.7,87.5,8.1
2026-05-21T01:45:05,0,11.2,65.3,6.6,10,88.9,8.4
2026-05-21T03:45:41,0,10.7,67,6.6,11.3,85.7,8.7
2026-05-21T05:46:31,0,12,70.9,7.6,13.7,79.9,9.5
2026-05-21T07:45:36,0,16,73.8,10.1,18.3,68.4,10.7
2026-05-21T09:46:22,0,19.5,64.5,10.8,17,72.5,10.5
2026-05-21T11:46:41,0,20.4,60.2,10.6,18,67.6,10.4
2026-05-21T13:47:06,0,20,57.5,9.9,14.9,81.9,10.4
2026-05-21T15:47:18,0,21,61,11.2,16.2,72.7,10
2026-05-21T17:47:35,0,20,54.5,9.4,15.2,71.4,9.3
2026-05-21T19:47:09,0,17.2,54,7.9,12.4,78.2,8.5
2026-05-21T21:47:57,0,14,56.7,6.8,9.7,87.7,8.1
2026-05-21T23:47:02,0,11.7,60.7,6.3,9,89.5,7.9
2026-05-22T01:47:37,0,10.3,62.6,6,8.6,88.5,7.6
2026-05-22T03:48:02,0,9.6,66.3,6.1,9.6,86.3,7.9
2026-05-22T05:48:20,0,11,72.5,7.3,17.4,66.2,9.8
2026-05-22T07:48:40,0,15.1,69.8,9,16.5,66.6,9.3
2026-05-22T09:49:21,0,16.7,67.8,9.6,17.5,66.3,9.9
2026-05-22T11:48:44,0,19.2,62.3,10.3,16.9,72.7,10.5
2026-05-22T13:49:24,0,18.2,63.3,9.8,14.8,82.4,10.4
2026-05-22T15:49:01,0,18.5,68,10.8,14.9,86.4,11
2026-05-22T17:49:02,0,18.7,69,11,15.2,83.6,10.8
2026-05-22T19:49:08,0,17.2,64.9,9.5,13,90.3,10.2
2026-05-22T21:49:42,0,15,65.4,8.4,11.2,91.3,9.3
2026-05-22T23:49:12,0,12.8,67.1,7.5,9.7,92.1,8.5
2026-05-23T01:49:56,0,11.1,70.5,7.1,8.9,92.4,8.1
2026-05-23T03:50:05,0,10.3,75.5,7.2,12.6,86.9,9.6
2026-05-23T05:50:13,0,11.9,82.3,8.7,20.6,65.8,11.8
2026-05-23T07:50:30,0,16.8,77.6,11.1,27.2,46.9,12.2
2026-05-23T09:49:43,0,22.1,57.8,11.3,27.4,35,9.2
2026-05-23T11:50:02,0,23.5,42.5,9,25.3,35.7,8.4
2026-05-23T13:50:02,0,24.3,40.7,9,24.7,36,8.2
2026-05-23T15:49:41,0,23.4,41.6,8.7,23.4,39.2,8.2
2026-05-23T17:49:43,0,21.2,45.5,8.4,19.5,51.9,8.7
2026-05-23T19:49:00,0,18.2,50.4,7.8,15.7,66.3,8.9
2026-05-23T21:48:10,0,15.8,56.1,7.5,12.3,83.9,9.1
2026-05-23T23:47:47,0,14.1,60.6,7.4,12.2,82.6,8.9
2026-05-24T01:47:57,0,13,64,7.3,11.5,88.2,9.1
2026-05-24T03:48:47,0,12.4,68.9,7.5,12.6,87.3,9.7
2026-05-24T05:48:36,0,13.4,76.4,8.9,18.8,59.8,9.6
2026-05-24T07:49:24,0,16.8,63.4,9.1,20,49.7,8.6
2026-05-24T09:49:25,0,19,53.7,8.7,19.6,48.7,8.2
2026-05-24T11:49:35,0,20.6,48.5,8.7,19.8,46.7,8
2026-05-24T13:49:00,0,21,43.5,8,19,45.5,7.4
2026-05-24T15:48:27,0,20.6,42.3,7.6,17.6,47.2,7.1
2026-05-24T17:48:11,0,18.5,43.9,6.9,17.2,48.3,7.1
2026-05-24T19:47:50,0,16.2,46.4,6.4,14.7,54.9,6.9
2026-05-24T21:47:39,0,14,49.8,6,13.3,59.8,6.9
2026-05-24T23:46:57,0,12.4,53.4,5.8,12.2,63.8,6.9
2026-05-25T01:47:12,0,11.6,60.1,6.2,12.6,65.8,7.3
2026-05-25T03:47:02,0,11.5,64,6.6,12.2,68,7.3
2026-05-25T05:46:30,0,11.9,61.7,6.5,13.6,54.8,6.4
2026-05-25T07:46:15,0,14.6,52.9,6.6,19.4,34.9,5.8
2026-05-25T09:46:01,0,18,39.8,6.1,19.4,31.7,5.3
2026-05-25T11:46:50,0,20.1,31.4,5.5,17,30.3,4.4
2026-05-25T13:47:18,0,21.3,28.9,5.4,16.3,32.9,4.6
2026-05-25T15:48:05,0,20,28.7,5,15,36.4,4.7
2026-05-25T17:48:40,0,17.7,31.7,4.8,13.8,41.1,4.9
2026-05-25T19:48:01,0,15,33.8,4.3,11.2,47.4,4.8
2026-05-25T21:47:44,0,12.3,37,4,9.6,53,4.9
2026-05-25T23:48:19,0,10,42.6,4,8.4,59.7,5.1
2026-05-26T01:47:44,0,8.6,47,4,7.5,66.2,5.3
2026-05-26T03:47:43,0,7.9,54.1,4.4,11.4,57.8,5.9
2026-05-26T05:47:39,0,9.6,60.4,5.5,17.9,42.3,6.5
2026-05-26T07:48:30,0,14.1,52.9,6.4,21.1,32.9,6.1
2026-05-26T09:48:31,0,19.1,38.7,6.3,20.5,29.3,5.2
2026-05-26T11:48:11,0,22.3,31.2,6.2,18.4,34.9,5.5
2026-05-26T13:48:34,0,23.1,29.9,6.2,18.1,35.1,5.4
2026-05-26T15:48:58,0,21.6,29.5,5.6,15.7,40.4,5.4
2026-05-26T17:48:22,0,19.6,32.6,5.5,14.8,44,5.6
2026-05-26T19:47:46,0,16.9,33.1,4.8,11.7,50,5.2
2026-05-26T21:47:37,0,14,36.6,4.4,10,56.7,5.3
2026-05-26T23:46:49,0,11.8,39.2,4.1,8.1,63.8,5.3
2026-05-27T01:47:12,0,9.8,45.5,4.2,7.2,74.5,5.8
2026-05-27T03:46:17,0,9.3,54.6,4.9,8,77,6.4
2026-05-27T05:47:22,0,10.2,61.6,5.9,10.1,73.6,7
2026-05-27T07:46:55,0,13.1,61.4,7,15.8,49.5,6.7
2026-05-27T09:46:58,0,17.4,47.2,7,15.6,48.6,6.5
2026-05-27T11:46:34,0,18.1,44.3,6.8,10.4,76.1,7.3
2026-05-27T13:47:14,0,17.5,47,7,10.8,73,7.2
2026-05-27T15:47:49,0,17.3,48,7.1,12.5,62,6.8
2026-05-27T17:48:25,0,16.3,46.2,6.4,12,61.4,6.5
2026-05-27T19:48:16,0,13.6,39.3,4.6,10.2,49.1,4.7
2026-05-27T21:48:25,360,11.2,41,4.2,8.5,57.4,4.9
2026-05-27T23:48:16,0,9.2,47.9,4.3,8.2,67.1,5.6
2026-05-28T01:48:35,0,8.5,56.7,4.8,8.3,72.6,6.1
2026-05-28T03:48:07,45,8.1,60.6,5,8.4,71.3,6
2026-05-28T05:48:43,0,9.2,63.4,5.7,14.1,48,5.8
2026-05-28T07:49:21,0,12.3,52.7,5.7,13.2,44.7,5.1
2026-05-28T11:49:41,0,18,32.8,5,15.1,36.4,4.7
2026-05-28T13:49:10,0,18.2,31.4,4.9,14.7,36.1,4.5
2026-05-28T15:49:01,0,17.1,30.2,4.4,13.9,35.4,4.2
2026-05-28T17:48:30,0,16,31.7,4.3,13.1,36.7,4.2
2026-05-28T19:48:33,0,14.7,32.6,4.1,12.1,41.5,4.4
2026-05-28T21:48:38,0,13,36.7,4.2,10.1,55.1,5.2
2026-05-28T23:48:21,0,11.1,40,4,8.6,59.2,5.1
2026-05-29T01:47:39,465,9.4,44.6,4,7.1,66.6,5.2
2026-05-29T03:48:03,0,8.6,49.9,4.3,10.5,59.9,5.8
2026-05-29T05:47:22,0,10.2,57.8,5.5,17,41.2,6
2026-05-29T07:47:42,0,14.3,48.9,6,16.5,36.2,5.1
2026-05-29T09:48:10,0,17.5,36.4,5.4,17.9,29.8,4.5
2026-05-29T11:48:18,0,21.3,30.3,5.6,17,34.6,5
2026-05-29T13:48:58,0,23.2,27.1,5.6,17.2,32.9,4.8
2026-05-29T15:48:19,0,21.9,26.3,5.1,16.3,36.8,5.1
2026-05-29T17:48:56,0,20.5,28.8,5.1,15.1,43.3,5.6
2026-05-29T19:49:01,0,18,31.9,4.9,10.6,60.5,5.9
2026-05-29T21:49:30,0,15.5,33.5,4.4,9.6,64.6,5.9
2026-05-29T23:49:28,450,13.1,35,4,8.2,67.5,5.7
2026-05-30T01:50:18,450,10.7,37.3,3.7,7.6,66,5.3
2026-05-30T03:50:23,0,9.6,39.8,3.6,12.7,52.8,5.9
2026-05-30T05:50:53,0,11.7,46,4.8,20.3,41.3,7.3
2026-05-30T07:51:14,0,17.4,46.8,6.9,23.9,26.9,5.8
2026-05-30T09:50:36,0,23.2,32.3,6.7,23.3,27.5,5.8
2026-05-30T11:50:31,0,27.6,24.6,6.5,20.5,29.1,5.2
2026-05-30T13:49:50,0,29.9,20.9,6.3,21.3,26.6,5
2026-05-30T15:49:41,0,29.7,19.7,5.9,21.3,24.7,4.6
2026-05-30T17:48:53,0,27.6,21.5,5.7,20.6,28.3,5.1
2026-05-30T19:49:54,0,24.2,24,5.3,14.4,52,6.4
2026-05-30T21:49:51,465,20.6,24.1,4.3,11.5,63.2,6.5
2026-05-30T23:49:52,480,16.4,26.3,3.7,9.2,70.9,6.3
2026-05-31T01:49:37,15,13,30.6,3.5,9.2,72.7,6.5
2026-05-31T03:50:07,465,13,39.4,4.5,10.6,79.8,7.8
2026-05-31T05:50:30,0,14.4,46.7,5.8,10.9,84.7,8.4
2026-05-31T07:50:40,570,15.9,51,6.9,11.8,78.3,8.2
2026-05-31T09:50:27,1020,17.9,50,7.6,11.7,80.5,8.4
2026-05-31T11:50:18,0,20.5,48.4,8.6,14.6,65.1,8.1
2026-05-31T13:49:43,0,22.3,39.7,7.8,14.1,64.6,7.8
2026-05-31T15:49:24,0,23.3,36.6,7.7,13.5,61.2,7.2
2026-05-31T17:49:13,0,22.2,34.6,6.8,12.6,62.4,6.9
2026-05-31T19:49:22,0,19.5,34.9,5.9,10.4,68.7,6.6
2026-05-31T23:49:20,0,11.8,39.2,4.1,6.5,80,6
2026-06-01T01:48:44,0,9.7,43.7,4,6.5,83,6.2
2026-06-01T03:48:38,0,10.1,50.9,4.8,11.7,74.3,7.8
2026-06-01T05:47:49,0,12.9,56.5,6.4,15.7,65.3,8.7
2026-06-01T07:48:08,0,17.9,61.8,9.4,15.6,60.7,8.1
2026-06-01T09:48:40,0,22.5,42.6,8.5,17.3,48.8,7.2
2026-06-01T11:48:20,0,26.8,31.7,8.1,16.9,46.8,6.7
2026-06-01T13:48:05,0,29.6,26.8,8,15.6,49.4,6.6
2026-06-01T15:48:56,0,30.1,24.7,7.5,15.1,52.5,6.8
2026-06-01T17:49:17,1470,27.6,24.7,6.6,14.3,54.7,6.7
2026-06-01T19:49:03,720,23.8,26.5,5.7,11.6,64.5,6.7
2026-06-01T21:49:07,480,18.8,28.4,4.6,8.8,74,6.4
2026-06-01T23:48:51,465,15.6,31,4.1,8.4,78.1,6.6
2026-06-02T01:49:18,465,13.8,35,4.2,8.6,81.6,7
2026-06-02T03:49:14,0,13.7,38.8,4.6,12.9,73.5,8.3
2026-06-02T05:49:25,0,15.8,43,5.8,16.5,65.3,9.2
2026-06-02T07:49:20,0,19.5,47.2,7.9,19.5,57.4,9.6
2026-06-02T09:48:49,0,24.9,44.5,10.2,21.3,47.9,8.9
2026-06-02T11:49:19,0,30,31.1,9.4,20.9,46.3,8.4
2026-06-02T13:48:30,0,33.4,25.5,9.3,20.2,45.9,8
2026-06-02T15:48:58,1080,31.8,23.6,7.9,19.3,47.2,7.8
2026-06-02T17:49:23,0,29.6,25.8,7.7,18.2,53.1,8.3
2026-06-02T19:50:10,690,26,28.2,6.9,16.1,60,8.2
2026-06-02T21:49:48,0,22.5,29.7,5.9,13,69.4,7.9
2026-06-02T23:49:32,0,17.9,31.6,4.8,10.3,75.2,7.2
2026-06-03T01:48:38,0,13.5,35.5,4.2,8.4,81,6.9
2026-06-03T03:49:06,0,11.6,39.9,4.1,14.5,71.4,8.9
2026-06-03T05:49:00,0,15,45.6,5.8,23.9,45.9,9.9
2026-06-03T07:48:50,0,21.9,46.4,9,27.9,35.3,9.6
2026-06-03T09:48:35,0,29.1,36,10.4,23.5,39.2,8.3
2026-06-03T11:48:07,0,33.1,25.6,9.2,21.9,35.7,6.9
2026-06-03T13:47:45,0,35.9,21.3,8.8,21.3,38.6,7.2
2026-06-03T15:47:37,150,36.3,21.1,8.9,20.8,43.9,7.9
2026-06-03T17:47:53,0,33.3,21.8,7.9,18.9,48.2,7.8
2026-06-03T19:47:50,810,28.7,24.6,7,16.3,58.7,8.1
2026-06-03T21:48:13,405,23.8,27.3,5.9,13.2,68.4,7.9
2026-06-03T23:48:31,0,19.3,29.6,4.9,11.5,75,7.7
2026-06-04T01:48:49,450,15.7,34.1,4.6,10.4,78.3,7.5
2026-06-04T03:48:26,0,14.4,39.4,4.9,15.8,71.2,9.6
2026-06-04T05:48:58,0,17.7,49.2,7.4,21.2,62.3,11.5
2026-06-04T07:49:43,0,23.1,55.8,11.5,25.9,43.1,10.4
2026-06-04T09:49:46,0,28.5,37.1,10.4,24.7,42.6,9.6
2026-06-04T11:50:19,2325,33.6,28.2,10.4,23.6,42.6,9.1
2026-06-04T13:49:46,1950,36,25.9,10.8,22.8,49.9,10.1
2026-06-04T15:50:12,1695,35.4,25.1,10.2,21.8,52,10
2026-06-04T17:50:51,1260,32.1,26.2,8.9,20.2,54.4,9.5
2026-06-04T19:49:55,660,28,29.3,8,17.4,64.3,9.5
2026-06-04T21:50:41,480,23.9,30.9,6.7,14.8,71.2,9
2026-06-04T23:50:39,465,19.5,33.9,5.7,12.8,76.9,8.6
2026-06-05T01:50:07,465,16.5,39.8,5.6,13.1,79.6,9.1
2026-06-05T03:49:40,0,16.2,47,6.5,17,71.9,10.4
2026-06-05T05:49:13,465,19,49.4,8,19.5,59.2,9.9
2026-06-05T07:49:41,1020,21.4,48.9,9.2,17.8,66.7,10.1
2026-06-05T09:48:53,0,22.2,50.8,10,17.4,78.4,11.6
2026-06-05T11:49:36,0,22.2,51.6,10.1,18.2,73.6,11.4
2026-06-05T13:49:55,0,22.3,52.4,10.3,18.2,74.4,11.6
2026-06-05T15:50:18,0,22,54.4,10.6,17.6,79.3,11.9
2026-06-05T17:49:38,0,22.2,56.4,11.1,17.9,79.7,12.2
2026-06-05T19:48:54,0,21.3,56.3,10.5,16.5,83,11.7
2026-06-05T21:48:17,0,19.5,57.5,9.6,15.6,85.4,11.4
2026-06-05T23:48:57,0,18.2,59.2,9.2,14.9,87.1,11.1
2026-06-06T01:48:42,0,17.2,62.7,9.2,14.8,92.2,11.7
2026-06-06T03:49:17,0,17.2,67.5,9.9,15,95.4,12.2
2026-06-06T05:48:58,0,17.7,72.1,10.9,15.8,95.5,12.9
2026-06-06T07:48:00,0,18.5,74,11.7,16.1,97.3,13.3
2026-06-06T09:48:46,0,19.9,78,13.4,17.2,96.1,14.1
2026-06-06T11:49:30,0,21.3,75.7,14.1,18.5,91.3,14.4
2026-06-06T13:49:15,0,21.2,70.7,13.1,16.7,94.9,13.5
2026-06-06T15:48:59,0,19.7,66.4,11.3,13.7,96.6,11.4
2026-06-06T17:48:25,0,17.8,66.5,10.1,13.7,93.5,11.1
2026-06-06T19:47:43,0,16.3,70,9.7,12.7,94.8,10.5
2026-06-06T21:48:19,0,14.6,72.2,9,11.8,98,10.3
2026-06-06T23:48:51,0,13.6,75.1,8.8,11.3,99.1,10.1
2026-06-07T01:49:34,0,13.1,77.6,8.9,11.7,99.7,10.4
2026-06-07T03:49:11,0,12.9,79.9,9,11.5,99.3,10.3
2026-06-07T05:49:13,0,14.1,82.4,10,12.6,97.1,10.7
2026-06-07T07:48:55,0,15.8,80.6,10.8,15.2,87.5,11.4
2026-06-07T09:48:06,0,20.3,74.5,13.1,20.4,67.7,12
2026-06-07T11:49:04,0,24.5,53.9,12.1,19.7,62.8,10.7
2026-06-07T13:48:45,2010,25.7,48.3,11.6,18.6,67.3,10.7
2026-06-07T15:48:03,1650,24.7,48.1,10.9,18,69.6,10.7
2026-06-07T17:48:42,1695,22.4,45.4,9,17.8,57.4,8.7
2026-06-07T19:48:28,930,18.6,46.7,7.4,14.7,66.4,8.4
2026-06-07T21:48:20,0,14.6,50.7,6.3,10.7,82.2,8.1
2026-06-07T23:48:23,0,11,54.3,5.4,8.8,86.8,7.6
2026-06-08T01:48:45,0,8.2,59.6,5,7.7,88.9,7.2
2026-06-08T03:49:19,0,7.1,63.4,4.9,13.9,79.9,9.6
2026-06-08T05:49:49,0,10.6,69.8,6.8,22.1,55.9,10.9
2026-06-08T07:49:45,0,17.3,65.9,9.7,25.2,45.1,10.5
2026-06-08T09:50:07,0,23.9,51,11,24.4,38,8.5
2026-06-08T11:49:42,0,26.6,37.2,9.4,22.2,37.5,7.4
2026-06-08T13:50:13,2340,27.7,33,8.8,21.8,40.3,7.7
2026-06-08T15:49:44,1680,26,33.2,8.1,20.9,43.4,7.9
2026-06-08T17:49:53,1065,23.4,35,7.4,19.1,49.2,8.1
2026-06-08T19:49:49,465,20.2,38.3,6.7,16.8,60,8.6
2026-06-08T21:49:13,480,17.4,40.1,5.9,14.9,67.9,8.7
2026-06-08T23:49:34,465,15.3,43.6,5.7,13.9,73,8.7
2026-06-09T01:49:57,465,14.2,47.1,5.7,14.7,73.9,9.3
2026-06-09T03:49:56,465,14,52,6.3,15.4,74.5,9.8
2026-06-09T05:49:17,480,15.1,56.9,7.3,17,71.9,10.4
2026-06-09T07:49:27,480,16.7,59.3,8.4,17.7,75.7,11.4
2026-06-09T09:49:27,960,18.9,61.4,9.9,17.9,72.5,11.1
2026-06-09T11:49:28,0,19.4,62.7,10.5,16.7,79.6,11.3
2026-06-09T13:49:23,0,18.9,65.1,10.5,15.9,87,11.8
2026-06-09T15:49:30,0,18.5,68.2,10.8,16.6,87.9,12.4
2026-06-09T17:49:41,0,18.7,69.8,11.2,16.4,87.5,12.2
2026-06-09T19:50:11,0,18.4,71,11.2,16,89.8,12.2
2026-06-09T21:49:25,0,17.3,72,10.6,15.2,91.8,11.9
2026-06-09T23:49:30,0,16.4,74.5,10.4,14.1,90.4,11
2026-06-10T01:50:13,0,15.4,74.9,9.8,13.1,95.4,10.9
2026-06-10T03:50:24,0,15,77.9,10,13.3,93.4,10.8
2026-06-10T05:49:48,0,15.1,78.4,10.1,13.1,97.4,11.1
2026-06-10T07:49:00,0,16.2,84.7,11.7,16,87.1,11.9
2026-06-10T09:49:42,0,18.9,72.4,11.7,19.4,66.6,11.1
2026-06-10T11:48:51,2115,21.6,56.7,10.8,18,63.3,9.7
2026-06-10T13:48:54,0,22.5,48.6,9.7,17.4,60.4,8.9
2026-06-10T15:48:36,0,22,43.6,8.5,17.1,54.3,7.9
2026-06-10T17:48:37,0,20,45.3,7.8,15.8,59.5,8
2026-06-10T19:48:15,0,16.8,49.5,7.1,13.7,67.9,8
2026-06-10T21:48:35,0,13.9,54.1,6.5,11.3,81,8.3
2026-06-10T23:49:03,0,11.9,57.5,6.1,10.8,87.3,8.6
2026-06-11T01:48:39,0,10.9,61.8,6.1,11.3,89.3,9.1
2026-06-11T03:49:10,0,10.9,66.4,6.6,13.5,86.6,10.1
2026-06-11T05:48:35,0,13,73.2,8.3,20.7,63.7,11.5
2026-06-11T07:47:51,0,18.4,71.1,11.2,22.2,43.8,8.6
2026-06-11T11:48:36,0,24.2,39.6,8.7,17.6,52.9,7.9
2026-06-11T13:48:10,0,21.8,38.1,7.3,16.3,56,7.8
2026-06-11T15:48:04,0,19.1,43.9,7.2,14.4,66.8,8.3
2026-06-11T17:47:11,0,16.9,47.2,6.8,12.5,75.5,8.3
2026-06-11T19:47:24,0,14.6,51.1,6.4,10.7,88.5,8.7
2026-06-11T21:47:26,0,12.8,58.9,6.6,10.6,100,9.8
2026-06-11T23:47:28,0,12.3,66.1,7.2,11.1,100,10.1
2026-06-12T01:47:38,0,12.3,69.1,7.5,12,100,10.7
2026-06-12T03:47:58,0,12.7,72.4,8.1,13,100,11.3
2026-06-12T05:47:36,0,13.6,76.4,9,12.7,100,11.1
2026-06-12T07:47:27,0,14.5,78.9,9.8,13.4,99,11.5
2026-06-12T09:46:38,0,16,76.8,10.5,15.1,90.4,11.7
2026-06-12T11:46:59,0,17.7,67.7,10.2,16.2,81.6,11.2
2026-06-12T13:47:31,0,18.7,62.8,10.1,17.1,78.6,11.4
2026-06-12T15:47:44,0,19.3,58.9,9.8,17.5,72.4,10.8
2026-06-12T17:47:39,0,18.6,56.7,9,16.2,77,10.6
2026-06-12T19:47:40,0,17,58.8,8.5,14.1,81.3,9.9
2026-06-12T21:48:00,0,15,60.4,7.7,12,87.5,9.3
2026-06-12T23:48:44,0,13.2,62.7,7.2,10.8,91.6,9.1
2026-06-13T01:47:52,0,11.8,64.8,6.8,10.3,93.7,9
2026-06-13T03:48:21,0,11.2,67.3,6.8,11.6,94,9.8
2026-06-13T05:47:48,0,12.5,72,7.9,15.2,80.1,10.4
2026-06-13T07:47:33,0,15,72.5,9.3,15.5,78.4,10.4
2026-06-13T09:46:58,0,16.8,71.1,10.2,15.9,81.3,11
2026-06-13T13:46:20,0,17.4,63.1,9.3,11.9,88.8,9.4
2026-06-13T15:46:54,0,16.3,62.8,8.7,11.4,90.1,9.2
2026-06-13T17:46:22,0,15,65.8,8.4,10.8,92.9,9.2
2026-06-13T19:45:50,0,13.5,69.5,8.1,10.2,96.2,9.2
2026-06-13T21:46:48,0,12.3,74.4,8.1,9.9,96.9,9
2026-06-13T23:46:26,0,11.7,77.2,8.1,9.9,96.6,9
2026-06-14T01:46:18,0,11.5,80,8.3,9.7,98.7,9.1
2026-06-14T03:45:53,0,11.4,81.6,8.4,9.7,99.8,9.2
2026-06-14T05:46:16,0,11.7,82.1,8.6,11,89.9,9
2026-06-14T07:46:03,0,12.6,79.6,8.8,11.9,84.3,8.9
2026-06-14T09:46:25,0,14.5,77.4,9.6,14.5,72.6,9
2026-06-14T11:46:01,0,17.7,66.6,10,15.2,66,8.6
2026-06-14T13:46:33,0,18.7,58.4,9.3,12.6,86.4,9.6
2026-06-14T15:47:01,0,17.2,63.9,9.4,13.4,89,10.3
2026-06-14T17:46:47,0,16.8,67.6,9.7,13.3,89.1,10.3
2026-06-14T19:46:14,0,15.9,69,9.3,12.8,91.3,10.2
2026-06-14T21:45:53,0,14,69.3,8.4,11.2,94.5,9.6
2026-06-14T23:45:27,0,12.3,72.7,7.9,10.6,95.9,9.4
2026-06-15T01:45:58,0,11,76.3,7.6,10.6,96.1,9.4
2026-06-15T03:46:11,0,11,80.8,8.1,11.5,96.7,10
2026-06-15T05:46:58,0,12.3,83.1,9,12.7,95.1,10.6
2026-06-15T07:46:27,0,14.6,85,10.6,13.8,94.4,11.2
2026-06-15T09:45:40,0,15.7,83,11.1,15.2,93.9,12.2
2026-06-15T11:45:02,0,17.5,82.6,12.3,15.6,90,12
2026-06-15T13:44:19,0,19.3,73.9,12.3,16.1,84.4,11.6
2026-06-15T15:44:29,0,19.3,68.7,11.4,15,87.6,11.2
2026-06-15T17:44:24,0,18.6,69.1,11,14.4,86.1,10.6
2026-06-15T19:44:43,0,17.1,68.5,10,12.8,90.3,10.1
2026-06-15T21:44:50,0,14.6,66.2,8.3,10,94.5,8.9
2026-06-15T23:44:05,0,12.1,67,7.2,8.6,96.2,8.3
2026-06-16T01:44:28,450,10.2,70.6,6.7,8.2,98.2,8.2
2026-06-16T03:44:44,0,8.9,73.2,6.4,10.8,90.5,8.9
2026-06-16T05:44:18,0,10.2,78.2,7.4,17.7,79.4,12
2026-06-16T07:43:30,0,14.8,80.5,10.2,23.8,60,12.9
2026-06-16T09:42:52,0,21,65.7,12,24,52.3,11.4
2026-06-16T11:43:05,0,24.5,52.7,11.8,20.9,53.4,9.7
2026-06-16T13:43:21,0,24.6,47.7,10.7,21.3,55,10.3
2026-06-16T15:43:01,0,24.8,44.2,10.1,22.1,50.4,9.8
2026-06-16T17:43:32,0,23,46.6,9.6,19.6,61.6,10.4
2026-06-16T19:44:07,0,20,51,8.8,17.2,69.4,10.2
2026-06-16T21:43:47,0,17.3,55.1,8.1,15.1,76.2,9.8
2026-06-16T23:43:28,0,15.2,62.8,8.1,14.3,82.8,10.2
2026-06-17T01:42:39,0,14.1,68.8,8.3,13.2,82.5,9.5
2026-06-17T03:43:11,0,13.5,71.3,8.3,12.5,83.9,9.2
2026-06-17T05:43:01,0,13.3,75.4,8.7,13,84.3,9.6
2026-06-17T07:42:46,0,13.8,78.7,9.4,12.9,90.6,10.2
2026-06-17T09:42:32,0,14.5,81.6,10.1,14,91.8,11.1
2026-06-17T11:43:26,0,15.6,83.5,11.1,14.5,94.5,11.7
2026-06-17T13:43:10,0,16.5,83,11.7,15.2,94.1,12.2
2026-06-17T15:43:25,0,16.9,80.2,11.5,15.2,91.8,11.9
2026-06-17T17:42:39,0,16.7,76.6,10.9,15.3,84.6,11
2026-06-17T19:42:09,0,16,72.7,9.9,14.8,79.2,10
2026-06-17T21:41:58,0,14.9,71.2,9.1,13.3,82.2,9.5
2026-06-17T23:42:40,0,13.3,71.9,8.3,12.1,84,9
2026-06-18T01:43:16,0,11.9,74.4,7.9,10.6,86.4,8.4
2026-06-18T03:43:51,0,11.1,80.3,8.1,14.5,77.2,9.6
2026-06-18T05:44:37,0,11.9,84.7,9,21.3,58.7,10.9
2026-06-18T07:45:23,0,15.5,81.7,10.8,27.3,47.9,12.5
2026-06-18T09:45:52,0,20.2,66.6,11.6,24.9,47.5,10.9
2026-06-18T11:46:00,0,23.2,52,10.8,24.3,40,8.9
2026-06-18T13:46:44,0,24.2,46.1,10.1,22.5,45.1,9
2026-06-18T15:47:25,0,24.2,48.6,10.7,21.6,55.4,10.5
2026-06-18T17:47:46,0,21.7,48.7,9.3,19.2,58.3,9.6
2026-06-18T19:48:08,0,19,51,8.3,17.1,62,9
2026-06-18T21:47:30,0,16.7,55,7.8,15.5,68.3,9
2026-06-18T23:46:56,0,15.2,59.4,7.7,14.8,74.4,9.4
2026-06-19T01:46:50,0,14.1,62.3,7.6,14.1,79.6,9.7
2026-06-19T03:46:12,0,13.7,65.3,7.7,17.7,71,10.7
2026-06-19T05:45:59,0,14.9,69.3,8.8,23.6,49.6,10.6
2026-06-19T07:46:40,0,18.5,64,10.1,28.5,37.5,10.5
2026-06-19T09:46:47,0,23,49.2,10.1,28.6,34,9.6
2026-06-19T11:46:29,0,25.8,43.1,10.4,23.4,42.4,8.9
2026-06-19T13:46:52,0,25.6,39.6,9.4,23.3,39.5,8.3
2026-06-19T15:47:34,0,24.3,44.2,9.8,22.1,48.7,9.5
2026-06-19T17:47:36,0,22,50.2,9.7,21.6,51.7,9.8
2026-06-19T19:48:26,0,19.5,55.6,9.3,19.1,60.3,9.9
2026-06-19T21:48:59,0,16.8,57.2,8.2,15.7,66.6,8.9
2026-06-19T23:48:46,0,14.2,60.1,7.3,12.8,74.3,8.3
2026-06-20T01:48:45,0,12.2,63.8,6.9,12.3,76,8.2
2026-06-20T03:48:59,0,11.8,66.5,7,16.5,73.8,10.4
2026-06-20T05:48:48,0,14,73.4,8.8,19.4,66.6,11.1
2026-06-20T07:48:07,0,17.7,75.1,11.3,22.1,58.1,11.3
2026-06-20T09:47:34,0,22,66,12.8,24.3,51.8,11.5
2026-06-20T11:47:13,0,24.7,57.9,13.1,24.2,60,13.2
2026-06-20T13:48:01,0,26.1,56.8,13.9,22.8,68.3,13.9
2026-06-20T15:47:34,0,25.7,59.2,14.2,23,68.6,14.1
2026-06-20T17:48:11,0,24,60.5,13.2,22.1,66.9,13.1
2026-06-20T19:47:39,0,21.1,60.4,11.1,20,68.7,11.9
2026-06-20T21:48:25,0,18.6,66.5,10.6,18.4,80.6,12.7
2026-06-20T23:48:39,0,17.5,72.4,10.8,18.4,80.9,12.7
2026-06-21T01:48:39,0,17,77.8,11.3,17.1,86.9,12.6
2026-06-21T03:48:57,0,16.7,81.3,11.5,19.2,82.4,13.6
2026-06-21T05:49:30,0,18.2,85.4,13.3,26,64.3,15.7
2026-06-21T07:49:57,0,22.7,78.2,15.8,31.5,51.2,16.9
2026-06-21T09:50:06,0,26.7,63.2,16,31.3,47.1,15.3
2026-06-21T11:50:42,0,28.1,52.5,14.4,28.6,48.1,13.5
2026-06-21T13:50:07,0,29.1,45.9,13.3,27,46.8,12.1
2026-06-21T15:49:22,0,27.8,43.9,11.8,26.6,42.6,10.7
2026-06-21T17:48:51,0,25.4,45.8,10.8,25.2,43.5,10.1
2026-06-21T19:48:10,0,22.2,47.2,9.3,21.4,49.2,9.2
2026-06-21T21:47:24,0,18.8,49.6,8,17.6,57.6,8.6
2026-06-21T23:46:41,0,15.9,53.3,7.2,15.3,61.1,8
2026-06-22T01:47:24,0,13.7,57.4,6.8,13.6,65.7,7.7
2026-06-22T03:48:02,0,12.8,63.7,7.1,17.9,57.8,8.8
2026-06-22T05:48:13,0,14.3,69,8.5,21.2,49.2,9.1
2026-06-22T07:47:28,0,18.8,63.4,10.2,25.4,38.7,9.1
2026-06-22T09:46:54,0,23.6,45.9,9.8,26.2,34.9,8.6
2026-06-22T11:47:44,0,26.4,36.5,9.1,22.5,38.7,7.7
2026-06-22T13:47:44,0,27.5,31.6,8.4,22.3,36.6,7.2
2026-06-22T15:47:06,0,25.9,30.9,7.5,21.4,35.6,6.7
2026-06-22T17:46:18,0,23.1,30.3,6.3,19.5,34.8,5.8
2026-06-22T19:46:25,0,19.4,31.1,5.2,16.3,39.3,5.5
2026-06-22T21:46:13,0,16.3,34.8,4.8,13.7,48.9,5.8
2026-06-22T23:45:35,0,13.3,37.4,4.3,10.8,57.9,5.7
2026-06-23T01:45:19,0,11,41.1,4.1,9.6,67,6.1
2026-06-23T03:45:47,0,9.8,45.4,4.2,14.3,59.1,7.3
2026-06-23T05:46:11,0,11.9,56.4,6,20.7,42,7.6
2026-06-23T07:45:35,0,16.1,52.1,7.1,22.2,32.9,6.5
2026-06-23T09:44:51,0,21.3,39.8,7.4,23.5,32,6.8
2026-06-23T11:45:04,0,25.4,31.2,7.3,19.6,36.3,6.1
2026-06-23T13:45:32,330,27.3,27.7,7.3,20.1,36.2,6.3
2026-06-23T15:44:57,0,25.2,28.8,6.7,19.3,41,6.8
2026-06-23T17:44:46,0,23.3,30.3,6.3,17.8,44.8,6.8
2026-06-23T19:44:49,0,20.5,32.6,5.8,15.6,49.9,6.6
2026-06-23T21:44:06,0,17.8,35.8,5.4,14,57.2,6.9
2026-06-24T01:44:41,0,14.9,41.1,5.2,13.1,65.4,7.5
2026-06-24T03:44:22,0,14.4,45,5.6,12.9,77.6,8.7
2026-06-24T07:44:28,0,15.7,54.4,7.3,14.5,89.2,11.1
2026-06-24T09:44:56,0,16.8,61.8,8.8,15.3,86.1,11.2
2026-06-24T11:45:17,0,20,67.7,11.7,17,75.9,11
2026-06-24T13:45:44,0,22.6,53.3,10.7,17.8,65.6,10
2026-06-24T15:45:21,0,22.6,49.6,10,19,62.8,10.2
2026-06-24T17:44:36,0,21.7,50.7,9.7,19.1,58.7,9.6
2026-06-24T19:44:32,0,19.1,52.6,8.6,15.4,70.6,9.3
2026-06-24T21:44:04,0,15.6,56.5,7.5,12.3,79.6,8.6
2026-06-24T23:43:33,0,12.9,61.1,6.9,11.3,81.9,8.4
2026-06-25T01:43:49,0,11.2,63.7,6.5,10.5,81.1,7.9
2026-06-25T03:43:33,0,10.4,66.7,6.4,15,69.2,8.9
2026-06-25T05:43:45,0,12.5,72.7,8,19.8,57.3,9.8
2026-06-25T07:43:00,0,17.1,66.3,9.6,23.8,45.2,9.7
2026-06-25T09:42:46,0,22.2,49.3,9.7,25.6,37.3,8.9
2026-06-25T11:42:22,0,25.7,38.7,9.3,24.2,38.8,8.5
2026-06-25T13:43:10,0,25.7,35.5,8.5,22.7,40.8,8.2
2026-06-25T15:43:31,0,24.7,37.7,8.5,21.7,48.4,9.2
2026-06-25T17:43:34,735,22.1,44.4,8.7,18.1,65.9,10.2
2026-06-25T19:44:17,480,19,50.4,8.2,15.8,78.8,10.6
2026-06-25T21:43:19,465,16.8,54.5,7.8,14.5,84.8,10.5
2026-06-25T23:42:35,465,14.9,60.9,7.8,13.1,86.7,9.9
2026-06-26T01:42:47,450,13.2,65,7.5,11.6,88.5,9.2
2026-06-26T03:42:48,465,12.2,70.7,7.6,14.6,83.4,10.4
2026-06-26T05:42:12,0,13.4,78.9,9.2,20.7,66,11.9
2026-06-26T07:42:44,0,17.7,74.6,11.3,26.2,47.5,11.7
2026-06-26T09:43:09,0,21.9,60.2,11.6,25.2,43.8,10.2
2026-06-26T11:42:29,0,24.3,48.9,10.8,23.4,45.3,9.5
2026-06-26T13:42:11,0,24.2,45.2,9.9,23.4,44.8,9.4
2026-06-26T15:42:36,0,21.8,48.5,9.3,22.2,49.8,9.8
2026-06-26T17:42:18,1215,19.7,53.3,9,17.6,64.1,9.6
2026-06-26T19:42:04,960,17.9,57.9,8.8,15.8,73.5,9.9
2026-06-26T21:42:44,765,16.4,62.2,8.7,14.5,80,9.9
2026-06-26T23:42:14,0,15.2,66.2,8.6,13.7,83.8,9.9
2026-06-27T01:42:25,0,14.4,68.6,8.5,13.7,87.9,10.4
2026-06-27T03:42:17,0,13.6,70.6,8.3,15.1,84.8,10.9
2026-06-27T05:41:33,0,15.4,78.3,10.3,19.2,74.6,12.3
2026-06-27T07:41:41,0,18.2,77.7,12.1,21.5,67,12.6
2026-06-27T09:42:06,0,22.6,67.2,13.5,25.5,52.4,12.4
2026-06-27T11:41:15,2145,25.8,51,12.3,24.7,48.9,11.1
2026-06-27T13:40:38,0,26.9,44.4,11.4,24.9,44.7,10.2
2026-06-27T15:41:30,1635,25,45.3,10.4,25,44.6,10.3
2026-06-27T17:41:06,765,23.6,47.8,10.2,24.6,43.3,9.7
2026-06-27T19:41:05,0,21,54,9.9,20.7,55.6,10
2026-06-27T21:41:07,1050,17.9,57.1,8.7,16.9,66.5,9.6
2026-06-27T23:40:57,765,15,61.5,7.9,14.3,74.8,9.2
2026-06-28T01:41:29,525,12.6,65.9,7.3,12.9,78.5,8.8
2026-06-28T03:42:15,0,11.6,68.7,7.1,17.5,72.2,10.8
2026-06-28T05:42:40,0,14.2,71.9,8.8,22,58.8,11.4
2026-06-28T07:42:53,0,18.7,70.1,11.2,22.6,55.7,11.2
2026-06-28T09:42:00,0,21.9,64.3,12.4,24.8,51.9,11.8
2026-06-28T11:42:12,0,24.5,58.5,13.1,24.6,59.4,13.4
2026-06-28T13:42:32,0,24.4,59.2,13.2,22.1,71.9,14
2026-06-28T15:42:13,0,22.5,64.3,12.8,20.5,80.1,14.3
2026-06-28T17:41:30,0,20.7,69.1,12.4,19.1,90,14.7
2026-06-28T19:41:16,975,19.4,74,12.3,18.2,88.9,13.8
2026-06-28T21:40:40,990,18.4,77.8,12.2,17.5,91.2,13.6
2026-06-29T01:40:47,735,16.1,81.6,11.2,16.5,93.9,13.2
2026-06-29T03:40:42,960,16.4,86.5,12.1,17.2,92.2,13.5
2026-06-29T05:40:36,0,17.8,87.2,13.2,20.8,78.1,14.1
2026-06-29T07:40:14,0,21.7,81.7,15.6,28.2,58.1,16
2026-06-29T09:40:32,0,25.9,65,15.7,29.9,48.8,14.7
2026-06-29T11:41:20,0,30,50.5,15.3,27,51.2,13.2
2026-06-29T13:41:52,0,31.7,48.2,16,25.8,60.5,14.6
2026-06-29T15:41:09,0,30.5,48.9,15.3,25.6,59.5,14.2
2026-06-29T17:41:04,1410,27.2,50.2,13.1,23.7,62.9,13.5
2026-06-29T19:40:21,0,23.9,49.8,10.8,21.3,59.7,11.1
2026-06-29T21:41:02,840,20.5,53.2,9.5,18.5,68.8,10.9
2026-06-29T23:41:38,480,18.1,59.3,9.2,17.6,78.4,11.8
2026-06-30T01:42:02,465,17.1,64.5,9.4,17.6,86.8,13
2026-06-30T03:42:47,0,17.4,69.6,10.3,20.5,81,14.4
2026-06-30T05:42:33,0,19.1,75.3,12.3,28,57.8,15.7
2026-06-30T07:42:21,0,23.4,68.9,14.5,31.3,46.4,15.1
2026-06-30T09:42:38,1890,26.9,59,15.1,29.6,47.6,14.1
2026-06-30T11:42:02,0,28.5,48,13.4,26,51.2,12.5
2026-06-30T13:41:45,1980,27.8,45.1,12.1,25.4,47.8,11.3
2026-06-30T15:41:27,2160,26.8,43.5,11.1,25.2,42.8,10
2026-06-30T17:41:02,1800,24.8,43.4,9.9,24.9,41.5,9.5
2026-06-30T19:40:58,1365,22.5,47.3,9.4,20.9,53.7,9.8
2026-06-30T21:41:47,1005,19.1,51.3,8.4,17.9,61.4,9.4
2026-06-30T23:42:12,795,17,56.4,8.2,16.8,66.3,9.5
2026-07-01T01:42:32,765,16,59.5,8.1,16.4,67.4,9.4
2026-07-01T03:43:04,705,15.7,61.4,8.2,17.1,67,9.7
2026-07-01T05:43:44,1035,17.5,66.4,9.9,22.4,54.9,10.9
2026-07-01T07:44:35,0,21.7,61.7,11.8,26,44.5,10.8
2026-07-01T09:44:34,0,26.3,46.5,11.5,26.4,40.8,10.2
2026-07-01T11:44:16,2385,29.3,37.6,11,24.6,42.2,9.5
2026-07-01T13:43:56,2130,29.5,35,10.3,23.8,43.4,9.3
2026-07-01T15:43:38,2040,29,34.3,9.9,22.9,44.4,9.1
2026-07-01T17:42:46,1620,27.1,35.3,9.1,21.6,47.8,9.1
2026-07-01T19:42:03,1035,24.5,37.1,8.3,20.1,52.4,9.1
2026-07-01T21:42:38,795,22.1,40.5,7.9,18.9,57,9.2
2026-07-01T23:42:33,480,20.3,45.4,8,17,70.9,10.3
2026-07-02T01:42:13,480,18.9,48.6,7.9,15.6,80.9,10.8
2026-07-02T03:42:54,480,17.9,51.7,7.9,15.7,82.7,11.1
2026-07-02T05:43:09,480,18,55.3,8.5,16.6,81.8,11.6
2026-07-02T07:43:58,870,19.2,59.6,9.8,17.7,74.9,11.3
2026-07-02T09:44:29,0,21.3,61.8,11.5,20.9,64.3,11.7
2026-07-02T11:44:39,0,24.7,53.4,12.1,21.2,60.5,11.2
2026-07-02T13:44:19,1785,28,43.2,11.8,21,61.4,11.2
2026-07-02T15:44:23,900,24.3,46.2,10.2,16.1,84.3,11.6
2026-07-02T17:44:13,765,21.1,57.3,10.6,16.9,86.1,12.4
2026-07-02T19:44:37,795,19.2,62,10.2,15.2,91,11.8
2026-07-02T21:43:53,480,16.8,63.9,9.1,14,92.8,11.2
2026-07-02T23:44:02,465,14.7,65.8,8.3,13.3,94.3,10.9
2026-07-03T01:43:08,465,13.2,68.9,7.9,13.4,94.6,11
2026-07-03T03:43:10,465,13.1,74,8.4,16,91.2,12.4
2026-07-03T05:43:51,645,14.9,82.4,10.5,15.7,93.2,12.5
2026-07-03T07:43:31,1155,15.8,82.2,11.1,14.8,93.9,11.9
2026-07-03T09:44:14,1185,17.3,85.1,12.5,16.9,93.1,13.4
2026-07-03T11:43:47,1620,18.6,82,13,17.3,87.5,12.9
2026-07-03T13:43:49,1560,19.9,74.9,12.9,17.7,86.1,13
2026-07-03T15:44:23,1500,20.1,74.3,12.9,18.1,84.5,13.1
2026-07-03T17:44:53,1395,19.8,72.7,12.4,17.2,87.8,12.9
2026-07-03T19:45:35,1155,18.4,73,11.5,16.1,90,12.3
2026-07-03T21:45:53,1020,16.7,74.7,10.6,14.6,93.5,11.7
2026-07-03T23:46:31,0,15.2,76.4,9.9,14.1,95.4,11.6
2026-07-04T01:46:41,345,13.9,78.4,9.4,13.6,97.1,11.4
2026-07-04T03:46:29,0,13.6,81.5,9.6,13.8,97,11.6
2026-07-04T05:46:39,720,15.1,84.9,10.9,17.4,86.9,12.9
2026-07-04T07:46:36,0,18.6,84.2,13.4,18.4,82.4,13
2026-07-04T09:46:54,0,19.8,75.6,12.9,16.9,87.4,12.6
2026-07-04T11:47:33,0,19.9,76.4,13.1,17.3,88.6,13
2026-07-04T13:47:15,0,21,78.3,14.3,18.5,82.7,13.1
2026-07-04T15:46:45,0,22.9,63.1,12.9,18.1,76.6,11.8
2026-07-04T17:47:08,0,21.1,61,11.2,16.6,84.8,12
2026-07-04T19:48:00,1125,19,67,10.9,15.8,87.9,11.8
2026-07-04T21:47:22,0,17,68.8,10,14,92.6,11.2
2026-07-04T23:47:03,0,15.4,72.9,9.6,13.9,92.8,11.1
2026-07-05T01:46:46,0,14.6,77.5,9.7,13.9,93.9,11.3
2026-07-05T03:46:48,0,14.3,81.4,10,14.2,94.7,11.6
2026-07-05T05:47:07,0,14.7,84.3,10.6,14.1,96.3,11.7
2026-07-05T07:47:41,0,15.2,85.4,11.1,14.7,95.8,12.1
2026-07-05T09:47:31,1350,16.7,88.9,12.6,16.7,91.9,13.1
2026-07-05T11:46:43,0,19.2,85.1,14,16.9,93,13.4
2026-07-05T13:46:49,0,20,77.8,13.4,16.7,93.7,13.3
2026-07-05T15:47:15,0,19.8,74.4,12.7,16,92.6,12.6
2026-07-05T17:48:01,1560,19.3,75,12.4,15.7,93,12.4
2026-07-05T19:48:51,1290,18.4,74,11.6,14.8,96.6,12.2
2026-07-05T21:48:52,1095,17.1,75.6,11,14.4,97.3,12
2026-07-05T23:48:31,1050,16,77.8,10.6,13.8,98,11.7
2026-07-06T01:49:01,0,15.2,79.3,10.3,13.2,98.9,11.4
2026-07-06T03:48:26,0,14.7,82.3,10.4,13.7,98.9,11.7
2026-07-06T05:48:08,1140,15.3,87.2,11.4,15.1,95.2,12.3
2026-07-06T07:47:39,0,16.6,87.8,12.4,16.5,92.2,12.9
2026-07-06T09:48:07,45,18.4,80,12.6,17.6,82.7,12.4
2026-07-06T11:47:35,0,19.3,68.3,11.3,15.3,84.7,11.1
2026-07-06T13:46:54,1530,18.3,59.7,9.3,13.9,78.4,9.4
2026-07-06T15:47:45,2085,17.2,61.8,9,13.6,70.1,8.2
2026-07-06T17:47:54,1875,16.4,61.3,8.6,12.1,75.3,8.1
2026-07-06T19:47:42,1320,14.4,58.3,7.2,10.2,78.5,7.5
2026-07-06T21:47:02,810,11.9,62,6.6,9.2,85.2,7.6
2026-07-06T23:46:12,690,10.3,69.4,6.6,8.7,91.2,7.9
2026-07-07T01:46:52,525,9.7,74.1,6.8,8.6,96.8,8.3
2026-07-07T03:47:36,465,9.4,75.5,6.8,9.6,100,9.2
2026-07-07T05:47:56,0,10.1,81.2,7.7,11,99.2,9.9
2026-07-07T07:47:42,570,11.7,87.2,9.1,12.8,96.3,10.8
2026-07-07T09:48:26,15,14,89.2,10.8,13.6,94.2,11.1
2026-07-07T11:47:38,0,16,83.4,11.4,14.4,92.6,11.4
2026-07-07T13:47:13,0,17.9,82.6,12.6,15.8,86.3,11.6
2026-07-07T15:46:41,0,19.2,68,11.2,14.7,85.4,10.7
2026-07-07T17:46:52,0,18.2,67.8,10.5,14.1,90.3,11
2026-07-07T19:47:34,0,16.8,69.8,10,12.7,95.2,10.6
2026-07-07T21:47:53,0,15.1,68.9,8.9,10.8,97.3,9.6
2026-07-07T23:48:34,915,13.2,69.5,8,9.6,98.6,9
2026-07-08T01:48:15,645,11.7,72.9,7.6,9.7,98.4,9.1
2026-07-08T03:48:05,465,11.2,77.1,7.8,10.7,98.6,9.7
2026-07-08T05:48:11,0,11.6,80.8,8.4,12.2,96.1,10.4
2026-07-08T07:47:44,0,13.5,85.3,10,15.3,88.4,11.5
2026-07-08T09:47:31,0,17.3,84,12.4,17.8,75.3,11.4
2026-07-08T11:47:47,0,20.2,69.8,12.2,19.2,66.5,11
2026-07-08T13:47:28,0,22.4,56.8,11.3,18.8,69.7,11.2
2026-07-08T15:47:32,0,21.3,56.5,10.5,17.2,76.2,11.2
2026-07-08T17:47:51,0,19.1,60,9.8,15.8,81.5,11
2026-07-08T19:48:38,0,17.2,65.1,9.5,15.3,82.2,10.7
2026-07-08T21:48:11,0,15.6,70.3,9.3,15.2,82.3,10.7
2026-07-08T23:48:26,0,14.6,74.4,9.3,14.7,82.6,10.4
2026-07-09T01:48:36,0,14,77.6,9.4,14.5,82.6,10.3
2026-07-09T03:47:55,0,13.7,79.5,9.4,14.6,80.6,10.1
2026-07-09T05:48:24,0,13.8,81.4,9.7,14.6,83,10.4
2026-07-09T07:48:48,0,14.9,84.1,10.7,15.1,87.9,11.3
2026-07-09T09:49:08,0,16.5,84.2,11.8,15,91,11.7
2026-07-09T11:49:49,0,17.1,79.8,11.6,14.5,93.9,11.7
2026-07-09T13:49:27,0,17.9,84.6,12.9,16.5,91,12.8
2026-07-09T15:49:11,0,20,80.3,13.9,17.9,84.9,13
2026-07-09T17:49:26,0,19.9,73.2,12.6,17.3,87,12.8
2026-07-09T19:49:18,0,18.5,73.5,11.6,15.6,92,12.2
2026-07-09T21:48:50,0,16.5,73.3,10.3,13.7,95.7,11.3
2026-07-09T23:49:18,0,14.9,77.8,9.9,13.4,96.7,11.2
2026-07-10T01:48:49,0,14.5,81.5,10.1,14.1,98.1,11.9
2026-07-10T03:48:44,0,14.7,84.4,10.6,14.4,96.6,11.9
2026-07-10T05:49:23,0,16,89,12.1,18.4,84.8,13.3
2026-07-10T07:48:33,0,19.1,88.2,14.5,23.7,62.3,13.3
2026-07-10T09:47:52,0,22.5,66.1,13.2,23.7,54.5,11.7
2026-07-10T11:47:54,0,24.9,53.7,12.3,21.5,54.8,10.3
2026-07-10T13:48:16,0,24.5,50.6,11.3,20.1,58.4,10.1
2026-07-10T15:47:29,0,24.3,49.9,11,20.3,51.2,9
2026-07-10T19:48:27,0,19.7,57,9.7,16.2,74,10.2
2026-07-10T21:48:34,0,16.7,59.8,8.5,13.6,81.2,9.6
2026-07-10T23:47:54,0,14.7,65,8.2,14.8,78.6,10
2026-07-11T01:47:01,0,14,68.2,8.2,15.1,76.3,9.8
2026-07-11T03:47:05,0,14,70.5,8.5,16.2,76.4,10.5
2026-07-11T05:46:39,0,15,74.7,9.6,18.3,74,11.6
2026-07-11T07:45:54,0,16.7,76.5,10.9,20.4,69,12.2
2026-07-11T09:45:52,0,19.7,78,13.2,22.8,65.7,13.4
2026-07-11T11:45:54,0,24.2,71.8,15.8,24.4,66.2,14.7
2026-07-11T13:45:58,0,27.2,60.2,15.7,25.8,60.4,14.5
2026-07-11T15:46:11,0,27,61.2,15.8,27.2,58,15.1
2026-07-11T17:45:22,0,25,63.5,14.6,26.3,64,15.9
2026-07-11T19:45:27,0,21.6,68.9,13.1,18.3,100,15.6
2026-07-11T21:45:39,0,19.7,71.8,12.2,17.1,100,14.6
2026-07-11T23:46:12,0,18.2,72.9,11.3,16.9,100,14.4
2026-07-12T01:45:46,0,17,74.9,10.8,16.7,100,14.2
2026-07-12T03:45:09,0,16.6,77.3,10.9,17.3,100,14.7
2026-07-12T05:45:00,0,17.2,80.9,11.8,19.3,97.6,16.2
2026-07-12T07:45:36,0,19,85,13.8,21.7,93.4,17.8
2026-07-12T09:46:04,0,22,87.5,17,25.9,81.8,19.8
2026-07-12T11:45:14,0,25.8,76.8,18.5,27.2,74.3,19.3
2026-07-12T13:45:11,0,27.5,69.3,18.3,27.3,72.5,19
2026-07-12T15:44:32,0,26.6,58.6,14.8,21.9,76.3,14.7
2026-07-12T17:44:38,0,24.3,67.9,15,21.6,83.9,15.9
2026-07-12T19:45:28,0,22.5,71.8,14.3,20.1,88.6,15.4
2026-07-12T21:44:49,0,20.6,76.6,13.7,20.1,87,15.1
2026-07-12T23:44:26,0,19.4,81.1,13.5,19,90.1,14.7
2026-07-13T01:44:05,0,18.6,81.3,12.9,17.5,90.7,13.5
2026-07-13T03:43:20,0,17.6,83.6,12.5,17.2,89.2,13.1
2026-07-13T05:43:56,0,17.1,85.1,12.4,16.7,89.5,12.7
2026-07-13T07:43:36,0,17.4,83.9,12.4,16.6,88.2,12.5
2026-07-13T09:44:22,0,18.6,85.8,13.7,20.4,78.3,13.8
2026-07-13T11:44:27,0,20.7,78,14,20.3,77.3,13.6
2026-07-13T13:44:39,0,20.9,72.4,13.2,19.4,79.7,13.3
2026-07-13T15:44:41,0,20.2,74.7,13.1,19.4,79.3,13.2
2026-07-13T17:45:34,0,19.6,74.3,12.5,19,80.6,13.1
2026-07-13T19:46:15,0,18.6,75.4,12,18.1,82.1,12.7
2026-07-13T21:47:02,0,17.7,77,11.6,17.6,81.9,12.3
2026-07-13T23:46:19,0,16.9,78,11.2,16.7,82.2,11.7
2026-07-14T01:47:12,0,15.8,76.4,10.3,14.4,86.9,10.7
2026-07-14T03:47:09,0,14.6,82.7,10.3,16.8,80.4,11.5
2026-07-14T05:47:29,0,15.1,89.5,11.5,21.2,66.9,12.4
2026-07-14T07:46:41,0,17.8,86.3,13.1,21.2,66.3,12.3
2026-07-14T09:46:34,0,20.7,72.9,13.1,23.6,58.5,12.4
2026-07-14T11:46:14,0,24.5,58.8,13.2,21.5,61.4,11.6
2026-07-14T13:46:50,0,26.9,50,12.8,21.8,57.9,11.1
2026-07-14T15:47:14,0,26.8,48.9,12.5,23,54.8,11.3
2026-07-14T17:47:21,0,24.5,51,11.4,22.2,56.9,11.2
2026-07-14T19:46:39,0,21.6,57.6,10.9,18.4,72.9,11.5
2026-07-14T21:47:04,0,18.5,62.3,9.9,15.6,83.6,11.1
2026-07-14T23:46:27,0,15.7,65.3,8.7,13.6,85,10
2026-07-15T01:45:51,0,13.6,68.4,8,13.2,86.5,9.9
2026-07-15T03:45:07,0,12.7,72,8,17.1,78.3,11.4
2026-07-15T05:44:17,0,14.3,77,9.5,24.3,60.2,13.3
2026-07-15T07:43:32,0,18.7,76.1,12.2,28.1,52.8,14.4
2026-07-15T09:44:14,0,22.3,67.7,13.4,26.6,50.3,12.7
2026-07-15T11:44:07,0,24.1,54.9,12,25,46.3,10.7
2026-07-15T13:44:57,0,24.8,51.3,11.7,26,47.5,11.6
2026-07-15T15:45:40,0,24.5,52.3,11.7,25.9,46.8,11.3
2026-07-15T17:45:04,0,23.3,57.8,12.1,24.9,52.8,12.1
2026-07-15T19:45:30,0,21.2,60.4,11.2,21.7,60.2,11.5
2026-07-15T21:44:49,0,18.6,62,9.9,18.8,67.1,10.8
2026-07-15T23:45:35,0,16.6,66,9.3,17.4,69.3,10.3
2026-07-16T01:45:58,0,15.1,68.2,8.8,16.1,70.1,9.6
2026-07-16T03:45:53,0,14.3,72.9,9,18.4,65.7,10.3
2026-07-16T05:45:54,0,15.5,79.8,10.5,24.5,55.2,12.4
2026-07-16T07:46:43,0,20.1,74.8,13,29.2,45.3,13.2
2026-07-16T09:47:19,0,23.5,60.9,12.9,23.1,56.5,11.7
2026-07-16T11:48:05,0,26.1,53.9,13.2,21.8,60.2,11.5
2026-07-16T13:48:07,0,27.3,48.2,12.6,21.8,58,11.1
2026-07-16T15:48:27,0,26.6,45.3,11.4,20.9,55.5,10.1
2026-07-16T17:48:17,0,23.8,45.6,9.8,19.8,56.6,9.7
2026-07-16T19:47:56,0,20.3,50.8,8.9,17.4,67.6,10
2026-07-16T21:47:35,0,16.9,56.2,8.1,14.2,79.1,9.7
2026-07-16T23:47:31,0,13.8,61.3,7.3,12.6,84.2,9.3
2026-07-17T01:46:48,0,11.2,65.8,6.7,11.8,86.3,9.1
2026-07-17T03:47:25,0,9.8,69.7,6.5,17.2,78.3,11.5
2026-07-17T05:47:55,0,12.5,76.8,8.4,23.1,56.1,11.6
2026-07-17T07:47:23,0,18.2,74.1,11.5,26.2,44.5,11
2026-07-17T09:46:55,0,24.2,58.2,12.8,26.8,45.9,11.7
2026-07-17T11:46:28,0,28.3,47.7,13.2,23.7,55.2,11.8
2026-07-17T13:45:58,0,29.9,43,13,23.7,55.7,11.9
2026-07-17T15:46:30,0,29.2,43.6,12.7,23.8,57.4,12.3
2026-07-17T17:46:19,0,26.3,46.5,11.5,21.9,61.6,11.9
2026-07-17T19:45:43,0,22.8,51.2,10.4,20,66.8,11.5
2026-07-17T21:45:12,0,19.4,57,9.5,17.3,75.6,11.1
2026-07-17T23:44:55,0,16.5,63,8.8,16.1,82.5,11.3
2026-07-18T01:44:41,0,14.3,66.2,8.1,16.8,86.4,12.3
2026-07-18T03:44:35,0,14.4,71.8,8.9,19.6,84,14.2
2026-07-18T05:44:12,0,16.6,76,10.7,20.3,80.4,14.1
2026-07-18T07:44:49,0,20.3,77.2,13.6,24.2,63.5,14
2026-07-18T09:44:21,0,24.5,66.2,14.8,24.8,59.4,13.5
2026-07-18T11:44:46,0,26.9,54.7,14,25,59.2,13.6
2026-07-18T13:44:07,0,27.2,50.3,13.1,25.4,55.6,13.1
2026-07-18T15:43:49,0,25.9,51,12.4,25.1,52.7,12.2
2026-07-18T17:43:29,0,23.8,53.7,11.6,22.3,66.4,13.1
2026-07-18T19:43:12,0,21.8,62.5,12,19.8,85.5,14.6
2026-07-18T21:42:28,0,20.3,65.4,11.5,18.9,97.3,15.8
2026-07-18T23:43:00,0,19.4,69.8,11.6,18.4,96.8,15.2
2026-07-19T01:42:30,0,18.6,74.7,11.9,17.1,95.8,13.9
2026-07-19T03:42:12,0,18,80.6,12.4,16.5,94.7,13.3
2026-07-19T05:41:45,0,17.6,78.8,11.8,15,93.7,12
2026-07-19T07:41:20,0,17.2,78.6,11.5,16.1,88.9,12.2
2026-07-19T09:41:54,0,18.8,76.4,12.3,18.8,78.7,12.7
2026-07-19T11:41:53,0,20.6,69.4,12.4,18.8,75,12.1
2026-07-19T13:42:35,0,20.4,64.6,11.4,17.6,74.4,11.2
2026-07-19T15:42:15,0,19.5,62.8,10.5,16.4,75.9,10.6
2026-07-19T17:42:27,0,18.5,64.6,10.2,15.9,76.6,10.4
2026-07-19T19:42:08,0,17.2,64.6,9.5,15.1,78.7,10.1
2026-07-19T21:42:27,0,15.8,67.3,9.1,14.6,79.5,9.9
2026-07-19T23:43:10,0,14.9,69,8.8,14.1,78.6,9.5
2026-07-20T01:43:55,0,14.1,70.1,8.5,13.4,79.6,9.2
2026-07-20T03:43:53,0,13.6,72.2,8.5,13.5,79.4,9.3
2026-07-20T05:44:25,0,14.2,75.7,9.2,15.7,73.1,9.8
2026-07-20T07:44:30,0,16.2,74.4,10.3,19.6,61,10.3
2026-07-20T09:44:52,0,19.9,63.6,10.9,20.2,53.8,9.4
2026-07-20T11:44:32,0,22.7,47.4,9.6,19.9,45.8,7.9
2026-07-20T13:44:15,0,23.6,42.3,9,20,45.3,7.8
2026-07-20T15:44:30,0,22,42.8,8.3,19,49.4,8
2026-07-20T17:43:52,0,19.7,44.3,7.5,17.3,53.3,7.8
2026-07-20T19:44:22,0,17,49.1,7.1,15.2,62,8
2026-07-20T21:45:12,0,14.6,54.3,6.8,13.2,70.7,8.1
2026-07-20T23:45:31,0,12.6,58.8,6.5,11.6,74.7,7.8
2026-07-21T01:44:52,0,11.3,62.5,6.4,10.5,78.3,7.6
2026-07-21T03:45:33,0,10.5,67.4,6.5,10.8,78.1,7.7
2026-07-21T05:45:10,0,11,70.8,7.1,11.6,74.7,7.8
2026-07-21T07:45:09,0,12.7,70.6,7.9,12.6,71.5,7.9
2026-07-21T09:44:32,0,14.6,65.7,8.2,13.1,70.3,8
2026-07-21T11:43:55,0,15.4,62.1,8.2,13.1,73.2,8.3
2026-07-21T13:44:38,0,15.8,64.1,8.6,12.6,78.6,8.7
2026-07-21T15:43:48,0,16.3,65.3,9.1,12.5,80.8,8.9
2026-07-21T17:44:15,0,15.6,63.8,8.5,11.7,82.2,8.6
2026-07-21T19:43:36,0,14.5,65.9,8.2,11.1,87.4,8.8
2026-07-21T21:43:24,0,13.2,68.5,7.9,10.7,90.5,8.9
2026-07-21T23:43:38,0,12.3,71.3,7.7,10.7,90.6,8.9
2026-07-22T01:43:45,0,11.9,73.3,7.8,10.5,92.3,8.9
2026-07-22T03:44:21,0,11.7,75,7.8,10.7,93.5,9.2
2026-07-22T05:44:26,0,12.2,77.4,8.3,11.8,89.5,9.4
2026-07-22T07:44:00,0,14.2,79.8,9.7,14.3,81.2,10
2026-07-22T09:44:20,0,18.4,72,11.3,19.1,60.5,9.9
2026-07-22T11:44:19,0,22.2,52,10.2,19.9,50.2,8.6
2026-07-22T13:43:30,0,23.3,43.8,9.2,18.9,48.7,7.9
2026-07-22T15:43:21,0,23.2,42,8.7,19.5,48.3,8.1
2026-07-22T17:43:42,0,21.3,43.5,8.1,16.9,60.1,8.6
2026-07-22T19:43:46,0,18.5,48.2,7.6,15.3,67.7,8.8
2026-07-22T21:43:12,0,16.1,52.7,7.2,13.9,75.1,9
2026-07-22T23:43:53,0,14.6,56.5,7.1,13.5,80.2,9.4
2026-07-23T01:43:25,0,13.8,60.9,7.3,12.7,83.7,9.3
2026-07-23T03:43:49,0,13.2,63.9,7.3,12.3,87.8,9.5
2026-07-23T05:43:51,0,13.4,67.5,7.8,13.1,88.9,10.1
2026-07-23T07:43:33,0,15.5,72.3,9.6,16.1,81.6,11.2
2026-07-23T09:43:37,0,19.3,72.4,12,20.3,67.8,11.9
2026-07-23T11:43:44,0,23.3,57.7,12.1,21,58.3,10.7
2026-07-23T13:44:03,0,22.5,59,11.8,17,77.4,11.2
2026-07-23T15:44:03,0,22.4,60.5,12,16.9,76.9,11.1
2026-07-23T17:43:14,0,21.3,64.2,12,16.5,81.8,11.5
2026-07-23T19:43:21,0,18.8,66.3,10.7,14.2,88.6,10.8
2026-07-23T21:42:43,0,16.1,66.9,9.2,12.3,93,10.1
2026-07-23T23:41:58,0,13.4,68.5,8,10.5,94.1,9.1
2026-07-24T01:42:43,0,10.9,71.6,7.1,9.3,95.5,8.6
2026-07-24T03:43:08,0,9.2,74.2,6.6,11.4,94.2,9.7
2026-07-24T05:43:32,0,10.4,77,7.4,20.9,73.6,13.4
2026-07-24T07:43:16,0,15.9,78.7,10.7,27.2,47.5,12.4
2026-07-24T09:42:33,0,21.5,65.9,12.4,22.4,49.4,9.8
2026-07-24T11:42:14,0,22.3,54.8,10.8,21.1,54.2,10
2026-07-24T13:43:12,0,23.5,53.3,11.3,20.3,55.6,9.8
2026-07-24T15:42:56,0,23.2,47.5,9.9,18.6,58.1,9.2
2026-07-24T17:43:11,0,20.6,53,9.5,17.9,65.4,10
2026-07-24T19:43:57,0,17.6,56.1,8.4,14.7,74,9.3
2026-07-24T21:44:11,0,14.7,58.7,7.4,12.5,81.2,8.9
2026-07-24T23:44:38,0,12.5,63.8,7,14.5,76.7,9.5
2026-07-25T01:44:10,0,12,68.9,7.3,14.5,81.7,10.2
2026-07-25T03:44:56,0,12.1,72.7,7.8,15.4,82,10.8
2026-07-25T05:43:59,0,13.5,76.4,8.9,18.1,70.3,10.9
2026-07-25T07:43:46,0,16.2,76.6,10.6,16.9,76,10.9
2026-07-25T09:43:57,0,17.4,73.6,10.9,17.1,80.9,11.8
2026-07-25T11:44:11,0,17.9,76,11.6,17.6,87.2,13.1
2026-07-25T13:44:07,0,19.2,72.9,12,19.1,69.8,11.4
2026-07-25T15:43:30,0,19.2,72.5,12,16.8,87.4,12.5
2026-07-25T17:43:21,0,18.5,73.9,11.7,16.4,89.7,12.5
2026-07-25T19:43:50,0,17.3,75.8,11.2,16,91.8,12.5
2026-07-25T21:43:37,0,16.3,78.4,10.9,16,88.6,12.1
2026-07-25T23:43:36,0,15.6,79.7,10.6,15.7,86,11.5
2026-07-26T01:43:24,0,15,80,10.3,15.6,84.1,11.2
2026-07-26T03:43:27,0,14.9,82,10.4,15.7,90.2,12.1
2026-07-26T05:44:04,0,15.1,83.8,10.8,16.6,84.4,11.9
2026-07-26T07:43:53,0,16.3,84.8,11.8,16.3,91.8,12.7
2026-07-26T09:43:37,0,17.2,85.1,12.5,18.1,84.5,13.1
2026-07-26T11:44:04,0,18.8,81.5,13.1,18.2,85,13.2
2026-07-26T13:44:25,0,19.3,79.1,13.1,18.7,83.9,13.4
2026-07-26T15:43:58,0,19,78.9,12.9,18.4,81,12.7
2026-07-26T17:43:47,0,18.2,77.7,12.1,18.1,84.4,13
2026-07-26T19:44:19,0,17.5,80.3,12,17.4,87.7,13
2026-07-26T21:44:35,0,17,82.1,11.9,16.7,92.1,13.1
2026-07-26T23:43:58,0,16.1,82.2,11.3,15.3,94.9,12.4
2026-07-27T01:43:12,0,15.1,83.7,10.8,14.8,96.3,12.2
2026-07-27T03:42:44,0,14.7,85.7,10.8,15.1,95.9,12.4
2026-07-27T05:43:14,0,15.4,89.9,11.8,16.3,97.2,13.5
2026-07-27T07:42:19,0,16.9,91.9,13.2,17.2,95.2,13.9
2026-07-27T09:43:19,0,18.8,89.7,14.4,18.1,90.1,13.9
2026-07-27T11:43:25,0,20.3,81.6,14.3,19,82.6,13.5
2026-07-27T13:43:20,0,21.7,74.7,14.2,20,76.6,13.2
2026-07-27T15:44:01,0,22.4,69.3,13.8,19.7,76.4,13
2026-07-27T17:44:53,0,21.4,69.4,13,18.4,85.4,13.4
2026-07-27T19:45:08,0,19.3,73.4,12.2,16.5,100,14
2026-07-27T21:45:33,0,17.8,77.5,11.8,16.2,100,13.8
2026-07-27T23:45:27,0,17,80.6,11.7,15.3,100,13.1
2026-07-28T01:45:06,0,16.4,81.4,11.4,14.4,100,12.4
2026-07-28T03:45:41,0,15.8,81.5,11,13.6,100,11.8
2026-07-28T05:45:56,0,15.6,84.6,11.2,14.7,100,12.6
2026-07-28T07:45:49,0,17.1,84.7,12.3,21.9,75.5,14.6
2026-07-28T09:45:48,0,19.9,73.4,12.6,23.1,67.6,14
2026-07-28T11:45:17,0,21.3,63.2,11.8,18.5,76.6,12.1
2026-07-28T13:45:26,0,21.2,59.7,11.1,17.7,73.6,11.1
2026-07-28T15:44:46,0,19.9,60.2,10.3,17.5,76.4,11.4
2026-07-28T17:45:00,0,18.5,63.6,10.1,16.5,80.1,11.2
2026-07-28T19:45:11,0,16.9,66.7,9.6,14.6,85.6,10.7
2026-07-28T21:46:04,0,14.9,70,8.9,12.9,91,10.3
2026-07-28T23:45:06,0,13.1,73.5,8.4,12,94.2,10
2026-07-29T01:44:49,0,12,77.3,8.2,12.2,95.6,10.3
2026-07-29T03:44:34,0,11.7,78.2,8.2,14.3,91,11.2
2026-07-29T05:44:51,0,12.5,83.9,9.2,22.5,70.1,14
2026-07-29T07:44:14,0,16.3,83.2,11.5,27.2,50.5,13.1
2026-07-29T09:43:29,0,20.8,68.5,12.4,27.5,44.3,11.7
2026-07-29T11:43:36,0,23.8,52.1,11.2,24.4,46.3,10.3
2026-07-29T13:44:12,0,24.5,46.2,10.3,22.9,47.4,9.7
2026-07-29T15:44:34,0,23.8,49.8,10.7,23.6,47.1,10
2026-07-29T17:45:21,0,22.4,54.7,10.9,21.2,61.9,11.5
2026-07-29T19:45:00,0,19.9,57.4,9.9,18.8,64.4,10.4
2026-07-29T21:45:25,0,17.2,60.7,8.9,15.5,76.6,10.1
2026-07-29T23:45:52,0,14.9,65.7,8.4,13.6,85.2,10
2026-07-30T01:45:09,0,13.2,69.3,8,12.5,90.1,9.9
2026-07-30T03:45:08,0,12.3,72.9,7.9,13.5,91.6,10.7
2026-07-30T05:44:37,0,14,77.1,9.3,19.5,78.3,13.1
2026-07-30T07:44:17,0,17.6,79.4,11.9,22.6,66.1,13.3
2026-07-30T09:44:36,0,20.9,76.7,14,23,67.4,13.9
2026-07-30T11:44:57,0,23,71,14.6,22.1,70.2,13.7
2026-07-30T13:45:34,0,24.9,63.8,14.6,22.6,68.6,13.8
2026-07-30T15:46:23,0,24.7,60.3,13.7,22.5,68.6,13.7
2026-07-30T17:46:44,0,23,65.6,13.5,20.6,78.7,14.1
2026-07-30T19:46:32,0,20.6,68.8,12.3,18.1,87.2,13.5
2026-07-30T21:46:17,0,18.3,71.9,11.2,17.2,89.7,13.1
2026-07-30T23:46:46,0,16.4,74.1,10.3,15.9,89.7,12.1
2026-07-31T01:46:59,0,14.7,76.4,9.6,16.1,91.7,12.6
2026-07-31T03:47:21,0,14.4,79,9.8,18.8,87.4,14.1
2026-07-31T05:47:26,0,16.1,84.4,11.6,21.8,76.5,14.7
2026-07-31T07:47:37,0,19.7,85.9,14.6,25.7,62.8,15
2026-07-31T09:47:26,0,23.8,74.8,16.1,25.7,62.7,15
2026-07-31T11:47:37,0,25.5,67.4,16,25.8,65.1,15.7
2026-07-31T13:47:14,0,24.4,65.3,14.5,20.9,83.4,15.2
2026-07-31T15:47:32,0,22.5,75.6,15.1,20.4,87.9,15.5
2026-07-31T17:47:57,0,21.5,77.2,14.6,19.5,92.3,15.5
2026-07-31T19:47:55,0,20.4,77.9,13.8,18.1,94.7,14.6
2026-07-31T21:48:32,0,18.7,77.2,12.4,16.8,96.5,13.8
2026-07-31T23:48:40,0,16.9,77.3,11.1,14.9,97.4,12.4
2026-08-01T01:49:08,0,15.5,81.5,10.8,14.7,98.1,12.3
2026-08-01T03:48:57,0,15.1,84.1,10.8,14.6,98.2,12.3
2026-08-01T05:49:16,0,15.8,87.6,11.8,18.6,90.4,14.4
2026-08-01T07:49:02,0,18.6,86,13.7,24.5,63.2,14.1
2026-08-01T09:49:17,0,21.9,67.8,13.1,24.8,48.9,11.1
2026-08-01T11:49:56,0,23.2,57.5,12,23,53.5,11
2026-08-01T13:50:36,0,24,52.9,11.5,21.8,53.1,10.2
2026-08-01T15:50:46,0,22.9,53.8,11,20.3,61.1,10.7
2026-08-01T17:50:35,0,20.6,56.8,10.2,17.9,69.6,10.6
2026-08-01T19:50:08,0,17.9,58.6,8.9,15.7,72.7,9.7
2026-08-01T21:50:39,0,15.9,62.8,8.5,14.5,80,9.9
2026-08-01T23:50:23,0,14.5,66.9,8.3,13.8,84.4,10.1
2026-08-02T01:51:00,0,13.4,69.3,8.1,13.4,88,10.2
2026-08-02T03:50:16,0,12.6,70.4,7.8,12.9,91.3,10.3
2026-08-02T05:49:41,0,12.8,74.6,8.4,21.5,70.6,13.3
2026-08-02T07:49:42,0,16.6,79.1,11.2,26.3,48.8,12.1
2026-08-02T09:49:38,0,20.4,62.3,11,25.2,39.4,9.2
2026-08-02T11:49:34,0,22.6,48.9,9.8,22.7,45,9.1
2026-08-02T13:50:01,0,23.6,45.3,9.6,21,45,8.2
2026-08-02T15:49:14,0,21.5,50,9.4,18.5,62.6,9.9
2026-08-02T17:49:49,0,18.7,58,9.3,17.1,70.3,10.2
2026-08-02T19:49:09,0,16.4,62.8,8.8,14.9,74.8,9.5
2026-08-02T21:49:05,0,14.4,66.6,8.2,13.9,81.7,9.8
2026-08-02T23:48:36,0,12.9,69.5,7.8,13.1,85.6,9.8
2026-08-03T01:48:32,0,11.8,71.2,7.5,13.1,87.6,10
2026-08-03T03:48:34,0,11.6,74.7,7.8,15.2,85.8,11.1
2026-08-03T05:47:53,0,13,82.7,9.4,21.8,65.6,12.6
2026-08-03T07:48:35,0,16.6,80.9,11.4,25.4,47.6,11.2
2026-08-03T09:49:08,0,19.5,65.1,10.9,21.4,53.2,10
2026-08-03T11:49:25,0,21.2,56.5,10.5,20.6,50.1,9
2026-08-03T13:49:45,0,21.7,53.6,10.2,19.6,59.8,10.1
2026-08-03T17:49:38,0,19.2,53.5,8.8,17.7,60.1,9.1
2026-08-03T19:50:17,0,16.5,56.4,7.9,14.8,66.9,8.5
2026-08-03T21:49:47,0,14,60.3,7.3,12.3,77.8,8.4
2026-08-03T23:49:05,0,11.6,63.8,6.6,10.5,85.7,8.3
2026-08-04T01:48:18,0,9.2,65.7,5.9,9.5,89.4,8.1
2026-08-04T03:48:04,0,7.4,69.7,5.5,11.3,88.5,9
2026-08-04T05:47:33,0,8.7,76.3,6.6,15.5,88.4,11.7
2026-08-04T07:48:13,0,13.6,80.7,9.5,20.5,70.4,12.5
2026-08-04T09:48:53,0,18.9,75.5,12.2,20.1,73,12.7
2026-08-04T11:49:31,0,21.8,68.8,13.2,20.7,67.3,12.1
2026-08-04T13:49:23,0,21.4,70,13.1,19.9,75.5,13
2026-08-04T15:48:42,0,22.1,60.5,11.8,20.5,59.5,10.6
2026-08-04T17:49:14,0,20.5,60.2,10.7,19.4,63.6,10.6
2026-08-04T19:49:15,0,17.9,63.7,9.7,15.6,78.9,10.5
2026-08-04T21:49:32,0,15,67.1,8.6,13.2,85.5,9.8
2026-08-04T23:49:28,0,12.3,70.2,7.6,11.5,88.8,9.2
2026-08-05T01:49:14,0,9.8,73.3,6.8,10.3,92.2,8.8
2026-08-05T03:48:35,0,8.1,77.1,6.4,11,91.9,9.2
2026-08-05T05:48:27,0,9.3,83.8,7.5,14.4,91.3,11.3
2026-08-05T07:48:17,0,14.7,84.1,10.6,18.8,79.3,12.8
2026-08-05T09:48:09,0,19.6,80.3,13.6,22.6,60,12.1
2026-08-05T11:48:24,0,23.4,58.7,12.3,21.8,56.8,10.9
2026-08-05T13:48:14,0,24.1,51.7,11.3,21.8,55,10.6
2026-08-05T15:48:49,0,23.4,52.3,11,20.2,62.1,10.9
2026-08-05T17:49:12,0,21.3,56.9,10.6,18.9,72,11.7
2026-08-05T19:49:07,0,19.2,61.8,10.2,18,76.5,11.7
2026-08-05T21:48:42,0,17.8,66.8,10.1,17.6,80.2,12
2026-08-05T23:47:54,0,17.1,69.6,10.1,17.6,82.9,12.4
2026-08-06T01:48:09,0,16.7,71.2,10.1,17.5,85.4,12.7
2026-08-06T03:47:45,0,16.6,72.1,10.2,17.9,87.4,13.3
2026-08-06T05:48:05,0,17.5,76.2,11.4,23.6,72.5,15.4
2026-08-06T07:47:41,0,20.6,80.4,14.4,25.3,65.9,15.4
2026-08-06T09:47:11,0,22.9,73.8,15.1,20.8,82.8,15
2026-08-06T11:47:01,0,24.3,70.3,15.6,24.2,63.2,13.9
2026-08-06T13:46:20,0,25.2,56.5,13.2,22.8,59.2,12
2026-08-06T15:45:39,0,24.3,54.8,12.1,21,64.7,11.9
2026-08-06T17:44:58,0,21.7,60.5,11.5,19.1,75.9,12.4
2026-08-06T19:44:11,0,19.2,67.9,11.2,17.1,87.5,12.7
2026-08-06T21:44:48,0,17.2,73,10.7,16.6,90.5,12.8
2026-08-06T23:45:26,0,15.9,76.8,10.4,16.8,91,13
2026-08-07T01:46:05,0,15.5,82.7,10.9,16,92.1,12.5
2026-08-07T03:46:09,0,14.9,84.1,10.7,16.6,91.7,12.9
2026-08-07T05:45:24,0,15.4,87.7,11.5,20.3,71.4,12.6
2026-08-07T07:44:40,0,18,83.6,12.8,23.1,57.4,11.9
2026-08-07T09:44:19,0,21,65.7,12,22.6,57.2,11.5
2026-08-07T11:44:33,0,22.6,60.2,12.1,22,61.3,11.9
2026-08-07T13:44:19,0,23.4,52.7,11.1,21.3,57.1,10.6
2026-08-07T15:44:23,0,22.4,51.6,10.2,20.4,57.1,10.1
2026-08-07T17:43:44,0,20.4,54,9.6,18,62.9,9.7
2026-08-07T19:43:03,0,17.5,55.5,8.3,14.7,68.6,8.6
2026-08-07T21:42:51,0,14.8,57.8,7.3,12.1,74.6,8
2026-08-07T23:43:39,0,12.5,62,6.8,10.7,78.4,7.7
2026-08-08T01:43:30,0,10.8,65.7,6.5,9.3,83.6,7.5
2026-08-08T03:43:29,0,9.6,69.9,6.4,10.5,83.1,8.1
2026-08-08T05:43:41,0,10.1,76.5,7.2,18.3,66.3,10.4
2026-08-08T07:44:18,0,14.2,81.5,9.9,23.4,48.6,10.2
2026-08-08T09:44:04,0,18.1,63.1,9.7,21.6,48.8,9.3
2026-08-08T11:44:22,0,21.4,49.8,9.3,20.5,46.8,8.3
2026-08-08T13:43:39,0,22.3,41.7,8.2,19.6,45.3,7.6
2026-08-08T15:43:45,0,21.7,43.7,8.3,19.9,45.3,7.8
2026-08-08T17:43:26,0,20.4,45,8,18,50.5,7.8
2026-08-08T19:42:38,0,17.5,47,7,15,59.5,7.6
2026-08-08T21:42:25,0,14.8,50.8,6.4,12.6,71.8,7.9
2026-08-08T23:41:59,0,12.7,52.7,5.9,11.8,83.8,8.8
2026-08-09T01:42:16,0,12.1,57.4,6.2,13.3,86.7,10
2026-08-09T03:42:50,0,12,61.6,6.6,14.6,86.1,10.8
2026-08-09T05:43:39,0,13.4,75.3,8.7,21,68.8,12.6
2026-08-09T07:43:46,0,16.9,80.9,11.6,25.6,46.8,11.1
2026-08-09T09:43:36,0,20.8,61.9,11.2,21.9,53.5,10.3
2026-08-09T11:43:48,0,22.8,56.9,11.6,20.5,62.7,11.2
2026-08-09T13:44:46,0,23.4,56.2,11.8,19.9,66.1,11.4
2026-08-09T15:45:11,1740,23.4,56.4,11.9,19.3,69.1,11.5
2026-08-09T17:44:42,0,21.4,58.2,10.9,17.9,75,11.4
2026-08-09T19:44:51,0,19,62.5,10.2,16,84.5,11.5
2026-08-09T21:45:07,0,17,67.4,9.7,15.4,86.9,11.4
2026-08-09T23:44:44,0,15.6,71.2,9.5,15,87.2,11.2
2026-08-10T01:44:57,0,14.4,72.9,9,13.8,89.4,10.6
2026-08-10T03:45:03,0,13.5,75.5,8.8,14.6,92.3,11.5
2026-08-10T05:45:30,0,14.2,78.1,9.5,18.7,76.7,12.3
2026-08-10T07:44:49,0,17.3,79.2,11.7,21.2,66.4,12.3
2026-08-10T09:45:35,0,21.4,71.7,13.4,22.5,60.4,12.1
2026-08-10T11:45:52,1710,23.1,58.4,12.1,20.9,64.6,11.8
2026-08-10T13:46:04,960,21.3,59.6,11.1,18.8,74.2,11.9
2026-08-10T15:46:28,0,19.4,68.6,11.4,16.4,96.1,13.4
2026-08-10T17:46:46,0,17.9,71.6,10.9,15.6,98.2,13.1
2026-08-10T19:45:59,0,16.8,78.1,11.2,15,96.2,12.3
2026-08-10T21:46:39,0,16,81.7,11.1,15.2,97.9,12.7
2026-08-10T23:46:59,0,15.7,83.7,11.2,15.1,97.5,12.6
2026-08-11T01:46:59,0,15.2,83.9,10.9,14,97.5,11.8
2026-08-11T03:47:16,0,14.2,83.1,10.1,13.8,96.4,11.5
2026-08-11T05:47:35,0,14,87.6,10.6,17.9,86.8,13.2
2026-08-11T07:47:27,0,15.9,88,11.9,22.8,63.1,12.8
2026-08-11T09:47:29,0,18.7,71.6,11.5,21.4,53.2,10
2026-08-11T11:47:42,0,19.2,67.1,11.1,16.3,75.7,10.5
2026-08-11T13:47:05,0,19.1,64.5,10.6,14.9,80.3,10.2
2026-08-11T15:46:59,0,18.3,67.4,10.5,14.8,83.7,10.6
2026-08-11T17:46:33,0,17.3,67.2,9.9,13.3,80.2,9.3
2026-08-11T19:46:45,0,15.2,63.7,8.3,11.4,84.9,8.7
2026-08-11T21:47:31,0,13.2,67.2,7.7,10.2,87.2,8.3
2026-08-11T23:47:50,0,11.4,69,7.1,8.7,87.9,7.6
2026-08-12T01:47:31,0,10,73.2,6.9,8.5,90.5,7.7
2026-08-12T03:47:41,0,9,79.5,7,10.1,88.4,8.4
2026-08-12T05:48:14,0,9.3,87.7,7.9,16,71.9,9.8
2026-08-12T07:47:35,0,12.1,89.1,9.6,20,59,10.2
2026-08-12T09:48:10,0,15.7,75.4,10.1,18.3,58,9.1
2026-08-12T11:48:44,0,17.8,67.4,10.2,17.5,65.3,9.7
2026-08-12T13:49:18,0,19,56.8,9.3,17.8,52.7,8
2026-08-12T15:49:20,0,18.6,51.7,8.2,16.4,55.7,7.8
2026-08-12T17:50:04,0,16.8,56.1,8,15.2,62.5,8.1
2026-08-12T19:50:45,0,14.8,58.6,7.4,12.6,70.5,7.8
2026-08-12T21:51:19,0,12.8,61.9,6.9,11.2,76.6,7.8
2026-08-12T23:51:02,0,11.1,66.1,6.7,9.7,82.7,7.6
2026-08-13T01:50:30,0,9.8,69.4,6.4,8.7,86.5,7.5
2026-08-13T03:50:16,0,8.7,72.1,6.2,9.2,86.4,7.7
2026-08-13T05:50:44,0,8.8,77.8,6.8,17,68.6,9.9
2026-08-13T07:50:21,0,12.5,79.2,8.7,23.6,50.8,10.8
2026-08-13T09:49:59,0,17.8,69,10.5,22.9,48,9.8
2026-08-13T11:50:21,0,20.6,56.1,10,20.7,50.8,9.1
2026-08-13T13:50:56,0,21.6,51.7,9.8,20.8,51.1,9.3
2026-08-13T15:50:40,0,21.1,48.1,8.9,19.3,52.3,8.7
2026-08-13T17:50:53,0,19.5,51.4,8.6,17.4,61.4,9.1
2026-08-13T19:51:07,0,17.2,54.9,8,13,77.8,8.8
2026-08-13T21:50:33,0,14.3,58.5,7.2,11.2,82.6,8.4
2026-08-13T23:50:23,0,11.8,62.8,6.6,10.2,84.8,8.1
2026-08-14T01:50:24,0,10.4,66.9,6.4,10.8,87.9,8.7
2026-08-14T03:49:48,0,10.2,69.7,6.6,11.6,86.9,9
2026-08-14T05:50:14,0,11.3,73.9,7.5,15.1,77.5,10
2026-08-14T07:50:09,0,14.3,76.6,9.4,17.7,69.1,10.4
2026-08-14T09:49:46,0,17.4,76.1,11.3,19,72.2,11.8
2026-08-14T11:50:08,0,20.6,67.8,12.1,20,57.2,9.9
2026-08-14T13:49:19,0,22.3,54,10.7,19.3,56.8,9.4
2026-08-14T15:48:44,0,22,58.3,11.3,19.1,68.9,11.3
2026-08-14T17:49:22,0,19.9,60,10.3,17.8,77.4,11.7
2026-08-14T19:48:44,0,18,65.9,10.1,16.6,84.3,11.9
2026-08-14T21:49:30,0,16.7,69.3,9.8,15.7,86.8,11.6
2026-08-14T23:49:20,0,15.8,71.6,9.6,15.2,89.9,11.7
2026-08-15T01:48:59,0,15.1,72.6,9.4,15.1,88.5,11.4
2026-08-15T03:49:18,0,14.7,75.4,9.5,15.5,95.1,12.6
2026-08-15T05:48:26,0,15.1,78.9,10.2,17.7,90.7,13.7
2026-08-15T07:48:24,0,17.5,81.8,12.2,21.9,77,14.9
2026-08-15T09:49:03,0,21.6,80.3,15.2,24.7,69.2,15.7
2026-08-15T11:48:58,0,24.7,66,14.9,23.9,64.3,13.9
2026-08-15T13:49:35,0,25.2,61.1,14.2,23.4,66.7,14
2026-08-15T15:50:17,0,24.6,60.6,13.6,21.8,66.1,12.7
2026-08-15T17:50:55,0,21.8,58.1,11.1,19.7,69,11.7
2026-08-15T19:50:22,795,18.8,63.6,10.2,17.5,79.9,11.9
2026-08-15T21:50:57,525,17.1,69.5,10.1,17.5,82.5,12.3
2026-08-15T23:51:25,645,16.3,73.4,10.2,16.9,83.8,12
2026-08-16T01:50:41,0,15.9,75.3,10.2,15.8,89.7,12.1
2026-08-16T03:50:04,0,15.6,79.4,10.6,15.9,93.5,12.7
2026-08-16T05:50:46,0,15.9,84.8,11.5,17.9,89.2,13.6
2026-08-16T07:50:19,885,17.6,83.8,12.6,19.3,85.3,14.1
2026-08-16T09:50:28,0,20.2,80.6,14.1,20.5,73.8,13.1
2026-08-16T11:50:10,0,21.8,67.2,12.9,19.9,70.4,12.1
2026-08-16T13:49:34,1620,22.4,62.7,12.5,18.7,76.9,12.3
2026-08-16T15:48:55,0,20.7,64.5,11.6,17.8,79.4,12
2026-08-16T17:49:06,1155,18.7,69.1,11.1,16.1,86.8,11.9
2026-08-16T19:49:20,0,17.1,73.9,10.8,14.9,90.9,11.6
2026-08-16T21:49:07,0,16.1,78.2,10.7,14.8,92.3,11.7
2026-08-16T23:49:35,0,15.7,81.5,10.9,14.8,94.2,11.9
2026-08-17T01:49:00,0,15.2,82.8,10.7,14.6,95.2,11.9
2026-08-17T03:48:33,0,14.6,84.8,10.6,14.4,94.5,11.7
2026-08-17T05:48:10,0,15,89.5,11.5,16.2,88.7,12.2
2026-08-17T07:47:31,0,16.6,86,12.1,20.6,71.4,12.8
2026-08-17T09:47:38,0,19.1,75.2,12.3,20.8,67.4,12.2
2026-08-17T11:48:20,0,20.8,68.5,12.4,21.3,64.5,12
2026-08-17T13:48:58,0,21.8,60.1,11.5,20.6,63.2,11.3
2026-08-17T15:49:12,0,21.2,62,11.5,19.3,71.5,11.9
2026-08-17T17:48:41,0,19.6,63.5,10.7,17.5,71.2,10.6
2026-08-17T19:49:37,0,16.9,64.3,9.2,14.4,79.1,9.8
2026-08-17T21:49:11,0,14.5,67.9,8.4,12.5,84.4,9.3
2026-08-17T23:48:59,0,12.7,72.1,8,11.1,88.5,8.9
2026-08-18T01:48:24,0,11.1,75,7.6,9.6,92.1,8.4
2026-08-18T03:47:46,0,9.9,78,7.3,9.9,92.8,8.7
2026-08-18T05:47:08,0,10.2,83.9,8,16.6,80.5,11.4
2026-08-18T07:46:30,0,13.7,83,9.8,23.7,58.8,12.6
2026-08-18T09:45:31,0,19.2,72.5,12,23.1,52.3,10.8
2026-08-18T11:44:56,0,21.1,59.8,11,20.5,55.6,9.9
2026-08-18T13:44:38,0,22.1,53.5,10.4,20.4,55.8,9.9
2026-08-18T15:44:09,0,21,51.8,9.5,17.9,61.4,9.4
2026-08-18T17:43:41,0,19,59.6,9.7,15.8,71.7,9.6
2026-08-18T19:44:18,0,15.8,60.8,8.2,12,81.7,8.7
2026-08-18T21:44:53,0,13.1,65.6,7.5,11.3,84.8,8.6
2026-08-18T23:44:37,0,11.2,69.5,7,10.5,88.5,8.6
2026-08-19T01:44:27,0,10,72.1,6.8,10.4,90.5,8.7
2026-08-19T03:45:06,0,9.3,74.3,6.7,9.8,92.4,8.6
2026-08-19T05:44:42,0,9.5,79.5,7.2,12.7,87.4,9.7
2026-08-19T07:44:30,0,12.9,83.7,9.4,21.3,61.6,11.5
2026-08-19T09:44:28,0,18.1,73,11.3,22,52.1,10.1
2026-08-19T11:45:30,0,21.4,55.2,10.3,20.1,53.1,9.2
2026-08-19T13:44:37,0,22.6,48.1,9.7,20.4,48,8.5
2026-08-19T15:44:24,0,22.4,43.7,8.7,19.1,51.1,8.4
2026-08-19T17:44:40,0,19.9,47.4,8.1,16.8,57.7,8.2
2026-08-19T19:44:08,0,16.5,50.9,7.1,12.8,70.3,7.9
2026-08-19T21:44:00,0,13.2,55,6.3,10.2,78.5,7.5
2026-08-19T23:44:35,480,10.4,58.5,5.6,8.5,84.8,7.2
2026-08-20T01:44:35,0,7.5,61.1,4.9,7.3,87.6,6.9
2026-08-20T03:44:26,0,5.4,66.2,4.6,8.3,88.8,7.5
2026-08-20T05:45:13,0,6.7,72.2,5.5,13.6,81.6,9.6
2026-08-20T07:45:32,0,12.4,83.3,9.1,18.5,70.3,11.1
2026-08-20T09:44:47,0,17.2,79.8,11.7,18,66.3,10.2
2026-08-20T11:44:22,0,18.2,70.6,11,14.9,92.2,11.7
2026-08-20T13:43:37,0,17.7,72.2,10.9,14.9,95.1,12.1
2026-08-20T15:43:44,0,17.6,75.9,11.4,15.2,96.3,12.5
2026-08-20T17:44:20,0,16.9,77.4,11.1,15,96.3,12.3
2026-08-20T19:44:10,0,15.9,78.6,10.6,13.8,99.1,11.8
2026-08-20T21:44:25,0,15.3,81.4,10.6,13.6,97.7,11.5
2026-08-20T23:44:30,0,14.9,81.7,10.4,12.4,98.3,10.7
2026-08-21T01:44:49,0,14,78.8,9.5,11.6,97.2,10.1
2026-08-21T03:45:05,0,12.9,78.4,8.8,10.6,97.3,9.5
2026-08-21T05:45:27,0,12.3,83,9,14.3,92.5,11.4
2026-08-21T07:45:08,0,14.6,84.7,10.6,23.6,62.5,13.3
2026-08-21T09:44:26,0,19.1,74.3,12.2,22.6,48.5,9.7
2026-08-21T11:44:37,0,21.9,61.9,11.9,21,57.6,10.6
2026-08-21T13:45:18,0,21.4,58.2,10.9,18.2,73,11.3
2026-08-21T15:45:38,0,20.9,63.9,11.6,18.5,76.1,12
2026-08-21T17:46:04,0,19,65,10.6,16.2,80.4,11.1
2026-08-21T19:46:09,0,17,68.8,10,14.8,88.2,11.2
2026-08-21T21:46:31,0,15.5,71.5,9.4,13.9,90.5,10.8
2026-08-21T23:46:51,0,14,73.3,8.8,13,91.5,10.4
2026-08-22T01:47:41,0,13.3,76.6,8.8,13,93.7,10.6
2026-08-22T03:47:39,45,12.3,77.4,8.4,12.1,95,10.2
2026-08-22T05:47:13,0,12.7,81.3,9,14.3,94,11.5
2026-08-22T07:47:01,0,15.9,84.9,11.5,20,77.6,13.4
2026-08-22T09:46:23,0,19.5,78.9,13.2,18.2,79.3,12.3
2026-08-22T11:46:14,0,20.1,71,12.3,18,78.8,12.1
2026-08-22T13:45:35,0,19.5,68.3,11.5,16.8,81.3,11.6
2026-08-22T15:45:28,0,17.9,71.1,10.9,15.6,89.2,11.9
2026-08-22T17:45:08,0,16.6,75.9,10.7,15,95.2,12.2
2026-08-22T19:44:05,0,15.5,78.8,10.4,14.1,94.3,11.4
2026-08-22T21:44:18,0,14.9,84.5,10.8,14.1,100,12.1
2026-08-22T23:44:08,0,14.7,88.8,11.2,13.9,100,12
2026-08-23T01:43:34,0,14.7,90.3,11.4,13.8,100,11.9
2026-08-23T03:43:36,0,14.6,90.8,11.4,13.5,100,11.7
2026-08-23T05:43:54,0,14.7,91.1,11.5,13.6,100,11.8
2026-08-23T07:43:45,0,14.9,91.4,11.6,13.8,100,11.9
2026-08-23T09:42:56,0,15.5,90.7,12,14,100,12.1
2026-08-23T11:43:25,0,15.9,88,11.9,14.3,100,12.3
2026-08-23T13:43:35,0,16,83.4,11.4,13.9,100,12
2026-08-23T15:43:51,0,15.5,81.5,10.8,14.3,95.6,11.7
2026-08-23T17:43:25,0,14.8,80.4,10.2,14.4,91.7,11.3
2026-08-23T19:44:08,0,14.1,82.1,10,13.9,93.8,11.2
2026-08-23T21:44:56,0,13.5,84.5,9.9,13.5,94.9,11.1
2026-08-23T23:44:12,0,13,86,9.7,12.7,97.3,10.8
2026-08-24T01:43:45,0,12.5,86.7,9.5,11.9,100,10.6
2026-08-24T03:43:21,0,12,89.1,9.5,11.7,100,10.5
2026-08-24T05:42:42,720,11.8,91.6,9.6,14.2,92.6,11.3
2026-08-24T07:43:16,135,13,94.9,10.8,15.8,87.1,11.7
2026-08-24T09:43:04,0,14.9,91.6,11.7,16.8,80,11.4
2026-08-24T11:42:37,0,16.7,81.4,11.6,17.7,73.6,11.1
2026-08-24T13:42:16,0,18.5,77.5,12.3,15.9,85.5,11.6
2026-08-24T15:42:24,0,18.9,77.1,12.5,15.5,89.6,11.8
2026-08-24T17:42:58,0,18.2,72,11.2,14.1,92.2,11.2
2026-08-24T19:42:27,0,16.5,69.7,9.8,12.6,94,10.4
2026-08-24T21:42:20,0,14.6,71.5,8.9,11.6,95.5,9.9
2026-08-24T23:43:00,990,12.9,74.9,8.4,10.6,96.6,9.4
2026-08-25T01:42:14,945,11.6,77.8,8.1,9.7,97.7,9
2026-08-25T03:42:33,0,10.6,81.1,7.9,9.6,98.5,9
2026-08-25T05:41:49,0,10.6,87.6,8.5,13,91.2,10.3
2026-08-25T07:41:03,0,12.1,89.5,9.6,18.4,66.8,10.5
2026-08-25T09:41:48,0,15.2,82.7,10.7,18.2,60.3,9.4
2026-08-25T11:41:13,0,17.8,64.8,9.8,17.7,58.3,8.8
2026-08-25T13:40:42,0,19.1,57.5,9.4,18.2,55.9,8.7
2026-08-25T15:40:49,0,19.1,58.3,9.6,18.5,55.4,8.8
2026-08-25T17:40:09,0,17.8,62.9,9.5,15.7,70.4,9.4
2026-08-25T19:40:07,0,15.4,63.4,8.3,12.1,82.3,8.8
2026-08-25T21:40:53,0,13.1,66.3,7.6,11.2,85.8,8.7
2026-08-25T23:41:43,0,11.5,69,7.1,10.3,89.3,8.5
2026-08-26T01:41:29,0,10.1,71.2,6.7,10.6,92.7,9
2026-08-26T03:42:06,0,9.5,74.8,6.8,11.1,94.4,9.5
2026-08-26T07:42:52,0,13.1,82.5,9.4,24.7,62.8,14.2
2026-08-26T09:43:23,0,18.4,78,12.3,23.9,59.4,12.9
2026-08-26T11:42:30,0,21,70.4,12.9,21.7,63.3,12.1
2026-08-26T13:43:00,0,21.5,64.1,12.1,20.2,66.4,11.6
2026-08-26T15:43:06,0,21.3,62.8,11.7,19.6,70,11.8
2026-08-26T17:42:47,0,20,68.2,11.8,17,79.2,11.5
2026-08-26T19:42:20,0,17.5,66.5,9.9,13.8,86,10.2
2026-08-26T21:41:54,0,14.9,67.7,8.6,12,89.2,9.5
2026-08-26T23:41:08,0,12.6,69.8,7.7,10.7,91.5,9
2026-08-27T01:41:02,0,10.6,72.7,7.1,9.3,94.4,8.5
2026-08-27T03:40:19,0,9,75.4,6.6,8.7,94.9,8.2
2026-08-27T05:40:00,0,8.2,77.4,6.5,16.4,80.6,11.2
2026-08-27T07:40:26,0,11.2,82.1,8.3,25.3,52.3,12.2
2026-08-27T09:40:37,0,17.7,76,11.5,26,48.2,11.7
2026-08-27T11:39:54,0,21.4,62.6,11.7,22.2,45.7,9
2026-08-27T13:39:11,0,22.7,53.3,10.8,21,49.8,9.1
2026-08-27T15:38:50,0,22,52.8,10.2,20.4,55.4,9.8
2026-08-27T17:38:17,0,20.3,56.1,9.9,18.7,66,10.6
2026-08-27T19:37:59,0,17.8,59.7,9.1,15.1,78,10.1
2026-08-27T21:37:19,0,15.1,63.4,8.2,13,84.2,9.5
2026-08-27T23:37:15,0,13,67,7.6,11.7,87.3,9.1
2026-08-28T01:36:53,0,11,69.7,7,10.5,88.6,8.6
2026-08-28T03:36:40,0,9.3,72.5,6.5,9.9,90.7,8.5
2026-08-28T05:37:03,0,8.9,76.4,6.7,14.7,79.9,10.1
2026-08-28T07:36:30,0,11.9,81.6,8.6,18.1,76.6,11.8
2026-08-28T09:35:34,0,16.7,83.7,11.9,21.5,67,12.6
2026-08-28T11:35:08,0,20.6,72.8,13,20.6,65.4,11.7
2026-08-28T13:34:32,0,21.8,63.5,12.2,20.5,62.6,11.1
2026-08-28T15:35:06,0,21.1,61.5,11.3,18.7,70.7,11.3
2026-08-28T17:34:46,0,19.4,64.5,10.8,17.5,77.7,11.6
2026-08-28T19:34:36,0,17.6,69.2,10.4,16.3,84.9,11.8
2026-08-28T21:34:27,0,16.1,72.7,10,15.7,87.4,11.7
2026-08-28T23:33:33,0,15.1,76,9.8,15.4,89.6,11.8
2026-08-29T01:34:07,0,14.2,78.6,9.6,14.7,92.2,11.6
2026-08-29T03:33:51,0,13.5,80.9,9.5,14.1,94.2,11.4
2026-08-29T05:34:10,0,13.3,84.9,9.8,15.7,90.9,12.2
2026-08-29T07:34:10,0,15,90.8,11.6,18.8,69.7,11.2
2026-08-29T09:34:34,0,17,81.4,11.8,19.5,67.4,11.3
2026-08-29T11:34:08,0,18.4,75.1,11.8,18.9,72.9,11.8
2026-08-29T13:34:53,0,18.8,72.6,11.7,19.1,69.5,11.4
2026-08-29T15:35:04,0,18.7,72.5,11.6,18.5,75.6,12
2026-08-29T17:34:46,0,17.5,73.4,10.9,18.1,72.7,11.2
2026-08-29T19:35:21,0,16.3,75.8,10.5,17.6,75.5,11.3
2026-08-29T21:35:51,0,15.6,80,10.6,17.2,78.7,11.5
2026-08-29T23:36:16,0,15.2,82.9,10.8,16.3,87.1,12.1
2026-08-30T01:35:35,0,15.1,86.3,11.1,15.2,93.6,12.1
2026-08-30T03:36:16,0,15.3,87.6,11.4,15.4,98.7,13
2026-08-30T05:36:40,0,15.6,88.8,11.8,15.7,97.7,13.1
2026-08-30T07:36:46,0,16.1,89.6,12.3,16.2,97.3,13.4
2026-08-30T09:36:26,0,17.2,90.2,13.2,16.7,96.1,13.7
2026-08-30T11:36:52,0,18.8,91,14.7,19.2,84.5,13.9
2026-08-30T13:37:05,0,20.3,81.3,14.3,18.8,84.4,13.6
2026-08-30T15:36:24,0,20.5,78.7,14,18.8,81.2,13.1
2026-08-30T17:37:07,0,19.2,75.3,12.4,16.6,89.1,12.6
2026-08-30T19:37:34,0,17.2,77.1,11.3,15.7,92.9,12.4
2026-08-30T21:37:32,0,16.1,80.8,11.1,15.6,94.7,12.6
2026-08-30T23:37:20,0,15.7,86,11.5,16,97.5,13.3
2026-08-31T01:37:25,0,15.7,88.2,11.8,16.1,98.7,13.5
2026-08-31T03:37:54,0,15.9,89.6,12.1,16.1,98.9,13.6
2026-08-31T05:38:42,0,16.1,91.1,12.5,16.1,100,13.7
2026-08-31T07:38:11,0,16.3,91.5,12.7,16.2,100,13.8
2026-08-31T09:38:00,0,16.7,92.9,13.2,16.6,100,14.1
2026-08-31T11:37:27,0,17.7,96.4,14.5,18.2,100,15.5
2026-08-31T13:36:54,0,19.1,93.8,15.4,18.2,99,15.4
2026-08-31T15:36:32,0,19.1,87.7,14.4,17.5,98.4,14.7
2026-08-31T17:36:26,0,18.5,84.8,13.4,16.5,99.2,13.9
2026-08-31T19:35:38,0,17.5,85.3,12.7,15.9,99.4,13.5
2026-08-31T21:35:04,0,16.8,85.8,12.3,15.3,98.8,12.9
2026-08-31T23:34:16,0,16.1,86.5,11.9,14.8,99.1,12.5
2026-09-01T01:34:05,0,15.3,86.2,11.3,13.7,100,11.8
2026-09-01T03:34:10,0,14.5,88,10.9,14.2,100,12.2
2026-09-01T05:33:21,0,14.4,92.1,11.4,15.2,100,13
2026-09-01T07:33:12,0,15.5,96,12.7,17.6,92.9,13.9
2026-09-01T09:33:36,0,17.4,95.4,14.1,18.8,82.7,13.3
2026-09-01T11:34:00,0,18.6,83.7,13.3,19,81.7,13.3
2026-09-01T13:34:46,0,19.6,82.5,13.9,19.4,82.2,13.7
2026-09-01T15:33:53,0,20.4,77.5,13.7,19,81.7,13.3
2026-09-01T17:33:21,0,19.4,77.2,12.9,17.3,89.3,13.2
2026-09-01T19:34:00,0,17.5,75.4,11.2,14.7,95.4,12
2026-09-01T21:33:18,0,15.5,77.1,10.2,13.4,98.3,11.4
2026-09-01T23:33:51,0,13.7,79.6,9.4,12.2,98.7,10.6
2026-09-02T01:33:33,0,12.2,81.3,8.8,11.3,100,10.2
2026-09-02T03:34:31,0,11.5,84.8,8.8,11.3,100,10.2
2026-09-02T05:34:22,0,11.7,89.7,9.4,11.6,99.7,10.4
2026-09-02T07:33:45,0,12.9,89.4,10.1,14.1,88.6,10.7
2026-09-02T09:33:11,0,15.7,85.8,11.5,19.4,75.1,12.5
2026-09-02T11:33:17,0,19.3,72,11.9,18.4,71.3,11.2
2026-09-02T13:33:58,0,21.4,61.7,11.6,18.9,69.1,11.2
2026-09-02T15:33:18,0,21.2,62.1,11.5,19.1,69.5,11.4
2026-09-02T17:32:42,0,19.3,65.1,10.8,16.8,79.6,11.4
2026-09-02T19:32:35,0,16.8,70.5,10.1,14.7,91.3,11.5
2026-09-02T21:32:05,0,15,74.7,9.6,13.3,91.9,10.6
2026-09-02T23:32:40,0,13.4,74.4,8.6,11.6,95.7,9.9
2026-09-03T01:32:41,0,11.7,76.4,8,12.3,97.6,10.6
2026-09-03T03:32:36,0,10.9,80.7,8,14,97.2,11.7
2026-09-03T05:33:16,0,11.6,84.9,8.8,13.6,93.8,11
2026-09-03T07:33:05,0,12.7,87.8,9.8,19.3,67.4,11.2
2026-09-03T09:33:41,0,15.2,82.8,10.7,19.3,64.1,10.6
2026-09-03T11:33:46,0,17.3,65.5,9.6,18.3,57.7,9
2026-09-03T13:34:06,0,18.5,61.3,9.7,17.4,59.2,8.8
2026-09-03T15:34:49,0,18.3,61.6,9.6,16.3,66.6,9.2
2026-09-03T17:34:13,0,16.4,61.2,8.5,13.9,73.7,8.8
2026-09-03T19:33:50,0,13.9,61.7,7.4,11.1,79.6,8
2026-09-03T21:33:19,0,11.5,64,6.6,8.6,86.9,7.5
2026-09-03T23:33:16,0,9,67.3,5.9,7.4,90.4,7.2
2026-09-04T01:33:21,0,6.8,70.9,5.4,6.9,93.6,7.2
2026-09-04T03:33:46,0,5.3,74.6,5.2,7.3,94.6,7.5
2026-09-04T05:34:28,0,4.7,78.6,5.2,9.5,94.6,8.6
2026-09-04T07:35:15,0,6.3,83.7,6.2,17.6,78.1,11.7
2026-09-04T09:35:38,0,11.3,84.9,8.7,19,61.9,10.1
2026-09-04T11:34:53,0,17.5,75.3,11.2,18.1,59.4,9.2
2026-09-04T13:35:32,0,19.1,60.7,9.9,16.1,66.1,9.1
2026-09-04T15:34:57,0,19.1,62.8,10.3,15.2,77.2,10
2026-09-04T17:34:39,0,17.3,62.8,9.2,13.7,81.9,9.7
2026-09-04T19:35:25,0,14.7,63.8,8,11.1,87.6,8.8
2026-09-04T21:34:49,0,12.4,67.1,7.3,9.9,90.3,8.4
2026-09-04T23:34:18,0,10.5,69.9,6.8,8.6,92.7,8
2026-09-05T01:35:04,0,8.5,72.1,6.2,6.9,94.3,7.3
2026-09-05T03:34:16,0,6.8,74.6,5.7,5.6,96,6.8
2026-09-05T05:33:40,0,5.7,77,5.5,8.8,91.2,7.9
2026-09-05T07:33:12,0,7.4,82.7,6.6,16.3,76.7,10.6
2026-09-05T09:33:16,0,12.1,80.6,8.6,18.3,70.4,11
2026-09-05T11:33:10,0,17.1,75.8,11,15.5,78.7,10.4
2026-09-05T13:33:00,0,18.2,70.4,10.9,16.4,70.7,9.9
2026-09-05T15:33:41,0,18.3,61.8,9.7,15.8,70.3,9.5
2026-09-05T17:33:04,0,16.9,63.4,9.1,14.1,77.5,9.4
2026-09-05T19:32:55,0,15,64.8,8.3,12.2,84.6,9.1
2026-09-05T21:32:30,0,12.9,68.1,7.7,10.3,89.7,8.6
2026-09-05T23:31:51,0,11.1,71.6,7.2,8.8,92.6,8.1
2026-09-06T01:31:47,0,9.7,75,6.9,8.5,93.6,8
2026-09-06T03:32:36,0,9.2,78.7,7,8.5,95.5,8.2
2026-09-06T05:32:13,0,9.3,81.8,7.3,9.5,89.5,8.1
2026-09-06T07:32:33,0,10.5,80.9,7.8,14.7,63.6,8
2026-09-06T09:32:45,0,12.8,70.6,7.9,15.7,54.6,7.3
2026-09-06T11:32:36,0,15.2,58.9,7.6,14.8,53.2,6.7
2026-09-06T13:32:22,0,16.6,52.5,7.4,14.7,54,6.8
2026-09-06T15:31:52,0,16,51.8,7.1,14.5,52.1,6.5
2026-09-06T17:32:21,0,14,52.5,6.3,11.9,59.8,6.3
2026-09-06T19:32:34,0,11.3,54.2,5.5,8.3,72.9,6.1
2026-09-06T21:33:08,0,8.7,59.6,5.2,7.2,79.7,6.3
2026-09-06T23:33:55,0,6.6,62.8,4.7,5.2,82.5,5.7
2026-09-07T01:33:40,0,5.3,67.1,4.7,4.5,85,5.6
2026-09-07T03:33:22,0,4.3,69.1,4.5,3.5,88.3,5.4
2026-09-07T05:33:31,0,3.6,69.5,4.3,8.2,80.1,6.7
2026-09-07T07:33:31,0,5.3,74.3,5.2,15.4,57.5,7.6
2026-09-07T09:32:59,0,10.2,72.2,6.9,15.8,56.1,7.5
2026-09-07T11:32:38,0,15.2,67.8,8.8,15.1,55.5,7.2
2026-09-07T13:31:53,0,18,60.7,9.3,15.4,68.8,9
2026-09-07T15:31:08,0,18.1,62.3,9.6,15.6,76.3,10.1
2026-09-07T17:30:31,0,16.8,66.1,9.4,15.1,85.8,11.1
2026-09-07T19:30:48,0,15.4,71.1,9.3,14.3,91.4,11.2
2026-09-07T21:30:41,0,14.8,75.9,9.6,14.1,92.9,11.3
2026-09-07T23:31:24,0,14.5,79.8,9.9,14.3,95.6,11.7
2026-09-08T01:30:51,0,14.2,83,10.1,14.5,96.4,12
2026-09-08T03:30:33,0,14.3,84.3,10.4,14.7,96,12.1
2026-09-08T05:30:17,0,14.4,85.9,10.6,14.6,99.7,12.5
2026-09-08T07:30:30,0,14.9,87.3,11.1,14.6,100,12.5
2026-09-08T09:30:04,0,15.4,88.8,11.7,14.9,99.7,12.7
2026-09-08T11:29:45,0,15.9,89.5,12.1,15.2,97.8,12.7
2026-09-08T13:30:31,0,16.5,87.3,12.3,15.8,90.8,12.2
2026-09-08T15:30:44,0,16.4,84.4,11.8,15.6,91.3,12.1
2026-09-08T17:30:50,0,15.8,84.7,11.4,15.4,91.6,12
2026-09-08T19:31:28,0,15.3,87.1,11.4,14.8,98.4,12.5
2026-09-08T21:31:01,0,15.2,91.3,11.8,15.5,99.4,13.1
2026-09-08T23:31:30,0,15.2,91.6,11.9,14.9,99.3,12.7
2026-09-09T01:30:50,0,14.9,90.6,11.5,14.9,99.8,12.7
2026-09-09T03:30:02,0,14.8,92,11.6,15.1,100,12.9
2026-09-09T05:29:57,0,15,93.2,11.9,15.6,100,13.3
2026-09-09T07:30:02,0,15.7,95.2,12.7,16.6,95.7,13.5
2026-09-09T09:30:20,0,16.8,95.5,13.6,17.5,89.3,13.3
2026-09-09T11:30:05,0,17.6,88.5,13.3,15.9,93.4,12.6
2026-09-09T13:30:21,0,17.5,86.3,12.9,15.5,97.6,12.9
2026-09-09T15:31:10,0,17.2,85.5,12.5,15.2,99,12.8
2026-09-09T17:31:25,0,16.7,85.5,12.1,14.8,99.6,12.6
2026-09-09T19:31:36,0,16.1,86.4,11.8,14.6,100,12.5
2026-09-09T21:32:18,0,15.6,87.6,11.6,14.1,100,12.1
2026-09-09T23:31:43,0,15.1,87.6,11.3,13.5,100,11.7
2026-09-10T01:32:14,0,14.5,88.5,11,13.5,100,11.7
2026-09-10T03:32:05,0,14.2,88.8,10.8,12.9,100,11.3
2026-09-10T05:32:27,0,13.7,91,10.8,13.7,100,11.8
2026-09-10T07:32:27,0,14.1,93.2,11.3,15.5,90.5,12
2026-09-10T09:31:46,0,16,92.9,12.7,17.9,85.1,13
2026-09-10T11:31:59,0,18.7,83.7,13.4,17.6,77.8,11.7
2026-09-10T13:31:25,0,20,71.9,12.4,17.7,78.8,11.9
2026-09-10T15:31:44,1110,19.6,69,11.6,16.3,83.4,11.6
2026-09-10T17:31:37,0,18.1,69.9,10.8,14.3,91,11.2
2026-09-10T19:31:30,0,15.6,71.6,9.5,12.3,95,10.3
2026-09-10T21:30:41,0,14.2,75.9,9.3,11.9,96.8,10.2
2026-09-10T23:30:56,0,13.3,79,9.1,10.8,97.6,9.6
2026-09-11T01:31:14,0,12.2,79.3,8.6,9.6,97.4,8.9
2026-09-11T03:31:32,0,11,78.8,7.9,8.2,98.9,8.3
2026-09-11T05:32:13,0,9.9,81.1,7.6,9.4,95.4,8.6
